0.0397342 -0.102506  0.733938
0.0397345 -0.102506  0.733938
0.0397347 -0.102506  0.733938
0.0397349 -0.102506  0.733938
0.0397354 -0.102506  0.733937
0.0397362 -0.102506  0.733934
0.0397373 -0.102506   0.73393
0.0397387 -0.102506  0.733924
0.0397403 -0.102506  0.733918
0.0397422 -0.102506   0.73391
0.0397443 -0.102506  0.733902
0.0397466 -0.102506  0.733893
0.0397491 -0.102506  0.733884
0.0397519 -0.102506  0.733874
0.0397547 -0.102506  0.733864
0.0397578 -0.102506  0.733855
 0.039761 -0.102506  0.733845
0.0397643 -0.102506  0.733835
0.0397677 -0.102506  0.733826
0.0397713 -0.102506  0.733816
0.0397749 -0.102506  0.733807
0.0397786 -0.102506  0.733798
0.0397824 -0.102506  0.733788
0.0397863 -0.102506  0.733779
0.0397902 -0.102506   0.73377
0.0397941 -0.102506   0.73376
0.0397981 -0.102506  0.733751
0.0398021 -0.102506  0.733742
0.0398062 -0.102506  0.733733
0.0398102 -0.102506  0.733724
0.0398143 -0.102506  0.733716
0.0398184 -0.102507  0.733707
0.0398225 -0.102507  0.733699
0.0398267 -0.102507   0.73369
0.0398308 -0.102507  0.733682
0.0398349 -0.102507  0.733674
0.0398391 -0.102507  0.733665
0.0398432 -0.102507  0.733657
0.0398473 -0.102507   0.73365
0.0398515 -0.102507  0.733642
0.0398556 -0.102507  0.733634
0.0398597 -0.102507  0.733627
0.0398638 -0.102507  0.733619
0.0398679 -0.102507  0.733612
0.0398719 -0.102507  0.733605
 0.039876 -0.102507  0.733597
  0.03988 -0.102507   0.73359
 0.039884 -0.102507  0.733583
 0.039888 -0.102507  0.733576
 0.039892 -0.102507   0.73357
0.0398959 -0.102507  0.733563
0.0398999 -0.102507  0.733556
0.0399038 -0.102507   0.73355
0.0399076 -0.102507  0.733544
0.0399115 -0.102507  0.733537
0.0399154 -0.102507  0.733531
0.0399192 -0.102507  0.733525
 0.039923 -0.102507  0.733519
0.0399268 -0.102507  0.733513
0.0399305 -0.102507  0.733508
0.0399342 -0.102507  0.733502
 0.039938 -0.102507  0.733496
0.0399417 -0.102507  0.733491
0.0399453 -0.102507  0.733486
 0.039949 -0.102507   0.73348
0.0399526 -0.102507  0.733475
0.0399563 -0.102507   0.73347
0.0399599 -0.102507  0.733465
0.0399634 -0.102507   0.73346
 0.039967 -0.102507  0.733455
0.0399706 -0.102507  0.733451
0.0399741 -0.102507  0.733446
0.0399777 -0.102507  0.733442
0.0399812 -0.102507  0.733437
0.0399847 -0.102507  0.733433
0.0399882 -0.102507  0.733428
0.0399917 -0.102507  0.733424
0.0399951 -0.102507   0.73342
0.0399986 -0.102507  0.733416
 0.040002 -0.102507  0.733412
0.0400055 -0.102507  0.733408
0.0400089 -0.102507  0.733405
0.0400123 -0.102507  0.733401
0.0400157 -0.102507  0.733397
0.0400192 -0.102507  0.733394
0.0400226 -0.102507   0.73339
0.0400259 -0.102507  0.733387
0.0400294 -0.102507  0.733383
0.0400327 -0.102507   0.73338
0.0400361 -0.102507  0.733377
0.0400395 -0.102507  0.733374
0.0400429 -0.102507  0.733371
0.0400462 -0.102507  0.733368
0.0400496 -0.102507  0.733365
 0.040053 -0.102507  0.733362
0.0400563 -0.102507  0.733359
0.0400597 -0.102507  0.733356
0.0400631 -0.102507  0.733353
0.0400665 -0.102508  0.733351
0.0400698 -0.102508  0.733348
0.0400732 -0.102508  0.733346
0.0400766 -0.102508  0.733343
0.0400799 -0.102508  0.733341
0.0400833 -0.102508  0.733338
0.0400867 -0.102508  0.733336
0.0400901 -0.102508  0.733334
0.0400934 -0.102508  0.733331
0.0400968 -0.102508  0.733329
0.0401002 -0.102508  0.733327
0.0401036 -0.102508  0.733325
 0.040107 -0.102508  0.733323
0.0401104 -0.102508  0.733321
0.0401138 -0.102508  0.733319
0.0401172 -0.102508  0.733317
0.0401206 -0.102508  0.733315
 0.040124 -0.102508  0.733313
0.0401274 -0.102508  0.733311
0.0401309 -0.102508   0.73331
0.0401343 -0.102508  0.733308
0.0401377 -0.102508  0.733306
0.0401412 -0.102508  0.733304
0.0401446 -0.102508  0.733303
0.0401481 -0.102508  0.733301
0.0401516 -0.102508    0.7333
 0.040155 -0.102508  0.733298
0.0401585 -0.102508  0.733297
 0.040162 -0.102508  0.733295
0.0401655 -0.102508  0.733294
 0.040169 -0.102508  0.733292
0.0401725 -0.102508  0.733291
 0.040176 -0.102508   0.73329
0.0401795 -0.102508  0.733289
 0.040183 -0.102508  0.733287
0.0401866 -0.102508  0.733286
0.0401901 -0.102508  0.733285
0.0401937 -0.102508  0.733284
0.0401972 -0.102508  0.733282
0.0402008 -0.102508  0.733281
0.0402043 -0.102508   0.73328
0.0402079 -0.102508  0.733279
0.0402115 -0.102508  0.733278
0.0402151 -0.102508  0.733277
0.0402187 -0.102508  0.733276
0.0402223 -0.102508  0.733275
 0.040226 -0.102508  0.733274
0.0402296 -0.102508  0.733273
0.0402332 -0.102508  0.733272
0.0402369 -0.102509  0.733271
0.0402405 -0.102509   0.73327
0.0402442 -0.102509  0.733269
0.0402478 -0.102509  0.733269
0.0402515 -0.102509  0.733268
0.0402552 -0.102509  0.733267
0.0402589 -0.102509  0.733266
0.0402626 -0.102509  0.733265
0.0402663 -0.102509  0.733265
  0.04027 -0.102509  0.733264
0.0402737 -0.102509  0.733263
0.0402774 -0.102509  0.733262
0.0402811 -0.102509  0.733262
0.0402849 -0.102509  0.733261
0.0402886 -0.102509   0.73326
0.0402924 -0.102509   0.73326
0.0402961 -0.102509  0.733259
0.0402999 -0.102509  0.733258
0.0403037 -0.102509  0.733258
0.0403075 -0.102509  0.733257
0.0403113 -0.102509  0.733257
0.0403151 -0.102509  0.733256
0.0403189 -0.102509  0.733255
0.0403227 -0.102509  0.733255
0.0403265 -0.102509  0.733254
0.0403303 -0.102509  0.733254
0.0403342 -0.102509  0.733253
 0.040338 -0.102509  0.733253
0.0403419 -0.102509  0.733252
0.0403457 -0.102509  0.733252
0.0403496 -0.102509  0.733251
0.0403534 -0.102509  0.733251
0.0403573 -0.102509   0.73325
0.0403612 -0.102509   0.73325
 0.040365 -0.102509  0.733249
0.0403689 -0.102509  0.733249
0.0403728 -0.102509  0.733248
0.0403767 -0.102509  0.733248
0.0403806 -0.102509  0.733248
0.0403845 -0.102509  0.733247
0.0403885 -0.102509  0.733247
0.0403924 -0.102509  0.733246
0.0403963 -0.102509  0.733246
0.0404002 -0.102509  0.733246
0.0404042 -0.102509  0.733245
0.0404081 -0.102509  0.733245
 0.040412 -0.102509  0.733244
 0.040416 -0.102509  0.733244
  0.04042 -0.102509  0.733244
0.0404239 -0.102509  0.733243
0.0404279 -0.102509  0.733243
0.0404318  -0.10251  0.733243
0.0404358  -0.10251  0.733242
0.0404398  -0.10251  0.733242
0.0404438  -0.10251  0.733242
0.0404477  -0.10251  0.733241
0.0404517  -0.10251  0.733241
0.0404557  -0.10251  0.733241
0.0404597  -0.10251  0.733241
0.0404637  -0.10251   0.73324
0.0404677  -0.10251   0.73324
0.0404717  -0.10251   0.73324
0.0404757  -0.10251  0.733239
0.0404797  -0.10251  0.733239
0.0404837  -0.10251  0.733239
0.0404878  -0.10251  0.733239
0.0404918  -0.10251  0.733238
0.0404958  -0.10251  0.733238
0.0404998  -0.10251  0.733238
0.0405039  -0.10251  0.733237
0.0405079  -0.10251  0.733237
0.0405119  -0.10251  0.733237
0.0405159  -0.10251  0.733237
 0.04052 -0.10251 0.733236
0.040524 -0.10251 0.733236
0.0405281  -0.10251  0.733236
0.0405321  -0.10251  0.733236
0.0405362  -0.10251  0.733236
0.0405402  -0.10251  0.733235
0.0405443  -0.10251  0.733235
0.0405483  -0.10251  0.733235
0.0405524  -0.10251  0.733235
0.0405564  -0.10251  0.733234
0.0405605  -0.10251  0.733234
0.0405645  -0.10251  0.733234
0.0405686  -0.10251  0.733234
0.0405727  -0.10251  0.733234
0.0405767  -0.10251  0.733233
0.0405808  -0.10251  0.733233
0.0405849  -0.10251  0.733233
0.0405889  -0.10251  0.733233
0.040593 -0.10251 0.733232
0.0405971  -0.10251  0.733232
0.0406011  -0.10251  0.733232
0.0406052  -0.10251  0.733232
0.0406093  -0.10251  0.733232
0.0406134  -0.10251  0.733231
0.0406174  -0.10251  0.733231
0.0406215  -0.10251  0.733231
0.0406256  -0.10251  0.733231
0.0406297  -0.10251  0.733231
0.0406338  -0.10251   0.73323
0.0406379  -0.10251   0.73323
0.0406419  -0.10251   0.73323
0.040646 -0.10251  0.73323
0.0406501  -0.10251  0.733229
0.0406542  -0.10251  0.733229
0.0406583  -0.10251  0.733229
0.0406623  -0.10251  0.733229
0.0406664  -0.10251  0.733229
0.0406705  -0.10251  0.733228
0.0406746  -0.10251  0.733228
0.0406787  -0.10251  0.733228
0.0406828 -0.102511  0.733228
0.0406868 -0.102511  0.733228
0.0406909 -0.102511  0.733227
 0.040695 -0.102511  0.733227
0.0406991 -0.102511  0.733227
0.0407032 -0.102511  0.733227
0.0407072 -0.102511  0.733227
0.0407113 -0.102511  0.733226
0.0407154 -0.102511  0.733226
0.0407194 -0.102511  0.733226
0.0407235 -0.102511  0.733226
0.0407276 -0.102511  0.733226
0.0407316 -0.102511  0.733225
0.0407357 -0.102511  0.733225
0.0407398 -0.102511  0.733225
0.0407438 -0.102511  0.733225
0.0407479 -0.102511  0.733224
0.0407519 -0.102511  0.733224
 0.040756 -0.102511  0.733224
  0.04076 -0.102511  0.733224
 0.040764 -0.102511  0.733224
0.0407681 -0.102511  0.733223
0.0407721 -0.102511  0.733223
0.0407761 -0.102511  0.733223
0.0407801 -0.102511  0.733223
0.0407841 -0.102511  0.733223
0.0407881 -0.102511  0.733222
0.0407921 -0.102511  0.733222
0.0407961 -0.102511  0.733222
0.0408001 -0.102511  0.733222
0.0408041 -0.102511  0.733221
0.0408081 -0.102511  0.733221
 0.040812 -0.102511  0.733221
 0.040816 -0.102511  0.733221
0.0408199 -0.102511  0.733221
0.0408239 -0.102511   0.73322
0.0408278 -0.102511   0.73322
0.0408317 -0.102511   0.73322
0.0408356 -0.102511   0.73322
0.0408395 -0.102511   0.73322
0.0408434 -0.102511  0.733219
0.0408473 -0.102511  0.733219
0.0408512 -0.102511  0.733219
0.0408551 -0.102511  0.733219
0.0408589 -0.102511  0.733219
0.0408628 -0.102511  0.733218
0.0408666 -0.102511  0.733218
0.0408704 -0.102511  0.733218
0.0408742 -0.102511  0.733218
 0.040878 -0.102511  0.733217
0.0408818 -0.102511  0.733217
0.0408855 -0.102511  0.733217
0.0408893 -0.102511  0.733217
 0.040893 -0.102511  0.733217
0.0408967 -0.102511  0.733216
0.0409004 -0.102511  0.733216
0.0409041 -0.102511  0.733216
0.0409078 -0.102511  0.733216
0.0409115 -0.102511  0.733216
0.0409151 -0.102511  0.733215
0.0409188 -0.102511  0.733215
0.0409224 -0.102511  0.733215
 0.040926 -0.102511  0.733215
0.0409296 -0.102511  0.733215
0.0409332 -0.102511  0.733214
0.0409368 -0.102511  0.733214
0.0409403 -0.102511  0.733214
0.0409439 -0.102511  0.733214
0.0409474 -0.102511  0.733214
0.0409509 -0.102511  0.733213
0.0409544 -0.102511  0.733213
 0.040958 -0.102511  0.733213
0.0409615 -0.102511  0.733213
0.0409649 -0.102511  0.733213
0.0409684 -0.102511  0.733212
0.0409719 -0.102511  0.733212
0.0409753 -0.102511  0.733212
0.0409787 -0.102511  0.733212
0.0409822 -0.102511  0.733211
0.0409856 -0.102511  0.733211
 0.040989 -0.102511  0.733211
0.0409924 -0.102511  0.733211
0.0409958 -0.102511  0.733211
0.0409991 -0.102511   0.73321
0.0410025 -0.102511   0.73321
0.0410059 -0.102511   0.73321
0.0410092 -0.102511   0.73321
0.0410125 -0.102511   0.73321
0.0410159 -0.102511  0.733209
0.0410192 -0.102511  0.733209
0.0410224 -0.102511  0.733209
0.0410258 -0.102511  0.733209
 0.041029 -0.102511  0.733209
0.0410323 -0.102511  0.733208
0.0410355 -0.102511  0.733208
0.0410388 -0.102511  0.733208
 0.041042 -0.102511  0.733208
0.0410452 -0.102511  0.733207
0.0410484 -0.102511  0.733207
0.0410516 -0.102511  0.733207
0.0410548 -0.102511  0.733207
 0.041058 -0.102511  0.733207
0.0410612 -0.102511  0.733206
0.0410643 -0.102511  0.733206
0.0410675 -0.102511  0.733206
0.0410706 -0.102511  0.733206
0.0410737 -0.102511  0.733205
0.0410768 -0.102511  0.733205
0.0410799 -0.102511  0.733205
 0.041083 -0.102511  0.733205
0.0410861 -0.102511  0.733205
0.0410891 -0.102511  0.733204
0.0410922 -0.102511  0.733204
0.0410952 -0.102511  0.733204
0.0410983 -0.102511  0.733204
0.0411013 -0.102511  0.733204
0.0411043 -0.102511  0.733203
0.0411073 -0.102511  0.733203
0.0411103 -0.102511  0.733203
0.0411132 -0.102511  0.733203
0.0411162 -0.102511  0.733202
0.0411191 -0.102511  0.733202
 0.041122 -0.102511  0.733202
 0.041125 -0.102511  0.733202
0.0411279 -0.102511  0.733202
0.0411308 -0.102511  0.733201
0.0411336 -0.102511  0.733201
0.0411365 -0.102511  0.733201
0.0411394 -0.102511  0.733201
0.0411422 -0.102511    0.7332
0.0411451 -0.102511    0.7332
0.0411479 -0.102511    0.7332
0.0411507 -0.102511    0.7332
0.0411535 -0.102511    0.7332
0.0411563 -0.102511  0.733199
 0.041159 -0.102511  0.733199
0.0411618 -0.102511  0.733199
0.0411645 -0.102511  0.733199
0.0411673 -0.102511  0.733198
  0.04117 -0.102511  0.733198
0.0411727 -0.102511  0.733198
0.0411754 -0.102511  0.733198
0.0411781 -0.102511  0.733198
0.0411807 -0.102511  0.733197
0.0411834 -0.102511  0.733197
 0.041186 -0.102511  0.733197
0.0411887 -0.102511  0.733197
0.0411913 -0.102511  0.733196
0.0411939 -0.102511  0.733196
0.0411965 -0.102511  0.733196
 0.041199 -0.102511  0.733196
0.0412016 -0.102511  0.733196
0.0412041 -0.102511  0.733195
0.0412067 -0.102511  0.733195
0.0412092 -0.102511  0.733195
0.0412117 -0.102511  0.733195
0.0412142 -0.102511  0.733194
0.0412167 -0.102511  0.733194
0.0412191 -0.102511  0.733194
0.0412216 -0.102511  0.733194
 0.041224 -0.102511  0.733194
0.0412264 -0.102511  0.733193
0.0412289 -0.102511  0.733193
0.0412313 -0.102511  0.733193
0.0412336 -0.102511  0.733193
 0.041236 -0.102511  0.733192
0.0412384 -0.102511  0.733192
0.0412407 -0.102511  0.733192
 0.041243 -0.102511  0.733192
0.0412454 -0.102511  0.733191
0.0412477 -0.102511  0.733191
0.0412499 -0.102511  0.733191
0.0412522 -0.102511  0.733191
0.0412545 -0.102511  0.733191
0.0412567 -0.102511   0.73319
0.0412589 -0.102511   0.73319
0.0412611 -0.102511   0.73319
0.0412634 -0.102511   0.73319
0.0412655 -0.102511  0.733189
0.0412677 -0.102511  0.733189
0.0412699 -0.102511  0.733189
 0.041272 -0.102511  0.733189
0.0412742 -0.102511  0.733188
0.0412763 -0.102511  0.733188
0.0412784 -0.102511  0.733188
0.0412805 -0.102511  0.733188
0.0412825 -0.102511  0.733188
0.0412846 -0.102511  0.733187
0.0412866 -0.102511  0.733187
0.0412887 -0.102511  0.733187
0.0412907 -0.102511  0.733187
0.0412927 -0.102511  0.733186
0.0412947 -0.102511  0.733186
0.0412966 -0.102511  0.733186
0.0412986 -0.102511  0.733186
0.0413005 -0.102511  0.733185
0.0413025 -0.102511  0.733185
0.0413044 -0.102511  0.733185
0.0413063 -0.102511  0.733185
0.0413082 -0.102511  0.733184
0.0413101 -0.102511  0.733184
0.0413119 -0.102511  0.733184
0.0413138 -0.102511  0.733184
0.0413156 -0.102511  0.733184
0.0413174 -0.102511  0.733183
0.0413192 -0.102511  0.733183
 0.041321 -0.102511  0.733183
0.0413228 -0.102511  0.733183
0.0413245 -0.102511  0.733182
0.0413263 -0.102511  0.733182
 0.041328 -0.102511  0.733182
0.0413297 -0.102511  0.733182
0.0413314 -0.102511  0.733181
0.0413331 -0.102511  0.733181
0.0413347 -0.102511  0.733181
0.0413364 -0.102511  0.733181
 0.041338 -0.102511   0.73318
0.0413396 -0.102511   0.73318
0.0413413 -0.102511   0.73318
0.0413428 -0.102511   0.73318
0.0413444 -0.102511  0.733179
 0.041346 -0.102511  0.733179
0.0413475 -0.102511  0.733179
0.0413491 -0.102511  0.733179
0.0413506 -0.102511  0.733178
0.0413521 -0.102511  0.733178
0.0413536 -0.102511  0.733178
0.0413551 -0.102511  0.733178
0.0413565 -0.102511  0.733178
 0.041358 -0.102511  0.733177
0.0413594 -0.102511  0.733177
0.0413608 -0.102511  0.733177
0.0413622 -0.102511  0.733177
0.0413636 -0.102511  0.733177
 0.041365 -0.102511  0.733176
0.0413664 -0.102511  0.733176
0.0413677 -0.102511  0.733176
0.0413691 -0.102511  0.733176
0.0413704 -0.102511  0.733176
0.0413717  -0.10251  0.733175
0.041373 -0.10251 0.733175
0.0413743  -0.10251  0.733175
0.0413756  -0.10251  0.733175
0.0413768  -0.10251  0.733175
0.0413781  -0.10251  0.733174
0.0413793  -0.10251  0.733174
0.0413806  -0.10251  0.733174
0.0413818  -0.10251  0.733174
0.041383 -0.10251 0.733174
0.0413842  -0.10251  0.733173
0.0413853  -0.10251  0.733173
0.0413865  -0.10251  0.733173
0.0413876  -0.10251  0.733173
0.0413887  -0.10251  0.733173
0.0413899  -0.10251  0.733173
0.041391 -0.10251 0.733172
0.041392 -0.10251 0.733172
0.0413931  -0.10251  0.733172
0.0413942  -0.10251  0.733172
0.0413952  -0.10251  0.733172
0.0413962  -0.10251  0.733172
0.0413972  -0.10251  0.733171
0.0413983  -0.10251  0.733171
0.0413992  -0.10251  0.733171
0.0414002  -0.10251  0.733171
0.0414012  -0.10251  0.733171
0.0414021  -0.10251  0.733171
0.041403 -0.10251 0.733171
0.041404 -0.10251  0.73317
0.0414049  -0.10251   0.73317
0.0414058  -0.10251   0.73317
0.0414066  -0.10251   0.73317
0.0414075  -0.10251   0.73317
0.0414083  -0.10251   0.73317
0.0414092  -0.10251  0.733169
 0.04141 -0.10251 0.733169
0.0414108  -0.10251  0.733169
0.0414116  -0.10251  0.733169
0.0414123  -0.10251  0.733169
0.0414131  -0.10251  0.733169
0.0414139  -0.10251  0.733169
0.0414146  -0.10251  0.733169
0.0414153  -0.10251  0.733168
0.041416 -0.10251 0.733168
0.0414167  -0.10251  0.733168
0.0414174  -0.10251  0.733168
0.0414181  -0.10251  0.733168
0.0414187  -0.10251  0.733168
0.0414193 -0.102509  0.733168
  0.04142 -0.102509  0.733168
0.0414206 -0.102509  0.733167
0.0414212 -0.102509  0.733167
0.0414217 -0.102509  0.733167
0.0414223 -0.102509  0.733167
0.0414229 -0.102509  0.733167
0.0414234 -0.102509  0.733167
0.0414239 -0.102509  0.733167
0.0414244 -0.102509  0.733167
0.0414249 -0.102509  0.733167
0.0414254 -0.102509  0.733166
0.0414259 -0.102509  0.733166
0.0414263 -0.102509  0.733166
0.0414268 -0.102509  0.733166
0.0414272 -0.102509  0.733166
0.0414276 -0.102509  0.733166
 0.041428 -0.102509  0.733166
0.0414284 -0.102509  0.733166
0.0414288 -0.102509  0.733166
0.0414292 -0.102509  0.733166
0.0414295 -0.102509  0.733165
0.0414299 -0.102509  0.733165
0.0414302 -0.102509  0.733165
0.0414305 -0.102509  0.733165
0.0414308 -0.102509  0.733165
 0.041431 -0.102509  0.733165
0.0414313 -0.102509  0.733165
0.0414316 -0.102509  0.733165
0.0414318 -0.102509  0.733165
 0.041432 -0.102509  0.733165
0.0414322 -0.102509  0.733165
0.0414324 -0.102509  0.733164
0.0414326 -0.102509  0.733164
0.0414328 -0.102508  0.733164
 0.041433 -0.102508  0.733164
0.0414331 -0.102508  0.733164
0.0414332 -0.102508  0.733164
0.0414334 -0.102508  0.733164
0.0414335 -0.102508  0.733164
0.0414336 -0.102508  0.733164
0.0414336 -0.102508  0.733164
0.0414337 -0.102508  0.733164
0.0414338 -0.102508  0.733164
0.0414338 -0.102508  0.733164
0.0414339 -0.102508  0.733164
0.0414339 -0.102508  0.733163
0.0414339 -0.102508  0.733163
0.0414339 -0.102508  0.733163
0.0414338 -0.102508  0.733163
0.0414338 -0.102508  0.733163
0.0414337 -0.102508  0.733163
0.0414337 -0.102508  0.733163
0.0414336 -0.102508  0.733163
0.0414335 -0.102508  0.733163
0.0414334 -0.102508  0.733163
0.0414333 -0.102508  0.733163
0.0414332 -0.102508  0.733163
 0.041433 -0.102508  0.733163
0.0414329 -0.102508  0.733163
0.0414327 -0.102508  0.733163
0.0414326 -0.102508  0.733162
0.0414324 -0.102507  0.733162
0.0414322 -0.102507  0.733162
 0.041432 -0.102507  0.733162
0.0414318 -0.102507  0.733162
0.0414315 -0.102507  0.733162
0.0414313 -0.102507  0.733162
 0.041431 -0.102507  0.733162
0.0414307 -0.102507  0.733162
0.0414305 -0.102507  0.733162
0.0414302 -0.102507  0.733162
0.0414299 -0.102507  0.733162
0.0414296 -0.102507  0.733162
0.0414292 -0.102507  0.733162
0.0414289 -0.102507  0.733162
0.0414286 -0.102507  0.733162
0.0414282 -0.102507  0.733162
0.0414278 -0.102507  0.733161
0.0414274 -0.102507  0.733161
 0.041427 -0.102507  0.733161
0.0414266 -0.102507  0.733161
0.0414262 -0.102507  0.733161
0.0414258 -0.102506  0.733161
0.0414253 -0.102506  0.733161
0.0414249 -0.102506  0.733161
0.0414244 -0.102506  0.733161
0.0414239 -0.102506  0.733161
0.0414235 -0.102506  0.733161
 0.041423 -0.102506  0.733161
0.0414225 -0.102506  0.733161
0.0414219 -0.102506  0.733161
0.0414214 -0.102506  0.733161
0.0414208 -0.102506  0.733161
0.0414203 -0.102506   0.73316
0.0414197 -0.102506   0.73316
0.0414191 -0.102506   0.73316
0.0414185 -0.102506   0.73316
0.0414179 -0.102505   0.73316
0.0414173 -0.102505   0.73316
0.0414167 -0.102505   0.73316
0.0414161 -0.102505   0.73316
0.0414154 -0.102505   0.73316
0.0414148 -0.102505   0.73316
0.0414141 -0.102505   0.73316
0.0414134 -0.102505   0.73316
0.0414127 -0.102505   0.73316
 0.041412 -0.102505   0.73316
0.0414113 -0.102505  0.733159
0.0414106 -0.102505  0.733159
0.0414098 -0.102505  0.733159
0.0414091 -0.102505  0.733159
0.0414083 -0.102504  0.733159
0.0414075 -0.102504  0.733159
0.0414068 -0.102504  0.733159
 0.041406 -0.102504  0.733159
0.0414052 -0.102504  0.733159
0.0414044 -0.102504  0.733159
0.0414035 -0.102504  0.733159
0.0414027 -0.102504  0.733159
0.0414018 -0.102504  0.733158
 0.041401 -0.102504  0.733158
0.0414001 -0.102504  0.733158
0.0413992 -0.102504  0.733158
0.0413984 -0.102503  0.733158
0.0413974 -0.102503  0.733158
0.0413965 -0.102503  0.733158
0.0413956 -0.102503  0.733158
0.0413947 -0.102503  0.733158
0.0413937 -0.102503  0.733158
0.0413928 -0.102503  0.733158
0.0413918 -0.102503  0.733157
0.0413908 -0.102503  0.733157
0.0413899 -0.102503  0.733157
0.0413889 -0.102503  0.733157
0.0413879 -0.102502  0.733157
0.0413869 -0.102502  0.733157
0.0413858 -0.102502  0.733157
0.0413848 -0.102502  0.733157
0.0413837 -0.102502  0.733157
0.0413827 -0.102502  0.733156
0.0413816 -0.102502  0.733156
0.0413806 -0.102502  0.733156
0.0413795 -0.102502  0.733156
0.0413784 -0.102502  0.733156
0.0413773 -0.102501  0.733156
0.0413762 -0.102501  0.733156
 0.041375 -0.102501  0.733156
0.0413739 -0.102501  0.733156
0.0413727 -0.102501  0.733155
0.0413716 -0.102501  0.733155
0.0413704 -0.102501  0.733155
0.0413693 -0.102501  0.733155
0.0413681 -0.102501  0.733155
0.0413669 -0.102501  0.733155
0.0413657   -0.1025  0.733155
0.0413645   -0.1025  0.733155
0.0413633   -0.1025  0.733154
0.041362  -0.1025 0.733154
0.0413608   -0.1025  0.733154
0.0413596   -0.1025  0.733154
0.0413583   -0.1025  0.733154
0.041357  -0.1025 0.733154
0.0413558 -0.102499  0.733154
0.0413545 -0.102499  0.733153
0.0413532 -0.102499  0.733153
0.0413519 -0.102499  0.733153
0.0413506 -0.102499  0.733153
0.0413492 -0.102499  0.733153
0.0413479 -0.102499  0.733153
0.0413466 -0.102499  0.733153
0.0413452 -0.102498  0.733153
0.0413439 -0.102498  0.733152
0.0413425 -0.102498  0.733152
0.0413411 -0.102498  0.733152
0.0413397 -0.102498  0.733152
0.0413384 -0.102498  0.733152
 0.041337 -0.102498  0.733152
0.0413356 -0.102498  0.733151
0.0413341 -0.102497  0.733151
0.0413327 -0.102497  0.733151
0.0413313 -0.102497  0.733151
0.0413298 -0.102497  0.733151
0.0413284 -0.102497  0.733151
0.0413269 -0.102497  0.733151
0.0413255 -0.102497   0.73315
 0.041324 -0.102496   0.73315
0.0413225 -0.102496   0.73315
 0.041321 -0.102496   0.73315
0.0413195 -0.102496   0.73315
 0.041318 -0.102496   0.73315
0.0413165 -0.102496  0.733149
 0.041315 -0.102496  0.733149
0.0413134 -0.102495  0.733149
0.0413119 -0.102495  0.733149
0.0413104 -0.102495  0.733149
0.0413088 -0.102495  0.733149
0.0413072 -0.102495  0.733148
0.0413057 -0.102495  0.733148
0.0413041 -0.102494  0.733148
0.0413025 -0.102494  0.733148
0.0413009 -0.102494  0.733148
0.0412993 -0.102494  0.733147
0.0412977 -0.102494  0.733147
0.0412961 -0.102494  0.733147
0.0412945 -0.102493  0.733147
0.0412928 -0.102493  0.733147
0.0412912 -0.102493  0.733146
0.0412896 -0.102493  0.733146
0.0412879 -0.102493  0.733146
0.0412862 -0.102493  0.733146
0.0412846 -0.102492  0.733146
0.0412829 -0.102492  0.733145
0.0412812 -0.102492  0.733145
0.0412795 -0.102492  0.733145
0.0412778 -0.102492  0.733145
0.0412761 -0.102492  0.733145
0.0412744 -0.102491  0.733144
0.0412726 -0.102491  0.733144
0.0412709 -0.102491  0.733144
0.0412692 -0.102491  0.733144
0.0412674 -0.102491  0.733143
0.0412656 -0.102491  0.733143
0.0412639  -0.10249  0.733143
0.0412621  -0.10249  0.733143
0.0412603  -0.10249  0.733142
0.0412585  -0.10249  0.733142
0.0412567  -0.10249  0.733142
0.0412549 -0.102489  0.733142
0.0412531 -0.102489  0.733141
0.0412513 -0.102489  0.733141
0.0412495 -0.102489  0.733141
0.0412477 -0.102489   0.73314
0.0412458 -0.102488   0.73314
 0.041244 -0.102488   0.73314
0.0412421 -0.102488   0.73314
0.0412403 -0.102488  0.733139
0.0412384 -0.102488  0.733139
0.0412365 -0.102487  0.733139
0.0412347 -0.102487  0.733138
0.0412328 -0.102487  0.733138
0.0412309 -0.102487  0.733138
 0.041229 -0.102486  0.733138
0.0412271 -0.102486  0.733137
0.0412252 -0.102486  0.733137
0.0412233 -0.102486  0.733137
0.0412214 -0.102486  0.733136
0.0412194 -0.102485  0.733136
0.0412175 -0.102485  0.733136
0.0412156 -0.102485  0.733135
0.0412136 -0.102485  0.733135
0.0412117 -0.102484  0.733135
0.0412097 -0.102484  0.733134
0.0412078 -0.102484  0.733134
0.0412058 -0.102484  0.733134
0.0412038 -0.102484  0.733133
0.0412019 -0.102483  0.733133
0.0411999 -0.102483  0.733133
 0.041198 -0.102483  0.733132
 0.041196 -0.102483  0.733132
 0.041194 -0.102482  0.733131
 0.041192 -0.102482  0.733131
0.0411901 -0.102482  0.733131
0.0411881 -0.102482   0.73313
0.0411861 -0.102481   0.73313
0.0411841 -0.102481   0.73313
0.0411821 -0.102481  0.733129
0.0411801 -0.102481  0.733129
0.0411781  -0.10248  0.733128
0.0411761  -0.10248  0.733128
0.0411741  -0.10248  0.733128
0.0411721 -0.102479  0.733127
0.0411701 -0.102479  0.733127
0.0411681 -0.102479  0.733126
0.0411661 -0.102479  0.733126
0.0411641 -0.102478  0.733126
0.0411621 -0.102478  0.733125
0.0411601 -0.102478  0.733125
0.0411581 -0.102478  0.733124
0.0411561 -0.102477  0.733124
0.0411541 -0.102477  0.733124
 0.041152 -0.102477  0.733123
  0.04115 -0.102476  0.733123
 0.041148 -0.102476  0.733122
 0.041146 -0.102476  0.733122
0.0411439 -0.102475  0.733121
0.0411419 -0.102475  0.733121
0.0411399 -0.102475  0.733121
0.0411378 -0.102475   0.73312
0.0411358 -0.102474   0.73312
0.0411338 -0.102474  0.733119
0.0411317 -0.102474  0.733119
0.0411297 -0.102473  0.733118
0.0411276 -0.102473  0.733118
0.0411256 -0.102473  0.733117
0.0411236 -0.102472  0.733117
0.0411215 -0.102472  0.733117
0.0411194 -0.102472  0.733116
0.0411174 -0.102471  0.733116
0.0411153 -0.102471  0.733115
0.0411133 -0.102471  0.733115
0.0411112  -0.10247  0.733114
0.0411092  -0.10247  0.733114
0.0411071  -0.10247  0.733113
0.0411051 -0.102469  0.733113
 0.041103 -0.102469  0.733112
0.0411009 -0.102469  0.733112
0.0410989 -0.102468  0.733111
0.0410968 -0.102468  0.733111
0.0410947 -0.102468   0.73311
0.0410927 -0.102467   0.73311
0.0410906 -0.102467  0.733109
0.0410885 -0.102466  0.733109
0.0410865 -0.102466  0.733108
0.0410844 -0.102466  0.733108
0.0410823 -0.102465  0.733107
0.0410802 -0.102465  0.733106
0.0410782 -0.102465  0.733106
0.0410761 -0.102464  0.733105
 0.041074 -0.102464  0.733105
0.0410719 -0.102463  0.733104
0.0410698 -0.102463  0.733104
0.0410677 -0.102463  0.733103
0.0410657 -0.102462  0.733103
0.0410636 -0.102462  0.733102
0.0410615 -0.102461  0.733102
0.0410594 -0.102461  0.733101
0.0410573 -0.102461    0.7331
0.0410552  -0.10246    0.7331
0.0410531  -0.10246  0.733099
 0.041051 -0.102459  0.733099
0.0410489 -0.102459  0.733098
0.0410468 -0.102459  0.733098
0.0410447 -0.102458  0.733097
0.0410426 -0.102458  0.733096
0.0410405 -0.102457  0.733096
0.0410384 -0.102457  0.733095
0.0410363 -0.102456  0.733095
0.0410342 -0.102456  0.733094
0.0410321 -0.102455  0.733093
  0.04103 -0.102455  0.733093
0.0410279 -0.102455  0.733092
0.0410258 -0.102454  0.733091
0.0410237 -0.102454  0.733091
0.0410216 -0.102453   0.73309
0.0410195 -0.102453   0.73309
0.0410174 -0.102452  0.733089
0.0410153 -0.102452  0.733088
0.0410132 -0.102451  0.733088
 0.041011 -0.102451  0.733087
0.0410089  -0.10245  0.733086
0.0410068  -0.10245  0.733086
0.0410047 -0.102449  0.733085
0.0410026 -0.102449  0.733084
0.0410004 -0.102448  0.733084
0.0409983 -0.102448  0.733083
0.0409962 -0.102447  0.733082
0.0409941 -0.102447  0.733082
 0.040992 -0.102446  0.733081
0.0409899 -0.102446   0.73308
0.0409878 -0.102445   0.73308
0.0409857 -0.102445  0.733079
0.0409835 -0.102444  0.733078
0.0409814 -0.102444  0.733077
0.0409793 -0.102443  0.733077
0.0409772 -0.102443  0.733076
 0.040975 -0.102442  0.733075
0.0409729 -0.102442  0.733075
0.0409708 -0.102441  0.733074
0.0409687 -0.102441  0.733073
0.0409666  -0.10244  0.733072
0.0409644  -0.10244  0.733072
0.0409623 -0.102439  0.733071
0.0409602 -0.102438   0.73307
0.0409581 -0.102438  0.733069
0.0409559 -0.102437  0.733069
0.0409538 -0.102437  0.733068
0.0409517 -0.102436  0.733067
0.0409496 -0.102436  0.733066
0.0409474 -0.102435  0.733065
0.0409453 -0.102434  0.733065
0.0409432 -0.102434  0.733064
0.0409411 -0.102433  0.733063
 0.040939 -0.102433  0.733062
0.0409368 -0.102432  0.733061
0.0409347 -0.102432  0.733061
0.0409326 -0.102431   0.73306
0.0409305  -0.10243  0.733059
0.0409283  -0.10243  0.733058
0.0409262 -0.102429  0.733057
0.0409241 -0.102429  0.733056
 0.040922 -0.102428  0.733056
0.0409198 -0.102427  0.733055
0.0409177 -0.102427  0.733054
0.0409156 -0.102426  0.733053
0.0409135 -0.102426  0.733052
0.0409113 -0.102425  0.733051
0.0409092 -0.102424   0.73305
0.0409071 -0.102424   0.73305
 0.040905 -0.102423  0.733049
0.0409029 -0.102423  0.733048
0.0409007 -0.102422  0.733047
0.0408986 -0.102421  0.733046
0.0408965 -0.102421  0.733045
0.0408944  -0.10242  0.733044
0.0408923 -0.102419  0.733043
0.0408901 -0.102419  0.733042
 0.040888 -0.102418  0.733041
0.0408859 -0.102417  0.733041
0.0408838 -0.102417   0.73304
0.0408817 -0.102416  0.733039
0.0408796 -0.102416  0.733038
0.0408774 -0.102415  0.733037
0.0408753 -0.102414  0.733036
0.0408732 -0.102414  0.733035
0.0408711 -0.102413  0.733034
 0.040869 -0.102412  0.733033
0.0408669 -0.102412  0.733032
0.0408648 -0.102411  0.733031
0.0408626  -0.10241   0.73303
0.0408605  -0.10241  0.733029
0.0408584 -0.102409  0.733028
0.0408563 -0.102408  0.733027
0.0408542 -0.102407  0.733026
0.0408521 -0.102407  0.733025
  0.04085 -0.102406  0.733024
0.0408479 -0.102405  0.733023
0.0408458 -0.102405  0.733022
0.0408437 -0.102404  0.733021
0.0408416 -0.102403   0.73302
0.0408395 -0.102403  0.733019
0.0408374 -0.102402  0.733018
0.0408353 -0.102401  0.733017
0.0408332   -0.1024  0.733016
0.0408311   -0.1024  0.733015
 0.040829 -0.102399  0.733014
0.0408269 -0.102398  0.733013
0.0408248 -0.102398  0.733012
0.0408227 -0.102397  0.733011
0.0408206 -0.102396   0.73301
0.0408185 -0.102395  0.733008
0.0408164 -0.102395  0.733007
0.0408143 -0.102394  0.733006
0.0408123 -0.102393  0.733005
0.0408102 -0.102392  0.733004
0.0408081 -0.102392  0.733003
 0.040806 -0.102391  0.733002
0.0408039  -0.10239  0.733001
0.0408018 -0.102389     0.733
0.0407998 -0.102389  0.732998
0.0407977 -0.102388  0.732997
0.0407956 -0.102387  0.732996
0.0407935 -0.102386  0.732995
0.0407914 -0.102385  0.732994
0.0407894 -0.102385  0.732993
0.0407873 -0.102384  0.732992
0.0407852 -0.102383   0.73299
0.0407832 -0.102382  0.732989
0.0407811 -0.102382  0.732988
 0.040779 -0.102381  0.732987
0.0407769  -0.10238  0.732986
0.0407749 -0.102379  0.732984
0.0407728 -0.102378  0.732983
0.0407707 -0.102377  0.732982
0.0407687 -0.102377  0.732981
0.0407666 -0.102376   0.73298
0.0407646 -0.102375  0.732978
0.0407625 -0.102374  0.732977
0.0407605 -0.102373  0.732976
0.0407584 -0.102373  0.732975
0.0407563 -0.102372  0.732973
0.0407543 -0.102371  0.732972
0.0407523  -0.10237  0.732971
0.0407502 -0.102369   0.73297
0.0407482 -0.102368  0.732968
0.0407461 -0.102367  0.732967
0.0407441 -0.102367  0.732966
 0.040742 -0.102366  0.732965
  0.04074 -0.102365  0.732963
 0.040738 -0.102364  0.732962
0.0407359 -0.102363  0.732961
0.0407339 -0.102362  0.732959
0.0407319 -0.102361  0.732958
0.0407298 -0.102361  0.732957
0.0407278  -0.10236  0.732955
0.0407258 -0.102359  0.732954
0.0407238 -0.102358  0.732953
0.0407217 -0.102357  0.732951
0.0407197 -0.102356   0.73295
0.0407177 -0.102355  0.732949
0.0407157 -0.102354  0.732947
0.0407137 -0.102353  0.732946
0.0407117 -0.102353  0.732945
0.0407097 -0.102352  0.732943
0.0407076 -0.102351  0.732942
0.0407056  -0.10235   0.73294
0.0407036 -0.102349  0.732939
0.0407016 -0.102348  0.732938
0.0406996 -0.102347  0.732936
0.0406977 -0.102346  0.732935
0.0406957 -0.102345  0.732933
0.0406937 -0.102344  0.732932
0.0406917 -0.102343   0.73293
0.0406897 -0.102342  0.732929
0.0406877 -0.102341  0.732927
0.0406858  -0.10234  0.732926
0.0406838 -0.102339  0.732925
0.0406818 -0.102338  0.732923
0.0406799 -0.102337  0.732922
0.0406779 -0.102336   0.73292
 0.040676 -0.102335  0.732919
 0.040674 -0.102334  0.732917
0.0406721 -0.102334  0.732916
0.0406701 -0.102333  0.732914
0.0406682 -0.102332  0.732912
0.0406662 -0.102331  0.732911
0.0406643  -0.10233  0.732909
0.0406624 -0.102329  0.732908
0.0406604 -0.102327  0.732906
0.0406585 -0.102326  0.732905
0.0406566 -0.102325  0.732903
0.0406547 -0.102324  0.732902
0.0406528 -0.102323    0.7329
0.0406509 -0.102322  0.732898
 0.040649 -0.102321  0.732897
0.0406471  -0.10232  0.732895
0.0406452 -0.102319  0.732894
0.0406433 -0.102318  0.732892
0.0406414 -0.102317   0.73289
0.0406395 -0.102316  0.732889
0.0406376 -0.102315  0.732887
0.0406357 -0.102314  0.732885
0.0406338 -0.102313  0.732884
 0.040632 -0.102312  0.732882
0.0406301 -0.102311   0.73288
0.0406282  -0.10231  0.732879
0.0406263 -0.102308  0.732877
0.0406245 -0.102307  0.732875
0.0406226 -0.102306  0.732874
0.0406208 -0.102305  0.732872
0.0406189 -0.102304   0.73287
0.0406171 -0.102303  0.732869
0.0406152 -0.102302  0.732867
0.0406134 -0.102301  0.732865
0.0406115 -0.102299  0.732863
0.0406097 -0.102298  0.732862
0.0406079 -0.102297   0.73286
0.0406061 -0.102296  0.732858
0.0406042 -0.102295  0.732856
0.0406024 -0.102294  0.732854
0.0406006 -0.102293  0.732853
0.0405988 -0.102291  0.732851
0.040597 -0.10229 0.732849
0.0405952 -0.102289  0.732847
0.0405934 -0.102288  0.732845
0.0405915 -0.102287  0.732844
0.0405897 -0.102285  0.732842
 0.040588 -0.102284   0.73284
0.0405862 -0.102283  0.732838
0.0405844 -0.102282  0.732836
0.0405826 -0.102281  0.732834
0.0405808 -0.102279  0.732833
 0.040579 -0.102278  0.732831
0.0405773 -0.102277  0.732829
0.0405755 -0.102276  0.732827
0.0405737 -0.102275  0.732825
 0.040572 -0.102273  0.732823
0.0405702 -0.102272  0.732821
0.0405684 -0.102271  0.732819
0.0405667  -0.10227  0.732817
0.0405649 -0.102268  0.732815
0.0405632 -0.102267  0.732813
0.0405614 -0.102266  0.732811
0.0405596 -0.102264  0.732809
0.0405579 -0.102263  0.732807
0.0405562 -0.102262  0.732805
0.0405544 -0.102261  0.732803
0.0405527 -0.102259  0.732801
0.0405509 -0.102258  0.732799
0.0405492 -0.102257  0.732797
0.0405474 -0.102255  0.732795
0.0405457 -0.102254  0.732793
 0.040544 -0.102253  0.732791
0.0405423 -0.102251  0.732789
0.0405405  -0.10225  0.732787
0.0405388 -0.102249  0.732785
0.0405371 -0.102247  0.732783
0.0405354 -0.102246  0.732781
0.0405336 -0.102245  0.732779
0.0405319 -0.102243  0.732777
0.0405302 -0.102242  0.732775
0.0405285 -0.102241  0.732773
0.0405268 -0.102239  0.732771
0.0405251 -0.102238  0.732768
0.0405234 -0.102237  0.732766
0.0405217 -0.102235  0.732764
  0.04052 -0.102234  0.732762
0.0405183 -0.102233   0.73276
0.0405166 -0.102231  0.732758
0.0405149  -0.10223  0.732756
0.0405132 -0.102228  0.732753
0.0405116 -0.102227  0.732751
0.0405099 -0.102226  0.732749
0.0405082 -0.102224  0.732747
0.0405065 -0.102223  0.732745
0.0405048 -0.102221  0.732742
0.0405032  -0.10222   0.73274
0.0405015 -0.102219  0.732738
0.0404998 -0.102217  0.732736
0.0404982 -0.102216  0.732734
0.0404965 -0.102214  0.732731
0.0404948 -0.102213  0.732729
0.0404932 -0.102211  0.732727
0.0404915  -0.10221  0.732725
0.0404899 -0.102208  0.732722
0.0404882 -0.102207   0.73272
0.0404866 -0.102206  0.732718
0.0404849 -0.102204  0.732715
0.0404833 -0.102203  0.732713
0.0404816 -0.102201  0.732711
 0.04048  -0.1022 0.732709
0.0404783 -0.102198  0.732706
0.0404767 -0.102197  0.732704
0.0404751 -0.102195  0.732702
0.0404734 -0.102194  0.732699
0.0404718 -0.102192  0.732697
0.0404702 -0.102191  0.732695
0.0404685 -0.102189  0.732692
0.0404669 -0.102188   0.73269
0.0404653 -0.102186  0.732687
0.0404637 -0.102185  0.732685
 0.040462 -0.102183  0.732683
0.0404604 -0.102181   0.73268
0.0404588  -0.10218  0.732678
0.0404572 -0.102178  0.732676
0.0404556 -0.102177  0.732673
 0.040454 -0.102175  0.732671
0.0404524 -0.102174  0.732668
0.0404507 -0.102172  0.732666
0.0404491 -0.102171  0.732663
0.0404475 -0.102169  0.732661
0.0404459 -0.102167  0.732659
0.0404443 -0.102166  0.732656
0.0404427 -0.102164  0.732654
0.0404411 -0.102163  0.732651
0.0404395 -0.102161  0.732649
0.0404379 -0.102159  0.732646
0.0404363 -0.102158  0.732644
0.0404347 -0.102156  0.732641
0.0404331 -0.102155  0.732639
0.0404315 -0.102153  0.732636
  0.04043 -0.102151  0.732634
0.0404284  -0.10215  0.732631
0.0404268 -0.102148  0.732628
0.0404252 -0.102147  0.732626
0.0404236 -0.102145  0.732623
 0.040422 -0.102143  0.732621
0.0404204 -0.102142  0.732618
0.0404188  -0.10214  0.732616
0.0404172 -0.102138  0.732613
0.0404157 -0.102137   0.73261
0.0404141 -0.102135  0.732608
0.0404125 -0.102133  0.732605
0.0404109 -0.102132  0.732603
0.0404093  -0.10213    0.7326
0.0404077 -0.102128  0.732597
0.0404061 -0.102126  0.732595
0.0404046 -0.102125  0.732592
 0.040403 -0.102123  0.732589
0.0404014 -0.102121  0.732587
0.0403998  -0.10212  0.732584
0.0403982 -0.102118  0.732581
0.0403966 -0.102116  0.732579
 0.040395 -0.102114  0.732576
0.0403934 -0.102113  0.732573
0.0403919 -0.102111  0.732571
0.0403903 -0.102109  0.732568
0.0403887 -0.102107  0.732565
0.0403871 -0.102106  0.732562
0.0403855 -0.102104   0.73256
0.0403839 -0.102102  0.732557
0.0403823   -0.1021  0.732554
0.0403807 -0.102099  0.732551
0.0403791 -0.102097  0.732549
0.0403775 -0.102095  0.732546
 0.040376 -0.102093  0.732543
0.0403744 -0.102091   0.73254
0.0403728  -0.10209  0.732537
0.0403712 -0.102088  0.732535
0.0403696 -0.102086  0.732532
 0.040368 -0.102084  0.732529
0.0403664 -0.102082  0.732526
0.0403648  -0.10208  0.732523
0.0403632 -0.102079   0.73252
0.0403616 -0.102077  0.732518
  0.04036 -0.102075  0.732515
0.0403584 -0.102073  0.732512
0.0403568 -0.102071  0.732509
0.0403552 -0.102069  0.732506
0.0403536 -0.102067  0.732503
 0.040352 -0.102066  0.732501
0.0403504 -0.102064  0.732498
0.0403488 -0.102062  0.732495
0.0403472  -0.10206  0.732492
0.0403455 -0.102058  0.732489
0.0403439 -0.102056  0.732486
0.0403423 -0.102054  0.732483
0.0403407 -0.102052   0.73248
0.0403391  -0.10205  0.732477
0.0403374 -0.102048  0.732474
0.0403358 -0.102046  0.732472
0.0403342 -0.102044  0.732469
0.0403326 -0.102042  0.732466
0.0403309 -0.102041  0.732463
0.0403293 -0.102039   0.73246
0.0403276 -0.102037  0.732457
 0.040326 -0.102035  0.732454
0.0403243 -0.102033  0.732451
0.0403227 -0.102031  0.732448
 0.040321 -0.102029  0.732445
0.0403193 -0.102027  0.732442
0.0403177 -0.102025  0.732439
 0.040316 -0.102023  0.732436
0.0403143 -0.102021  0.732433
0.0403126 -0.102019   0.73243
0.0403109 -0.102017  0.732427
0.0403092 -0.102014  0.732424
0.0403076 -0.102012  0.732421
0.0403058  -0.10201  0.732417
0.0403041 -0.102008  0.732414
0.0403024 -0.102006  0.732411
0.0403007 -0.102004  0.732408
0.0402989 -0.102002  0.732405
0.0402972    -0.102  0.732402
0.0402955 -0.101998  0.732399
0.0402937 -0.101996  0.732395
0.0402919 -0.101994  0.732392
0.0402902 -0.101992  0.732389
0.0402884 -0.101989  0.732386
0.0402866 -0.101987  0.732383
0.0402848 -0.101985  0.732379
 0.040283 -0.101983  0.732376
0.0402812 -0.101981  0.732373
0.0402794 -0.101979   0.73237
0.0402776 -0.101977  0.732366
0.0402758 -0.101974  0.732363
0.0402739 -0.101972   0.73236
0.0402721  -0.10197  0.732357
0.0402703 -0.101968  0.732353
0.0402684 -0.101966   0.73235
0.0402665 -0.101964  0.732347
0.0402647 -0.101961  0.732343
0.0402628 -0.101959   0.73234
0.0402609 -0.101957  0.732336
 0.040259 -0.101955  0.732333
0.0402571 -0.101952   0.73233
0.0402552  -0.10195  0.732326
0.0402533 -0.101948  0.732323
0.0402514 -0.101946  0.732319
0.0402494 -0.101943  0.732316
0.0402475 -0.101941  0.732313
0.0402455 -0.101939  0.732309
0.0402436 -0.101937  0.732306
0.0402416 -0.101934  0.732302
0.0402396 -0.101932  0.732299
0.0402377  -0.10193  0.732295
0.0402357 -0.101927  0.732292
0.0402337 -0.101925  0.732288
0.0402317 -0.101923  0.732285
0.0402297 -0.101921  0.732281
0.0402277 -0.101918  0.732278
0.0402256 -0.101916  0.732274
0.0402236 -0.101914   0.73227
0.0402215 -0.101911  0.732267
0.0402195 -0.101909  0.732263
0.0402174 -0.101906   0.73226
0.0402154 -0.101904  0.732256
0.0402133 -0.101902  0.732252
0.0402112 -0.101899  0.732249
0.0402091 -0.101897  0.732245
 0.040207 -0.101895  0.732241
0.0402049 -0.101892  0.732238
0.0402028  -0.10189  0.732234
0.0402006 -0.101887   0.73223
0.0401985 -0.101885  0.732227
0.0401963 -0.101883  0.732223
0.0401942  -0.10188  0.732219
 0.040192 -0.101878  0.732216
0.0401898 -0.101875  0.732212
0.0401877 -0.101873  0.732208
0.0401855  -0.10187  0.732204
0.0401833 -0.101868  0.732201
0.0401811 -0.101865  0.732197
0.0401788 -0.101863  0.732193
0.0401766  -0.10186  0.732189
0.0401744 -0.101858  0.732186
0.0401721 -0.101855  0.732182
0.0401699 -0.101853  0.732178
0.0401676  -0.10185  0.732174
0.0401654 -0.101848   0.73217
0.0401631 -0.101845  0.732166
0.0401608 -0.101843  0.732163
0.0401585  -0.10184  0.732159
0.0401562 -0.101838  0.732155
0.0401539 -0.101835  0.732151
0.0401515 -0.101833  0.732147
0.0401492  -0.10183  0.732143
0.0401469 -0.101827  0.732139
0.0401445 -0.101825  0.732135
0.0401421 -0.101822  0.732131
0.0401398  -0.10182  0.732127
0.0401374 -0.101817  0.732124
 0.040135 -0.101814   0.73212
0.0401326 -0.101812  0.732116
0.0401302 -0.101809  0.732112
0.0401277 -0.101807  0.732108
0.0401253 -0.101804  0.732104
0.0401229 -0.101801    0.7321
0.0401204 -0.101799  0.732096
0.0401179 -0.101796  0.732092
0.0401155 -0.101793  0.732088
 0.040113 -0.101791  0.732083
0.0401105 -0.101788  0.732079
 0.040108 -0.101785  0.732075
0.0401055 -0.101783  0.732071
0.0401029  -0.10178  0.732067
0.0401004 -0.101777  0.732063
0.0400978 -0.101774  0.732059
0.0400953 -0.101772  0.732055
0.0400927 -0.101769  0.732051
0.0400901 -0.101766  0.732046
0.0400876 -0.101764  0.732042
0.0400849 -0.101761  0.732038
0.0400823 -0.101758  0.732034
0.0400797 -0.101755   0.73203
0.0400771 -0.101752  0.732026
0.0400744  -0.10175  0.732021
0.0400718 -0.101747  0.732017
0.0400691 -0.101744  0.732013
0.0400664 -0.101741  0.732009
0.0400637 -0.101738  0.732004
 0.040061 -0.101736     0.732
0.0400583 -0.101733  0.731996
0.0400556  -0.10173  0.731992
0.0400528 -0.101727  0.731987
0.0400501 -0.101724  0.731983
0.0400473 -0.101721  0.731979
0.0400446 -0.101719  0.731974
0.0400418 -0.101716   0.73197
 0.040039 -0.101713  0.731966
0.0400362  -0.10171  0.731961
0.0400333 -0.101707  0.731957
0.0400305 -0.101704  0.731953
0.0400277 -0.101701  0.731948
0.0400248 -0.101698  0.731944
0.0400219 -0.101695  0.731939
0.0400191 -0.101692  0.731935
0.0400161 -0.101689  0.731931
0.0400132 -0.101686  0.731926
0.0400103 -0.101683  0.731922
0.0400074 -0.101681  0.731917
0.0400044 -0.101678  0.731913
0.0400015 -0.101675  0.731908
0.0399985 -0.101672  0.731904
0.0399955 -0.101669  0.731899
0.0399925 -0.101666  0.731895
0.0399895 -0.101663   0.73189
0.0399865  -0.10166  0.731886
0.0399834 -0.101656  0.731881
0.0399804 -0.101653  0.731877
0.0399773  -0.10165  0.731872
0.0399742 -0.101647  0.731867
0.0399711 -0.101644  0.731863
 0.039968 -0.101641  0.731858
0.0399649 -0.101638  0.731854
0.0399618 -0.101635  0.731849
0.0399586 -0.101632  0.731844
0.0399555 -0.101629   0.73184
0.0399523 -0.101626  0.731835
0.0399491 -0.101623   0.73183
0.0399459 -0.101619  0.731826
0.0399427 -0.101616  0.731821
0.0399395 -0.101613  0.731816
0.0399362  -0.10161  0.731812
 0.039933 -0.101607  0.731807
0.0399297 -0.101604  0.731802
0.0399264 -0.101601  0.731797
0.0399231 -0.101597  0.731793
0.0399198 -0.101594  0.731788
0.0399164 -0.101591  0.731783
0.0399131 -0.101588  0.731778
0.0399097 -0.101584  0.731774
0.0399064 -0.101581  0.731769
 0.039903 -0.101578  0.731764
0.0398996 -0.101575  0.731759
0.0398962 -0.101571  0.731754
0.0398927 -0.101568  0.731749
0.0398893 -0.101565  0.731745
0.0398858 -0.101562   0.73174
0.0398823 -0.101558  0.731735
0.0398788 -0.101555   0.73173
0.0398753 -0.101552  0.731725
0.0398718 -0.101548   0.73172
0.0398683 -0.101545  0.731715
0.0398647 -0.101542   0.73171
0.0398611 -0.101538  0.731705
0.0398576 -0.101535    0.7317
0.0398539 -0.101532  0.731695
0.0398503 -0.101528   0.73169
0.0398467 -0.101525  0.731685
 0.039843 -0.101522   0.73168
0.0398394 -0.101518  0.731675
0.0398357 -0.101515   0.73167
 0.039832 -0.101511  0.731665
0.0398283 -0.101508   0.73166
0.0398245 -0.101505  0.731655
0.0398208 -0.101501   0.73165
 0.039817 -0.101498  0.731645
0.0398133 -0.101494   0.73164
0.0398095 -0.101491  0.731635
0.0398056 -0.101487   0.73163
0.0398018 -0.101483  0.731625
0.039798 -0.10148 0.731619
0.0397941 -0.101476  0.731614
0.0397902 -0.101472  0.731609
0.0397863 -0.101468  0.731604
0.0397824 -0.101465  0.731599
0.0397785 -0.101461  0.731594
0.0397745 -0.101457  0.731588
0.0397705 -0.101453  0.731583
0.0397666 -0.101449  0.731578
0.0397626 -0.101444  0.731573
0.0397585  -0.10144  0.731567
0.0397545 -0.101436  0.731562
0.0397504 -0.101432  0.731557
0.0397464 -0.101427  0.731552
0.0397423 -0.101423  0.731546
0.0397382 -0.101419  0.731541
0.0397341 -0.101414  0.731536
0.0397299  -0.10141   0.73153
0.0397257 -0.101405  0.731525
0.0397216 -0.101401   0.73152
0.0397174 -0.101396  0.731514
0.0397131 -0.101391  0.731509
0.0397089 -0.101387  0.731503
0.0397047 -0.101382  0.731498
0.0397004 -0.101377  0.731493
0.0396961 -0.101373  0.731487
0.0396918 -0.101368  0.731482
0.0396875 -0.101363  0.731476
0.0396831 -0.101358  0.731471
0.0396788 -0.101353  0.731465
0.0396744 -0.101348   0.73146
  0.03967 -0.101344  0.731454
0.0396656 -0.101339  0.731449
0.0396611 -0.101334  0.731443
0.0396567 -0.101329  0.731438
0.0396522 -0.101324  0.731432
0.0396477 -0.101319  0.731427
0.0396432 -0.101314  0.731421
0.0396387 -0.101309  0.731416
0.0396341 -0.101304   0.73141
0.0396296 -0.101299  0.731404
 0.039625 -0.101294  0.731399
0.0396204 -0.101288  0.731393
0.0396157 -0.101283  0.731388
0.0396111 -0.101278  0.731382
0.0396064 -0.101273  0.731376
0.0396017 -0.101268  0.731371
 0.039597 -0.101263  0.731365
0.0395923 -0.101258  0.731359
0.0395876 -0.101252  0.731354
0.0395828 -0.101247  0.731348
 0.039578 -0.101242  0.731342
0.0395732 -0.101237  0.731336
0.0395684 -0.101232  0.731331
0.0395636 -0.101226  0.731325
0.0395587 -0.101221  0.731319
0.0395538 -0.101216  0.731313
0.0395489 -0.101211  0.731308
 0.039544 -0.101205  0.731302
0.039539  -0.1012 0.731296
0.0395341 -0.101195   0.73129
0.0395291 -0.101189  0.731284
0.0395241 -0.101184  0.731279
0.0395191 -0.101179  0.731273
 0.039514 -0.101174  0.731267
 0.039509 -0.101168  0.731261
0.0395039 -0.101163  0.731255
0.0394988 -0.101157  0.731249
0.0394936 -0.101152  0.731243
0.0394885 -0.101147  0.731237
0.0394833 -0.101141  0.731231
0.0394781 -0.101136  0.731226
0.0394729 -0.101131   0.73122
0.0394677 -0.101125  0.731214
0.0394624  -0.10112  0.731208
0.0394571 -0.101114  0.731202
0.0394518 -0.101109  0.731196
0.0394465 -0.101103   0.73119
0.0394412 -0.101098  0.731184
0.0394358 -0.101093  0.731178
0.0394304 -0.101087  0.731172
 0.039425 -0.101082  0.731166
0.0394196 -0.101076  0.731159
0.0394141 -0.101071  0.731153
0.0394087 -0.101065  0.731147
0.0394032  -0.10106  0.731141
0.0393977 -0.101054  0.731135
0.0393921 -0.101049  0.731129
0.0393866 -0.101043  0.731123
 0.039381 -0.101037  0.731117
0.0393754 -0.101032  0.731111
0.0393697 -0.101026  0.731104
0.0393641 -0.101021  0.731098
0.0393584 -0.101015  0.731092
0.0393527  -0.10101  0.731086
 0.039347 -0.101004   0.73108
0.0393413 -0.100998  0.731073
0.0393355 -0.100993  0.731067
0.0393297 -0.100987  0.731061
0.0393239 -0.100982  0.731055
0.0393181 -0.100976  0.731048
0.0393123  -0.10097  0.731042
0.0393064 -0.100965  0.731036
0.0393005 -0.100959  0.731029
0.0392946 -0.100953  0.731023
0.0392886 -0.100948  0.731017
0.0392827 -0.100942  0.731011
0.0392767 -0.100936  0.731004
0.0392707  -0.10093  0.730998
0.0392646 -0.100925  0.730991
0.0392586 -0.100919  0.730985
0.0392525 -0.100913  0.730979
0.0392464 -0.100908  0.730972
0.0392403 -0.100902  0.730966
0.0392341 -0.100896  0.730959
0.0392279  -0.10089  0.730953
0.0392217 -0.100884  0.730946
0.0392155 -0.100879   0.73094
0.0392093 -0.100873  0.730934
 0.039203 -0.100867  0.730927
0.0391967 -0.100861  0.730921
0.0391904 -0.100855  0.730914
0.0391841 -0.100849  0.730907
0.0391777 -0.100844  0.730901
0.0391713 -0.100838  0.730894
0.0391649 -0.100832  0.730888
0.0391585 -0.100826  0.730881
0.039152 -0.10082 0.730875
0.0391455 -0.100814  0.730868
 0.039139 -0.100808  0.730861
0.0391325 -0.100802  0.730855
0.0391259 -0.100796  0.730848
0.0391194  -0.10079  0.730842
0.0391128 -0.100785  0.730835
0.0391061 -0.100779  0.730828
0.0390995 -0.100773  0.730822
0.0390928 -0.100767  0.730815
0.0390861 -0.100761  0.730808
0.0390794 -0.100755  0.730801
0.0390726 -0.100749  0.730795
0.0390658 -0.100743  0.730788
 0.039059 -0.100737  0.730781
0.0390522  -0.10073  0.730774
0.0390454 -0.100724  0.730768
0.0390385 -0.100718  0.730761
0.0390316 -0.100712  0.730754
0.0390247 -0.100706  0.730747
0.0390177   -0.1007   0.73074
0.0390107 -0.100694  0.730734
0.0390037 -0.100688  0.730727
0.0389967 -0.100682   0.73072
0.0389897 -0.100676  0.730713
0.0389826 -0.100669  0.730706
0.0389755 -0.100663  0.730699
0.0389684 -0.100657  0.730692
0.0389612 -0.100651  0.730686
 0.038954 -0.100645  0.730679
0.0389468 -0.100639  0.730672
0.0389396 -0.100632  0.730665
0.0389324 -0.100626  0.730658
0.0389251  -0.10062  0.730651
0.0389178 -0.100614  0.730644
0.0389104 -0.100607  0.730637
0.0389031 -0.100601   0.73063
0.0388957 -0.100595  0.730623
0.0388883 -0.100589  0.730616
0.0388809 -0.100582  0.730609
0.0388734 -0.100576  0.730602
0.0388659  -0.10057  0.730595
0.0388584 -0.100563  0.730588
0.0388509 -0.100557  0.730581
0.0388433 -0.100551  0.730573
0.0388357 -0.100544  0.730566
0.0388281 -0.100538  0.730559
0.0388205 -0.100532  0.730552
0.0388128 -0.100525  0.730545
0.0388051 -0.100519  0.730538
0.0387974 -0.100512  0.730531
0.0387897 -0.100506  0.730523
0.0387819   -0.1005  0.730516
0.0387741 -0.100493  0.730509
0.0387663 -0.100487  0.730502
0.0387584  -0.10048  0.730495
0.0387505 -0.100474  0.730487
0.0387426 -0.100467   0.73048
0.0387347 -0.100461  0.730473
0.0387267 -0.100454  0.730466
0.0387188 -0.100448  0.730458
0.0387107 -0.100441  0.730451
0.0387027 -0.100435  0.730444
0.0386946 -0.100428  0.730437
0.0386865 -0.100422  0.730429
0.0386784 -0.100415  0.730422
0.0386703 -0.100408  0.730415
0.0386621 -0.100402  0.730407
0.0386539 -0.100395    0.7304
0.0386457 -0.100389  0.730392
0.0386374 -0.100382  0.730385
0.0386291 -0.100375  0.730378
0.0386208 -0.100369   0.73037
0.0386125 -0.100362  0.730363
0.0386041 -0.100355  0.730355
0.0385958 -0.100349  0.730348
0.0385873 -0.100342  0.730341
0.0385789 -0.100335  0.730333
0.0385704 -0.100328  0.730326
0.0385619 -0.100322  0.730318
0.0385534 -0.100315  0.730311
0.0385448 -0.100308  0.730303
0.0385363 -0.100302  0.730296
0.0385277 -0.100295  0.730288
 0.038519 -0.100288  0.730281
0.0385104 -0.100281  0.730273
0.0385017 -0.100274  0.730265
 0.038493 -0.100268  0.730258
0.0384842 -0.100261   0.73025
0.0384754 -0.100254  0.730243
0.0384666 -0.100247  0.730235
0.0384578  -0.10024  0.730227
 0.038449 -0.100233   0.73022
0.0384401 -0.100226  0.730212
0.0384312  -0.10022  0.730205
0.0384222 -0.100213  0.730197
0.0384133 -0.100206  0.730189
0.0384043 -0.100199  0.730182
0.0383952 -0.100192  0.730174
0.0383862 -0.100185  0.730166
0.0383771 -0.100178  0.730158
 0.038368 -0.100171  0.730151
0.0383589 -0.100164  0.730143
0.0383497 -0.100157  0.730135
0.0383405  -0.10015  0.730127
0.0383313 -0.100143   0.73012
 0.038322 -0.100136  0.730112
0.0383128 -0.100129  0.730104
0.0383035 -0.100122  0.730096
0.0382941 -0.100115  0.730088
0.0382848 -0.100108  0.730081
0.0382754   -0.1001  0.730073
 0.038266 -0.100093  0.730065
0.0382565 -0.100086  0.730057
 0.038247 -0.100079  0.730049
0.0382375 -0.100072  0.730041
 0.038228 -0.100065  0.730033
0.0382185 -0.100058  0.730026
0.0382089 -0.100051  0.730018
0.0381993 -0.100043   0.73001
0.0381896 -0.100036  0.730002
0.0381799 -0.100029  0.729994
0.0381702 -0.100022  0.729986
0.0381605 -0.100014  0.729978
0.0381507 -0.100007   0.72997
  0.038141 -0.0999999   0.729962
 0.0381311 -0.0999927   0.729954
 0.0381213 -0.0999854   0.729946
 0.0381114 -0.0999781   0.729938
 0.0381015 -0.0999708    0.72993
 0.0380916 -0.0999635   0.729922
 0.0380816 -0.0999562   0.729914
 0.0380717 -0.0999488   0.729906
 0.0380616 -0.0999414   0.729898
 0.0380516 -0.0999341    0.72989
 0.0380415 -0.0999267   0.729881
 0.0380314 -0.0999193   0.729873
 0.0380213 -0.0999119   0.729865
 0.0380111 -0.0999045   0.729857
 0.0380009 -0.0998971   0.729849
 0.0379907 -0.0998896   0.729841
 0.0379805 -0.0998822   0.729833
 0.0379702 -0.0998747   0.729825
 0.0379599 -0.0998672   0.729816
 0.0379495 -0.0998597   0.729808
 0.0379392 -0.0998522     0.7298
 0.0379288 -0.0998447   0.729792
 0.0379184 -0.0998372   0.729784
 0.0379079 -0.0998296   0.729775
 0.0378974 -0.0998221   0.729767
 0.0378869 -0.0998145   0.729759
0.0378764 -0.099807  0.729751
 0.0378658 -0.0997994   0.729742
 0.0378552 -0.0997918   0.729734
 0.0378446 -0.0997842   0.729726
  0.037834 -0.0997765   0.729717
 0.0378233 -0.0997689   0.729709
 0.0378126 -0.0997612   0.729701
 0.0378018 -0.0997535   0.729692
 0.0377911 -0.0997459   0.729684
 0.0377803 -0.0997382   0.729676
 0.0377695 -0.0997305   0.729667
 0.0377586 -0.0997228   0.729659
 0.0377477 -0.0997151   0.729651
 0.0377368 -0.0997073   0.729642
 0.0377259 -0.0996996   0.729634
 0.0377149 -0.0996918   0.729625
0.0377039 -0.099684  0.729617
 0.0376929 -0.0996762   0.729608
 0.0376818 -0.0996684     0.7296
 0.0376707 -0.0996605   0.729592
 0.0376596 -0.0996527   0.729583
 0.0376485 -0.0996449   0.729575
0.0376373 -0.099637  0.729566
 0.0376261 -0.0996291   0.729558
 0.0376149 -0.0996213   0.729549
 0.0376036 -0.0996134   0.729541
 0.0375924 -0.0996054   0.729532
  0.037581 -0.0995975   0.729523
 0.0375697 -0.0995896   0.729515
 0.0375583 -0.0995816   0.729506
 0.0375469 -0.0995736   0.729498
 0.0375355 -0.0995656   0.729489
  0.037524 -0.0995577   0.729481
 0.0375125 -0.0995497   0.729472
  0.037501 -0.0995416   0.729463
 0.0374895 -0.0995336   0.729455
 0.0374779 -0.0995256   0.729446
 0.0374663 -0.0995175   0.729437
 0.0374546 -0.0995094   0.729429
  0.037443 -0.0995013    0.72942
 0.0374313 -0.0994932   0.729411
 0.0374196 -0.0994851   0.729403
0.0374078 -0.099477  0.729394
  0.037396 -0.0994688   0.729385
 0.0373842 -0.0994607   0.729376
 0.0373724 -0.0994525   0.729368
 0.0373605 -0.0994443   0.729359
 0.0373486 -0.0994361    0.72935
 0.0373367 -0.0994279   0.729341
 0.0373247 -0.0994197   0.729333
 0.0373127 -0.0994114   0.729324
 0.0373007 -0.0994032   0.729315
 0.0372886 -0.0993949   0.729306
 0.0372766 -0.0993866   0.729297
 0.0372645 -0.0993783   0.729289
0.0372523  -0.09937   0.72928
 0.0372402 -0.0993617   0.729271
  0.037228 -0.0993534   0.729262
0.0372158 -0.099345  0.729253
 0.0372035 -0.0993367   0.729244
 0.0371912 -0.0993283   0.729235
 0.0371789 -0.0993199   0.729226
 0.0371666 -0.0993115   0.729217
 0.0371542 -0.0993031   0.729209
 0.0371418 -0.0992946     0.7292
 0.0371294 -0.0992862   0.729191
 0.0371169 -0.0992777   0.729182
 0.0371044 -0.0992692   0.729173
 0.0370919 -0.0992608   0.729164
 0.0370794 -0.0992523   0.729155
 0.0370668 -0.0992437   0.729146
 0.0370542 -0.0992352   0.729137
 0.0370415 -0.0992267   0.729128
 0.0370289 -0.0992181   0.729119
 0.0370162 -0.0992095    0.72911
 0.0370035 -0.0992009     0.7291
 0.0369907 -0.0991923   0.729091
 0.0369779 -0.0991837   0.729082
 0.0369651 -0.0991751   0.729073
 0.0369523 -0.0991664   0.729064
 0.0369394 -0.0991578   0.729055
 0.0369265 -0.0991491   0.729046
 0.0369136 -0.0991404   0.729037
 0.0369006 -0.0991317   0.729028
0.0368876 -0.099123  0.729019
 0.0368746 -0.0991143   0.729009
 0.0368616 -0.0991055      0.729
 0.0368485 -0.0990968   0.728991
0.0368354 -0.099088  0.728982
 0.0368223 -0.0990792   0.728973
 0.0368091 -0.0990704   0.728963
 0.0367959 -0.0990616   0.728954
 0.0367827 -0.0990528   0.728945
 0.0367694 -0.0990439   0.728936
 0.0367562 -0.0990351   0.728927
 0.0367429 -0.0990262   0.728917
 0.0367295 -0.0990173   0.728908
 0.0367162 -0.0990084   0.728899
 0.0367028 -0.0989995   0.728889
 0.0366893 -0.0989905    0.72888
 0.0366759 -0.0989816   0.728871
 0.0366624 -0.0989726   0.728862
 0.0366489 -0.0989637   0.728852
 0.0366354 -0.0989547   0.728843
 0.0366218 -0.0989457   0.728834
 0.0366082 -0.0989367   0.728824
 0.0365945 -0.0989277   0.728815
 0.0365809 -0.0989186   0.728806
 0.0365672 -0.0989096   0.728796
 0.0365535 -0.0989005   0.728787
 0.0365397 -0.0988914   0.728777
  0.036526 -0.0988823   0.728768
 0.0365122 -0.0988732   0.728759
 0.0364983 -0.0988641   0.728749
0.0364845 -0.098855   0.72874
 0.0364706 -0.0988458    0.72873
 0.0364567 -0.0988366   0.728721
 0.0364427 -0.0988274   0.728711
 0.0364288 -0.0988182   0.728702
0.0364148 -0.098809  0.728692
 0.0364007 -0.0987998   0.728683
 0.0363867 -0.0987905   0.728673
 0.0363726 -0.0987813   0.728664
0.0363585 -0.098772  0.728654
 0.0363443 -0.0987627   0.728645
 0.0363301 -0.0987534   0.728635
  0.036316 -0.0987441   0.728626
 0.0363017 -0.0987348   0.728616
 0.0362875 -0.0987254   0.728607
 0.0362732 -0.0987161   0.728597
 0.0362589 -0.0987067   0.728588
 0.0362445 -0.0986973   0.728578
 0.0362301 -0.0986879   0.728568
 0.0362157 -0.0986785   0.728559
0.0362013 -0.098669  0.728549
 0.0361869 -0.0986596   0.728539
 0.0361724 -0.0986501    0.72853
 0.0361579 -0.0986406    0.72852
 0.0361433 -0.0986311   0.728511
 0.0361288 -0.0986216   0.728501
 0.0361142 -0.0986121   0.728491
 0.0360996 -0.0986026   0.728482
0.0360849 -0.098593  0.728472
 0.0360702 -0.0985835   0.728462
 0.0360555 -0.0985739   0.728452
 0.0360408 -0.0985643   0.728443
  0.036026 -0.0985547   0.728433
 0.0360112 -0.0985451   0.728423
 0.0359964 -0.0985354   0.728414
 0.0359816 -0.0985258   0.728404
 0.0359667 -0.0985161   0.728394
 0.0359518 -0.0985065   0.728384
 0.0359369 -0.0984968   0.728375
 0.0359219 -0.0984871   0.728365
 0.0359069 -0.0984773   0.728355
 0.0358919 -0.0984676   0.728345
 0.0358769 -0.0984579   0.728335
 0.0358618 -0.0984481   0.728326
 0.0358467 -0.0984383   0.728316
 0.0358316 -0.0984285   0.728306
 0.0358164 -0.0984187   0.728296
 0.0358012 -0.0984089   0.728286
 0.0357861 -0.0983991   0.728276
 0.0357708 -0.0983892   0.728267
 0.0357556 -0.0983794   0.728257
 0.0357403 -0.0983695   0.728247
  0.035725 -0.0983596   0.728237
 0.0357096 -0.0983497   0.728227
 0.0356943 -0.0983398   0.728217
 0.0356789 -0.0983298   0.728207
 0.0356634 -0.0983199   0.728197
  0.035648 -0.0983099   0.728187
0.0356325   -0.0983  0.728178
0.035617 -0.09829 0.728168
0.0356015  -0.09828  0.728158
0.0355859  -0.09827  0.728148
 0.0355704 -0.0982599   0.728138
 0.0355548 -0.0982499   0.728128
 0.0355391 -0.0982398   0.728118
 0.0355234 -0.0982297   0.728108
 0.0355078 -0.0982197   0.728098
 0.0354921 -0.0982096   0.728088
 0.0354763 -0.0981994   0.728078
 0.0354605 -0.0981893   0.728068
 0.0354447 -0.0981792   0.728058
0.0354289 -0.098169  0.728048
 0.0354131 -0.0981588   0.728038
 0.0353972 -0.0981487   0.728028
 0.0353813 -0.0981385   0.728018
 0.0353654 -0.0981282   0.728008
0.0353494 -0.098118  0.727998
 0.0353335 -0.0981078   0.727987
 0.0353175 -0.0980975   0.727977
 0.0353014 -0.0980872   0.727967
0.0352854 -0.098077  0.727957
 0.0352693 -0.0980667   0.727947
 0.0352532 -0.0980564   0.727937
0.0352371 -0.098046  0.727927
 0.0352209 -0.0980357   0.727917
 0.0352047 -0.0980254   0.727907
0.0351885 -0.098015  0.727896
 0.0351723 -0.0980046   0.727886
  0.035156 -0.0979942   0.727876
 0.0351397 -0.0979838   0.727866
 0.0351234 -0.0979734   0.727856
0.0351071 -0.097963  0.727846
 0.0350907 -0.0979525   0.727836
 0.0350744 -0.0979421   0.727825
 0.0350579 -0.0979316   0.727815
 0.0350415 -0.0979211   0.727805
  0.035025 -0.0979106   0.727795
 0.0350085 -0.0979001   0.727785
  0.034992 -0.0978895   0.727774
0.0349755 -0.097879  0.727764
 0.0349589 -0.0978684   0.727754
 0.0349423 -0.0978579   0.727744
 0.0349257 -0.0978473   0.727733
 0.0349091 -0.0978367   0.727723
 0.0348924 -0.0978261   0.727713
 0.0348758 -0.0978155   0.727703
  0.034859 -0.0978048   0.727692
 0.0348423 -0.0977942   0.727682
 0.0348256 -0.0977835   0.727672
 0.0348088 -0.0977728   0.727662
  0.034792 -0.0977621   0.727651
 0.0347751 -0.0977514   0.727641
 0.0347583 -0.0977407   0.727631
0.0347414  -0.09773   0.72762
 0.0347245 -0.0977193    0.72761
 0.0347076 -0.0977085     0.7276
 0.0346906 -0.0976977   0.727589
0.0346737 -0.097687  0.727579
 0.0346567 -0.0976762   0.727569
 0.0346396 -0.0976654   0.727558
 0.0346226 -0.0976545   0.727548
 0.0346055 -0.0976437   0.727538
 0.0345884 -0.0976329   0.727527
0.0345713 -0.097622  0.727517
 0.0345541 -0.0976111   0.727506
  0.034537 -0.0976002   0.727496
 0.0345198 -0.0975893   0.727486
 0.0345026 -0.0975784   0.727475
 0.0344854 -0.0975675   0.727465
 0.0344681 -0.0975566   0.727454
 0.0344508 -0.0975456   0.727444
 0.0344335 -0.0975347   0.727434
 0.0344162 -0.0975237   0.727423
 0.0343989 -0.0975127   0.727413
 0.0343815 -0.0975017   0.727402
 0.0343641 -0.0974907   0.727392
 0.0343467 -0.0974797   0.727381
 0.0343292 -0.0974686   0.727371
 0.0343118 -0.0974576   0.727361
 0.0342943 -0.0974465    0.72735
 0.0342768 -0.0974355    0.72734
 0.0342592 -0.0974244   0.727329
 0.0342417 -0.0974133   0.727319
 0.0342241 -0.0974022   0.727308
0.0342065 -0.097391  0.727298
 0.0341889 -0.0973799   0.727287
 0.0341712 -0.0973688   0.727277
 0.0341535 -0.0973577   0.727266
 0.0341358 -0.0973466   0.727256
 0.0341181 -0.0973354   0.727246
 0.0341003 -0.0973243   0.727235
 0.0340825 -0.0973132   0.727225
 0.0340647 -0.0973021   0.727215
 0.0340469 -0.0972911   0.727204
0.034029 -0.09728 0.727194
  0.034011 -0.0972689   0.727184
 0.0339931 -0.0972579   0.727174
 0.0339752 -0.0972469   0.727164
 0.0339572 -0.0972358   0.727154
 0.0339391 -0.0972248   0.727144
 0.0339211 -0.0972138   0.727134
  0.033903 -0.0972028   0.727124
 0.0338849 -0.0971918   0.727114
 0.0338668 -0.0971808   0.727104
 0.0338487 -0.0971698   0.727094
 0.0338305 -0.0971588   0.727084
 0.0338123 -0.0971478   0.727074
 0.0337941 -0.0971368   0.727064
 0.0337759 -0.0971258   0.727055
 0.0337576 -0.0971149   0.727045
 0.0337394 -0.0971039   0.727035
 0.0337211 -0.0970929   0.727026
 0.0337027 -0.0970819   0.727016
 0.0336844 -0.0970709   0.727007
  0.033666 -0.0970599   0.726997
 0.0336477 -0.0970489   0.726988
 0.0336293 -0.0970379   0.726978
 0.0336109 -0.0970269   0.726969
 0.0335924 -0.0970159    0.72696
  0.033574 -0.0970048    0.72695
 0.0335555 -0.0969938   0.726941
  0.033537 -0.0969828   0.726932
 0.0335185 -0.0969718   0.726923
    0.0335 -0.0969607   0.726914
 0.0334814 -0.0969497   0.726905
 0.0334629 -0.0969387   0.726896
 0.0334443 -0.0969276   0.726886
 0.0334257 -0.0969165   0.726877
 0.0334071 -0.0969055   0.726868
 0.0333885 -0.0968944    0.72686
 0.0333699 -0.0968833   0.726851
 0.0333512 -0.0968722   0.726842
 0.0333326 -0.0968612   0.726833
 0.0333139 -0.0968501   0.726824
0.0332952 -0.096839  0.726815
 0.0332765 -0.0968279   0.726806
 0.0332578 -0.0968168   0.726798
 0.0332391 -0.0968057   0.726789
 0.0332203 -0.0967945    0.72678
 0.0332016 -0.0967834   0.726772
 0.0331828 -0.0967723   0.726763
  0.033164 -0.0967611   0.726754
0.0331452  -0.09675  0.726746
 0.0331264 -0.0967388   0.726737
 0.0331076 -0.0967277   0.726728
 0.0330888 -0.0967165    0.72672
 0.0330699 -0.0967054   0.726711
 0.0330511 -0.0966942   0.726703
0.0330322 -0.096683  0.726694
 0.0330133 -0.0966718   0.726686
 0.0329944 -0.0966606   0.726678
 0.0329755 -0.0966494   0.726669
 0.0329566 -0.0966382   0.726661
0.0329377 -0.096627  0.726652
 0.0329188 -0.0966158   0.726644
 0.0328998 -0.0966046   0.726636
 0.0328809 -0.0965934   0.726627
 0.0328619 -0.0965821   0.726619
  0.032843 -0.0965709   0.726611
  0.032824 -0.0965597   0.726602
  0.032805 -0.0965484   0.726594
  0.032786 -0.0965372   0.726586
  0.032767 -0.0965259   0.726578
  0.032748 -0.0965147   0.726569
 0.0327289 -0.0965034   0.726561
 0.0327099 -0.0964922   0.726553
 0.0326909 -0.0964809   0.726545
 0.0326718 -0.0964696   0.726537
 0.0326527 -0.0964584   0.726528
 0.0326337 -0.0964471    0.72652
 0.0326146 -0.0964358   0.726512
 0.0325955 -0.0964245   0.726504
 0.0325764 -0.0964132   0.726496
 0.0325573 -0.0964019   0.726488
 0.0325382 -0.0963907    0.72648
 0.0325191 -0.0963794   0.726472
 0.0324999 -0.0963681   0.726463
 0.0324808 -0.0963568   0.726455
 0.0324617 -0.0963455   0.726447
 0.0324425 -0.0963342   0.726439
 0.0324234 -0.0963229   0.726431
 0.0324042 -0.0963116   0.726423
  0.032385 -0.0963003   0.726415
0.0323658 -0.096289  0.726407
 0.0323466 -0.0962776   0.726399
 0.0323275 -0.0962663   0.726391
0.0323083 -0.096255  0.726383
  0.032289 -0.0962437   0.726375
 0.0322698 -0.0962324   0.726367
 0.0322506 -0.0962211   0.726359
 0.0322314 -0.0962098   0.726351
 0.0322122 -0.0961984   0.726343
 0.0321929 -0.0961871   0.726335
 0.0321737 -0.0961758   0.726327
 0.0321544 -0.0961645   0.726319
 0.0321352 -0.0961532   0.726311
 0.0321159 -0.0961418   0.726303
 0.0320966 -0.0961305   0.726295
 0.0320773 -0.0961192   0.726287
 0.0320581 -0.0961079   0.726279
 0.0320388 -0.0960965   0.726271
 0.0320195 -0.0960852   0.726263
 0.0320002 -0.0960739   0.726255
 0.0319809 -0.0960626   0.726247
 0.0319616 -0.0960513   0.726239
0.0319423  -0.09604  0.726231
  0.031923 -0.0960286   0.726223
 0.0319037 -0.0960173   0.726215
0.0318843 -0.096006  0.726207
  0.031865 -0.0959947   0.726199
 0.0318457 -0.0959834   0.726192
 0.0318264 -0.0959721   0.726184
  0.031807 -0.0959608   0.726176
 0.0317877 -0.0959495   0.726168
 0.0317683 -0.0959382    0.72616
  0.031749 -0.0959269   0.726152
 0.0317296 -0.0959155   0.726144
 0.0317103 -0.0959042   0.726136
 0.0316909 -0.0958929   0.726128
 0.0316716 -0.0958816    0.72612
 0.0316522 -0.0958703   0.726112
0.0316328 -0.095859  0.726104
 0.0316135 -0.0958477   0.726096
 0.0315941 -0.0958365   0.726088
 0.0315747 -0.0958252    0.72608
 0.0315553 -0.0958139   0.726072
  0.031536 -0.0958026   0.726064
 0.0315166 -0.0957913   0.726056
 0.0314972 -0.0957801   0.726048
 0.0314778 -0.0957688    0.72604
 0.0314584 -0.0957575   0.726033
 0.0314391 -0.0957462   0.726025
0.0314197 -0.095735  0.726017
 0.0314003 -0.0957237   0.726009
 0.0313809 -0.0957125   0.726001
 0.0313615 -0.0957012   0.725993
0.0313421  -0.09569  0.725985
 0.0313227 -0.0956787   0.725977
 0.0313033 -0.0956675   0.725969
  0.031284 -0.0956563   0.725961
0.0312646 -0.095645  0.725953
 0.0312452 -0.0956338   0.725945
 0.0312258 -0.0956226   0.725937
 0.0312064 -0.0956113   0.725929
  0.031187 -0.0956001   0.725921
 0.0311677 -0.0955889   0.725913
 0.0311483 -0.0955777   0.725905
 0.0311289 -0.0955665   0.725897
 0.0311095 -0.0955553   0.725889
 0.0310901 -0.0955441   0.725881
 0.0310707 -0.0955329   0.725873
 0.0310513 -0.0955217   0.725865
  0.031032 -0.0955105   0.725857
 0.0310126 -0.0954994   0.725849
 0.0309932 -0.0954882   0.725841
0.0309739 -0.095477  0.725833
 0.0309545 -0.0954659   0.725825
 0.0309351 -0.0954547   0.725817
 0.0309158 -0.0954436   0.725809
 0.0308964 -0.0954324   0.725801
  0.030877 -0.0954213   0.725793
 0.0308577 -0.0954102   0.725785
0.0308383 -0.095399  0.725777
  0.030819 -0.0953879   0.725769
 0.0307996 -0.0953768   0.725761
 0.0307803 -0.0953657   0.725753
  0.030761 -0.0953546   0.725745
 0.0307416 -0.0953435   0.725737
 0.0307223 -0.0953324   0.725729
  0.030703 -0.0953213   0.725721
 0.0306837 -0.0953102   0.725713
 0.0306643 -0.0952992   0.725705
  0.030645 -0.0952881   0.725696
0.0306257 -0.095277  0.725688
0.0306064 -0.095266   0.72568
 0.0305871 -0.0952549   0.725672
 0.0305679 -0.0952439   0.725664
 0.0305486 -0.0952328   0.725656
 0.0305293 -0.0952218   0.725648
   0.03051 -0.0952108    0.72564
 0.0304907 -0.0951998   0.725632
 0.0304715 -0.0951888   0.725624
 0.0304522 -0.0951778   0.725616
  0.030433 -0.0951668   0.725608
 0.0304137 -0.0951558   0.725599
 0.0303945 -0.0951448   0.725591
 0.0303753 -0.0951339   0.725583
  0.030356 -0.0951229   0.725575
 0.0303368 -0.0951119   0.725567
0.0303176 -0.095101  0.725559
 0.0302984 -0.0950901   0.725551
 0.0302792 -0.0950791   0.725543
   0.03026 -0.0950682   0.725534
 0.0302409 -0.0950573   0.725526
 0.0302217 -0.0950464   0.725518
 0.0302025 -0.0950355    0.72551
 0.0301834 -0.0950246   0.725502
 0.0301642 -0.0950137   0.725494
 0.0301451 -0.0950028   0.725486
  0.030126 -0.0949919   0.725477
 0.0301069 -0.0949811   0.725469
 0.0300877 -0.0949702   0.725461
 0.0300686 -0.0949594   0.725453
 0.0300495 -0.0949485   0.725445
 0.0300305 -0.0949377   0.725437
 0.0300114 -0.0949269   0.725428
 0.0299923 -0.0949161    0.72542
 0.0299733 -0.0949053   0.725412
 0.0299542 -0.0948945   0.725404
 0.0299352 -0.0948837   0.725396
 0.0299162 -0.0948729   0.725387
 0.0298972 -0.0948621   0.725379
 0.0298782 -0.0948514   0.725371
 0.0298592 -0.0948406   0.725363
 0.0298402 -0.0948299   0.725355
 0.0298212 -0.0948192   0.725346
 0.0298023 -0.0948084   0.725338
 0.0297833 -0.0947977    0.72533
0.0297644 -0.094787  0.725322
 0.0297454 -0.0947763   0.725313
 0.0297265 -0.0947656   0.725305
 0.0297076 -0.0947549   0.725297
 0.0296887 -0.0947443   0.725289
 0.0296699 -0.0947336    0.72528
 0.029651 -0.094723  0.725272
 0.0296322 -0.0947123   0.725264
 0.0296133 -0.0947017   0.725256
 0.0295945 -0.0946911   0.725247
 0.0295757 -0.0946805   0.725239
 0.0295569 -0.0946699   0.725231
 0.0295381 -0.0946593   0.725223
 0.0295193 -0.0946487   0.725214
 0.0295005 -0.0946381   0.725206
 0.0294818 -0.0946275   0.725198
 0.029463 -0.094617  0.725189
 0.0294443 -0.0946064   0.725181
 0.0294256 -0.0945959   0.725173
 0.0294069 -0.0945854   0.725164
 0.0293882 -0.0945748   0.725156
 0.0293695 -0.0945643   0.725148
 0.0293509 -0.0945538   0.725139
 0.0293323 -0.0945434   0.725131
 0.0293136 -0.0945329   0.725123
  0.029295 -0.0945224   0.725114
0.0292764 -0.094512  0.725106
 0.0292578 -0.0945015   0.725098
 0.0292393 -0.0944911   0.725089
 0.0292207 -0.0944806   0.725081
 0.0292022 -0.0944702   0.725073
 0.0291837 -0.0944598   0.725064
 0.0291652 -0.0944494   0.725056
0.0291467 -0.094439  0.725048
 0.0291282 -0.0944287   0.725039
 0.0291097 -0.0944183   0.725031
 0.0290913 -0.0944079   0.725023
 0.0290729 -0.0943976   0.725014
 0.0290545 -0.0943873   0.725006
 0.0290361 -0.0943769   0.724997
 0.0290177 -0.0943666   0.724989
 0.0289993 -0.0943563   0.724981
 0.028981 -0.094346  0.724972
 0.0289627 -0.0943357   0.724964
 0.0289444 -0.0943255   0.724955
  0.028926 -0.0943152   0.724947
0.0289078 -0.094305  0.724939
 0.0288895 -0.0942947    0.72493
 0.0288713 -0.0942845   0.724922
  0.028853 -0.0942743   0.724913
0.0288348 -0.094264  0.724905
 0.0288167 -0.0942538   0.724896
 0.0287985 -0.0942437   0.724888
 0.0287803 -0.0942335    0.72488
 0.0287622 -0.0942233   0.724871
 0.0287441 -0.0942132   0.724863
 0.028726 -0.094203  0.724854
 0.0287079 -0.0941929   0.724846
 0.0286898 -0.0941828   0.724837
 0.0286718 -0.0941727   0.724829
 0.0286537 -0.0941626    0.72482
 0.0286357 -0.0941525   0.724812
 0.0286177 -0.0941424   0.724803
 0.0285998 -0.0941323   0.724795
 0.0285818 -0.0941222   0.724786
 0.0285639 -0.0941122   0.724778
  0.028546 -0.0941022   0.724769
 0.0285281 -0.0940921   0.724761
 0.0285102 -0.0940821   0.724752
 0.0284923 -0.0940721   0.724744
 0.0284745 -0.0940621   0.724735
 0.0284567 -0.0940522   0.724727
 0.0284389 -0.0940422   0.724718
 0.0284211 -0.0940322    0.72471
 0.0284034 -0.0940223   0.724701
 0.0283856 -0.0940123   0.724693
 0.0283679 -0.0940024   0.724684
 0.0283502 -0.0939925   0.724676
 0.0283325 -0.0939826   0.724667
 0.0283149 -0.0939727   0.724659
 0.0282973 -0.0939628    0.72465
 0.0282796 -0.0939529   0.724642
  0.028262 -0.0939431   0.724633
 0.0282445 -0.0939332   0.724624
 0.0282269 -0.0939234   0.724616
 0.0282094 -0.0939135   0.724607
 0.0281919 -0.0939037   0.724599
 0.0281744 -0.0938939    0.72459
 0.0281569 -0.0938841   0.724582
 0.0281394 -0.0938743   0.724573
  0.028122 -0.0938646   0.724564
 0.0281046 -0.0938548   0.724556
 0.0280872 -0.0938451   0.724547
 0.0280699 -0.0938353   0.724539
 0.0280525 -0.0938256    0.72453
 0.0280352 -0.0938159   0.724522
 0.0280179 -0.0938062   0.724513
 0.0280006 -0.0937965   0.724504
 0.0279834 -0.0937868   0.724496
 0.0279661 -0.0937771   0.724487
 0.0279489 -0.0937674   0.724478
 0.0279317 -0.0937578    0.72447
 0.0279146 -0.0937482   0.724461
 0.0278974 -0.0937385   0.724453
 0.0278803 -0.0937289   0.724444
 0.0278632 -0.0937193   0.724435
 0.0278461 -0.0937097   0.724427
 0.0278291 -0.0937001   0.724418
  0.027812 -0.0936905   0.724409
 0.027795 -0.093681  0.724401
  0.027778 -0.0936714   0.724392
 0.0277611 -0.0936619   0.724383
 0.0277441 -0.0936523   0.724375
 0.0277272 -0.0936428   0.724366
 0.0277103 -0.0936333   0.724357
 0.0276934 -0.0936238   0.724349
 0.0276766 -0.0936143    0.72434
 0.0276597 -0.0936049   0.724331
 0.0276429 -0.0935954   0.724323
 0.0276261 -0.0935859   0.724314
 0.0276094 -0.0935765   0.724305
0.0275926 -0.093567  0.724297
 0.0275759 -0.0935576   0.724288
 0.0275592 -0.0935482   0.724279
 0.0275426 -0.0935388   0.724271
 0.0275259 -0.0935294   0.724262
 0.0275093 -0.0935201   0.724253
 0.0274927 -0.0935107   0.724245
 0.0274761 -0.0935013   0.724236
0.0274596 -0.093492  0.724227
 0.0274431 -0.0934826   0.724218
 0.0274266 -0.0934733    0.72421
0.0274101 -0.093464  0.724201
 0.0273936 -0.0934547   0.724192
 0.0273772 -0.0934454   0.724183
 0.0273608 -0.0934361   0.724175
 0.0273444 -0.0934268   0.724166
  0.027328 -0.0934176   0.724157
 0.0273117 -0.0934083   0.724148
 0.0272954 -0.0933991    0.72414
 0.0272791 -0.0933899   0.724131
 0.0272628 -0.0933806   0.724122
 0.0272466 -0.0933714   0.724113
 0.0272304 -0.0933622   0.724105
0.0272142 -0.093353  0.724096
  0.027198 -0.0933438   0.724087
 0.0271819 -0.0933347   0.724078
 0.0271658 -0.0933255    0.72407
 0.0271497 -0.0933164   0.724061
 0.0271336 -0.0933072   0.724052
 0.0271175 -0.0932981   0.724043
0.0271015 -0.093289  0.724035
 0.0270855 -0.0932799   0.724026
 0.0270696 -0.0932708   0.724017
 0.0270536 -0.0932617   0.724008
 0.0270377 -0.0932526   0.723999
 0.0270218 -0.0932435   0.723991
 0.0270059 -0.0932344   0.723982
 0.0269901 -0.0932254   0.723973
 0.0269742 -0.0932164   0.723964
 0.0269584 -0.0932073   0.723955
 0.0269426 -0.0931983   0.723947
 0.0269269 -0.0931893   0.723938
 0.0269112 -0.0931803   0.723929
 0.0268955 -0.0931713    0.72392
 0.0268798 -0.0931623   0.723911
 0.0268642 -0.0931533   0.723902
 0.0268486 -0.0931444   0.723894
  0.026833 -0.0931354   0.723885
 0.0268174 -0.0931265   0.723876
 0.0268019 -0.0931175   0.723867
 0.0267863 -0.0931086   0.723858
 0.0267708 -0.0930997    0.72385
 0.0267554 -0.0930908   0.723841
 0.0267399 -0.0930819   0.723832
0.0267245 -0.093073  0.723823
 0.0267091 -0.0930641   0.723814
 0.0266938 -0.0930552   0.723805
 0.0266784 -0.0930463   0.723796
 0.0266631 -0.0930375   0.723788
 0.0266478 -0.0930286   0.723779
 0.0266326 -0.0930198    0.72377
0.0266174 -0.093011  0.723761
 0.0266021 -0.0930022   0.723752
  0.026587 -0.0929933   0.723743
 0.0265718 -0.0929845   0.723735
 0.0265567 -0.0929757   0.723726
 0.0265416 -0.0929669   0.723717
 0.0265265 -0.0929581   0.723708
 0.0265115 -0.0929494   0.723699
 0.0264964 -0.0929406    0.72369
 0.0264814 -0.0929318   0.723681
 0.0264665 -0.0929231   0.723673
 0.0264515 -0.0929143   0.723664
 0.0264366 -0.0929056   0.723655
 0.0264217 -0.0928969   0.723646
 0.0264069 -0.0928882   0.723637
  0.026392 -0.0928794   0.723628
 0.0263772 -0.0928707   0.723619
0.0263624 -0.092862  0.723611
 0.0263477 -0.0928533   0.723602
 0.0263329 -0.0928447   0.723593
0.0263182 -0.092836  0.723584
 0.0263035 -0.0928273   0.723575
 0.0262889 -0.0928187   0.723566
0.0262743  -0.09281  0.723557
 0.0262597 -0.0928014   0.723549
 0.0262451 -0.0927927    0.72354
 0.0262305 -0.0927841   0.723531
  0.026216 -0.0927755   0.723522
 0.0262015 -0.0927668   0.723513
 0.0261871 -0.0927582   0.723504
 0.0261726 -0.0927496   0.723495
0.0261582 -0.092741  0.723486
 0.0261438 -0.0927324   0.723478
 0.0261294 -0.0927239   0.723469
 0.0261151 -0.0927153    0.72346
 0.0261008 -0.0927067   0.723451
 0.0260865 -0.0926982   0.723442
 0.0260723 -0.0926896   0.723433
  0.026058 -0.0926811   0.723424
 0.0260438 -0.0926725   0.723416
0.0260296 -0.092664  0.723407
 0.0260155 -0.0926554   0.723398
 0.0260013 -0.0926469   0.723389
 0.0259872 -0.0926384    0.72338
 0.0259731 -0.0926299   0.723371
 0.0259591 -0.0926214   0.723362
 0.0259451 -0.0926129   0.723353
 0.0259311 -0.0926045   0.723345
0.0259171 -0.092596  0.723336
 0.0259031 -0.0925875   0.723327
0.0258892 -0.092579  0.723318
 0.0258753 -0.0925705   0.723309
 0.0258614 -0.0925621     0.7233
 0.0258476 -0.0925536   0.723291
 0.0258338 -0.0925452   0.723283
   0.02582 -0.0925367   0.723274
 0.0258062 -0.0925283   0.723265
 0.0257924 -0.0925199   0.723256
 0.0257787 -0.0925115   0.723247
  0.025765 -0.0925031   0.723238
 0.0257513 -0.0924946   0.723229
 0.0257377 -0.0924862    0.72322
 0.0257241 -0.0924778   0.723212
 0.0257105 -0.0924694   0.723203
0.0256969 -0.092461  0.723194
 0.0256833 -0.0924527   0.723185
 0.0256698 -0.0924443   0.723176
 0.0256563 -0.0924359   0.723167
 0.0256428 -0.0924276   0.723158
 0.0256294 -0.0924192   0.723149
  0.025616 -0.0924109   0.723141
 0.0256026 -0.0924025   0.723132
 0.0255892 -0.0923942   0.723123
 0.0255758 -0.0923858   0.723114
 0.0255625 -0.0923775   0.723105
 0.0255492 -0.0923691   0.723096
 0.0255359 -0.0923608   0.723087
 0.0255227 -0.0923525   0.723079
 0.0255094 -0.0923442    0.72307
 0.0254962 -0.0923359   0.723061
  0.025483 -0.0923276   0.723052
 0.0254699 -0.0923193   0.723043
0.0254567 -0.092311  0.723034
 0.0254436 -0.0923027   0.723025
 0.0254305 -0.0922944   0.723016
 0.0254175 -0.0922862   0.723007
 0.0254044 -0.0922779   0.722999
 0.0253914 -0.0922696    0.72299
 0.0253784 -0.0922614   0.722981
 0.0253654 -0.0922531   0.722972
 0.0253525 -0.0922449   0.722963
 0.0253395 -0.0922366   0.722954
 0.0253266 -0.0922284   0.722945
 0.0253137 -0.0922202   0.722936
 0.0253009 -0.0922119   0.722927
  0.025288 -0.0922037   0.722918
 0.0252752 -0.0921955    0.72291
 0.0252624 -0.0921873   0.722901
 0.0252496 -0.0921791   0.722892
 0.0252369 -0.0921709   0.722883
 0.0252242 -0.0921627   0.722874
 0.0252114 -0.0921545   0.722865
 0.0251988 -0.0921464   0.722856
 0.0251861 -0.0921382   0.722847
0.0251734  -0.09213  0.722838
 0.0251608 -0.0921218   0.722829
 0.0251482 -0.0921137    0.72282
 0.0251356 -0.0921055   0.722811
 0.0251231 -0.0920974   0.722802
 0.0251105 -0.0920892   0.722793
  0.025098 -0.0920811   0.722784
 0.0250855 -0.0920729   0.722775
  0.025073 -0.0920648   0.722766
 0.0250606 -0.0920567   0.722757
 0.0250482 -0.0920486   0.722748
 0.0250357 -0.0920405   0.722739
 0.0250234 -0.0920323    0.72273
  0.025011 -0.0920242   0.722721
 0.0249986 -0.0920161   0.722712
0.0249863 -0.092008  0.722703
  0.024974 -0.0919999   0.722694
 0.0249617 -0.0919918   0.722685
 0.0249495 -0.0919837   0.722676
 0.0249372 -0.0919756   0.722667
  0.024925 -0.0919675   0.722658
 0.0249128 -0.0919594   0.722649
 0.0249006 -0.0919513    0.72264
 0.0248884 -0.0919433   0.722631
 0.0248763 -0.0919352   0.722622
 0.0248642 -0.0919271   0.722613
0.0248521 -0.091919  0.722604
   0.02484 -0.0919109   0.722595
 0.0248279 -0.0919028   0.722586
 0.0248159 -0.0918948   0.722576
 0.0248038 -0.0918867   0.722567
 0.0247919 -0.0918787   0.722558
 0.0247799 -0.0918706   0.722549
 0.0247679 -0.0918626    0.72254
 0.0247559 -0.0918545   0.722531
  0.024744 -0.0918464   0.722522
 0.0247321 -0.0918384   0.722513
 0.0247202 -0.0918303   0.722504
 0.0247084 -0.0918222   0.722495
 0.0246965 -0.0918142   0.722486
 0.0246847 -0.0918062   0.722477
 0.0246728 -0.0917981   0.722467
  0.024661 -0.0917901   0.722458
 0.0246493 -0.0917821   0.722449
0.0246375 -0.091774   0.72244
0.0246258 -0.091766  0.722431
 0.0246141 -0.0917579   0.722422
 0.0246024 -0.0917499   0.722413
 0.0245907 -0.0917419   0.722404
  0.024579 -0.0917338   0.722395
 0.0245674 -0.0917258   0.722385
 0.0245558 -0.0917178   0.722376
 0.0245441 -0.0917097   0.722367
 0.0245325 -0.0917017   0.722358
  0.024521 -0.0916937   0.722349
 0.0245094 -0.0916857    0.72234
 0.0244979 -0.0916777   0.722331
 0.0244864 -0.0916696   0.722322
 0.0244749 -0.0916616   0.722312
 0.0244634 -0.0916536   0.722303
 0.0244519 -0.0916455   0.722294
 0.0244404 -0.0916375   0.722285
  0.024429 -0.0916295   0.722276
 0.0244176 -0.0916215   0.722267
 0.0244062 -0.0916135   0.722258
 0.0243948 -0.0916055   0.722248
 0.0243834 -0.0915975   0.722239
 0.0243721 -0.0915895    0.72223
 0.0243608 -0.0915814   0.722221
 0.0243494 -0.0915734   0.722212
 0.0243381 -0.0915654   0.722203
 0.0243268 -0.0915574   0.722193
 0.0243156 -0.0915493   0.722184
 0.0243043 -0.0915413   0.722175
 0.0242931 -0.0915333   0.722166
 0.0242819 -0.0915253   0.722157
 0.0242707 -0.0915173   0.722148
 0.0242595 -0.0915093   0.722138
 0.0242483 -0.0915013   0.722129
 0.0242371 -0.0914933    0.72212
  0.024226 -0.0914852   0.722111
 0.0242149 -0.0914772   0.722102
 0.0242038 -0.0914692   0.722092
 0.0241927 -0.0914612   0.722083
 0.0241816 -0.0914531   0.722074
 0.0241705 -0.0914451   0.722065
 0.0241595 -0.0914371   0.722056
 0.0241484 -0.0914291   0.722046
 0.0241374 -0.0914211   0.722037
 0.0241264 -0.0914131   0.722028
 0.0241154 -0.0914051   0.722019
0.0241044 -0.091397   0.72201
0.0240934 -0.091389     0.722
0.0240825 -0.091381  0.721991
 0.0240716 -0.0913729   0.721982
 0.0240607 -0.0913649   0.721973
 0.0240497 -0.0913569   0.721963
 0.0240389 -0.0913489   0.721954
  0.024028 -0.0913408   0.721945
 0.0240171 -0.0913328   0.721936
 0.0240062 -0.0913248   0.721927
 0.0239954 -0.0913167   0.721917
 0.0239846 -0.0913087   0.721908
 0.0239738 -0.0913006   0.721899
  0.023963 -0.0912926    0.72189
 0.0239522 -0.0912845    0.72188
 0.0239414 -0.0912765   0.721871
 0.0239306 -0.0912685   0.721862
 0.0239199 -0.0912604   0.721853
 0.0239091 -0.0912524   0.721843
 0.0238984 -0.0912443   0.721834
 0.0238877 -0.0912363   0.721825
  0.023877 -0.0912282   0.721816
 0.0238663 -0.0912202   0.721806
 0.0238556 -0.0912121   0.721797
 0.023845 -0.091204  0.721788
0.0238343 -0.091196  0.721779
 0.0238237 -0.0911879   0.721769
  0.023813 -0.0911798    0.72176
 0.0238024 -0.0911718   0.721751
 0.0237918 -0.0911637   0.721742
 0.0237812 -0.0911556   0.721732
 0.0237706 -0.0911476   0.721723
   0.02376 -0.0911395   0.721714
 0.0237495 -0.0911314   0.721705
 0.0237389 -0.0911233   0.721695
 0.0237284 -0.0911152   0.721686
 0.0237178 -0.0911071   0.721677
0.0237073 -0.091099  0.721668
 0.0236968 -0.0910909   0.721658
 0.0236863 -0.0910828   0.721649
 0.0236758 -0.0910747    0.72164
 0.0236653 -0.0910666    0.72163
 0.0236548 -0.0910585   0.721621
 0.0236444 -0.0910504   0.721612
 0.0236339 -0.0910423   0.721603
 0.0236235 -0.0910342   0.721593
 0.023613 -0.091026  0.721584
 0.0236026 -0.0910179   0.721575
 0.0235922 -0.0910098   0.721565
 0.0235818 -0.0910017   0.721556
 0.0235714 -0.0909935   0.721547
  0.023561 -0.0909854   0.721538
 0.0235506 -0.0909773   0.721528
 0.0235402 -0.0909691   0.721519
0.0235298 -0.090961   0.72151
 0.0235195 -0.0909528     0.7215
 0.0235091 -0.0909446   0.721491
 0.0234988 -0.0909365   0.721482
 0.0234885 -0.0909283   0.721473
 0.0234781 -0.0909201   0.721463
0.0234678 -0.090912  0.721454
 0.0234575 -0.0909038   0.721445
 0.0234472 -0.0908956   0.721435
 0.0234369 -0.0908874   0.721426
 0.0234266 -0.0908793   0.721417
 0.0234163 -0.0908711   0.721407
  0.023406 -0.0908629   0.721398
 0.0233958 -0.0908547   0.721389
 0.0233855 -0.0908465   0.721379
 0.0233753 -0.0908382    0.72137
0.023365 -0.09083 0.721361
 0.0233548 -0.0908218   0.721352
 0.0233445 -0.0908136   0.721342
 0.0233343 -0.0908054   0.721333
 0.0233241 -0.0907971   0.721324
 0.0233138 -0.0907889   0.721314
 0.0233036 -0.0907807   0.721305
 0.0232934 -0.0907724   0.721296
 0.0232832 -0.0907642   0.721286
  0.023273 -0.0907559   0.721277
 0.0232628 -0.0907477   0.721268
 0.0232527 -0.0907394   0.721258
 0.0232425 -0.0907311   0.721249
 0.0232323 -0.0907229    0.72124
 0.0232221 -0.0907146    0.72123
  0.023212 -0.0907063   0.721221
0.0232018 -0.090698  0.721212
 0.0231916 -0.0906897   0.721202
 0.0231815 -0.0906814   0.721193
 0.0231713 -0.0906731   0.721184
 0.0231612 -0.0906648   0.721174
 0.0231511 -0.0906565   0.721165
 0.0231409 -0.0906482   0.721156
 0.0231308 -0.0906399   0.721146
 0.0231207 -0.0906315   0.721137
 0.0231105 -0.0906232   0.721128
 0.0231004 -0.0906149   0.721118
 0.0230903 -0.0906065   0.721109
 0.0230802 -0.0905982   0.721099
   0.02307 -0.0905898    0.72109
 0.0230599 -0.0905815   0.721081
 0.0230498 -0.0905731   0.721071
 0.0230397 -0.0905647   0.721062
 0.0230296 -0.0905564   0.721053
0.0230195 -0.090548  0.721043
 0.0230094 -0.0905396   0.721034
 0.0229993 -0.0905312   0.721025
 0.0229892 -0.0905228   0.721015
 0.0229791 -0.0905144   0.721006
 0.022969 -0.090506  0.720997
  0.022959 -0.0904976   0.720987
 0.0229489 -0.0904892   0.720978
 0.0229388 -0.0904807   0.720968
 0.0229287 -0.0904723   0.720959
 0.0229186 -0.0904638    0.72095
 0.0229085 -0.0904554    0.72094
 0.0228984 -0.0904469   0.720931
 0.0228884 -0.0904385   0.720922
0.0228783  -0.09043  0.720912
 0.0228682 -0.0904216   0.720903
 0.0228581 -0.0904131   0.720894
 0.0228481 -0.0904046   0.720884
  0.022838 -0.0903961   0.720875
 0.0228279 -0.0903876   0.720865
 0.0228178 -0.0903791   0.720856
 0.0228077 -0.0903706   0.720847
 0.0227977 -0.0903621   0.720837
 0.0227876 -0.0903536   0.720828
 0.0227775 -0.0903451   0.720819
 0.0227674 -0.0903365   0.720809
0.0227573 -0.090328    0.7208
 0.0227473 -0.0903194    0.72079
 0.0227372 -0.0903109   0.720781
 0.0227271 -0.0903023   0.720772
  0.022717 -0.0902938   0.720762
 0.0227069 -0.0902852   0.720753
 0.0226968 -0.0902766   0.720744
 0.0226867 -0.0902681   0.720734
 0.0226766 -0.0902595   0.720725
 0.0226665 -0.0902509   0.720715
 0.0226564 -0.0902423   0.720706
 0.0226463 -0.0902336   0.720697
0.0226362 -0.090225  0.720687
 0.0226261 -0.0902164   0.720678
  0.022616 -0.0902078   0.720668
 0.0226059 -0.0901992   0.720659
 0.0225958 -0.0901905    0.72065
 0.0225857 -0.0901819    0.72064
 0.0225756 -0.0901732   0.720631
 0.0225654 -0.0901645   0.720621
 0.0225553 -0.0901559   0.720612
 0.0225452 -0.0901472   0.720603
 0.0225351 -0.0901385   0.720593
 0.0225249 -0.0901298   0.720584
 0.0225148 -0.0901211   0.720574
 0.0225046 -0.0901124   0.720565
 0.0224945 -0.0901037   0.720556
0.0224844 -0.090095  0.720546
 0.0224742 -0.0900863   0.720537
  0.022464 -0.0900775   0.720527
 0.0224539 -0.0900688   0.720518
0.0224437  -0.09006  0.720509
 0.0224335 -0.0900513   0.720499
 0.0224233 -0.0900425    0.72049
 0.0224131 -0.0900337    0.72048
 0.022403 -0.090025  0.720471
 0.0223928 -0.0900162   0.720462
 0.0223825 -0.0900074   0.720452
 0.0223724 -0.0899986   0.720443
 0.0223621 -0.0899898   0.720433
0.0223519 -0.089981  0.720424
 0.0223417 -0.0899721   0.720415
 0.0223314 -0.0899633   0.720405
 0.0223212 -0.0899545   0.720396
 0.0223109 -0.0899456   0.720386
 0.0223007 -0.0899368   0.720377
 0.0222904 -0.0899279   0.720368
 0.0222801 -0.0899191   0.720358
 0.0222699 -0.0899102   0.720349
 0.0222596 -0.0899013   0.720339
 0.0222493 -0.0898924    0.72033
  0.022239 -0.0898835    0.72032
 0.0222287 -0.0898746   0.720311
 0.0222184 -0.0898657   0.720302
  0.022208 -0.0898568   0.720292
 0.0221977 -0.0898478   0.720283
 0.0221873 -0.0898389   0.720273
  0.022177 -0.0898299   0.720264
0.0221666 -0.089821  0.720254
0.0221562 -0.089812  0.720245
 0.0221459 -0.0898031   0.720236
 0.0221355 -0.0897941   0.720226
 0.0221251 -0.0897851   0.720217
 0.0221147 -0.0897761   0.720207
 0.0221042 -0.0897671   0.720198
 0.0220938 -0.0897581   0.720188
 0.0220834 -0.0897491   0.720179
0.0220729  -0.08974  0.720169
0.0220625 -0.089731   0.72016
 0.022052 -0.089722   0.72015
 0.0220415 -0.0897129   0.720141
  0.022031 -0.0897039   0.720132
 0.0220205 -0.0896948   0.720122
   0.02201 -0.0896857   0.720113
 0.0219995 -0.0896767   0.720103
  0.021989 -0.0896676   0.720094
 0.0219784 -0.0896584   0.720084
 0.0219679 -0.0896493   0.720075
 0.0219573 -0.0896402   0.720065
 0.0219467 -0.0896311   0.720056
0.0219361 -0.089622  0.720046
 0.0219255 -0.0896128   0.720037
 0.0219149 -0.0896037   0.720027
 0.0219043 -0.0895945   0.720018
 0.0218936 -0.0895854   0.720009
  0.021883 -0.0895762   0.719999
0.0218723 -0.089567   0.71999
 0.0218616 -0.0895578    0.71998
  0.021851 -0.0895486   0.719971
 0.0218403 -0.0895394   0.719961
 0.0218295 -0.0895302   0.719952
0.0218188 -0.089521  0.719942
 0.0218081 -0.0895117   0.719933
 0.0217973 -0.0895025   0.719923
 0.0217866 -0.0894933   0.719914
0.0217758 -0.089484  0.719904
  0.021765 -0.0894747   0.719895
 0.0217542 -0.0894655   0.719885
 0.0217434 -0.0894562   0.719876
 0.0217325 -0.0894469   0.719866
 0.0217217 -0.0894376   0.719857
 0.0217108 -0.0894283   0.719847
    0.0217 -0.0894189   0.719838
 0.0216891 -0.0894096   0.719828
 0.0216782 -0.0894003   0.719819
0.0216672 -0.089391  0.719809
 0.0216563 -0.0893816     0.7198
 0.0216454 -0.0893723    0.71979
 0.0216344 -0.0893629   0.719781
 0.0216234 -0.0893535   0.719771
 0.0216125 -0.0893441   0.719762
 0.0216015 -0.0893347   0.719752
 0.0215904 -0.0893253   0.719743
 0.0215794 -0.0893159   0.719733
 0.0215683 -0.0893065   0.719724
 0.0215573 -0.0892971   0.719714
 0.0215462 -0.0892877   0.719705
 0.0215351 -0.0892783   0.719695
  0.021524 -0.0892688   0.719686
 0.0215129 -0.0892594   0.719676
 0.0215017 -0.0892499   0.719667
 0.0214906 -0.0892404   0.719657
 0.0214794 -0.0892309   0.719647
 0.0214682 -0.0892214   0.719638
  0.021457 -0.0892119   0.719628
 0.0214458 -0.0892024   0.719619
 0.0214345 -0.0891929   0.719609
 0.0214233 -0.0891834     0.7196
  0.021412 -0.0891739    0.71959
 0.0214008 -0.0891644   0.719581
 0.0213894 -0.0891548   0.719571
 0.0213781 -0.0891452   0.719562
 0.0213668 -0.0891356   0.719552
 0.0213554 -0.0891261   0.719543
 0.0213441 -0.0891165   0.719533
 0.0213327 -0.0891069   0.719524
 0.0213213 -0.0890973   0.719514
 0.0213099 -0.0890877   0.719504
 0.0212984 -0.0890781   0.719495
  0.021287 -0.0890685   0.719485
 0.0212755 -0.0890588   0.719476
  0.021264 -0.0890492   0.719466
 0.0212525 -0.0890395   0.719457
  0.021241 -0.0890298   0.719447
 0.0212295 -0.0890202   0.719438
 0.0212179 -0.0890105   0.719428
 0.0212063 -0.0890008   0.719419
 0.0211947 -0.0889911   0.719409
 0.0211831 -0.0889814     0.7194
 0.0211715 -0.0889717    0.71939
0.0211598 -0.088962   0.71938
 0.0211482 -0.0889523   0.719371
 0.0211365 -0.0889426   0.719361
 0.0211248 -0.0889328   0.719352
 0.0211131 -0.0889231   0.719342
 0.0211013 -0.0889133   0.719333
 0.0210895 -0.0889035   0.719323
 0.0210778 -0.0888937   0.719314
 0.021066 -0.088884  0.719304
 0.0210541 -0.0888742   0.719295
 0.0210423 -0.0888644   0.719285
 0.0210304 -0.0888546   0.719276
 0.0210186 -0.0888448   0.719266
0.0210067 -0.088835  0.719256
 0.0209948 -0.0888251   0.719247
 0.0209828 -0.0888153   0.719237
 0.0209709 -0.0888054   0.719228
 0.0209589 -0.0887955   0.719218
 0.0209469 -0.0887857   0.719209
  0.020935 -0.0887758   0.719199
0.0209229 -0.088766   0.71919
 0.0209109 -0.0887561    0.71918
 0.0208988 -0.0887462   0.719171
 0.0208868 -0.0887363   0.719161
 0.0208747 -0.0887264   0.719151
 0.0208626 -0.0887165   0.719142
 0.0208505 -0.0887065   0.719132
 0.0208383 -0.0886966   0.719123
 0.0208262 -0.0886867   0.719113
  0.020814 -0.0886767   0.719104
 0.0208018 -0.0886668   0.719094
 0.0207896 -0.0886568   0.719085
 0.0207773 -0.0886469   0.719075
 0.0207651 -0.0886369   0.719066
 0.0207528 -0.0886269   0.719056
0.0207406 -0.088617  0.719046
0.0207283 -0.088607  0.719037
 0.020716 -0.088597  0.719027
 0.0207036 -0.0885869   0.719018
 0.0206913 -0.0885769   0.719008
 0.0206789 -0.0885669   0.718999
 0.0206665 -0.0885569   0.718989
 0.0206541 -0.0885469    0.71898
 0.0206417 -0.0885368    0.71897
 0.0206293 -0.0885268   0.718961
 0.0206168 -0.0885168   0.718951
 0.0206043 -0.0885067   0.718942
 0.0205918 -0.0884966   0.718932
 0.0205793 -0.0884865   0.718923
 0.0205668 -0.0884765   0.718913
 0.0205542 -0.0884664   0.718904
 0.0205417 -0.0884563   0.718894
 0.0205291 -0.0884462   0.718884
 0.0205165 -0.0884361   0.718875
0.0205039 -0.088426  0.718865
 0.0204912 -0.0884159   0.718856
 0.0204786 -0.0884058   0.718846
 0.0204659 -0.0883956   0.718837
 0.0204532 -0.0883855   0.718827
 0.0204405 -0.0883753   0.718818
 0.0204278 -0.0883652   0.718808
0.0204151 -0.088355  0.718799
 0.0204023 -0.0883448   0.718789
 0.0203895 -0.0883347    0.71878
 0.0203767 -0.0883245    0.71877
 0.0203639 -0.0883143   0.718761
  0.020351 -0.0883042   0.718751
0.0203382 -0.088294  0.718742
 0.0203253 -0.0882838   0.718732
 0.0203124 -0.0882736   0.718723
 0.0202995 -0.0882633   0.718713
 0.0202866 -0.0882531   0.718704
 0.0202736 -0.0882429   0.718694
 0.0202607 -0.0882326   0.718685
 0.0202477 -0.0882224   0.718675
 0.0202347 -0.0882122   0.718665
 0.0202216 -0.0882019   0.718656
 0.0202086 -0.0881917   0.718646
 0.0201955 -0.0881814   0.718637
 0.0201825 -0.0881711   0.718627
 0.0201694 -0.0881609   0.718618
 0.0201563 -0.0881506   0.718608
 0.0201431 -0.0881403   0.718599
 0.02013 -0.08813 0.718589
 0.0201168 -0.0881197    0.71858
 0.0201036 -0.0881094    0.71857
 0.0200904 -0.0880991   0.718561
 0.0200772 -0.0880887   0.718551
 0.0200639 -0.0880784   0.718542
 0.0200506 -0.0880681   0.718532
 0.0200374 -0.0880578   0.718523
 0.0200241 -0.0880474   0.718513
 0.0200107 -0.0880371   0.718504
 0.0199974 -0.0880267   0.718494
  0.019984 -0.0880163   0.718485
0.0199706 -0.088006  0.718475
 0.0199572 -0.0879956   0.718465
 0.0199438 -0.0879852   0.718456
 0.0199304 -0.0879748   0.718446
 0.0199169 -0.0879644   0.718437
 0.0199034 -0.0879541   0.718427
 0.0198899 -0.0879437   0.718418
 0.0198764 -0.0879332   0.718408
 0.0198629 -0.0879228   0.718399
 0.0198493 -0.0879124   0.718389
0.0198357 -0.087902   0.71838
 0.0198221 -0.0878915    0.71837
 0.0198085 -0.0878811   0.718361
 0.0197949 -0.0878707   0.718351
 0.0197812 -0.0878602   0.718342
 0.0197676 -0.0878498   0.718332
 0.0197539 -0.0878393   0.718323
 0.0197402 -0.0878289   0.718313
 0.0197264 -0.0878184   0.718304
 0.0197127 -0.0878079   0.718294
 0.0196989 -0.0877974   0.718284
 0.0196851 -0.0877869   0.718275
 0.0196713 -0.0877764   0.718265
 0.0196575 -0.0877659   0.718256
 0.0196436 -0.0877554   0.718246
 0.0196298 -0.0877449   0.718237
 0.0196159 -0.0877344   0.718227
  0.019602 -0.0877239   0.718218
  0.019588 -0.0877134   0.718208
 0.0195741 -0.0877029   0.718199
 0.0195601 -0.0876923   0.718189
 0.0195462 -0.0876818    0.71818
 0.0195322 -0.0876713    0.71817
 0.0195181 -0.0876607    0.71816
 0.0195041 -0.0876501   0.718151
   0.01949 -0.0876396   0.718141
0.0194759 -0.087629  0.718132
 0.0194618 -0.0876185   0.718122
 0.0194477 -0.0876079   0.718113
 0.0194336 -0.0875973   0.718103
 0.0194194 -0.0875867   0.718094
 0.0194053 -0.0875761   0.718084
 0.0193911 -0.0875656   0.718075
0.0193769 -0.087555  0.718065
 0.0193626 -0.0875443   0.718056
 0.0193484 -0.0875337   0.718046
 0.0193341 -0.0875231   0.718036
 0.0193198 -0.0875125   0.718027
 0.0193055 -0.0875019   0.718017
 0.0192912 -0.0874913   0.718008
 0.0192768 -0.0874806   0.717998
0.0192624  -0.08747  0.717989
 0.0192481 -0.0874593   0.717979
 0.0192337 -0.0874487    0.71797
 0.0192192 -0.0874381    0.71796
 0.0192048 -0.0874274   0.717951
 0.0191903 -0.0874168   0.717941
 0.0191758 -0.0874061   0.717931
 0.0191613 -0.0873954   0.717922
 0.0191468 -0.0873847   0.717912
 0.0191323 -0.0873741   0.717903
 0.0191177 -0.0873634   0.717893
 0.0191031 -0.0873527   0.717884
0.0190885 -0.087342  0.717874
 0.0190739 -0.0873313   0.717865
 0.0190593 -0.0873206   0.717855
 0.0190446 -0.0873099   0.717845
 0.0190299 -0.0872992   0.717836
 0.0190152 -0.0872885   0.717826
 0.0190005 -0.0872778   0.717817
 0.0189858 -0.0872671   0.717807
  0.018971 -0.0872564   0.717798
 0.0189562 -0.0872456   0.717788
 0.0189415 -0.0872349   0.717779
 0.0189267 -0.0872242   0.717769
 0.0189118 -0.0872134   0.717759
  0.018897 -0.0872027    0.71775
0.0188821 -0.087192   0.71774
 0.0188672 -0.0871812   0.717731
 0.0188523 -0.0871705   0.717721
 0.0188374 -0.0871597   0.717712
0.0188225 -0.087149  0.717702
 0.0188075 -0.0871382   0.717692
 0.0187925 -0.0871274   0.717683
 0.0187775 -0.0871167   0.717673
 0.0187625 -0.0871059   0.717664
 0.0187475 -0.0870951   0.717654
 0.0187324 -0.0870843   0.717645
 0.0187173 -0.0870736   0.717635
 0.0187023 -0.0870628   0.717626
0.0186871 -0.087052  0.717616
  0.018672 -0.0870412   0.717606
 0.0186569 -0.0870304   0.717597
 0.0186417 -0.0870196   0.717587
 0.0186265 -0.0870088   0.717578
0.0186113 -0.086998  0.717568
 0.0185961 -0.0869872   0.717559
 0.0185809 -0.0869764   0.717549
 0.0185656 -0.0869656   0.717539
 0.0185504 -0.0869548    0.71753
0.0185351 -0.086944   0.71752
 0.0185198 -0.0869331   0.717511
 0.0185045 -0.0869223   0.717501
 0.0184891 -0.0869115   0.717492
 0.0184738 -0.0869007   0.717482
 0.0184584 -0.0868898   0.717472
 0.018443 -0.086879  0.717463
 0.0184276 -0.0868681   0.717453
 0.0184121 -0.0868573   0.717444
 0.0183967 -0.0868465   0.717434
 0.0183812 -0.0868357   0.717425
 0.0183657 -0.0868248   0.717415
0.0183502 -0.086814  0.717405
 0.0183347 -0.0868031   0.717396
 0.0183191 -0.0867923   0.717386
 0.0183036 -0.0867814   0.717377
  0.018288 -0.0867706   0.717367
 0.0182724 -0.0867597   0.717357
 0.0182568 -0.0867488   0.717348
0.0182411 -0.086738  0.717338
 0.0182255 -0.0867271   0.717329
 0.0182098 -0.0867163   0.717319
 0.0181941 -0.0867054    0.71731
 0.0181784 -0.0866946     0.7173
 0.0181627 -0.0866837    0.71729
  0.018147 -0.0866729   0.717281
0.0181312 -0.086662  0.717271
 0.0181154 -0.0866511   0.717262
 0.0180996 -0.0866402   0.717252
 0.0180838 -0.0866293   0.717242
  0.018068 -0.0866185   0.717233
 0.0180521 -0.0866076   0.717223
 0.0180362 -0.0865967   0.717214
 0.0180204 -0.0865858   0.717204
0.0180044 -0.086575  0.717194
 0.0179885 -0.0865641   0.717185
 0.0179726 -0.0865532   0.717175
 0.0179566 -0.0865423   0.717166
 0.0179406 -0.0865314   0.717156
 0.0179246 -0.0865205   0.717146
 0.0179086 -0.0865096   0.717137
 0.0178926 -0.0864987   0.717127
 0.0178765 -0.0864878   0.717118
 0.0178605 -0.0864769   0.717108
0.0178444 -0.086466  0.717098
 0.0178283 -0.0864552   0.717089
 0.0178122 -0.0864443   0.717079
 0.0177961 -0.0864334    0.71707
 0.0177799 -0.0864225    0.71706
 0.0177637 -0.0864116    0.71705
 0.0177475 -0.0864007   0.717041
 0.0177313 -0.0863897   0.717031
 0.0177151 -0.0863788   0.717022
 0.0176989 -0.0863679   0.717012
0.0176826 -0.086357  0.717002
 0.0176664 -0.0863461   0.716993
 0.0176501 -0.0863352   0.716983
 0.0176338 -0.0863243   0.716974
 0.0176174 -0.0863134   0.716964
 0.0176011 -0.0863025   0.716954
 0.0175847 -0.0862916   0.716945
 0.0175683 -0.0862807   0.716935
  0.017552 -0.0862698   0.716925
 0.0175356 -0.0862588   0.716916
 0.0175191 -0.0862479   0.716906
0.0175027 -0.086237  0.716897
 0.0174862 -0.0862261   0.716887
 0.0174698 -0.0862152   0.716877
 0.0174533 -0.0862043   0.716868
 0.0174368 -0.0861934   0.716858
 0.0174203 -0.0861825   0.716849
 0.0174037 -0.0861716   0.716839
 0.0173872 -0.0861607   0.716829
 0.0173706 -0.0861497    0.71682
  0.017354 -0.0861388    0.71681
 0.0173374 -0.0861279     0.7168
 0.0173208 -0.0861169   0.716791
0.0173042 -0.086106  0.716781
 0.0172875 -0.0860951   0.716772
 0.0172708 -0.0860842   0.716762
 0.0172542 -0.0860733   0.716752
 0.0172375 -0.0860624   0.716743
 0.0172208 -0.0860515   0.716733
  0.017204 -0.0860406   0.716723
 0.0171873 -0.0860296   0.716714
 0.0171705 -0.0860187   0.716704
 0.0171537 -0.0860078   0.716695
  0.017137 -0.0859968   0.716685
 0.0171201 -0.0859859   0.716675
0.0171033 -0.085975  0.716666
 0.0170865 -0.0859641   0.716656
 0.0170696 -0.0859532   0.716646
 0.0170528 -0.0859423   0.716637
 0.0170359 -0.0859314   0.716627
  0.017019 -0.0859205   0.716618
 0.0170021 -0.0859096   0.716608
 0.0169852 -0.0858986   0.716598
 0.0169682 -0.0858877   0.716589
 0.0169513 -0.0858768   0.716579
 0.0169343 -0.0858659   0.716569
0.0169173 -0.085855   0.71656
 0.0169003 -0.0858441    0.71655
 0.0168833 -0.0858332    0.71654
 0.0168663 -0.0858223   0.716531
 0.0168493 -0.0858114   0.716521
 0.0168322 -0.0858005   0.716511
 0.0168152 -0.0857896   0.716502
 0.0167981 -0.0857787   0.716492
  0.016781 -0.0857678   0.716483
 0.0167639 -0.0857569   0.716473
0.0167468 -0.085746  0.716463
 0.0167297 -0.0857351   0.716454
 0.0167125 -0.0857243   0.716444
 0.0166954 -0.0857134   0.716434
 0.0166782 -0.0857025   0.716425
  0.016661 -0.0856917   0.716415
 0.0166438 -0.0856808   0.716405
 0.0166266 -0.0856699   0.716396
 0.0166094 -0.0856591   0.716386
 0.0165921 -0.0856482   0.716376
 0.0165749 -0.0856373   0.716367
 0.0165576 -0.0856265   0.716357
 0.0165403 -0.0856156   0.716348
  0.016523 -0.0856048   0.716338
0.0165057 -0.085594  0.716328
 0.0164884 -0.0855831   0.716319
  0.016471 -0.0855723   0.716309
 0.0164537 -0.0855614   0.716299
 0.0164363 -0.0855506    0.71629
 0.0164189 -0.0855397    0.71628
 0.0164015 -0.0855289    0.71627
0.0163841 -0.085518  0.716261
 0.0163667 -0.0855072   0.716251
 0.0163493 -0.0854964   0.716242
 0.0163319 -0.0854856   0.716232
 0.0163144 -0.0854747   0.716222
  0.016297 -0.0854639   0.716213
 0.0162795 -0.0854531   0.716203
 0.0162621 -0.0854423   0.716193
 0.0162446 -0.0854315   0.716184
 0.0162271 -0.0854206   0.716174
 0.0162096 -0.0854098   0.716164
0.0161921 -0.085399  0.716155
 0.0161746 -0.0853881   0.716145
 0.0161571 -0.0853773   0.716136
 0.0161395 -0.0853665   0.716126
  0.016122 -0.0853557   0.716116
 0.0161044 -0.0853449   0.716107
 0.0160869 -0.0853341   0.716097
 0.0160693 -0.0853234   0.716088
 0.0160517 -0.0853125   0.716078
 0.0160342 -0.0853017   0.716068
 0.0160166 -0.0852909   0.716059
  0.015999 -0.0852801   0.716049
 0.0159814 -0.0852693    0.71604
 0.0159638 -0.0852585    0.71603
 0.0159462 -0.0852478    0.71602
0.0159285 -0.085237  0.716011
 0.0159109 -0.0852262   0.716001
 0.0158933 -0.0852155   0.715992
 0.0158757 -0.0852047   0.715982
  0.015858 -0.0851939   0.715972
 0.0158404 -0.0851831   0.715963
 0.0158227 -0.0851723   0.715953
 0.0158051 -0.0851616   0.715944
 0.0157874 -0.0851508   0.715934
0.0157697  -0.08514  0.715924
 0.0157521 -0.0851293   0.715915
 0.0157344 -0.0851186   0.715905
 0.0157167 -0.0851078   0.715896
  0.015699 -0.0850971   0.715886
 0.0156813 -0.0850863   0.715877
 0.0156636 -0.0850756   0.715867
 0.0156459 -0.0850648   0.715857
 0.0156283 -0.0850541   0.715848
 0.0156105 -0.0850434   0.715838
 0.0155928 -0.0850326   0.715829
 0.0155751 -0.0850219   0.715819
 0.0155574 -0.0850112   0.715809
 0.0155397 -0.0850005     0.7158
  0.015522 -0.0849897    0.71579
0.0155042 -0.084979  0.715781
 0.0154865 -0.0849683   0.715771
 0.0154688 -0.0849576   0.715762
 0.0154511 -0.0849469   0.715752
 0.0154333 -0.0849362   0.715743
 0.0154156 -0.0849255   0.715733
 0.0153978 -0.0849148   0.715723
 0.0153801 -0.0849041   0.715714
 0.0153623 -0.0848934   0.715704
 0.0153446 -0.0848827   0.715695
 0.0153268 -0.0848721   0.715685
  0.015309 -0.0848614   0.715676
 0.0152913 -0.0848507   0.715666
0.0152735  -0.08484  0.715657
 0.0152558 -0.0848294   0.715647
  0.015238 -0.0848187   0.715637
0.0152202 -0.084808  0.715628
 0.0152024 -0.0847974   0.715618
 0.0151846 -0.0847867   0.715609
0.0151668 -0.084776  0.715599
  0.015149 -0.0847654    0.71559
 0.0151312 -0.0847548    0.71558
 0.0151134 -0.0847441   0.715571
 0.0150956 -0.0847335   0.715561
 0.0150778 -0.0847228   0.715552
   0.01506 -0.0847122   0.715542
 0.0150422 -0.0847016   0.715532
 0.0150244 -0.0846909   0.715523
 0.0150066 -0.0846803   0.715513
 0.0149887 -0.0846697   0.715504
 0.0149709 -0.0846591   0.715494
 0.0149531 -0.0846485   0.715485
 0.0149352 -0.0846379   0.715475
 0.0149174 -0.0846273   0.715466
 0.0148996 -0.0846167   0.715456
 0.0148817 -0.0846061   0.715447
 0.0148639 -0.0845955   0.715437
 0.0148461 -0.0845849   0.715428
 0.0148283 -0.0845743   0.715418
 0.0148104 -0.0845637   0.715409
 0.0147926 -0.0845531   0.715399
 0.0147748 -0.0845425    0.71539
0.0147569 -0.084532   0.71538
 0.0147391 -0.0845214   0.715371
 0.0147212 -0.0845108   0.715361
 0.0147034 -0.0845002   0.715352
 0.0146855 -0.0844897   0.715342
 0.0146677 -0.0844791   0.715332
 0.0146499 -0.0844685   0.715323
0.0146321 -0.084458  0.715313
 0.0146143 -0.0844474   0.715304
 0.0145964 -0.0844369   0.715294
 0.0145786 -0.0844264   0.715285
 0.0145607 -0.0844158   0.715275
 0.0145429 -0.0844053   0.715266
 0.0145251 -0.0843948   0.715256
 0.0145073 -0.0843842   0.715247
 0.0144895 -0.0843737   0.715237
 0.0144717 -0.0843632   0.715228
 0.0144539 -0.0843526   0.715218
 0.0144361 -0.0843421   0.715209
 0.0144182 -0.0843316   0.715199
 0.0144004 -0.0843211    0.71519
 0.0143826 -0.0843106    0.71518
 0.0143648 -0.0843001   0.715171
  0.014347 -0.0842896   0.715161
 0.0143292 -0.0842791   0.715152
 0.0143114 -0.0842686   0.715142
 0.0142936 -0.0842581   0.715132
 0.0142758 -0.0842476   0.715123
 0.0142581 -0.0842372   0.715113
 0.0142403 -0.0842267   0.715104
 0.0142225 -0.0842162   0.715094
 0.0142047 -0.0842058   0.715085
  0.014187 -0.0841953   0.715075
 0.0141692 -0.0841849   0.715066
 0.0141514 -0.0841744   0.715056
0.0141336 -0.084164  0.715047
 0.0141159 -0.0841535   0.715037
 0.0140981 -0.0841431   0.715028
 0.0140804 -0.0841326   0.715018
 0.0140626 -0.0841222   0.715009
 0.0140449 -0.0841118   0.714999
 0.0140272 -0.0841014    0.71499
0.0140094 -0.084091   0.71498
 0.0139917 -0.0840805    0.71497
  0.013974 -0.0840701   0.714961
 0.0139562 -0.0840597   0.714951
 0.0139385 -0.0840493   0.714942
 0.0139208 -0.0840389   0.714932
 0.0139031 -0.0840285   0.714923
 0.0138854 -0.0840182   0.714913
 0.0138677 -0.0840078   0.714904
   0.01385 -0.0839974   0.714894
0.0138323 -0.083987  0.714885
 0.0138146 -0.0839767   0.714875
  0.013797 -0.0839663   0.714866
0.0137793 -0.083956  0.714856
 0.0137616 -0.0839456   0.714847
 0.0137439 -0.0839353   0.714837
 0.0137262 -0.0839249   0.714828
 0.0137086 -0.0839146   0.714818
  0.013691 -0.0839042   0.714809
 0.0136733 -0.0838939   0.714799
 0.0136557 -0.0838836    0.71479
 0.0136381 -0.0838733    0.71478
0.0136204 -0.083863  0.714771
 0.0136028 -0.0838527   0.714761
 0.0135852 -0.0838424   0.714752
 0.0135676 -0.0838321   0.714742
   0.01355 -0.0838218   0.714733
 0.0135324 -0.0838115   0.714723
 0.0135148 -0.0838012   0.714714
 0.0134972 -0.0837909   0.714704
 0.0134796 -0.0837806   0.714695
 0.0134621 -0.0837704   0.714685
 0.0134445 -0.0837601   0.714676
 0.0134269 -0.0837499   0.714666
 0.0134094 -0.0837396   0.714657
 0.0133918 -0.0837294   0.714647
 0.0133743 -0.0837192   0.714638
 0.0133568 -0.0837089   0.714628
 0.0133392 -0.0836987   0.714619
 0.0133217 -0.0836884   0.714609
 0.0133042 -0.0836782     0.7146
0.0132867 -0.083668   0.71459
 0.0132692 -0.0836577   0.714581
 0.0132518 -0.0836475   0.714571
 0.0132343 -0.0836373   0.714562
 0.0132168 -0.0836272   0.714552
0.0131994 -0.083617  0.714543
 0.0131819 -0.0836068   0.714533
 0.0131645 -0.0835966   0.714524
 0.0131471 -0.0835865   0.714514
 0.0131296 -0.0835763   0.714505
 0.0131122 -0.0835661   0.714495
 0.0130948 -0.0835559   0.714486
 0.0130774 -0.0835457   0.714477
   0.01306 -0.0835356   0.714467
 0.0130426 -0.0835254   0.714458
 0.0130253 -0.0835153   0.714448
 0.0130079 -0.0835052   0.714439
0.0129905 -0.083495  0.714429
 0.0129732 -0.0834849    0.71442
 0.0129559 -0.0834748    0.71441
 0.0129385 -0.0834647   0.714401
 0.0129212 -0.0834545   0.714391
 0.0129039 -0.0834444   0.714382
 0.0128867 -0.0834343   0.714372
 0.0128694 -0.0834242   0.714363
 0.0128521 -0.0834141   0.714353
0.0128349 -0.083404  0.714344
0.0128176 -0.083394  0.714335
 0.0128004 -0.0833839   0.714325
 0.0127832 -0.0833738   0.714316
 0.0127659 -0.0833638   0.714306
 0.0127487 -0.0833537   0.714297
 0.0127315 -0.0833436   0.714287
 0.0127143 -0.0833336   0.714278
 0.0126972 -0.0833235   0.714268
 0.0126801 -0.0833135   0.714259
 0.0126629 -0.0833034    0.71425
 0.0126458 -0.0832934    0.71424
 0.0126287 -0.0832834   0.714231
 0.0126115 -0.0832734   0.714221
 0.0125945 -0.0832634   0.714212
 0.0125774 -0.0832534   0.714202
 0.0125603 -0.0832434   0.714193
 0.0125432 -0.0832333   0.714183
 0.0125262 -0.0832233   0.714174
 0.0125092 -0.0832133   0.714165
 0.0124922 -0.0832034   0.714155
 0.0124752 -0.0831934   0.714146
 0.0124582 -0.0831834   0.714136
 0.0124412 -0.0831735   0.714127
 0.0124242 -0.0831635   0.714117
 0.0124073 -0.0831535   0.714108
 0.0123903 -0.0831436   0.714099
 0.0123734 -0.0831336   0.714089
 0.0123565 -0.0831237    0.71408
 0.0123396 -0.0831138    0.71407
 0.0123227 -0.0831038   0.714061
 0.0123059 -0.0830939   0.714052
 0.012289 -0.083084  0.714042
 0.0122722 -0.0830741   0.714033
 0.0122554 -0.0830642   0.714023
 0.0122385 -0.0830543   0.714014
 0.0122217 -0.0830444   0.714004
  0.012205 -0.0830345   0.713995
 0.0121882 -0.0830246   0.713986
 0.0121714 -0.0830147   0.713976
 0.0121547 -0.0830048   0.713967
  0.012138 -0.0829949   0.713957
 0.0121213 -0.0829851   0.713948
 0.0121046 -0.0829752   0.713939
 0.0120879 -0.0829654   0.713929
 0.0120713 -0.0829555    0.71392
 0.0120546 -0.0829457    0.71391
  0.012038 -0.0829359   0.713901
0.0120214 -0.082926  0.713892
 0.0120048 -0.0829162   0.713882
 0.0119882 -0.0829064   0.713873
 0.0119716 -0.0828965   0.713863
  0.011955 -0.0828867   0.713854
 0.0119385 -0.0828769   0.713845
  0.011922 -0.0828671   0.713835
 0.0119055 -0.0828573   0.713826
  0.011889 -0.0828475   0.713817
 0.0118726 -0.0828378   0.713807
0.0118561 -0.082828  0.713798
 0.0118397 -0.0828182   0.713788
 0.0118232 -0.0828084   0.713779
 0.0118068 -0.0827987    0.71377
 0.0117904 -0.0827889    0.71376
 0.0117741 -0.0827792   0.713751
 0.0117577 -0.0827694   0.713742
 0.0117414 -0.0827597   0.713732
 0.0117251 -0.0827499   0.713723
 0.0117088 -0.0827402   0.713714
 0.0116925 -0.0827305   0.713704
 0.0116762 -0.0827208   0.713695
   0.01166 -0.0827111   0.713685
 0.0116437 -0.0827013   0.713676
 0.0116275 -0.0826916   0.713667
 0.0116113 -0.0826819   0.713657
 0.0115952 -0.0826722   0.713648
  0.011579 -0.0826625   0.713639
 0.0115629 -0.0826528   0.713629
 0.0115467 -0.0826432    0.71362
 0.0115306 -0.0826335   0.713611
 0.0115146 -0.0826238   0.713601
 0.0114985 -0.0826142   0.713592
 0.0114824 -0.0826045   0.713583
 0.0114664 -0.0825949   0.713573
 0.0114504 -0.0825852   0.713564
 0.0114344 -0.0825755   0.713555
 0.0114183 -0.0825659   0.713545
 0.0114024 -0.0825563   0.713536
 0.0113865 -0.0825466   0.713527
0.0113706 -0.082537  0.713517
 0.0113546 -0.0825274   0.713508
 0.0113388 -0.0825178   0.713499
 0.0113229 -0.0825082   0.713489
 0.0113071 -0.0824986    0.71348
0.0112912 -0.082489  0.713471
 0.0112754 -0.0824794   0.713462
 0.0112596 -0.0824698   0.713452
 0.0112439 -0.0824602   0.713443
 0.0112281 -0.0824506   0.713434
0.0112124 -0.082441  0.713424
 0.0111967 -0.0824315   0.713415
  0.011181 -0.0824219   0.713406
 0.0111653 -0.0824124   0.713397
 0.0111497 -0.0824028   0.713387
 0.0111341 -0.0823932   0.713378
 0.0111185 -0.0823837   0.713369
 0.0111029 -0.0823741   0.713359
 0.0110873 -0.0823646    0.71335
 0.0110718 -0.0823551   0.713341
 0.0110562 -0.0823455   0.713332
0.0110408 -0.082336  0.713322
 0.0110253 -0.0823265   0.713313
0.0110098 -0.082317  0.713304
 0.0109944 -0.0823075   0.713294
 0.010979 -0.082298  0.713285
 0.0109636 -0.0822885   0.713276
0.0109482 -0.082279  0.713267
 0.0109328 -0.0822695   0.713257
0.0109175  -0.08226  0.713248
 0.0109022 -0.0822505   0.713239
 0.0108869 -0.0822411    0.71323
 0.0108716 -0.0822316    0.71322
 0.0108564 -0.0822221   0.713211
 0.0108411 -0.0822127   0.713202
 0.0108259 -0.0822032   0.713193
 0.0108108 -0.0821938   0.713183
 0.0107956 -0.0821843   0.713174
 0.0107804 -0.0821749   0.713165
 0.0107653 -0.0821654   0.713156
0.0107502 -0.082156  0.713146
 0.0107351 -0.0821465   0.713137
   0.01072 -0.0821371   0.713128
  0.010705 -0.0821277   0.713119
   0.01069 -0.0821183    0.71311
  0.010675 -0.0821089     0.7131
   0.01066 -0.0820995   0.713091
  0.010645 -0.0820901   0.713082
 0.0106301 -0.0820807   0.713073
 0.0106152 -0.0820713   0.713063
 0.0106003 -0.0820619   0.713054
 0.0105854 -0.0820525   0.713045
 0.0105706 -0.0820431   0.713036
 0.0105557 -0.0820337   0.713027
 0.0105409 -0.0820244   0.713017
0.0105261 -0.082015  0.713008
 0.0105114 -0.0820056   0.712999
 0.0104966 -0.0819963    0.71299
 0.0104819 -0.0819869   0.712981
 0.0104672 -0.0819776   0.712971
 0.0104525 -0.0819682   0.712962
 0.0104378 -0.0819589   0.712953
 0.0104232 -0.0819495   0.712944
 0.0104086 -0.0819402   0.712935
  0.010394 -0.0819309   0.712925
 0.0103794 -0.0819216   0.712916
 0.0103648 -0.0819123   0.712907
0.0103503 -0.081903  0.712898
 0.0103358 -0.0818937   0.712889
 0.0103213 -0.0818843    0.71288
0.0103068 -0.081875   0.71287
 0.0102924 -0.0818657   0.712861
 0.0102779 -0.0818564   0.712852
 0.0102635 -0.0818472   0.712843
 0.0102491 -0.0818379   0.712834
 0.0102348 -0.0818286   0.712825
 0.0102204 -0.0818193   0.712816
 0.0102061 -0.0818101   0.712806
 0.0101918 -0.0818008   0.712797
 0.0101775 -0.0817915   0.712788
 0.0101633 -0.0817823   0.712779
 0.010149 -0.081773   0.71277
 0.0101348 -0.0817638   0.712761
 0.0101206 -0.0817545   0.712752
 0.0101065 -0.0817453   0.712742
0.0100923 -0.081736  0.712733
 0.0100782 -0.0817268   0.712724
 0.0100641 -0.0817176   0.712715
   0.01005 -0.0817084   0.712706
 0.0100359 -0.0816992   0.712697
0.0100219  -0.08169  0.712688
 0.0100078 -0.0816807   0.712679
0.00999384 -0.0816715   0.712669
0.00997987 -0.0816623    0.71266
0.00996592 -0.0816531   0.712651
0.00995199 -0.0816439   0.712642
0.00993805 -0.0816347   0.712633
0.00992417 -0.0816256   0.712624
0.00991029 -0.0816164   0.712615
0.00989642 -0.0816072   0.712606
0.00988258  -0.081598   0.712597
0.00986876 -0.0815889   0.712588
0.00985496 -0.0815797   0.712579
0.00984119 -0.0815706   0.712569
0.00982741 -0.0815614    0.71256
0.00981369 -0.0815522   0.712551
0.00979997 -0.0815431   0.712542
0.00978627 -0.0815339   0.712533
 0.0097726 -0.0815248   0.712524
0.00975894 -0.0815157   0.712515
0.00974529 -0.0815065   0.712506
0.00973167 -0.0814974   0.712497
0.00971806 -0.0814883   0.712488
0.00970449 -0.0814792   0.712479
0.00969091 -0.0814701    0.71247
0.00967737  -0.081461   0.712461
0.00966385 -0.0814518   0.712452
0.00965033 -0.0814427   0.712443
0.00963682 -0.0814336   0.712434
0.00962335 -0.0814245   0.712425
0.00960989 -0.0814154   0.712416
0.00959646 -0.0814064   0.712407
0.00958305 -0.0813973   0.712398
0.00956963 -0.0813882   0.712389
0.00955625 -0.0813792    0.71238
0.00954289 -0.0813701   0.712371
0.00952955  -0.081361   0.712362
0.00951621 -0.0813519   0.712353
 0.0095029 -0.0813429   0.712344
 0.0094896 -0.0813338   0.712335
0.00947632 -0.0813248   0.712326
0.00946306 -0.0813157   0.712317
0.00944982 -0.0813067   0.712308
0.00943658 -0.0812977   0.712299
0.00942337 -0.0812886    0.71229
 0.0094102 -0.0812796   0.712281
0.00939703 -0.0812706   0.712272
0.00938387 -0.0812616   0.712264
0.00937074 -0.0812526   0.712255
0.00935762 -0.0812435   0.712246
0.00934452 -0.0812345   0.712237
0.00933144 -0.0812255   0.712228
0.00931838 -0.0812165   0.712219
0.00930533 -0.0812075    0.71221
0.00929231 -0.0811985   0.712201
0.00927929 -0.0811896   0.712192
0.00926629 -0.0811806   0.712183
0.00925333 -0.0811716   0.712175
0.00924039 -0.0811626   0.712166
0.00922744 -0.0811537   0.712157
0.00921455 -0.0811447   0.712148
0.00920165 -0.0811357   0.712139
0.00918876 -0.0811268    0.71213
0.00917589 -0.0811178   0.712121
0.00916306 -0.0811089   0.712113
0.00915023 -0.0810999   0.712104
0.00913743  -0.081091   0.712095
0.00912465  -0.081082   0.712086
0.00911188 -0.0810731   0.712077
0.00909913 -0.0810642   0.712068
0.00908641 -0.0810552    0.71206
0.00907369 -0.0810463   0.712051
  0.009061 -0.0810374   0.712042
0.00904833 -0.0810284   0.712033
0.00903566 -0.0810195   0.712024
0.00902304 -0.0810106   0.712016
0.00901042 -0.0810017   0.712007
0.00899783 -0.0809928   0.711998
0.00898526 -0.0809839   0.711989
0.00897268  -0.080975   0.711981
0.00896016 -0.0809661   0.711972
0.00894765 -0.0809572   0.711963
0.00893514 -0.0809483   0.711954
0.00892264 -0.0809394   0.711946
0.00891017 -0.0809305   0.711937
0.00889773 -0.0809216   0.711928
 0.0088853 -0.0809128   0.711919
 0.0088729 -0.0809039   0.711911
0.0088605 -0.080895  0.711902
0.00884813 -0.0808862   0.711893
0.00883578 -0.0808773   0.711885
0.00882344 -0.0808684   0.711876
0.00881113 -0.0808596   0.711867
0.00879883 -0.0808507   0.711859
0.00878656 -0.0808419    0.71185
0.00877429  -0.080833   0.711841
0.00876205 -0.0808241   0.711832
0.00874984 -0.0808153   0.711824
0.00873763 -0.0808065   0.711815
0.00872545 -0.0807976   0.711806
0.00871329 -0.0807888   0.711798
0.00870112 -0.0807799   0.711789
0.00868902 -0.0807711   0.711781
 0.0086769 -0.0807623   0.711772
0.00866482 -0.0807534   0.711763
0.00865275 -0.0807446   0.711755
0.00864069 -0.0807358   0.711746
0.00862866 -0.0807269   0.711737
0.00861666 -0.0807181   0.711729
0.00860467 -0.0807093    0.71172
0.00859268 -0.0807005   0.711711
0.00858073 -0.0806917   0.711703
0.00856879 -0.0806828   0.711694
0.00855688  -0.080674   0.711686
0.00854498 -0.0806652   0.711677
0.00853308 -0.0806564   0.711668
0.00852122 -0.0806476    0.71166
0.00850937 -0.0806388   0.711651
0.00849754 -0.0806299   0.711642
0.00848572 -0.0806211   0.711634
0.00847394 -0.0806123   0.711625
0.00846217 -0.0806035   0.711617
 0.0084504 -0.0805947   0.711608
0.00843867 -0.0805859   0.711599
0.00842694 -0.0805771   0.711591
0.00841525 -0.0805683   0.711582
0.00840356 -0.0805595   0.711574
0.00839189 -0.0805507   0.711565
0.00838023 -0.0805419   0.711556
0.00836861 -0.0805332   0.711548
0.00835699 -0.0805244   0.711539
 0.0083454 -0.0805156   0.711531
0.00833379 -0.0805068   0.711522
0.00832224  -0.080498   0.711514
 0.0083107 -0.0804893   0.711505
0.00829916 -0.0804805   0.711496
0.00828765 -0.0804717   0.711488
0.00827615 -0.0804629   0.711479
0.00826467 -0.0804542   0.711471
0.00825322 -0.0804454   0.711462
0.00824177 -0.0804367   0.711454
0.00823036 -0.0804279   0.711445
0.00821893 -0.0804192   0.711436
0.00820755 -0.0804104   0.711428
0.00819617 -0.0804017   0.711419
0.00818483 -0.0803929   0.711411
0.00817347 -0.0803842   0.711402
0.00816216 -0.0803754   0.711394
0.00815085 -0.0803667   0.711385
0.00813956  -0.080358   0.711377
0.00812827 -0.0803492   0.711368
0.00811703 -0.0803405    0.71136
0.00810578 -0.0803318   0.711351
0.00809456 -0.0803231   0.711342
0.00808334 -0.0803143   0.711334
0.00807216 -0.0803056   0.711325
0.00806099 -0.0802969   0.711317
0.00804981 -0.0802882   0.711308
0.00803868 -0.0802795     0.7113
0.00802757 -0.0802708   0.711291
0.00801644 -0.0802621   0.711283
0.00800536 -0.0802534   0.711274
0.00799427 -0.0802447   0.711266
0.00798321  -0.080236   0.711257
0.00797216 -0.0802273   0.711249
0.00796115 -0.0802186    0.71124
0.00795013 -0.0802099   0.711232
0.00793912 -0.0802012   0.711223
0.00792815 -0.0801925   0.711215
0.00791719 -0.0801838   0.711206
0.00790624 -0.0801752   0.711198
0.00789531 -0.0801665   0.711189
0.00788439 -0.0801578   0.711181
0.00787348 -0.0801492   0.711172
0.00786259 -0.0801405   0.711164
0.00785173 -0.0801318   0.711155
0.00784087 -0.0801232   0.711147
0.00783004 -0.0801145   0.711138
0.00781922 -0.0801058    0.71113
0.00780842 -0.0800972   0.711121
 0.0077976 -0.0800885   0.711113
0.00778684 -0.0800799   0.711105
0.00777606 -0.0800712   0.711096
0.00776534 -0.0800626   0.711088
0.00775461 -0.0800539   0.711079
0.00774388 -0.0800453   0.711071
0.00773317 -0.0800367   0.711062
0.00772249  -0.080028   0.711054
0.00771181 -0.0800194   0.711045
0.00770117 -0.0800108   0.711037
0.00769053 -0.0800021   0.711029
0.00767989 -0.0799935    0.71102
 0.0076693 -0.0799849   0.711012
0.00765869 -0.0799762   0.711003
0.00764811 -0.0799676   0.710995
0.00763755  -0.079959   0.710986
0.00762699 -0.0799504   0.710978
0.00761646 -0.0799418    0.71097
0.00760595 -0.0799332   0.710961
0.00759542 -0.0799246   0.710953
0.00758493  -0.079916   0.710944
0.00757445 -0.0799073   0.710936
0.00756399 -0.0798987   0.710927
0.00755353 -0.0798901   0.710919
0.00754311 -0.0798815   0.710911
0.00753268 -0.0798729   0.710902
0.00752227 -0.0798644   0.710894
0.00751188 -0.0798558   0.710885
0.00750151 -0.0798472   0.710877
0.00749115 -0.0798386   0.710869
0.00748079   -0.07983    0.71086
0.00747046 -0.0798214   0.710852
0.00746012 -0.0798128   0.710844
0.00744981 -0.0798042   0.710835
0.00743952 -0.0797957   0.710827
0.00742923 -0.0797871   0.710818
0.00741896 -0.0797785    0.71081
0.00740871 -0.0797699   0.710802
0.00739846 -0.0797614   0.710793
0.00738824 -0.0797528   0.710785
0.00737802 -0.0797443   0.710777
0.00736782 -0.0797357   0.710768
0.00735763 -0.0797271    0.71076
0.00734746 -0.0797186   0.710752
0.0073373  -0.07971  0.710743
0.00732715 -0.0797014   0.710735
0.00731703 -0.0796929   0.710727
 0.0073069 -0.0796843   0.710718
0.00729678 -0.0796758    0.71071
0.00728669 -0.0796672   0.710702
0.00727662 -0.0796587   0.710693
0.00726653 -0.0796502   0.710685
0.00725647 -0.0796416   0.710677
0.00724643 -0.0796331   0.710668
0.00723639 -0.0796245    0.71066
0.00722639  -0.079616   0.710652
0.00721637 -0.0796074   0.710643
0.00720639 -0.0795989   0.710635
0.00719639 -0.0795904   0.710627
0.00718643 -0.0795819   0.710618
0.00717648 -0.0795733    0.71061
0.00716652 -0.0795648   0.710602
 0.0071566 -0.0795563   0.710594
0.00714668 -0.0795478   0.710585
0.00713678 -0.0795393   0.710577
0.00712686 -0.0795307   0.710569
0.00711698 -0.0795222    0.71056
0.00710713 -0.0795137   0.710552
0.00709725 -0.0795052   0.710544
 0.0070874 -0.0794967   0.710536
0.00707757 -0.0794882   0.710527
0.00706775 -0.0794797   0.710519
0.00705792 -0.0794712   0.710511
0.00704813 -0.0794627   0.710503
0.00703834 -0.0794542   0.710494
0.00702855 -0.0794457   0.710486
0.00701878 -0.0794372   0.710478
0.00700903 -0.0794287    0.71047
0.00699927 -0.0794202   0.710461
0.00698955 -0.0794117   0.710453
0.00697981 -0.0794032   0.710445
0.00697012 -0.0793947   0.710437
0.00696041 -0.0793862   0.710428
 0.0069507 -0.0793777    0.71042
0.00694104 -0.0793693   0.710412
0.00693138 -0.0793608   0.710404
 0.0069217 -0.0793523   0.710395
0.00691206 -0.0793438   0.710387
0.00690243 -0.0793353   0.710379
0.00689281 -0.0793269   0.710371
0.00688319 -0.0793184   0.710363
0.00687357 -0.0793099   0.710354
0.00686398 -0.0793014   0.710346
0.0068544 -0.079293  0.710338
0.00684481 -0.0792845    0.71033
0.00683525 -0.0792761   0.710322
 0.0068257 -0.0792676   0.710314
0.00681617 -0.0792592   0.710305
0.00680663 -0.0792507   0.710297
0.00679711 -0.0792422   0.710289
 0.0067876 -0.0792338   0.710281
0.00677809 -0.0792253   0.710273
0.00676859 -0.0792169   0.710264
 0.0067591 -0.0792084   0.710256
0.00674963    -0.0792   0.710248
0.00674015 -0.0791915    0.71024
 0.0067307 -0.0791831   0.710232
0.00672126 -0.0791747   0.710224
0.00671182 -0.0791662   0.710216
0.00670239 -0.0791578   0.710207
0.00669297 -0.0791493   0.710199
0.00668355 -0.0791409   0.710191
0.00667415 -0.0791325   0.710183
0.00666478  -0.079124   0.710175
0.00665538 -0.0791156   0.710167
0.00664601 -0.0791072   0.710159
0.00663664 -0.0790988   0.710151
0.00662729 -0.0790903   0.710142
0.00661793 -0.0790819   0.710134
 0.0066086 -0.0790735   0.710126
0.00659927 -0.0790651   0.710118
0.00658995 -0.0790567    0.71011
0.00658064 -0.0790482   0.710102
0.00657134 -0.0790398   0.710094
0.00656203 -0.0790314   0.710086
0.00655276  -0.079023   0.710078
0.00654347 -0.0790146   0.710069
0.00653419 -0.0790062   0.710061
0.00652493 -0.0789978   0.710053
0.00651566 -0.0789894   0.710045
0.00650643  -0.078981   0.710037
0.00649719 -0.0789726   0.710029
0.00648795 -0.0789642   0.710021
0.00647873 -0.0789558   0.710013
0.00646952 -0.0789474   0.710005
0.00646032  -0.078939   0.709997
0.00645109 -0.0789306   0.709989
 0.0064419 -0.0789222   0.709981
0.00643272 -0.0789139   0.709973
0.00642354 -0.0789055   0.709965
0.00641438 -0.0788971   0.709957
 0.0064052 -0.0788887   0.709949
0.00639605 -0.0788803   0.709941
0.00638689  -0.078872   0.709933
0.00637775 -0.0788636   0.709925
0.00636862 -0.0788552   0.709917
0.00635949 -0.0788468   0.709908
0.00635036 -0.0788384     0.7099
0.00634125 -0.0788301   0.709892
0.00633215 -0.0788217   0.709884
0.00632304 -0.0788134   0.709876
0.00631395  -0.078805   0.709868
0.00630486 -0.0787966    0.70986
0.00629578 -0.0787883   0.709852
0.00628671 -0.0787799   0.709844
0.00627763 -0.0787716   0.709836
0.00626856 -0.0787632   0.709828
 0.0062595 -0.0787548    0.70982
0.00625046 -0.0787465   0.709813
0.00624141 -0.0787381   0.709805
0.00623237 -0.0787298   0.709797
0.00622334 -0.0787215   0.709789
0.00621432 -0.0787131   0.709781
0.00620528 -0.0787048   0.709773
0.00619628 -0.0786964   0.709765
0.00618725 -0.0786881   0.709757
0.00617827 -0.0786798   0.709749
0.00616927 -0.0786714   0.709741
0.00616028 -0.0786631   0.709733
0.00615128 -0.0786547   0.709725
0.00614229 -0.0786464   0.709717
0.00613333 -0.0786381   0.709709
0.00612435 -0.0786298   0.709701
0.00611539 -0.0786214   0.709693
0.00610643 -0.0786131   0.709685
0.00609747 -0.0786048   0.709677
0.00608852 -0.0785965   0.709669
0.00607959 -0.0785882   0.709662
0.00607063 -0.0785798   0.709654
0.00606171 -0.0785715   0.709646
0.00605277 -0.0785632   0.709638
0.00604383 -0.0785549    0.70963
0.00603493 -0.0785466   0.709622
0.00602599 -0.0785383   0.709614
0.00601709   -0.07853   0.709606
0.00600818 -0.0785217   0.709598
0.00599929 -0.0785134    0.70959
0.00599039 -0.0785051   0.709583
 0.0059815 -0.0784968   0.709575
0.00597261 -0.0784885   0.709567
0.00596373 -0.0784802   0.709559
0.00595484 -0.0784719   0.709551
0.00594595 -0.0784636   0.709543
0.00593709 -0.0784553   0.709535
0.00592821  -0.078447   0.709528
0.00591934 -0.0784388    0.70952
0.00591049 -0.0784305   0.709512
0.00590163 -0.0784222   0.709504
0.00589276 -0.0784139   0.709496
0.00588392 -0.0784056   0.709488
0.00587507 -0.0783974    0.70948
0.00586624 -0.0783891   0.709473
 0.0058574 -0.0783808   0.709465
0.00584856 -0.0783725   0.709457
0.00583973 -0.0783643   0.709449
0.0058309 -0.078356  0.709441
0.00582207 -0.0783477   0.709434
0.00581324 -0.0783395   0.709426
0.00580443 -0.0783312   0.709418
0.0057956 -0.078323   0.70941
0.00578681 -0.0783147   0.709402
0.00577798 -0.0783064   0.709394
0.00576918 -0.0782982   0.709387
0.00576039 -0.0782899   0.709379
0.00575157 -0.0782817   0.709371
0.00574278 -0.0782734   0.709363
0.00573399 -0.0782652   0.709356
0.00572519 -0.0782569   0.709348
 0.0057164 -0.0782487    0.70934
0.00570761 -0.0782405   0.709332
0.00569883 -0.0782322   0.709324
0.00569005  -0.078224   0.709317
0.00568126 -0.0782158   0.709309
0.00567248 -0.0782075   0.709301
0.00566369 -0.0781993   0.709293
0.00565493 -0.0781911   0.709286
0.00564616 -0.0781828   0.709278
0.00563739 -0.0781746    0.70927
0.00562862 -0.0781664   0.709262
0.00561984 -0.0781582   0.709255
0.00561108   -0.07815   0.709247
0.00560233 -0.0781417   0.709239
0.00559358 -0.0781335   0.709231
0.00558481 -0.0781253   0.709224
0.00557605 -0.0781171   0.709216
 0.0055673 -0.0781089   0.709208
0.00555855 -0.0781007   0.709201
0.00554981 -0.0780925   0.709193
0.00554105 -0.0780843   0.709185
0.00553229 -0.0780761   0.709178
0.00552355 -0.0780679    0.70917
 0.0055148 -0.0780597   0.709162
0.00550605 -0.0780515   0.709154
0.00549731 -0.0780433   0.709147
0.00548857 -0.0780351   0.709139
0.00547983 -0.0780269   0.709131
0.00547108 -0.0780187   0.709124
0.00546236 -0.0780105   0.709116
0.00545362 -0.0780024   0.709108
0.00544487 -0.0779942   0.709101
0.00543614  -0.077986   0.709093
0.00542742 -0.0779778   0.709085
0.00541867 -0.0779696   0.709078
0.00540996 -0.0779615    0.70907
0.00540121 -0.0779533   0.709062
0.00539249 -0.0779451   0.709055
0.00538374  -0.077937   0.709047
0.00537502 -0.0779288   0.709039
0.00536627 -0.0779206   0.709032
0.00535755 -0.0779125   0.709024
0.00534882 -0.0779043   0.709017
 0.0053401 -0.0778962   0.709009
0.00533137  -0.077888   0.709001
0.00532263 -0.0778799   0.708994
0.00531389 -0.0778717   0.708986
0.00530517 -0.0778636   0.708978
0.00529645 -0.0778554   0.708971
0.00528772 -0.0778473   0.708963
  0.005279 -0.0778391   0.708956
0.00527028  -0.077831   0.708948
0.00526154 -0.0778229    0.70894
0.00525281 -0.0778147   0.708933
0.00524408 -0.0778066   0.708925
0.00523535 -0.0777985   0.708918
0.00522662 -0.0777903    0.70891
0.00521789 -0.0777822   0.708902
0.00520916 -0.0777741   0.708895
0.00520044  -0.077766   0.708887
0.00519171 -0.0777579    0.70888
0.00518298 -0.0777498   0.708872
0.00517423 -0.0777416   0.708865
0.00516552 -0.0777335   0.708857
0.00515678 -0.0777254    0.70885
0.00514803 -0.0777173   0.708842
0.00513929 -0.0777092   0.708834
0.00513057 -0.0777011   0.708827
0.00512184  -0.077693   0.708819
0.00511309 -0.0776849   0.708812
0.00510437 -0.0776768   0.708804
0.00509563 -0.0776687   0.708797
0.00508688 -0.0776606   0.708789
0.00507815 -0.0776526   0.708782
 0.0050694 -0.0776445   0.708774
0.00506066 -0.0776364   0.708767
0.00505191 -0.0776283   0.708759
0.00504317 -0.0776202   0.708752
0.00503443 -0.0776122   0.708744
0.00502568 -0.0776041   0.708737
0.00501694  -0.077596   0.708729
0.00500818 -0.0775879   0.708722
0.00499942 -0.0775799   0.708714
0.00499068 -0.0775718   0.708707
0.00498192 -0.0775638   0.708699
0.00497317 -0.0775557   0.708692
 0.0049644 -0.0775477   0.708684
0.00495566 -0.0775396   0.708677
 0.0049469 -0.0775315   0.708669
0.00493813 -0.0775235   0.708662
0.00492937 -0.0775154   0.708654
0.00492059 -0.0775074   0.708647
0.00491183 -0.0774994   0.708639
0.00490306 -0.0774913   0.708632
0.00489429 -0.0774833   0.708625
0.00488552 -0.0774753   0.708617
0.00487675 -0.0774672    0.70861
0.00486798 -0.0774592   0.708602
 0.0048592 -0.0774512   0.708595
0.00485041 -0.0774432   0.708587
0.00484163 -0.0774351    0.70858
0.00483285 -0.0774271   0.708572
0.00482406 -0.0774191   0.708565
0.00481527 -0.0774111   0.708558
0.00480648 -0.0774031    0.70855
 0.0047977 -0.0773951   0.708543
 0.0047889 -0.0773871   0.708535
0.00478012 -0.0773791   0.708528
0.00477132 -0.0773711   0.708521
0.00476251 -0.0773631   0.708513
 0.0047537 -0.0773551   0.708506
0.00474489 -0.0773471   0.708498
0.00473609 -0.0773391   0.708491
0.00472727 -0.0773311   0.708484
0.00471848 -0.0773231   0.708476
0.00470964 -0.0773152   0.708469
0.00470084 -0.0773072   0.708461
  0.004692 -0.0772992   0.708454
0.00468318 -0.0772913   0.708447
0.00467436 -0.0772833   0.708439
0.00466554 -0.0772753   0.708432
0.00465671 -0.0772674   0.708425
0.00464788 -0.0772594   0.708417
0.00463904 -0.0772514    0.70841
0.00463019 -0.0772435   0.708403
0.00462135 -0.0772355   0.708395
0.00461252 -0.0772276   0.708388
0.00460366 -0.0772196   0.708381
0.00459481 -0.0772117   0.708373
0.00458595 -0.0772038   0.708366
0.00457711 -0.0771958   0.708359
0.00456825 -0.0771879   0.708351
0.00455938   -0.07718   0.708344
0.00455051  -0.077172   0.708337
0.00454164 -0.0771641   0.708329
0.00453279 -0.0771562   0.708322
0.00452392 -0.0771482   0.708315
0.00451503 -0.0771403   0.708307
0.00450615 -0.0771324     0.7083
0.00449726 -0.0771245   0.708293
0.00448838 -0.0771166   0.708286
 0.0044795 -0.0771087   0.708278
 0.0044706 -0.0771008   0.708271
0.00446171 -0.0770929   0.708264
0.00445282  -0.077085   0.708256
 0.0044439 -0.0770771   0.708249
0.00443501 -0.0770692   0.708242
0.00442609 -0.0770613   0.708235
0.00441719 -0.0770534   0.708227
0.00440827 -0.0770456    0.70822
0.00439936 -0.0770377   0.708213
0.00439043 -0.0770298   0.708206
0.00438151 -0.0770219   0.708198
0.00437257 -0.0770141   0.708191
0.00436364 -0.0770062   0.708184
 0.0043547 -0.0769983   0.708177
0.00434578 -0.0769905   0.708169
0.00433683 -0.0769826   0.708162
0.00432788 -0.0769748   0.708155
0.00431893 -0.0769669   0.708148
0.00430999 -0.0769591   0.708141
0.00430102 -0.0769512   0.708133
0.00429208 -0.0769434   0.708126
0.00428309 -0.0769355   0.708119
0.00427413 -0.0769277   0.708112
0.00426517 -0.0769199   0.708105
0.00425619 -0.0769121   0.708097
0.00424723 -0.0769042    0.70809
0.00423823 -0.0768964   0.708083
0.00422924 -0.0768886   0.708076
0.00422025 -0.0768808   0.708069
0.00421127 -0.0768729   0.708061
0.00420227 -0.0768651   0.708054
0.00419326 -0.0768573   0.708047
0.00418427 -0.0768495    0.70804
0.00417525 -0.0768417   0.708033
0.00416625 -0.0768339   0.708026
0.00415723 -0.0768261   0.708018
0.00414821 -0.0768184   0.708011
0.00413919 -0.0768106   0.708004
0.00413016 -0.0768028   0.707997
0.00412113  -0.076795    0.70799
 0.0041121 -0.0767872   0.707983
0.00410305 -0.0767795   0.707975
  0.004094 -0.0767717   0.707968
0.00408497 -0.0767639   0.707961
0.00407591 -0.0767562   0.707954
0.00406687 -0.0767484   0.707947
 0.0040578 -0.0767406    0.70794
0.00404874 -0.0767329   0.707933
0.00403967 -0.0767251   0.707926
 0.0040306 -0.0767174   0.707919
0.00402153 -0.0767096   0.707911
0.00401244 -0.0767019   0.707904
0.00400337 -0.0766942   0.707897
0.00399426 -0.0766864    0.70789
0.00398518 -0.0766787   0.707883
0.00397608  -0.076671   0.707876
0.00396699 -0.0766633   0.707869
 0.0039579 -0.0766556   0.707862
0.00394878 -0.0766478   0.707855
0.00393968 -0.0766401   0.707848
0.00393057 -0.0766324   0.707841
0.00392144 -0.0766247   0.707834
0.00391232  -0.076617   0.707826
0.00390319 -0.0766093   0.707819
0.00389407 -0.0766016   0.707812
0.00388494 -0.0765939   0.707805
0.00387579 -0.0765863   0.707798
0.00386665 -0.0765786   0.707791
0.00385751 -0.0765709   0.707784
0.00384834 -0.0765632   0.707777
 0.0038392 -0.0765556    0.70777
0.00383004 -0.0765479   0.707763
0.00382087 -0.0765402   0.707756
0.00381171 -0.0765326   0.707749
0.00380252 -0.0765249   0.707742
0.00379335 -0.0765172   0.707735
0.00378418 -0.0765096   0.707728
0.00377499  -0.076502   0.707721
 0.0037658 -0.0764943   0.707714
 0.0037566 -0.0764867   0.707707
0.00374741  -0.076479     0.7077
0.00373821 -0.0764714   0.707693
0.00372901 -0.0764638   0.707686
 0.0037198 -0.0764562   0.707679
 0.0037106 -0.0764485   0.707672
0.00370138 -0.0764409   0.707665
0.00369215 -0.0764333   0.707658
0.00368293 -0.0764257   0.707651
0.00367368 -0.0764181   0.707644
0.00366446 -0.0764105   0.707637
0.00365524 -0.0764029    0.70763
0.00364599 -0.0763953   0.707623
0.00363675 -0.0763877   0.707616
 0.0036275 -0.0763802   0.707609
0.00361823 -0.0763726   0.707602
0.00360899  -0.076365   0.707596
0.00359972 -0.0763574   0.707589
0.00359046 -0.0763498   0.707582
0.00358118 -0.0763423   0.707575
0.00357191 -0.0763347   0.707568
0.00356263 -0.0763272   0.707561
0.00355336 -0.0763196   0.707554
0.00354406 -0.0763121   0.707547
0.00353477 -0.0763045    0.70754
0.00352548  -0.076297   0.707533
0.00351619 -0.0762894   0.707526
0.00350689 -0.0762819   0.707519
0.00349759 -0.0762744   0.707513
0.00348828 -0.0762668   0.707506
0.00347895 -0.0762593   0.707499
0.00346964 -0.0762518   0.707492
0.00346031 -0.0762443   0.707485
0.00345098 -0.0762368   0.707478
0.00344167 -0.0762293   0.707471
0.00343233 -0.0762218   0.707464
  0.003423 -0.0762143   0.707457
0.00341365 -0.0762068   0.707451
0.00340432 -0.0761993   0.707444
0.00339496 -0.0761918   0.707437
0.00338561 -0.0761843    0.70743
0.00337624 -0.0761769   0.707423
0.00336688 -0.0761694   0.707416
0.00335752 -0.0761619    0.70741
0.00334816 -0.0761545   0.707403
0.00333879  -0.076147   0.707396
0.00332942 -0.0761396   0.707389
0.00332003 -0.0761321   0.707382
0.00331065 -0.0761247   0.707375
0.00330128 -0.0761172   0.707369
0.00329189 -0.0761098   0.707362
0.00328248 -0.0761023   0.707355
0.00327309 -0.0760949   0.707348
0.00326368 -0.0760875   0.707341
0.00325427 -0.0760801   0.707335
0.00324486 -0.0760726   0.707328
0.00323545 -0.0760652   0.707321
0.00322603 -0.0760578   0.707314
0.00321662 -0.0760504   0.707307
0.00320718  -0.076043   0.707301
0.00319778 -0.0760356   0.707294
0.00318833 -0.0760282   0.707287
0.00317891 -0.0760209    0.70728
0.00316947 -0.0760135   0.707274
0.00316003 -0.0760061   0.707267
0.00315059 -0.0759987    0.70726
0.00314114 -0.0759914   0.707253
0.00313168  -0.075984   0.707247
0.00312222 -0.0759766    0.70724
0.00311278 -0.0759693   0.707233
 0.0031033 -0.0759619   0.707226
0.00309384 -0.0759546    0.70722
0.00308438 -0.0759472   0.707213
 0.0030749 -0.0759399   0.707206
0.00306543 -0.0759326   0.707199
0.00305595 -0.0759252   0.707193
0.00304646 -0.0759179   0.707186
0.00303698 -0.0759106   0.707179
0.00302749 -0.0759033   0.707173
0.00301801  -0.075896   0.707166
0.00300851 -0.0758887   0.707159
0.00299903 -0.0758814   0.707152
0.00298952 -0.0758741   0.707146
0.00298002 -0.0758668   0.707139
0.00297052 -0.0758595   0.707132
0.00296099 -0.0758522   0.707126
0.00295148 -0.0758449   0.707119
0.00294196 -0.0758376   0.707112
0.00293246 -0.0758304   0.707106
0.00292293 -0.0758231   0.707099
 0.0029134 -0.0758158   0.707092
0.00290387 -0.0758086   0.707086
0.00289434 -0.0758013   0.707079
0.00288482 -0.0757941   0.707072
0.00287527 -0.0757869   0.707066
0.00286572 -0.0757796   0.707059
0.00285619 -0.0757724   0.707052
0.00284664 -0.0757652   0.707046
0.00283709 -0.0757579   0.707039
0.00282754 -0.0757507   0.707033
0.00281799 -0.0757435   0.707026
0.00280843 -0.0757363   0.707019
0.00279888 -0.0757291   0.707013
0.00278932 -0.0757219   0.707006
0.00277975 -0.0757147      0.707
0.00277019 -0.0757075   0.706993
0.00276062 -0.0757003   0.706986
0.00275104 -0.0756931    0.70698
0.00274147  -0.075686   0.706973
 0.0027319 -0.0756788   0.706967
0.00272231 -0.0756716    0.70696
0.00271273 -0.0756645   0.706953
0.00270315 -0.0756573   0.706947
0.00269356 -0.0756502    0.70694
0.00268397  -0.075643   0.706934
0.00267438 -0.0756359   0.706927
0.00266479 -0.0756288   0.706921
 0.0026552 -0.0756216   0.706914
0.00264561 -0.0756145   0.706907
  0.002636 -0.0756074   0.706901
 0.0026264 -0.0756003   0.706894
 0.0026168 -0.0755931   0.706888
0.00260718  -0.075586   0.706881
0.00259758 -0.0755789   0.706875
0.00258798 -0.0755718   0.706868
0.00257835 -0.0755648   0.706862
0.00256874 -0.0755577   0.706855
0.00255913 -0.0755506   0.706849
0.00254951 -0.0755435   0.706842
0.00253989 -0.0755364   0.706836
0.00253027 -0.0755294   0.706829
0.00252064 -0.0755223   0.706823
0.00251101 -0.0755153   0.706816
 0.0025014 -0.0755082    0.70681
0.00249175 -0.0755012   0.706803
0.00248212 -0.0754941   0.706797
0.00247249 -0.0754871    0.70679
0.00246288 -0.0754801   0.706784
0.00245323  -0.075473   0.706777
0.00244359  -0.075466   0.706771
0.00243395  -0.075459   0.706764
0.00242431  -0.075452   0.706758
0.00241467  -0.075445   0.706751
0.00240503  -0.075438   0.706745
0.00239538  -0.075431   0.706738
0.00238572  -0.075424   0.706732
0.00237609  -0.075417   0.706726
0.00236643   -0.07541   0.706719
0.00235679 -0.0754031   0.706713
0.00234713 -0.0753961   0.706706
0.00233748 -0.0753891     0.7067
0.00232783 -0.0753822   0.706693
0.00231816 -0.0753752   0.706687
0.00230852 -0.0753683   0.706681
0.00229886 -0.0753613   0.706674
0.00228919 -0.0753544   0.706668
0.00227954 -0.0753474   0.706661
0.00226989 -0.0753405   0.706655
0.00226022 -0.0753336   0.706649
0.00225054 -0.0753267   0.706642
 0.0022409 -0.0753198   0.706636
0.00223122 -0.0753129    0.70663
0.00222157  -0.075306   0.706623
 0.0022119 -0.0752991   0.706617
0.00220223 -0.0752922    0.70661
0.00219255 -0.0752853   0.706604
0.00218289 -0.0752784   0.706598
0.00217321 -0.0752715   0.706591
0.00216357 -0.0752647   0.706585
0.00215388 -0.0752578   0.706579
0.00214421 -0.0752509   0.706572
0.00213455 -0.0752441   0.706566
0.00212486 -0.0752372    0.70656
0.00211521 -0.0752304   0.706553
0.00210553 -0.0752235   0.706547
0.00209585 -0.0752167   0.706541
0.00208618 -0.0752099   0.706534
0.00207651 -0.0752031   0.706528
0.00206683 -0.0751962   0.706522
0.00205717 -0.0751894   0.706515
0.00204751 -0.0751826   0.706509
0.00203782 -0.0751758   0.706503
0.00202815  -0.075169   0.706497
0.00201848 -0.0751622    0.70649
 0.0020088 -0.0751554   0.706484
0.00199914 -0.0751486   0.706478
0.00198946 -0.0751419   0.706471
0.00197979 -0.0751351   0.706465
0.00197011 -0.0751283   0.706459
0.00196044 -0.0751216   0.706453
0.00195077 -0.0751148   0.706446
0.00194111  -0.075108    0.70644
0.00193142 -0.0751013   0.706434
0.00192176 -0.0750946   0.706428
0.00191209 -0.0750878   0.706421
0.00190242 -0.0750811   0.706415
0.00189275 -0.0750744   0.706409
0.00188309 -0.0750676   0.706403
0.00187341 -0.0750609   0.706396
0.00186375 -0.0750542    0.70639
0.00185407 -0.0750475   0.706384
0.00184441 -0.0750408   0.706378
0.00183475 -0.0750341   0.706372
0.00182508 -0.0750274   0.706365
0.00181543 -0.0750207   0.706359
0.00180576  -0.075014   0.706353
 0.0017961 -0.0750074   0.706347
0.00178643 -0.0750007   0.706341
0.00177678  -0.074994   0.706334
0.00176713 -0.0749874   0.706328
0.00175745 -0.0749807   0.706322
0.00174781 -0.0749741   0.706316
0.00173814 -0.0749674    0.70631
 0.0017285 -0.0749608   0.706304
0.00171885 -0.0749542   0.706297
0.00170921 -0.0749475   0.706291
0.00169954 -0.0749409   0.706285
0.00168992 -0.0749343   0.706279
0.00168026 -0.0749277   0.706273
0.00167062 -0.0749211   0.706267
0.00166098 -0.0749145   0.706261
0.00165133 -0.0749079   0.706254
0.00164171 -0.0749013   0.706248
0.00163206 -0.0748947   0.706242
0.00162242 -0.0748881   0.706236
0.00161279 -0.0748815    0.70623
0.00160316  -0.074875   0.706224
0.00159354 -0.0748684   0.706218
 0.0015839 -0.0748618   0.706212
0.00157428 -0.0748553   0.706206
0.00156466 -0.0748487   0.706199
0.00155503 -0.0748422   0.706193
 0.0015454 -0.0748356   0.706187
0.00153579 -0.0748291   0.706181
0.00152618 -0.0748226   0.706175
0.00151657  -0.074816   0.706169
0.00150695 -0.0748095   0.706163
0.00149734  -0.074803   0.706157
0.00148776 -0.0747965   0.706151
0.00147814   -0.07479   0.706145
0.00146854 -0.0747835   0.706139
0.00145897  -0.074777   0.706133
0.00144935 -0.0747705   0.706127
0.00143978  -0.074764   0.706121
0.00143019 -0.0747575   0.706115
0.00142059 -0.0747511   0.706109
0.00141101 -0.0747446   0.706103
0.00140143 -0.0747381   0.706097
0.00139185 -0.0747317   0.706091
0.00138228 -0.0747252   0.706085
 0.0013727 -0.0747188   0.706079
0.00136314 -0.0747123   0.706073
0.00135357 -0.0747059   0.706067
0.00134402 -0.0746994   0.706061
0.00133446  -0.074693   0.706055
0.00132491 -0.0746866   0.706049
0.00131536 -0.0746802   0.706043
0.00130582 -0.0746738   0.706037
0.00129627 -0.0746673   0.706031
0.00128673 -0.0746609   0.706025
0.00127719 -0.0746545   0.706019
0.00126765 -0.0746482   0.706013
0.00125813 -0.0746418   0.706007
0.00124861 -0.0746354   0.706001
0.00123909  -0.074629   0.705995
0.00122958 -0.0746226   0.705989
0.00122006 -0.0746163   0.705983
0.00121053 -0.0746099   0.705977
0.00120104 -0.0746036   0.705971
0.00119155 -0.0745972   0.705966
0.00118204 -0.0745909    0.70596
0.00117256 -0.0745845   0.705954
0.00116306 -0.0745782   0.705948
0.00115359 -0.0745719   0.705942
0.00114411 -0.0745655   0.705936
0.00113462 -0.0745592    0.70593
0.00112515 -0.0745529   0.705924
 0.0011157 -0.0745466   0.705918
0.00110623 -0.0745403   0.705913
0.00109678  -0.074534   0.705907
0.00108732 -0.0745277   0.705901
0.00107787 -0.0745214   0.705895
0.00106843 -0.0745151   0.705889
  0.001059 -0.0745089   0.705883
0.00104956 -0.0745026   0.705877
0.00104014 -0.0744963   0.705872
0.00103072 -0.0744901   0.705866
0.00102129 -0.0744838    0.70586
0.00101189 -0.0744776   0.705854
0.00100247 -0.0744713   0.705848
0.000993067  -0.0744651    0.705842
0.00098366 -0.0744589   0.705837
0.000974278  -0.0744526    0.705831
0.000964885  -0.0744464    0.705825
0.000955511  -0.0744402    0.705819
0.000946141   -0.074434    0.705814
0.000936758  -0.0744278    0.705808
0.000927391  -0.0744216    0.705802
0.000918034  -0.0744154    0.705796
0.000908681  -0.0744092     0.70579
0.000899331   -0.074403    0.705785
0.000889982  -0.0743968    0.705779
0.000880644  -0.0743906    0.705773
0.000871303  -0.0743845    0.705767
  0.000862 -0.0743783   0.705762
0.000852667  -0.0743721    0.705756
0.000843338   -0.074366     0.70575
0.000834031  -0.0743599    0.705744
0.000824734  -0.0743537    0.705739
0.000815453  -0.0743476    0.705733
0.000806139  -0.0743415    0.705727
0.00079688 -0.0743353   0.705722
0.000787587  -0.0743292    0.705716
0.000778312  -0.0743231     0.70571
0.000769045   -0.074317    0.705704
0.000759788  -0.0743109    0.705699
0.000750535  -0.0743048    0.705693
0.000741286  -0.0742987    0.705687
0.000732041  -0.0742926    0.705682
0.000722805  -0.0742865    0.705676
0.000713585  -0.0742805     0.70567
0.000704365  -0.0742744    0.705665
0.000695149  -0.0742683    0.705659
0.000685952  -0.0742623    0.705653
0.000676752  -0.0742562    0.705648
0.000667547  -0.0742501    0.705642
0.000658354  -0.0742441    0.705636
0.000649182  -0.0742381    0.705631
0.000639994   -0.074232    0.705625
0.000630832   -0.074226     0.70562
0.000621678    -0.07422    0.705614
0.000612524   -0.074214    0.705608
0.000603387   -0.074208    0.705603
0.000594237   -0.074202    0.705597
0.000585107   -0.074196    0.705592
0.000575994    -0.07419    0.705586
0.00056686  -0.074184    0.70558
0.000557752   -0.074178    0.705575
0.000548653   -0.074172    0.705569
0.000539554   -0.074166    0.705564
0.00053048 -0.0741601   0.705558
0.000521399  -0.0741541    0.705552
0.000512331  -0.0741482    0.705547
0.000503249  -0.0741422    0.705541
0.000494201  -0.0741363    0.705536
0.000485156  -0.0741303     0.70553
0.000476113  -0.0741244    0.705525
0.000467067  -0.0741184    0.705519
0.00045805 -0.0741125   0.705514
0.000449022  -0.0741066    0.705508
0.000440018  -0.0741007    0.705503
0.000431017  -0.0740948    0.705497
0.000422023  -0.0740889    0.705492
0.000413046   -0.074083    0.705486
0.00040407 -0.0740771   0.705481
0.000395098  -0.0740712    0.705475
0.000386128  -0.0740653     0.70547
0.000377181  -0.0740594    0.705464
0.000368233  -0.0740536    0.705459
0.00035931 -0.0740477   0.705453
0.000350383  -0.0740418    0.705448
0.000341441   -0.074036    0.705442
0.00033254 -0.0740301   0.705437
0.00032363 -0.0740243   0.705431
0.000314749  -0.0740185    0.705426
0.000305866  -0.0740126     0.70542
0.000296987  -0.0740068    0.705415
0.000288132   -0.074001    0.705409
0.000279261  -0.0739952    0.705404
0.000270406  -0.0739893    0.705399
0.000261566  -0.0739835    0.705393
0.000252738  -0.0739777    0.705388
0.000243915  -0.0739719    0.705382
0.000235097  -0.0739661    0.705377
0.000226303  -0.0739604    0.705372
0.000217489  -0.0739546    0.705366
0.000208707  -0.0739488    0.705361
0.000199932  -0.0739431    0.705355
0.000191161  -0.0739373     0.70535
0.000182409  -0.0739315    0.705345
0.00017366 -0.0739258   0.705339
0.000164929    -0.07392    0.705334
0.000156187  -0.0739143    0.705328
0.000147458  -0.0739086    0.705323
0.000138745  -0.0739028    0.705318
0.000130041  -0.0738971    0.705312
0.00012135 -0.0738914   0.705307
0.000112674  -0.0738857    0.705302
0.000104004    -0.07388    0.705296
9.53199e-05  -0.0738743    0.705291
8.66743e-05  -0.0738686    0.705286
7.80296e-05  -0.0738629     0.70528
6.94008e-05  -0.0738572    0.705275
6.07844e-05  -0.0738515     0.70527
5.21602e-05  -0.0738458    0.705264
4.35592e-05  -0.0738401    0.705259
3.49614e-05  -0.0738345    0.705254
2.63794e-05  -0.0738288    0.705249
1.77932e-05  -0.0738232    0.705243
9.22984e-06  -0.0738175    0.705238
6.75694e-07  -0.0738119    0.705233
-7.8573e-06  -0.0738063    0.705227
-1.64026e-05   -0.0738006     0.705222
-2.49322e-05    -0.073795     0.705217
-3.34318e-05   -0.0737894     0.705212
-4.19414e-05   -0.0737837     0.705206
-5.04436e-05   -0.0737781     0.705201
-5.89224e-05   -0.0737725     0.705196
-6.73762e-05   -0.0737669     0.705191
-7.58471e-05   -0.0737614     0.705185
-8.42986e-05   -0.0737558      0.70518
-9.27426e-05   -0.0737502     0.705175
-0.000101166   -0.0737446      0.70517
-0.000109582    -0.073739     0.705165
-0.000117998   -0.0737335     0.705159
-0.000126385   -0.0737279     0.705154
-0.000134776   -0.0737223     0.705149
-0.000143143   -0.0737168     0.705144
-0.000151506   -0.0737112     0.705139
-0.000159879   -0.0737057     0.705133
-0.000168216   -0.0737002     0.705128
-0.000176536   -0.0736946     0.705123
-0.000184863   -0.0736891     0.705118
-0.000193181   -0.0736836     0.705113
-0.000201478   -0.0736781     0.705108
-0.000209754   -0.0736726     0.705102
-0.000218049   -0.0736671     0.705097
-0.000226298   -0.0736616     0.705092
-0.000234558   -0.0736561     0.705087
-0.000242798   -0.0736506     0.705082
-0.000251025   -0.0736451     0.705077
-0.000259241   -0.0736396     0.705072
-0.000267454   -0.0736342     0.705066
-0.000275662   -0.0736287     0.705061
-0.000283829   -0.0736232     0.705056
-0.000291993   -0.0736178     0.705051
-0.000300168   -0.0736123     0.705046
-0.000308327   -0.0736069     0.705041
-0.000316457   -0.0736014     0.705036
-0.000324577    -0.073596     0.705031
-0.000332709   -0.0735906     0.705026
-0.0003408 -0.0735851   0.705021
-0.000348892   -0.0735797     0.705016
-0.000356963   -0.0735743     0.705011
-0.00036503  -0.0735689    0.705005
-0.000373088   -0.0735635        0.705
-0.000381138   -0.0735581     0.704995
-0.000389164   -0.0735527      0.70499
-0.000397193   -0.0735473     0.704985
-0.000405203    -0.073542      0.70498
-0.000413192   -0.0735366     0.704975
-0.000421173   -0.0735312      0.70497
-0.000429147   -0.0735258     0.704965
-0.000437095   -0.0735205      0.70496
-0.000445041   -0.0735152     0.704955
-0.000452982   -0.0735098      0.70495
-0.000460894   -0.0735045     0.704945
-0.000468819   -0.0734991      0.70494
-0.000476704   -0.0734938     0.704935
-0.000484586   -0.0734885      0.70493
-0.000492471   -0.0734831     0.704925
-0.000500328   -0.0734778      0.70492
-0.00050818  -0.0734725    0.704915
-0.000516021   -0.0734672      0.70491
-0.000523839   -0.0734619     0.704905
-0.000531654   -0.0734566       0.7049
-0.000539434   -0.0734513     0.704896
-0.000547234   -0.0734461     0.704891
-0.000554994   -0.0734408     0.704886
-0.000562763   -0.0734355     0.704881
-0.000570494   -0.0734302     0.704876
-0.000578243    -0.073425     0.704871
-0.000585962   -0.0734197     0.704866
-0.000593656   -0.0734144     0.704861
-0.000601362   -0.0734092     0.704856
-0.000609042    -0.073404     0.704851
-0.000616724   -0.0733987     0.704846
-0.000624367   -0.0733935     0.704842
-0.000632004   -0.0733883     0.704837
-0.000639632   -0.0733831     0.704832
-0.000647254   -0.0733779     0.704827
-0.000654857   -0.0733727     0.704822
-0.000662457   -0.0733676     0.704817
-0.00067004  -0.0733624    0.704812
-0.000677593   -0.0733573     0.704807
-0.000685137   -0.0733521     0.704803
-0.000692672    -0.073347     0.704798
-0.000700192   -0.0733419     0.704793
-0.000707711   -0.0733367     0.704788
-0.000715188   -0.0733316     0.704783
-0.000722677   -0.0733265     0.704778
-0.000730145   -0.0733213     0.704773
-0.000737577   -0.0733162     0.704769
-0.000745029   -0.0733111     0.704764
-0.000752437   -0.0733059     0.704759
-0.000759857   -0.0733008     0.704754
-0.000767252   -0.0732957     0.704749
-0.000774645   -0.0732905     0.704745
-0.00078199  -0.0732854     0.70474
-0.000789352   -0.0732803     0.704735
-0.000796707   -0.0732752      0.70473
-0.00080402  -0.0732701    0.704725
-0.000811338    -0.073265     0.704721
-0.000818637   -0.0732599     0.704716
-0.000825912   -0.0732549     0.704711
-0.00083319  -0.0732498    0.704706
-0.000840455   -0.0732448     0.704702
-0.000847689   -0.0732397     0.704697
-0.00085493  -0.0732347    0.704692
-0.000862142   -0.0732297     0.704687
-0.000869349   -0.0732247     0.704683
-0.000876533   -0.0732197     0.704678
-0.000883689   -0.0732147     0.704673
-0.000890842   -0.0732097     0.704668
-0.000897988   -0.0732047     0.704664
-0.000905119   -0.0731997     0.704659
-0.00091222  -0.0731947    0.704654
-0.000919327   -0.0731897      0.70465
-0.000926429   -0.0731847     0.704645
-0.000933492   -0.0731797      0.70464
-0.000940548   -0.0731747     0.704635
-0.000947588   -0.0731697     0.704631
-0.000954605   -0.0731647     0.704626
-0.000961629   -0.0731598     0.704621
-0.000968623   -0.0731549     0.704617
-0.00097561  -0.0731499    0.704612
-0.000982583    -0.073145     0.704607
-0.000989554   -0.0731401     0.704603
-0.000996487   -0.0731352     0.704598
-0.00100341  -0.0731303    0.704593
-0.00101034  -0.0731254    0.704589
-0.00101722  -0.0731205    0.704584
-0.00102411  -0.0731156     0.70458
-0.00103097  -0.0731108    0.704575
-0.00103782  -0.0731059     0.70457
-0.00104466   -0.073101    0.704566
-0.00105148  -0.0730961    0.704561
-0.00105829  -0.0730912    0.704556
-0.00106509  -0.0730863    0.704552
-0.00107187  -0.0730815    0.704547
-0.00107865  -0.0730766    0.704543
-0.00108541  -0.0730718    0.704538
-0.00109215  -0.0730669    0.704534
-0.00109887  -0.0730621    0.704529
-0.00110557  -0.0730574    0.704524
-0.00111226  -0.0730526     0.70452
-0.00111895  -0.0730478    0.704515
-0.0011256  -0.073043   0.704511
-0.00113225  -0.0730382    0.704506
-0.00113889  -0.0730334    0.704502
-0.0011455 -0.0730286   0.704497
-0.00115212  -0.0730238    0.704493
-0.0011587  -0.073019   0.704488
-0.00116527  -0.0730143    0.704484
-0.00117183  -0.0730095    0.704479
-0.00117838  -0.0730047    0.704475
-0.0011849 -0.0729999    0.70447
-0.00119142  -0.0729952    0.704466
-0.00119791  -0.0729905    0.704461
-0.00120441  -0.0729858    0.704457
-0.00121086  -0.0729811    0.704452
-0.00121731  -0.0729764    0.704448
-0.00122376  -0.0729717    0.704443
-0.00123018   -0.072967    0.704439
-0.00123658  -0.0729623    0.704434
-0.00124298  -0.0729576     0.70443
-0.00124935  -0.0729529    0.704425
-0.0012557 -0.0729482   0.704421
-0.00126206  -0.0729435    0.704417
-0.00126838  -0.0729389    0.704412
-0.00127471  -0.0729342    0.704408
 -0.001281 -0.0729295   0.704403
-0.0012873 -0.0729249   0.704399
-0.00129357  -0.0729203    0.704394
-0.00129981  -0.0729157     0.70439
-0.00130606   -0.072911    0.704386
-0.00131228  -0.0729064    0.704381
-0.00131848  -0.0729018    0.704377
-0.00132468  -0.0728972    0.704373
-0.00133085  -0.0728926    0.704368
-0.00133702   -0.072888    0.704364
-0.00134317  -0.0728834    0.704359
-0.00134929  -0.0728788    0.704355
-0.00135541  -0.0728742    0.704351
-0.00136152  -0.0728696    0.704346
-0.0013676  -0.072865   0.704342
-0.00137366  -0.0728605    0.704338
-0.00137973  -0.0728559    0.704333
-0.00138577  -0.0728514    0.704329
-0.0013918 -0.0728469   0.704325
-0.0013978 -0.0728423    0.70432
-0.0014038 -0.0728378   0.704316
-0.00140978  -0.0728333    0.704312
-0.00141573  -0.0728287    0.704307
-0.00142169  -0.0728242    0.704303
-0.00142763  -0.0728197    0.704299
-0.00143353  -0.0728152    0.704295
-0.00143944  -0.0728107     0.70429
-0.00144532  -0.0728062    0.704286
-0.00145118  -0.0728018    0.704282
-0.00145706  -0.0727973    0.704278
-0.00146288  -0.0727929    0.704273
-0.00146872  -0.0727884    0.704269
-0.00147451   -0.072784    0.704265
-0.00148032  -0.0727795    0.704261
-0.0014861  -0.072775   0.704256
-0.00149185  -0.0727706    0.704252
-0.0014976 -0.0727661   0.704248
-0.00150331  -0.0727617    0.704244
-0.00150903  -0.0727572     0.70424
-0.00151473  -0.0727528    0.704235
-0.00152041  -0.0727484    0.704231
-0.00152607  -0.0727441    0.704227
-0.00153172  -0.0727397    0.704223
-0.00153737  -0.0727353    0.704219
-0.00154298  -0.0727309    0.704214
-0.00154858  -0.0727265     0.70421
-0.00155418  -0.0727221    0.704206
-0.00155976  -0.0727178    0.704202
-0.00156531  -0.0727134    0.704198
-0.00157085   -0.072709    0.704194
-0.00157636  -0.0727047    0.704189
-0.00158188  -0.0727004    0.704185
-0.00158737   -0.072696    0.704181
-0.00159285  -0.0726917    0.704177
-0.00159832  -0.0726874    0.704173
-0.00160379  -0.0726831    0.704169
-0.00160921  -0.0726788    0.704165
-0.00161464  -0.0726745    0.704161
-0.00162002  -0.0726702    0.704157
-0.0016254 -0.0726659   0.704152
-0.00163079  -0.0726615    0.704148
-0.00163614  -0.0726573    0.704144
-0.00164148  -0.0726531     0.70414
-0.00164681  -0.0726488    0.704136
-0.00165211  -0.0726446    0.704132
-0.0016574 -0.0726403   0.704128
-0.00166267  -0.0726361    0.704124
-0.00166795  -0.0726318     0.70412
-0.0016732 -0.0726276   0.704116
-0.00167842  -0.0726233    0.704112
-0.00168365  -0.0726191    0.704108
-0.00168884  -0.0726148    0.704104
-0.00169402  -0.0726106      0.7041
-0.0016992 -0.0726065   0.704096
-0.00170434  -0.0726023    0.704092
-0.0017095 -0.0725981   0.704088
-0.00171461  -0.0725939    0.704084
-0.00171973  -0.0725897     0.70408
-0.00172481  -0.0725856    0.704076
-0.0017299 -0.0725814   0.704072
-0.00173495  -0.0725772    0.704068
-0.00173999   -0.072573    0.704064
-0.00174504  -0.0725688     0.70406
-0.00175005  -0.0725647    0.704056
-0.00175505  -0.0725606    0.704052
-0.00176005  -0.0725565    0.704048
-0.00176501  -0.0725524    0.704044
-0.00176997  -0.0725483     0.70404
-0.00177493  -0.0725442    0.704036
-0.00177984  -0.0725401    0.704032
-0.00178475   -0.072536    0.704028
-0.00178965  -0.0725318    0.704024
-0.00179453  -0.0725278     0.70402
-0.00179938  -0.0725237    0.704016
-0.00180423  -0.0725197    0.704013
-0.00180909  -0.0725156    0.704009
-0.00181389  -0.0725116    0.704005
-0.00181871  -0.0725075    0.704001
-0.0018235 -0.0725035   0.703997
-0.00182828  -0.0724995    0.703993
-0.00183305  -0.0724954    0.703989
-0.0018378 -0.0724914   0.703985
-0.00184253  -0.0724873    0.703982
-0.00184723  -0.0724833    0.703978
-0.00185194  -0.0724793    0.703974
-0.00185661  -0.0724753     0.70397
-0.0018613 -0.0724713   0.703966
-0.00186595  -0.0724674    0.703962
-0.0018706 -0.0724634   0.703958
-0.00187523  -0.0724594    0.703955
-0.00187984  -0.0724554    0.703951
-0.00188445  -0.0724514    0.703947
-0.00188904  -0.0724474    0.703943
-0.0018936 -0.0724435   0.703939
-0.00189815  -0.0724396    0.703936
-0.00190268  -0.0724357    0.703932
-0.00190722  -0.0724317    0.703928
-0.00191171  -0.0724278    0.703924
-0.00191621  -0.0724239     0.70392
-0.0019207   -0.07242   0.703917
-0.00192515   -0.072416    0.703913
-0.00192961  -0.0724121    0.703909
-0.00193403  -0.0724083    0.703905
-0.00193846  -0.0724044    0.703902
-0.00194285  -0.0724006    0.703898
-0.00194725  -0.0723967    0.703894
-0.00195162  -0.0723928     0.70389
-0.00195597  -0.0723889    0.703887
-0.00196033  -0.0723851    0.703883
-0.00196464  -0.0723812    0.703879
-0.00196897  -0.0723773    0.703875
-0.00197328  -0.0723735    0.703872
-0.00197756  -0.0723696    0.703868
-0.00198184  -0.0723658    0.703864
-0.00198609   -0.072362    0.703861
-0.00199032  -0.0723582    0.703857
-0.00199456  -0.0723544    0.703853
-0.00199874  -0.0723506     0.70385
-0.00200295  -0.0723468    0.703846
-0.00200714   -0.072343    0.703842
-0.00201129  -0.0723392    0.703839
-0.00201546  -0.0723354    0.703835
-0.00201959  -0.0723316    0.703831
-0.00202371  -0.0723279    0.703828
-0.00202785  -0.0723241    0.703824
-0.00203192  -0.0723204     0.70382
-0.00203601  -0.0723167    0.703817
-0.00204008  -0.0723129    0.703813
-0.00204411  -0.0723092     0.70381
-0.00204816  -0.0723054    0.703806
-0.00205218  -0.0723017    0.703802
-0.00205618  -0.0722979    0.703799
-0.00206017  -0.0722943    0.703795
-0.00206414  -0.0722906    0.703792
-0.00206813  -0.0722869    0.703788
-0.00207205  -0.0722832    0.703784
-0.00207601  -0.0722795    0.703781
-0.00207994  -0.0722759    0.703777
-0.00208382  -0.0722722    0.703774
-0.00208772  -0.0722685     0.70377
-0.0020916 -0.0722648   0.703767
-0.00209547  -0.0722612    0.703763
-0.00209932  -0.0722575     0.70376
-0.00210314  -0.0722539    0.703756
-0.00210697  -0.0722503    0.703753
-0.00211078  -0.0722467    0.703749
-0.00211457   -0.072243    0.703745
-0.00211834  -0.0722394    0.703742
-0.00212211  -0.0722358    0.703738
-0.00212586  -0.0722322    0.703735
-0.00212959  -0.0722286    0.703731
-0.00213331  -0.0722249    0.703728
-0.00213701  -0.0722214    0.703725
-0.00214071  -0.0722178    0.703721
-0.0021444 -0.0722143   0.703718
-0.00214806  -0.0722108    0.703714
-0.00215171  -0.0722073    0.703711
-0.00215535  -0.0722038    0.703707
-0.00215898  -0.0722003    0.703704
-0.00216258  -0.0721968      0.7037
-0.00216618  -0.0721933    0.703697
-0.00216975  -0.0721898    0.703693
-0.0021733 -0.0721863    0.70369
-0.00217687  -0.0721828    0.703686
-0.00218039  -0.0721792    0.703683
-0.00218392  -0.0721757     0.70368
-0.00218743  -0.0721722    0.703676
-0.00219093  -0.0721687    0.703673
-0.00219443  -0.0721652    0.703669
-0.00219789  -0.0721617    0.703666
-0.00220136  -0.0721582    0.703663
-0.0022048 -0.0721546   0.703659
-0.00220824  -0.0721511    0.703656
-0.00221166  -0.0721476    0.703652
-0.00221506  -0.0721441    0.703649
-0.00221845  -0.0721406    0.703646
-0.00222182  -0.0721372    0.703642
-0.00222521  -0.0721337    0.703639
-0.00222856  -0.0721303    0.703636
-0.0022319 -0.0721269   0.703632
-0.00223523  -0.0721236    0.703629
-0.00223855  -0.0721202    0.703626
-0.00224187  -0.0721168    0.703622
-0.00224512  -0.0721134    0.703619
-0.00224842    -0.07211    0.703616
-0.00225168  -0.0721066    0.703613
-0.00225491  -0.0721032    0.703609
-0.00225816  -0.0720999    0.703606
-0.00226138  -0.0720965    0.703603
-0.00226457  -0.0720931    0.703599
-0.00226778  -0.0720897    0.703596
-0.00227097  -0.0720864    0.703593
-0.00227413   -0.072083     0.70359
-0.00227729  -0.0720797    0.703586
-0.00228044  -0.0720764    0.703583
-0.00228357  -0.0720731     0.70358
-0.00228669  -0.0720699    0.703577
-0.0022898 -0.0720666   0.703573
-0.00229289  -0.0720633     0.70357
-0.00229599  -0.0720601    0.703567
-0.00229904  -0.0720568    0.703564
-0.00230209  -0.0720535     0.70356
-0.00230515  -0.0720503    0.703557
-0.00230819   -0.072047    0.703554
-0.0023112 -0.0720438   0.703551
-0.0023142 -0.0720405   0.703547
-0.00231719  -0.0720372    0.703544
-0.00232017   -0.072034    0.703541
-0.00232313  -0.0720307    0.703538
-0.00232607  -0.0720274    0.703535
-0.00232901  -0.0720241    0.703532
-0.00233196  -0.0720209    0.703528
-0.0023349 -0.0720176   0.703525
-0.0023378 -0.0720143   0.703522
-0.00234069  -0.0720111    0.703519
-0.00234359  -0.0720078    0.703516
-0.00234646  -0.0720046    0.703513
-0.00234931  -0.0720014     0.70351
-0.00235218  -0.0719983    0.703506
-0.00235501  -0.0719951    0.703503
-0.00235785  -0.0719919      0.7035
-0.00236066  -0.0719888    0.703497
-0.00236346  -0.0719857    0.703494
-0.00236625  -0.0719825    0.703491
-0.00236902  -0.0719794    0.703488
-0.00237179  -0.0719763    0.703485
-0.00237454  -0.0719731    0.703482
-0.00237728    -0.07197    0.703478
-0.00238002  -0.0719669    0.703475
-0.00238273  -0.0719637    0.703472
-0.00238543  -0.0719606    0.703469
-0.00238814  -0.0719574    0.703466
-0.00239081  -0.0719543    0.703463
-0.0023935 -0.0719511    0.70346
-0.00239616   -0.071948    0.703457
-0.0023988 -0.0719449   0.703454
-0.00240145  -0.0719418    0.703451
-0.00240406  -0.0719388    0.703448
-0.0024067 -0.0719357   0.703445
-0.00240931  -0.0719327    0.703442
-0.00241189  -0.0719297    0.703439
-0.00241447  -0.0719266    0.703436
-0.00241705  -0.0719236    0.703433
-0.00241963  -0.0719206     0.70343
-0.00242217  -0.0719176    0.703427
-0.00242471  -0.0719146    0.703424
-0.00242725  -0.0719116    0.703421
-0.00242976  -0.0719085    0.703418
-0.00243226  -0.0719055    0.703415
-0.00243475  -0.0719025    0.703412
-0.00243724  -0.0718995    0.703409
-0.00243971  -0.0718965    0.703406
-0.00244215  -0.0718934    0.703403
-0.00244461  -0.0718904      0.7034
-0.00244705  -0.0718874    0.703397
-0.00244948  -0.0718844    0.703394
-0.00245191  -0.0718813    0.703391
-0.00245432  -0.0718783    0.703388
-0.00245673  -0.0718753    0.703385
-0.00245913  -0.0718723    0.703383
-0.00246151  -0.0718694     0.70338
-0.00246389  -0.0718665    0.703377
-0.00246624  -0.0718636    0.703374
-0.0024686 -0.0718607   0.703371
-0.00247093  -0.0718578    0.703368
-0.00247325  -0.0718549    0.703365
-0.00247557   -0.071852    0.703362
-0.00247788  -0.0718491    0.703359
-0.00248018  -0.0718463    0.703357
-0.00248246  -0.0718434    0.703354
-0.00248476  -0.0718405    0.703351
 -0.002487 -0.0718376   0.703348
-0.00248926  -0.0718347    0.703345
-0.0024915 -0.0718318   0.703342
-0.00249374  -0.0718289    0.703339
-0.00249597   -0.071826    0.703337
-0.00249818  -0.0718231    0.703334
-0.00250038  -0.0718202    0.703331
-0.00250259  -0.0718173    0.703328
-0.00250478  -0.0718144    0.703325
-0.00250695  -0.0718115    0.703323
-0.00250913  -0.0718087     0.70332
-0.00251128  -0.0718059    0.703317
-0.00251343  -0.0718031    0.703314
-0.00251557  -0.0718003    0.703311
-0.00251768  -0.0717976    0.703309
-0.00251983  -0.0717948    0.703306
-0.00252194   -0.071792    0.703303
-0.00252404  -0.0717892      0.7033
-0.00252614  -0.0717865    0.703297
-0.00252822  -0.0717837    0.703295
-0.00253029  -0.0717809    0.703292
-0.00253235  -0.0717782    0.703289
-0.0025344 -0.0717754   0.703286
-0.00253644  -0.0717726    0.703284
-0.00253848  -0.0717699    0.703281
-0.0025405 -0.0717671   0.703278
-0.00254252  -0.0717643    0.703275
-0.00254452  -0.0717615    0.703273
-0.00254653  -0.0717587     0.70327
-0.00254851   -0.071756    0.703267
-0.0025505 -0.0717532   0.703265
-0.00255247  -0.0717504    0.703262
-0.00255446  -0.0717476    0.703259
-0.0025564 -0.0717449   0.703257
-0.00255835  -0.0717422    0.703254
-0.00256028  -0.0717395    0.703251
-0.00256221  -0.0717368    0.703249
-0.00256413  -0.0717342    0.703246
-0.00256606  -0.0717315    0.703243
-0.00256797  -0.0717289    0.703241
-0.00256985  -0.0717262    0.703238
-0.00257175  -0.0717236    0.703235
-0.00257362   -0.071721    0.703233
-0.00257548  -0.0717183     0.70323
-0.00257733  -0.0717157    0.703227
-0.00257919  -0.0717131    0.703225
-0.00258103  -0.0717104    0.703222
-0.00258286  -0.0717078    0.703219
-0.00258469  -0.0717051    0.703217
-0.00258652  -0.0717025    0.703214
-0.00258831  -0.0716998    0.703212
-0.00259012  -0.0716971    0.703209
-0.0025919 -0.0716945   0.703206
-0.0025937 -0.0716919   0.703204
-0.00259547  -0.0716892    0.703201
-0.00259724  -0.0716866    0.703199
-0.00259899  -0.0716839    0.703196
-0.00260075  -0.0716813    0.703194
-0.0026025 -0.0716787   0.703191
-0.00260423  -0.0716761    0.703188
-0.00260597  -0.0716736    0.703186
-0.00260769  -0.0716711    0.703183
-0.00260942  -0.0716686    0.703181
-0.00261112   -0.071666    0.703178
-0.00261282  -0.0716635    0.703176
-0.00261452   -0.071661    0.703173
-0.00261619  -0.0716585    0.703171
-0.00261786   -0.071656    0.703168
-0.00261953  -0.0716535    0.703166
-0.00262118  -0.0716509    0.703163
-0.00262284  -0.0716484     0.70316
-0.00262447  -0.0716459    0.703158
-0.00262611  -0.0716434    0.703155
-0.00262773  -0.0716408    0.703153
-0.00262936  -0.0716383     0.70315
-0.00263098  -0.0716358    0.703148
-0.00263259  -0.0716333    0.703146
-0.0026342 -0.0716307   0.703143
-0.0026358 -0.0716282   0.703141
-0.00263738  -0.0716257    0.703138
-0.00263895  -0.0716231    0.703136
-0.00264052  -0.0716206    0.703133
-0.00264209  -0.0716181    0.703131
-0.00264368  -0.0716155    0.703128
-0.00264523  -0.0716131    0.703126
-0.00264675  -0.0716107    0.703123
-0.0026483 -0.0716083   0.703121
-0.00264984  -0.0716059    0.703119
-0.00265138  -0.0716035    0.703116
-0.00265288  -0.0716011    0.703114
-0.0026544 -0.0715988   0.703111
-0.00265591  -0.0715964    0.703109
-0.00265742   -0.071594    0.703107
-0.00265891  -0.0715916    0.703104
-0.0026604 -0.0715892   0.703102
-0.00266187  -0.0715868    0.703099
-0.00266334  -0.0715844    0.703097
-0.00266481   -0.071582    0.703095
-0.00266627  -0.0715796    0.703092
-0.00266772  -0.0715772     0.70309
-0.00266916  -0.0715748    0.703087
-0.0026706 -0.0715724   0.703085
-0.00267204    -0.07157    0.703083
-0.00267346  -0.0715676     0.70308
-0.00267487  -0.0715652    0.703078
-0.0026763 -0.0715628   0.703076
-0.00267772  -0.0715604    0.703073
-0.00267912   -0.071558    0.703071
-0.00268052  -0.0715556    0.703069
-0.00268191  -0.0715532    0.703066
-0.00268333  -0.0715509    0.703064
-0.00268469  -0.0715486    0.703062
-0.00268607  -0.0715464    0.703059
-0.00268746  -0.0715441    0.703057
-0.00268879  -0.0715418    0.703055
-0.00269016  -0.0715395    0.703052
-0.00269152  -0.0715373     0.70305
-0.00269284   -0.071535    0.703048
-0.0026942 -0.0715328   0.703046
-0.00269553  -0.0715305    0.703043
-0.00269687  -0.0715282    0.703041
-0.00269819   -0.071526    0.703039
-0.00269951  -0.0715237    0.703036
-0.00270082  -0.0715214    0.703034
-0.00270213  -0.0715192    0.703032
-0.00270343  -0.0715169     0.70303
-0.0027047 -0.0715146   0.703027
 -0.002706 -0.0715123   0.703025
-0.0027073 -0.0715101   0.703023
-0.00270854  -0.0715078    0.703021
-0.00270982  -0.0715055    0.703018
-0.00271109  -0.0715032    0.703016
-0.00271237   -0.071501    0.703014
-0.00271363  -0.0714987    0.703012
-0.00271488  -0.0714964     0.70301
-0.00271612  -0.0714941    0.703007
-0.00271737  -0.0714919    0.703005
-0.00271861  -0.0714896    0.703003
-0.00271986  -0.0714874    0.703001
-0.00272108  -0.0714852    0.702999
-0.0027223  -0.071483   0.702996
-0.00272355  -0.0714808    0.702994
-0.00272474  -0.0714786    0.702992
-0.00272597  -0.0714764     0.70299
-0.00272717  -0.0714742    0.702988
-0.00272837   -0.071472    0.702986
-0.00272956  -0.0714699    0.702984
-0.00273076  -0.0714678    0.702981
-0.00273195  -0.0714657    0.702979
-0.00273315  -0.0714635    0.702977
-0.00273431  -0.0714614    0.702975
-0.00273549  -0.0714593    0.702973
-0.00273668  -0.0714571    0.702971
-0.00273782   -0.071455    0.702969
-0.00273897  -0.0714529    0.702966
-0.00274014  -0.0714508    0.702964
-0.00274128  -0.0714486    0.702962
-0.00274246  -0.0714465     0.70296
-0.00274356  -0.0714444    0.702958
-0.00274473  -0.0714422    0.702956
-0.00274583  -0.0714401    0.702954
-0.00274697   -0.071438    0.702952
-0.00274809  -0.0714358     0.70295
-0.00274923  -0.0714337    0.702947
-0.00275036  -0.0714316    0.702945
-0.00275148  -0.0714295    0.702943
-0.00275258  -0.0714275    0.702941
-0.00275367  -0.0714254    0.702939
-0.00275478  -0.0714233    0.702937
-0.00275589  -0.0714213    0.702935
-0.00275697  -0.0714192    0.702933
-0.00275808  -0.0714171    0.702931
-0.00275916   -0.071415    0.702929
-0.00276022   -0.071413    0.702927
-0.00276131  -0.0714109    0.702925
-0.00276239  -0.0714089    0.702923
-0.00276347  -0.0714068    0.702921
-0.00276454  -0.0714048    0.702919
-0.00276558  -0.0714028    0.702917
-0.00276665  -0.0714008    0.702915
-0.00276771  -0.0713988    0.702913
-0.00276876  -0.0713968    0.702911
-0.00276981  -0.0713948    0.702909
-0.00277086  -0.0713928    0.702907
-0.00277192  -0.0713907    0.702905
-0.00277295  -0.0713887    0.702903
-0.00277399  -0.0713867    0.702901
 -0.002775 -0.0713847   0.702899
-0.00277605  -0.0713827    0.702897
-0.00277706  -0.0713807    0.702895
-0.00277807  -0.0713787    0.702893
-0.00277907  -0.0713767    0.702891
-0.00278013  -0.0713747    0.702889
-0.00278114  -0.0713728    0.702887
-0.00278214  -0.0713708    0.702885
-0.00278313  -0.0713689    0.702883
-0.00278413  -0.0713669    0.702881
-0.00278515   -0.071365    0.702879
-0.00278616  -0.0713631    0.702877
-0.00278715  -0.0713611    0.702875
-0.00278815  -0.0713592    0.702873
-0.00278911  -0.0713572    0.702871
-0.00279012  -0.0713553    0.702869
-0.00279108  -0.0713534    0.702868
-0.00279207  -0.0713514    0.702866
-0.00279304  -0.0713495    0.702864
-0.00279401  -0.0713475    0.702862
-0.00279498  -0.0713456     0.70286
-0.00279596  -0.0713437    0.702858
-0.00279692  -0.0713418    0.702856
-0.00279789  -0.0713399    0.702854
-0.00279884   -0.071338    0.702852
-0.0027998 -0.0713362    0.70285
-0.00280076  -0.0713343    0.702849
-0.00280172  -0.0713324    0.702847
-0.00280268  -0.0713305    0.702845
-0.00280362  -0.0713287    0.702843
-0.00280455  -0.0713268    0.702841
-0.00280548  -0.0713249    0.702839
-0.00280646   -0.071323    0.702837
-0.00280737  -0.0713212    0.702836
-0.00280832  -0.0713193    0.702834
-0.00280926  -0.0713174    0.702832
-0.00281018  -0.0713156     0.70283
-0.00281109  -0.0713137    0.702828
-0.00281204  -0.0713119    0.702826
-0.00281296  -0.0713101    0.702825
-0.00281387  -0.0713083    0.702823
-0.00281479  -0.0713064    0.702821
-0.00281571  -0.0713046    0.702819
-0.00281664  -0.0713028    0.702817
-0.00281753   -0.071301    0.702815
-0.00281845  -0.0712992    0.702814
-0.00281935  -0.0712974    0.702812
-0.00282028  -0.0712956     0.70281
-0.00282116  -0.0712938    0.702808
-0.00282206   -0.071292    0.702807
-0.00282297  -0.0712902    0.702805
-0.00282387  -0.0712884    0.702803
-0.00282478  -0.0712866    0.702801
-0.00282566  -0.0712847    0.702799
-0.00282658  -0.0712829    0.702798
-0.00282744  -0.0712812    0.702796
-0.00282836  -0.0712794    0.702794
-0.00282924  -0.0712777    0.702792
-0.00283013   -0.071276    0.702791
-0.00283103  -0.0712742    0.702789
-0.00283189  -0.0712725    0.702787
-0.00283277  -0.0712708    0.702785
-0.00283364   -0.071269    0.702784
-0.00283453  -0.0712673    0.702782
-0.00283539  -0.0712655     0.70278
-0.00283627  -0.0712638    0.702779
-0.00283714   -0.071262    0.702777
-0.00283801  -0.0712603    0.702775
-0.00283887  -0.0712586    0.702773
-0.00283976  -0.0712568    0.702772
-0.00284061  -0.0712551     0.70277
-0.00284149  -0.0712534    0.702768
-0.00284234  -0.0712517    0.702767
-0.00284323  -0.0712501    0.702765
-0.00284408  -0.0712484    0.702763
-0.00284493  -0.0712467    0.702762
-0.00284577   -0.071245     0.70276
-0.00284664  -0.0712433    0.702758
-0.00284748  -0.0712417    0.702757
-0.00284833    -0.07124    0.702755
-0.0028492 -0.0712383   0.702753
-0.00285006  -0.0712367    0.702752
-0.00285089   -0.071235     0.70275
-0.00285174  -0.0712333    0.702748
-0.0028526 -0.0712316   0.702747
-0.00285345  -0.0712299    0.702745
-0.00285426  -0.0712282    0.702743
-0.00285512  -0.0712266    0.702742
-0.00285595  -0.0712249     0.70274
-0.00285681  -0.0712233    0.702738
-0.00285763  -0.0712217    0.702737
-0.0028585   -0.07122   0.702735
-0.00285935  -0.0712184    0.702734
-0.00286017  -0.0712168    0.702732
-0.00286102  -0.0712152     0.70273
-0.00286185  -0.0712136    0.702729
-0.00286267   -0.071212    0.702727
-0.00286351  -0.0712104    0.702726
-0.00286432  -0.0712088    0.702724
-0.00286515  -0.0712071    0.702722
-0.00286599  -0.0712055    0.702721
-0.00286683  -0.0712039    0.702719
-0.00286765  -0.0712023    0.702718
-0.00286847  -0.0712007    0.702716
-0.00286929  -0.0711991    0.702714
-0.00287011  -0.0711975    0.702713
-0.00287092   -0.071196    0.702711
-0.00287178  -0.0711944     0.70271
-0.0028726 -0.0711929   0.702708
-0.00287339  -0.0711913    0.702707
-0.00287422  -0.0711898    0.702705
-0.00287506  -0.0711882    0.702704
-0.00287588  -0.0711867    0.702702
-0.00287671  -0.0711852      0.7027
-0.00287749  -0.0711836    0.702699
-0.00287832  -0.0711821    0.702697
-0.00287913  -0.0711805    0.702696
-0.00287996   -0.071179    0.702694
-0.00288078  -0.0711774    0.702693
-0.00288157  -0.0711759    0.702691
-0.00288237  -0.0711743     0.70269
-0.0028832 -0.0711728   0.702688
-0.00288402  -0.0711713    0.702687
-0.00288485  -0.0711697    0.702685
-0.00288565  -0.0711682    0.702684
-0.00288647  -0.0711667    0.702682
-0.00288726  -0.0711652    0.702681
-0.00288806  -0.0711638    0.702679
-0.00288887  -0.0711623    0.702678
-0.00288967  -0.0711608    0.702676
-0.00289051  -0.0711593    0.702675
-0.00289129  -0.0711578    0.702673
-0.00289212  -0.0711564    0.702672
-0.00289289  -0.0711549    0.702671
-0.00289373  -0.0711534    0.702669
-0.00289454  -0.0711519    0.702668
-0.00289534  -0.0711505    0.702666
-0.00289613   -0.071149    0.702665
-0.00289691  -0.0711475    0.702663
-0.00289774  -0.0711461    0.702662
-0.00289855  -0.0711446     0.70266
-0.00289933  -0.0711431    0.702659
-0.00290014  -0.0711416    0.702658
-0.00290095  -0.0711402    0.702656
-0.00290176  -0.0711388    0.702655
-0.00290254  -0.0711374    0.702653
-0.00290337   -0.071136    0.702652
-0.00290415  -0.0711346     0.70265
-0.00290496  -0.0711332    0.702649
-0.00290574  -0.0711318    0.702648
-0.00290655  -0.0711304    0.702646
-0.00290734   -0.071129    0.702645
-0.00290815  -0.0711275    0.702643
-0.00290892  -0.0711261    0.702642
-0.00290972  -0.0711247    0.702641
-0.00291052  -0.0711233    0.702639
-0.00291133  -0.0711219    0.702638
-0.00291213  -0.0711205    0.702636
-0.00291293  -0.0711191    0.702635
-0.00291373  -0.0711177    0.702634
-0.00291454  -0.0711163    0.702632
-0.00291534  -0.0711149    0.702631
-0.00291614  -0.0711135     0.70263
-0.00291692  -0.0711121    0.702628
-0.00291771  -0.0711108    0.702627
-0.00291852  -0.0711094    0.702626
-0.00291929  -0.0711081    0.702624
-0.00292008  -0.0711068    0.702623
-0.0029209 -0.0711054   0.702622
-0.00292169  -0.0711041     0.70262
-0.00292248  -0.0711028    0.702619
-0.00292327  -0.0711014    0.702618
-0.00292406  -0.0711001    0.702616
-0.00292486  -0.0710988    0.702615
-0.00292567  -0.0710974    0.702614
-0.00292647  -0.0710961    0.702612
-0.00292727  -0.0710947    0.702611
-0.00292806  -0.0710934     0.70261
-0.00292884   -0.071092    0.702608
-0.00292963  -0.0710907    0.702607
-0.00293045  -0.0710894    0.702606
-0.00293124  -0.0710881    0.702604
-0.00293204  -0.0710868    0.702603
-0.0029328 -0.0710855   0.702602
-0.00293361  -0.0710842    0.702601
-0.00293441   -0.071083    0.702599
-0.00293521  -0.0710817    0.702598
-0.00293601  -0.0710804    0.702597
-0.0029368 -0.0710791   0.702595
-0.0029376 -0.0710779   0.702594
-0.00293838  -0.0710766    0.702593
-0.00293917  -0.0710753    0.702592
-0.00293997  -0.0710741     0.70259
-0.00294078  -0.0710728    0.702589
-0.00294156  -0.0710715    0.702588
-0.00294236  -0.0710703    0.702587
-0.00294315   -0.071069    0.702585
-0.00294395  -0.0710677    0.702584
-0.00294475  -0.0710664    0.702583
-0.00294553  -0.0710652    0.702582
-0.00294633  -0.0710639     0.70258
-0.00294713  -0.0710626    0.702579
-0.00294792  -0.0710614    0.702578
-0.00294871  -0.0710602    0.702577
-0.00294951   -0.071059    0.702576
-0.00295032  -0.0710578    0.702574
-0.00295112  -0.0710566    0.702573
-0.00295191  -0.0710554    0.702572
-0.0029527 -0.0710542   0.702571
-0.00295349   -0.071053     0.70257
-0.00295429  -0.0710518    0.702568
-0.00295508  -0.0710506    0.702567
-0.00295585  -0.0710494    0.702566
-0.00295666  -0.0710482    0.702565
-0.00295748   -0.071047    0.702564
-0.00295827  -0.0710458    0.702562
-0.00295904  -0.0710446    0.702561
-0.00295985  -0.0710434     0.70256
-0.00296063  -0.0710422    0.702559
-0.00296144   -0.071041    0.702558
-0.00296223  -0.0710398    0.702557
-0.00296304  -0.0710386    0.702555
-0.00296384  -0.0710374    0.702554
-0.00296463  -0.0710362    0.702553
-0.00296542  -0.0710351    0.702552
-0.00296623   -0.071034    0.702551
-0.00296703  -0.0710328     0.70255
-0.00296781  -0.0710317    0.702549
-0.00296862  -0.0710306    0.702547
-0.00296941  -0.0710294    0.702546
-0.00297021  -0.0710283    0.702545
-0.00297099  -0.0710271    0.702544
-0.0029718  -0.071026   0.702543
-0.00297258  -0.0710249    0.702542
-0.00297339  -0.0710237    0.702541
-0.00297418  -0.0710226    0.702539
-0.00297499  -0.0710215    0.702538
-0.00297577  -0.0710204    0.702537
-0.00297658  -0.0710192    0.702536
-0.00297735  -0.0710181    0.702535
-0.00297817   -0.071017    0.702534
-0.00297896  -0.0710159    0.702533
-0.00297977  -0.0710147    0.702532
-0.00298058  -0.0710136    0.702531
-0.00298137  -0.0710125     0.70253
-0.00298215  -0.0710115    0.702529
-0.00298295  -0.0710104    0.702527
-0.00298375  -0.0710093    0.702526
-0.00298455  -0.0710083    0.702525
-0.00298534  -0.0710072    0.702524
-0.00298615  -0.0710061    0.702523
-0.00298693  -0.0710051    0.702522
-0.00298771   -0.071004    0.702521
-0.00298853  -0.0710029     0.70252
-0.00298931  -0.0710019    0.702519
-0.00299012  -0.0710008    0.702518
-0.00299092  -0.0709998    0.702517
-0.00299173  -0.0709987    0.702516
-0.00299252  -0.0709977    0.702515
-0.0029933 -0.0709966   0.702514
-0.0029941 -0.0709956   0.702513
-0.00299489  -0.0709945    0.702512
-0.0029957 -0.0709934   0.702511
-0.0029965 -0.0709924    0.70251
-0.00299728  -0.0709913    0.702509
-0.00299809  -0.0709903    0.702508
-0.00299887  -0.0709893    0.702506
-0.00299968  -0.0709883    0.702505
-0.0030005 -0.0709873   0.702504
-0.0030013 -0.0709863   0.702503
-0.00300208  -0.0709853    0.702502
-0.00300286  -0.0709843    0.702501
-0.00300366  -0.0709833      0.7025
-0.00300445  -0.0709823    0.702499
-0.00300525  -0.0709813    0.702498
-0.00300606  -0.0709803    0.702497
-0.00300686  -0.0709793    0.702496
-0.00300766  -0.0709783    0.702496
-0.00300844  -0.0709773    0.702495
-0.00300923  -0.0709763    0.702494
-0.00301005  -0.0709754    0.702493
-0.00301086  -0.0709744    0.702492
-0.00301164  -0.0709734    0.702491
-0.00301243  -0.0709724     0.70249
-0.00301322  -0.0709714    0.702489
 -0.003014 -0.0709705   0.702488
-0.00301482  -0.0709695    0.702487
-0.00301559  -0.0709685    0.702486
-0.00301643  -0.0709675    0.702485
-0.00301719  -0.0709666    0.702484
-0.00301798  -0.0709656    0.702483
-0.00301878  -0.0709647    0.702482
-0.0030196 -0.0709638   0.702481
-0.00302038  -0.0709629     0.70248
-0.00302118  -0.0709619    0.702479
-0.00302196   -0.070961    0.702478
-0.00302276  -0.0709601    0.702477
-0.00302355  -0.0709591    0.702476
-0.00302434  -0.0709582    0.702476
-0.00302512  -0.0709573    0.702475
-0.00302594  -0.0709564    0.702474
-0.00302672  -0.0709555    0.702473
-0.00302753  -0.0709545    0.702472
-0.0030283 -0.0709536   0.702471
-0.00302908  -0.0709527     0.70247
-0.00302989  -0.0709518    0.702469
-0.00303067  -0.0709509    0.702468
-0.00303147    -0.07095    0.702467
-0.00303228  -0.0709491    0.702467
-0.00303306  -0.0709481    0.702466
-0.00303385  -0.0709472    0.702465
-0.00303465  -0.0709463    0.702464
-0.00303544  -0.0709454    0.702463
-0.00303625  -0.0709446    0.702462
-0.00303702  -0.0709437    0.702461
-0.00303781  -0.0709429     0.70246
-0.00303863   -0.070942    0.702459
-0.0030394 -0.0709412   0.702459
-0.0030402 -0.0709403   0.702458
 -0.003041 -0.0709394   0.702457
-0.00304178  -0.0709386    0.702456
-0.00304261  -0.0709377    0.702455
-0.0030434 -0.0709369   0.702454
-0.00304419   -0.070936    0.702453
-0.00304501  -0.0709352    0.702453
-0.00304579  -0.0709344    0.702452
-0.0030466 -0.0709335   0.702451
-0.0030474 -0.0709327    0.70245
-0.00304821  -0.0709318    0.702449
-0.00304902   -0.070931    0.702448
-0.00304984  -0.0709302    0.702447
-0.00305062  -0.0709293    0.702447
-0.00305144  -0.0709285    0.702446
-0.00305225  -0.0709276    0.702445
-0.00305306  -0.0709268    0.702444
-0.00305387   -0.070926    0.702443
-0.0030547 -0.0709252   0.702442
-0.00305553  -0.0709244    0.702442
-0.00305634  -0.0709236    0.702441
-0.00305717  -0.0709228     0.70244
-0.003058 -0.070922  0.702439
-0.00305884  -0.0709213    0.702438
-0.00305963  -0.0709205    0.702437
-0.00306046  -0.0709197    0.702437
-0.0030613 -0.0709189   0.702436
-0.00306214  -0.0709182    0.702435
-0.00306295  -0.0709174    0.702434
-0.0030638 -0.0709167   0.702433
-0.00306463  -0.0709159    0.702432
-0.00306546  -0.0709152    0.702432
-0.0030663 -0.0709144   0.702431
-0.00306714  -0.0709137     0.70243
-0.00306795  -0.0709129    0.702429
-0.00306882  -0.0709121    0.702428
-0.00306965  -0.0709114    0.702428
-0.00307048  -0.0709106    0.702427
-0.00307133  -0.0709099    0.702426
-0.00307216  -0.0709091    0.702425
 -0.003073 -0.0709084   0.702424
-0.00307386  -0.0709076    0.702423
-0.00307471  -0.0709069    0.702423
-0.00307555  -0.0709062    0.702422
-0.00307636  -0.0709054    0.702421
-0.00307721  -0.0709047     0.70242
-0.00307806  -0.0709039    0.702419
-0.0030789 -0.0709032   0.702419
-0.00307974  -0.0709025    0.702418
-0.00308057  -0.0709018    0.702417
-0.00308142  -0.0709011    0.702416
-0.00308226  -0.0709005    0.702415
-0.00308309  -0.0708998    0.702415
-0.00308394  -0.0708991    0.702414
-0.00308477  -0.0708984    0.702413
-0.00308562  -0.0708977    0.702412
-0.00308644   -0.070897    0.702411
-0.0030873 -0.0708964   0.702411
-0.00308814  -0.0708957     0.70241
-0.00308893   -0.070895    0.702409
-0.00308978  -0.0708943    0.702408
-0.00309061  -0.0708936    0.702407
-0.00309144   -0.070893    0.702407
-0.00309229  -0.0708923    0.702406
-0.00309311  -0.0708916    0.702405
-0.00309393   -0.070891    0.702404
-0.00309478  -0.0708903    0.702403
-0.00309558  -0.0708896    0.702403
-0.00309642  -0.0708889    0.702402
-0.00309725  -0.0708883    0.702401
-0.00309807  -0.0708876      0.7024
-0.00309887  -0.0708869    0.702399
-0.00309969  -0.0708863    0.702399
-0.00310052  -0.0708856    0.702398
-0.00310134   -0.070885    0.702397
-0.00310218  -0.0708844    0.702396
-0.00310298  -0.0708838    0.702396
-0.00310377  -0.0708832    0.702395
-0.00310459  -0.0708825    0.702394
-0.00310542  -0.0708819    0.702393
-0.00310622  -0.0708813    0.702392
-0.00310703  -0.0708807    0.702392
-0.00310783  -0.0708801    0.702391
-0.00310864  -0.0708795     0.70239
-0.00310944   -0.070879    0.702389
-0.00311024  -0.0708784    0.702389
-0.00311104  -0.0708778    0.702388
-0.00311184  -0.0708772    0.702387
-0.00311262  -0.0708766    0.702386
-0.00311339   -0.070876    0.702385
-0.00311418  -0.0708754    0.702385
-0.00311495  -0.0708748    0.702384
-0.00311576  -0.0708743    0.702383
-0.00311653  -0.0708737    0.702382
-0.0031173 -0.0708731   0.702382
-0.0031181 -0.0708725   0.702381
-0.00311888   -0.070872     0.70238
-0.00311964  -0.0708714    0.702379
-0.00312042  -0.0708708    0.702379
-0.00312117  -0.0708703    0.702378
-0.00312193  -0.0708697    0.702377
-0.00312271  -0.0708691    0.702376
-0.00312345  -0.0708686    0.702376
-0.0031242  -0.070868   0.702375
-0.00312498  -0.0708675    0.702374
-0.00312572  -0.0708669    0.702373
-0.00312647  -0.0708664    0.702373
-0.00312719  -0.0708659    0.702372
-0.00312793  -0.0708654    0.702371
-0.00312869  -0.0708649     0.70237
-0.00312942  -0.0708644     0.70237
-0.00313014  -0.0708639    0.702369
-0.00313086  -0.0708634    0.702368
-0.00313159  -0.0708629    0.702367
-0.00313231  -0.0708624    0.702367
-0.00313303  -0.0708619    0.702366
-0.00313371  -0.0708614    0.702365
-0.00313441  -0.0708609    0.702365
-0.00313511  -0.0708604    0.702364
-0.00313583  -0.0708599    0.702363
-0.00313652  -0.0708595    0.702362
-0.0031372  -0.070859   0.702362
-0.0031379 -0.0708585   0.702361
-0.00313858   -0.070858     0.70236
-0.00313924  -0.0708575     0.70236
-0.00313992   -0.070857    0.702359
-0.0031406 -0.0708566   0.702358
-0.00314125  -0.0708561    0.702358
-0.00314191  -0.0708556    0.702357
-0.00314258  -0.0708552    0.702357
-0.00314323  -0.0708547    0.702356
-0.00314387  -0.0708543    0.702355
-0.00314452  -0.0708538    0.702355
-0.00314514  -0.0708534    0.702354
-0.00314579   -0.070853    0.702353
-0.00314641  -0.0708526    0.702353
-0.00314704  -0.0708522    0.702352
-0.00314765  -0.0708518    0.702352
-0.00314826  -0.0708514    0.702351
-0.00314889   -0.070851     0.70235
-0.00314949  -0.0708506     0.70235
-0.0031501 -0.0708502   0.702349
-0.00315069  -0.0708498    0.702349
-0.00315129  -0.0708494    0.702348
-0.00315186   -0.070849    0.702348
-0.00315245  -0.0708486    0.702347
-0.00315301  -0.0708482    0.702346
-0.00315359  -0.0708478    0.702346
-0.00315413  -0.0708474    0.702345
-0.00315471   -0.070847    0.702345
-0.00315527  -0.0708466    0.702344
-0.00315582  -0.0708463    0.702344
-0.00315637  -0.0708459    0.702343
-0.00315693  -0.0708455    0.702343
-0.00315745  -0.0708451    0.702342
-0.00315798  -0.0708448    0.702342
-0.00315853  -0.0708444    0.702341
-0.00315905   -0.070844    0.702341
-0.00315956  -0.0708437     0.70234
-0.00316008  -0.0708433     0.70234
-0.00316059  -0.0708429    0.702339
-0.00316112  -0.0708426    0.702339
-0.0031616 -0.0708422   0.702338
-0.00316209  -0.0708419    0.702338
-0.00316257  -0.0708416    0.702338
-0.00316306  -0.0708413    0.702337
-0.00316355   -0.070841    0.702337
-0.00316403  -0.0708407    0.702336
-0.0031645 -0.0708404   0.702336
-0.00316495  -0.0708401    0.702335
-0.00316541  -0.0708398    0.702335
-0.00316586  -0.0708395    0.702335
-0.0031663 -0.0708392   0.702334
-0.00316673  -0.0708389    0.702334
-0.00316717  -0.0708387    0.702333
-0.00316761  -0.0708384    0.702333
-0.00316804  -0.0708381    0.702333
-0.00316845  -0.0708378    0.702332
-0.00316886  -0.0708375    0.702332
-0.00316925  -0.0708373    0.702332
-0.00316966   -0.070837    0.702331
-0.00317007  -0.0708367    0.702331
-0.00317046  -0.0708365    0.702331
-0.00317084  -0.0708362     0.70233
-0.00317121  -0.0708359     0.70233
-0.00317159  -0.0708357     0.70233
-0.00317196  -0.0708354    0.702329
-0.00317231  -0.0708352    0.702329
-0.0031727 -0.0708349   0.702329
-0.00317303  -0.0708347    0.702328
-0.00317341  -0.0708344    0.702328
-0.00317373  -0.0708342    0.702328
-0.00317408   -0.070834    0.702327
-0.00317439  -0.0708338    0.702327
-0.00317473  -0.0708336    0.702327
-0.00317504  -0.0708333    0.702327
-0.00317536  -0.0708331    0.702326
-0.00317566  -0.0708329    0.702326
-0.00317597  -0.0708327    0.702326
-0.00317624  -0.0708325    0.702326
-0.00317653  -0.0708323    0.702325
-0.00317683  -0.0708322    0.702325
-0.00317712   -0.070832    0.702325
-0.00317738  -0.0708318    0.702325
-0.00317766  -0.0708316    0.702324
-0.00317791  -0.0708314    0.702324
-0.00317818  -0.0708313    0.702324
-0.00317842  -0.0708311    0.702324
-0.00317865  -0.0708309    0.702323
-0.0031789 -0.0708307   0.702323
-0.00317912  -0.0708306    0.702323
-0.00317935  -0.0708304    0.702323
-0.00317956  -0.0708303    0.702323
-0.00317979  -0.0708301    0.702323
-0.00317999  -0.0708299    0.702322
-0.0031802 -0.0708298   0.702322
-0.00318038  -0.0708296    0.702322
-0.00318058  -0.0708295    0.702322
-0.00318076  -0.0708293    0.702322
-0.00318095  -0.0708292    0.702322
-0.00318111  -0.0708291    0.702321
-0.00318129  -0.0708289    0.702321
-0.00318147  -0.0708288    0.702321
-0.00318161  -0.0708287    0.702321
-0.00318177  -0.0708286    0.702321
-0.00318191  -0.0708285    0.702321
-0.00318201  -0.0708284    0.702321
-0.00318217  -0.0708283    0.702321
-0.00318229  -0.0708282     0.70232
-0.00318241  -0.0708281     0.70232
-0.00318252   -0.070828     0.70232
-0.00318262   -0.070828     0.70232
-0.00318272  -0.0708279     0.70232
-0.00318282  -0.0708278     0.70232
-0.00318292  -0.0708277     0.70232
-0.00318298  -0.0708276     0.70232
-0.00318308  -0.0708276     0.70232
-0.00318313  -0.0708275     0.70232
-0.0031832 -0.0708274   0.702319
-0.00318323  -0.0708274    0.702319
-0.0031833 -0.0708273   0.702319
-0.00318333  -0.0708272    0.702319
-0.00318337  -0.0708272    0.702319
-0.00318342  -0.0708271    0.702319
-0.00318345  -0.0708271    0.702319
-0.00318345   -0.070827    0.702319
-0.00318349   -0.070827    0.702319
-0.00318349  -0.0708269    0.702319
-0.00318349  -0.0708269    0.702319
-0.00318348  -0.0708268    0.702319
-0.00318348  -0.0708268    0.702319
-0.00318348  -0.0708267    0.702319
-0.00318343  -0.0708267    0.702319
-0.00318342  -0.0708267    0.702319
-0.00318338  -0.0708267    0.702319
-0.00318333  -0.0708267    0.702319
-0.0031833 -0.0708267   0.702319
-0.00318325  -0.0708267    0.702319
-0.00318318  -0.0708267    0.702319
-0.00318311  -0.0708267    0.702319
-0.00318303  -0.0708267    0.702319
-0.00318293  -0.0708267    0.702319
-0.00318286  -0.0708267    0.702319
-0.00318276  -0.0708267    0.702319
-0.00318268  -0.0708267    0.702319
-0.00318256  -0.0708267    0.702319
-0.00318244  -0.0708267    0.702319
-0.00318232  -0.0708268    0.702319
-0.00318219  -0.0708268    0.702319
-0.00318206  -0.0708268    0.702319
-0.00318193  -0.0708268     0.70232
-0.00318179  -0.0708269     0.70232
-0.00318165  -0.0708269     0.70232
-0.00318147  -0.0708269     0.70232
-0.00318132   -0.070827     0.70232
-0.00318112   -0.070827     0.70232
-0.00318096   -0.070827     0.70232
-0.00318078  -0.0708271     0.70232
-0.00318056  -0.0708271     0.70232
-0.00318035  -0.0708272     0.70232
-0.00318016  -0.0708272     0.70232
-0.00317993  -0.0708273    0.702321
-0.00317971  -0.0708273    0.702321
-0.00317947  -0.0708274    0.702321
-0.00317922  -0.0708274    0.702321
-0.00317898  -0.0708275    0.702321
-0.00317873  -0.0708275    0.702321
-0.00317846  -0.0708276    0.702321
-0.0031782 -0.0708277   0.702322
-0.00317789  -0.0708278    0.702322
-0.0031776 -0.0708278   0.702322
-0.00317731  -0.0708279    0.702322
-0.00317699   -0.070828    0.702322
-0.00317671  -0.0708281    0.702322
-0.00317638  -0.0708282    0.702323
-0.00317607  -0.0708282    0.702323
-0.00317574  -0.0708283    0.702323
-0.00317541  -0.0708284    0.702323
-0.00317508  -0.0708285    0.702323
-0.00317473  -0.0708286    0.702324
-0.0031744 -0.0708287   0.702324
-0.00317404  -0.0708288    0.702324
-0.0031737 -0.0708288   0.702324
-0.00317332  -0.0708289    0.702324
-0.00317295   -0.070829    0.702325
-0.00317261  -0.0708291    0.702325
-0.00317221  -0.0708292    0.702325
-0.00317183  -0.0708293    0.702325
-0.00317146  -0.0708294    0.702325
-0.00317107  -0.0708295    0.702326
-0.00317068  -0.0708296    0.702326
-0.00317029  -0.0708297    0.702326
-0.00316991  -0.0708298    0.702326
-0.00316949  -0.0708299    0.702326
-0.00316906    -0.07083    0.702327
-0.00316865  -0.0708301    0.702327
-0.00316822  -0.0708302    0.702327
-0.00316781  -0.0708303    0.702327
-0.00316738  -0.0708304    0.702327
-0.00316697  -0.0708305    0.702328
-0.00316656  -0.0708306    0.702328
-0.00316611  -0.0708307    0.702328
-0.00316569  -0.0708307    0.702328
-0.00316526  -0.0708308    0.702329
-0.00316483  -0.0708309    0.702329
-0.0031644  -0.070831   0.702329
-0.00316395  -0.0708311    0.702329
-0.00316349  -0.0708312    0.702329
-0.00316303  -0.0708313     0.70233
-0.00316256  -0.0708314     0.70233
-0.0031621 -0.0708315    0.70233
-0.00316163  -0.0708316     0.70233
-0.00316116  -0.0708317     0.70233
-0.00316071  -0.0708318     0.70233
-0.00316024  -0.0708319    0.702331
-0.00315974   -0.070832    0.702331
-0.00315923  -0.0708321    0.702331
-0.00315874  -0.0708322    0.702331
-0.00315826  -0.0708323    0.702331
-0.00315774  -0.0708324    0.702331
-0.00315721  -0.0708325    0.702332
-0.00315669  -0.0708326    0.702332
-0.00315618  -0.0708327    0.702332
-0.00315562  -0.0708328    0.702332
-0.00315512  -0.0708329    0.702332
-0.00315453   -0.070833    0.702332
-0.00315399  -0.0708331    0.702333
-0.00315343  -0.0708332    0.702333
-0.00315287  -0.0708333    0.702333
-0.00315233  -0.0708334    0.702333
-0.00315175  -0.0708335    0.702333
-0.00315117  -0.0708336    0.702333
-0.00315058  -0.0708337    0.702334
-0.00315001  -0.0708338    0.702334
-0.00314942  -0.0708339    0.702334
-0.00314881   -0.070834    0.702334
-0.00314819  -0.0708341    0.702334
-0.00314759  -0.0708342    0.702334
 -0.003147 -0.0708343   0.702335
-0.00314638  -0.0708344    0.702335
-0.00314576  -0.0708344    0.702335
-0.00314514  -0.0708345    0.702335
-0.0031445 -0.0708346   0.702335
-0.00314388  -0.0708347    0.702335
-0.00314324  -0.0708348    0.702336
-0.0031426 -0.0708349   0.702336
-0.00314196   -0.070835    0.702336
-0.00314129  -0.0708351    0.702336
-0.00314065  -0.0708352    0.702336
-0.00313999  -0.0708352    0.702336
-0.00313932  -0.0708353    0.702336
-0.00313868  -0.0708354    0.702337
-0.00313801  -0.0708355    0.702337
-0.00313736  -0.0708356    0.702337
-0.0031367 -0.0708357   0.702337
-0.00313602  -0.0708358    0.702337
-0.00313533  -0.0708359    0.702337
-0.00313465  -0.0708359    0.702337
-0.00313399   -0.070836    0.702337
-0.0031333 -0.0708361   0.702338
-0.00313261  -0.0708362    0.702338
-0.00313195  -0.0708363    0.702338
-0.00313126  -0.0708364    0.702338
-0.00313058  -0.0708365    0.702338
-0.00312988  -0.0708365    0.702338
-0.00312919  -0.0708366    0.702338
-0.00312851  -0.0708367    0.702338
-0.00312783  -0.0708368    0.702339
-0.00312712  -0.0708369    0.702339
-0.00312641   -0.070837    0.702339
-0.00312573  -0.0708371    0.702339
-0.00312504  -0.0708372    0.702339
-0.00312434  -0.0708372    0.702339
-0.00312366  -0.0708373    0.702339
-0.00312294  -0.0708374    0.702339
-0.00312224  -0.0708375    0.702339
-0.00312155  -0.0708376    0.702339
-0.00312083  -0.0708377    0.702339
-0.00312013  -0.0708378     0.70234
-0.00311942  -0.0708379     0.70234
-0.00311867  -0.0708379     0.70234
-0.00311798   -0.070838     0.70234
-0.00311727  -0.0708381     0.70234
-0.00311656  -0.0708382     0.70234
-0.00311587  -0.0708383     0.70234
-0.00311515  -0.0708384     0.70234
-0.00311444  -0.0708385     0.70234
-0.00311372  -0.0708386     0.70234
 -0.003113 -0.0708387    0.70234
-0.00311228  -0.0708388     0.70234
-0.00311155  -0.0708389    0.702341
-0.00311084  -0.0708389    0.702341
-0.0031101  -0.070839   0.702341
-0.00310939  -0.0708391    0.702341
-0.00310868  -0.0708392    0.702341
-0.00310794  -0.0708393    0.702341
-0.00310721  -0.0708394    0.702341
-0.00310649  -0.0708395    0.702341
-0.00310577  -0.0708396    0.702341
-0.00310505  -0.0708397    0.702341
-0.00310433  -0.0708398    0.702341
-0.00310356  -0.0708399    0.702341
-0.00310284    -0.07084    0.702341
-0.00310211  -0.0708401    0.702341
-0.00310139  -0.0708402    0.702341
-0.00310066  -0.0708403    0.702341
-0.00309994  -0.0708404    0.702342
-0.00309921  -0.0708405    0.702342
-0.00309847  -0.0708406    0.702342
-0.00309773  -0.0708407    0.702342
-0.00309702  -0.0708408    0.702342
-0.00309627  -0.0708409    0.702342
-0.00309553   -0.070841    0.702342
-0.00309481  -0.0708411    0.702342
-0.00309406  -0.0708412    0.702342
-0.00309333  -0.0708413    0.702342
-0.00309258  -0.0708414    0.702342
-0.00309186  -0.0708415    0.702342
-0.00309111  -0.0708416    0.702342
-0.00309039  -0.0708417    0.702342
-0.00308964  -0.0708418    0.702342
-0.00308889  -0.0708419    0.702342
-0.00308816   -0.070842    0.702342
-0.00308743  -0.0708421    0.702342
-0.00308671  -0.0708422    0.702342
-0.00308596  -0.0708424    0.702342
-0.00308521  -0.0708425    0.702342
-0.00308448  -0.0708426    0.702342
-0.00308375  -0.0708427    0.702342
 -0.003083 -0.0708428   0.702342
-0.00308224  -0.0708429    0.702343
-0.0030815  -0.070843   0.702343
-0.00308076  -0.0708431    0.702343
-0.00308001  -0.0708432    0.702343
-0.00307927  -0.0708434    0.702343
-0.00307854  -0.0708435    0.702343
-0.00307779  -0.0708436    0.702343
-0.00307708  -0.0708437    0.702343
-0.00307631  -0.0708438    0.702343
-0.00307558  -0.0708439    0.702343
-0.00307486   -0.070844    0.702343
-0.00307411  -0.0708442    0.702343
-0.00307336  -0.0708443    0.702343
-0.00307263  -0.0708444    0.702343
-0.00307191  -0.0708445    0.702343
-0.00307117  -0.0708447    0.702343
-0.00307042  -0.0708448    0.702343
-0.00306968  -0.0708449    0.702343
-0.00306895   -0.070845    0.702343
-0.00306822  -0.0708452    0.702343
-0.00306747  -0.0708453    0.702343
-0.00306674  -0.0708454    0.702343
-0.00306602  -0.0708455    0.702343
-0.00306527  -0.0708457    0.702343
-0.00306453  -0.0708458    0.702343
-0.0030638 -0.0708459   0.702343
-0.00306308  -0.0708461    0.702343
-0.00306233  -0.0708462    0.702343
-0.00306162  -0.0708463    0.702343
-0.00306088  -0.0708465    0.702343
-0.00306015  -0.0708466    0.702343
-0.00305943  -0.0708467    0.702343
-0.0030587 -0.0708469   0.702343
-0.00305799   -0.070847    0.702343
-0.00305723  -0.0708471    0.702343
-0.00305653  -0.0708473    0.702343
-0.0030558 -0.0708474   0.702343
-0.00305506  -0.0708476    0.702343
-0.00305437  -0.0708477    0.702343
-0.00305362  -0.0708479    0.702343
-0.00305293   -0.070848    0.702343
-0.00305219  -0.0708481    0.702343
-0.00305146  -0.0708483    0.702343
-0.00305076  -0.0708484    0.702343
-0.00305002  -0.0708486    0.702343
-0.00304932  -0.0708487    0.702343
-0.0030486 -0.0708489   0.702343
-0.0030479  -0.070849   0.702343
-0.0030472 -0.0708492   0.702343
-0.00304647  -0.0708493    0.702343
-0.00304576  -0.0708495    0.702342
-0.00304503  -0.0708496    0.702342
-0.00304434  -0.0708498    0.702342
-0.00304365  -0.0708499    0.702342
-0.00304294  -0.0708501    0.702342
-0.00304224  -0.0708503    0.702342
-0.00304151  -0.0708504    0.702342
-0.00304082  -0.0708506    0.702342
-0.00304012  -0.0708507    0.702342
-0.00303942  -0.0708509    0.702342
-0.00303872  -0.0708511    0.702342
-0.00303803  -0.0708512    0.702342
-0.00303732  -0.0708514    0.702342
-0.00303662  -0.0708516    0.702342
-0.00303594  -0.0708517    0.702342
-0.00303524  -0.0708519    0.702342
-0.00303455  -0.0708521    0.702342
-0.00303385  -0.0708522    0.702341
-0.00303316  -0.0708524    0.702341
-0.00303249  -0.0708526    0.702341
-0.00303181  -0.0708528    0.702341
-0.00303113  -0.0708529    0.702341
-0.00303045  -0.0708531    0.702341
-0.00302977  -0.0708533    0.702341
-0.0030291 -0.0708535   0.702341
-0.00302841  -0.0708536    0.702341
-0.00302775  -0.0708538    0.702341
-0.00302704   -0.070854    0.702341
-0.00302638  -0.0708542     0.70234
-0.00302569  -0.0708544     0.70234
-0.00302499  -0.0708545     0.70234
-0.00302429  -0.0708547     0.70234
-0.0030236 -0.0708549    0.70234
-0.00302295  -0.0708551     0.70234
-0.00302223  -0.0708553     0.70234
-0.00302155  -0.0708555     0.70234
-0.00302086  -0.0708557     0.70234
-0.00302019  -0.0708558     0.70234
-0.0030195  -0.070856   0.702339
-0.0030188 -0.0708562   0.702339
-0.00301809  -0.0708564    0.702339
-0.0030174 -0.0708566   0.702339
-0.00301667  -0.0708568    0.702339
-0.00301596   -0.070857    0.702339
-0.00301527  -0.0708572    0.702339
-0.00301455  -0.0708574    0.702339
-0.00301386  -0.0708576    0.702338
-0.00301314  -0.0708578    0.702338
-0.00301244   -0.070858    0.702338
-0.00301176  -0.0708582    0.702338
-0.00301104  -0.0708584    0.702338
-0.00301033  -0.0708586    0.702338
-0.00300961  -0.0708588    0.702338
-0.00300891   -0.070859    0.702338
-0.00300815  -0.0708592    0.702337
-0.00300744  -0.0708594    0.702337
-0.00300674  -0.0708596    0.702337
-0.00300602  -0.0708598    0.702337
-0.00300527    -0.07086    0.702337
-0.00300457  -0.0708602    0.702337
-0.00300385  -0.0708604    0.702337
-0.00300312  -0.0708607    0.702336
-0.0030024 -0.0708609   0.702336
-0.00300168  -0.0708611    0.702336
-0.00300094  -0.0708613    0.702336
-0.00300022  -0.0708615    0.702336
-0.00299949  -0.0708617    0.702336
-0.00299877  -0.0708619    0.702336
-0.00299803  -0.0708621    0.702335
-0.00299728  -0.0708624    0.702335
-0.00299656  -0.0708626    0.702335
-0.00299583  -0.0708628    0.702335
-0.00299507   -0.070863    0.702335
-0.00299434  -0.0708632    0.702335
-0.0029936 -0.0708634   0.702334
-0.00299285  -0.0708637    0.702334
-0.00299211  -0.0708639    0.702334
-0.00299133  -0.0708641    0.702334
-0.00299056  -0.0708643    0.702334
-0.00298978  -0.0708645    0.702333
-0.00298901  -0.0708648    0.702333
-0.00298822   -0.070865    0.702333
-0.00298744  -0.0708652    0.702333
-0.00298665  -0.0708654    0.702333
-0.00298587  -0.0708656    0.702333
-0.00298505  -0.0708659    0.702332
-0.00298426  -0.0708661    0.702332
-0.00298342  -0.0708663    0.702332
-0.0029826 -0.0708665   0.702332
-0.00298178  -0.0708668    0.702332
-0.00298095   -0.070867    0.702331
-0.00298007  -0.0708672    0.702331
-0.00297922  -0.0708674    0.702331
-0.00297836  -0.0708677    0.702331
-0.00297749  -0.0708679    0.702331
-0.00297662  -0.0708681     0.70233
-0.00297575  -0.0708684     0.70233
-0.00297486  -0.0708686     0.70233
-0.00297396  -0.0708688     0.70233
-0.00297304   -0.070869     0.70233
-0.00297213  -0.0708693    0.702329
-0.0029712 -0.0708695   0.702329
-0.00297028  -0.0708697    0.702329
-0.00296931    -0.07087    0.702329
-0.00296836  -0.0708702    0.702329
-0.00296742  -0.0708704    0.702328
-0.00296646  -0.0708707    0.702328
-0.00296549  -0.0708709    0.702328
-0.00296455  -0.0708711    0.702328
-0.00296355  -0.0708714    0.702328
-0.00296255  -0.0708716    0.702327
-0.00296155  -0.0708718    0.702327
-0.00296053  -0.0708721    0.702327
-0.00295952  -0.0708723    0.702327
-0.00295847  -0.0708725    0.702326
-0.00295745  -0.0708728    0.702326
-0.00295641   -0.070873    0.702326
-0.00295538  -0.0708732    0.702326
-0.00295435  -0.0708735    0.702325
-0.00295331  -0.0708737    0.702325
-0.00295225  -0.0708739    0.702325
-0.00295118  -0.0708742    0.702325
-0.0029501 -0.0708744   0.702324
-0.00294903  -0.0708746    0.702324
-0.00294794  -0.0708749    0.702324
-0.00294687  -0.0708751    0.702324
-0.00294577  -0.0708754    0.702324
-0.00294469  -0.0708756    0.702323
-0.00294361  -0.0708758    0.702323
-0.00294251  -0.0708761    0.702323
-0.00294144  -0.0708763    0.702323
-0.00294034  -0.0708766    0.702322
-0.00293925  -0.0708768    0.702322
-0.00293814   -0.070877    0.702322
-0.00293706  -0.0708773    0.702322
-0.00293594  -0.0708775    0.702322
-0.00293485  -0.0708778    0.702321
-0.00293374   -0.070878    0.702321
-0.00293263  -0.0708783    0.702321
-0.00293156  -0.0708785    0.702321
-0.00293044  -0.0708787    0.702321
-0.00292935   -0.070879    0.702321
-0.00292826  -0.0708792     0.70232
-0.00292718  -0.0708795     0.70232
-0.0029261 -0.0708797    0.70232
-0.002925  -0.07088   0.70232
-0.00292395  -0.0708802     0.70232
-0.00292287  -0.0708805     0.70232
-0.0029218 -0.0708807    0.70232
-0.00292073  -0.0708809     0.70232
-0.00291966  -0.0708812    0.702319
-0.00291859  -0.0708814    0.702319
-0.00291756  -0.0708817    0.702319
-0.00291652  -0.0708819    0.702319
-0.00291549  -0.0708822    0.702319
-0.00291444  -0.0708824    0.702319
-0.00291346  -0.0708827    0.702319
-0.00291245  -0.0708829    0.702319
-0.00291147  -0.0708832    0.702319
-0.00291049  -0.0708834    0.702319
-0.00290948  -0.0708836    0.702319
-0.00290849  -0.0708839    0.702319
-0.0029075 -0.0708841   0.702319
-0.00290654  -0.0708844    0.702319
-0.00290557  -0.0708846    0.702318
-0.00290461  -0.0708849    0.702318
-0.00290364  -0.0708851    0.702318
-0.00290269  -0.0708854    0.702318
-0.00290177  -0.0708856    0.702318
-0.00290086  -0.0708858    0.702318
-0.00289993  -0.0708861    0.702318
-0.00289901  -0.0708863    0.702318
-0.00289808  -0.0708866    0.702318
-0.00289718  -0.0708868    0.702318
-0.00289625  -0.0708871    0.702318
-0.00289534  -0.0708873    0.702318
-0.00289442  -0.0708875    0.702318
-0.00289351  -0.0708878    0.702318
-0.00289261   -0.070888    0.702318
-0.00289176  -0.0708883    0.702318
-0.00289086  -0.0708885    0.702318
-0.00288999  -0.0708888    0.702318
-0.00288912   -0.070889    0.702318
-0.00288823  -0.0708892    0.702318
-0.00288735  -0.0708895    0.702318
-0.00288649  -0.0708897    0.702318
-0.0028856   -0.07089   0.702318
-0.00288472  -0.0708902    0.702318
-0.00288384  -0.0708905    0.702318
-0.00288299  -0.0708907    0.702318
-0.00288214  -0.0708909    0.702318
-0.00288128  -0.0708912    0.702318
-0.00288044  -0.0708914    0.702318
-0.00287961  -0.0708917    0.702318
-0.00287879  -0.0708919    0.702318
-0.00287791  -0.0708921    0.702318
-0.00287708  -0.0708924    0.702318
-0.00287623  -0.0708926    0.702318
-0.00287538  -0.0708929    0.702318
-0.00287456  -0.0708931    0.702318
-0.00287372  -0.0708934    0.702318
-0.00287288  -0.0708936    0.702318
-0.00287207  -0.0708938    0.702318
-0.00287124  -0.0708941    0.702318
-0.00287042  -0.0708943    0.702318
-0.00286961  -0.0708946    0.702318
-0.00286875  -0.0708948    0.702318
-0.00286794   -0.070895    0.702318
-0.00286711  -0.0708953    0.702318
-0.0028663 -0.0708955   0.702318
-0.00286549  -0.0708958    0.702318
-0.00286467   -0.070896    0.702318
-0.00286389  -0.0708962    0.702318
-0.0028631 -0.0708965   0.702318
-0.00286231  -0.0708967    0.702318
-0.0028615  -0.070897   0.702318
-0.00286071  -0.0708972    0.702318
-0.0028599 -0.0708974   0.702318
-0.00285912  -0.0708977    0.702318
-0.00285833  -0.0708979    0.702318
-0.00285753  -0.0708981    0.702318
-0.00285673  -0.0708984    0.702318
-0.00285599  -0.0708986    0.702318
-0.00285522  -0.0708989    0.702318
-0.00285446  -0.0708991    0.702318
-0.0028537 -0.0708993   0.702318
-0.00285292  -0.0708996    0.702318
-0.00285217  -0.0708998    0.702318
-0.00285142     -0.0709    0.702318
-0.00285063  -0.0709003    0.702318
-0.00284989  -0.0709005    0.702318
-0.00284914  -0.0709007    0.702318
-0.00284841   -0.070901    0.702318
-0.00284766  -0.0709012    0.702318
-0.00284694  -0.0709014    0.702318
-0.00284617  -0.0709017    0.702318
-0.00284547  -0.0709019    0.702318
-0.00284475  -0.0709021    0.702318
-0.00284402  -0.0709024    0.702318
-0.0028433 -0.0709026   0.702318
-0.00284259  -0.0709028    0.702318
-0.00284189  -0.0709031    0.702318
-0.00284118  -0.0709033    0.702318
-0.00284046  -0.0709035    0.702318
-0.00283972  -0.0709038    0.702318
-0.00283902   -0.070904    0.702318
-0.00283835  -0.0709042    0.702318
-0.00283769  -0.0709045    0.702318
-0.00283698  -0.0709047    0.702318
-0.00283631  -0.0709049    0.702318
-0.00283562  -0.0709051    0.702317
-0.00283494  -0.0709054    0.702318
-0.00283425  -0.0709056    0.702317
-0.0028336 -0.0709058   0.702317
-0.00283294  -0.0709061    0.702317
-0.00283226  -0.0709063    0.702317
-0.00283162  -0.0709065    0.702317
-0.00283096  -0.0709067    0.702317
-0.00283032   -0.070907    0.702317
-0.00282966  -0.0709072    0.702317
-0.00282903  -0.0709074    0.702317
-0.00282839  -0.0709076    0.702317
-0.00282778  -0.0709079    0.702317
-0.00282712  -0.0709081    0.702317
-0.0028265 -0.0709083   0.702317
-0.00282589  -0.0709085    0.702317
-0.00282527  -0.0709088    0.702317
-0.00282466   -0.070909    0.702317
-0.00282406  -0.0709092    0.702317
-0.00282347  -0.0709094    0.702317
-0.00282289  -0.0709096    0.702317
-0.00282231  -0.0709099    0.702317
-0.00282171  -0.0709101    0.702317
-0.00282112  -0.0709103    0.702317
-0.00282055  -0.0709105    0.702317
-0.00281997  -0.0709107    0.702317
-0.00281938   -0.070911    0.702317
-0.00281881  -0.0709112    0.702317
-0.00281825  -0.0709114    0.702317
-0.00281769  -0.0709116    0.702317
-0.00281713  -0.0709118    0.702317
-0.00281659   -0.070912    0.702317
-0.00281604  -0.0709123    0.702317
-0.00281553  -0.0709125    0.702317
-0.00281497  -0.0709127    0.702317
-0.00281445  -0.0709129    0.702317
-0.00281392  -0.0709131    0.702317
-0.00281342  -0.0709133    0.702317
-0.00281289  -0.0709135    0.702317
-0.00281236  -0.0709137    0.702317
-0.00281186   -0.070914    0.702317
-0.00281136  -0.0709142    0.702317
-0.00281086  -0.0709144    0.702317
-0.00281036  -0.0709146    0.702317
-0.00280985  -0.0709148    0.702317
-0.00280937   -0.070915    0.702317
-0.00280889  -0.0709152    0.702317
-0.00280842  -0.0709154    0.702317
-0.00280794  -0.0709156    0.702317
-0.00280745  -0.0709158    0.702317
-0.002807 -0.070916  0.702317
-0.00280653  -0.0709162    0.702317
-0.00280605  -0.0709164    0.702317
-0.0028056 -0.0709166   0.702317
-0.00280517  -0.0709169    0.702317
-0.0028047 -0.0709171   0.702317
-0.00280425  -0.0709173    0.702317
-0.0028038 -0.0709175   0.702317
-0.00280339  -0.0709177    0.702317
-0.00280293  -0.0709179    0.702317
-0.00280253  -0.0709181    0.702317
-0.00280206  -0.0709183    0.702317
-0.00280165  -0.0709185    0.702317
-0.00280124  -0.0709187    0.702317
-0.00280082  -0.0709188    0.702317
-0.00280041   -0.070919    0.702317
   -0.0028 -0.0709192   0.702317
-0.00279963  -0.0709194    0.702317
-0.00279922  -0.0709196    0.702318
-0.00279882  -0.0709198    0.702318
-0.00279843    -0.07092    0.702318
-0.00279804  -0.0709202    0.702318
-0.00279766  -0.0709204    0.702318
-0.00279727  -0.0709206    0.702318
-0.00279691  -0.0709208    0.702318
-0.00279651   -0.070921    0.702318
-0.00279616  -0.0709212    0.702318
-0.00279579  -0.0709213    0.702318
-0.00279543  -0.0709215    0.702318
-0.00279507  -0.0709217    0.702318
-0.0027947 -0.0709219   0.702318
-0.00279433  -0.0709221    0.702318
-0.00279399  -0.0709223    0.702318
-0.00279365  -0.0709224    0.702318
-0.00279329  -0.0709226    0.702318
-0.00279295  -0.0709228    0.702318
-0.00279261   -0.070923    0.702318
-0.00279225  -0.0709232    0.702318
-0.00279195  -0.0709233    0.702319
-0.00279159  -0.0709235    0.702319
-0.00279129  -0.0709237    0.702319
-0.00279093  -0.0709239    0.702319
-0.00279063  -0.0709241    0.702319
-0.00279031  -0.0709242    0.702319
-0.00278998  -0.0709244    0.702319
-0.00278968  -0.0709246    0.702319
-0.00278937  -0.0709247    0.702319
-0.00278902  -0.0709249    0.702319
-0.00278875  -0.0709251    0.702319
-0.00278845  -0.0709252     0.70232
-0.00278814  -0.0709254     0.70232
-0.00278785  -0.0709256     0.70232
-0.00278753  -0.0709257     0.70232
-0.00278723  -0.0709259     0.70232
-0.00278695  -0.0709261     0.70232
-0.00278666  -0.0709262     0.70232
-0.00278638  -0.0709264     0.70232
-0.00278607  -0.0709266     0.70232
-0.00278581  -0.0709267    0.702321
-0.00278552  -0.0709269    0.702321
-0.00278523   -0.070927    0.702321
-0.00278496  -0.0709272    0.702321
-0.0027847 -0.0709274   0.702321
-0.00278441  -0.0709275    0.702321
-0.00278413  -0.0709277    0.702321
-0.00278387  -0.0709278    0.702322
-0.00278362   -0.070928    0.702322
-0.00278335  -0.0709281    0.702322
-0.00278309  -0.0709283    0.702322
-0.00278282  -0.0709284    0.702322
-0.00278257  -0.0709286    0.702322
-0.0027823 -0.0709287   0.702322
-0.00278209  -0.0709289    0.702323
-0.00278181   -0.070929    0.702323
-0.00278156  -0.0709292    0.702323
-0.00278133  -0.0709293    0.702323
-0.00278106  -0.0709295    0.702323
-0.00278084  -0.0709296    0.702323
-0.00278058  -0.0709298    0.702324
-0.00278035  -0.0709299    0.702324
-0.0027801   -0.07093   0.702324
-0.00277985  -0.0709302    0.702324
-0.00277965  -0.0709303    0.702324
-0.0027794 -0.0709305   0.702324
-0.00277916  -0.0709306    0.702325
-0.00277894  -0.0709307    0.702325
-0.00277872  -0.0709309    0.702325
-0.00277847   -0.070931    0.702325
-0.00277827  -0.0709311    0.702325
-0.00277803  -0.0709313    0.702326
-0.00277782  -0.0709314    0.702326
-0.0027776 -0.0709315   0.702326
-0.00277736  -0.0709317    0.702326
-0.00277716  -0.0709318    0.702326
-0.00277696  -0.0709319    0.702327
-0.00277671  -0.0709321    0.702327
-0.00277651  -0.0709322    0.702327
-0.00277629  -0.0709323    0.702327
-0.00277608  -0.0709324    0.702327
-0.00277588  -0.0709326    0.702328
-0.00277566  -0.0709327    0.702328
-0.00277544  -0.0709328    0.702328
-0.00277528  -0.0709329    0.702328
-0.00277504  -0.0709331    0.702328
-0.00277486  -0.0709332    0.702329
-0.00277463  -0.0709333    0.702329
-0.00277445  -0.0709334    0.702329
-0.00277424  -0.0709335    0.702329
-0.00277404  -0.0709336     0.70233
-0.00277384  -0.0709338     0.70233
-0.00277366  -0.0709339     0.70233
-0.00277345   -0.070934     0.70233
-0.00277324  -0.0709341    0.702331
-0.00277308  -0.0709342    0.702331
-0.00277287  -0.0709343    0.702331
-0.00277267  -0.0709344    0.702331
-0.00277247  -0.0709345    0.702331
-0.00277229  -0.0709347    0.702332
-0.00277212  -0.0709348    0.702332
-0.0027719 -0.0709349   0.702332
-0.00277171   -0.070935    0.702333
-0.00277153  -0.0709351    0.702333
-0.00277134  -0.0709352    0.702333
-0.00277116  -0.0709353    0.702333
-0.00277096  -0.0709354    0.702334
-0.00277079  -0.0709355    0.702334
-0.00277059  -0.0709356    0.702334
-0.00277041  -0.0709357    0.702334
-0.00277022  -0.0709358    0.702335
-0.00277006  -0.0709359    0.702335
-0.00276988   -0.070936    0.702335
-0.0027697 -0.0709361   0.702335
-0.0027695 -0.0709362   0.702336
-0.00276932  -0.0709363    0.702336
-0.00276916  -0.0709364    0.702336
-0.00276895  -0.0709365    0.702337
-0.00276877  -0.0709366    0.702337
-0.0027686 -0.0709366   0.702337
-0.00276841  -0.0709367    0.702337
-0.00276824  -0.0709368    0.702338
-0.00276807  -0.0709369    0.702338
-0.00276788   -0.070937    0.702338
-0.00276772  -0.0709371    0.702339
-0.00276752  -0.0709372    0.702339
-0.00276737  -0.0709373    0.702339
-0.00276715  -0.0709373     0.70234
-0.00276698  -0.0709374     0.70234
-0.00276681  -0.0709375     0.70234
-0.00276666  -0.0709376     0.70234
-0.00276646  -0.0709377    0.702341
-0.00276629  -0.0709377    0.702341
-0.0027661 -0.0709378   0.702341
-0.00276592  -0.0709379    0.702342
-0.00276574   -0.070938    0.702342
-0.00276558  -0.0709381    0.702342
-0.00276538  -0.0709381    0.702343
-0.00276524  -0.0709382    0.702343
-0.00276507  -0.0709383    0.702343
-0.00276486  -0.0709383    0.702344
-0.0027647 -0.0709384   0.702344
-0.00276451  -0.0709385    0.702344
-0.00276433  -0.0709386    0.702345
-0.00276416  -0.0709386    0.702345
-0.00276397  -0.0709387    0.702345
-0.00276381  -0.0709388    0.702346
-0.00276363  -0.0709388    0.702346
-0.00276343  -0.0709389    0.702346
-0.00276325   -0.070939    0.702347
-0.00276308   -0.070939    0.702347
-0.00276288  -0.0709391    0.702347
-0.00276272  -0.0709392    0.702348
-0.00276251  -0.0709392    0.702348
-0.00276234  -0.0709393    0.702348
-0.00276214  -0.0709394    0.702349
-0.00276198  -0.0709394    0.702349
-0.00276179  -0.0709395    0.702349
-0.0027616 -0.0709395    0.70235
-0.00276141  -0.0709396     0.70235
-0.00276124  -0.0709397     0.70235
-0.00276106  -0.0709397    0.702351
-0.00276088  -0.0709398    0.702351
-0.0027607 -0.0709398   0.702351
-0.00276048  -0.0709399    0.702352
-0.00276033    -0.07094    0.702352
-0.00276013    -0.07094    0.702352
-0.00275995  -0.0709401    0.702353
-0.00275975  -0.0709402    0.702353
-0.00275957  -0.0709402    0.702353
-0.00275941  -0.0709403    0.702354
-0.00275921  -0.0709403    0.702354
-0.00275902  -0.0709404    0.702354
-0.00275885  -0.0709405    0.702355
-0.00275867  -0.0709405    0.702355
-0.00275852  -0.0709406    0.702355
-0.00275833  -0.0709407    0.702356
-0.00275814  -0.0709407    0.702356
-0.00275796  -0.0709408    0.702356
-0.00275779  -0.0709408    0.702357
-0.00275763  -0.0709409    0.702357
-0.00275745   -0.070941    0.702357
-0.00275728   -0.070941    0.702357
-0.0027571 -0.0709411   0.702358
-0.00275696  -0.0709412    0.702358
-0.00275678  -0.0709412    0.702358
-0.00275663  -0.0709413    0.702358
-0.00275645  -0.0709414    0.702359
-0.00275629  -0.0709414    0.702359
-0.00275614  -0.0709415    0.702359
 -0.002756 -0.0709416    0.70236
-0.00275583  -0.0709416     0.70236
-0.00275567  -0.0709417     0.70236
-0.00275552  -0.0709418     0.70236
-0.00275537  -0.0709418    0.702361
-0.00275521  -0.0709419    0.702361
-0.00275506   -0.070942    0.702361
-0.00275494   -0.070942    0.702361
-0.00275478  -0.0709421    0.702361
-0.00275463  -0.0709422    0.702362
-0.00275451  -0.0709422    0.702362
-0.00275435  -0.0709423    0.702362
-0.00275424  -0.0709424    0.702362
-0.00275408  -0.0709425    0.702362
-0.00275395  -0.0709425    0.702363
-0.00275382  -0.0709426    0.702363
-0.0027537 -0.0709427   0.702363
-0.00275356  -0.0709427    0.702363
-0.00275343  -0.0709428    0.702363
-0.00275332  -0.0709429    0.702364
-0.00275319  -0.0709429    0.702364
-0.00275306   -0.070943    0.702364
-0.00275295  -0.0709431    0.702364
-0.00275281  -0.0709432    0.702364
-0.00275271  -0.0709432    0.702364
-0.00275262  -0.0709433    0.702364
-0.00275248  -0.0709434    0.702365
-0.00275238  -0.0709434    0.702365
-0.00275228  -0.0709435    0.702365
-0.00275218  -0.0709436    0.702365
-0.00275205  -0.0709437    0.702365
-0.00275196  -0.0709437    0.702365
-0.00275186  -0.0709438    0.702365
-0.00275176  -0.0709439    0.702365
-0.00275167  -0.0709439    0.702366
-0.00275158   -0.070944    0.702366
-0.00275147  -0.0709441    0.702366
-0.0027514 -0.0709441   0.702366
-0.00275128  -0.0709442    0.702366
-0.00275121  -0.0709443    0.702366
-0.00275112  -0.0709444    0.702366
-0.00275103  -0.0709444    0.702366
-0.00275093  -0.0709445    0.702366
-0.00275086  -0.0709446    0.702366
-0.00275078  -0.0709446    0.702366
-0.00275068  -0.0709447    0.702366
-0.00275057  -0.0709448    0.702366
-0.00275049  -0.0709448    0.702366
-0.00275043  -0.0709449    0.702366
-0.00275032   -0.070945    0.702366
-0.00275025   -0.070945    0.702367
-0.00275016  -0.0709451    0.702367
-0.00275008  -0.0709452    0.702367
-0.00275002  -0.0709452    0.702367
-0.00274991  -0.0709453    0.702367
-0.00274983  -0.0709453    0.702367
-0.00274977  -0.0709454    0.702367
-0.00274967  -0.0709455    0.702367
-0.00274959  -0.0709455    0.702367
-0.00274951  -0.0709456    0.702367
-0.00274944  -0.0709456    0.702367
-0.00274937  -0.0709457    0.702367
-0.00274929  -0.0709457    0.702367
-0.00274918  -0.0709458    0.702367
-0.0027491 -0.0709459   0.702367
-0.00274905  -0.0709459    0.702366
-0.00274895   -0.070946    0.702366
-0.00274887   -0.070946    0.702366
-0.00274877  -0.0709461    0.702366
-0.0027487 -0.0709461   0.702366
-0.00274862  -0.0709462    0.702366
-0.00274855  -0.0709462    0.702366
-0.00274845  -0.0709463    0.702366
-0.00274838  -0.0709463    0.702366
-0.00274832  -0.0709463    0.702366
-0.00274824  -0.0709464    0.702366
-0.00274814  -0.0709464    0.702366
-0.00274807  -0.0709465    0.702366
-0.00274796  -0.0709465    0.702366
-0.00274789  -0.0709465    0.702366
-0.00274781  -0.0709466    0.702366
-0.00274772  -0.0709466    0.702366
-0.00274764  -0.0709467    0.702365
-0.00274756  -0.0709467    0.702365
-0.00274747  -0.0709467    0.702365
-0.00274739  -0.0709467    0.702365
-0.0027473 -0.0709468   0.702365
-0.00274723  -0.0709468    0.702365
-0.00274716  -0.0709468    0.702365
-0.00274705  -0.0709469    0.702365
-0.00274696  -0.0709469    0.702365
-0.00274689  -0.0709469    0.702365
-0.0027468 -0.0709469   0.702365
-0.00274671  -0.0709469    0.702364
-0.00274663   -0.070947    0.702364
-0.00274652   -0.070947    0.702364
-0.00274643   -0.070947    0.702364
-0.00274635   -0.070947    0.702364
-0.00274626   -0.070947    0.702364
-0.00274616   -0.070947    0.702364
-0.00274609   -0.070947    0.702364
-0.00274599  -0.0709471    0.702363
-0.00274591  -0.0709471    0.702363
-0.00274583  -0.0709471    0.702363
-0.00274572  -0.0709471    0.702363
-0.00274562  -0.0709471    0.702363
-0.0027455 -0.0709471   0.702363
-0.00274541  -0.0709471    0.702363
-0.00274532  -0.0709471    0.702362
-0.00274522  -0.0709471    0.702362
-0.00274511  -0.0709471    0.702362
-0.00274503  -0.0709471    0.702362
-0.00274494  -0.0709471    0.702362
-0.00274482  -0.0709471    0.702362
-0.00274472  -0.0709471    0.702362
-0.00274462  -0.0709471    0.702361
-0.00274455  -0.0709471    0.702361
-0.00274446  -0.0709471    0.702361
-0.00274437  -0.0709471    0.702361
-0.00274426  -0.0709471    0.702361
-0.00274416  -0.0709471    0.702361
-0.00274406   -0.070947    0.702361
-0.00274396   -0.070947     0.70236
-0.00274383   -0.070947     0.70236
-0.00274371   -0.070947     0.70236
-0.00274363   -0.070947     0.70236
-0.0027435  -0.070947    0.70236
-0.00274339   -0.070947     0.70236
-0.00274329   -0.070947    0.702359
-0.00274315  -0.0709469    0.702359
-0.00274303  -0.0709469    0.702359
-0.00274293  -0.0709469    0.702359
-0.00274277  -0.0709469    0.702359
-0.00274264  -0.0709469    0.702359
-0.00274252  -0.0709469    0.702359
-0.00274239  -0.0709469    0.702358
-0.00274221  -0.0709469    0.702358
-0.00274209  -0.0709468    0.702358
-0.00274193  -0.0709468    0.702358
-0.00274178  -0.0709468    0.702358
-0.00274163  -0.0709468    0.702358
-0.00274147  -0.0709468    0.702358
-0.00274133  -0.0709468    0.702358
-0.00274115  -0.0709468    0.702357
-0.00274097  -0.0709467    0.702357
-0.00274079  -0.0709467    0.702357
-0.00274064  -0.0709467    0.702357
-0.00274049  -0.0709467    0.702357
-0.00274032  -0.0709467    0.702357
-0.00274013  -0.0709467    0.702357
-0.00273995  -0.0709467    0.702356
-0.00273977  -0.0709466    0.702356
-0.00273962  -0.0709466    0.702356
-0.00273943  -0.0709466    0.702356
-0.00273925  -0.0709466    0.702356
-0.00273905  -0.0709466    0.702356
-0.00273887  -0.0709465    0.702356
-0.0027387 -0.0709465   0.702356
-0.00273852  -0.0709465    0.702356
-0.00273832  -0.0709465    0.702355
-0.00273813  -0.0709465    0.702355
-0.00273794  -0.0709464    0.702355
-0.00273775  -0.0709464    0.702355
-0.00273757  -0.0709464    0.702355
-0.00273735  -0.0709464    0.702355
-0.00273719  -0.0709464    0.702355
-0.00273698  -0.0709463    0.702355
-0.00273679  -0.0709463    0.702355
-0.0027366 -0.0709463   0.702355
-0.00273638  -0.0709463    0.702355
-0.00273619  -0.0709462    0.702354
-0.00273598  -0.0709462    0.702354
-0.00273578  -0.0709462    0.702354
-0.00273558  -0.0709462    0.702354
-0.00273539  -0.0709461    0.702354
-0.00273516  -0.0709461    0.702354
-0.00273495  -0.0709461    0.702354
-0.00273473  -0.0709461    0.702354
-0.00273454   -0.070946    0.702354
-0.00273432   -0.070946    0.702354
-0.00273408   -0.070946    0.702354
-0.0027339  -0.070946   0.702354
-0.00273365  -0.0709459    0.702353
-0.00273344  -0.0709459    0.702353
-0.00273322  -0.0709459    0.702353
-0.00273298  -0.0709458    0.702353
-0.00273276  -0.0709458    0.702353
-0.00273255  -0.0709458    0.702353
-0.00273232  -0.0709458    0.702353
-0.0027321 -0.0709457   0.702353
-0.00273188  -0.0709457    0.702353
-0.00273164  -0.0709457    0.702353
-0.00273138  -0.0709456    0.702353
-0.00273115  -0.0709456    0.702353
-0.00273093  -0.0709456    0.702353
-0.0027307 -0.0709456   0.702353
-0.00273044  -0.0709455    0.702353
-0.00273021  -0.0709455    0.702353
-0.00272994  -0.0709455    0.702352
-0.0027297 -0.0709454   0.702352
-0.00272945  -0.0709454    0.702352
-0.00272922  -0.0709454    0.702352
-0.00272897  -0.0709453    0.702352
-0.0027287 -0.0709453   0.702352
-0.00272846  -0.0709453    0.702352
-0.00272819  -0.0709453    0.702352
-0.00272794  -0.0709452    0.702352
-0.00272768  -0.0709452    0.702352
-0.00272739  -0.0709452    0.702352
-0.00272717  -0.0709451    0.702352
-0.00272687  -0.0709451    0.702352
-0.00272662  -0.0709451    0.702352
-0.00272634   -0.070945    0.702352
-0.00272608   -0.070945    0.702352
-0.00272579   -0.070945    0.702352
-0.00272553  -0.0709449    0.702352
-0.00272524  -0.0709449    0.702352
-0.00272496  -0.0709449    0.702352
-0.00272469  -0.0709449    0.702351
-0.00272439  -0.0709448    0.702351
-0.00272411  -0.0709448    0.702351
-0.00272382  -0.0709448    0.702351
-0.00272352  -0.0709447    0.702351
-0.00272322  -0.0709447    0.702351
-0.00272292  -0.0709447    0.702351
-0.00272263  -0.0709446    0.702351
-0.00272236  -0.0709446    0.702351
-0.00272205  -0.0709446    0.702351
-0.00272175  -0.0709445    0.702351
-0.00272142  -0.0709445    0.702351
-0.00272113  -0.0709445    0.702351
-0.00272084  -0.0709444    0.702351
-0.0027205 -0.0709444   0.702351
-0.00272021  -0.0709444    0.702351
-0.00271989  -0.0709443    0.702351
-0.00271956  -0.0709443    0.702351
-0.00271926  -0.0709443    0.702351
-0.00271895  -0.0709442    0.702351
-0.00271861  -0.0709442    0.702351
-0.00271827  -0.0709442    0.702351
-0.00271795  -0.0709441    0.702351
-0.00271761  -0.0709441    0.702351
-0.00271731  -0.0709441    0.702351
-0.00271697   -0.070944    0.702351
-0.00271663   -0.070944    0.702351
-0.00271631   -0.070944    0.702351
-0.00271596  -0.0709439    0.702351
-0.00271563  -0.0709439     0.70235
-0.00271528  -0.0709439     0.70235
-0.00271495  -0.0709438     0.70235
-0.00271461  -0.0709438     0.70235
-0.00271425  -0.0709438     0.70235
-0.0027139 -0.0709437    0.70235
-0.00271356  -0.0709437     0.70235
-0.00271319  -0.0709437     0.70235
-0.00271284  -0.0709436     0.70235
-0.00271248  -0.0709436     0.70235
-0.00271215  -0.0709435     0.70235
-0.00271179  -0.0709435     0.70235
-0.00271141  -0.0709435     0.70235
-0.00271104  -0.0709434     0.70235
-0.0027107 -0.0709434    0.70235
-0.00271032  -0.0709434     0.70235
-0.00270995  -0.0709433     0.70235
-0.00270957  -0.0709433     0.70235
-0.0027092 -0.0709432    0.70235
-0.00270882  -0.0709432     0.70235
-0.00270846  -0.0709432     0.70235
-0.00270808  -0.0709431     0.70235
-0.00270769  -0.0709431     0.70235
-0.0027073 -0.0709431    0.70235
-0.00270693   -0.070943     0.70235
-0.00270654   -0.070943     0.70235
-0.00270615  -0.0709429     0.70235
-0.00270576  -0.0709429     0.70235
-0.00270537  -0.0709429     0.70235
-0.00270499  -0.0709428     0.70235
-0.00270457  -0.0709428     0.70235
-0.0027042 -0.0709427    0.70235
-0.00270378  -0.0709427     0.70235
-0.0027034 -0.0709427    0.70235
 -0.002703 -0.0709426    0.70235
-0.00270261  -0.0709426     0.70235
-0.00270221  -0.0709425     0.70235
-0.00270181  -0.0709425     0.70235
-0.00270138  -0.0709424     0.70235
-0.00270098  -0.0709424     0.70235
-0.00270058  -0.0709423     0.70235
-0.00270017  -0.0709423     0.70235
-0.00269975  -0.0709423     0.70235
-0.00269933  -0.0709422     0.70235
-0.0026989 -0.0709422    0.70235
-0.00269849  -0.0709421     0.70235
-0.00269807  -0.0709421     0.70235
-0.00269764   -0.070942     0.70235
-0.00269721   -0.070942     0.70235
-0.0026968 -0.0709419    0.70235
-0.00269638  -0.0709419     0.70235
-0.00269595  -0.0709419     0.70235
-0.00269554  -0.0709418     0.70235
-0.00269509  -0.0709418     0.70235
-0.00269468  -0.0709417     0.70235
-0.00269423  -0.0709417     0.70235
-0.00269379  -0.0709416     0.70235
-0.00269335  -0.0709416     0.70235
-0.00269291  -0.0709415     0.70235
-0.00269247  -0.0709415     0.70235
-0.00269202  -0.0709414     0.70235
-0.00269161  -0.0709414     0.70235
-0.00269117  -0.0709413     0.70235
-0.0026907 -0.0709413    0.70235
-0.00269027  -0.0709412     0.70235
-0.00268983  -0.0709412     0.70235
-0.00268936  -0.0709411     0.70235
-0.00268892  -0.0709411     0.70235
-0.00268847   -0.070941     0.70235
-0.00268803   -0.070941     0.70235
-0.00268757  -0.0709409     0.70235
-0.0026871 -0.0709409    0.70235
-0.00268665  -0.0709408     0.70235
-0.00268621  -0.0709408     0.70235
-0.00268572  -0.0709407     0.70235
-0.00268529  -0.0709406    0.702349
-0.00268482  -0.0709406     0.70235
-0.00268437  -0.0709405     0.70235
-0.00268387  -0.0709405     0.70235
-0.00268342  -0.0709404    0.702349
-0.00268296  -0.0709404     0.70235
-0.00268249  -0.0709403    0.702349
-0.00268201  -0.0709403    0.702349
-0.00268154  -0.0709402    0.702349
-0.00268108  -0.0709401    0.702349
-0.00268063  -0.0709401    0.702349
-0.00268015    -0.07094    0.702349
-0.00267965    -0.07094    0.702349
-0.00267918  -0.0709399    0.702349
-0.0026787 -0.0709399   0.702349
-0.00267822  -0.0709398    0.702349
-0.00267774  -0.0709397    0.702349
-0.00267729  -0.0709397    0.702349
-0.00267679  -0.0709396    0.702349
-0.00267633  -0.0709396    0.702349
-0.00267582  -0.0709395    0.702349
-0.00267536  -0.0709394    0.702349
-0.00267485  -0.0709394    0.702349
-0.00267436  -0.0709393    0.702349
-0.00267387  -0.0709393    0.702349
-0.00267339  -0.0709392     0.70235
-0.00267289  -0.0709391     0.70235
-0.00267239  -0.0709391     0.70235
-0.00267193   -0.070939     0.70235
-0.00267143  -0.0709389     0.70235
-0.00267095  -0.0709389     0.70235
-0.00267044  -0.0709388     0.70235
-0.00266994  -0.0709388     0.70235
-0.00266943  -0.0709387     0.70235
-0.00266897  -0.0709386     0.70235
-0.00266845  -0.0709386     0.70235
-0.00266796  -0.0709385     0.70235
-0.00266746  -0.0709384     0.70235
-0.00266695  -0.0709384     0.70235
-0.00266644  -0.0709383     0.70235
-0.00266597  -0.0709382     0.70235
-0.00266543  -0.0709382     0.70235
-0.00266494  -0.0709381     0.70235
-0.00266443   -0.070938     0.70235
-0.00266393   -0.070938     0.70235
-0.00266343  -0.0709379     0.70235
-0.00266292  -0.0709378     0.70235
-0.0026624 -0.0709378    0.70235
-0.0026619 -0.0709377    0.70235
-0.00266137  -0.0709376     0.70235
-0.00266088  -0.0709376     0.70235
-0.00266036  -0.0709375     0.70235
-0.00265986  -0.0709374     0.70235
-0.00265933  -0.0709374     0.70235
-0.00265882  -0.0709373     0.70235
-0.00265832  -0.0709372     0.70235
-0.00265779  -0.0709372     0.70235
-0.00265727  -0.0709371     0.70235
-0.00265676   -0.070937     0.70235
-0.00265622   -0.070937     0.70235
-0.00265574  -0.0709369     0.70235
-0.00265521  -0.0709368     0.70235
-0.00265469  -0.0709368     0.70235
-0.00265418  -0.0709367     0.70235
-0.00265365  -0.0709366     0.70235
-0.00265312  -0.0709365     0.70235
-0.0026526 -0.0709365    0.70235
-0.00265209  -0.0709364     0.70235
-0.00265156  -0.0709363     0.70235
-0.00265103  -0.0709363     0.70235
-0.0026505 -0.0709362    0.70235
-0.00264999  -0.0709361     0.70235
-0.00264947   -0.070936     0.70235
-0.00264892   -0.070936     0.70235
-0.0026484 -0.0709359    0.70235
-0.00264789  -0.0709358     0.70235
-0.00264735  -0.0709358     0.70235
-0.00264683  -0.0709357     0.70235
-0.00264626  -0.0709356     0.70235
-0.00264575  -0.0709355     0.70235
-0.00264523  -0.0709355     0.70235
-0.00264467  -0.0709354     0.70235
-0.00264414  -0.0709353     0.70235
-0.00264363  -0.0709352     0.70235
-0.00264311  -0.0709352     0.70235
-0.00264256  -0.0709351     0.70235
-0.00264205   -0.070935     0.70235
-0.00264149  -0.0709349     0.70235
-0.00264095  -0.0709349     0.70235
-0.00264044  -0.0709348     0.70235
-0.00263989  -0.0709347     0.70235
-0.00263934  -0.0709346     0.70235
-0.00263881  -0.0709346     0.70235
-0.00263828  -0.0709345     0.70235
-0.00263773  -0.0709344     0.70235
-0.00263721  -0.0709343     0.70235
-0.00263666  -0.0709343     0.70235
-0.00263613  -0.0709342     0.70235
-0.00263559  -0.0709341     0.70235
-0.00263506   -0.070934     0.70235
-0.00263452   -0.070934     0.70235
-0.00263398  -0.0709339     0.70235
-0.00263345  -0.0709338     0.70235
-0.00263292  -0.0709337     0.70235
-0.00263234  -0.0709337     0.70235
-0.0026318 -0.0709336    0.70235
-0.00263128  -0.0709335     0.70235
-0.00263075  -0.0709334     0.70235
-0.00263018  -0.0709334     0.70235
-0.00262965  -0.0709333     0.70235
-0.0026291 -0.0709332    0.70235
-0.00262859  -0.0709331     0.70235
-0.00262802  -0.0709331     0.70235
-0.0026275  -0.070933    0.70235
-0.00262693  -0.0709329     0.70235
-0.0026264 -0.0709328    0.70235
-0.00262584  -0.0709328     0.70235
-0.00262529  -0.0709327     0.70235
-0.00262477  -0.0709326     0.70235
-0.00262423  -0.0709325     0.70235
-0.00262368  -0.0709325     0.70235
-0.00262313  -0.0709324     0.70235
-0.00262258  -0.0709323     0.70235
-0.00262203  -0.0709322     0.70235
-0.00262148  -0.0709322     0.70235
-0.00262096  -0.0709321     0.70235
-0.00262039   -0.070932     0.70235
-0.00261987  -0.0709319     0.70235
-0.0026193 -0.0709318    0.70235
-0.00261875  -0.0709318     0.70235
-0.00261823  -0.0709317     0.70235
-0.00261769  -0.0709316     0.70235
-0.00261713  -0.0709315     0.70235
-0.0026166 -0.0709315    0.70235
-0.00261605  -0.0709314     0.70235
-0.00261548  -0.0709313     0.70235
-0.00261494  -0.0709312     0.70235
-0.0026144 -0.0709312    0.70235
-0.00261385  -0.0709311     0.70235
-0.00261331   -0.070931     0.70235
-0.00261276  -0.0709309     0.70235
-0.00261223  -0.0709309     0.70235
-0.00261168  -0.0709308     0.70235
-0.00261113  -0.0709307     0.70235
-0.00261057  -0.0709306     0.70235
-0.00261002  -0.0709306     0.70235
-0.00260947  -0.0709305     0.70235
-0.00260894  -0.0709304     0.70235
-0.00260838  -0.0709303     0.70235
-0.00260785  -0.0709303     0.70235
-0.00260729  -0.0709302     0.70235
-0.00260676  -0.0709301     0.70235
-0.00260621    -0.07093     0.70235
-0.00260567    -0.07093     0.70235
-0.00260512  -0.0709299     0.70235
-0.00260456  -0.0709298     0.70235
-0.00260402  -0.0709298     0.70235
-0.00260349  -0.0709297     0.70235
-0.00260295  -0.0709296     0.70235
-0.00260239  -0.0709295     0.70235
-0.00260184  -0.0709295     0.70235
-0.00260132  -0.0709294     0.70235
-0.00260074  -0.0709293     0.70235
-0.0026002 -0.0709293    0.70235
-0.00259968  -0.0709292     0.70235
-0.00259912  -0.0709291     0.70235
-0.0025986  -0.070929    0.70235
-0.00259805   -0.070929     0.70235
-0.0025975 -0.0709289    0.70235
-0.00259695  -0.0709288     0.70235
-0.00259641  -0.0709288     0.70235
-0.00259587  -0.0709287     0.70235
-0.00259532  -0.0709286     0.70235
-0.00259478  -0.0709286     0.70235
-0.00259424  -0.0709285     0.70235
-0.0025937 -0.0709284    0.70235
-0.00259317  -0.0709283     0.70235
-0.00259263  -0.0709283     0.70235
-0.00259207  -0.0709282     0.70235
-0.00259153  -0.0709281     0.70235
-0.00259099  -0.0709281     0.70235
-0.00259046   -0.070928     0.70235
-0.00258992   -0.070928     0.70235
-0.00258939  -0.0709279     0.70235
-0.00258882  -0.0709278     0.70235
-0.00258829  -0.0709278     0.70235
-0.00258776  -0.0709277     0.70235
-0.00258724  -0.0709276     0.70235
-0.00258669  -0.0709276     0.70235
-0.00258617  -0.0709275     0.70235
-0.00258563  -0.0709274     0.70235
-0.0025851 -0.0709274    0.70235
-0.00258453  -0.0709273    0.702351
-0.00258401  -0.0709273    0.702351
-0.00258345  -0.0709272    0.702351
-0.00258294  -0.0709271    0.702351
-0.00258241  -0.0709271    0.702351
-0.00258188   -0.070927    0.702351
-0.00258133   -0.070927    0.702351
-0.00258081  -0.0709269    0.702351
-0.00258028  -0.0709268    0.702351
-0.00257975  -0.0709268    0.702351
-0.00257922  -0.0709267    0.702351
-0.00257869  -0.0709267    0.702351
-0.00257817  -0.0709266    0.702351
-0.00257761  -0.0709266    0.702351
-0.00257708  -0.0709265    0.702351
-0.00257659  -0.0709265    0.702351
-0.00257604  -0.0709264    0.702351
-0.00257552  -0.0709264    0.702351
-0.00257499  -0.0709263    0.702351
-0.00257445  -0.0709263    0.702351
-0.00257395  -0.0709262    0.702351
-0.00257343  -0.0709262    0.702351
-0.00257289  -0.0709261    0.702351
-0.00257235  -0.0709261    0.702351
-0.00257186   -0.070926    0.702351
-0.00257134  -0.0709259    0.702351
-0.0025708 -0.0709259   0.702351
-0.00257027  -0.0709259    0.702351
-0.00256976  -0.0709258    0.702351
-0.00256923  -0.0709258    0.702351
-0.00256872  -0.0709257    0.702351
-0.00256821  -0.0709257    0.702351
-0.0025677 -0.0709256   0.702351
-0.00256714  -0.0709256    0.702351
-0.00256663  -0.0709255    0.702351
-0.00256612  -0.0709255    0.702351
-0.0025656 -0.0709255   0.702351
-0.0025651 -0.0709254   0.702351
-0.00256459  -0.0709254    0.702351
-0.00256405  -0.0709253    0.702351
-0.00256353  -0.0709253    0.702351
-0.00256304  -0.0709252    0.702351
-0.00256253  -0.0709252    0.702351
-0.00256202  -0.0709252    0.702351
-0.00256152  -0.0709251    0.702351
 -0.002561 -0.0709251   0.702351
-0.0025605 -0.0709251   0.702351
-0.00255999   -0.070925    0.702351
-0.00255946   -0.070925    0.702351
-0.00255897  -0.0709249    0.702351
-0.00255846  -0.0709249    0.702351
-0.00255795  -0.0709249    0.702351
-0.00255744  -0.0709248    0.702351
-0.00255695  -0.0709248    0.702351
-0.00255645  -0.0709248    0.702351
-0.00255594  -0.0709248    0.702352
-0.00255545  -0.0709247    0.702352
-0.00255494  -0.0709247    0.702352
-0.00255443  -0.0709247    0.702352
-0.00255394  -0.0709246    0.702352
-0.00255345  -0.0709246    0.702352
-0.00255297  -0.0709246    0.702352
-0.00255245  -0.0709246    0.702352
-0.00255197  -0.0709245    0.702352
-0.00255147  -0.0709245    0.702352
-0.00255096  -0.0709245    0.702352
-0.00255048  -0.0709245    0.702352
-0.00254998  -0.0709244    0.702352
-0.00254951  -0.0709244    0.702352
-0.00254902  -0.0709244    0.702352
-0.00254853  -0.0709244    0.702352
-0.00254801  -0.0709244    0.702352
-0.00254755  -0.0709243    0.702352
-0.00254704  -0.0709243    0.702352
-0.00254657  -0.0709243    0.702352
-0.00254609  -0.0709243    0.702352
-0.00254562  -0.0709243    0.702352
-0.00254513  -0.0709242    0.702352
-0.00254463  -0.0709242    0.702352
-0.00254417  -0.0709242    0.702352
-0.00254368  -0.0709242    0.702352
-0.0025432 -0.0709242   0.702352
-0.00254273  -0.0709242    0.702352
-0.00254224  -0.0709242    0.702352
-0.00254177  -0.0709242    0.702352
-0.00254131  -0.0709241    0.702352
-0.00254082  -0.0709241    0.702352
-0.00254036  -0.0709241    0.702352
-0.0025399 -0.0709241   0.702352
-0.00253942  -0.0709241    0.702352
-0.00253894  -0.0709241    0.702352
-0.00253849  -0.0709241    0.702352
-0.00253801  -0.0709241    0.702352
-0.00253755  -0.0709241    0.702352
-0.00253709  -0.0709241    0.702352
-0.00253663  -0.0709241    0.702353
-0.00253617  -0.0709241    0.702353
-0.0025357 -0.0709241   0.702353
-0.00253526  -0.0709241    0.702353
-0.00253479  -0.0709241    0.702353
-0.00253435  -0.0709241    0.702353
-0.00253386  -0.0709241    0.702353
-0.00253343  -0.0709241    0.702353
-0.00253295  -0.0709241    0.702353
-0.00253253  -0.0709241    0.702353
-0.00253208  -0.0709241    0.702353
-0.00253162  -0.0709241    0.702353
-0.00253116  -0.0709241    0.702353
-0.00253072  -0.0709241    0.702353
-0.00253025  -0.0709241    0.702353
-0.00252982  -0.0709241    0.702353
-0.00252937  -0.0709241    0.702353
-0.00252896  -0.0709242    0.702353
-0.00252849  -0.0709242    0.702353
-0.00252805  -0.0709242    0.702353
-0.00252762  -0.0709242    0.702353
-0.00252717  -0.0709242    0.702353
-0.00252673  -0.0709242    0.702353
-0.00252631  -0.0709242    0.702353
-0.00252586  -0.0709242    0.702353
-0.00252543  -0.0709243    0.702353
 -0.002525 -0.0709243   0.702353
-0.0025246 -0.0709243   0.702353
-0.00252415  -0.0709243    0.702353
-0.00252372  -0.0709243    0.702353
-0.00252331  -0.0709244    0.702353
-0.00252286  -0.0709244    0.702353
-0.00252245  -0.0709244    0.702353
-0.00252201  -0.0709244    0.702353
-0.0025216 -0.0709244   0.702353
-0.0025212 -0.0709245   0.702354
-0.00252076  -0.0709245    0.702354
-0.00252034  -0.0709245    0.702354
-0.00251994  -0.0709246    0.702354
-0.00251953  -0.0709246    0.702354
-0.00251911  -0.0709246    0.702354
-0.00251871  -0.0709246    0.702354
-0.0025183 -0.0709247   0.702354
-0.00251787  -0.0709247    0.702354
-0.00251749  -0.0709247    0.702354
-0.00251706  -0.0709248    0.702354
-0.00251668  -0.0709248    0.702354
-0.00251627  -0.0709248    0.702354
-0.00251586  -0.0709249    0.702354
-0.00251546  -0.0709249    0.702354
-0.00251506  -0.0709249    0.702354
-0.00251466   -0.070925    0.702354
-0.00251427   -0.070925    0.702354
-0.00251388  -0.0709251    0.702354
-0.00251348  -0.0709251    0.702354
-0.00251309  -0.0709252    0.702354
-0.00251271  -0.0709252    0.702354
-0.00251231  -0.0709252    0.702354
-0.00251193  -0.0709253    0.702354
-0.00251153  -0.0709253    0.702354
-0.00251117  -0.0709254    0.702354
-0.00251078  -0.0709254    0.702354
-0.00251041  -0.0709255    0.702354
-0.00251002  -0.0709255    0.702354
-0.00250964  -0.0709256    0.702354
-0.00250927  -0.0709256    0.702354
-0.0025089 -0.0709257   0.702354
-0.00250851  -0.0709257    0.702354
-0.00250813  -0.0709258    0.702355
-0.00250778  -0.0709258    0.702355
-0.0025074 -0.0709259   0.702355
-0.00250704  -0.0709259    0.702355
-0.00250667   -0.070926    0.702355
-0.00250631  -0.0709261    0.702355
-0.00250595  -0.0709261    0.702355
-0.00250559  -0.0709262    0.702355
-0.00250524  -0.0709262    0.702355
-0.00250488  -0.0709263    0.702355
-0.00250453  -0.0709264    0.702355
-0.00250416  -0.0709264    0.702355
-0.00250381  -0.0709265    0.702355
-0.00250347  -0.0709265    0.702355
-0.00250311  -0.0709266    0.702355
-0.00250276  -0.0709267    0.702355
-0.00250242  -0.0709267    0.702355
-0.00250208  -0.0709268    0.702355
-0.00250172  -0.0709269    0.702355
-0.0025014  -0.070927   0.702355
-0.00250105   -0.070927    0.702355
-0.00250071  -0.0709271    0.702355
-0.00250038  -0.0709272    0.702355
-0.00250004  -0.0709272    0.702355
-0.00249969  -0.0709273    0.702355
-0.00249937  -0.0709274    0.702355
-0.00249904  -0.0709275    0.702355
-0.00249871  -0.0709276    0.702355
-0.0024984 -0.0709276   0.702355
-0.00249807  -0.0709277    0.702355
-0.00249774  -0.0709278    0.702355
-0.00249743  -0.0709279    0.702356
-0.0024971  -0.070928   0.702356
-0.00249677   -0.070928    0.702356
-0.00249646  -0.0709281    0.702356
-0.00249615  -0.0709282    0.702356
-0.00249583  -0.0709283    0.702356
-0.00249551  -0.0709284    0.702356
-0.00249521  -0.0709285    0.702356
-0.0024949 -0.0709286   0.702356
-0.0024946 -0.0709286   0.702356
-0.00249429  -0.0709287    0.702356
-0.00249399  -0.0709288    0.702356
-0.0024937 -0.0709289   0.702356
-0.00249339   -0.070929    0.702356
-0.00249309  -0.0709291    0.702356
-0.0024928 -0.0709292   0.702356
-0.00249249  -0.0709293    0.702356
-0.0024922 -0.0709294   0.702356
-0.00249191  -0.0709295    0.702356
-0.00249162  -0.0709296    0.702356
-0.00249134  -0.0709297    0.702356
-0.00249106  -0.0709298    0.702356
-0.00249077  -0.0709299    0.702356
-0.00249048    -0.07093    0.702356
-0.0024902 -0.0709301   0.702356
-0.00248991  -0.0709302    0.702356
-0.00248964  -0.0709303    0.702356
-0.00248936  -0.0709304    0.702356
-0.0024891 -0.0709305   0.702356
-0.00248881  -0.0709306    0.702356
-0.00248855  -0.0709307    0.702356
-0.00248829  -0.0709308    0.702357
-0.00248802   -0.070931    0.702357
-0.00248774  -0.0709311    0.702357
-0.00248749  -0.0709312    0.702357
-0.00248722  -0.0709313    0.702357
-0.00248697  -0.0709314    0.702357
-0.00248671  -0.0709315    0.702357
-0.00248645  -0.0709316    0.702357
-0.00248619  -0.0709318    0.702357
-0.00248594  -0.0709319    0.702357
-0.00248568   -0.070932    0.702357
-0.00248543  -0.0709321    0.702357
-0.00248519  -0.0709322    0.702357
-0.00248494  -0.0709324    0.702357
-0.00248471  -0.0709325    0.702357
-0.00248447  -0.0709326    0.702357
-0.00248422  -0.0709327    0.702357
-0.00248399  -0.0709328    0.702357
-0.00248375   -0.070933    0.702357
-0.0024835 -0.0709331   0.702357
-0.00248329  -0.0709332    0.702357
-0.00248305  -0.0709334    0.702357
-0.00248282  -0.0709335    0.702357
-0.00248259  -0.0709336    0.702357
-0.00248236  -0.0709337    0.702357
-0.00248214  -0.0709339    0.702357
-0.00248192   -0.070934    0.702357
-0.00248169  -0.0709341    0.702357
-0.00248148  -0.0709343    0.702357
-0.00248126  -0.0709344    0.702357
-0.00248104  -0.0709346    0.702358
-0.00248083  -0.0709347    0.702358
-0.00248062  -0.0709348    0.702358
-0.00248039   -0.070935    0.702358
-0.0024802 -0.0709351   0.702358
  -0.00248 -0.0709353   0.702358
-0.00247977  -0.0709354    0.702358
-0.00247957  -0.0709355    0.702358
-0.00247938  -0.0709357    0.702358
-0.00247917  -0.0709358    0.702358
-0.00247898   -0.070936    0.702358
-0.00247878  -0.0709361    0.702358
-0.00247859  -0.0709363    0.702358
-0.0024784 -0.0709364   0.702358
-0.00247821  -0.0709366    0.702358
-0.00247803  -0.0709367    0.702358
-0.00247782  -0.0709369    0.702358
-0.00247764   -0.070937    0.702358
-0.00247747  -0.0709372    0.702358
-0.00247728  -0.0709373    0.702358
-0.00247711  -0.0709375    0.702358
-0.00247692  -0.0709376    0.702358
-0.00247675  -0.0709378    0.702358
-0.00247658   -0.070938    0.702358
-0.0024764 -0.0709381   0.702358
-0.00247623  -0.0709383    0.702358
-0.00247606  -0.0709384    0.702358
-0.00247589  -0.0709386    0.702358
-0.00247572  -0.0709388    0.702358
-0.00247557  -0.0709389    0.702359
-0.0024754 -0.0709391   0.702359
-0.00247526  -0.0709393    0.702359
-0.00247509  -0.0709394    0.702359
-0.00247494  -0.0709396    0.702359
-0.00247477  -0.0709397    0.702359
-0.00247462  -0.0709399    0.702359
-0.00247447  -0.0709401    0.702359
-0.00247433  -0.0709403    0.702359
-0.00247418  -0.0709404    0.702359
-0.00247402  -0.0709406    0.702359
-0.00247389  -0.0709408    0.702359
-0.00247374  -0.0709409    0.702359
-0.00247359  -0.0709411    0.702359
-0.00247347  -0.0709413    0.702359
-0.00247332  -0.0709415    0.702359
-0.00247319  -0.0709416    0.702359
-0.00247306  -0.0709418    0.702359
-0.00247293   -0.070942    0.702359
-0.00247279  -0.0709422    0.702359
-0.00247267  -0.0709424    0.702359
-0.00247255  -0.0709425    0.702359
-0.0024724 -0.0709427   0.702359
-0.0024723 -0.0709429   0.702359
-0.00247219  -0.0709431    0.702359
-0.00247205  -0.0709433    0.702359
-0.00247193  -0.0709435    0.702359
-0.00247183  -0.0709437    0.702359
-0.00247171  -0.0709438     0.70236
-0.0024716  -0.070944    0.70236
-0.00247148  -0.0709442     0.70236
-0.00247137  -0.0709444     0.70236
-0.00247127  -0.0709446     0.70236
-0.00247117  -0.0709448     0.70236
-0.00247106   -0.070945     0.70236
-0.00247097  -0.0709452     0.70236
-0.00247085  -0.0709454     0.70236
-0.00247075  -0.0709456     0.70236
-0.00247066  -0.0709458     0.70236
-0.00247057   -0.070946     0.70236
-0.00247049  -0.0709462     0.70236
-0.00247038  -0.0709464     0.70236
-0.0024703 -0.0709466    0.70236
-0.00247021  -0.0709467     0.70236
-0.00247012   -0.070947     0.70236
-0.00247003  -0.0709472     0.70236
-0.00246996  -0.0709474     0.70236
-0.00246986  -0.0709476     0.70236
-0.00246979  -0.0709478     0.70236
-0.00246971   -0.070948     0.70236
-0.00246964  -0.0709482     0.70236
-0.00246957  -0.0709484     0.70236
-0.00246949  -0.0709486     0.70236
-0.00246941  -0.0709488     0.70236
-0.00246934   -0.070949     0.70236
-0.00246928  -0.0709492     0.70236
-0.00246923  -0.0709494    0.702361
-0.00246914  -0.0709496    0.702361
-0.00246908  -0.0709498    0.702361
-0.00246903  -0.0709501    0.702361
-0.00246897  -0.0709503    0.702361
-0.0024689 -0.0709505   0.702361
-0.00246886  -0.0709507    0.702361
-0.00246879  -0.0709509    0.702361
-0.00246874  -0.0709511    0.702361
-0.0024687 -0.0709513   0.702361
-0.00246864  -0.0709516    0.702361
-0.00246859  -0.0709518    0.702361
-0.00246856   -0.070952    0.702361
-0.0024685 -0.0709522   0.702361
-0.00246846  -0.0709524    0.702361
-0.00246842  -0.0709527    0.702361
-0.00246838  -0.0709529    0.702361
-0.00246834  -0.0709531    0.702361
-0.00246831  -0.0709533    0.702361
-0.00246827  -0.0709535    0.702361
-0.00246823  -0.0709538    0.702361
-0.0024682  -0.070954   0.702361
-0.00246817  -0.0709542    0.702361
-0.00246815  -0.0709544    0.702361
-0.00246812  -0.0709547    0.702361
-0.0024681 -0.0709549   0.702361
-0.00246806  -0.0709551    0.702361
-0.00246804  -0.0709554    0.702362
-0.00246803  -0.0709556    0.702362
-0.00246802  -0.0709558    0.702362
-0.00246799   -0.070956    0.702362
-0.00246797  -0.0709563    0.702362
-0.00246797  -0.0709565    0.702362
-0.00246795  -0.0709567    0.702362
-0.00246795   -0.070957    0.702362
-0.00246793  -0.0709572    0.702362
-0.00246791  -0.0709574    0.702362
-0.00246792  -0.0709577    0.702362
-0.00246791  -0.0709579    0.702362
-0.00246791  -0.0709582    0.702362
-0.0024679 -0.0709584   0.702362
-0.00246791  -0.0709586    0.702362
-0.00246789  -0.0709589    0.702362
-0.0024679 -0.0709591   0.702362
-0.00246793  -0.0709593    0.702362
-0.00246792  -0.0709596    0.702362
-0.00246792  -0.0709598    0.702362
-0.00246795  -0.0709601    0.702362
-0.00246794  -0.0709603    0.702362
-0.00246796  -0.0709605    0.702362
-0.00246798  -0.0709608    0.702362
-0.002468 -0.070961  0.702362
-0.00246801  -0.0709613    0.702362
-0.00246803  -0.0709615    0.702362
-0.00246804  -0.0709617    0.702363
-0.00246807   -0.070962    0.702363
-0.0024681 -0.0709622   0.702363
-0.00246812  -0.0709625    0.702363
-0.00246813  -0.0709627    0.702363
-0.00246816   -0.070963    0.702363
-0.00246819  -0.0709632    0.702363
-0.00246823  -0.0709634    0.702363
-0.00246825  -0.0709637    0.702363
-0.00246829  -0.0709639    0.702363
-0.00246833  -0.0709642    0.702363
-0.00246836  -0.0709644    0.702363
-0.0024684 -0.0709646   0.702363
-0.00246844  -0.0709649    0.702363
-0.00246848  -0.0709651    0.702363
-0.00246852  -0.0709654    0.702363
-0.00246857  -0.0709656    0.702363
-0.00246862  -0.0709658    0.702363
-0.00246865  -0.0709661    0.702363
-0.00246872  -0.0709663    0.702363
-0.00246877  -0.0709666    0.702363
-0.0024688 -0.0709668   0.702363
-0.00246886   -0.070967    0.702363
-0.00246892  -0.0709673    0.702363
-0.00246895  -0.0709675    0.702363
-0.00246903  -0.0709678    0.702363
-0.00246909   -0.070968    0.702363
-0.00246914  -0.0709682    0.702363
-0.00246921  -0.0709685    0.702363
-0.00246927  -0.0709687    0.702363
-0.00246933   -0.070969    0.702363
-0.00246939  -0.0709692    0.702363
-0.00246947  -0.0709694    0.702363
-0.00246953  -0.0709697    0.702363
-0.00246961  -0.0709699    0.702363
-0.00246968  -0.0709702    0.702363
-0.00246975  -0.0709704    0.702363
-0.00246984  -0.0709706    0.702363
-0.00246991  -0.0709709    0.702363
-0.00246997  -0.0709711    0.702363
-0.00247006  -0.0709713    0.702363
-0.00247013  -0.0709716    0.702363
-0.00247022  -0.0709718    0.702363
-0.0024703  -0.070972   0.702363
-0.0024704 -0.0709723   0.702363
-0.0024705 -0.0709725   0.702363
-0.00247058  -0.0709727    0.702363
-0.00247065   -0.070973    0.702363
-0.00247076  -0.0709732    0.702363
-0.00247085  -0.0709734    0.702363
-0.00247096  -0.0709737    0.702363
-0.00247105  -0.0709739    0.702363
-0.00247115  -0.0709741    0.702363
-0.00247125  -0.0709744    0.702363
-0.00247136  -0.0709746    0.702363
-0.00247145  -0.0709748    0.702363
-0.00247156  -0.0709751    0.702363
-0.00247167  -0.0709753    0.702363
-0.00247179  -0.0709755    0.702363
-0.00247188  -0.0709757    0.702363
-0.00247201   -0.070976    0.702363
-0.00247212  -0.0709762    0.702363
-0.00247224  -0.0709764    0.702363
-0.00247235  -0.0709766    0.702363
-0.00247248  -0.0709769    0.702363
-0.00247258  -0.0709771    0.702363
-0.00247272  -0.0709773    0.702363
-0.00247283  -0.0709775    0.702363
-0.00247296  -0.0709778    0.702363
-0.00247307   -0.070978    0.702363
-0.0024732 -0.0709782   0.702363
-0.00247333  -0.0709784    0.702363
-0.00247347  -0.0709786    0.702363
-0.00247361  -0.0709789    0.702363
-0.00247373  -0.0709791    0.702363
-0.00247389  -0.0709793    0.702363
-0.00247402  -0.0709795    0.702363
-0.00247416  -0.0709797    0.702363
-0.00247428  -0.0709799    0.702363
-0.00247444  -0.0709802    0.702363
-0.00247457  -0.0709804    0.702363
-0.00247471  -0.0709806    0.702363
-0.00247486  -0.0709808    0.702363
-0.00247501   -0.070981    0.702363
-0.00247517  -0.0709812    0.702363
-0.0024753 -0.0709814   0.702363
-0.00247546  -0.0709816    0.702363
-0.00247561  -0.0709818    0.702363
-0.00247576  -0.0709821    0.702363
-0.00247592  -0.0709823    0.702363
-0.00247608  -0.0709825    0.702363
-0.00247625  -0.0709827    0.702363
-0.0024764 -0.0709829   0.702363
-0.00247657  -0.0709831    0.702363
-0.00247672  -0.0709833    0.702363
-0.00247688  -0.0709835    0.702363
-0.00247705  -0.0709837    0.702363
-0.00247722  -0.0709839    0.702363
-0.00247738  -0.0709841    0.702363
-0.00247756  -0.0709843    0.702363
-0.00247771  -0.0709845    0.702363
-0.0024779 -0.0709847   0.702363
-0.00247808  -0.0709849    0.702363
-0.00247826  -0.0709851    0.702363
-0.00247842  -0.0709853    0.702363
-0.0024786 -0.0709854   0.702363
-0.00247877  -0.0709856    0.702363
-0.00247896  -0.0709858    0.702363
-0.00247914   -0.070986    0.702363
-0.00247933  -0.0709862    0.702363
-0.00247949  -0.0709864    0.702363
-0.00247968  -0.0709866    0.702363
-0.00247986  -0.0709868    0.702363
-0.00248007   -0.070987    0.702362
-0.00248026  -0.0709872    0.702362
-0.00248045  -0.0709873    0.702362
-0.00248063  -0.0709875    0.702362
-0.00248083  -0.0709877    0.702362
-0.00248102  -0.0709879    0.702362
-0.0024812 -0.0709881   0.702362
-0.0024814 -0.0709882   0.702362
-0.0024816 -0.0709884   0.702362
-0.00248179  -0.0709886    0.702362
-0.00248202  -0.0709888    0.702362
-0.0024822  -0.070989   0.702362
-0.00248241  -0.0709891    0.702362
-0.0024826 -0.0709893   0.702362
-0.00248281  -0.0709895    0.702362
-0.00248303  -0.0709897    0.702362
-0.00248324  -0.0709898    0.702362
-0.00248342    -0.07099    0.702362
-0.00248364  -0.0709902    0.702362
-0.00248384  -0.0709903    0.702362
-0.00248406  -0.0709905    0.702362
-0.00248427  -0.0709907    0.702362
-0.00248448  -0.0709908    0.702362
-0.00248469   -0.070991    0.702362
-0.00248492  -0.0709912    0.702362
-0.00248513  -0.0709913    0.702362
-0.00248534  -0.0709915    0.702362
-0.00248554  -0.0709917    0.702362
-0.00248577  -0.0709918    0.702362
-0.00248598   -0.070992    0.702362
-0.00248623  -0.0709921    0.702361
-0.00248642  -0.0709923    0.702361
-0.00248666  -0.0709925    0.702361
-0.00248689  -0.0709926    0.702361
-0.0024871 -0.0709928   0.702361
-0.00248733  -0.0709929    0.702361
-0.00248757  -0.0709931    0.702361
-0.00248778  -0.0709932    0.702361
-0.00248801  -0.0709934    0.702361
-0.00248823  -0.0709935    0.702361
-0.00248846  -0.0709937    0.702361
-0.00248869  -0.0709938    0.702361
-0.00248894   -0.070994    0.702361
-0.00248916  -0.0709941    0.702361
-0.00248939  -0.0709943    0.702361
-0.00248963  -0.0709944    0.702361
-0.00248987  -0.0709946    0.702361
-0.0024901 -0.0709947   0.702361
-0.00249034  -0.0709948    0.702361
-0.00249057   -0.070995    0.702361
-0.00249082  -0.0709951    0.702361
-0.00249106  -0.0709953    0.702361
-0.00249128  -0.0709954    0.702361
-0.00249153  -0.0709955    0.702361
-0.00249177  -0.0709957    0.702361
-0.00249201  -0.0709958    0.702361
-0.00249225  -0.0709959     0.70236
-0.0024925 -0.0709961    0.70236
-0.00249274  -0.0709962     0.70236
-0.00249299  -0.0709963     0.70236
-0.00249322  -0.0709964     0.70236
-0.00249348  -0.0709966     0.70236
-0.00249373  -0.0709967     0.70236
-0.00249396  -0.0709968     0.70236
-0.00249423  -0.0709969     0.70236
-0.00249448  -0.0709971     0.70236
-0.00249472  -0.0709972     0.70236
-0.00249497  -0.0709973     0.70236
-0.00249522  -0.0709974     0.70236
-0.00249546  -0.0709975     0.70236
-0.00249573  -0.0709977     0.70236
-0.00249597  -0.0709978     0.70236
-0.00249623  -0.0709979     0.70236
-0.00249649   -0.070998     0.70236
-0.00249675  -0.0709981     0.70236
-0.00249699  -0.0709982     0.70236
-0.00249725  -0.0709983     0.70236
-0.00249752  -0.0709984     0.70236
-0.00249777  -0.0709985     0.70236
-0.00249803  -0.0709986    0.702359
-0.00249829  -0.0709987    0.702359
-0.00249856  -0.0709988    0.702359
-0.00249882  -0.0709989    0.702359
-0.00249906   -0.070999    0.702359
-0.00249933  -0.0709991    0.702359
-0.00249958  -0.0709992    0.702359
-0.00249985  -0.0709993    0.702359
-0.00250012  -0.0709994    0.702359
-0.00250038  -0.0709995    0.702359
-0.00250065  -0.0709996    0.702359
-0.00250091  -0.0709997    0.702359
-0.00250119  -0.0709998    0.702359
-0.00250145  -0.0709998    0.702359
-0.00250172  -0.0709999    0.702359
-0.00250197      -0.071    0.702359
-0.00250225  -0.0710001    0.702359
-0.00250252  -0.0710002    0.702359
-0.00250278  -0.0710003    0.702359
-0.00250305  -0.0710003    0.702359
-0.00250331  -0.0710004    0.702359
-0.00250359  -0.0710005    0.702359
-0.00250386  -0.0710006    0.702359
-0.00250412  -0.0710006    0.702358
-0.0025044 -0.0710007   0.702358
-0.00250467  -0.0710008    0.702358
-0.00250496  -0.0710008    0.702358
-0.00250523  -0.0710009    0.702358
-0.00250548   -0.071001    0.702358
-0.00250575   -0.071001    0.702358
-0.00250603  -0.0710011    0.702358
-0.00250631  -0.0710011    0.702358
-0.00250658  -0.0710012    0.702358
-0.00250687  -0.0710013    0.702358
-0.00250713  -0.0710013    0.702358
-0.00250741  -0.0710014    0.702358
-0.0025077 -0.0710014   0.702358
-0.00250796  -0.0710015    0.702358
-0.00250826  -0.0710015    0.702358
-0.00250852  -0.0710016    0.702358
-0.0025088 -0.0710016   0.702358
-0.00250908  -0.0710016    0.702358
-0.00250935  -0.0710017    0.702358
-0.00250962  -0.0710017    0.702358
-0.00250991  -0.0710018    0.702357
-0.00251018  -0.0710018    0.702357
-0.00251046  -0.0710018    0.702357
-0.00251074  -0.0710019    0.702357
-0.00251101  -0.0710019    0.702357
-0.00251131  -0.0710019    0.702357
-0.00251159   -0.071002    0.702357
-0.00251186   -0.071002    0.702357
-0.00251215   -0.071002    0.702357
-0.00251243  -0.0710021    0.702357
-0.00251272  -0.0710021    0.702357
-0.00251299  -0.0710021    0.702357
-0.00251328  -0.0710021    0.702357
-0.00251356  -0.0710021    0.702357
-0.00251384  -0.0710022    0.702357
-0.00251413  -0.0710022    0.702357
-0.00251442  -0.0710022    0.702357
-0.00251469  -0.0710022    0.702357
-0.00251499  -0.0710022    0.702357
-0.00251526  -0.0710022    0.702357
-0.00251554  -0.0710022    0.702357
-0.00251583  -0.0710022    0.702356
-0.00251611  -0.0710022    0.702356
-0.00251641  -0.0710023    0.702356
-0.00251669  -0.0710023    0.702356
-0.00251697  -0.0710023    0.702356
-0.00251726  -0.0710022    0.702356
-0.00251755  -0.0710022    0.702356
-0.00251784  -0.0710022    0.702356
-0.00251812  -0.0710022    0.702356
-0.0025184 -0.0710022   0.702356
-0.00251869  -0.0710022    0.702356
-0.00251897  -0.0710022    0.702356
-0.00251925  -0.0710022    0.702356
-0.00251955  -0.0710022    0.702356
-0.00251984  -0.0710022    0.702356
-0.00252011  -0.0710021    0.702356
-0.00252043  -0.0710021    0.702356
-0.0025207 -0.0710021   0.702356
-0.00252099  -0.0710021    0.702356
-0.00252127  -0.0710021    0.702356
-0.00252156   -0.071002    0.702355
-0.00252186   -0.071002    0.702355
-0.00252215   -0.071002    0.702355
-0.00252243  -0.0710019    0.702355
-0.0025227 -0.0710019   0.702355
 -0.002523 -0.0710019   0.702355
-0.00252328  -0.0710018    0.702355
-0.00252359  -0.0710018    0.702355
-0.00252386  -0.0710017    0.702355
-0.00252417  -0.0710017    0.702355
-0.00252445  -0.0710017    0.702355
-0.00252473  -0.0710016    0.702355
-0.00252502  -0.0710016    0.702355
-0.00252531  -0.0710015    0.702355
-0.00252561  -0.0710015    0.702355
-0.00252589  -0.0710014    0.702355
-0.00252618  -0.0710014    0.702355
-0.00252647  -0.0710013    0.702355
-0.00252674  -0.0710013    0.702355
-0.00252704  -0.0710012    0.702355
-0.00252734  -0.0710011    0.702354
-0.00252762  -0.0710011    0.702354
-0.00252791   -0.071001    0.702354
-0.0025282 -0.0710009   0.702354
-0.00252849  -0.0710009    0.702354
-0.00252878  -0.0710008    0.702354
-0.00252905  -0.0710007    0.702354
-0.00252935  -0.0710007    0.702354
-0.00252964  -0.0710006    0.702354
-0.00252992  -0.0710005    0.702354
-0.00253022  -0.0710004    0.702354
-0.0025305 -0.0710003   0.702354
-0.0025308 -0.0710003   0.702354
-0.00253109  -0.0710002    0.702354
-0.00253138  -0.0710001    0.702354
-0.00253166      -0.071    0.702354
-0.00253194  -0.0709999    0.702354
-0.00253224  -0.0709998    0.702354
-0.00253252  -0.0709997    0.702354
-0.00253279  -0.0709997    0.702353
-0.00253308  -0.0709996    0.702353
-0.00253337  -0.0709995    0.702353
-0.00253368  -0.0709994    0.702353
-0.00253396  -0.0709993    0.702353
-0.00253424  -0.0709992    0.702353
-0.00253454  -0.0709991    0.702353
-0.00253482   -0.070999    0.702353
-0.0025351 -0.0709988   0.702353
-0.0025354 -0.0709987   0.702353
-0.00253568  -0.0709986    0.702353
-0.00253596  -0.0709985    0.702353
-0.00253626  -0.0709984    0.702353
-0.00253654  -0.0709983    0.702353
-0.00253682  -0.0709982    0.702353
-0.00253712   -0.070998    0.702353
-0.0025374 -0.0709979   0.702353
-0.00253768  -0.0709978    0.702353
-0.00253797  -0.0709977    0.702353
-0.00253824  -0.0709976    0.702353
-0.00253855  -0.0709974    0.702352
-0.00253882  -0.0709973    0.702352
-0.0025391 -0.0709972   0.702352
-0.00253939   -0.070997    0.702352
-0.00253967  -0.0709969    0.702352
-0.00253995  -0.0709968    0.702352
-0.00254024  -0.0709966    0.702352
-0.00254051  -0.0709965    0.702352
-0.00254081  -0.0709963    0.702352
-0.00254109  -0.0709962    0.702352
-0.00254138   -0.070996    0.702352
-0.00254167  -0.0709959    0.702352
-0.00254194  -0.0709958    0.702352
-0.00254222  -0.0709956    0.702352
-0.0025425 -0.0709954   0.702352
-0.00254278  -0.0709953    0.702352
-0.00254307  -0.0709951    0.702352
-0.00254334   -0.070995    0.702352
-0.00254363  -0.0709948    0.702352
-0.00254391  -0.0709947    0.702351
-0.00254419  -0.0709945    0.702351
-0.00254446  -0.0709943    0.702351
-0.00254474  -0.0709942    0.702351
-0.00254501   -0.070994    0.702351
-0.00254531  -0.0709938    0.702351
-0.00254558  -0.0709937    0.702351
-0.00254585  -0.0709935    0.702351
-0.00254614  -0.0709933    0.702351
-0.00254642  -0.0709931    0.702351
-0.00254669  -0.0709929    0.702351
-0.00254696  -0.0709928    0.702351
-0.00254725  -0.0709926    0.702351
-0.00254753  -0.0709924    0.702351
-0.0025478 -0.0709922   0.702351
-0.00254807   -0.070992    0.702351
-0.00254834  -0.0709918    0.702351
-0.00254863  -0.0709917    0.702351
-0.0025489 -0.0709915   0.702351
-0.00254918  -0.0709913    0.702351
-0.00254945  -0.0709911     0.70235
-0.00254973  -0.0709909     0.70235
-0.00254999  -0.0709907     0.70235
-0.00255026  -0.0709905     0.70235
-0.00255055  -0.0709903     0.70235
-0.00255081  -0.0709901     0.70235
-0.00255109  -0.0709899     0.70235
-0.00255136  -0.0709897     0.70235
-0.00255163  -0.0709894     0.70235
-0.00255192  -0.0709892     0.70235
-0.00255217   -0.070989     0.70235
-0.00255244  -0.0709888     0.70235
-0.00255273  -0.0709886     0.70235
-0.00255299  -0.0709884     0.70235
-0.00255327  -0.0709881     0.70235
-0.00255352  -0.0709879     0.70235
-0.0025538 -0.0709877    0.70235
-0.00255407  -0.0709875     0.70235
-0.00255435  -0.0709873     0.70235
-0.00255461   -0.070987    0.702349
-0.00255487  -0.0709868    0.702349
-0.00255515  -0.0709866    0.702349
-0.00255543  -0.0709863    0.702349
-0.00255568  -0.0709861    0.702349
-0.00255596  -0.0709858    0.702349
-0.00255622  -0.0709856    0.702349
-0.00255648  -0.0709854    0.702349
-0.00255675  -0.0709851    0.702349
-0.00255702  -0.0709849    0.702349
-0.00255728  -0.0709847    0.702349
-0.00255755  -0.0709844    0.702349
-0.0025578 -0.0709841   0.702349
-0.00255807  -0.0709839    0.702349
-0.00255836  -0.0709836    0.702349
-0.0025586 -0.0709834   0.702349
-0.00255887  -0.0709831    0.702349
-0.00255914  -0.0709829    0.702349
-0.00255941  -0.0709826    0.702349
-0.00255967  -0.0709824    0.702349
-0.00255992  -0.0709821    0.702349
-0.00256019  -0.0709818    0.702348
-0.00256044  -0.0709816    0.702348
-0.00256071  -0.0709813    0.702348
-0.00256098   -0.070981    0.702348
-0.00256125  -0.0709807    0.702348
-0.0025615 -0.0709805   0.702348
-0.00256174  -0.0709802    0.702348
-0.00256201  -0.0709799    0.702348
-0.00256227  -0.0709796    0.702348
-0.00256255  -0.0709794    0.702348
-0.0025628 -0.0709791   0.702348
-0.00256306  -0.0709788    0.702348
-0.00256332  -0.0709785    0.702348
-0.00256357  -0.0709782    0.702348
-0.00256384  -0.0709779    0.702348
-0.0025641 -0.0709777   0.702348
-0.00256435  -0.0709774    0.702348
-0.0025646 -0.0709771   0.702348
-0.00256487  -0.0709768    0.702348
-0.0025651 -0.0709765   0.702348
-0.00256537  -0.0709762    0.702347
-0.00256563  -0.0709759    0.702347
-0.00256588  -0.0709756    0.702347
-0.00256613  -0.0709753    0.702347
-0.00256639   -0.070975    0.702347
-0.00256664  -0.0709747    0.702347
-0.00256689  -0.0709744    0.702347
-0.00256715   -0.070974    0.702347
-0.0025674 -0.0709737   0.702347
-0.00256764  -0.0709734    0.702347
-0.0025679 -0.0709731   0.702347
-0.00256817  -0.0709728    0.702347
-0.0025684 -0.0709725   0.702347
-0.00256866  -0.0709722    0.702347
-0.0025689 -0.0709718   0.702347
-0.00256917  -0.0709715    0.702347
-0.00256942  -0.0709712    0.702347
-0.00256965  -0.0709709    0.702347
-0.0025699 -0.0709705   0.702347
-0.00257016  -0.0709702    0.702347
-0.0025704 -0.0709699   0.702347
-0.00257065  -0.0709696    0.702346
-0.0025709 -0.0709692   0.702346
-0.00257114  -0.0709689    0.702346
-0.00257139  -0.0709686    0.702346
-0.00257165  -0.0709682    0.702346
-0.00257188  -0.0709679    0.702346
-0.00257214  -0.0709675    0.702346
-0.00257238  -0.0709672    0.702346
-0.00257263  -0.0709668    0.702346
-0.00257287  -0.0709665    0.702346
-0.00257311  -0.0709661    0.702346
-0.00257335  -0.0709658    0.702346
-0.0025736 -0.0709654   0.702346
-0.00257385  -0.0709651    0.702346
-0.00257408  -0.0709647    0.702346
-0.00257434  -0.0709644    0.702346
-0.00257457   -0.070964    0.702346
-0.00257482  -0.0709637    0.702346
-0.00257507  -0.0709633    0.702346
-0.00257529   -0.070963    0.702346
-0.00257553  -0.0709626    0.702346
-0.00257579  -0.0709622    0.702345
-0.00257603  -0.0709619    0.702345
-0.00257626  -0.0709615    0.702345
-0.0025765 -0.0709611   0.702345
-0.00257673  -0.0709608    0.702345
-0.00257697  -0.0709604    0.702345
-0.00257722    -0.07096    0.702345
-0.00257745  -0.0709597    0.702345
-0.00257769  -0.0709593    0.702345
-0.00257794  -0.0709589    0.702345
-0.00257816  -0.0709585    0.702345
-0.00257841  -0.0709582    0.702345
-0.00257864  -0.0709578    0.702345
-0.00257888  -0.0709574    0.702345
-0.00257911   -0.070957    0.702345
-0.00257935  -0.0709567    0.702345
-0.00257957  -0.0709563    0.702345
-0.00257982  -0.0709559    0.702345
-0.00258004  -0.0709555    0.702345
-0.00258028  -0.0709551    0.702344
-0.00258052  -0.0709548    0.702344
-0.00258074  -0.0709544    0.702344
-0.00258098   -0.070954    0.702344
-0.00258121  -0.0709536    0.702344
-0.00258145  -0.0709532    0.702344
-0.00258167  -0.0709528    0.702344
-0.0025819 -0.0709524   0.702344
-0.00258214  -0.0709521    0.702344
-0.00258236  -0.0709517    0.702344
-0.00258259  -0.0709513    0.702344
-0.00258282  -0.0709509    0.702344
-0.00258305  -0.0709505    0.702344
-0.00258326  -0.0709501    0.702344
-0.0025835 -0.0709497   0.702344
-0.00258373  -0.0709493    0.702344
-0.00258395  -0.0709489    0.702344
-0.00258417  -0.0709485    0.702344
-0.0025844 -0.0709481   0.702343
-0.00258462  -0.0709477    0.702343
-0.00258485  -0.0709474    0.702343
-0.00258507   -0.070947    0.702343
-0.00258531  -0.0709466    0.702343
-0.00258552  -0.0709462    0.702343
-0.00258575  -0.0709458    0.702343
-0.00258597  -0.0709454    0.702343
-0.00258619   -0.070945    0.702343
-0.0025864 -0.0709446   0.702343
-0.00258663  -0.0709442    0.702343
-0.00258685  -0.0709438    0.702343
-0.00258707  -0.0709434    0.702343
-0.00258729   -0.070943    0.702343
-0.00258749  -0.0709426    0.702343
-0.00258772  -0.0709422    0.702343
-0.00258794  -0.0709418    0.702342
-0.00258816  -0.0709414    0.702342
-0.00258837   -0.070941    0.702342
-0.0025886 -0.0709406   0.702342
-0.0025888 -0.0709402   0.702342
-0.00258902  -0.0709398    0.702342
-0.00258922  -0.0709393    0.702342
-0.00258943  -0.0709389    0.702342
-0.00258964  -0.0709385    0.702342
-0.00258986  -0.0709381    0.702342
-0.00259007  -0.0709377    0.702342
-0.00259029  -0.0709373    0.702342
-0.00259049  -0.0709369    0.702342
-0.00259071  -0.0709365    0.702342
-0.00259091  -0.0709361    0.702342
-0.00259111  -0.0709357    0.702342
-0.00259132  -0.0709353    0.702341
-0.00259154  -0.0709349    0.702341
-0.00259174  -0.0709345    0.702341
-0.00259195  -0.0709341    0.702341
-0.00259214  -0.0709337    0.702341
-0.00259236  -0.0709332    0.702341
-0.00259257  -0.0709328    0.702341
-0.00259277  -0.0709324    0.702341
-0.00259296   -0.070932    0.702341
-0.00259317  -0.0709316    0.702341
-0.00259337  -0.0709312    0.702341
-0.00259356  -0.0709308    0.702341
-0.00259376  -0.0709304    0.702341
-0.00259395    -0.07093    0.702341
-0.00259417  -0.0709295    0.702341
-0.00259437  -0.0709291    0.702341
-0.00259457  -0.0709287     0.70234
-0.00259477  -0.0709283     0.70234
-0.00259496  -0.0709279     0.70234
-0.00259515  -0.0709275     0.70234
-0.00259535  -0.0709271     0.70234
-0.00259555  -0.0709267     0.70234
-0.00259575  -0.0709262     0.70234
-0.00259592  -0.0709258     0.70234
-0.00259612  -0.0709254     0.70234
-0.00259632   -0.070925     0.70234
-0.0025965 -0.0709246    0.70234
-0.00259669  -0.0709242     0.70234
-0.00259689  -0.0709238     0.70234
-0.00259707  -0.0709233     0.70234
-0.00259727  -0.0709229     0.70234
-0.00259744  -0.0709225    0.702339
-0.00259764  -0.0709221    0.702339
-0.00259782  -0.0709217    0.702339
-0.00259801  -0.0709213    0.702339
-0.00259819  -0.0709209    0.702339
-0.00259838  -0.0709204    0.702339
-0.00259857    -0.07092    0.702339
-0.00259874  -0.0709196    0.702339
-0.00259892  -0.0709192    0.702339
-0.00259911  -0.0709188    0.702339
-0.00259929  -0.0709184    0.702339
-0.00259946  -0.0709179    0.702339
-0.00259965  -0.0709175    0.702339
-0.00259983  -0.0709171    0.702339
   -0.0026 -0.0709167   0.702339
-0.00260017  -0.0709163    0.702338
-0.00260036  -0.0709159    0.702338
-0.00260052  -0.0709154    0.702338
-0.00260072   -0.070915    0.702338
-0.00260088  -0.0709146    0.702338
-0.00260106  -0.0709142    0.702338
-0.00260125  -0.0709138    0.702338
-0.00260141  -0.0709133    0.702338
-0.00260159  -0.0709129    0.702338
-0.00260175  -0.0709125    0.702338
-0.00260192  -0.0709121    0.702338
-0.00260208  -0.0709117    0.702338
-0.00260226  -0.0709113    0.702338
-0.00260244  -0.0709108    0.702338
-0.00260259  -0.0709104    0.702338
-0.00260277    -0.07091    0.702337
-0.00260294  -0.0709096    0.702337
-0.00260311  -0.0709092    0.702337
-0.00260328  -0.0709087    0.702337
-0.00260345  -0.0709083    0.702337
-0.00260362  -0.0709079    0.702337
-0.00260376  -0.0709075    0.702337
-0.00260394  -0.0709071    0.702337
-0.0026041 -0.0709067   0.702337
-0.00260425  -0.0709062    0.702337
-0.00260442  -0.0709058    0.702337
-0.00260458  -0.0709054    0.702337
-0.00260475   -0.070905    0.702337
-0.0026049 -0.0709046   0.702337
-0.00260506  -0.0709042    0.702337
-0.00260523  -0.0709037    0.702336
-0.00260538  -0.0709033    0.702336
-0.00260554  -0.0709029    0.702336
-0.0026057 -0.0709025   0.702336
-0.00260585  -0.0709021    0.702336
-0.00260602  -0.0709016    0.702336
-0.00260617  -0.0709012    0.702336
-0.00260633  -0.0709008    0.702336
-0.00260647  -0.0709004    0.702336
-0.00260665     -0.0709    0.702336
-0.00260678  -0.0708996    0.702336
-0.00260694  -0.0708991    0.702336
-0.00260711  -0.0708987    0.702336
-0.00260725  -0.0708983    0.702336
-0.0026074 -0.0708979   0.702336
-0.00260755  -0.0708975    0.702335
-0.0026077 -0.0708971   0.702335
-0.00260786  -0.0708966    0.702335
 -0.002608 -0.0708962   0.702335
-0.00260814  -0.0708958    0.702335
-0.0026083 -0.0708954   0.702335
-0.00260845   -0.070895    0.702335
-0.0026086 -0.0708946   0.702335
-0.00260875  -0.0708942    0.702335
-0.00260889  -0.0708937    0.702335
-0.00260904  -0.0708933    0.702335
-0.00260918  -0.0708929    0.702335
-0.00260933  -0.0708925    0.702335
-0.00260947  -0.0708921    0.702335
-0.00260962  -0.0708917    0.702335
-0.00260976  -0.0708913    0.702334
-0.00260991  -0.0708909    0.702334
-0.00261005  -0.0708904    0.702334
-0.00261018    -0.07089    0.702334
-0.00261033  -0.0708896    0.702334
-0.00261047  -0.0708892    0.702334
-0.00261062  -0.0708888    0.702334
-0.00261076  -0.0708884    0.702334
-0.00261089   -0.070888    0.702334
-0.00261104  -0.0708876    0.702334
-0.00261118  -0.0708872    0.702334
-0.00261133  -0.0708867    0.702334
-0.00261146  -0.0708863    0.702334
-0.00261159  -0.0708859    0.702334
-0.00261173  -0.0708855    0.702334
-0.00261186  -0.0708851    0.702334
 -0.002612 -0.0708847   0.702333
-0.00261214  -0.0708843    0.702333
-0.00261226  -0.0708839    0.702333
-0.0026124 -0.0708835   0.702333
-0.00261254  -0.0708831    0.702333
-0.00261267  -0.0708827    0.702333
-0.00261282  -0.0708823    0.702333
-0.00261295  -0.0708819    0.702333
-0.00261308  -0.0708815    0.702333
-0.00261321  -0.0708811    0.702333
-0.00261335  -0.0708806    0.702333
-0.00261348  -0.0708802    0.702333
-0.0026136 -0.0708798   0.702333
-0.00261374  -0.0708794    0.702333
-0.00261388   -0.070879    0.702333
-0.00261401  -0.0708786    0.702332
-0.00261414  -0.0708782    0.702332
-0.00261426  -0.0708778    0.702332
-0.00261439  -0.0708774    0.702332
-0.00261451   -0.070877    0.702332
-0.00261465  -0.0708766    0.702332
-0.00261477  -0.0708762    0.702332
-0.00261491  -0.0708758    0.702332
-0.00261503  -0.0708754    0.702332
-0.00261515   -0.070875    0.702332
-0.00261529  -0.0708747    0.702332
-0.00261541  -0.0708743    0.702332
-0.00261555  -0.0708739    0.702332
-0.00261567  -0.0708735    0.702332
-0.00261579  -0.0708731    0.702332
-0.00261592  -0.0708727    0.702331
-0.00261604  -0.0708723    0.702331
-0.00261616  -0.0708719    0.702331
-0.0026163 -0.0708715   0.702331
-0.0026164 -0.0708711   0.702331
-0.00261653  -0.0708707    0.702331
-0.00261665  -0.0708703    0.702331
-0.00261678    -0.07087    0.702331
-0.0026169 -0.0708696   0.702331
-0.00261703  -0.0708692    0.702331
-0.00261714  -0.0708688    0.702331
-0.00261728  -0.0708684    0.702331
-0.00261739   -0.070868    0.702331
-0.00261752  -0.0708676    0.702331
-0.00261764  -0.0708673    0.702331
-0.00261774  -0.0708669    0.702331
-0.00261786  -0.0708665     0.70233
-0.00261799  -0.0708661     0.70233
-0.00261812  -0.0708657     0.70233
-0.00261823  -0.0708653     0.70233
-0.00261836   -0.070865     0.70233
-0.00261848  -0.0708646     0.70233
-0.00261859  -0.0708642     0.70233
-0.00261872  -0.0708638     0.70233
-0.00261885  -0.0708635     0.70233
-0.00261895  -0.0708631     0.70233
-0.00261906  -0.0708627     0.70233
-0.0026192 -0.0708623    0.70233
-0.00261931   -0.070862     0.70233
-0.00261942  -0.0708616     0.70233
-0.00261954  -0.0708612     0.70233
-0.00261967  -0.0708608     0.70233
-0.00261978  -0.0708605    0.702329
-0.00261989  -0.0708601    0.702329
  -0.00262 -0.0708597   0.702329
-0.00262012  -0.0708594    0.702329
-0.00262024   -0.070859    0.702329
-0.00262037  -0.0708586    0.702329
-0.00262049  -0.0708583    0.702329
-0.00262059  -0.0708579    0.702329
-0.00262072  -0.0708575    0.702329
-0.00262083  -0.0708572    0.702329
-0.00262094  -0.0708568    0.702329
-0.00262105  -0.0708564    0.702329
-0.00262117  -0.0708561    0.702329
-0.00262129  -0.0708557    0.702329
-0.00262141  -0.0708554    0.702329
-0.00262153   -0.070855    0.702329
-0.00262163  -0.0708546    0.702328
-0.00262174  -0.0708543    0.702328
-0.00262186  -0.0708539    0.702328
-0.00262198  -0.0708536    0.702328
-0.00262208  -0.0708532    0.702328
-0.00262221  -0.0708529    0.702328
-0.00262232  -0.0708525    0.702328
-0.00262245  -0.0708522    0.702328
-0.00262255  -0.0708518    0.702328
-0.00262267  -0.0708515    0.702328
-0.00262277  -0.0708511    0.702328
-0.00262289  -0.0708508    0.702328
-0.00262301  -0.0708504    0.702328
-0.00262312  -0.0708501    0.702328
-0.00262323  -0.0708497    0.702328
-0.00262335  -0.0708494    0.702328
-0.00262347  -0.0708491    0.702327
-0.00262357  -0.0708487    0.702327
-0.0026237 -0.0708484   0.702327
-0.0026238  -0.070848   0.702327
-0.00262393  -0.0708477    0.702327
-0.00262404  -0.0708473    0.702327
-0.00262414   -0.070847    0.702327
-0.00262426  -0.0708467    0.702327
-0.00262437  -0.0708463    0.702327
-0.00262448   -0.070846    0.702327
-0.00262461  -0.0708457    0.702327
-0.0026247 -0.0708453   0.702327
-0.00262483   -0.070845    0.702327
-0.00262495  -0.0708447    0.702327
-0.00262506  -0.0708444    0.702327
-0.00262515   -0.070844    0.702327
-0.00262527  -0.0708437    0.702326
-0.00262541  -0.0708434    0.702326
-0.00262552   -0.070843    0.702326
-0.00262564  -0.0708427    0.702326
-0.00262574  -0.0708424    0.702326
-0.00262585  -0.0708421    0.702326
-0.00262597  -0.0708418    0.702326
-0.00262609  -0.0708414    0.702326
-0.00262621  -0.0708411    0.702326
-0.0026263 -0.0708408   0.702326
-0.00262642  -0.0708405    0.702326
-0.00262654  -0.0708402    0.702326
-0.00262665  -0.0708399    0.702326
-0.00262676  -0.0708395    0.702326
-0.00262688  -0.0708392    0.702326
-0.00262699  -0.0708389    0.702326
-0.00262712  -0.0708386    0.702325
-0.00262722  -0.0708383    0.702325
-0.00262735   -0.070838    0.702325
-0.00262747  -0.0708377    0.702325
-0.00262758  -0.0708374    0.702325
-0.00262768  -0.0708371    0.702325
-0.0026278 -0.0708368   0.702325
-0.00262791  -0.0708365    0.702325
-0.00262804  -0.0708362    0.702325
-0.00262815  -0.0708359    0.702325
-0.00262827  -0.0708356    0.702325
-0.00262839  -0.0708353    0.702325
-0.00262852   -0.070835    0.702325
-0.00262862  -0.0708347    0.702325
-0.00262874  -0.0708344    0.702325
-0.00262886  -0.0708341    0.702325
-0.00262896  -0.0708338    0.702325
-0.00262909  -0.0708335    0.702324
-0.0026292 -0.0708332   0.702324
-0.00262933  -0.0708329    0.702324
-0.00262945  -0.0708327    0.702324
-0.00262957  -0.0708324    0.702324
-0.00262968  -0.0708321    0.702324
-0.0026298 -0.0708318   0.702324
-0.00262993  -0.0708315    0.702324
-0.00263006  -0.0708312    0.702324
-0.00263017   -0.070831    0.702324
-0.0026303 -0.0708307   0.702324
-0.0026304 -0.0708304   0.702324
-0.00263052  -0.0708301    0.702324
-0.00263063  -0.0708298    0.702324
-0.00263077  -0.0708296    0.702324
-0.00263088  -0.0708293    0.702324
-0.002631 -0.070829  0.702323
-0.00263114  -0.0708288    0.702323
-0.00263126  -0.0708285    0.702323
-0.00263138  -0.0708282    0.702323
-0.0026315  -0.070828   0.702323
-0.00263162  -0.0708277    0.702323
-0.00263175  -0.0708274    0.702323
-0.00263185  -0.0708272    0.702323
 -0.002632 -0.0708269   0.702323
-0.00263211  -0.0708266    0.702323
-0.00263224  -0.0708264    0.702323
-0.00263237  -0.0708261    0.702323
-0.0026325 -0.0708259   0.702323
-0.00263263  -0.0708256    0.702323
-0.00263274  -0.0708253    0.702323
-0.00263287  -0.0708251    0.702323
 -0.002633 -0.0708248   0.702323
-0.00263312  -0.0708246    0.702323
-0.00263325  -0.0708243    0.702322
-0.00263338  -0.0708241    0.702322
-0.00263351  -0.0708238    0.702322
-0.00263363  -0.0708236    0.702322
-0.00263377  -0.0708233    0.702322
-0.00263391  -0.0708231    0.702322
-0.00263402  -0.0708229    0.702322
-0.00263415  -0.0708226    0.702322
-0.00263429  -0.0708224    0.702322
-0.00263443  -0.0708221    0.702322
-0.00263455  -0.0708219    0.702322
-0.00263469  -0.0708217    0.702322
-0.00263481  -0.0708214    0.702322
-0.00263495  -0.0708212    0.702322
-0.00263508  -0.0708209    0.702322
-0.00263522  -0.0708207    0.702322
-0.00263535  -0.0708205    0.702322
-0.00263548  -0.0708203    0.702321
-0.00263561    -0.07082    0.702321
-0.00263575  -0.0708198    0.702321
-0.00263589  -0.0708196    0.702321
-0.00263603  -0.0708194    0.702321
-0.00263616  -0.0708191    0.702321
-0.0026363 -0.0708189   0.702321
-0.00263644  -0.0708187    0.702321
-0.00263657  -0.0708185    0.702321
-0.00263671  -0.0708182    0.702321
-0.00263685   -0.070818    0.702321
-0.00263699  -0.0708178    0.702321
-0.00263713  -0.0708176    0.702321
-0.00263727  -0.0708174    0.702321
-0.00263741  -0.0708172    0.702321
-0.00263755   -0.070817    0.702321
-0.0026377 -0.0708167   0.702321
-0.00263785  -0.0708165     0.70232
-0.00263799  -0.0708163     0.70232
-0.00263813  -0.0708161     0.70232
-0.00263827  -0.0708159     0.70232
-0.00263843  -0.0708157     0.70232
-0.00263855  -0.0708155     0.70232
-0.0026387 -0.0708153    0.70232
-0.00263886  -0.0708151     0.70232
-0.00263899  -0.0708149     0.70232
-0.00263915  -0.0708147     0.70232
-0.00263929  -0.0708145     0.70232
-0.00263945  -0.0708143     0.70232
-0.0026396 -0.0708141    0.70232
-0.00263976  -0.0708139     0.70232
-0.0026399 -0.0708137    0.70232
-0.00264006  -0.0708135     0.70232
-0.00264019  -0.0708133     0.70232
-0.00264035  -0.0708132     0.70232
-0.00264049   -0.070813    0.702319
-0.00264067  -0.0708128    0.702319
-0.00264081  -0.0708126    0.702319
-0.00264097  -0.0708124    0.702319
-0.00264113  -0.0708122    0.702319
-0.00264127   -0.070812    0.702319
-0.00264145  -0.0708119    0.702319
-0.00264161  -0.0708117    0.702319
-0.00264175  -0.0708115    0.702319
-0.00264191  -0.0708113    0.702319
-0.00264207  -0.0708112    0.702319
-0.00264223   -0.070811    0.702319
-0.0026424 -0.0708108   0.702319
-0.00264256  -0.0708106    0.702319
-0.00264271  -0.0708105    0.702319
-0.00264288  -0.0708103    0.702319
-0.00264305  -0.0708101    0.702319
-0.0026432   -0.07081   0.702318
-0.00264338  -0.0708098    0.702318
-0.00264354  -0.0708096    0.702318
-0.00264372  -0.0708095    0.702318
-0.00264389  -0.0708093    0.702318
-0.00264405  -0.0708091    0.702318
-0.00264422   -0.070809    0.702318
-0.00264439  -0.0708088    0.702318
-0.00264456  -0.0708087    0.702318
-0.00264474  -0.0708085    0.702318
-0.00264488  -0.0708083    0.702318
-0.00264508  -0.0708082    0.702318
-0.00264524   -0.070808    0.702318
-0.00264543  -0.0708079    0.702318
-0.0026456 -0.0708077   0.702318
-0.00264577  -0.0708076    0.702318
-0.00264594  -0.0708074    0.702318
-0.00264612  -0.0708073    0.702318
-0.0026463 -0.0708071   0.702317
-0.00264647   -0.070807    0.702317
-0.00264666  -0.0708069    0.702317
-0.00264683  -0.0708067    0.702317
-0.00264701  -0.0708066    0.702317
-0.0026472 -0.0708064   0.702317
-0.00264737  -0.0708063    0.702317
-0.00264757  -0.0708062    0.702317
-0.00264774   -0.070806    0.702317
-0.00264794  -0.0708059    0.702317
-0.00264811  -0.0708058    0.702317
-0.00264831  -0.0708056    0.702317
-0.0026485 -0.0708055   0.702317
-0.00264869  -0.0708053    0.702317
-0.00264889  -0.0708052    0.702317
-0.00264906  -0.0708051    0.702317
-0.00264927   -0.070805    0.702317
-0.00264944  -0.0708048    0.702317
-0.00264964  -0.0708047    0.702316
-0.00264983  -0.0708046    0.702316
-0.00265004  -0.0708045    0.702316
-0.00265023  -0.0708043    0.702316
-0.00265042  -0.0708042    0.702316
-0.00265062  -0.0708041    0.702316
-0.00265082   -0.070804    0.702316
-0.00265102  -0.0708039    0.702316
-0.00265123  -0.0708037    0.702316
-0.00265143  -0.0708036    0.702316
-0.00265163  -0.0708035    0.702316
-0.00265183  -0.0708034    0.702316
-0.00265202  -0.0708033    0.702316
-0.00265223  -0.0708032    0.702316
-0.00265243  -0.0708031    0.702316
-0.00265265   -0.070803    0.702316
-0.00265286  -0.0708029    0.702316
-0.00265307  -0.0708027    0.702316
-0.00265327  -0.0708026    0.702315
-0.00265349  -0.0708025    0.702315
-0.0026537 -0.0708024   0.702315
-0.00265391  -0.0708023    0.702315
-0.00265412  -0.0708022    0.702315
-0.00265435  -0.0708021    0.702315
-0.00265456   -0.070802    0.702315
-0.00265478  -0.0708019    0.702315
 -0.002655 -0.0708018   0.702315
-0.00265522  -0.0708017    0.702315
-0.00265544  -0.0708016    0.702315
-0.00265565  -0.0708015    0.702315
-0.00265589  -0.0708014    0.702315
-0.0026561 -0.0708014   0.702315
-0.00265633  -0.0708013    0.702315
-0.00265656  -0.0708012    0.702315
-0.0026568 -0.0708011   0.702315
-0.00265701   -0.070801    0.702315
-0.00265724  -0.0708009    0.702315
-0.00265747  -0.0708008    0.702314
-0.0026577 -0.0708007   0.702314
-0.00265794  -0.0708007    0.702314
-0.00265817  -0.0708006    0.702314
-0.0026584 -0.0708005   0.702314
-0.00265863  -0.0708004    0.702314
-0.00265887  -0.0708003    0.702314
-0.00265912  -0.0708002    0.702314
-0.00265935  -0.0708002    0.702314
-0.00265961  -0.0708001    0.702314
-0.00265985     -0.0708    0.702314
-0.00266008  -0.0707999    0.702314
-0.00266033  -0.0707999    0.702314
-0.00266057  -0.0707998    0.702314
-0.00266082  -0.0707997    0.702314
-0.00266107  -0.0707996    0.702314
-0.00266132  -0.0707996    0.702314
-0.00266158  -0.0707995    0.702314
-0.00266183  -0.0707994    0.702313
-0.00266207  -0.0707994    0.702313
-0.00266233  -0.0707993    0.702313
-0.00266258  -0.0707992    0.702313
-0.00266284  -0.0707992    0.702313
-0.0026631 -0.0707991   0.702313
-0.00266337   -0.070799    0.702313
-0.00266362   -0.070799    0.702313
-0.00266388  -0.0707989    0.702313
-0.00266416  -0.0707988    0.702313
-0.00266442  -0.0707988    0.702313
-0.00266469  -0.0707987    0.702313
-0.00266496  -0.0707986    0.702313
-0.00266524  -0.0707986    0.702313
-0.00266551  -0.0707985    0.702313
-0.00266577  -0.0707985    0.702313
-0.00266604  -0.0707984    0.702313
-0.00266631  -0.0707984    0.702313
-0.00266657  -0.0707983    0.702312
-0.00266687  -0.0707982    0.702312
-0.00266715  -0.0707982    0.702312
-0.00266742  -0.0707981    0.702312
-0.00266771  -0.0707981    0.702312
-0.00266799   -0.070798    0.702312
-0.00266828   -0.070798    0.702312
-0.00266856  -0.0707979    0.702312
-0.00266885  -0.0707979    0.702312
-0.00266913  -0.0707978    0.702312
-0.00266943  -0.0707978    0.702312
-0.00266973  -0.0707977    0.702312
-0.00267002  -0.0707977    0.702312
-0.00267032  -0.0707976    0.702312
-0.00267061  -0.0707976    0.702312
-0.00267092  -0.0707975    0.702312
-0.0026712 -0.0707975   0.702312
-0.00267152  -0.0707975    0.702312
-0.0026718 -0.0707974   0.702312
-0.00267211  -0.0707974    0.702311
-0.00267241  -0.0707973    0.702311
-0.00267271  -0.0707973    0.702311
-0.00267302  -0.0707972    0.702311
-0.00267333  -0.0707972    0.702311
-0.00267364  -0.0707972    0.702311
-0.00267396  -0.0707971    0.702311
-0.00267427  -0.0707971    0.702311
-0.00267458   -0.070797    0.702311
-0.00267487   -0.070797    0.702311
-0.0026752  -0.070797   0.702311
-0.00267551  -0.0707969    0.702311
-0.00267582  -0.0707969    0.702311
-0.00267615  -0.0707969    0.702311
-0.00267647  -0.0707968    0.702311
-0.00267678  -0.0707968    0.702311
-0.00267712  -0.0707968    0.702311
-0.00267743  -0.0707967    0.702311
-0.00267777  -0.0707967     0.70231
-0.00267809  -0.0707967     0.70231
-0.00267842  -0.0707966     0.70231
-0.00267875  -0.0707966     0.70231
-0.00267907  -0.0707966     0.70231
-0.00267941  -0.0707965     0.70231
-0.00267974  -0.0707965     0.70231
-0.00268006  -0.0707965     0.70231
-0.0026804 -0.0707965    0.70231
-0.00268072  -0.0707964     0.70231
-0.00268106  -0.0707964     0.70231
-0.00268139  -0.0707964     0.70231
-0.00268172  -0.0707964     0.70231
-0.00268206  -0.0707963     0.70231
-0.0026824 -0.0707963    0.70231
-0.00268274  -0.0707963     0.70231
-0.00268307  -0.0707963     0.70231
-0.0026834 -0.0707962    0.70231
-0.00268374  -0.0707962    0.702309
-0.00268409  -0.0707962    0.702309
-0.00268441  -0.0707962    0.702309
-0.00268475  -0.0707962    0.702309
-0.00268508  -0.0707961    0.702309
-0.00268544  -0.0707961    0.702309
-0.00268576  -0.0707961    0.702309
-0.00268611  -0.0707961    0.702309
-0.00268644  -0.0707961    0.702309
-0.0026868 -0.0707961   0.702309
-0.00268713  -0.0707961    0.702309
-0.00268746   -0.070796    0.702309
-0.00268782   -0.070796    0.702309
-0.00268815   -0.070796    0.702309
-0.0026885  -0.070796   0.702309
-0.00268885   -0.070796    0.702309
-0.00268917   -0.070796    0.702309
-0.00268951  -0.0707959    0.702309
-0.00268985  -0.0707959    0.702309
-0.0026902 -0.0707959   0.702309
-0.00269055  -0.0707959    0.702309
-0.00269088  -0.0707959    0.702309
-0.00269122  -0.0707959    0.702309
-0.00269157  -0.0707959    0.702309
-0.00269192  -0.0707959    0.702309
-0.00269226  -0.0707959    0.702309
-0.00269261  -0.0707959    0.702309
-0.00269296  -0.0707958    0.702309
-0.00269331  -0.0707958    0.702309
-0.00269365  -0.0707958    0.702309
-0.00269401  -0.0707958    0.702309
-0.00269435  -0.0707958    0.702309
-0.00269469  -0.0707958    0.702309
-0.00269505  -0.0707958    0.702309
-0.0026954 -0.0707958   0.702309
-0.00269575  -0.0707958    0.702309
-0.0026961 -0.0707958   0.702309
-0.00269645  -0.0707958    0.702309
-0.00269681  -0.0707958    0.702309
-0.00269716  -0.0707958    0.702309
-0.00269752  -0.0707958    0.702309
-0.00269788  -0.0707958    0.702309
-0.00269823  -0.0707958    0.702309
-0.0026986 -0.0707958   0.702309
-0.00269895  -0.0707958    0.702309
-0.0026993 -0.0707958   0.702309
-0.00269967  -0.0707958     0.70231
-0.00270003  -0.0707958     0.70231
-0.00270039  -0.0707958     0.70231
-0.00270076  -0.0707958     0.70231
-0.00270111  -0.0707958     0.70231
-0.00270148  -0.0707958     0.70231
-0.00270184  -0.0707958     0.70231
-0.0027022 -0.0707958    0.70231
-0.00270257  -0.0707958     0.70231
-0.00270294  -0.0707958     0.70231
-0.00270329  -0.0707957     0.70231
-0.00270368  -0.0707957     0.70231
-0.00270403  -0.0707957     0.70231
-0.00270442  -0.0707957    0.702311
-0.00270479  -0.0707957    0.702311
-0.00270516  -0.0707957    0.702311
-0.00270553  -0.0707957    0.702311
-0.00270591  -0.0707957    0.702311
-0.00270628  -0.0707957    0.702311
-0.00270666  -0.0707957    0.702311
-0.00270702  -0.0707957    0.702311
-0.0027074 -0.0707957   0.702311
-0.00270779  -0.0707957    0.702311
-0.00270815  -0.0707957    0.702312
-0.00270855  -0.0707957    0.702312
-0.00270893  -0.0707957    0.702312
-0.00270932  -0.0707957    0.702312
-0.0027097 -0.0707957   0.702312
-0.00271009  -0.0707957    0.702312
-0.00271048  -0.0707957    0.702312
-0.00271087  -0.0707957    0.702312
-0.00271126  -0.0707957    0.702313
-0.00271164  -0.0707957    0.702313
-0.00271203  -0.0707957    0.702313
-0.00271244  -0.0707957    0.702313
-0.00271283  -0.0707957    0.702313
-0.00271323  -0.0707957    0.702313
-0.00271362  -0.0707957    0.702313
-0.00271402  -0.0707957    0.702314
-0.00271443  -0.0707957    0.702314
-0.00271484  -0.0707957    0.702314
-0.00271523  -0.0707957    0.702314
-0.00271566  -0.0707957    0.702314
-0.00271607  -0.0707957    0.702314
-0.00271649  -0.0707957    0.702315
-0.00271689  -0.0707957    0.702315
-0.00271732  -0.0707957    0.702315
-0.00271775  -0.0707957    0.702315
-0.00271818  -0.0707957    0.702315
-0.00271861  -0.0707957    0.702315
-0.00271903  -0.0707957    0.702315
-0.00271945  -0.0707957    0.702316
-0.00271988  -0.0707957    0.702316
-0.00272033  -0.0707958    0.702316
-0.00272076  -0.0707958    0.702316
-0.00272121  -0.0707958    0.702316
-0.00272166  -0.0707958    0.702316
-0.0027221 -0.0707958   0.702316
-0.00272256  -0.0707958    0.702317
-0.00272301  -0.0707958    0.702317
-0.00272346  -0.0707958    0.702317
-0.00272393  -0.0707958    0.702317
-0.00272437  -0.0707958    0.702317
-0.00272482  -0.0707959    0.702317
-0.00272529  -0.0707959    0.702317
-0.00272576  -0.0707959    0.702317
-0.00272624  -0.0707959    0.702317
-0.00272671  -0.0707959    0.702318
-0.00272718  -0.0707959    0.702318
-0.00272766  -0.0707959    0.702318
-0.00272815   -0.070796    0.702318
-0.00272862   -0.070796    0.702318
-0.00272911   -0.070796    0.702318
-0.00272959   -0.070796    0.702318
-0.00273007   -0.070796    0.702318
-0.00273055  -0.0707961    0.702318
-0.00273104  -0.0707961    0.702318
-0.00273155  -0.0707961    0.702319
-0.00273208  -0.0707961    0.702319
-0.00273256  -0.0707961    0.702319
-0.00273307  -0.0707962    0.702319
-0.00273357  -0.0707962    0.702319
-0.0027341 -0.0707962   0.702319
-0.0027346 -0.0707962   0.702319
-0.00273511  -0.0707963    0.702319
-0.00273563  -0.0707963    0.702319
-0.00273616  -0.0707963    0.702319
-0.00273668  -0.0707963    0.702319
-0.0027372 -0.0707964   0.702319
-0.00273775  -0.0707964    0.702319
-0.00273828  -0.0707964     0.70232
-0.00273882  -0.0707965     0.70232
-0.00273935  -0.0707965     0.70232
-0.00273989  -0.0707965     0.70232
-0.00274043  -0.0707965     0.70232
-0.00274098  -0.0707966     0.70232
-0.00274152  -0.0707966     0.70232
-0.00274206  -0.0707966     0.70232
-0.00274263  -0.0707967     0.70232
-0.00274317  -0.0707967     0.70232
-0.00274375  -0.0707968     0.70232
-0.00274432  -0.0707968     0.70232
-0.00274489  -0.0707968     0.70232
-0.00274545  -0.0707969     0.70232
-0.00274602  -0.0707969    0.702321
-0.0027466 -0.0707969   0.702321
-0.00274715   -0.070797    0.702321
-0.00274774   -0.070797    0.702321
-0.00274832  -0.0707971    0.702321
-0.00274891  -0.0707971    0.702321
-0.0027495 -0.0707971   0.702321
-0.00275008  -0.0707972    0.702321
-0.00275068  -0.0707972    0.702321
-0.0027513 -0.0707973   0.702321
-0.00275189  -0.0707973    0.702321
-0.00275249  -0.0707973    0.702321
-0.00275308  -0.0707974    0.702321
-0.00275369  -0.0707974    0.702321
-0.0027543 -0.0707975   0.702321
-0.0027549 -0.0707975   0.702321
-0.00275552  -0.0707976    0.702321
-0.00275612  -0.0707976    0.702321
-0.00275675  -0.0707977    0.702321
-0.00275738  -0.0707977    0.702321
-0.00275802  -0.0707978    0.702321
-0.00275865  -0.0707978    0.702322
-0.00275927  -0.0707979    0.702322
-0.0027599 -0.0707979   0.702322
-0.00276053   -0.070798    0.702322
-0.00276115   -0.070798    0.702322
-0.00276179  -0.0707981    0.702322
-0.00276242  -0.0707981    0.702322
-0.00276307  -0.0707982    0.702322
-0.00276373  -0.0707982    0.702322
-0.00276437  -0.0707983    0.702322
-0.00276502  -0.0707983    0.702322
-0.00276567  -0.0707984    0.702322
-0.00276633  -0.0707984    0.702322
-0.00276697  -0.0707985    0.702322
-0.00276764  -0.0707986    0.702322
-0.0027683 -0.0707986   0.702322
-0.00276896  -0.0707987    0.702322
-0.00276962  -0.0707987    0.702322
-0.00277029  -0.0707988    0.702322
-0.00277097  -0.0707988    0.702322
-0.00277166  -0.0707989    0.702322
-0.00277233   -0.070799    0.702322
-0.002773 -0.070799  0.702322
-0.00277367  -0.0707991    0.702322
-0.00277436  -0.0707991    0.702322
-0.00277504  -0.0707992    0.702322
-0.00277573  -0.0707993    0.702322
-0.0027764 -0.0707993   0.702322
-0.0027771 -0.0707994   0.702322
-0.0027778 -0.0707994   0.702322
-0.00277849  -0.0707995    0.702322
-0.00277919  -0.0707996    0.702322
-0.0027799 -0.0707996   0.702322
-0.00278061  -0.0707997    0.702322
-0.0027813 -0.0707997   0.702322
-0.00278202  -0.0707998    0.702323
-0.00278271  -0.0707999    0.702323
-0.00278341  -0.0707999    0.702323
-0.00278413     -0.0708    0.702323
-0.00278484  -0.0708001    0.702323
-0.00278556  -0.0708001    0.702323
-0.00278628  -0.0708002    0.702323
-0.00278701  -0.0708003    0.702323
-0.00278774  -0.0708003    0.702323
-0.00278847  -0.0708004    0.702323
-0.00278921  -0.0708005    0.702323
-0.00278993  -0.0708005    0.702323
-0.00279065  -0.0708006    0.702323
-0.00279138  -0.0708007    0.702323
-0.0027921 -0.0708007   0.702323
-0.00279285  -0.0708008    0.702323
-0.0027936 -0.0708009   0.702323
-0.00279434  -0.0708009    0.702323
-0.00279509   -0.070801    0.702323
-0.00279584  -0.0708011    0.702323
-0.00279659  -0.0708011    0.702323
-0.00279734  -0.0708012    0.702323
-0.00279808  -0.0708013    0.702323
-0.00279882  -0.0708013    0.702323
-0.00279959  -0.0708014    0.702323
-0.00280035  -0.0708015    0.702323
-0.00280109  -0.0708015    0.702323
-0.00280187  -0.0708016    0.702323
-0.00280265  -0.0708017    0.702323
-0.00280344  -0.0708018    0.702323
-0.00280422  -0.0708018    0.702323
-0.00280499  -0.0708019    0.702323
-0.00280578   -0.070802    0.702323
-0.00280656   -0.070802    0.702323
-0.00280734  -0.0708021    0.702323
-0.00280812  -0.0708022    0.702323
-0.00280891  -0.0708022    0.702323
-0.00280968  -0.0708023    0.702323
-0.0028105 -0.0708024   0.702323
-0.00281129  -0.0708025    0.702323
-0.00281212  -0.0708025    0.702323
-0.00281292  -0.0708026    0.702323
-0.00281374  -0.0708027    0.702323
-0.00281455  -0.0708027    0.702323
-0.00281535  -0.0708028    0.702323
-0.00281616  -0.0708029    0.702323
-0.00281698  -0.0708029    0.702323
-0.00281778   -0.070803    0.702323
-0.0028186 -0.0708031   0.702323
-0.00281941  -0.0708032    0.702323
-0.00282024  -0.0708032    0.702323
-0.00282109  -0.0708033    0.702323
-0.00282193  -0.0708034    0.702323
-0.00282277  -0.0708034    0.702323
-0.00282361  -0.0708035    0.702323
-0.00282447  -0.0708036    0.702323
-0.0028253 -0.0708037   0.702323
-0.00282614  -0.0708037    0.702323
-0.00282695  -0.0708038    0.702323
-0.00282779  -0.0708039    0.702323
-0.00282864  -0.0708039    0.702323
-0.00282948   -0.070804    0.702323
-0.00283036  -0.0708041    0.702323
-0.00283123  -0.0708041    0.702323
-0.00283209  -0.0708042    0.702323
-0.00283297  -0.0708043    0.702323
-0.00283383  -0.0708043    0.702323
-0.00283469  -0.0708044    0.702323
-0.00283556  -0.0708045    0.702323
-0.00283642  -0.0708046    0.702323
-0.00283727  -0.0708046    0.702323
-0.00283814  -0.0708047    0.702323
-0.00283902  -0.0708048    0.702323
-0.00283992  -0.0708048    0.702323
-0.00284081  -0.0708049    0.702323
-0.00284172   -0.070805    0.702323
-0.00284263   -0.070805    0.702323
-0.00284353  -0.0708051    0.702323
-0.00284442  -0.0708051    0.702323
-0.00284533  -0.0708052    0.702323
-0.00284623  -0.0708053    0.702323
-0.00284712  -0.0708053    0.702323
-0.00284804  -0.0708054    0.702323
-0.00284895  -0.0708055    0.702323
-0.00284988  -0.0708055    0.702323
-0.00285083  -0.0708056    0.702323
-0.00285178  -0.0708056    0.702323
-0.00285271  -0.0708057    0.702323
-0.00285364  -0.0708058    0.702323
-0.00285458  -0.0708058    0.702323
-0.00285553  -0.0708059    0.702323
-0.00285647  -0.0708059    0.702323
-0.00285742   -0.070806    0.702323
-0.00285835   -0.070806    0.702323
-0.00285932  -0.0708061    0.702323
-0.00286027  -0.0708062    0.702323
-0.00286124  -0.0708062    0.702323
-0.00286223  -0.0708063    0.702323
-0.00286321  -0.0708063    0.702323
-0.0028642 -0.0708064   0.702323
-0.00286517  -0.0708064    0.702323
-0.00286616  -0.0708065    0.702323
-0.00286714  -0.0708065    0.702323
-0.00286811  -0.0708066    0.702323
-0.00286909  -0.0708066    0.702323
-0.00287008  -0.0708067    0.702323
-0.00287108  -0.0708067    0.702323
-0.00287209  -0.0708068    0.702323
-0.00287311  -0.0708068    0.702323
-0.00287413  -0.0708069    0.702323
-0.00287516  -0.0708069    0.702323
-0.00287615   -0.070807    0.702323
-0.00287719   -0.070807    0.702323
-0.00287819  -0.0708071    0.702323
-0.0028792 -0.0708071   0.702323
-0.00288022  -0.0708072    0.702323
-0.00288121  -0.0708072    0.702323
-0.00288223  -0.0708073    0.702323
-0.00288327  -0.0708073    0.702323
-0.00288431  -0.0708073    0.702322
-0.00288536  -0.0708074    0.702322
-0.0028864 -0.0708074   0.702322
-0.00288745  -0.0708075    0.702322
-0.00288847  -0.0708075    0.702322
-0.00288951  -0.0708076    0.702322
-0.00289054  -0.0708076    0.702322
-0.00289158  -0.0708077    0.702322
-0.00289259  -0.0708077    0.702322
-0.00289362  -0.0708077    0.702322
-0.00289466  -0.0708078    0.702322
-0.00289572  -0.0708078    0.702321
-0.00289678  -0.0708079    0.702321
-0.00289786  -0.0708079    0.702321
-0.0028989  -0.070808   0.702321
-0.00289994   -0.070808    0.702321
-0.00290099  -0.0708081    0.702321
-0.00290204  -0.0708081    0.702321
-0.00290309  -0.0708081    0.702321
-0.00290413  -0.0708082    0.702321
-0.00290516  -0.0708082    0.702321
-0.00290621  -0.0708083     0.70232
-0.00290728  -0.0708083     0.70232
-0.00290836  -0.0708084     0.70232
-0.00290942  -0.0708084     0.70232
-0.0029105 -0.0708084    0.70232
-0.00291156  -0.0708085     0.70232
-0.00291262  -0.0708085     0.70232
-0.00291367  -0.0708086    0.702319
-0.00291473  -0.0708086    0.702319
-0.00291578  -0.0708087    0.702319
-0.00291681  -0.0708087    0.702319
-0.00291788  -0.0708087    0.702319
-0.00291894  -0.0708088    0.702319
-0.00292002  -0.0708088    0.702319
-0.0029211 -0.0708089   0.702318
-0.00292218  -0.0708089    0.702318
-0.00292326   -0.070809    0.702318
-0.00292431   -0.070809    0.702318
-0.00292539  -0.0708091    0.702318
-0.00292644  -0.0708091    0.702318
-0.0029275 -0.0708091   0.702317
-0.00292854  -0.0708092    0.702317
-0.00292961  -0.0708092    0.702317
-0.00293068  -0.0708093    0.702317
-0.00293177  -0.0708093    0.702317
-0.00293287  -0.0708094    0.702317
-0.00293394  -0.0708094    0.702316
-0.00293503  -0.0708094    0.702316
-0.00293612  -0.0708095    0.702316
-0.0029372 -0.0708095   0.702316
-0.00293826  -0.0708096    0.702316
-0.00293934  -0.0708096    0.702316
-0.00294041  -0.0708097    0.702316
-0.00294148  -0.0708097    0.702315
-0.00294256  -0.0708098    0.702315
-0.00294364  -0.0708098    0.702315
-0.00294474  -0.0708098    0.702315
-0.00294585  -0.0708099    0.702315
-0.00294696  -0.0708099    0.702315
-0.00294805    -0.07081    0.702314
-0.00294915    -0.07081    0.702314
-0.00295024  -0.0708101    0.702314
-0.00295133  -0.0708101    0.702314
-0.00295243  -0.0708101    0.702314
-0.00295352  -0.0708102    0.702314
-0.00295462  -0.0708102    0.702313
-0.00295572  -0.0708103    0.702313
-0.00295686  -0.0708103    0.702313
-0.00295797  -0.0708103    0.702313
-0.00295911  -0.0708104    0.702313
-0.00296023  -0.0708104    0.702313
-0.00296135  -0.0708105    0.702312
-0.00296247  -0.0708105    0.702312
-0.00296358  -0.0708106    0.702312
-0.00296473  -0.0708106    0.702312
-0.00296585  -0.0708106    0.702312
-0.00296698  -0.0708107    0.702312
-0.0029681 -0.0708107   0.702311
-0.00296923  -0.0708107    0.702311
-0.00297036  -0.0708108    0.702311
-0.00297149  -0.0708108    0.702311
-0.00297262  -0.0708109    0.702311
-0.00297375  -0.0708109    0.702311
-0.00297488  -0.0708109     0.70231
-0.00297599   -0.070811     0.70231
-0.00297711   -0.070811     0.70231
-0.00297823  -0.0708111     0.70231
-0.00297936  -0.0708111     0.70231
-0.00298046  -0.0708111     0.70231
-0.00298158  -0.0708112    0.702309
-0.00298266  -0.0708112    0.702309
-0.00298378  -0.0708113    0.702309
-0.00298487  -0.0708113    0.702309
-0.00298599  -0.0708114    0.702309
-0.00298707  -0.0708114    0.702309
-0.00298815  -0.0708115    0.702308
-0.00298924  -0.0708115    0.702308
-0.00299032  -0.0708116    0.702308
-0.00299139  -0.0708116    0.702308
-0.00299246  -0.0708116    0.702308
-0.00299353  -0.0708117    0.702308
-0.00299459  -0.0708117    0.702308
-0.00299564  -0.0708118    0.702307
-0.0029967 -0.0708118   0.702307
-0.00299774  -0.0708119    0.702307
-0.0029988  -0.070812   0.702307
-0.00299983   -0.070812    0.702307
-0.00300085  -0.0708121    0.702307
-0.00300187  -0.0708121    0.702307
-0.0030029 -0.0708122   0.702307
-0.0030039 -0.0708122   0.702306
-0.00300492  -0.0708123    0.702306
-0.00300592  -0.0708123    0.702306
-0.00300691  -0.0708124    0.702306
-0.0030079 -0.0708125   0.702306
-0.00300889  -0.0708125    0.702306
-0.00300988  -0.0708126    0.702306
-0.00301084  -0.0708127    0.702306
-0.00301179  -0.0708127    0.702306
-0.00301275  -0.0708128    0.702305
-0.00301371  -0.0708128    0.702305
-0.00301467  -0.0708129    0.702305
-0.00301559   -0.070813    0.702305
-0.00301653   -0.070813    0.702305
-0.00301745  -0.0708131    0.702305
-0.00301837  -0.0708132    0.702305
-0.00301929  -0.0708132    0.702305
-0.0030202 -0.0708133   0.702305
-0.00302111  -0.0708134    0.702305
-0.00302199  -0.0708134    0.702304
-0.00302288  -0.0708135    0.702304
-0.00302378  -0.0708136    0.702304
-0.00302463  -0.0708136    0.702304
-0.00302551  -0.0708137    0.702304
-0.00302636  -0.0708138    0.702304
-0.00302724  -0.0708138    0.702304
-0.00302807  -0.0708139    0.702304
-0.00302893   -0.070814    0.702304
-0.00302976  -0.0708141    0.702304
-0.00303059  -0.0708142    0.702304
-0.0030314 -0.0708142   0.702304
-0.00303221  -0.0708143    0.702303
-0.00303303  -0.0708144    0.702303
-0.00303382  -0.0708145    0.702303
-0.00303461  -0.0708145    0.702303
-0.0030354 -0.0708146   0.702303
-0.00303619  -0.0708147    0.702303
-0.00303696  -0.0708148    0.702303
-0.00303774  -0.0708148    0.702303
-0.00303851  -0.0708149    0.702303
-0.00303925   -0.070815    0.702303
-0.00303999  -0.0708151    0.702303
-0.00304075  -0.0708152    0.702303
-0.00304148  -0.0708152    0.702303
-0.0030422 -0.0708153   0.702303
-0.00304293  -0.0708154    0.702302
-0.00304363  -0.0708155    0.702302
-0.00304435  -0.0708156    0.702302
-0.00304504  -0.0708156    0.702302
-0.00304574  -0.0708157    0.702302
-0.00304642  -0.0708158    0.702302
-0.0030471 -0.0708159   0.702302
-0.00304776   -0.070816    0.702302
-0.00304845  -0.0708161    0.702302
-0.00304908  -0.0708161    0.702302
-0.00304973  -0.0708162    0.702302
-0.00305039  -0.0708163    0.702302
-0.00305103  -0.0708164    0.702302
-0.00305165  -0.0708165    0.702302
-0.00305229  -0.0708165    0.702302
-0.00305289  -0.0708166    0.702302
-0.00305351  -0.0708167    0.702302
-0.00305412  -0.0708168    0.702302
-0.00305472  -0.0708169    0.702302
-0.00305531  -0.0708169    0.702302
-0.00305587   -0.070817    0.702301
-0.00305645  -0.0708171    0.702301
-0.00305702  -0.0708171    0.702301
-0.00305759  -0.0708172    0.702301
-0.00305813  -0.0708173    0.702301
-0.00305868  -0.0708174    0.702301
-0.00305923  -0.0708174    0.702301
-0.00305976  -0.0708175    0.702301
-0.00306029  -0.0708176    0.702301
-0.00306082  -0.0708176    0.702301
-0.00306131  -0.0708177    0.702301
-0.00306183  -0.0708178    0.702301
-0.00306233  -0.0708179    0.702301
-0.00306282  -0.0708179    0.702301
-0.00306331   -0.070818    0.702301
-0.00306379   -0.070818    0.702301
-0.00306428  -0.0708181    0.702301
-0.00306474  -0.0708182    0.702301
-0.00306521  -0.0708182    0.702301
-0.00306566  -0.0708183    0.702301
-0.00306612  -0.0708184    0.702301
-0.00306655  -0.0708184    0.702301
-0.00306698  -0.0708185    0.702301
-0.00306741  -0.0708185    0.702301
-0.00306783  -0.0708186    0.702301
-0.00306824  -0.0708187    0.702301
-0.00306866  -0.0708187    0.702301
-0.00306906  -0.0708188    0.702301
-0.00306946  -0.0708188    0.702301
-0.00306987  -0.0708189    0.702301
-0.00307025  -0.0708189    0.702301
-0.00307063   -0.070819    0.702301
-0.00307099   -0.070819    0.702301
-0.00307135  -0.0708191    0.702301
-0.00307173  -0.0708191    0.702301
-0.00307208  -0.0708192      0.7023
-0.00307241  -0.0708192      0.7023
-0.00307276  -0.0708193      0.7023
-0.0030731 -0.0708193     0.7023
-0.00307344  -0.0708194      0.7023
-0.00307376  -0.0708194      0.7023
-0.00307409  -0.0708195      0.7023
-0.00307442  -0.0708195      0.7023
-0.00307471  -0.0708196      0.7023
-0.00307503  -0.0708196      0.7023
-0.0030753 -0.0708196     0.7023
-0.00307559  -0.0708197      0.7023
-0.00307589  -0.0708197      0.7023
-0.00307616  -0.0708197      0.7023
-0.00307644  -0.0708198      0.7023
-0.0030767 -0.0708198     0.7023
-0.00307697  -0.0708199      0.7023
-0.00307721  -0.0708199      0.7023
-0.00307748  -0.0708199      0.7023
-0.00307774  -0.0708199      0.7023
-0.00307802    -0.07082      0.7023
-0.00307827    -0.07082      0.7023
-0.00307852    -0.07082      0.7023
-0.00307878  -0.0708201      0.7023
-0.00307903  -0.0708201      0.7023
-0.00307927  -0.0708201      0.7023
-0.00307948  -0.0708202      0.7023
-0.00307971  -0.0708202      0.7023
-0.00307994  -0.0708202      0.7023
-0.00308016  -0.0708202      0.7023
-0.00308041  -0.0708202      0.7023
-0.00308064  -0.0708203      0.7023
-0.00308087  -0.0708203      0.7023
-0.00308112  -0.0708203      0.7023
-0.00308136  -0.0708203      0.7023
-0.0030816 -0.0708203     0.7023
-0.00308182  -0.0708203      0.7023
-0.00308203  -0.0708204      0.7023
-0.00308224  -0.0708204      0.7023
-0.00308246  -0.0708204      0.7023
-0.00308268  -0.0708204      0.7023
-0.0030829 -0.0708204   0.702301
-0.00308314  -0.0708204    0.702301
-0.00308336  -0.0708204    0.702301
-0.0030836 -0.0708204   0.702301
-0.00308383  -0.0708204    0.702301
-0.00308406  -0.0708204    0.702301
-0.00308429  -0.0708205    0.702301
-0.00308451  -0.0708205    0.702301
-0.00308474  -0.0708205    0.702301
-0.00308495  -0.0708205    0.702301
-0.00308517  -0.0708205    0.702301
-0.00308539  -0.0708205    0.702301
-0.00308562  -0.0708205    0.702301
-0.00308585  -0.0708205    0.702302
-0.00308608  -0.0708205    0.702302
-0.00308632  -0.0708205    0.702302
-0.00308655  -0.0708205    0.702302
-0.00308678  -0.0708205    0.702302
 -0.003087 -0.0708205   0.702302
-0.00308724  -0.0708205    0.702302
-0.00308745  -0.0708205    0.702302
-0.00308768  -0.0708205    0.702302
-0.00308792  -0.0708205    0.702302
-0.00308812  -0.0708204    0.702302
-0.00308836  -0.0708204    0.702302
-0.00308859  -0.0708204    0.702303
-0.00308884  -0.0708204    0.702303
-0.00308908  -0.0708204    0.702303
-0.00308931  -0.0708204    0.702303
-0.00308954  -0.0708204    0.702303
-0.00308978  -0.0708204    0.702303
-0.00309002  -0.0708204    0.702303
-0.00309027  -0.0708204    0.702303
-0.00309052  -0.0708204    0.702303
-0.00309074  -0.0708204    0.702303
 -0.003091 -0.0708204   0.702303
-0.00309122  -0.0708204    0.702303
-0.00309149  -0.0708203    0.702303
-0.00309173  -0.0708203    0.702303
-0.00309197  -0.0708203    0.702303
-0.00309222  -0.0708203    0.702303
-0.00309249  -0.0708203    0.702304
-0.00309274  -0.0708203    0.702304
-0.00309297  -0.0708203    0.702304
-0.00309323  -0.0708203    0.702304
-0.00309349  -0.0708203    0.702304
-0.00309377  -0.0708202    0.702304
-0.00309402  -0.0708202    0.702304
-0.00309429  -0.0708202    0.702304
-0.00309455  -0.0708202    0.702304
-0.0030948 -0.0708202   0.702304
-0.00309509  -0.0708202    0.702304
-0.00309535  -0.0708202    0.702304
-0.00309563  -0.0708202    0.702304
-0.0030959 -0.0708201   0.702304
-0.00309619  -0.0708201    0.702304
-0.00309646  -0.0708201    0.702304
-0.00309674  -0.0708201    0.702304
-0.00309703  -0.0708201    0.702304
-0.00309731    -0.07082    0.702304
-0.00309759    -0.07082    0.702304
-0.00309788    -0.07082    0.702304
-0.00309818    -0.07082    0.702304
-0.00309847    -0.07082    0.702304
-0.00309876    -0.07082    0.702304
-0.00309905  -0.0708199    0.702304
-0.00309937  -0.0708199    0.702305
-0.00309966  -0.0708199    0.702305
-0.00309996  -0.0708199    0.702305
-0.00310027  -0.0708198    0.702305
-0.00310056  -0.0708198    0.702305
-0.00310089  -0.0708198    0.702305
-0.00310119  -0.0708198    0.702305
-0.00310151  -0.0708198    0.702305
-0.00310183  -0.0708197    0.702305
-0.00310216  -0.0708197    0.702305
-0.00310246  -0.0708197    0.702305
-0.0031028 -0.0708197   0.702305
-0.00310312  -0.0708196    0.702305
-0.00310344  -0.0708196    0.702305
-0.00310376  -0.0708196    0.702305
-0.0031041 -0.0708196   0.702305
-0.00310442  -0.0708195    0.702305
-0.00310477  -0.0708195    0.702305
-0.00310511  -0.0708195    0.702305
-0.00310545  -0.0708195    0.702305
-0.00310579  -0.0708194    0.702306
-0.00310614  -0.0708194    0.702306
-0.00310649  -0.0708194    0.702306
-0.00310682  -0.0708193    0.702306
-0.00310719  -0.0708193    0.702306
-0.00310753  -0.0708193    0.702306
-0.00310788  -0.0708192    0.702306
-0.00310824  -0.0708192    0.702306
-0.0031086 -0.0708192   0.702306
-0.00310895  -0.0708191    0.702306
-0.00310932  -0.0708191    0.702306
-0.00310969  -0.0708191    0.702306
-0.00311006   -0.070819    0.702306
-0.00311044   -0.070819    0.702307
-0.00311081   -0.070819    0.702307
-0.00311117  -0.0708189    0.702307
-0.00311154  -0.0708189    0.702307
-0.00311191  -0.0708188    0.702307
-0.00311229  -0.0708188    0.702307
-0.00311266  -0.0708188    0.702307
-0.00311306  -0.0708187    0.702307
-0.00311343  -0.0708187    0.702307
-0.00311383  -0.0708186    0.702307
-0.00311421  -0.0708186    0.702307
-0.00311461  -0.0708186    0.702307
-0.00311498  -0.0708185    0.702308
-0.00311536  -0.0708185    0.702308
-0.00311576  -0.0708184    0.702308
-0.00311617  -0.0708184    0.702308
-0.00311656  -0.0708183    0.702308
-0.00311695  -0.0708183    0.702308
-0.00311734  -0.0708182    0.702308
-0.00311774  -0.0708182    0.702308
-0.00311816  -0.0708181    0.702308
-0.00311856  -0.0708181    0.702308
-0.00311895   -0.070818    0.702308
-0.00311935   -0.070818    0.702309
-0.00311976  -0.0708179    0.702309
-0.00312016  -0.0708179    0.702309
-0.00312056  -0.0708178    0.702309
-0.00312096  -0.0708178    0.702309
-0.00312139  -0.0708177    0.702309
-0.00312179  -0.0708176    0.702309
-0.00312219  -0.0708176    0.702309
-0.00312262  -0.0708175    0.702309
-0.00312302  -0.0708175    0.702309
-0.00312344  -0.0708174    0.702309
-0.00312385  -0.0708174    0.702309
-0.00312426  -0.0708173     0.70231
-0.00312467  -0.0708172     0.70231
-0.00312508  -0.0708172     0.70231
-0.00312551  -0.0708171     0.70231
-0.00312592   -0.070817     0.70231
-0.00312632   -0.070817     0.70231
-0.00312674  -0.0708169     0.70231
-0.00312716  -0.0708168     0.70231
-0.00312758  -0.0708168     0.70231
-0.00312799  -0.0708167     0.70231
-0.0031284 -0.0708166    0.70231
-0.00312883  -0.0708166     0.70231
-0.00312924  -0.0708165     0.70231
-0.00312964  -0.0708164    0.702311
-0.00313006  -0.0708163    0.702311
-0.00313048  -0.0708163    0.702311
-0.0031309 -0.0708162   0.702311
-0.00313133  -0.0708161    0.702311
-0.00313174   -0.070816    0.702311
-0.00313216   -0.070816    0.702311
-0.00313259  -0.0708159    0.702311
-0.00313301  -0.0708158    0.702311
-0.00313344  -0.0708157    0.702311
-0.00313388  -0.0708157    0.702311
-0.00313431  -0.0708156    0.702311
-0.00313473  -0.0708155    0.702311
-0.00313517  -0.0708154    0.702311
-0.00313561  -0.0708153    0.702312
-0.00313606  -0.0708153    0.702312
-0.00313651  -0.0708152    0.702312
-0.00313695  -0.0708151    0.702312
-0.00313739   -0.070815    0.702312
-0.00313784  -0.0708149    0.702312
-0.00313829  -0.0708148    0.702312
-0.00313876  -0.0708148    0.702312
-0.00313921  -0.0708147    0.702312
-0.00313967  -0.0708146    0.702312
-0.00314014  -0.0708145    0.702312
-0.0031406 -0.0708144   0.702312
-0.00314107  -0.0708143    0.702312
-0.00314153  -0.0708143    0.702312
 -0.003142 -0.0708142   0.702312
-0.00314249  -0.0708141    0.702312
-0.00314295   -0.070814    0.702312
-0.00314342  -0.0708139    0.702312
-0.00314391  -0.0708138    0.702312
-0.0031444 -0.0708137   0.702312
-0.00314488  -0.0708136    0.702312
-0.00314539  -0.0708135    0.702312
-0.00314586  -0.0708135    0.702312
-0.00314637  -0.0708134    0.702312
-0.00314685  -0.0708133    0.702312
-0.00314737  -0.0708132    0.702312
-0.00314787  -0.0708131    0.702312
-0.00314838   -0.070813    0.702312
-0.00314889  -0.0708129    0.702313
-0.0031494 -0.0708128   0.702312
-0.00314991  -0.0708127    0.702312
-0.00315043  -0.0708126    0.702312
-0.00315095  -0.0708125    0.702312
-0.00315148  -0.0708124    0.702312
-0.00315201  -0.0708123    0.702312
-0.00315253  -0.0708122    0.702312
-0.00315306  -0.0708121    0.702312
-0.0031536  -0.070812   0.702312
-0.00315413  -0.0708119    0.702312
-0.00315468  -0.0708118    0.702312
-0.00315523  -0.0708117    0.702312
-0.00315576  -0.0708116    0.702312
-0.00315632  -0.0708115    0.702312
-0.00315687  -0.0708114    0.702312
-0.00315741  -0.0708113    0.702312
-0.00315796  -0.0708112    0.702312
-0.00315851  -0.0708111    0.702312
-0.00315909   -0.070811    0.702312
-0.00315963  -0.0708109    0.702312
-0.0031602 -0.0708108   0.702312
-0.00316075  -0.0708107    0.702312
-0.00316133  -0.0708106    0.702312
-0.0031619 -0.0708105   0.702312
-0.00316246  -0.0708104    0.702312
-0.00316303  -0.0708103    0.702312
-0.00316361  -0.0708102    0.702312
-0.00316416  -0.0708101    0.702312
-0.00316474    -0.07081    0.702312
-0.00316532  -0.0708099    0.702312
-0.0031659 -0.0708098   0.702312
-0.00316649  -0.0708097    0.702312
-0.00316707  -0.0708096    0.702312
-0.00316763  -0.0708094    0.702312
-0.00316822  -0.0708093    0.702312
-0.00316882  -0.0708092    0.702312
-0.00316942  -0.0708091    0.702312
-0.00317002   -0.070809    0.702312
-0.00317061  -0.0708089    0.702312
-0.0031712 -0.0708088   0.702312
-0.00317181  -0.0708087    0.702312
-0.00317241  -0.0708086    0.702312
-0.00317303  -0.0708085    0.702312
-0.00317364  -0.0708084    0.702312
-0.00317424  -0.0708083    0.702312
-0.00317486  -0.0708082    0.702312
-0.00317548  -0.0708081    0.702312
-0.00317611   -0.070808    0.702312
-0.00317673  -0.0708079    0.702311
-0.00317737  -0.0708078    0.702311
 -0.003178 -0.0708076   0.702311
-0.00317862  -0.0708075    0.702311
-0.00317927  -0.0708074    0.702311
-0.00317992  -0.0708073    0.702311
-0.00318055  -0.0708072    0.702311
-0.0031812 -0.0708071   0.702311
-0.00318186   -0.070807    0.702311
-0.00318252  -0.0708069    0.702311
-0.00318316  -0.0708068    0.702311
-0.00318383  -0.0708067    0.702311
-0.0031845 -0.0708065   0.702311
-0.00318516  -0.0708064    0.702311
-0.00318585  -0.0708063    0.702311
-0.00318652  -0.0708062    0.702311
-0.00318719  -0.0708061    0.702311
-0.00318788   -0.070806    0.702311
-0.00318856  -0.0708059    0.702311
-0.00318925  -0.0708058    0.702311
-0.00318996  -0.0708056    0.702311
-0.00319065  -0.0708055    0.702311
-0.00319136  -0.0708054    0.702311
-0.00319207  -0.0708053    0.702311
-0.00319278  -0.0708052     0.70231
-0.00319348  -0.0708051     0.70231
-0.00319422   -0.070805     0.70231
-0.00319492  -0.0708049     0.70231
-0.00319566  -0.0708047     0.70231
-0.00319639  -0.0708046     0.70231
-0.00319712  -0.0708045     0.70231
-0.00319787  -0.0708044     0.70231
-0.00319863  -0.0708042     0.70231
-0.00319937  -0.0708041     0.70231
-0.00320014   -0.070804     0.70231
-0.00320089  -0.0708039     0.70231
-0.00320166  -0.0708037     0.70231
-0.00320243  -0.0708036     0.70231
-0.00320321  -0.0708035     0.70231
-0.00320401  -0.0708034     0.70231
-0.00320477  -0.0708032     0.70231
-0.00320557  -0.0708031     0.70231
-0.00320637  -0.0708029     0.70231
-0.00320718  -0.0708028     0.70231
 -0.003208 -0.0708026    0.70231
-0.0032088 -0.0708025    0.70231
-0.00320962  -0.0708023     0.70231
-0.00321044  -0.0708022     0.70231
-0.00321127  -0.0708021     0.70231
-0.00321209  -0.0708019     0.70231
-0.00321292  -0.0708018     0.70231
-0.00321378  -0.0708016     0.70231
-0.00321461  -0.0708015     0.70231
-0.00321545  -0.0708013     0.70231
-0.0032163 -0.0708011    0.70231
-0.00321713   -0.070801     0.70231
-0.00321799  -0.0708008     0.70231
-0.00321886  -0.0708006     0.70231
-0.00321971  -0.0708004     0.70231
-0.00322056  -0.0708002     0.70231
-0.00322143  -0.0708001     0.70231
-0.00322229  -0.0707999     0.70231
-0.00322316  -0.0707997     0.70231
-0.00322403  -0.0707995     0.70231
-0.00322489  -0.0707994     0.70231
-0.00322577  -0.0707992     0.70231
-0.00322663   -0.070799     0.70231
-0.0032275 -0.0707988    0.70231
-0.00322838  -0.0707986     0.70231
-0.00322925  -0.0707984     0.70231
-0.00323013  -0.0707982     0.70231
-0.003231 -0.070798  0.702311
-0.00323189  -0.0707978    0.702311
-0.00323276  -0.0707976    0.702311
-0.00323365  -0.0707974    0.702311
-0.00323452  -0.0707972    0.702311
-0.00323539   -0.070797    0.702311
-0.00323627  -0.0707968    0.702311
-0.00323716  -0.0707965    0.702311
-0.00323802  -0.0707963    0.702311
-0.00323892  -0.0707961    0.702311
-0.00323978  -0.0707959    0.702311
-0.00324068  -0.0707957    0.702311
-0.00324155  -0.0707954    0.702311
-0.00324244  -0.0707952    0.702311
-0.0032433  -0.070795   0.702312
-0.00324419  -0.0707947    0.702312
-0.00324508  -0.0707945    0.702312
-0.00324594  -0.0707943    0.702312
-0.00324682  -0.0707941    0.702312
-0.0032477 -0.0707938   0.702312
-0.00324858  -0.0707936    0.702312
-0.00324945  -0.0707934    0.702312
-0.00325034  -0.0707931    0.702312
-0.0032512 -0.0707929   0.702312
-0.00325208  -0.0707926    0.702312
-0.00325295  -0.0707924    0.702312
-0.00325384  -0.0707921    0.702313
-0.00325472  -0.0707919    0.702313
-0.0032556 -0.0707916   0.702313
-0.00325645  -0.0707914    0.702313
-0.00325734  -0.0707912    0.702313
-0.00325821  -0.0707909    0.702313
-0.00325907  -0.0707907    0.702313
-0.00325996  -0.0707904    0.702313
-0.00326082  -0.0707901    0.702313
-0.00326168  -0.0707899    0.702313
-0.00326255  -0.0707896    0.702314
-0.00326339  -0.0707894    0.702314
-0.00326426  -0.0707891    0.702314
-0.00326512  -0.0707889    0.702314
-0.00326597  -0.0707886    0.702314
-0.00326683  -0.0707884    0.702314
-0.00326769  -0.0707881    0.702314
-0.00326853  -0.0707879    0.702314
-0.00326939  -0.0707876    0.702314
-0.00327025  -0.0707873    0.702314
-0.00327109  -0.0707871    0.702314
-0.00327194  -0.0707868    0.702315
-0.0032728 -0.0707866   0.702315
-0.00327363  -0.0707863    0.702315
-0.00327447   -0.070786    0.702315
-0.00327531  -0.0707858    0.702315
-0.00327617  -0.0707855    0.702315
-0.00327701  -0.0707853    0.702315
-0.00327784   -0.070785    0.702315
-0.00327869  -0.0707847    0.702315
-0.00327953  -0.0707845    0.702315
-0.00328037  -0.0707842    0.702315
-0.0032812 -0.0707839   0.702315
-0.00328204  -0.0707837    0.702316
-0.00328287  -0.0707834    0.702316
-0.0032837 -0.0707832   0.702316
-0.00328451  -0.0707829    0.702316
-0.00328536  -0.0707826    0.702316
-0.00328618  -0.0707824    0.702316
-0.00328702  -0.0707821    0.702316
-0.00328784  -0.0707819    0.702316
-0.00328865  -0.0707816    0.702316
-0.00328948  -0.0707813    0.702316
-0.00329028  -0.0707811    0.702316
-0.00329111  -0.0707808    0.702316
-0.00329191  -0.0707805    0.702316
-0.00329273  -0.0707803    0.702316
-0.00329355    -0.07078    0.702317
-0.00329436  -0.0707798    0.702317
-0.00329516  -0.0707795    0.702317
-0.00329596  -0.0707792    0.702317
-0.00329677   -0.070779    0.702317
-0.00329759  -0.0707787    0.702317
-0.00329838  -0.0707784    0.702317
-0.0032992 -0.0707782   0.702317
-0.00329998  -0.0707779    0.702317
-0.00330079  -0.0707777    0.702317
-0.00330159  -0.0707774    0.702317
-0.00330238  -0.0707771    0.702317
-0.00330317  -0.0707769    0.702317
-0.00330396  -0.0707766    0.702317
-0.00330477  -0.0707763    0.702317
-0.00330556  -0.0707761    0.702317
-0.00330635  -0.0707758    0.702318
-0.00330714  -0.0707755    0.702318
-0.00330793  -0.0707753    0.702318
-0.00330872   -0.070775    0.702318
-0.0033095 -0.0707748   0.702318
-0.00331029  -0.0707745    0.702318
-0.00331107  -0.0707742    0.702318
-0.00331184   -0.070774    0.702318
-0.00331264  -0.0707737    0.702318
-0.00331343  -0.0707734    0.702318
-0.00331419  -0.0707732    0.702318
-0.00331498  -0.0707729    0.702318
-0.00331575  -0.0707727    0.702318
-0.00331654  -0.0707724    0.702318
-0.00331732  -0.0707721    0.702318
-0.00331808  -0.0707719    0.702319
-0.00331886  -0.0707716    0.702319
-0.00331962  -0.0707713    0.702319
-0.00332039  -0.0707711    0.702319
-0.00332116  -0.0707708    0.702319
-0.00332194  -0.0707705    0.702319
-0.0033227 -0.0707703   0.702319
-0.00332348    -0.07077    0.702319
-0.00332424  -0.0707697    0.702319
-0.00332502  -0.0707695    0.702319
-0.00332578  -0.0707692    0.702319
-0.00332654   -0.070769    0.702319
-0.00332731  -0.0707687    0.702319
-0.00332808  -0.0707684    0.702319
-0.00332883  -0.0707682    0.702319
-0.00332958  -0.0707679     0.70232
-0.00333035  -0.0707676     0.70232
-0.0033311 -0.0707674    0.70232
-0.00333184  -0.0707671     0.70232
-0.00333262  -0.0707668     0.70232
-0.00333336  -0.0707666     0.70232
-0.00333413  -0.0707663     0.70232
-0.00333489  -0.0707661     0.70232
-0.00333562  -0.0707658     0.70232
-0.00333638  -0.0707655     0.70232
-0.00333713  -0.0707653     0.70232
-0.00333786   -0.070765     0.70232
-0.00333862  -0.0707647     0.70232
-0.00333937  -0.0707645     0.70232
-0.0033401 -0.0707642    0.70232
-0.00334086  -0.0707639     0.70232
-0.00334162  -0.0707637    0.702321
-0.00334234  -0.0707634    0.702321
-0.0033431 -0.0707631   0.702321
-0.00334385  -0.0707629    0.702321
-0.00334459  -0.0707626    0.702321
-0.00334531  -0.0707624    0.702321
-0.00334607  -0.0707621    0.702321
-0.00334679  -0.0707618    0.702321
-0.00334753  -0.0707616    0.702321
-0.00334827  -0.0707613    0.702321
-0.003349 -0.070761  0.702321
-0.00334973  -0.0707608    0.702321
-0.00335048  -0.0707605    0.702321
-0.00335121  -0.0707603    0.702321
-0.00335193    -0.07076    0.702322
-0.00335269  -0.0707597    0.702322
-0.00335342  -0.0707595    0.702322
-0.00335414  -0.0707592    0.702322
-0.00335488  -0.0707589    0.702322
-0.00335559  -0.0707587    0.702322
-0.00335632  -0.0707584    0.702322
-0.00335705  -0.0707582    0.702322
-0.00335777  -0.0707579    0.702322
-0.0033585 -0.0707576   0.702322
-0.00335923  -0.0707574    0.702322
-0.00335995  -0.0707571    0.702322
-0.00336069  -0.0707569    0.702322
-0.00336141  -0.0707566    0.702323
-0.00336214  -0.0707563    0.702323
-0.00336284  -0.0707561    0.702323
-0.00336358  -0.0707558    0.702323
-0.00336429  -0.0707556    0.702323
-0.00336501  -0.0707553    0.702323
-0.00336573   -0.070755    0.702323
-0.00336647  -0.0707548    0.702323
-0.00336718  -0.0707545    0.702323
-0.0033679 -0.0707543   0.702323
-0.00336861   -0.070754    0.702323
-0.00336933  -0.0707538    0.702324
-0.00337004  -0.0707535    0.702324
-0.00337077  -0.0707532    0.702324
-0.00337147   -0.070753    0.702324
-0.00337219  -0.0707527    0.702324
-0.0033729 -0.0707525   0.702324
-0.00337362  -0.0707522    0.702324
-0.00337431   -0.070752    0.702324
-0.00337503  -0.0707517    0.702324
-0.00337575  -0.0707514    0.702324
-0.00337645  -0.0707512    0.702325
-0.00337716  -0.0707509    0.702325
-0.00337787  -0.0707507    0.702325
-0.00337858  -0.0707504    0.702325
-0.00337929  -0.0707502    0.702325
-0.00337997  -0.0707499    0.702325
-0.00338068  -0.0707497    0.702325
-0.0033814 -0.0707494   0.702325
-0.0033821 -0.0707491   0.702325
-0.00338279  -0.0707489    0.702326
-0.00338349  -0.0707486    0.702326
-0.00338419  -0.0707484    0.702326
-0.00338491  -0.0707481    0.702326
-0.0033856 -0.0707479   0.702326
-0.00338628  -0.0707476    0.702326
 -0.003387 -0.0707474   0.702326
-0.0033877 -0.0707471   0.702326
-0.00338839  -0.0707469    0.702327
-0.00338908  -0.0707466    0.702327
-0.00338977  -0.0707464    0.702327
-0.00339047  -0.0707461    0.702327
-0.00339116  -0.0707459    0.702327
-0.00339186  -0.0707456    0.702327
-0.00339256  -0.0707454    0.702327
-0.00339323  -0.0707451    0.702328
-0.00339394  -0.0707449    0.702328
-0.00339462  -0.0707446    0.702328
-0.0033953 -0.0707444   0.702328
-0.00339599  -0.0707441    0.702328
-0.00339669  -0.0707439    0.702328
-0.00339736  -0.0707436    0.702328
-0.00339807  -0.0707434    0.702329
-0.00339875  -0.0707431    0.702329
-0.00339944  -0.0707429    0.702329
-0.00340011  -0.0707426    0.702329
-0.00340082  -0.0707424    0.702329
-0.0034015 -0.0707422   0.702329
-0.00340217  -0.0707419     0.70233
-0.00340285  -0.0707417     0.70233
-0.00340353  -0.0707414     0.70233
-0.0034042 -0.0707412    0.70233
-0.00340488  -0.0707409     0.70233
-0.00340555  -0.0707407     0.70233
-0.00340624  -0.0707404     0.70233
-0.00340689  -0.0707402    0.702331
-0.00340757  -0.0707399    0.702331
-0.00340827  -0.0707397    0.702331
-0.00340892  -0.0707394    0.702331
-0.0034096 -0.0707392   0.702331
-0.00341026  -0.0707389    0.702331
-0.00341095  -0.0707387    0.702332
-0.00341162  -0.0707384    0.702332
-0.00341227  -0.0707382    0.702332
-0.00341293  -0.0707379    0.702332
-0.00341361  -0.0707377    0.702332
-0.00341426  -0.0707374    0.702332
-0.00341494  -0.0707372    0.702332
-0.00341559  -0.0707369    0.702332
-0.00341626  -0.0707367    0.702333
-0.00341693  -0.0707365    0.702333
-0.00341758  -0.0707362    0.702333
-0.00341824   -0.070736    0.702333
-0.0034189 -0.0707357   0.702333
-0.00341958  -0.0707355    0.702333
-0.00342024  -0.0707352    0.702333
-0.00342089   -0.070735    0.702333
-0.00342155  -0.0707347    0.702334
-0.0034222 -0.0707345   0.702334
-0.00342288  -0.0707342    0.702334
-0.00342354   -0.070734    0.702334
-0.00342419  -0.0707337    0.702334
-0.00342485  -0.0707335    0.702334
-0.00342552  -0.0707332    0.702334
-0.00342617   -0.070733    0.702334
-0.00342683  -0.0707327    0.702334
-0.00342748  -0.0707325    0.702334
-0.00342815  -0.0707322    0.702335
-0.0034288  -0.070732   0.702335
-0.00342945  -0.0707317    0.702335
-0.00343012  -0.0707315    0.702335
-0.00343077  -0.0707312    0.702335
-0.00343143   -0.070731    0.702335
-0.0034321 -0.0707307   0.702335
-0.00343274  -0.0707305    0.702335
-0.0034334 -0.0707302   0.702335
-0.00343405    -0.07073    0.702335
-0.0034347 -0.0707297   0.702335
-0.00343536  -0.0707295    0.702335
-0.00343602  -0.0707292    0.702336
-0.00343665   -0.070729    0.702336
-0.00343732  -0.0707287    0.702336
-0.00343797  -0.0707285    0.702336
-0.00343862  -0.0707282    0.702336
-0.00343928   -0.070728    0.702336
-0.00343992  -0.0707277    0.702336
-0.00344057  -0.0707275    0.702336
-0.00344123  -0.0707272    0.702336
-0.00344189   -0.070727    0.702336
-0.00344253  -0.0707267    0.702336
-0.00344318  -0.0707265    0.702336
-0.00344384  -0.0707262    0.702336
-0.00344447   -0.070726    0.702336
-0.00344513  -0.0707258    0.702336
-0.00344577  -0.0707255    0.702336
-0.00344642  -0.0707253    0.702337
-0.00344707   -0.070725    0.702337
-0.00344771  -0.0707248    0.702337
-0.00344838  -0.0707245    0.702337
-0.00344902  -0.0707243    0.702337
-0.00344966   -0.070724    0.702337
-0.0034503 -0.0707238   0.702337
-0.00345095  -0.0707235    0.702337
-0.00345158  -0.0707233    0.702337
-0.00345223   -0.070723    0.702337
-0.00345285  -0.0707228    0.702337
-0.0034535 -0.0707225   0.702337
-0.00345413  -0.0707223    0.702337
-0.00345478  -0.0707221    0.702337
-0.00345542  -0.0707218    0.702337
-0.00345606  -0.0707216    0.702337
-0.0034567 -0.0707213   0.702337
-0.00345734  -0.0707211    0.702337
-0.00345797  -0.0707208    0.702337
-0.00345859  -0.0707206    0.702337
-0.00345923  -0.0707203    0.702337
-0.00345986  -0.0707201    0.702337
-0.00346049  -0.0707199    0.702337
-0.00346113  -0.0707196    0.702337
-0.00346176  -0.0707194    0.702337
-0.00346238  -0.0707191    0.702338
-0.00346301  -0.0707189    0.702338
-0.00346364  -0.0707186    0.702338
-0.00346427  -0.0707184    0.702338
-0.0034649 -0.0707182   0.702338
-0.00346552  -0.0707179    0.702338
-0.00346614  -0.0707177    0.702338
-0.00346676  -0.0707174    0.702338
-0.00346739  -0.0707172    0.702338
-0.00346799   -0.070717    0.702338
-0.00346864  -0.0707167    0.702338
-0.00346925  -0.0707165    0.702338
-0.00346986  -0.0707162    0.702338
-0.00347047   -0.070716    0.702338
-0.00347109  -0.0707158    0.702338
-0.0034717 -0.0707155   0.702338
-0.00347233  -0.0707153    0.702338
-0.00347293  -0.0707151    0.702338
-0.00347353  -0.0707148    0.702338
-0.00347415  -0.0707146    0.702338
-0.00347475  -0.0707143    0.702338
-0.00347537  -0.0707141    0.702338
-0.00347597  -0.0707139    0.702338
-0.00347656  -0.0707136    0.702338
-0.00347717  -0.0707134    0.702338
-0.00347778  -0.0707132    0.702338
-0.00347838  -0.0707129    0.702338
-0.00347898  -0.0707127    0.702338
-0.00347958  -0.0707125    0.702338
-0.00348017  -0.0707122    0.702338
-0.00348076   -0.070712    0.702338
-0.00348137  -0.0707118    0.702338
-0.00348197  -0.0707115    0.702338
-0.00348256  -0.0707113    0.702338
-0.00348314  -0.0707111    0.702338
-0.00348373  -0.0707108    0.702338
-0.00348432  -0.0707106    0.702338
-0.0034849 -0.0707104   0.702338
-0.0034855 -0.0707102   0.702338
-0.00348607  -0.0707099    0.702338
-0.00348666  -0.0707097    0.702338
-0.00348724  -0.0707095    0.702338
-0.00348779  -0.0707093    0.702338
-0.00348838   -0.070709    0.702338
-0.00348895  -0.0707088    0.702338
-0.00348953  -0.0707086    0.702338
-0.00349011  -0.0707084    0.702338
-0.00349069  -0.0707081    0.702338
-0.00349126  -0.0707079    0.702338
-0.00349183  -0.0707077    0.702338
-0.0034924 -0.0707075   0.702338
-0.00349296  -0.0707072    0.702338
-0.00349353   -0.070707    0.702338
-0.00349408  -0.0707068    0.702338
-0.00349466  -0.0707066    0.702338
-0.0034952 -0.0707064   0.702338
-0.00349577  -0.0707061    0.702338
-0.00349632  -0.0707059    0.702338
-0.00349687  -0.0707057    0.702338
-0.00349743  -0.0707055    0.702338
-0.00349797  -0.0707053    0.702338
-0.00349853  -0.0707051    0.702338
-0.00349907  -0.0707048    0.702338
-0.00349964  -0.0707046    0.702338
-0.00350016  -0.0707044    0.702338
-0.00350071  -0.0707042    0.702338
-0.00350125   -0.070704    0.702338
-0.0035018 -0.0707038   0.702338
-0.00350234  -0.0707036    0.702338
-0.00350286  -0.0707034    0.702338
-0.0035034 -0.0707031   0.702338
-0.00350394  -0.0707029    0.702338
-0.00350447  -0.0707027    0.702338
 -0.003505 -0.0707025   0.702338
-0.00350554  -0.0707023    0.702338
-0.00350606  -0.0707021    0.702338
-0.00350658  -0.0707019    0.702338
-0.0035071 -0.0707017   0.702338
-0.00350762  -0.0707015    0.702338
-0.00350814  -0.0707013    0.702338
-0.00350867  -0.0707011    0.702338
-0.00350919  -0.0707009    0.702338
-0.0035097 -0.0707007   0.702338
-0.0035102 -0.0707005   0.702338
-0.00351071  -0.0707003    0.702338
-0.00351123  -0.0707001    0.702338
-0.00351174  -0.0706999    0.702338
-0.00351223  -0.0706997    0.702338
-0.00351275  -0.0706995    0.702338
-0.00351324  -0.0706993    0.702338
-0.00351374  -0.0706991    0.702338
-0.00351424  -0.0706989    0.702338
-0.00351473  -0.0706987    0.702338
-0.00351523  -0.0706985    0.702338
-0.00351572  -0.0706983    0.702338
-0.00351621  -0.0706981    0.702338
-0.0035167 -0.0706979   0.702338
-0.00351718  -0.0706977    0.702338
-0.00351769  -0.0706975    0.702338
-0.00351815  -0.0706973    0.702338
-0.00351865  -0.0706972    0.702338
-0.00351912   -0.070697    0.702338
-0.0035196 -0.0706968   0.702338
-0.00352005  -0.0706966    0.702338
-0.00352054  -0.0706964    0.702338
-0.00352101  -0.0706962    0.702338
-0.00352148   -0.070696    0.702338
-0.00352194  -0.0706959    0.702338
-0.00352242  -0.0706957    0.702338
-0.00352289  -0.0706955    0.702338
-0.00352334  -0.0706953    0.702338
-0.00352379  -0.0706951    0.702337
-0.00352425   -0.070695    0.702337
-0.00352471  -0.0706948    0.702337
-0.00352516  -0.0706946    0.702337
-0.00352562  -0.0706944    0.702337
-0.00352606  -0.0706943    0.702337
-0.0035265 -0.0706941   0.702337
-0.00352694  -0.0706939    0.702337
-0.00352741  -0.0706937    0.702337
-0.00352783  -0.0706936    0.702337
-0.00352828  -0.0706934    0.702337
-0.00352871  -0.0706932    0.702337
-0.00352915   -0.070693    0.702337
-0.00352957  -0.0706929    0.702337
-0.00353001  -0.0706927    0.702337
-0.00353044  -0.0706925    0.702337
-0.00353086  -0.0706924    0.702337
-0.00353129  -0.0706922    0.702337
-0.00353172   -0.070692    0.702337
-0.00353213  -0.0706919    0.702337
-0.00353255  -0.0706917    0.702337
-0.00353298  -0.0706916    0.702337
-0.00353338  -0.0706914    0.702337
-0.0035338 -0.0706912   0.702337
-0.0035342 -0.0706911   0.702337
-0.00353463  -0.0706909    0.702337
-0.00353502  -0.0706908    0.702337
-0.00353544  -0.0706906    0.702337
-0.00353583  -0.0706905    0.702337
-0.00353621  -0.0706903    0.702337
-0.00353661  -0.0706901    0.702337
-0.00353702    -0.07069    0.702337
-0.00353741  -0.0706898    0.702337
-0.00353781  -0.0706897    0.702337
-0.00353819  -0.0706895    0.702337
-0.00353857  -0.0706894    0.702337
-0.00353895  -0.0706892    0.702337
-0.00353933  -0.0706891    0.702337
-0.00353972  -0.0706889    0.702337
-0.00354009  -0.0706888    0.702337
-0.00354046  -0.0706887    0.702337
-0.00354084  -0.0706885    0.702337
-0.00354121  -0.0706884    0.702337
-0.00354159  -0.0706882    0.702337
-0.00354194  -0.0706881    0.702337
-0.0035423 -0.0706879   0.702337
-0.00354267  -0.0706878    0.702337
-0.00354304  -0.0706877    0.702337
-0.0035434 -0.0706875   0.702337
-0.00354375  -0.0706874    0.702337
-0.0035441 -0.0706873   0.702337
-0.00354444  -0.0706871    0.702337
-0.00354479   -0.070687    0.702337
-0.00354512  -0.0706869    0.702337
-0.00354548  -0.0706867    0.702337
-0.00354583  -0.0706866    0.702337
-0.00354617  -0.0706865    0.702337
-0.0035465 -0.0706863   0.702337
-0.00354683  -0.0706862    0.702336
-0.00354716  -0.0706861    0.702336
-0.00354749   -0.070686    0.702336
-0.00354782  -0.0706858    0.702336
-0.00354815  -0.0706857    0.702336
-0.00354848  -0.0706856    0.702336
-0.00354879  -0.0706855    0.702336
-0.0035491 -0.0706854   0.702336
-0.00354942  -0.0706852    0.702336
-0.00354973  -0.0706851    0.702336
-0.00355004   -0.070685    0.702336
-0.00355036  -0.0706849    0.702336
-0.00355067  -0.0706848    0.702336
-0.00355097  -0.0706847    0.702336
-0.00355127  -0.0706846    0.702336
-0.00355157  -0.0706844    0.702336
-0.00355185  -0.0706843    0.702336
-0.00355216  -0.0706842    0.702336
-0.00355245  -0.0706841    0.702336
-0.00355275   -0.070684    0.702336
-0.00355303  -0.0706839    0.702336
-0.00355331  -0.0706838    0.702336
-0.00355361  -0.0706837    0.702336
-0.00355387  -0.0706836    0.702336
-0.00355416  -0.0706835    0.702336
-0.00355443  -0.0706834    0.702336
-0.00355469  -0.0706833    0.702336
-0.00355497  -0.0706832    0.702336
-0.00355524  -0.0706831    0.702336
-0.0035555  -0.070683   0.702336
-0.00355577  -0.0706829    0.702336
-0.00355603  -0.0706828    0.702336
-0.0035563 -0.0706827   0.702336
-0.00355654  -0.0706826    0.702336
-0.0035568 -0.0706825   0.702336
-0.00355704  -0.0706824    0.702336
-0.00355731  -0.0706823    0.702336
-0.00355754  -0.0706822    0.702336
-0.0035578 -0.0706822   0.702336
-0.00355804  -0.0706821    0.702336
-0.00355828   -0.070682    0.702336
-0.00355852  -0.0706819    0.702336
-0.00355875  -0.0706818    0.702336
-0.00355898  -0.0706817    0.702336
-0.00355922  -0.0706816    0.702336
-0.00355944  -0.0706816    0.702336
-0.00355967  -0.0706815    0.702336
-0.00355989  -0.0706814    0.702336
-0.0035601 -0.0706813   0.702336
-0.00356033  -0.0706812    0.702336
-0.00356054  -0.0706812    0.702336
-0.00356075  -0.0706811    0.702336
-0.00356097   -0.070681    0.702336
-0.00356118  -0.0706809    0.702336
-0.00356138  -0.0706809    0.702336
-0.0035616 -0.0706808   0.702336
-0.00356178  -0.0706807    0.702336
-0.00356199  -0.0706806    0.702336
-0.00356218  -0.0706806    0.702336
-0.00356238  -0.0706805    0.702336
-0.00356256  -0.0706804    0.702336
-0.00356276  -0.0706804    0.702336
-0.00356295  -0.0706803    0.702336
-0.00356311  -0.0706802    0.702336
-0.00356332  -0.0706802    0.702336
-0.0035635 -0.0706801   0.702336
-0.00356366  -0.0706801    0.702336
-0.00356384    -0.07068    0.702335
-0.00356401  -0.0706799    0.702335
-0.00356419  -0.0706799    0.702335
-0.00356435  -0.0706798    0.702335
-0.00356453  -0.0706798    0.702335
-0.00356467  -0.0706797    0.702335
-0.00356484  -0.0706797    0.702335
-0.00356499  -0.0706796    0.702335
-0.00356516  -0.0706795    0.702335
-0.0035653 -0.0706795   0.702335
-0.00356545  -0.0706794    0.702335
-0.0035656 -0.0706794   0.702335
-0.00356574  -0.0706794    0.702335
-0.00356589  -0.0706793    0.702335
-0.00356603  -0.0706793    0.702335
-0.00356616  -0.0706792    0.702335
-0.0035663 -0.0706792   0.702335
-0.00356642  -0.0706791    0.702335
-0.00356655  -0.0706791    0.702335
-0.00356669   -0.070679    0.702335
-0.00356682   -0.070679    0.702335
-0.00356693  -0.0706789    0.702335
-0.00356705  -0.0706789    0.702335
-0.00356718  -0.0706789    0.702335
-0.00356729  -0.0706788    0.702335
-0.00356742  -0.0706788    0.702335
-0.00356752  -0.0706788    0.702335
-0.00356762  -0.0706787    0.702335
-0.00356773  -0.0706787    0.702335
-0.00356784  -0.0706787    0.702335
-0.00356794  -0.0706786    0.702335
-0.00356802  -0.0706786    0.702335
-0.00356813  -0.0706786    0.702335
-0.00356823  -0.0706785    0.702335
-0.00356832  -0.0706785    0.702335
-0.0035684 -0.0706785   0.702335
-0.00356849  -0.0706785    0.702335
-0.00356858  -0.0706784    0.702335
-0.00356866  -0.0706784    0.702335
-0.00356873  -0.0706784    0.702335
-0.00356882  -0.0706784    0.702335
-0.00356889  -0.0706783    0.702335
-0.00356896  -0.0706783    0.702335
-0.00356903  -0.0706783    0.702335
-0.00356911  -0.0706783    0.702335
-0.00356916  -0.0706783    0.702335
-0.00356924  -0.0706783    0.702335
-0.00356929  -0.0706782    0.702335
-0.00356934  -0.0706782    0.702335
-0.00356941  -0.0706782    0.702335
-0.00356946  -0.0706782    0.702335
-0.0035695 -0.0706782   0.702335
-0.00356954  -0.0706782    0.702335
-0.00356958  -0.0706782    0.702335
-0.00356965  -0.0706782    0.702335
-0.00356968  -0.0706782    0.702335
-0.00356972  -0.0706781    0.702335
-0.00356977  -0.0706781    0.702335
-0.0035698 -0.0706781   0.702335
-0.00356983  -0.0706781    0.702335
-0.00356986  -0.0706781    0.702335
-0.00356988  -0.0706781    0.702335
-0.00356992  -0.0706781    0.702335
-0.00356993  -0.0706781    0.702335
-0.00356994  -0.0706781    0.702335
-0.00356998  -0.0706781    0.702335
-0.00356998  -0.0706781    0.702335
-0.00356999  -0.0706781    0.702335
-0.00357001  -0.0706781    0.702335
-0.00357001  -0.0706781    0.702335
-0.00357001  -0.0706781    0.702335
-0.00357002  -0.0706781    0.702335
-0.00357002  -0.0706782    0.702335
-0.00357003  -0.0706782    0.702335
  -0.00357 -0.0706782   0.702335
-0.00357001  -0.0706782    0.702335
-0.00357001  -0.0706782    0.702335
  -0.00357 -0.0706782   0.702335
-0.00356997  -0.0706782    0.702335
-0.00356996  -0.0706782    0.702335
-0.00356995  -0.0706783    0.702335
-0.00356991  -0.0706783    0.702335
-0.0035699 -0.0706783   0.702335
-0.00356989  -0.0706783    0.702335
-0.00356983  -0.0706783    0.702335
-0.00356981  -0.0706783    0.702335
-0.00356978  -0.0706784    0.702335
-0.00356976  -0.0706784    0.702335
-0.00356971  -0.0706784    0.702335
-0.00356967  -0.0706784    0.702335
-0.00356962  -0.0706785    0.702335
-0.00356959  -0.0706785    0.702335
-0.00356955  -0.0706785    0.702335
-0.00356949  -0.0706785    0.702335
-0.00356945  -0.0706786    0.702335
-0.0035694 -0.0706786   0.702335
-0.00356934  -0.0706786    0.702335
-0.0035693 -0.0706786   0.702335
-0.00356923  -0.0706787    0.702335
-0.00356916  -0.0706787    0.702335
-0.0035691 -0.0706787   0.702335
-0.00356903  -0.0706788    0.702335
-0.00356897  -0.0706788    0.702335
-0.00356889  -0.0706788    0.702335
-0.00356884  -0.0706789    0.702335
-0.00356874  -0.0706789    0.702335
-0.00356868  -0.0706789    0.702335
-0.00356859   -0.070679    0.702335
-0.00356851   -0.070679    0.702335
-0.00356844   -0.070679    0.702335
-0.00356835  -0.0706791    0.702335
-0.00356827  -0.0706791    0.702335
-0.00356816  -0.0706792    0.702335
-0.00356807  -0.0706792    0.702335
-0.00356799  -0.0706793    0.702335
-0.00356788  -0.0706793    0.702335
-0.00356779  -0.0706793    0.702335
-0.00356769  -0.0706794    0.702335
-0.00356758  -0.0706794    0.702335
-0.00356747  -0.0706795    0.702335
-0.00356737  -0.0706795    0.702335
-0.00356727  -0.0706796    0.702335
-0.00356714  -0.0706796    0.702335
-0.00356703  -0.0706797    0.702335
-0.00356692  -0.0706797    0.702335
-0.0035668 -0.0706798   0.702335
-0.00356668  -0.0706798    0.702335
-0.00356656  -0.0706799    0.702335
-0.00356643    -0.07068    0.702335
-0.00356631    -0.07068    0.702335
-0.00356617  -0.0706801    0.702335
-0.00356603  -0.0706801    0.702335
-0.00356591  -0.0706802    0.702335
-0.00356577  -0.0706802    0.702335
-0.00356563  -0.0706803    0.702335
-0.00356549  -0.0706804    0.702335
-0.00356535  -0.0706804    0.702335
-0.00356521  -0.0706805    0.702335
-0.00356505  -0.0706805    0.702335
-0.00356492  -0.0706806    0.702335
-0.00356476  -0.0706807    0.702335
-0.00356461  -0.0706807    0.702335
-0.00356446  -0.0706808    0.702335
-0.00356431  -0.0706809    0.702335
-0.00356415  -0.0706809    0.702335
-0.00356397   -0.070681    0.702335
-0.00356382  -0.0706811    0.702335
-0.00356366  -0.0706811    0.702335
-0.0035635 -0.0706812   0.702335
-0.00356334  -0.0706813    0.702335
-0.00356316  -0.0706814    0.702335
 -0.003563 -0.0706814   0.702335
-0.00356281  -0.0706815    0.702335
-0.00356263  -0.0706816    0.702335
-0.00356244  -0.0706816    0.702336
-0.00356227  -0.0706817    0.702336
-0.0035621 -0.0706818   0.702336
-0.00356191  -0.0706819    0.702336
-0.00356172  -0.0706819    0.702336
-0.00356153   -0.070682    0.702336
-0.00356133  -0.0706821    0.702336
-0.00356115  -0.0706822    0.702336
-0.00356096  -0.0706822    0.702336
-0.00356077  -0.0706823    0.702336
-0.00356056  -0.0706824    0.702336
-0.00356036  -0.0706825    0.702336
-0.00356015  -0.0706826    0.702336
-0.00355995  -0.0706827    0.702336
-0.00355974  -0.0706827    0.702336
-0.00355955  -0.0706828    0.702336
-0.00355934  -0.0706829    0.702336
-0.00355913   -0.070683    0.702336
-0.00355892  -0.0706831    0.702336
-0.0035587 -0.0706832   0.702336
-0.00355849  -0.0706832    0.702336
-0.00355827  -0.0706833    0.702336
-0.00355804  -0.0706834    0.702336
-0.00355781  -0.0706835    0.702336
-0.00355759  -0.0706836    0.702336
-0.00355737  -0.0706837    0.702336
-0.00355714  -0.0706838    0.702336
-0.00355692  -0.0706839    0.702336
-0.0035567 -0.0706839   0.702336
-0.00355646   -0.070684    0.702336
-0.00355621  -0.0706841    0.702336
-0.00355599  -0.0706842    0.702336
-0.00355576  -0.0706843    0.702336
-0.0035555 -0.0706844   0.702336
-0.00355527  -0.0706845    0.702336
-0.00355503  -0.0706846    0.702336
-0.00355477  -0.0706847    0.702336
-0.00355452  -0.0706848    0.702336
-0.00355427  -0.0706849    0.702336
-0.00355402   -0.070685    0.702336
-0.00355378  -0.0706851    0.702336
-0.00355352  -0.0706852    0.702336
-0.00355327  -0.0706853    0.702336
-0.00355302  -0.0706854    0.702336
-0.00355276  -0.0706855    0.702336
-0.00355249  -0.0706856    0.702336
-0.00355223  -0.0706857    0.702336
-0.00355196  -0.0706858    0.702336
-0.0035517 -0.0706859   0.702336
-0.00355143   -0.070686    0.702336
-0.00355117  -0.0706861    0.702336
-0.00355089  -0.0706862    0.702336
-0.00355063  -0.0706863    0.702336
-0.00355035  -0.0706864    0.702336
-0.00355007  -0.0706865    0.702336
-0.00354978  -0.0706866    0.702336
-0.00354951  -0.0706867    0.702336
-0.00354924  -0.0706868    0.702336
-0.00354896  -0.0706869    0.702336
-0.00354866   -0.070687    0.702336
-0.00354839  -0.0706871    0.702336
-0.0035481 -0.0706873   0.702336
-0.00354782  -0.0706874    0.702336
-0.00354752  -0.0706875    0.702336
-0.00354723  -0.0706876    0.702336
-0.00354693  -0.0706877    0.702336
-0.00354666  -0.0706878    0.702336
-0.00354635  -0.0706879    0.702336
-0.00354606   -0.070688    0.702336
-0.00354576  -0.0706881    0.702336
-0.00354546  -0.0706882    0.702336
-0.00354514  -0.0706883    0.702336
-0.00354484  -0.0706885    0.702336
-0.00354454  -0.0706886    0.702336
-0.00354424  -0.0706887    0.702336
-0.00354393  -0.0706888    0.702336
-0.00354363  -0.0706889    0.702336
-0.00354332   -0.070689    0.702336
-0.00354301  -0.0706892    0.702336
-0.00354268  -0.0706893    0.702336
-0.00354237  -0.0706894    0.702336
-0.00354205  -0.0706895    0.702336
-0.00354174  -0.0706896    0.702336
-0.00354142  -0.0706897    0.702336
-0.00354109  -0.0706899    0.702336
-0.00354078    -0.07069    0.702336
-0.00354045  -0.0706901    0.702336
-0.00354014  -0.0706902    0.702336
-0.00353979  -0.0706903    0.702336
-0.00353948  -0.0706905    0.702336
-0.00353915  -0.0706906    0.702336
-0.00353881  -0.0706907    0.702336
-0.00353848  -0.0706908    0.702336
-0.00353815  -0.0706909    0.702336
-0.00353782  -0.0706911    0.702336
-0.00353749  -0.0706912    0.702336
-0.00353714  -0.0706913    0.702336
-0.0035368 -0.0706914   0.702336
-0.00353646  -0.0706916    0.702336
-0.00353613  -0.0706917    0.702337
-0.00353579  -0.0706918    0.702337
-0.00353543  -0.0706919    0.702337
-0.00353509  -0.0706921    0.702337
-0.00353474  -0.0706922    0.702337
-0.00353439  -0.0706923    0.702337
-0.00353406  -0.0706924    0.702337
-0.00353368  -0.0706926    0.702337
-0.00353335  -0.0706927    0.702337
 -0.003533 -0.0706928   0.702337
-0.00353265   -0.070693    0.702337
-0.00353229  -0.0706931    0.702337
-0.00353193  -0.0706932    0.702337
-0.00353158  -0.0706933    0.702337
-0.00353122  -0.0706935    0.702337
-0.00353085  -0.0706936    0.702337
-0.00353049  -0.0706937    0.702337
-0.00353013  -0.0706939    0.702337
-0.00352976   -0.070694    0.702337
-0.0035294 -0.0706941   0.702337
-0.00352903  -0.0706943    0.702337
-0.00352868  -0.0706944    0.702337
-0.00352831  -0.0706945    0.702337
-0.00352793  -0.0706946    0.702337
-0.00352757  -0.0706948    0.702337
-0.00352719  -0.0706949    0.702337
-0.00352683   -0.070695    0.702337
-0.00352644  -0.0706952    0.702337
-0.00352608  -0.0706953    0.702337
-0.0035257 -0.0706954   0.702337
-0.00352532  -0.0706956    0.702337
-0.00352493  -0.0706957    0.702337
-0.00352456  -0.0706958    0.702337
-0.00352417   -0.070696    0.702337
-0.0035238 -0.0706961   0.702337
-0.00352342  -0.0706962    0.702337
-0.00352304  -0.0706964    0.702337
-0.00352265  -0.0706965    0.702337
-0.00352227  -0.0706966    0.702337
-0.00352188  -0.0706968    0.702337
-0.00352149  -0.0706969    0.702337
-0.0035211  -0.070697   0.702337
-0.00352071  -0.0706972    0.702337
-0.00352032  -0.0706973    0.702337
-0.00351992  -0.0706974    0.702337
-0.00351954  -0.0706976    0.702337
-0.00351916  -0.0706977    0.702337
-0.00351874  -0.0706979    0.702337
-0.00351837   -0.070698    0.702337
-0.00351797  -0.0706981    0.702337
-0.00351757  -0.0706983    0.702337
-0.00351718  -0.0706984    0.702337
-0.00351677  -0.0706985    0.702337
-0.00351636  -0.0706987    0.702337
-0.00351596  -0.0706988    0.702337
-0.00351556  -0.0706989    0.702337
-0.00351516  -0.0706991    0.702337
-0.00351475  -0.0706992    0.702337
-0.00351436  -0.0706993    0.702337
-0.00351396  -0.0706995    0.702337
-0.00351356  -0.0706996    0.702337
-0.00351315  -0.0706997    0.702337
-0.00351274  -0.0706999    0.702337
-0.00351233     -0.0707    0.702337
-0.00351193  -0.0707002    0.702337
-0.00351151  -0.0707003    0.702337
-0.00351109  -0.0707004    0.702337
-0.00351069  -0.0707006    0.702337
-0.00351029  -0.0707007    0.702337
-0.00350987  -0.0707008    0.702337
-0.00350945   -0.070701    0.702337
-0.00350904  -0.0707011    0.702337
-0.00350864  -0.0707012    0.702337
-0.00350821  -0.0707014    0.702337
-0.00350781  -0.0707015    0.702337
-0.00350738  -0.0707016    0.702337
-0.00350696  -0.0707018    0.702337
-0.00350655  -0.0707019    0.702337
-0.00350614   -0.070702    0.702337
-0.00350573  -0.0707022    0.702337
-0.0035053 -0.0707023   0.702337
-0.00350488  -0.0707024    0.702337
-0.00350446  -0.0707026    0.702337
-0.00350404  -0.0707027    0.702337
-0.00350362  -0.0707029    0.702337
-0.00350319   -0.070703    0.702337
-0.00350277  -0.0707031    0.702337
-0.00350236  -0.0707033    0.702337
-0.00350192  -0.0707034    0.702337
-0.0035015 -0.0707035   0.702337
-0.00350107  -0.0707037    0.702337
-0.00350065  -0.0707038    0.702337
-0.00350021  -0.0707039    0.702337
-0.00349979  -0.0707041    0.702337
-0.00349938  -0.0707042    0.702337
-0.00349895  -0.0707043    0.702337
-0.00349852  -0.0707045    0.702337
-0.0034981 -0.0707046   0.702337
-0.00349766  -0.0707047    0.702337
-0.00349723  -0.0707049    0.702337
-0.0034968  -0.070705   0.702337
-0.00349636  -0.0707051    0.702337
-0.00349593  -0.0707053    0.702337
-0.00349551  -0.0707054    0.702337
-0.00349507  -0.0707055    0.702337
-0.00349464  -0.0707057    0.702337
-0.00349421  -0.0707058    0.702337
-0.00349379  -0.0707059    0.702337
-0.00349335  -0.0707061    0.702337
-0.00349292  -0.0707062    0.702337
-0.00349247  -0.0707063    0.702337
-0.00349205  -0.0707064    0.702337
-0.00349162  -0.0707066    0.702337
-0.00349119  -0.0707067    0.702337
-0.00349075  -0.0707068    0.702337
-0.00349031   -0.070707    0.702337
-0.00348987  -0.0707071    0.702337
-0.00348945  -0.0707072    0.702337
-0.00348901  -0.0707074    0.702336
-0.00348858  -0.0707075    0.702336
-0.00348813  -0.0707076    0.702336
-0.00348769  -0.0707077    0.702336
-0.00348725  -0.0707079    0.702336
-0.00348682   -0.070708    0.702336
-0.00348639  -0.0707081    0.702336
-0.00348594  -0.0707082    0.702336
-0.00348552  -0.0707084    0.702336
-0.00348507  -0.0707085    0.702336
-0.00348464  -0.0707086    0.702336
-0.0034842 -0.0707087   0.702336
-0.00348376  -0.0707089    0.702336
-0.00348331   -0.070709    0.702336
-0.00348289  -0.0707091    0.702336
-0.00348243  -0.0707092    0.702336
-0.00348199  -0.0707094    0.702336
-0.00348157  -0.0707095    0.702336
-0.00348113  -0.0707096    0.702336
-0.00348068  -0.0707097    0.702336
-0.00348024  -0.0707099    0.702336
-0.00347981    -0.07071    0.702336
-0.00347938  -0.0707101    0.702336
-0.00347893  -0.0707102    0.702336
-0.00347849  -0.0707104    0.702336
-0.00347806  -0.0707105    0.702336
-0.00347761  -0.0707106    0.702336
-0.00347716  -0.0707107    0.702336
-0.00347671  -0.0707108    0.702336
-0.00347628   -0.070711    0.702336
-0.00347586  -0.0707111    0.702336
-0.0034754 -0.0707112   0.702336
-0.00347497  -0.0707113    0.702336
-0.00347453  -0.0707114    0.702336
-0.00347409  -0.0707115    0.702336
-0.00347365  -0.0707117    0.702336
-0.0034732 -0.0707118   0.702336
-0.00347276  -0.0707119    0.702336
-0.00347233   -0.070712    0.702336
-0.00347188  -0.0707121    0.702336
-0.00347143  -0.0707122    0.702336
-0.00347101  -0.0707123    0.702336
-0.00347058  -0.0707125    0.702336
-0.00347012  -0.0707126    0.702336
-0.00346969  -0.0707127    0.702336
-0.00346926  -0.0707128    0.702336
-0.0034688 -0.0707129   0.702336
-0.00346835   -0.070713    0.702336
-0.00346792  -0.0707131    0.702336
-0.00346747  -0.0707132    0.702336
-0.00346703  -0.0707134    0.702336
-0.0034666 -0.0707135   0.702336
-0.00346615  -0.0707136    0.702336
-0.00346572  -0.0707137    0.702336
-0.00346529  -0.0707138    0.702336
-0.00346484  -0.0707139    0.702336
-0.0034644  -0.070714   0.702336
-0.00346396  -0.0707141    0.702336
-0.00346352  -0.0707142    0.702336
-0.00346307  -0.0707143    0.702336
-0.00346263  -0.0707144    0.702336
-0.00346219  -0.0707145    0.702336
-0.00346175  -0.0707146    0.702336
-0.00346131  -0.0707147    0.702336
-0.00346088  -0.0707149    0.702336
-0.00346044   -0.070715    0.702336
  -0.00346 -0.0707151   0.702336
-0.00345957  -0.0707152    0.702336
-0.00345911  -0.0707153    0.702336
-0.00345867  -0.0707154    0.702336
-0.00345823  -0.0707155    0.702336
-0.00345779  -0.0707156    0.702336
-0.00345735  -0.0707157    0.702336
-0.00345691  -0.0707158    0.702336
-0.00345647  -0.0707159    0.702336
-0.00345603  -0.0707159    0.702336
-0.00345561   -0.070716    0.702336
-0.00345516  -0.0707161    0.702336
-0.00345472  -0.0707162    0.702336
-0.00345429  -0.0707163    0.702336
-0.00345384  -0.0707164    0.702336
-0.0034534 -0.0707165   0.702336
-0.00345297  -0.0707166    0.702336
-0.00345254  -0.0707167    0.702336
-0.00345208  -0.0707168    0.702336
-0.00345165  -0.0707169    0.702336
-0.00345121   -0.070717    0.702336
-0.00345078   -0.070717    0.702336
-0.00345035  -0.0707171    0.702336
-0.00344992  -0.0707172    0.702336
-0.00344947  -0.0707173    0.702336
-0.00344904  -0.0707174    0.702336
-0.0034486 -0.0707175   0.702336
-0.00344814  -0.0707176    0.702336
-0.00344773  -0.0707176    0.702336
-0.00344729  -0.0707177    0.702336
-0.00344684  -0.0707178    0.702336
-0.00344641  -0.0707179    0.702336
-0.00344597   -0.070718    0.702335
-0.00344554   -0.070718    0.702335
-0.0034451 -0.0707181   0.702335
-0.00344468  -0.0707182    0.702335
-0.00344424  -0.0707183    0.702335
-0.0034438 -0.0707184   0.702335
-0.00344336  -0.0707184    0.702335
-0.00344294  -0.0707185    0.702335
-0.0034425 -0.0707186   0.702335
-0.00344206  -0.0707187    0.702335
-0.00344162  -0.0707187    0.702335
-0.00344119  -0.0707188    0.702335
-0.00344076  -0.0707189    0.702335
-0.00344033  -0.0707189    0.702335
-0.0034399  -0.070719   0.702335
-0.00343946  -0.0707191    0.702335
-0.00343904  -0.0707191    0.702335
-0.00343859  -0.0707192    0.702335
-0.00343816  -0.0707193    0.702335
-0.00343772  -0.0707193    0.702335
-0.0034373 -0.0707194   0.702335
-0.00343685  -0.0707195    0.702335
-0.00343643  -0.0707195    0.702335
-0.00343599  -0.0707196    0.702335
-0.00343556  -0.0707196    0.702335
-0.00343513  -0.0707197    0.702335
-0.00343471  -0.0707198    0.702335
-0.00343428  -0.0707198    0.702335
-0.00343385  -0.0707199    0.702335
-0.00343342  -0.0707199    0.702335
-0.00343298    -0.07072    0.702335
-0.00343256    -0.07072    0.702335
-0.00343213  -0.0707201    0.702335
-0.0034317 -0.0707202   0.702335
-0.00343127  -0.0707202    0.702335
-0.00343085  -0.0707203    0.702335
-0.00343043  -0.0707203    0.702335
-0.00343001  -0.0707203    0.702335
-0.00342957  -0.0707204    0.702335
-0.00342914  -0.0707204    0.702335
-0.00342872  -0.0707205    0.702335
-0.0034283 -0.0707205   0.702335
-0.00342786  -0.0707206    0.702335
-0.00342742  -0.0707206    0.702335
 -0.003427 -0.0707207   0.702335
-0.00342658  -0.0707207    0.702335
-0.00342617  -0.0707207    0.702335
-0.00342574  -0.0707208    0.702335
-0.00342531  -0.0707208    0.702335
-0.0034249 -0.0707209   0.702335
-0.00342447  -0.0707209    0.702335
-0.00342404  -0.0707209    0.702335
-0.00342364   -0.070721    0.702335
-0.0034232  -0.070721   0.702335
-0.00342277   -0.070721    0.702335
-0.00342237  -0.0707211    0.702335
-0.00342194  -0.0707211    0.702335
-0.0034215 -0.0707211   0.702335
-0.0034211 -0.0707212   0.702335
-0.00342067  -0.0707212    0.702335
-0.00342026  -0.0707212    0.702335
-0.00341984  -0.0707212    0.702335
-0.00341943  -0.0707213    0.702335
-0.00341901  -0.0707213    0.702335
-0.00341859  -0.0707213    0.702335
-0.00341818  -0.0707213    0.702335
-0.00341776  -0.0707213    0.702335
-0.00341734  -0.0707214    0.702335
-0.00341693  -0.0707214    0.702335
-0.00341652  -0.0707214    0.702335
-0.00341609  -0.0707214    0.702335
-0.00341568  -0.0707214    0.702335
-0.00341527  -0.0707214    0.702335
-0.00341486  -0.0707215    0.702335
-0.00341444  -0.0707215    0.702335
-0.00341403  -0.0707215    0.702335
-0.00341363  -0.0707215    0.702335
-0.00341322  -0.0707215    0.702335
-0.0034128 -0.0707215   0.702335
-0.00341239  -0.0707215    0.702335
-0.00341199  -0.0707215    0.702335
-0.00341158  -0.0707215    0.702335
-0.00341117  -0.0707215    0.702335
-0.00341075  -0.0707215    0.702335
-0.00341036  -0.0707215    0.702335
-0.00340994  -0.0707215    0.702335
-0.00340955  -0.0707215    0.702335
-0.00340913  -0.0707216    0.702335
-0.00340872  -0.0707215    0.702335
-0.00340832  -0.0707215    0.702335
-0.00340793  -0.0707215    0.702335
-0.00340751  -0.0707215    0.702335
-0.00340711  -0.0707215    0.702335
-0.00340672  -0.0707215    0.702335
-0.00340632  -0.0707215    0.702335
-0.00340591  -0.0707215    0.702335
-0.0034055 -0.0707215   0.702335
-0.00340511  -0.0707215    0.702335
-0.00340471  -0.0707215    0.702335
-0.00340431  -0.0707215    0.702335
-0.00340391  -0.0707215    0.702335
-0.0034035 -0.0707214   0.702335
-0.00340312  -0.0707214    0.702335
-0.00340273  -0.0707214    0.702335
-0.00340232  -0.0707214    0.702335
-0.00340193  -0.0707214    0.702335
-0.00340153  -0.0707214    0.702335
-0.00340113  -0.0707213    0.702335
-0.00340073  -0.0707213    0.702335
-0.00340034  -0.0707213    0.702335
-0.00339995  -0.0707213    0.702335
-0.00339955  -0.0707212    0.702335
-0.00339918  -0.0707212    0.702335
-0.00339878  -0.0707212    0.702335
-0.00339839  -0.0707212    0.702335
-0.00339801  -0.0707211    0.702335
-0.0033976 -0.0707211   0.702335
-0.00339721  -0.0707211    0.702335
-0.00339682   -0.070721    0.702335
-0.00339644   -0.070721    0.702335
-0.00339605   -0.070721    0.702335
-0.00339567  -0.0707209    0.702335
-0.00339528  -0.0707209    0.702335
-0.0033949 -0.0707209   0.702335
-0.00339451  -0.0707208    0.702335
-0.00339412  -0.0707208    0.702335
-0.00339375  -0.0707207    0.702335
-0.00339335  -0.0707207    0.702335
-0.00339298  -0.0707207    0.702335
-0.0033926 -0.0707206   0.702335
-0.00339222  -0.0707206    0.702335
-0.00339185  -0.0707205    0.702335
-0.00339145  -0.0707205    0.702335
-0.00339107  -0.0707204    0.702335
-0.0033907 -0.0707204   0.702335
-0.00339033  -0.0707203    0.702335
-0.00338993  -0.0707203    0.702335
-0.00338956  -0.0707202    0.702335
-0.00338919  -0.0707202    0.702335
-0.00338882  -0.0707201    0.702335
-0.00338844  -0.0707201    0.702335
-0.00338805    -0.07072    0.702335
-0.0033877   -0.07072   0.702335
-0.00338733  -0.0707199    0.702335
-0.00338693  -0.0707199    0.702335
-0.00338657  -0.0707198    0.702335
-0.0033862 -0.0707197   0.702335
-0.00338583  -0.0707197    0.702335
-0.00338546  -0.0707196    0.702335
-0.00338509  -0.0707195    0.702335
-0.00338471  -0.0707195    0.702335
-0.00338434  -0.0707194    0.702335
-0.00338397  -0.0707193    0.702335
-0.00338363  -0.0707193    0.702335
-0.00338325  -0.0707192    0.702335
-0.00338288  -0.0707191    0.702335
-0.00338251  -0.0707191    0.702335
-0.00338215   -0.070719    0.702335
-0.00338178  -0.0707189    0.702335
-0.00338143  -0.0707188    0.702335
-0.00338106  -0.0707188    0.702335
-0.0033807 -0.0707187   0.702335
-0.00338033  -0.0707186    0.702335
-0.00337997  -0.0707185    0.702335
-0.00337963  -0.0707185    0.702335
-0.00337925  -0.0707184    0.702335
-0.00337891  -0.0707183    0.702335
-0.00337854  -0.0707182    0.702335
-0.00337818  -0.0707181    0.702335
-0.00337781  -0.0707181    0.702335
-0.00337747   -0.070718    0.702334
-0.00337712  -0.0707179    0.702334
-0.00337675  -0.0707178    0.702334
-0.0033764 -0.0707177   0.702334
-0.00337604  -0.0707176    0.702334
-0.0033757 -0.0707175   0.702334
-0.00337533  -0.0707174    0.702334
-0.00337498  -0.0707174    0.702334
-0.00337462  -0.0707173    0.702334
-0.00337428  -0.0707172    0.702334
-0.00337392  -0.0707171    0.702334
-0.00337358   -0.070717    0.702334
-0.00337323  -0.0707169    0.702334
-0.00337288  -0.0707168    0.702334
-0.00337253  -0.0707167    0.702334
-0.00337219  -0.0707166    0.702334
-0.00337184  -0.0707165    0.702334
-0.00337151  -0.0707164    0.702334
-0.00337114  -0.0707163    0.702334
-0.00337081  -0.0707162    0.702334
-0.00337046  -0.0707161    0.702334
-0.00337011   -0.070716    0.702334
-0.00336977  -0.0707159    0.702334
-0.00336942  -0.0707158    0.702334
-0.00336909  -0.0707157    0.702334
-0.00336873  -0.0707155    0.702334
-0.0033684 -0.0707154   0.702334
-0.00336806  -0.0707153    0.702334
-0.00336773  -0.0707152    0.702334
-0.00336736  -0.0707151    0.702334
-0.00336703   -0.070715    0.702334
-0.00336668  -0.0707149    0.702334
-0.00336636  -0.0707148    0.702334
-0.00336603  -0.0707146    0.702334
-0.00336568  -0.0707145    0.702334
-0.00336534  -0.0707144    0.702334
-0.00336501  -0.0707143    0.702334
-0.00336468  -0.0707142    0.702334
-0.00336435   -0.070714    0.702334
-0.00336402  -0.0707139    0.702334
-0.00336367  -0.0707138    0.702334
-0.00336334  -0.0707137    0.702334
-0.00336301  -0.0707136    0.702334
-0.00336266  -0.0707134    0.702334
-0.00336235  -0.0707133    0.702334
-0.00336202  -0.0707132    0.702334
-0.0033617  -0.070713   0.702334
-0.00336136  -0.0707129    0.702334
-0.00336105  -0.0707128    0.702334
-0.0033607 -0.0707127   0.702334
-0.00336038  -0.0707125    0.702334
-0.00336005  -0.0707124    0.702334
-0.00335971  -0.0707123    0.702334
-0.0033594 -0.0707121   0.702334
-0.00335906   -0.070712    0.702334
-0.00335874  -0.0707119    0.702334
-0.00335842  -0.0707117    0.702334
-0.0033581 -0.0707116   0.702334
-0.00335777  -0.0707114    0.702334
-0.00335746  -0.0707113    0.702334
-0.00335714  -0.0707112    0.702334
-0.00335682   -0.070711    0.702334
-0.0033565 -0.0707109   0.702334
-0.00335617  -0.0707107    0.702334
-0.00335586  -0.0707106    0.702334
-0.00335552  -0.0707105    0.702334
-0.0033552 -0.0707103   0.702334
-0.00335489  -0.0707102    0.702334
-0.00335457    -0.07071    0.702334
-0.00335426  -0.0707099    0.702334
-0.00335394  -0.0707097    0.702334
-0.00335362  -0.0707096    0.702334
-0.0033533 -0.0707094   0.702334
-0.00335299  -0.0707093    0.702334
-0.00335266  -0.0707091    0.702334
-0.00335234   -0.070709    0.702334
-0.00335204  -0.0707088    0.702334
-0.00335172  -0.0707087    0.702334
-0.00335142  -0.0707085    0.702334
-0.00335111  -0.0707084    0.702334
-0.00335078  -0.0707082    0.702334
-0.00335049   -0.070708    0.702334
-0.00335017  -0.0707079    0.702334
-0.00334986  -0.0707077    0.702334
-0.00334954  -0.0707076    0.702334
-0.00334925  -0.0707074    0.702334
-0.00334893  -0.0707072    0.702334
-0.00334862  -0.0707071    0.702334
-0.00334833  -0.0707069    0.702334
-0.00334801  -0.0707067    0.702334
-0.0033477 -0.0707066   0.702334
-0.0033474 -0.0707064   0.702334
-0.00334709  -0.0707062    0.702334
-0.00334679  -0.0707061    0.702334
-0.00334649  -0.0707059    0.702334
-0.00334619  -0.0707057    0.702334
-0.00334587  -0.0707056    0.702334
-0.00334556  -0.0707054    0.702334
-0.00334526  -0.0707052    0.702334
-0.00334495   -0.070705    0.702334
-0.00334464  -0.0707049    0.702334
-0.00334435  -0.0707047    0.702334
-0.00334407  -0.0707045    0.702334
-0.00334376  -0.0707043    0.702334
-0.00334345  -0.0707041    0.702334
-0.00334315   -0.070704    0.702334
-0.00334286  -0.0707038    0.702333
-0.00334257  -0.0707036    0.702333
-0.00334224  -0.0707034    0.702333
-0.00334196  -0.0707033    0.702333
-0.00334166  -0.0707031    0.702333
-0.00334135  -0.0707029    0.702333
-0.00334106  -0.0707027    0.702333
-0.00334078  -0.0707025    0.702333
-0.00334047  -0.0707023    0.702333
-0.00334019  -0.0707022    0.702333
-0.0033399  -0.070702   0.702333
-0.00333961  -0.0707018    0.702333
-0.00333929  -0.0707016    0.702333
 -0.003339 -0.0707014   0.702333
-0.00333871  -0.0707012    0.702333
-0.00333841   -0.070701    0.702333
-0.00333812  -0.0707009    0.702333
-0.00333783  -0.0707007    0.702333
-0.00333753  -0.0707005    0.702333
-0.00333724  -0.0707003    0.702333
-0.00333696  -0.0707001    0.702333
-0.00333667  -0.0706999    0.702333
-0.00333639  -0.0706997    0.702333
-0.0033361 -0.0706995   0.702333
-0.0033358 -0.0706993   0.702333
-0.00333551  -0.0706991    0.702333
-0.00333522  -0.0706989    0.702333
-0.00333493  -0.0706987    0.702333
-0.00333465  -0.0706985    0.702333
-0.00333434  -0.0706983    0.702333
-0.00333407  -0.0706981    0.702333
-0.00333378  -0.0706979    0.702333
-0.00333349  -0.0706977    0.702333
-0.0033332 -0.0706975   0.702333
-0.00333292  -0.0706973    0.702333
-0.00333262  -0.0706971    0.702333
-0.00333236  -0.0706969    0.702333
-0.00333207  -0.0706967    0.702333
-0.00333177  -0.0706965    0.702333
-0.00333151  -0.0706963    0.702333
-0.0033312 -0.0706961   0.702333
-0.00333093  -0.0706959    0.702333
-0.00333064  -0.0706957    0.702333
-0.00333036  -0.0706955    0.702333
-0.00333008  -0.0706953    0.702333
-0.0033298 -0.0706951   0.702333
-0.00332953  -0.0706949    0.702333
-0.00332922  -0.0706947    0.702333
-0.00332896  -0.0706945    0.702333
-0.00332867  -0.0706942    0.702333
-0.00332838   -0.070694    0.702333
-0.00332812  -0.0706938    0.702333
-0.00332783  -0.0706936    0.702333
-0.00332756  -0.0706934    0.702333
-0.00332728  -0.0706932    0.702333
-0.003327 -0.070693  0.702333
-0.00332672  -0.0706928    0.702333
-0.00332643  -0.0706925    0.702333
-0.00332616  -0.0706923    0.702333
-0.00332588  -0.0706921    0.702333
-0.00332559  -0.0706919    0.702333
-0.00332532  -0.0706917    0.702333
-0.00332504  -0.0706915    0.702333
-0.00332477  -0.0706912    0.702333
-0.00332449   -0.070691    0.702333
-0.00332422  -0.0706908    0.702333
-0.00332395  -0.0706906    0.702333
-0.00332366  -0.0706904    0.702333
-0.00332339  -0.0706902    0.702333
-0.00332311  -0.0706899    0.702333
-0.00332284  -0.0706897    0.702333
-0.00332257  -0.0706895    0.702333
-0.00332228  -0.0706893    0.702333
-0.00332202   -0.070689    0.702333
-0.00332175  -0.0706888    0.702333
-0.00332146  -0.0706886    0.702333
-0.00332121  -0.0706884    0.702333
-0.00332093  -0.0706881    0.702333
-0.00332064  -0.0706879    0.702333
-0.00332038  -0.0706877    0.702332
-0.00332008  -0.0706875    0.702332
-0.00331982  -0.0706873    0.702332
-0.00331955   -0.070687    0.702332
-0.00331928  -0.0706868    0.702332
-0.00331899  -0.0706866    0.702332
-0.00331875  -0.0706863    0.702332
-0.00331847  -0.0706861    0.702332
-0.00331818  -0.0706859    0.702332
-0.00331792  -0.0706857    0.702332
-0.00331764  -0.0706854    0.702332
-0.00331737  -0.0706852    0.702332
-0.0033171  -0.070685   0.702332
-0.00331683  -0.0706847    0.702332
-0.00331656  -0.0706845    0.702332
-0.00331628  -0.0706843    0.702332
 -0.003316 -0.0706841   0.702332
-0.00331576  -0.0706838    0.702332
-0.00331547  -0.0706836    0.702332
-0.00331521  -0.0706834    0.702332
-0.00331494  -0.0706831    0.702332
-0.00331466  -0.0706829    0.702332
-0.0033144 -0.0706827   0.702332
-0.00331412  -0.0706824    0.702332
-0.00331385  -0.0706822    0.702332
-0.00331357   -0.070682    0.702332
-0.00331331  -0.0706817    0.702332
-0.00331304  -0.0706815    0.702332
-0.00331277  -0.0706813    0.702332
-0.0033125  -0.070681   0.702332
-0.00331225  -0.0706808    0.702332
-0.00331197  -0.0706805    0.702332
-0.0033117 -0.0706803   0.702332
-0.00331144  -0.0706801    0.702332
-0.00331117  -0.0706798    0.702332
-0.00331088  -0.0706796    0.702332
-0.00331062  -0.0706794    0.702332
-0.00331035  -0.0706791    0.702332
-0.00331008  -0.0706789    0.702332
-0.00330981  -0.0706787    0.702332
-0.00330955  -0.0706784    0.702332
-0.00330926  -0.0706782    0.702332
-0.00330902  -0.0706779    0.702332
-0.00330874  -0.0706777    0.702332
-0.00330847  -0.0706775    0.702332
-0.0033082 -0.0706772   0.702332
-0.00330793   -0.070677    0.702332
-0.00330769  -0.0706768    0.702332
-0.00330741  -0.0706765    0.702332
-0.00330714  -0.0706763    0.702332
-0.00330687  -0.0706761    0.702332
-0.00330661  -0.0706758    0.702332
-0.00330634  -0.0706756    0.702332
-0.00330608  -0.0706754    0.702332
-0.00330582  -0.0706751    0.702332
-0.00330555  -0.0706749    0.702332
-0.00330526  -0.0706747    0.702332
-0.00330501  -0.0706744    0.702332
-0.00330477  -0.0706742    0.702332
-0.00330449   -0.070674    0.702332
-0.00330423  -0.0706737    0.702331
-0.00330398  -0.0706735    0.702331
-0.00330372  -0.0706733    0.702331
-0.00330347   -0.070673    0.702331
-0.0033032 -0.0706728   0.702331
-0.00330292  -0.0706726    0.702331
-0.00330266  -0.0706724    0.702331
-0.00330241  -0.0706721    0.702331
-0.00330216  -0.0706719    0.702331
-0.0033019 -0.0706717   0.702331
-0.00330163  -0.0706715    0.702331
-0.00330138  -0.0706712    0.702331
-0.00330113   -0.070671    0.702331
-0.00330083  -0.0706708    0.702331
-0.00330062  -0.0706706    0.702331
-0.00330034  -0.0706703    0.702331
-0.00330007  -0.0706701    0.702331
-0.00329982  -0.0706699    0.702331
-0.00329957  -0.0706697    0.702331
-0.0032993 -0.0706695   0.702331
-0.00329904  -0.0706693    0.702331
-0.00329877   -0.070669    0.702331
-0.00329854  -0.0706688    0.702331
-0.00329828  -0.0706686    0.702331
 -0.003298 -0.0706684   0.702331
-0.00329776  -0.0706682    0.702331
-0.00329749  -0.0706679    0.702331
-0.00329721  -0.0706677    0.702331
-0.00329698  -0.0706675    0.702331
-0.00329674  -0.0706673    0.702331
-0.00329647  -0.0706671    0.702331
-0.00329619  -0.0706669    0.702331
-0.00329594  -0.0706667    0.702331
-0.00329569  -0.0706665    0.702331
-0.00329545  -0.0706662     0.70233
-0.00329518   -0.070666     0.70233
-0.00329492  -0.0706658     0.70233
-0.00329466  -0.0706656     0.70233
-0.0032944 -0.0706654    0.70233
-0.00329413  -0.0706652     0.70233
-0.0032939  -0.070665    0.70233
-0.00329363  -0.0706648     0.70233
-0.00329335  -0.0706646     0.70233
-0.0032931 -0.0706644    0.70233
-0.00329284  -0.0706642     0.70233
-0.0032926  -0.070664    0.70233
-0.00329233  -0.0706638     0.70233
-0.00329207  -0.0706636     0.70233
-0.00329181  -0.0706634     0.70233
-0.00329156  -0.0706632     0.70233
-0.00329132   -0.070663     0.70233
-0.00329103  -0.0706628     0.70233
-0.00329079  -0.0706626     0.70233
-0.00329053  -0.0706624     0.70233
-0.00329025  -0.0706622     0.70233
-0.00328999   -0.070662     0.70233
-0.00328972  -0.0706618     0.70233
-0.00328948  -0.0706616     0.70233
-0.0032892 -0.0706614    0.70233
-0.00328893  -0.0706612     0.70233
-0.00328868  -0.0706611     0.70233
-0.0032884 -0.0706609   0.702329
-0.00328817  -0.0706607    0.702329
-0.00328788  -0.0706605    0.702329
-0.00328763  -0.0706603    0.702329
-0.00328736  -0.0706601    0.702329
-0.00328709    -0.07066    0.702329
-0.00328683  -0.0706598    0.702329
-0.00328656  -0.0706596    0.702329
-0.00328631  -0.0706594    0.702329
-0.00328603  -0.0706592    0.702329
-0.00328578   -0.070659    0.702329
-0.0032855 -0.0706589   0.702329
-0.00328524  -0.0706587    0.702329
-0.00328497  -0.0706585    0.702329
-0.00328471  -0.0706583    0.702329
-0.00328443  -0.0706582    0.702329
-0.00328416   -0.070658    0.702329
-0.0032839 -0.0706578   0.702329
-0.00328365  -0.0706577    0.702329
-0.00328336  -0.0706575    0.702329
-0.00328309  -0.0706573    0.702329
-0.00328282  -0.0706571    0.702329
-0.00328257   -0.070657    0.702329
-0.00328227  -0.0706568    0.702329
-0.00328202  -0.0706566    0.702329
-0.00328174  -0.0706565    0.702329
-0.00328146  -0.0706563    0.702329
-0.00328119  -0.0706562    0.702328
-0.0032809  -0.070656   0.702328
-0.00328065  -0.0706558    0.702328
-0.00328037  -0.0706557    0.702328
-0.0032801 -0.0706555   0.702328
-0.00327982  -0.0706553    0.702328
-0.00327954  -0.0706552    0.702328
-0.00327929   -0.070655    0.702328
-0.00327901  -0.0706549    0.702328
-0.00327872  -0.0706547    0.702328
-0.00327845  -0.0706546    0.702328
-0.00327816  -0.0706544    0.702328
-0.0032779 -0.0706543   0.702328
-0.00327763  -0.0706541    0.702328
-0.00327736  -0.0706539    0.702328
-0.0032771 -0.0706538   0.702328
-0.00327678  -0.0706537    0.702328
-0.00327651  -0.0706535    0.702328
-0.00327622  -0.0706534    0.702328
-0.00327596  -0.0706532    0.702328
-0.00327566  -0.0706531    0.702328
-0.00327539  -0.0706529    0.702328
-0.00327515  -0.0706528    0.702328
-0.00327485  -0.0706527    0.702328
-0.00327456  -0.0706525    0.702328
-0.00327429  -0.0706524    0.702328
-0.00327399  -0.0706522    0.702328
-0.00327372  -0.0706521    0.702327
-0.00327343   -0.070652    0.702327
-0.00327315  -0.0706518    0.702327
-0.00327286  -0.0706517    0.702327
-0.00327257  -0.0706516    0.702327
-0.00327232  -0.0706514    0.702327
-0.00327203  -0.0706513    0.702327
-0.00327175  -0.0706512    0.702327
-0.00327146   -0.070651    0.702327
-0.00327116  -0.0706509    0.702327
-0.0032709 -0.0706508   0.702327
-0.0032706 -0.0706507   0.702327
-0.00327031  -0.0706505    0.702327
-0.00327003  -0.0706504    0.702327
-0.00326974  -0.0706503    0.702327
-0.00326947  -0.0706502    0.702327
-0.00326916    -0.07065    0.702327
-0.00326886  -0.0706499    0.702327
-0.0032686 -0.0706498   0.702327
-0.00326829  -0.0706497    0.702327
-0.00326799  -0.0706496    0.702327
-0.00326771  -0.0706495    0.702327
-0.00326743  -0.0706493    0.702327
-0.00326715  -0.0706492    0.702327
-0.00326685  -0.0706491    0.702327
-0.00326657   -0.070649    0.702327
-0.00326625  -0.0706489    0.702327
-0.00326596  -0.0706488    0.702327
-0.00326567  -0.0706487    0.702326
-0.00326541  -0.0706486    0.702326
-0.0032651 -0.0706485   0.702326
-0.00326479  -0.0706484    0.702326
-0.0032645 -0.0706483   0.702326
-0.00326421  -0.0706482    0.702326
-0.00326392  -0.0706481    0.702326
-0.00326362   -0.070648    0.702326
-0.00326332  -0.0706479    0.702326
-0.00326303  -0.0706478    0.702326
-0.00326272  -0.0706477    0.702326
-0.00326243  -0.0706476    0.702326
-0.00326216  -0.0706475    0.702326
-0.00326185  -0.0706474    0.702326
-0.00326155  -0.0706473    0.702326
-0.00326125  -0.0706472    0.702326
-0.00326096  -0.0706471    0.702326
-0.00326063   -0.070647    0.702326
-0.00326033  -0.0706469    0.702326
-0.00326003  -0.0706468    0.702326
-0.00325972  -0.0706468    0.702326
-0.00325944  -0.0706467    0.702326
-0.00325914  -0.0706466    0.702326
-0.00325883  -0.0706465    0.702326
-0.00325855  -0.0706464    0.702326
-0.00325826  -0.0706464    0.702326
-0.00325793  -0.0706463    0.702326
-0.00325763  -0.0706462    0.702326
-0.00325733  -0.0706461    0.702326
 -0.003257 -0.0706461   0.702325
-0.0032567  -0.070646   0.702325
-0.00325641  -0.0706459    0.702325
-0.00325609  -0.0706458    0.702325
-0.00325577  -0.0706458    0.702325
-0.00325548  -0.0706457    0.702325
-0.00325516  -0.0706456    0.702325
-0.00325485  -0.0706456    0.702325
-0.00325457  -0.0706455    0.702325
-0.00325423  -0.0706454    0.702325
-0.00325395  -0.0706454    0.702325
-0.00325362  -0.0706453    0.702325
-0.00325331  -0.0706453    0.702325
-0.00325298  -0.0706452    0.702325
-0.0032527 -0.0706452   0.702325
-0.00325239  -0.0706451    0.702325
-0.00325207   -0.070645    0.702325
-0.00325176   -0.070645    0.702325
-0.00325144  -0.0706449    0.702325
-0.00325113  -0.0706449    0.702325
-0.00325081  -0.0706448    0.702325
-0.00325049  -0.0706448    0.702325
-0.00325017  -0.0706447    0.702325
-0.00324985  -0.0706447    0.702325
-0.00324957  -0.0706447    0.702325
-0.00324924  -0.0706446    0.702325
-0.0032489 -0.0706446   0.702325
-0.00324859  -0.0706445    0.702325
-0.00324828  -0.0706445    0.702325
-0.00324795  -0.0706445    0.702325
-0.00324764  -0.0706444    0.702324
-0.00324732  -0.0706444    0.702324
-0.00324699  -0.0706444    0.702324
-0.00324667  -0.0706443    0.702324
-0.00324635  -0.0706443    0.702324
-0.00324604  -0.0706443    0.702324
-0.00324571  -0.0706442    0.702324
-0.00324537  -0.0706442    0.702324
-0.00324504  -0.0706442    0.702324
-0.00324473  -0.0706442    0.702324
-0.00324439  -0.0706441    0.702324
-0.00324409  -0.0706441    0.702324
-0.00324375  -0.0706441    0.702324
-0.00324341  -0.0706441    0.702324
-0.00324311  -0.0706441    0.702324
-0.00324279   -0.070644    0.702324
-0.00324244   -0.070644    0.702324
-0.00324213   -0.070644    0.702324
-0.00324179   -0.070644    0.702324
-0.00324144   -0.070644    0.702324
-0.00324112   -0.070644    0.702324
-0.0032408  -0.070644   0.702324
-0.00324046   -0.070644    0.702324
-0.00324013  -0.0706439    0.702324
-0.0032398 -0.0706439   0.702324
-0.00323946  -0.0706439    0.702324
-0.00323915  -0.0706439    0.702324
-0.0032388 -0.0706439   0.702324
-0.00323847  -0.0706439    0.702324
-0.00323813  -0.0706439    0.702324
-0.00323779  -0.0706439    0.702324
-0.00323744  -0.0706439    0.702324
-0.00323711  -0.0706439    0.702324
-0.0032368  -0.070644   0.702323
-0.00323643   -0.070644    0.702323
-0.00323611   -0.070644    0.702323
-0.00323576   -0.070644    0.702323
-0.00323543   -0.070644    0.702323
-0.00323508   -0.070644    0.702323
-0.00323476   -0.070644    0.702323
-0.00323441   -0.070644    0.702323
-0.00323405   -0.070644    0.702323
-0.00323372  -0.0706441    0.702323
-0.00323338  -0.0706441    0.702323
-0.00323302  -0.0706441    0.702323
-0.00323268  -0.0706441    0.702323
-0.00323234  -0.0706441    0.702323
 -0.003232 -0.0706442   0.702323
-0.00323165  -0.0706442    0.702323
-0.00323129  -0.0706442    0.702323
-0.00323095  -0.0706442    0.702323
-0.00323058  -0.0706443    0.702323
-0.00323026  -0.0706443    0.702323
-0.00322991  -0.0706443    0.702323
-0.00322954  -0.0706444    0.702323
-0.00322921  -0.0706444    0.702323
-0.00322884  -0.0706444    0.702323
-0.00322848  -0.0706445    0.702323
-0.00322815  -0.0706445    0.702323
-0.0032278 -0.0706445   0.702323
-0.00322742  -0.0706446    0.702323
-0.00322708  -0.0706446    0.702323
-0.00322671  -0.0706447    0.702323
-0.00322635  -0.0706447    0.702323
-0.00322601  -0.0706447    0.702323
-0.00322566  -0.0706448    0.702323
-0.00322529  -0.0706448    0.702323
-0.00322494  -0.0706449    0.702322
-0.0032246 -0.0706449   0.702322
-0.00322421   -0.070645    0.702322
-0.00322387   -0.070645    0.702322
-0.00322352  -0.0706451    0.702322
-0.00322315  -0.0706451    0.702322
-0.0032228 -0.0706452   0.702322
-0.00322241  -0.0706453    0.702322
-0.00322207  -0.0706453    0.702322
-0.00322169  -0.0706454    0.702322
-0.00322132  -0.0706454    0.702322
-0.00322095  -0.0706455    0.702322
-0.00322059  -0.0706456    0.702322
-0.00322022  -0.0706456    0.702322
-0.00321985  -0.0706457    0.702322
-0.00321949  -0.0706458    0.702322
-0.0032191 -0.0706458   0.702322
-0.00321878  -0.0706459    0.702322
-0.00321838   -0.070646    0.702322
-0.00321801   -0.070646    0.702322
-0.00321766  -0.0706461    0.702322
-0.00321728  -0.0706462    0.702322
-0.0032169 -0.0706463   0.702322
-0.00321653  -0.0706463    0.702322
-0.00321615  -0.0706464    0.702322
-0.00321576  -0.0706465    0.702322
-0.00321542  -0.0706466    0.702322
-0.00321501  -0.0706467    0.702322
-0.00321466  -0.0706467    0.702322
-0.00321427  -0.0706468    0.702322
-0.00321389  -0.0706469    0.702322
-0.00321353   -0.070647    0.702322
-0.00321314  -0.0706471    0.702322
-0.00321278  -0.0706472    0.702322
-0.00321238  -0.0706473    0.702322
 -0.003212 -0.0706473   0.702322
-0.0032116 -0.0706474   0.702321
-0.00321123  -0.0706475    0.702321
-0.00321086  -0.0706476    0.702321
-0.00321047  -0.0706477    0.702321
-0.00321008  -0.0706478    0.702321
-0.0032097 -0.0706479   0.702321
-0.00320933   -0.070648    0.702321
-0.00320891  -0.0706481    0.702321
-0.00320853  -0.0706482    0.702321
-0.00320816  -0.0706483    0.702321
-0.00320775  -0.0706484    0.702321
-0.00320738  -0.0706485    0.702321
 -0.003207 -0.0706486   0.702321
-0.00320661  -0.0706487    0.702321
-0.00320621  -0.0706489    0.702321
-0.0032058  -0.070649   0.702321
-0.00320541  -0.0706491    0.702321
-0.00320501  -0.0706492    0.702321
-0.00320462  -0.0706493    0.702321
-0.00320422  -0.0706494    0.702321
-0.00320383  -0.0706495    0.702321
-0.00320344  -0.0706496    0.702321
-0.00320305  -0.0706498    0.702321
-0.00320266  -0.0706499    0.702321
-0.00320225    -0.07065    0.702321
-0.00320185  -0.0706501    0.702321
-0.00320145  -0.0706502    0.702321
-0.00320106  -0.0706504    0.702321
-0.00320065  -0.0706505    0.702321
-0.00320025  -0.0706506    0.702321
-0.00319985  -0.0706507    0.702321
-0.00319946  -0.0706509    0.702321
-0.00319903   -0.070651    0.702321
-0.00319862  -0.0706511    0.702321
-0.00319824  -0.0706513    0.702321
-0.00319782  -0.0706514    0.702321
-0.00319743  -0.0706515    0.702321
 -0.003197 -0.0706517   0.702321
-0.00319663  -0.0706518    0.702321
-0.00319621  -0.0706519     0.70232
-0.00319579  -0.0706521     0.70232
-0.00319538  -0.0706522     0.70232
-0.00319496  -0.0706523     0.70232
-0.00319456  -0.0706525     0.70232
-0.00319417  -0.0706526     0.70232
-0.00319375  -0.0706528     0.70232
-0.00319334  -0.0706529     0.70232
-0.0031929  -0.070653    0.70232
-0.00319252  -0.0706532     0.70232
-0.00319208  -0.0706533     0.70232
-0.00319166  -0.0706535     0.70232
-0.00319125  -0.0706536     0.70232
-0.00319083  -0.0706538     0.70232
-0.0031904 -0.0706539    0.70232
-0.00318999  -0.0706541     0.70232
-0.00318959  -0.0706542     0.70232
-0.00318917  -0.0706544     0.70232
-0.00318872  -0.0706545     0.70232
-0.00318831  -0.0706547     0.70232
-0.00318789  -0.0706548     0.70232
-0.00318749   -0.070655     0.70232
-0.00318704  -0.0706552     0.70232
-0.00318661  -0.0706553     0.70232
-0.0031862 -0.0706555    0.70232
-0.00318578  -0.0706556     0.70232
-0.00318535  -0.0706558     0.70232
-0.00318492   -0.070656     0.70232
-0.0031845 -0.0706561    0.70232
-0.00318404  -0.0706563     0.70232
-0.00318361  -0.0706564     0.70232
-0.00318321  -0.0706566     0.70232
-0.00318277  -0.0706568     0.70232
-0.00318231  -0.0706569     0.70232
-0.00318192  -0.0706571     0.70232
-0.00318147  -0.0706573     0.70232
-0.00318105  -0.0706575     0.70232
-0.00318062  -0.0706576     0.70232
-0.00318018  -0.0706578     0.70232
-0.00317972   -0.070658     0.70232
-0.00317929  -0.0706581     0.70232
-0.00317885  -0.0706583    0.702319
-0.0031784 -0.0706585   0.702319
-0.00317798  -0.0706587    0.702319
-0.00317757  -0.0706588    0.702319
-0.00317711   -0.070659    0.702319
-0.00317666  -0.0706592    0.702319
-0.00317622  -0.0706594    0.702319
-0.00317578  -0.0706596    0.702319
-0.00317534  -0.0706597    0.702319
-0.0031749 -0.0706599   0.702319
-0.00317445  -0.0706601    0.702319
-0.00317402  -0.0706603    0.702319
-0.00317356  -0.0706605    0.702319
-0.00317311  -0.0706607    0.702319
-0.00317267  -0.0706608    0.702319
-0.00317221   -0.070661    0.702319
-0.00317178  -0.0706612    0.702319
-0.0031713 -0.0706614   0.702319
-0.00317086  -0.0706616    0.702319
-0.00317042  -0.0706618    0.702319
-0.00316995   -0.070662    0.702319
-0.00316952  -0.0706622    0.702319
-0.00316908  -0.0706623    0.702319
-0.00316863  -0.0706625    0.702319
-0.00316815  -0.0706627    0.702319
-0.00316771  -0.0706629    0.702319
-0.00316726  -0.0706631    0.702319
-0.00316679  -0.0706633    0.702319
-0.00316634  -0.0706635    0.702319
-0.00316587  -0.0706637    0.702319
-0.00316542  -0.0706639    0.702319
-0.00316496  -0.0706641    0.702319
-0.00316451  -0.0706643    0.702319
-0.00316405  -0.0706645    0.702319
-0.00316358  -0.0706647    0.702319
-0.00316313  -0.0706649    0.702319
-0.00316265  -0.0706651    0.702319
-0.00316221  -0.0706653    0.702319
-0.00316175  -0.0706655    0.702319
-0.00316127  -0.0706657    0.702319
-0.0031608 -0.0706659   0.702319
-0.00316034  -0.0706661    0.702319
-0.00315987  -0.0706663    0.702319
-0.00315939  -0.0706665    0.702319
-0.00315893  -0.0706667    0.702318
-0.00315846  -0.0706669    0.702318
 -0.003158 -0.0706672   0.702318
-0.00315751  -0.0706674    0.702318
-0.00315706  -0.0706676    0.702318
-0.00315658  -0.0706678    0.702318
-0.00315612   -0.070668    0.702318
-0.00315564  -0.0706682    0.702318
-0.00315516  -0.0706684    0.702318
-0.00315468  -0.0706686    0.702318
-0.00315422  -0.0706688    0.702318
-0.00315374   -0.070669    0.702318
-0.00315328  -0.0706693    0.702318
-0.00315279  -0.0706695    0.702318
-0.0031523 -0.0706697   0.702318
-0.00315183  -0.0706699    0.702318
-0.00315136  -0.0706701    0.702318
-0.00315087  -0.0706703    0.702318
-0.00315039  -0.0706706    0.702318
-0.00314991  -0.0706708    0.702318
-0.00314945   -0.070671    0.702318
-0.00314893  -0.0706712    0.702318
-0.00314847  -0.0706714    0.702318
-0.00314798  -0.0706716    0.702318
-0.00314752  -0.0706719    0.702318
 -0.003147 -0.0706721   0.702318
-0.00314652  -0.0706723    0.702318
-0.00314603  -0.0706725    0.702318
-0.00314556  -0.0706728    0.702318
-0.00314506   -0.070673    0.702318
-0.00314459  -0.0706732    0.702318
-0.00314409  -0.0706734    0.702318
-0.0031436 -0.0706736   0.702318
-0.00314311  -0.0706739    0.702318
-0.00314263  -0.0706741    0.702318
-0.00314213  -0.0706743    0.702318
-0.00314164  -0.0706745    0.702318
-0.00314115  -0.0706748    0.702318
-0.00314065   -0.070675    0.702318
-0.00314015  -0.0706752    0.702318
-0.00313965  -0.0706754    0.702318
-0.00313917  -0.0706757    0.702318
-0.00313869  -0.0706759    0.702318
-0.00313818  -0.0706761    0.702318
-0.00313766  -0.0706763    0.702318
-0.00313717  -0.0706766    0.702318
-0.00313668  -0.0706768    0.702318
-0.0031362  -0.070677   0.702318
-0.00313566  -0.0706772    0.702318
-0.00313518  -0.0706775    0.702317
-0.00313466  -0.0706777    0.702317
-0.00313418  -0.0706779    0.702317
-0.00313365  -0.0706782    0.702317
-0.00313318  -0.0706784    0.702317
-0.00313267  -0.0706786    0.702317
-0.00313216  -0.0706789    0.702317
-0.00313167  -0.0706791    0.702317
-0.00313116  -0.0706793    0.702317
-0.00313065  -0.0706795    0.702317
-0.00313015  -0.0706798    0.702317
-0.00312964    -0.07068    0.702317
-0.00312913  -0.0706802    0.702317
-0.00312862  -0.0706805    0.702317
-0.00312811  -0.0706807    0.702317
-0.00312759  -0.0706809    0.702317
-0.0031271 -0.0706812   0.702317
-0.00312658  -0.0706814    0.702317
-0.00312607  -0.0706816    0.702317
-0.00312555  -0.0706819    0.702317
-0.00312504  -0.0706821    0.702317
-0.00312453  -0.0706823    0.702317
-0.00312401  -0.0706826    0.702317
-0.00312349  -0.0706828    0.702317
-0.00312299   -0.070683    0.702317
-0.00312249  -0.0706833    0.702317
-0.00312198  -0.0706835    0.702317
-0.00312146  -0.0706837    0.702317
-0.00312091   -0.070684    0.702317
-0.00312041  -0.0706842    0.702317
-0.0031199 -0.0706844   0.702317
-0.00311935  -0.0706847    0.702317
-0.00311884  -0.0706849    0.702317
-0.00311832  -0.0706851    0.702317
-0.00311783  -0.0706854    0.702317
-0.00311729  -0.0706856    0.702317
-0.00311677  -0.0706858    0.702317
-0.00311626  -0.0706861    0.702317
-0.00311575  -0.0706863    0.702317
-0.00311521  -0.0706865    0.702317
-0.0031147 -0.0706868   0.702317
-0.00311416   -0.070687    0.702317
-0.00311366  -0.0706872    0.702317
-0.00311313  -0.0706875    0.702317
-0.00311257  -0.0706877    0.702317
-0.00311205  -0.0706879    0.702317
-0.00311153  -0.0706882    0.702317
 -0.003111 -0.0706884   0.702317
-0.00311048  -0.0706886    0.702317
-0.00310995  -0.0706889    0.702317
-0.00310944  -0.0706891    0.702317
-0.00310891  -0.0706893    0.702316
-0.00310837  -0.0706896    0.702316
-0.00310785  -0.0706898    0.702316
-0.00310731    -0.07069    0.702316
-0.00310678  -0.0706903    0.702316
-0.00310626  -0.0706905    0.702316
-0.00310573  -0.0706907    0.702316
-0.00310519   -0.070691    0.702316
-0.00310468  -0.0706912    0.702316
-0.00310412  -0.0706914    0.702316
-0.0031036 -0.0706917   0.702316
-0.00310307  -0.0706919    0.702316
-0.00310252  -0.0706921    0.702316
 -0.003102 -0.0706924   0.702316
-0.00310148  -0.0706926    0.702316
-0.00310093  -0.0706928    0.702316
-0.00310039  -0.0706931    0.702316
-0.00309985  -0.0706933    0.702316
-0.00309932  -0.0706935    0.702316
-0.00309881  -0.0706938    0.702316
-0.00309825   -0.070694    0.702316
-0.0030977 -0.0706942   0.702316
-0.00309717  -0.0706944    0.702316
-0.00309665  -0.0706947    0.702316
-0.00309608  -0.0706949    0.702316
-0.00309555  -0.0706951    0.702316
-0.00309502  -0.0706954    0.702316
-0.00309449  -0.0706956    0.702316
-0.00309392  -0.0706958    0.702316
-0.00309341  -0.0706961    0.702316
-0.00309287  -0.0706963    0.702316
-0.00309232  -0.0706965    0.702316
-0.00309179  -0.0706967    0.702316
-0.00309122   -0.070697    0.702316
-0.0030907 -0.0706972   0.702316
-0.00309015  -0.0706974    0.702316
-0.00308962  -0.0706976    0.702316
-0.00308907  -0.0706979    0.702316
-0.00308851  -0.0706981    0.702316
-0.00308799  -0.0706983    0.702316
-0.00308743  -0.0706985    0.702316
-0.00308687  -0.0706988    0.702316
-0.00308635   -0.070699    0.702316
-0.00308579  -0.0706992    0.702316
-0.00308525  -0.0706994    0.702316
-0.0030847 -0.0706997   0.702316
-0.00308417  -0.0706999    0.702316
-0.00308361  -0.0707001    0.702316
-0.00308307  -0.0707003    0.702316
-0.00308252  -0.0707006    0.702316
-0.00308197  -0.0707008    0.702315
-0.00308143   -0.070701    0.702315
-0.00308085  -0.0707012    0.702315
-0.00308031  -0.0707014    0.702315
-0.00307977  -0.0707017    0.702315
-0.0030792 -0.0707019   0.702315
-0.00307867  -0.0707021    0.702315
-0.00307812  -0.0707023    0.702315
-0.00307757  -0.0707025    0.702315
 -0.003077 -0.0707027   0.702315
-0.00307646   -0.070703    0.702315
-0.00307594  -0.0707032    0.702315
-0.00307537  -0.0707034    0.702315
-0.0030748 -0.0707036   0.702315
-0.00307427  -0.0707038    0.702315
-0.00307371   -0.070704    0.702315
-0.00307315  -0.0707042    0.702315
-0.00307262  -0.0707045    0.702315
-0.00307203  -0.0707047    0.702315
-0.00307151  -0.0707049    0.702315
-0.00307092  -0.0707051    0.702315
-0.00307038  -0.0707053    0.702315
-0.00306982  -0.0707055    0.702315
-0.00306926  -0.0707057    0.702315
-0.00306871   -0.070706    0.702315
-0.00306816  -0.0707062    0.702315
-0.0030676 -0.0707064   0.702315
-0.00306707  -0.0707066    0.702315
-0.0030665 -0.0707068   0.702315
-0.00306594   -0.070707    0.702315
-0.00306537  -0.0707072    0.702315
-0.00306483  -0.0707074    0.702315
-0.00306427  -0.0707076    0.702315
-0.00306369  -0.0707078    0.702315
-0.00306317   -0.070708    0.702315
-0.00306258  -0.0707082    0.702315
-0.00306206  -0.0707084    0.702315
-0.00306148  -0.0707086    0.702315
-0.00306094  -0.0707088    0.702315
-0.00306036   -0.070709    0.702315
-0.00305979  -0.0707092    0.702315
-0.00305925  -0.0707094    0.702315
-0.0030587 -0.0707096   0.702315
-0.00305814  -0.0707098    0.702315
-0.00305756    -0.07071    0.702315
 -0.003057 -0.0707102   0.702315
-0.00305648  -0.0707104    0.702315
-0.00305588  -0.0707106    0.702315
-0.00305535  -0.0707108    0.702315
-0.00305479   -0.070711    0.702315
-0.00305423  -0.0707112    0.702315
-0.00305366  -0.0707114    0.702315
-0.00305308  -0.0707116    0.702315
-0.00305254  -0.0707118    0.702314
-0.00305197   -0.070712    0.702314
-0.00305142  -0.0707122    0.702314
-0.00305086  -0.0707123    0.702314
-0.00305028  -0.0707125    0.702314
-0.00304974  -0.0707127    0.702314
-0.00304919  -0.0707129    0.702314
-0.00304862  -0.0707131    0.702314
-0.00304806  -0.0707133    0.702314
-0.00304749  -0.0707135    0.702314
-0.00304692  -0.0707136    0.702314
-0.00304636  -0.0707138    0.702314
-0.00304579   -0.070714    0.702314
-0.00304523  -0.0707142    0.702314
-0.00304467  -0.0707144    0.702314
-0.0030441 -0.0707146   0.702314
-0.00304355  -0.0707147    0.702314
-0.00304299  -0.0707149    0.702314
-0.00304244  -0.0707151    0.702314
-0.00304186  -0.0707153    0.702314
-0.00304131  -0.0707154    0.702314
-0.00304074  -0.0707156    0.702314
-0.00304018  -0.0707158    0.702314
-0.00303961   -0.070716    0.702314
-0.00303906  -0.0707162    0.702314
-0.0030385 -0.0707163   0.702314
-0.00303792  -0.0707165    0.702314
-0.00303737  -0.0707167    0.702314
-0.00303678  -0.0707168    0.702314
-0.00303623   -0.070717    0.702314
-0.00303568  -0.0707172    0.702314
-0.0030351 -0.0707173   0.702314
-0.00303455  -0.0707175    0.702314
-0.00303398  -0.0707177    0.702314
-0.00303343  -0.0707178    0.702314
-0.00303287   -0.070718    0.702314
-0.0030323 -0.0707182   0.702314
-0.00303176  -0.0707183    0.702314
-0.00303118  -0.0707185    0.702314
-0.0030306 -0.0707186   0.702314
-0.00303007  -0.0707188    0.702314
-0.00302949   -0.070719    0.702314
-0.00302895  -0.0707191    0.702314
-0.00302837  -0.0707193    0.702314
-0.00302785  -0.0707194    0.702314
-0.00302729  -0.0707196    0.702314
-0.00302676  -0.0707197    0.702314
-0.00302618  -0.0707199    0.702313
-0.00302565    -0.07072    0.702313
-0.00302508  -0.0707202    0.702313
-0.00302455  -0.0707203    0.702313
 -0.003024 -0.0707205   0.702313
-0.00302346  -0.0707206    0.702313
-0.00302293  -0.0707208    0.702313
-0.00302238  -0.0707209    0.702313
-0.00302186  -0.0707211    0.702313
-0.00302131  -0.0707212    0.702313
-0.0030208 -0.0707214   0.702313
-0.00302025  -0.0707215    0.702313
-0.0030197 -0.0707217   0.702313
-0.00301918  -0.0707218    0.702313
-0.00301868  -0.0707219    0.702313
-0.00301813  -0.0707221    0.702313
-0.00301763  -0.0707222    0.702313
-0.00301712  -0.0707224    0.702313
-0.00301659  -0.0707225    0.702313
-0.00301608  -0.0707226    0.702313
-0.00301556  -0.0707228    0.702313
-0.00301506  -0.0707229    0.702313
-0.00301455  -0.0707231    0.702313
-0.00301404  -0.0707232    0.702312
-0.00301355  -0.0707233    0.702312
-0.00301303  -0.0707235    0.702312
-0.00301255  -0.0707236    0.702312
-0.00301203  -0.0707237    0.702312
-0.00301154  -0.0707239    0.702312
-0.00301106   -0.070724    0.702312
-0.00301057  -0.0707241    0.702312
-0.00301007  -0.0707243    0.702312
-0.00300961  -0.0707244    0.702312
-0.00300911  -0.0707245    0.702312
-0.00300861  -0.0707247    0.702312
-0.00300811  -0.0707248    0.702312
-0.00300766  -0.0707249    0.702312
-0.00300716  -0.0707251    0.702311
-0.00300668  -0.0707252    0.702311
-0.00300621  -0.0707253    0.702311
-0.00300573  -0.0707255    0.702311
-0.00300525  -0.0707256    0.702311
-0.0030048 -0.0707257   0.702311
-0.00300433  -0.0707258    0.702311
-0.00300384   -0.070726    0.702311
-0.00300335  -0.0707261    0.702311
-0.0030029 -0.0707262   0.702311
-0.00300241  -0.0707263     0.70231
-0.00300198  -0.0707265     0.70231
-0.00300149  -0.0707266     0.70231
-0.00300103  -0.0707267     0.70231
-0.00300055  -0.0707268     0.70231
-0.0030001  -0.070727    0.70231
-0.00299963  -0.0707271     0.70231
-0.00299916  -0.0707272     0.70231
-0.00299871  -0.0707273     0.70231
-0.00299824  -0.0707275    0.702309
-0.00299777  -0.0707276    0.702309
-0.00299731  -0.0707277    0.702309
-0.00299686  -0.0707278    0.702309
-0.00299641  -0.0707279    0.702309
-0.00299594  -0.0707281    0.702309
-0.00299548  -0.0707282    0.702309
-0.00299504  -0.0707283    0.702309
-0.00299459  -0.0707284    0.702308
-0.00299409  -0.0707285    0.702308
-0.00299365  -0.0707287    0.702308
-0.00299318  -0.0707288    0.702308
-0.00299273  -0.0707289    0.702308
-0.00299225   -0.070729    0.702308
-0.00299182  -0.0707291    0.702308
-0.00299133  -0.0707292    0.702307
-0.00299088  -0.0707293    0.702307
-0.00299043  -0.0707295    0.702307
-0.00298996  -0.0707296    0.702307
-0.00298952  -0.0707297    0.702307
-0.00298906  -0.0707298    0.702307
-0.0029886 -0.0707299   0.702307
-0.00298813    -0.07073    0.702306
-0.00298769  -0.0707301    0.702306
-0.00298723  -0.0707303    0.702306
-0.00298675  -0.0707304    0.702306
-0.00298631  -0.0707305    0.702306
-0.00298582  -0.0707306    0.702306
-0.00298537  -0.0707307    0.702305
-0.0029849 -0.0707308   0.702305
-0.00298445  -0.0707309    0.702305
-0.002984 -0.070731  0.702305
-0.00298353  -0.0707311    0.702305
-0.00298307  -0.0707313    0.702305
-0.0029826 -0.0707314   0.702304
-0.00298214  -0.0707315    0.702304
-0.00298166  -0.0707316    0.702304
-0.00298121  -0.0707317    0.702304
-0.00298072  -0.0707318    0.702304
-0.00298026  -0.0707319    0.702304
-0.00297979   -0.070732    0.702303
-0.00297934  -0.0707321    0.702303
-0.00297886  -0.0707322    0.702303
-0.00297839  -0.0707323    0.702303
-0.00297792  -0.0707324    0.702303
-0.00297744  -0.0707325    0.702302
-0.00297698  -0.0707326    0.702302
-0.00297653  -0.0707327    0.702302
-0.00297603  -0.0707328    0.702302
-0.00297555  -0.0707329    0.702302
-0.00297506   -0.070733    0.702301
-0.0029746 -0.0707331   0.702301
-0.00297413  -0.0707332    0.702301
-0.00297364  -0.0707333    0.702301
-0.00297317  -0.0707335    0.702301
-0.00297269  -0.0707336    0.702301
-0.00297219  -0.0707337      0.7023
-0.00297173  -0.0707338      0.7023
-0.00297122  -0.0707338      0.7023
-0.00297073  -0.0707339      0.7023
-0.00297025  -0.0707341      0.7023
-0.00296976  -0.0707342    0.702299
-0.00296928  -0.0707343    0.702299
-0.00296881  -0.0707344    0.702299
-0.0029683 -0.0707345   0.702299
-0.00296781  -0.0707345    0.702299
-0.00296729  -0.0707346    0.702299
-0.00296679  -0.0707347    0.702298
-0.00296628  -0.0707348    0.702298
-0.00296581  -0.0707349    0.702298
-0.00296532   -0.070735    0.702298
-0.0029648 -0.0707351   0.702298
-0.0029643 -0.0707352   0.702298
-0.00296379  -0.0707353    0.702297
-0.00296328  -0.0707354    0.702297
-0.00296274  -0.0707355    0.702297
-0.00296226  -0.0707356    0.702297
-0.00296175  -0.0707357    0.702297
-0.00296121  -0.0707358    0.702297
-0.00296068  -0.0707359    0.702297
-0.00296016   -0.070736    0.702296
-0.00295964  -0.0707361    0.702296
-0.0029591 -0.0707362   0.702296
-0.00295859  -0.0707363    0.702296
-0.00295805  -0.0707364    0.702296
-0.00295752  -0.0707365    0.702296
 -0.002957 -0.0707365   0.702296
-0.00295644  -0.0707366    0.702296
-0.0029559 -0.0707367   0.702295
-0.00295536  -0.0707368    0.702295
-0.00295484  -0.0707369    0.702295
-0.00295428   -0.070737    0.702295
-0.00295373  -0.0707371    0.702295
-0.00295318  -0.0707372    0.702295
-0.00295264  -0.0707373    0.702295
-0.00295207  -0.0707374    0.702295
-0.00295152  -0.0707375    0.702295
-0.00295097  -0.0707375    0.702295
-0.00295041  -0.0707376    0.702295
-0.00294983  -0.0707377    0.702294
-0.00294928  -0.0707378    0.702294
-0.00294871  -0.0707379    0.702294
-0.00294814   -0.070738    0.702294
-0.00294758  -0.0707381    0.702294
 -0.002947 -0.0707382   0.702294
-0.00294643  -0.0707383    0.702294
-0.00294584  -0.0707383    0.702294
-0.00294528  -0.0707384    0.702294
-0.00294467  -0.0707385    0.702294
-0.00294407  -0.0707386    0.702294
-0.0029435 -0.0707387   0.702294
-0.0029429 -0.0707388   0.702294
-0.00294233  -0.0707389    0.702294
-0.00294172   -0.070739    0.702294
-0.00294112   -0.070739    0.702294
-0.00294054  -0.0707391    0.702294
-0.00293995  -0.0707392    0.702294
-0.00293934  -0.0707393    0.702294
-0.00293872  -0.0707394    0.702294
-0.00293813  -0.0707395    0.702294
-0.00293753  -0.0707396    0.702294
-0.00293693  -0.0707397    0.702294
-0.0029363 -0.0707397   0.702294
-0.00293569  -0.0707398    0.702294
-0.00293508  -0.0707399    0.702294
-0.00293444    -0.07074    0.702294
-0.00293383  -0.0707401    0.702294
-0.00293321  -0.0707402    0.702294
-0.00293258  -0.0707403    0.702294
-0.00293196  -0.0707403    0.702294
-0.00293133  -0.0707404    0.702294
-0.00293071  -0.0707405    0.702294
-0.00293009  -0.0707406    0.702294
-0.00292944  -0.0707407    0.702294
-0.0029288 -0.0707408   0.702294
-0.00292818  -0.0707408    0.702294
-0.00292751  -0.0707409    0.702294
-0.00292688   -0.070741    0.702294
-0.00292626  -0.0707411    0.702294
-0.00292561  -0.0707412    0.702294
-0.00292496  -0.0707413    0.702294
-0.00292431  -0.0707414    0.702295
-0.00292365  -0.0707414    0.702295
 -0.002923 -0.0707415   0.702295
-0.00292233  -0.0707416    0.702295
-0.00292169  -0.0707417    0.702295
 -0.002921 -0.0707418   0.702295
-0.00292036  -0.0707419    0.702295
-0.00291968  -0.0707419    0.702295
-0.00291905   -0.070742    0.702295
-0.00291836  -0.0707421    0.702295
-0.00291769  -0.0707422    0.702295
-0.00291705  -0.0707423    0.702295
-0.00291636  -0.0707424    0.702296
-0.00291568  -0.0707424    0.702296
-0.00291502  -0.0707425    0.702296
-0.00291435  -0.0707426    0.702296
-0.00291367  -0.0707427    0.702296
-0.00291299  -0.0707428    0.702296
-0.00291228  -0.0707429    0.702296
-0.00291161  -0.0707429    0.702296
-0.00291093   -0.070743    0.702297
-0.00291024  -0.0707431    0.702297
-0.00290955  -0.0707432    0.702297
-0.00290884  -0.0707433    0.702297
-0.00290817  -0.0707434    0.702297
-0.00290746  -0.0707434    0.702297
-0.00290677  -0.0707435    0.702297
-0.00290605  -0.0707436    0.702298
-0.00290536  -0.0707437    0.702298
-0.00290464  -0.0707438    0.702298
-0.00290394  -0.0707439    0.702298
-0.00290323  -0.0707439    0.702298
-0.00290252   -0.070744    0.702298
-0.00290181  -0.0707441    0.702298
-0.00290111  -0.0707442    0.702299
-0.00290038  -0.0707443    0.702299
-0.00289965  -0.0707443    0.702299
-0.00289896  -0.0707444    0.702299
-0.0028982 -0.0707445   0.702299
-0.00289746  -0.0707446    0.702299
-0.00289673  -0.0707447      0.7023
-0.00289599  -0.0707448      0.7023
-0.00289526  -0.0707448      0.7023
-0.00289454  -0.0707449      0.7023
-0.00289377   -0.070745      0.7023
-0.00289305  -0.0707451    0.702301
-0.00289228  -0.0707452    0.702301
-0.00289158  -0.0707453    0.702301
-0.00289079  -0.0707453    0.702301
-0.00289005  -0.0707454    0.702301
-0.00288927  -0.0707455    0.702302
-0.00288849  -0.0707456    0.702302
-0.00288773  -0.0707457    0.702302
-0.00288696  -0.0707458    0.702302
-0.0028862 -0.0707459   0.702302
-0.00288544  -0.0707459    0.702303
-0.00288465   -0.070746    0.702303
-0.0028839 -0.0707461   0.702303
-0.0028831 -0.0707462   0.702303
-0.00288234  -0.0707463    0.702303
-0.00288156  -0.0707463    0.702304
-0.00288075  -0.0707464    0.702304
-0.00287994  -0.0707465    0.702304
-0.00287915  -0.0707466    0.702304
-0.00287835  -0.0707467    0.702305
-0.00287755  -0.0707468    0.702305
-0.00287673  -0.0707468    0.702305
-0.00287595  -0.0707469    0.702305
-0.00287514   -0.070747    0.702306
-0.00287432  -0.0707471    0.702306
-0.00287354  -0.0707472    0.702306
-0.0028727 -0.0707472   0.702306
-0.00287186  -0.0707473    0.702307
-0.00287104  -0.0707474    0.702307
-0.00287019  -0.0707475    0.702307
-0.00286933  -0.0707475    0.702307
-0.00286851  -0.0707476    0.702308
-0.00286764  -0.0707477    0.702308
-0.00286683  -0.0707478    0.702308
-0.00286596  -0.0707478    0.702308
-0.0028651 -0.0707479   0.702309
-0.00286423   -0.070748    0.702309
-0.00286336   -0.070748    0.702309
-0.00286246  -0.0707481     0.70231
-0.00286157  -0.0707482     0.70231
-0.0028607 -0.0707482    0.70231
-0.00285981  -0.0707483     0.70231
-0.00285889  -0.0707484    0.702311
 -0.002858 -0.0707485   0.702311
-0.00285712  -0.0707485    0.702311
-0.00285621  -0.0707486    0.702312
-0.00285529  -0.0707486    0.702312
-0.00285439  -0.0707487    0.702312
-0.00285347  -0.0707488    0.702313
-0.00285255  -0.0707488    0.702313
-0.00285161  -0.0707489    0.702313
-0.00285068   -0.070749    0.702314
-0.00284976   -0.070749    0.702314
-0.00284882  -0.0707491    0.702314
-0.00284787  -0.0707492    0.702315
-0.00284695  -0.0707492    0.702315
-0.00284603  -0.0707493    0.702315
-0.00284508  -0.0707493    0.702316
-0.00284412  -0.0707494    0.702316
-0.00284319  -0.0707494    0.702317
-0.00284223  -0.0707495    0.702317
-0.00284128  -0.0707496    0.702317
-0.00284034  -0.0707496    0.702318
-0.00283937  -0.0707497    0.702318
-0.00283841  -0.0707497    0.702318
-0.00283746  -0.0707498    0.702319
-0.00283653  -0.0707498    0.702319
-0.00283555  -0.0707498    0.702319
-0.0028346 -0.0707499    0.70232
-0.00283367  -0.0707499     0.70232
-0.00283272    -0.07075    0.702321
-0.00283175    -0.07075    0.702321
-0.00283082    -0.07075    0.702321
-0.00282986  -0.0707501    0.702322
-0.00282893  -0.0707501    0.702322
-0.00282799  -0.0707501    0.702322
-0.00282702  -0.0707502    0.702323
-0.00282609  -0.0707502    0.702323
-0.00282516  -0.0707502    0.702323
-0.00282426  -0.0707502    0.702324
-0.00282332  -0.0707503    0.702324
-0.00282238  -0.0707503    0.702324
-0.00282145  -0.0707503    0.702325
-0.00282053  -0.0707503    0.702325
-0.00281962  -0.0707503    0.702325
-0.00281868  -0.0707503    0.702326
-0.00281777  -0.0707504    0.702326
-0.00281689  -0.0707504    0.702326
-0.00281598  -0.0707504    0.702327
-0.00281507  -0.0707504    0.702327
-0.00281418  -0.0707504    0.702327
-0.00281328  -0.0707504    0.702328
-0.0028124 -0.0707504   0.702328
-0.00281152  -0.0707504    0.702328
-0.00281063  -0.0707504    0.702329
-0.00280978  -0.0707504    0.702329
-0.00280886  -0.0707504    0.702329
-0.00280803  -0.0707504    0.702329
-0.00280713  -0.0707504     0.70233
-0.00280629  -0.0707503     0.70233
-0.00280542  -0.0707503     0.70233
-0.00280458  -0.0707503    0.702331
-0.00280371  -0.0707503    0.702331
-0.00280287  -0.0707503    0.702331
 -0.002802 -0.0707503   0.702331
-0.0028012 -0.0707503   0.702332
-0.00280036  -0.0707502    0.702332
-0.0027995 -0.0707502   0.702332
-0.00279868  -0.0707502    0.702332
-0.00279785  -0.0707502    0.702333
-0.00279703  -0.0707501    0.702333
-0.00279617  -0.0707501    0.702333
-0.00279537  -0.0707501    0.702333
-0.00279452  -0.0707501    0.702333
-0.0027937   -0.07075   0.702334
-0.00279288    -0.07075    0.702334
-0.00279211    -0.07075    0.702334
-0.0027913 -0.0707499   0.702334
-0.00279048  -0.0707499    0.702335
-0.00278971  -0.0707499    0.702335
-0.0027889 -0.0707498   0.702335
-0.00278807  -0.0707498    0.702335
-0.00278728  -0.0707497    0.702335
-0.0027865 -0.0707497   0.702336
-0.00278568  -0.0707497    0.702336
-0.00278491  -0.0707496    0.702336
-0.00278411  -0.0707496    0.702336
-0.00278332  -0.0707495    0.702336
-0.00278256  -0.0707495    0.702336
-0.00278182  -0.0707494    0.702337
-0.00278103  -0.0707494    0.702337
-0.00278027  -0.0707493    0.702337
-0.00277951  -0.0707493    0.702337
-0.00277871  -0.0707492    0.702337
-0.00277797  -0.0707492    0.702337
-0.00277722  -0.0707491    0.702338
-0.00277644  -0.0707491    0.702338
-0.0027757  -0.070749   0.702338
-0.00277494  -0.0707489    0.702338
-0.00277422  -0.0707489    0.702338
-0.00277348  -0.0707488    0.702338
-0.00277276  -0.0707488    0.702339
-0.00277203  -0.0707487    0.702339
-0.00277129  -0.0707486    0.702339
-0.00277055  -0.0707486    0.702339
-0.00276983  -0.0707485    0.702339
-0.00276907  -0.0707485    0.702339
-0.00276835  -0.0707484    0.702339
-0.00276765  -0.0707483    0.702339
-0.00276696  -0.0707483     0.70234
-0.00276627  -0.0707482     0.70234
-0.00276556  -0.0707481     0.70234
-0.00276486  -0.0707481     0.70234
-0.00276414   -0.070748     0.70234
-0.00276344  -0.0707479     0.70234
-0.00276276  -0.0707478     0.70234
-0.00276208  -0.0707478     0.70234
-0.00276137  -0.0707477     0.70234
-0.00276069  -0.0707476    0.702341
-0.00276004  -0.0707475    0.702341
-0.00275935  -0.0707475    0.702341
-0.00275871  -0.0707474    0.702341
-0.00275803  -0.0707473    0.702341
-0.00275738  -0.0707472    0.702341
-0.00275669  -0.0707472    0.702341
-0.00275606  -0.0707471    0.702341
-0.0027554  -0.070747   0.702341
-0.00275474  -0.0707469    0.702341
-0.00275409  -0.0707468    0.702342
-0.00275343  -0.0707467    0.702342
-0.00275277  -0.0707467    0.702342
-0.00275214  -0.0707466    0.702342
-0.00275152  -0.0707465    0.702342
-0.0027509 -0.0707464   0.702342
-0.00275028  -0.0707463    0.702342
-0.00274965  -0.0707462    0.702342
-0.00274904  -0.0707462    0.702342
-0.00274842  -0.0707461    0.702342
-0.0027478  -0.070746   0.702342
-0.0027472 -0.0707459   0.702342
-0.00274655  -0.0707458    0.702342
-0.00274594  -0.0707457    0.702342
-0.00274536  -0.0707456    0.702343
-0.00274475  -0.0707455    0.702343
-0.00274416  -0.0707454    0.702343
-0.00274358  -0.0707454    0.702343
 -0.002743 -0.0707453   0.702343
-0.00274242  -0.0707452    0.702343
-0.00274183  -0.0707451    0.702343
-0.00274123   -0.070745    0.702343
-0.00274066  -0.0707449    0.702343
-0.00274006  -0.0707448    0.702343
-0.00273949  -0.0707447    0.702343
-0.00273895  -0.0707446    0.702343
-0.00273839  -0.0707445    0.702343
-0.00273784  -0.0707444    0.702343
-0.00273725  -0.0707443    0.702343
-0.00273674  -0.0707442    0.702343
-0.00273617  -0.0707441    0.702343
-0.00273562   -0.070744    0.702343
-0.00273507  -0.0707439    0.702343
-0.00273453  -0.0707438    0.702343
-0.00273398  -0.0707437    0.702343
-0.00273344  -0.0707436    0.702344
-0.00273292  -0.0707435    0.702344
-0.0027324 -0.0707434   0.702344
-0.00273186  -0.0707433    0.702344
-0.00273134  -0.0707432    0.702344
-0.00273083  -0.0707431    0.702344
-0.00273033   -0.070743    0.702344
-0.00272979  -0.0707429    0.702344
-0.0027293 -0.0707428   0.702344
-0.00272878  -0.0707427    0.702344
-0.00272827  -0.0707426    0.702344
-0.00272778  -0.0707425    0.702344
-0.00272727  -0.0707424    0.702344
-0.00272678  -0.0707423    0.702344
-0.00272629  -0.0707422    0.702344
-0.00272583  -0.0707421    0.702344
-0.00272532   -0.070742    0.702344
-0.00272484  -0.0707418    0.702344
-0.00272437  -0.0707417    0.702344
-0.00272389  -0.0707416    0.702344
-0.00272344  -0.0707415    0.702344
-0.00272296  -0.0707414    0.702344
-0.00272249  -0.0707413    0.702344
 -0.002722 -0.0707412   0.702344
-0.00272157  -0.0707411    0.702344
-0.00272108   -0.070741    0.702344
-0.00272066  -0.0707409    0.702344
-0.00272021  -0.0707408    0.702344
-0.00271975  -0.0707407    0.702344
-0.00271932  -0.0707405    0.702344
-0.00271888  -0.0707404    0.702344
-0.00271844  -0.0707403    0.702344
-0.00271803  -0.0707402    0.702344
-0.0027176 -0.0707401   0.702344
-0.00271717    -0.07074    0.702344
-0.00271674  -0.0707399    0.702344
-0.0027163 -0.0707398   0.702344
-0.00271593  -0.0707397    0.702344
-0.00271548  -0.0707396    0.702344
-0.00271508  -0.0707394    0.702344
-0.00271467  -0.0707393    0.702344
-0.00271429  -0.0707392    0.702344
-0.00271389  -0.0707391    0.702344
-0.00271348   -0.070739    0.702344
-0.00271308  -0.0707389    0.702344
-0.00271271  -0.0707388    0.702344
-0.00271232  -0.0707387    0.702344
-0.00271195  -0.0707386    0.702344
-0.00271157  -0.0707384    0.702344
-0.00271119  -0.0707383    0.702344
-0.00271082  -0.0707382    0.702344
-0.00271047  -0.0707381    0.702344
-0.00271007   -0.070738    0.702344
-0.00270973  -0.0707379    0.702344
-0.00270938  -0.0707378    0.702344
-0.00270904  -0.0707377    0.702344
-0.0027087 -0.0707376   0.702344
-0.00270835  -0.0707375    0.702344
-0.00270799  -0.0707374    0.702344
-0.00270767  -0.0707372    0.702344
-0.00270732  -0.0707371    0.702344
-0.00270701   -0.070737    0.702344
-0.00270669  -0.0707369    0.702344
-0.00270635  -0.0707368    0.702344
-0.00270604  -0.0707367    0.702344
-0.00270572  -0.0707366    0.702344
-0.00270542  -0.0707365    0.702344
-0.00270513  -0.0707364    0.702344
-0.00270481  -0.0707363    0.702344
-0.00270451  -0.0707362    0.702344
-0.00270421  -0.0707361    0.702344
-0.00270393   -0.070736    0.702344
-0.00270365  -0.0707359    0.702344
-0.00270335  -0.0707358    0.702344
-0.00270309  -0.0707357    0.702344
-0.0027028 -0.0707356   0.702344
-0.00270254  -0.0707355    0.702344
-0.00270227  -0.0707354    0.702344
 -0.002702 -0.0707353   0.702344
-0.00270175  -0.0707352    0.702344
-0.00270151  -0.0707351    0.702344
-0.00270124   -0.070735    0.702344
-0.00270102  -0.0707349    0.702344
-0.00270076  -0.0707348    0.702344
-0.00270056  -0.0707347    0.702344
-0.00270031  -0.0707346    0.702344
-0.00270007  -0.0707345    0.702344
-0.00269985  -0.0707344    0.702344
-0.00269964  -0.0707343    0.702344
-0.00269941  -0.0707342    0.702344
-0.00269921  -0.0707341    0.702344
-0.00269899   -0.070734    0.702344
-0.00269876  -0.0707339    0.702344
-0.00269858  -0.0707339    0.702343
-0.00269838  -0.0707338    0.702343
-0.00269818  -0.0707337    0.702343
-0.00269801  -0.0707336    0.702343
-0.0026978 -0.0707335   0.702343
-0.00269764  -0.0707334    0.702343
-0.00269746  -0.0707333    0.702343
-0.00269729  -0.0707332    0.702343
-0.00269711  -0.0707331    0.702343
-0.00269697  -0.0707331    0.702343
-0.0026968  -0.070733   0.702343
-0.00269662  -0.0707329    0.702343
-0.00269649  -0.0707328    0.702343
-0.00269634  -0.0707327    0.702343
-0.00269619  -0.0707327    0.702343
-0.00269604  -0.0707326    0.702342
-0.00269593  -0.0707325    0.702342
-0.00269577  -0.0707324    0.702342
-0.00269562  -0.0707323    0.702342
-0.00269551  -0.0707323    0.702342
-0.00269538  -0.0707322    0.702342
-0.00269524  -0.0707321    0.702342
-0.00269513   -0.070732    0.702342
-0.00269502   -0.070732    0.702342
-0.00269489  -0.0707319    0.702342
-0.00269479  -0.0707318    0.702342
-0.00269465  -0.0707317    0.702341
-0.00269456  -0.0707317    0.702341
-0.00269442  -0.0707316    0.702341
-0.00269431  -0.0707315    0.702341
-0.00269417  -0.0707315    0.702341
-0.00269408  -0.0707314    0.702341
-0.00269393  -0.0707313    0.702341
-0.00269383  -0.0707313    0.702341
-0.00269374  -0.0707312    0.702341
-0.0026936 -0.0707311   0.702341
-0.0026935 -0.0707311    0.70234
-0.00269342   -0.070731     0.70234
-0.00269329  -0.0707309     0.70234
-0.00269318  -0.0707309     0.70234
-0.0026931 -0.0707308    0.70234
-0.00269296  -0.0707307     0.70234
-0.00269287  -0.0707307     0.70234
-0.00269276  -0.0707306     0.70234
-0.00269262  -0.0707306     0.70234
-0.00269254  -0.0707305    0.702339
-0.00269244  -0.0707305    0.702339
-0.00269233  -0.0707304    0.702339
-0.00269224  -0.0707303    0.702339
-0.00269216  -0.0707303    0.702339
-0.00269203  -0.0707302    0.702339
-0.00269194  -0.0707302    0.702339
-0.00269185  -0.0707301    0.702339
-0.00269173  -0.0707301    0.702338
-0.00269165    -0.07073    0.702338
-0.00269152    -0.07073    0.702338
-0.00269142  -0.0707299    0.702338
-0.00269132  -0.0707299    0.702338
-0.00269123  -0.0707298    0.702338
-0.00269112  -0.0707298    0.702338
 -0.002691 -0.0707298   0.702337
-0.0026909 -0.0707297   0.702337
-0.00269081  -0.0707297    0.702337
-0.00269068  -0.0707296    0.702337
-0.00269057  -0.0707296    0.702337
-0.00269043  -0.0707295    0.702337
-0.00269032  -0.0707295    0.702337
-0.00269017  -0.0707295    0.702336
-0.00269003  -0.0707294    0.702336
-0.00268987  -0.0707294    0.702336
-0.00268975  -0.0707294    0.702336
-0.00268957  -0.0707293    0.702336
-0.00268944  -0.0707293    0.702336
-0.00268928  -0.0707292    0.702335
-0.00268914  -0.0707292    0.702335
-0.00268896  -0.0707292    0.702335
-0.00268878  -0.0707291    0.702335
-0.00268859  -0.0707291    0.702335
-0.0026884 -0.0707291   0.702335
-0.0026882 -0.0707291   0.702334
-0.00268801   -0.070729    0.702334
-0.00268777   -0.070729    0.702334
-0.00268759   -0.070729    0.702334
-0.00268736  -0.0707289    0.702334
-0.00268715  -0.0707289    0.702333
-0.00268696  -0.0707289    0.702333
-0.00268674  -0.0707289    0.702333
-0.00268653  -0.0707288    0.702333
-0.00268628  -0.0707288    0.702333
-0.00268606  -0.0707288    0.702332
-0.00268581  -0.0707288    0.702332
-0.00268558  -0.0707288    0.702332
-0.00268533  -0.0707287    0.702332
-0.00268508  -0.0707287    0.702332
-0.00268482  -0.0707287    0.702331
-0.00268458  -0.0707287    0.702331
-0.00268433  -0.0707287    0.702331
-0.00268411  -0.0707286    0.702331
-0.00268383  -0.0707286    0.702331
-0.0026836 -0.0707286    0.70233
-0.00268332  -0.0707286     0.70233
-0.00268307  -0.0707286     0.70233
-0.00268278  -0.0707286     0.70233
-0.00268253  -0.0707286    0.702329
-0.00268227  -0.0707286    0.702329
-0.00268199  -0.0707285    0.702329
-0.00268173  -0.0707285    0.702329
-0.00268149  -0.0707285    0.702329
-0.00268124  -0.0707285    0.702328
-0.00268096  -0.0707285    0.702328
-0.00268069  -0.0707285    0.702328
-0.00268041  -0.0707285    0.702328
-0.00268016  -0.0707285    0.702327
-0.0026799 -0.0707285   0.702327
-0.00267964  -0.0707285    0.702327
-0.00267936  -0.0707285    0.702327
-0.00267909  -0.0707285    0.702326
-0.00267883  -0.0707285    0.702326
-0.00267858  -0.0707285    0.702326
-0.00267833  -0.0707285    0.702326
-0.00267807  -0.0707285    0.702325
-0.00267783  -0.0707285    0.702325
-0.00267757  -0.0707285    0.702325
-0.00267734  -0.0707285    0.702325
-0.00267707  -0.0707285    0.702324
-0.00267682  -0.0707285    0.702324
-0.00267656  -0.0707285    0.702324
-0.00267632  -0.0707285    0.702323
-0.00267606  -0.0707285    0.702323
-0.00267583  -0.0707285    0.702323
-0.0026756 -0.0707286   0.702323
-0.00267536  -0.0707286    0.702322
-0.00267515  -0.0707286    0.702322
-0.00267492  -0.0707286    0.702322
-0.00267471  -0.0707286    0.702322
-0.00267449  -0.0707286    0.702321
-0.00267427  -0.0707286    0.702321
-0.00267405  -0.0707286    0.702321
-0.00267388  -0.0707286    0.702321
-0.00267369  -0.0707287     0.70232
-0.00267349  -0.0707287     0.70232
-0.00267329  -0.0707287     0.70232
-0.00267308  -0.0707287     0.70232
-0.00267292  -0.0707287     0.70232
-0.00267274  -0.0707287    0.702319
-0.00267256  -0.0707288    0.702319
-0.00267237  -0.0707288    0.702319
-0.00267223  -0.0707288    0.702319
-0.00267208  -0.0707288    0.702319
-0.0026719 -0.0707288   0.702318
-0.00267175  -0.0707288    0.702318
-0.0026716 -0.0707289   0.702318
-0.00267146  -0.0707289    0.702318
-0.00267129  -0.0707289    0.702318
-0.00267118  -0.0707289    0.702317
-0.00267104   -0.070729    0.702317
-0.0026709  -0.070729   0.702317
-0.00267076   -0.070729    0.702317
-0.00267065   -0.070729    0.702317
-0.00267052  -0.0707291    0.702317
-0.00267042  -0.0707291    0.702316
-0.0026703 -0.0707291   0.702316
-0.00267023  -0.0707291    0.702316
-0.00267009  -0.0707292    0.702316
  -0.00267 -0.0707292   0.702316
-0.0026699 -0.0707292   0.702316
-0.00266981  -0.0707293    0.702315
-0.00266974  -0.0707293    0.702315
-0.00266963  -0.0707293    0.702315
-0.00266957  -0.0707293    0.702315
-0.00266947  -0.0707294    0.702315
-0.00266941  -0.0707294    0.702315
-0.00266934  -0.0707295    0.702315
-0.00266928  -0.0707295    0.702314
-0.00266924  -0.0707295    0.702314
-0.00266917  -0.0707296    0.702314
-0.0026691 -0.0707296   0.702314
-0.00266906  -0.0707296    0.702314
 -0.002669 -0.0707297   0.702314
-0.00266894  -0.0707297    0.702314
-0.00266892  -0.0707298    0.702313
-0.00266887  -0.0707298    0.702313
-0.00266882  -0.0707298    0.702313
-0.00266879  -0.0707299    0.702313
-0.00266878  -0.0707299    0.702313
-0.00266877    -0.07073    0.702313
-0.00266873    -0.07073    0.702313
-0.00266871  -0.0707301    0.702313
-0.00266868  -0.0707301    0.702312
-0.00266865  -0.0707302    0.702312
-0.00266866  -0.0707302    0.702312
-0.00266865  -0.0707303    0.702312
-0.00266864  -0.0707303    0.702312
-0.00266864  -0.0707304    0.702312
-0.00266863  -0.0707304    0.702312
-0.00266865  -0.0707305    0.702312
-0.00266866  -0.0707305    0.702311
-0.00266871  -0.0707306    0.702311
-0.00266873  -0.0707306    0.702311
-0.00266872  -0.0707307    0.702311
-0.00266874  -0.0707307    0.702311
-0.00266874  -0.0707308    0.702311
-0.00266878  -0.0707308    0.702311
-0.00266881  -0.0707309    0.702311
-0.00266882  -0.0707309     0.70231
-0.00266887   -0.070731     0.70231
-0.00266892   -0.070731     0.70231
-0.00266897  -0.0707311     0.70231
-0.00266901  -0.0707312     0.70231
-0.00266906  -0.0707312     0.70231
-0.00266911  -0.0707313     0.70231
-0.00266917  -0.0707313     0.70231
-0.00266923  -0.0707314     0.70231
-0.00266927  -0.0707314     0.70231
-0.00266934  -0.0707315    0.702309
-0.0026694 -0.0707315   0.702309
-0.00266947  -0.0707316    0.702309
-0.00266954  -0.0707317    0.702309
-0.00266961  -0.0707317    0.702309
-0.0026697 -0.0707318   0.702309
-0.00266977  -0.0707318    0.702309
-0.00266988  -0.0707319    0.702309
-0.00266995  -0.0707319    0.702309
-0.00267004   -0.070732    0.702309
-0.00267013  -0.0707321    0.702308
-0.00267023  -0.0707321    0.702308
-0.0026703 -0.0707322   0.702308
-0.0026704 -0.0707322   0.702308
-0.00267052  -0.0707323    0.702308
-0.00267063  -0.0707323    0.702308
-0.00267074  -0.0707324    0.702308
-0.00267084  -0.0707325    0.702308
-0.00267097  -0.0707325    0.702308
-0.00267108  -0.0707326    0.702308
-0.0026712 -0.0707326   0.702308
-0.0026713 -0.0707327   0.702308
-0.00267141  -0.0707328    0.702307
-0.00267157  -0.0707328    0.702307
-0.00267168  -0.0707329    0.702307
-0.0026718 -0.0707329   0.702307
-0.00267196   -0.070733    0.702307
-0.00267208  -0.0707331    0.702307
-0.00267221  -0.0707331    0.702307
-0.00267237  -0.0707332    0.702307
-0.00267251  -0.0707333    0.702307
-0.00267263  -0.0707333    0.702307
-0.00267278  -0.0707334    0.702307
-0.00267291  -0.0707334    0.702307
-0.00267308  -0.0707335    0.702307
-0.00267324  -0.0707336    0.702307
-0.00267339  -0.0707336    0.702307
-0.00267354  -0.0707337    0.702306
-0.00267369  -0.0707338    0.702306
-0.00267385  -0.0707338    0.702306
-0.00267401  -0.0707339    0.702306
-0.0026742  -0.070734   0.702306
-0.00267437   -0.070734    0.702306
-0.00267451  -0.0707341    0.702306
-0.00267469  -0.0707341    0.702306
-0.00267485  -0.0707342    0.702306
-0.00267503  -0.0707343    0.702306
-0.00267522  -0.0707343    0.702306
-0.00267538  -0.0707344    0.702306
-0.00267556  -0.0707345    0.702306
-0.00267575  -0.0707345    0.702306
-0.00267593  -0.0707346    0.702306
-0.00267612  -0.0707347    0.702306
-0.0026763 -0.0707347   0.702306
-0.00267646  -0.0707348    0.702305
-0.00267667  -0.0707349    0.702305
-0.00267683  -0.0707349    0.702305
-0.00267704   -0.070735    0.702305
-0.00267722   -0.070735    0.702305
-0.00267742  -0.0707351    0.702305
-0.00267762  -0.0707352    0.702305
-0.0026778 -0.0707353   0.702305
-0.00267802  -0.0707353    0.702305
-0.00267821  -0.0707354    0.702305
-0.00267842  -0.0707355    0.702305
-0.00267861  -0.0707355    0.702305
-0.00267882  -0.0707356    0.702305
-0.00267902  -0.0707357    0.702305
-0.00267922  -0.0707357    0.702305
-0.00267943  -0.0707358    0.702305
-0.00267962  -0.0707359    0.702305
-0.00267985  -0.0707359    0.702305
-0.00268007   -0.070736    0.702305
-0.00268025  -0.0707361    0.702305
-0.00268047  -0.0707362    0.702304
-0.00268069  -0.0707362    0.702304
-0.00268092  -0.0707363    0.702304
-0.0026811 -0.0707364   0.702304
-0.00268131  -0.0707364    0.702304
-0.00268155  -0.0707365    0.702304
-0.00268176  -0.0707366    0.702304
-0.00268199  -0.0707366    0.702304
-0.00268219  -0.0707367    0.702304
-0.00268242  -0.0707368    0.702304
-0.00268265  -0.0707369    0.702304
-0.00268286  -0.0707369    0.702304
-0.00268309   -0.070737    0.702304
-0.00268332  -0.0707371    0.702304
-0.00268353  -0.0707372    0.702304
-0.00268379  -0.0707372    0.702304
-0.00268402  -0.0707373    0.702304
-0.00268423  -0.0707374    0.702304
-0.00268444  -0.0707375    0.702304
-0.00268468  -0.0707375    0.702304
-0.0026849 -0.0707376   0.702304
-0.00268514  -0.0707377    0.702304
-0.00268538  -0.0707378    0.702304
-0.00268559  -0.0707378    0.702304
-0.00268582  -0.0707379    0.702304
-0.00268609   -0.070738    0.702304
-0.00268632  -0.0707381    0.702303
-0.00268652  -0.0707381    0.702303
-0.00268676  -0.0707382    0.702303
 -0.002687 -0.0707383   0.702303
-0.00268725  -0.0707384    0.702303
-0.00268746  -0.0707384    0.702303
-0.00268771  -0.0707385    0.702303
-0.00268796  -0.0707386    0.702303
-0.00268821  -0.0707387    0.702303
-0.00268843  -0.0707388    0.702303
-0.00268867  -0.0707388    0.702303
-0.00268892  -0.0707389    0.702303
-0.00268912   -0.070739    0.702303
-0.00268937  -0.0707391    0.702303
-0.00268961  -0.0707391    0.702303
-0.00268985  -0.0707392    0.702303
-0.00269007  -0.0707393    0.702303
-0.00269032  -0.0707394    0.702303
-0.00269052  -0.0707394    0.702303
-0.00269076  -0.0707395    0.702303
-0.00269098  -0.0707396    0.702303
-0.00269125  -0.0707397    0.702303
-0.00269145  -0.0707398    0.702303
-0.00269168  -0.0707398    0.702303
-0.00269194  -0.0707399    0.702303
-0.00269215    -0.07074    0.702303
-0.00269239    -0.07074    0.702303
-0.00269259  -0.0707401    0.702303
-0.00269284  -0.0707402    0.702303
-0.00269305  -0.0707403    0.702303
-0.00269329  -0.0707403    0.702303
-0.00269349  -0.0707404    0.702303
-0.00269371  -0.0707405    0.702303
-0.00269393  -0.0707406    0.702303
-0.00269417  -0.0707406    0.702303
-0.00269438  -0.0707407    0.702304
-0.00269458  -0.0707408    0.702304
-0.00269481  -0.0707409    0.702304
-0.00269503  -0.0707409    0.702304
-0.00269524   -0.070741    0.702304
-0.00269544  -0.0707411    0.702304
-0.00269563  -0.0707412    0.702304
-0.00269586  -0.0707412    0.702304
-0.00269608  -0.0707413    0.702304
-0.00269629  -0.0707414    0.702304
-0.00269647  -0.0707414    0.702304
-0.00269667  -0.0707415    0.702304
-0.00269687  -0.0707416    0.702304
-0.00269707  -0.0707417    0.702304
-0.00269725  -0.0707417    0.702304
-0.00269745  -0.0707418    0.702304
-0.00269764  -0.0707419    0.702304
-0.00269785  -0.0707419    0.702304
-0.00269804   -0.070742    0.702305
-0.00269822  -0.0707421    0.702305
-0.0026984 -0.0707421   0.702305
-0.00269857  -0.0707422    0.702305
-0.00269877  -0.0707423    0.702305
-0.00269892  -0.0707424    0.702305
-0.0026991 -0.0707424   0.702305
-0.00269927  -0.0707425    0.702305
-0.00269947  -0.0707426    0.702305
-0.00269962  -0.0707426    0.702305
-0.00269979  -0.0707427    0.702305
-0.00269995  -0.0707428    0.702306
-0.00270011  -0.0707428    0.702306
-0.00270029  -0.0707429    0.702306
-0.00270042   -0.070743    0.702306
-0.00270058   -0.070743    0.702306
-0.00270076  -0.0707431    0.702306
-0.00270089  -0.0707432    0.702306
-0.00270103  -0.0707432    0.702306
-0.00270117  -0.0707433    0.702306
-0.00270133  -0.0707434    0.702307
-0.00270145  -0.0707434    0.702307
-0.0027016 -0.0707435   0.702307
-0.00270173  -0.0707436    0.702307
-0.00270188  -0.0707436    0.702307
-0.00270199  -0.0707437    0.702307
-0.00270212  -0.0707438    0.702307
-0.00270224  -0.0707438    0.702307
-0.00270235  -0.0707439    0.702308
-0.00270246  -0.0707439    0.702308
-0.00270262   -0.070744    0.702308
-0.00270272  -0.0707441    0.702308
-0.00270281  -0.0707441    0.702308
-0.00270295  -0.0707442    0.702308
-0.00270305  -0.0707442    0.702308
-0.00270312  -0.0707443    0.702309
-0.00270325  -0.0707444    0.702309
-0.00270333  -0.0707444    0.702309
-0.00270343  -0.0707445    0.702309
-0.0027035 -0.0707446   0.702309
-0.0027036 -0.0707446   0.702309
-0.00270368  -0.0707447     0.70231
-0.00270377  -0.0707447     0.70231
-0.00270385  -0.0707448     0.70231
-0.00270392  -0.0707449     0.70231
-0.00270401  -0.0707449     0.70231
-0.00270408   -0.070745     0.70231
-0.00270413   -0.070745    0.702311
-0.00270419  -0.0707451    0.702311
-0.00270426  -0.0707452    0.702311
-0.00270429  -0.0707452    0.702311
-0.00270436  -0.0707453    0.702311
-0.00270441  -0.0707453    0.702312
-0.00270445  -0.0707454    0.702312
-0.0027045 -0.0707454   0.702312
-0.00270455  -0.0707455    0.702312
-0.0027046 -0.0707456   0.702312
-0.00270463  -0.0707456    0.702313
-0.00270466  -0.0707457    0.702313
-0.00270466  -0.0707457    0.702313
-0.0027047 -0.0707458   0.702313
-0.00270472  -0.0707458    0.702313
-0.00270476  -0.0707459    0.702314
-0.00270476  -0.0707459    0.702314
-0.00270477   -0.070746    0.702314
-0.00270475  -0.0707461    0.702314
-0.00270478  -0.0707461    0.702314
-0.00270475  -0.0707462    0.702315
-0.00270477  -0.0707462    0.702315
-0.00270477  -0.0707463    0.702315
-0.00270474  -0.0707463    0.702315
-0.00270474  -0.0707464    0.702316
-0.00270472  -0.0707464    0.702316
-0.00270468  -0.0707465    0.702316
-0.00270466  -0.0707465    0.702316
-0.00270463  -0.0707466    0.702317
-0.00270461  -0.0707466    0.702317
-0.00270456  -0.0707467    0.702317
-0.00270451  -0.0707467    0.702317
-0.00270449  -0.0707468    0.702317
-0.00270442  -0.0707468    0.702318
-0.00270438  -0.0707469    0.702318
-0.0027043 -0.0707469   0.702318
-0.00270427   -0.070747    0.702318
-0.0027042  -0.070747   0.702319
-0.00270411  -0.0707471    0.702319
-0.00270404  -0.0707471    0.702319
-0.00270398  -0.0707472     0.70232
-0.00270392  -0.0707472     0.70232
-0.00270381  -0.0707473     0.70232
-0.00270373  -0.0707473     0.70232
-0.00270362  -0.0707474    0.702321
-0.00270352  -0.0707474    0.702321
-0.00270343  -0.0707475    0.702321
-0.00270334  -0.0707475    0.702321
-0.00270321  -0.0707475    0.702322
-0.00270311  -0.0707476    0.702322
 -0.002703 -0.0707476   0.702322
-0.00270287  -0.0707477    0.702322
-0.00270277  -0.0707477    0.702323
-0.00270262  -0.0707478    0.702323
-0.0027025 -0.0707478   0.702323
-0.00270236  -0.0707478    0.702324
-0.00270223  -0.0707479    0.702324
-0.00270206  -0.0707479    0.702324
-0.00270192   -0.070748    0.702325
-0.00270176   -0.070748    0.702325
-0.00270161  -0.0707481    0.702325
-0.00270145  -0.0707481    0.702325
-0.00270129  -0.0707481    0.702326
-0.0027011 -0.0707482   0.702326
-0.00270095  -0.0707482    0.702326
-0.00270074  -0.0707483    0.702327
-0.00270058  -0.0707483    0.702327
-0.00270039  -0.0707483    0.702327
-0.0027002 -0.0707484   0.702328
   -0.0027 -0.0707484   0.702328
-0.0026998 -0.0707485   0.702328
-0.0026996 -0.0707485   0.702329
-0.00269938  -0.0707485    0.702329
-0.00269917  -0.0707486    0.702329
-0.00269894  -0.0707486    0.702329
-0.00269874  -0.0707487     0.70233
-0.00269851  -0.0707487     0.70233
-0.00269827  -0.0707487     0.70233
-0.00269801  -0.0707488    0.702331
-0.0026978 -0.0707488   0.702331
-0.00269752  -0.0707488    0.702331
-0.00269728  -0.0707489    0.702332
-0.00269703  -0.0707489    0.702332
-0.00269679   -0.070749    0.702332
-0.00269653   -0.070749    0.702333
-0.00269625   -0.070749    0.702333
-0.00269597  -0.0707491    0.702333
-0.00269573  -0.0707491    0.702334
-0.00269543  -0.0707492    0.702334
-0.00269516  -0.0707492    0.702334
-0.00269489  -0.0707493    0.702334
-0.00269459  -0.0707493    0.702335
-0.0026943 -0.0707493   0.702335
-0.00269402  -0.0707494    0.702335
-0.0026937 -0.0707494   0.702336
-0.00269342  -0.0707495    0.702336
-0.00269312  -0.0707495    0.702336
-0.0026928 -0.0707496   0.702336
-0.00269249  -0.0707496    0.702337
-0.00269219  -0.0707497    0.702337
-0.00269189  -0.0707497    0.702337
-0.00269158  -0.0707498    0.702338
-0.00269124  -0.0707498    0.702338
-0.00269092  -0.0707499    0.702338
-0.00269061  -0.0707499    0.702338
-0.00269028    -0.07075    0.702339
-0.00268995    -0.07075    0.702339
-0.00268963  -0.0707501    0.702339
-0.00268929  -0.0707501    0.702339
-0.00268897  -0.0707502    0.702339
-0.00268861  -0.0707502     0.70234
-0.00268829  -0.0707503     0.70234
-0.00268793  -0.0707503     0.70234
-0.00268761  -0.0707504     0.70234
-0.00268725  -0.0707504    0.702341
-0.00268691  -0.0707505    0.702341
-0.00268657  -0.0707505    0.702341
-0.00268621  -0.0707506    0.702341
-0.00268585  -0.0707507    0.702341
-0.00268549  -0.0707507    0.702341
-0.00268513  -0.0707508    0.702342
-0.00268477  -0.0707508    0.702342
-0.00268442  -0.0707509    0.702342
-0.00268405   -0.070751    0.702342
-0.00268367   -0.070751    0.702342
-0.00268331  -0.0707511    0.702342
-0.00268296  -0.0707512    0.702343
-0.00268258  -0.0707512    0.702343
-0.00268219  -0.0707513    0.702343
-0.00268182  -0.0707513    0.702343
-0.00268146  -0.0707514    0.702343
-0.00268108  -0.0707515    0.702343
-0.0026807 -0.0707515   0.702343
-0.00268031  -0.0707516    0.702343
-0.00267989  -0.0707517    0.702343
-0.00267953  -0.0707517    0.702344
-0.00267911  -0.0707518    0.702344
-0.00267872  -0.0707519    0.702344
-0.00267831  -0.0707519    0.702344
-0.00267792   -0.070752    0.702344
-0.0026775 -0.0707521   0.702344
-0.00267712  -0.0707521    0.702344
-0.0026767 -0.0707522   0.702344
-0.00267629  -0.0707523    0.702344
-0.00267587  -0.0707523    0.702344
-0.00267546  -0.0707524    0.702344
-0.00267501  -0.0707525    0.702344
-0.00267462  -0.0707525    0.702344
-0.0026742 -0.0707526   0.702344
-0.00267375  -0.0707526    0.702344
-0.00267332  -0.0707527    0.702344
-0.00267288  -0.0707528    0.702344
-0.00267246  -0.0707528    0.702344
-0.00267202  -0.0707529    0.702344
-0.00267158   -0.070753    0.702344
-0.00267113   -0.070753    0.702344
-0.0026707 -0.0707531   0.702344
-0.00267025  -0.0707532    0.702344
-0.00266979  -0.0707532    0.702344
-0.00266933  -0.0707533    0.702344
-0.00266887  -0.0707533    0.702344
-0.00266844  -0.0707534    0.702344
-0.00266795  -0.0707535    0.702344
-0.00266751  -0.0707535    0.702344
-0.00266703  -0.0707536    0.702344
-0.00266657  -0.0707536    0.702344
-0.00266609  -0.0707537    0.702344
-0.0026656 -0.0707537   0.702344
-0.00266511  -0.0707538    0.702344
-0.00266466  -0.0707539    0.702344
-0.00266415  -0.0707539    0.702344
-0.00266367   -0.070754    0.702344
-0.00266316   -0.070754    0.702344
-0.00266268  -0.0707541    0.702344
-0.00266217  -0.0707541    0.702344
-0.00266169  -0.0707542    0.702344
-0.00266117  -0.0707542    0.702344
-0.00266067  -0.0707543    0.702343
-0.00266016  -0.0707544    0.702343
-0.00265966  -0.0707544    0.702343
-0.00265916  -0.0707545    0.702343
-0.00265863  -0.0707545    0.702343
-0.00265814  -0.0707546    0.702343
-0.00265759  -0.0707546    0.702343
-0.0026571 -0.0707547   0.702343
-0.00265657  -0.0707547    0.702343
-0.00265603  -0.0707548    0.702343
-0.00265548  -0.0707548    0.702343
-0.00265495  -0.0707549    0.702343
-0.00265444  -0.0707549    0.702343
-0.00265386   -0.070755    0.702342
-0.00265333   -0.070755    0.702342
-0.00265277  -0.0707551    0.702342
-0.0026522 -0.0707551   0.702342
-0.00265165  -0.0707552    0.702342
-0.00265107  -0.0707552    0.702342
-0.00265051  -0.0707553    0.702342
-0.00264991  -0.0707553    0.702342
-0.00264934  -0.0707553    0.702342
-0.00264875  -0.0707554    0.702342
-0.00264816  -0.0707554    0.702342
-0.00264757  -0.0707555    0.702342
-0.00264693  -0.0707555    0.702341
-0.00264636  -0.0707556    0.702341
-0.00264575  -0.0707556    0.702341
-0.00264512  -0.0707557    0.702341
-0.00264447  -0.0707557    0.702341
-0.00264384  -0.0707558    0.702341
-0.00264321  -0.0707558    0.702341
-0.00264258  -0.0707559    0.702341
-0.00264195  -0.0707559    0.702341
-0.00264128   -0.070756    0.702341
-0.00264064   -0.070756    0.702341
-0.00263998  -0.0707561    0.702341
-0.00263929  -0.0707561    0.702341
-0.00263863  -0.0707562     0.70234
-0.00263796  -0.0707562     0.70234
-0.0026373 -0.0707563    0.70234
-0.00263661  -0.0707563     0.70234
-0.00263596  -0.0707564     0.70234
-0.00263527  -0.0707564     0.70234
-0.00263457  -0.0707565     0.70234
-0.00263392  -0.0707566     0.70234
-0.00263323  -0.0707566     0.70234
-0.00263253  -0.0707567     0.70234
-0.00263183  -0.0707567     0.70234
-0.00263113  -0.0707568     0.70234
-0.00263042  -0.0707568     0.70234
-0.00262973  -0.0707569     0.70234
 -0.002629 -0.0707569    0.70234
-0.0026283  -0.070757    0.70234
-0.00262759   -0.070757    0.702339
-0.00262685  -0.0707571    0.702339
-0.00262615  -0.0707571    0.702339
-0.00262543  -0.0707572    0.702339
-0.00262473  -0.0707572    0.702339
 -0.002624 -0.0707573   0.702339
-0.00262326  -0.0707573    0.702339
-0.00262252  -0.0707574    0.702339
-0.00262179  -0.0707574    0.702339
-0.00262107  -0.0707574    0.702339
-0.0026203 -0.0707575   0.702339
-0.00261957  -0.0707575    0.702339
-0.00261881  -0.0707576    0.702339
-0.00261809  -0.0707576    0.702339
-0.00261732  -0.0707577    0.702339
-0.00261656  -0.0707577    0.702339
-0.00261583  -0.0707578    0.702339
-0.00261505  -0.0707578    0.702339
-0.0026143 -0.0707579   0.702339
-0.00261352  -0.0707579    0.702339
-0.00261277   -0.070758    0.702339
-0.00261199   -0.070758    0.702339
-0.00261121  -0.0707581    0.702339
-0.00261044  -0.0707581    0.702339
-0.00260967  -0.0707581    0.702339
-0.00260889  -0.0707582    0.702339
-0.0026081 -0.0707582   0.702339
-0.00260731  -0.0707583    0.702339
-0.00260652  -0.0707583    0.702339
-0.00260572  -0.0707584    0.702339
-0.00260493  -0.0707584    0.702338
-0.00260413  -0.0707585    0.702338
-0.00260334  -0.0707585    0.702338
-0.00260253  -0.0707585    0.702338
-0.00260171  -0.0707586    0.702338
-0.00260089  -0.0707586    0.702338
-0.00260009  -0.0707587    0.702338
-0.00259929  -0.0707587    0.702338
-0.00259846  -0.0707588    0.702338
-0.00259765  -0.0707588    0.702338
-0.00259684  -0.0707589    0.702338
-0.00259598  -0.0707589    0.702338
-0.00259516  -0.0707589    0.702338
-0.0025943  -0.070759   0.702338
-0.00259347   -0.070759    0.702338
-0.00259266  -0.0707591    0.702338
-0.00259181  -0.0707591    0.702338
-0.00259095  -0.0707591    0.702338
-0.00259011  -0.0707592    0.702338
-0.00258926  -0.0707592    0.702338
-0.00258843  -0.0707593    0.702338
-0.00258758  -0.0707593    0.702338
-0.00258672  -0.0707594    0.702338
-0.00258585  -0.0707594    0.702338
-0.00258498  -0.0707594    0.702338
-0.00258409  -0.0707595    0.702338
-0.00258322  -0.0707595    0.702338
-0.00258237  -0.0707596    0.702338
-0.00258149  -0.0707596    0.702338
-0.0025806 -0.0707596   0.702338
-0.00257973  -0.0707597    0.702338
-0.00257886  -0.0707597    0.702338
-0.00257797  -0.0707598    0.702338
-0.00257709  -0.0707598    0.702338
-0.0025762 -0.0707598   0.702338
-0.00257529  -0.0707599    0.702338
-0.0025744 -0.0707599   0.702338
-0.00257352  -0.0707599    0.702338
-0.00257261    -0.07076    0.702338
-0.00257169    -0.07076    0.702338
-0.00257081  -0.0707601    0.702338
-0.00256988  -0.0707601    0.702338
-0.00256898  -0.0707601    0.702338
-0.00256804  -0.0707602    0.702338
-0.00256712  -0.0707602    0.702338
-0.00256621  -0.0707602    0.702338
-0.00256528  -0.0707603    0.702338
-0.00256438  -0.0707603    0.702338
-0.00256344  -0.0707603    0.702338
-0.00256251  -0.0707604    0.702338
-0.00256158  -0.0707604    0.702338
-0.00256066  -0.0707604    0.702338
-0.0025597 -0.0707605   0.702338
-0.00255878  -0.0707605    0.702338
-0.00255782  -0.0707606    0.702338
-0.0025569 -0.0707606   0.702338
-0.00255593  -0.0707606    0.702338
-0.00255501  -0.0707606    0.702338
-0.00255405  -0.0707607    0.702338
-0.00255309  -0.0707607    0.702338
-0.00255214  -0.0707607    0.702339
-0.00255117  -0.0707608    0.702339
-0.00255025  -0.0707608    0.702339
-0.00254927  -0.0707608    0.702339
-0.0025483 -0.0707609   0.702339
-0.00254734  -0.0707609    0.702339
-0.00254638  -0.0707609    0.702339
-0.00254542  -0.0707609    0.702339
-0.00254444   -0.070761    0.702339
-0.00254348   -0.070761    0.702339
-0.00254248   -0.070761    0.702339
-0.00254151  -0.0707611    0.702339
-0.00254052  -0.0707611    0.702339
-0.00253955  -0.0707611    0.702339
-0.00253858  -0.0707611    0.702339
-0.00253757  -0.0707612    0.702339
-0.00253659  -0.0707612    0.702339
-0.00253563  -0.0707612    0.702339
-0.00253461  -0.0707612    0.702339
-0.00253365  -0.0707613    0.702339
-0.00253265  -0.0707613    0.702339
-0.00253164  -0.0707613    0.702339
-0.00253065  -0.0707613    0.702339
-0.00252964  -0.0707614    0.702339
-0.00252864  -0.0707614    0.702339
-0.00252765  -0.0707614    0.702339
-0.00252663  -0.0707614    0.702339
-0.00252561  -0.0707614    0.702339
-0.00252464  -0.0707615    0.702339
-0.0025236 -0.0707615   0.702339
-0.00252259  -0.0707615    0.702339
-0.00252159  -0.0707615    0.702339
-0.0025206 -0.0707615   0.702339
-0.00251957  -0.0707615    0.702339
-0.00251855  -0.0707616    0.702339
-0.00251755  -0.0707616    0.702339
-0.00251652  -0.0707616    0.702339
-0.00251551  -0.0707616    0.702339
-0.0025145 -0.0707616   0.702339
-0.00251347  -0.0707616    0.702339
-0.00251243  -0.0707616    0.702339
-0.0025114 -0.0707617    0.70234
-0.00251039  -0.0707617     0.70234
-0.00250936  -0.0707617     0.70234
-0.00250833  -0.0707617     0.70234
-0.0025073 -0.0707617    0.70234
-0.00250629  -0.0707617     0.70234
-0.00250523  -0.0707617     0.70234
-0.0025042 -0.0707617    0.70234
-0.00250317  -0.0707617     0.70234
-0.00250212  -0.0707617     0.70234
-0.00250108  -0.0707617     0.70234
-0.00250007  -0.0707617     0.70234
-0.00249904  -0.0707618     0.70234
-0.00249799  -0.0707618     0.70234
-0.00249694  -0.0707618     0.70234
-0.00249591  -0.0707618     0.70234
-0.00249487  -0.0707618     0.70234
-0.00249382  -0.0707618     0.70234
-0.00249277  -0.0707618     0.70234
-0.00249172  -0.0707618     0.70234
-0.0024907 -0.0707618    0.70234
-0.00248964  -0.0707618     0.70234
-0.00248859  -0.0707618     0.70234
-0.00248753  -0.0707618     0.70234
-0.00248652  -0.0707617     0.70234
-0.00248546  -0.0707617     0.70234
-0.00248441  -0.0707617     0.70234
-0.00248335  -0.0707617     0.70234
-0.00248232  -0.0707617     0.70234
-0.00248124  -0.0707617     0.70234
-0.0024802 -0.0707617    0.70234
-0.00247913  -0.0707617     0.70234
-0.0024781 -0.0707617   0.702341
-0.00247703  -0.0707617    0.702341
-0.00247598  -0.0707617    0.702341
-0.00247493  -0.0707617    0.702341
-0.00247387  -0.0707617    0.702341
-0.00247283  -0.0707616    0.702341
-0.00247176  -0.0707616    0.702341
-0.0024707 -0.0707616   0.702341
-0.00246967  -0.0707616    0.702341
-0.00246863  -0.0707616    0.702341
-0.00246757  -0.0707616    0.702341
-0.0024665 -0.0707616   0.702341
-0.00246544  -0.0707615    0.702341
-0.00246438  -0.0707615    0.702341
-0.00246332  -0.0707615    0.702341
-0.00246227  -0.0707615    0.702341
-0.00246124  -0.0707615    0.702341
-0.00246014  -0.0707615    0.702341
-0.00245911  -0.0707614    0.702341
-0.00245805  -0.0707614    0.702341
-0.00245698  -0.0707614    0.702341
-0.00245596  -0.0707614    0.702341
-0.00245488  -0.0707613    0.702341
-0.00245382  -0.0707613    0.702341
-0.00245276  -0.0707613    0.702341
-0.00245171  -0.0707613    0.702341
-0.00245066  -0.0707613    0.702341
-0.00244961  -0.0707612    0.702342
-0.00244855  -0.0707612    0.702342
-0.0024475 -0.0707612   0.702342
-0.00244646  -0.0707611    0.702342
-0.00244537  -0.0707611    0.702342
-0.00244432  -0.0707611    0.702342
-0.00244326  -0.0707611    0.702342
-0.00244222   -0.070761    0.702342
-0.00244115   -0.070761    0.702342
-0.00244011   -0.070761    0.702342
-0.00243905  -0.0707609    0.702342
-0.00243798  -0.0707609    0.702342
-0.00243696  -0.0707609    0.702342
-0.00243591  -0.0707608    0.702342
-0.00243486  -0.0707608    0.702342
-0.00243379  -0.0707608    0.702342
-0.00243273  -0.0707607    0.702342
-0.00243168  -0.0707607    0.702342
-0.00243063  -0.0707607    0.702342
-0.0024296 -0.0707606   0.702342
-0.00242854  -0.0707606    0.702342
-0.00242749  -0.0707605    0.702342
-0.00242644  -0.0707605    0.702342
-0.00242538  -0.0707605    0.702342
-0.00242435  -0.0707604    0.702343
-0.00242331  -0.0707604    0.702343
-0.00242226  -0.0707603    0.702343
-0.00242124  -0.0707603    0.702343
-0.00242017  -0.0707603    0.702343
-0.00241913  -0.0707602    0.702343
-0.00241809  -0.0707602    0.702343
-0.00241706  -0.0707601    0.702343
-0.00241601  -0.0707601    0.702343
-0.00241495    -0.07076    0.702343
-0.00241394    -0.07076    0.702343
-0.00241287  -0.0707599    0.702343
-0.00241188  -0.0707599    0.702343
-0.00241083  -0.0707598    0.702343
-0.00240978  -0.0707598    0.702343
-0.00240875  -0.0707597    0.702343
-0.00240771  -0.0707597    0.702343
-0.00240667  -0.0707596    0.702343
-0.00240566  -0.0707596    0.702343
-0.00240465  -0.0707595    0.702343
-0.00240361  -0.0707595    0.702343
-0.00240258  -0.0707594    0.702343
-0.00240156  -0.0707594    0.702343
-0.00240052  -0.0707593    0.702343
-0.0023995 -0.0707593   0.702343
-0.00239846  -0.0707592    0.702344
-0.00239746  -0.0707592    0.702344
-0.00239644  -0.0707591    0.702344
-0.00239542   -0.070759    0.702344
-0.00239441   -0.070759    0.702344
-0.0023934 -0.0707589   0.702344
-0.00239237  -0.0707589    0.702344
-0.00239134  -0.0707588    0.702344
-0.00239034  -0.0707588    0.702344
-0.00238935  -0.0707587    0.702344
-0.00238833  -0.0707586    0.702344
-0.00238731  -0.0707586    0.702344
-0.00238634  -0.0707585    0.702344
-0.00238529  -0.0707585    0.702344
-0.00238429  -0.0707584    0.702344
-0.00238332  -0.0707583    0.702344
-0.0023823 -0.0707583   0.702344
-0.00238129  -0.0707582    0.702344
-0.00238031  -0.0707581    0.702344
-0.00237931  -0.0707581    0.702344
-0.00237833   -0.070758    0.702344
-0.00237731  -0.0707579    0.702344
-0.00237636  -0.0707579    0.702344
-0.00237536  -0.0707578    0.702345
-0.00237439  -0.0707578    0.702345
-0.00237337  -0.0707577    0.702345
-0.00237241  -0.0707576    0.702345
-0.00237142  -0.0707575    0.702345
-0.00237044  -0.0707575    0.702345
-0.00236945  -0.0707574    0.702345
-0.00236846  -0.0707573    0.702345
-0.00236751  -0.0707573    0.702345
-0.00236652  -0.0707572    0.702345
-0.00236555  -0.0707571    0.702345
-0.0023646 -0.0707571   0.702345
-0.00236364   -0.070757    0.702345
-0.00236265  -0.0707569    0.702345
-0.0023617 -0.0707568   0.702345
-0.00236074  -0.0707568    0.702345
-0.00235979  -0.0707567    0.702345
-0.00235881  -0.0707566    0.702345
-0.00235787  -0.0707566    0.702345
-0.00235692  -0.0707565    0.702345
-0.00235596  -0.0707564    0.702345
-0.00235498  -0.0707563    0.702345
-0.00235405  -0.0707563    0.702345
-0.0023531 -0.0707562   0.702345
-0.00235216  -0.0707561    0.702346
-0.00235121   -0.070756    0.702346
-0.00235029   -0.070756    0.702346
-0.00234934  -0.0707559    0.702346
-0.00234841  -0.0707558    0.702346
-0.00234748  -0.0707557    0.702346
-0.00234653  -0.0707556    0.702346
-0.0023456 -0.0707556   0.702346
-0.00234468  -0.0707555    0.702346
-0.00234375  -0.0707554    0.702346
-0.00234281  -0.0707553    0.702346
-0.0023419 -0.0707553   0.702346
-0.00234099  -0.0707552    0.702346
-0.00234008  -0.0707551    0.702346
-0.00233916   -0.070755    0.702346
-0.00233828  -0.0707549    0.702346
-0.00233734  -0.0707548    0.702346
-0.00233643  -0.0707548    0.702346
-0.00233554  -0.0707547    0.702346
-0.00233465  -0.0707546    0.702346
-0.00233374  -0.0707545    0.702346
-0.00233283  -0.0707544    0.702346
-0.00233196  -0.0707544    0.702346
-0.00233106  -0.0707543    0.702346
-0.00233017  -0.0707542    0.702347
-0.00232929  -0.0707541    0.702347
-0.0023284  -0.070754   0.702347
-0.00232753  -0.0707539    0.702347
-0.00232663  -0.0707539    0.702347
-0.00232575  -0.0707538    0.702347
-0.0023249 -0.0707537   0.702347
-0.00232402  -0.0707536    0.702347
-0.00232315  -0.0707535    0.702347
-0.00232228  -0.0707534    0.702347
-0.00232141  -0.0707534    0.702347
-0.00232055  -0.0707533    0.702347
-0.00231969  -0.0707532    0.702347
-0.00231882  -0.0707531    0.702347
-0.00231799   -0.070753    0.702347
-0.00231712  -0.0707529    0.702347
-0.00231627  -0.0707528    0.702347
-0.00231541  -0.0707528    0.702347
-0.0023146 -0.0707527   0.702347
-0.00231375  -0.0707526    0.702347
-0.00231291  -0.0707525    0.702347
-0.00231208  -0.0707524    0.702347
-0.00231125  -0.0707523    0.702347
-0.00231042  -0.0707523    0.702347
-0.00230962  -0.0707522    0.702347
-0.00230879  -0.0707521    0.702348
-0.00230793   -0.070752    0.702348
-0.00230712  -0.0707519    0.702348
-0.00230633  -0.0707518    0.702348
-0.00230552  -0.0707517    0.702348
-0.00230471  -0.0707516    0.702348
-0.00230388  -0.0707516    0.702348
-0.0023031 -0.0707515   0.702348
-0.00230229  -0.0707514    0.702348
-0.00230148  -0.0707513    0.702348
-0.0023007 -0.0707512   0.702348
-0.0022999 -0.0707511   0.702348
-0.00229912   -0.070751    0.702348
-0.00229832  -0.0707509    0.702348
-0.00229757  -0.0707509    0.702348
-0.00229675  -0.0707508    0.702348
-0.00229599  -0.0707507    0.702348
-0.00229523  -0.0707506    0.702348
-0.00229442  -0.0707505    0.702348
-0.00229368  -0.0707504    0.702348
-0.00229291  -0.0707503    0.702348
-0.00229216  -0.0707502    0.702348
-0.00229141  -0.0707501    0.702348
-0.00229065  -0.0707501    0.702348
-0.00228988    -0.07075    0.702348
-0.00228913  -0.0707499    0.702348
-0.00228838  -0.0707498    0.702349
-0.00228766  -0.0707497    0.702349
-0.00228692  -0.0707496    0.702349
-0.00228615  -0.0707495    0.702349
-0.00228542  -0.0707494    0.702349
-0.0022847 -0.0707494   0.702349
-0.00228396  -0.0707493    0.702349
-0.00228324  -0.0707492    0.702349
-0.00228251  -0.0707491    0.702349
-0.00228179   -0.070749    0.702349
-0.0022811 -0.0707489   0.702349
-0.00228039  -0.0707488    0.702349
-0.00227968  -0.0707487    0.702349
-0.00227897  -0.0707486    0.702349
-0.00227825  -0.0707486    0.702349
-0.00227758  -0.0707485    0.702349
-0.00227685  -0.0707484    0.702349
-0.00227618  -0.0707483    0.702349
-0.0022755 -0.0707482   0.702349
-0.0022748 -0.0707481   0.702349
-0.00227412   -0.070748    0.702349
-0.00227343  -0.0707479    0.702349
-0.00227274  -0.0707479    0.702349
-0.00227207  -0.0707478    0.702349
-0.00227141  -0.0707477    0.702349
-0.00227075  -0.0707476    0.702349
-0.0022701 -0.0707475   0.702349
-0.00226942  -0.0707474    0.702349
-0.00226877  -0.0707473     0.70235
-0.00226812  -0.0707473     0.70235
-0.00226747  -0.0707472     0.70235
-0.00226682  -0.0707471     0.70235
-0.0022662  -0.070747    0.70235
-0.00226553  -0.0707469     0.70235
-0.00226491  -0.0707468     0.70235
-0.00226426  -0.0707467     0.70235
-0.00226366  -0.0707466     0.70235
-0.00226303  -0.0707466     0.70235
-0.00226238  -0.0707465     0.70235
-0.00226176  -0.0707464     0.70235
-0.00226116  -0.0707463     0.70235
-0.00226053  -0.0707462     0.70235
-0.00225994  -0.0707461     0.70235
-0.00225934  -0.0707461     0.70235
-0.00225873   -0.070746     0.70235
-0.00225813  -0.0707459     0.70235
-0.00225757  -0.0707458     0.70235
-0.00225696  -0.0707457     0.70235
-0.00225638  -0.0707456     0.70235
-0.0022558 -0.0707456    0.70235
-0.0022552 -0.0707455    0.70235
-0.00225465  -0.0707454     0.70235
-0.00225406  -0.0707453     0.70235
-0.00225352  -0.0707452     0.70235
-0.00225293  -0.0707452     0.70235
-0.00225237  -0.0707451     0.70235
-0.0022518  -0.070745    0.70235
-0.00225125  -0.0707449     0.70235
-0.0022507 -0.0707448   0.702351
-0.00225017  -0.0707448    0.702351
-0.00224963  -0.0707447    0.702351
-0.00224908  -0.0707446    0.702351
-0.00224854  -0.0707445    0.702351
 -0.002248 -0.0707444   0.702351
-0.00224748  -0.0707444    0.702351
-0.00224696  -0.0707443    0.702351
-0.00224642  -0.0707442    0.702351
-0.00224593  -0.0707441    0.702351
-0.00224541  -0.0707441    0.702351
-0.0022449  -0.070744   0.702351
-0.00224439  -0.0707439    0.702351
-0.00224388  -0.0707438    0.702351
-0.00224338  -0.0707438    0.702351
-0.00224289  -0.0707437    0.702351
-0.00224239  -0.0707436    0.702351
-0.00224188  -0.0707435    0.702351
-0.00224141  -0.0707435    0.702351
-0.00224095  -0.0707434    0.702351
-0.00224044  -0.0707433    0.702351
-0.00223998  -0.0707432    0.702351
-0.00223949  -0.0707432    0.702351
-0.00223904  -0.0707431    0.702351
-0.00223858   -0.070743    0.702351
-0.0022381  -0.070743   0.702351
-0.00223765  -0.0707429    0.702351
-0.0022372 -0.0707428   0.702351
-0.00223673  -0.0707427    0.702351
-0.00223631  -0.0707427    0.702352
-0.00223587  -0.0707426    0.702352
-0.00223542  -0.0707425    0.702352
-0.00223501  -0.0707425    0.702352
-0.00222813  -0.0707413    0.702352
-0.00222775  -0.0707412    0.702352
-0.0022274 -0.0707411   0.702352
-0.00222701  -0.0707411    0.702352
-0.00222667   -0.070741    0.702352
-0.00222636   -0.070741    0.702352
-0.00222607   -0.070741    0.702352
-0.00222584   -0.070741    0.702352
-0.00222564  -0.0707409    0.702352
-0.00222544  -0.0707409    0.702352
-0.00222528  -0.0707409    0.702352
-0.00222505  -0.0707409    0.702352
-0.00222487  -0.0707409    0.702352
-0.0022247 -0.0707408   0.702352
-0.00222454  -0.0707408    0.702351
-0.00222441  -0.0707408    0.702351
-0.00222431  -0.0707409    0.702351
-0.00222419  -0.0707409    0.702351
-0.00222411   -0.070741    0.702351
-0.00222399   -0.070741    0.702351
-0.00222384  -0.0707411    0.702351
-0.00222363  -0.0707411    0.702351
-0.00222341  -0.0707411    0.702351
-0.00222318  -0.0707411    0.702351
-0.00222296  -0.0707411    0.702351
-0.00222276  -0.0707411    0.702351
-0.00222255  -0.0707412    0.702351
-0.00222236  -0.0707412    0.702351
-0.00222218  -0.0707413    0.702351
-0.00222202  -0.0707413    0.702351
-0.00222178  -0.0707414    0.702351
-0.00222152  -0.0707414    0.702351
-0.00222128  -0.0707414    0.702351
-0.00222099  -0.0707414    0.702352
-0.00222077  -0.0707414    0.702352
-0.0022205 -0.0707415   0.702352
-0.00222028  -0.0707415    0.702352
-0.00222004  -0.0707416    0.702352
-0.00221983  -0.0707416    0.702353
-0.00221964  -0.0707417    0.702353
-0.00221942  -0.0707417    0.702353
-0.00221913  -0.0707417    0.702353
-0.00221887  -0.0707417    0.702354
-0.00221859  -0.0707417    0.702354
-0.00221834  -0.0707417    0.702354
-0.00221811  -0.0707418    0.702355
-0.00221788  -0.0707418    0.702355
-0.00221764  -0.0707418    0.702355
-0.00221746  -0.0707419    0.702355
-0.0022173  -0.070742   0.702356
-0.00221712   -0.070742    0.702356
-0.00221687   -0.070742    0.702356
-0.00221664   -0.070742    0.702357
-0.00221639   -0.070742    0.702357
-0.0022162  -0.070742   0.702357
-0.00221598   -0.070742    0.702358
-0.00221576  -0.0707421    0.702358
-0.00221556  -0.0707421    0.702358
-0.0022154 -0.0707422   0.702358
-0.00221525  -0.0707422    0.702359
-0.00221511  -0.0707423    0.702359
-0.00221494  -0.0707423    0.702359
-0.00221476  -0.0707423    0.702359
-0.00221455  -0.0707423     0.70236
-0.00221437  -0.0707423     0.70236
-0.0022142 -0.0707423    0.70236
-0.00221405  -0.0707423    0.702361
-0.00221387  -0.0707424    0.702361
-0.00221375  -0.0707424    0.702361
-0.00221365  -0.0707425    0.702361
-0.00221358  -0.0707425    0.702362
-0.00221345  -0.0707425    0.702362
-0.00221334  -0.0707425    0.702362
-0.00221321  -0.0707425    0.702362
-0.00221306  -0.0707425    0.702363
-0.00221297  -0.0707425    0.702363
-0.00221288  -0.0707425    0.702363
-0.00221282  -0.0707426    0.702363
-0.00221278  -0.0707426    0.702364
-0.00221277  -0.0707427    0.702364
-0.00221277  -0.0707427    0.702364
-0.00221274  -0.0707427    0.702364
-0.00221272  -0.0707428    0.702364
-0.00221266  -0.0707428    0.702365
-0.00221261  -0.0707428    0.702365
-0.00221259  -0.0707427    0.702365
-0.00221257  -0.0707428    0.702365
-0.00221256  -0.0707428    0.702365
-0.0022126 -0.0707428   0.702366
-0.00221264  -0.0707429    0.702366
-0.00221269  -0.0707429    0.702366
-0.00221275   -0.070743    0.702366
-0.0022128  -0.070743   0.702366
-0.0022128  -0.070743   0.702366
-0.00221284   -0.070743    0.702366
-0.00221285   -0.070743    0.702367
-0.00221289   -0.070743    0.702367
-0.00221295   -0.070743    0.702367
-0.00221299   -0.070743    0.702367
-0.00221309  -0.0707431    0.702367
-0.00221319  -0.0707431    0.702367
-0.00221332  -0.0707432    0.702367
-0.00221342  -0.0707432    0.702368
-0.0022135 -0.0707432   0.702368
-0.00221356  -0.0707432    0.702368
-0.00221365  -0.0707432    0.702368
-0.00221378  -0.0707432    0.702368
-0.0022139 -0.0707432   0.702368
-0.00221403  -0.0707432    0.702368
-0.00221418  -0.0707433    0.702368
-0.00221437  -0.0707433    0.702368
-0.00221454  -0.0707434    0.702368
-0.00221472  -0.0707434    0.702369
-0.00221487  -0.0707434    0.702369
-0.00221501  -0.0707434    0.702369
-0.00221517  -0.0707434    0.702369
-0.00221534  -0.0707434    0.702369
-0.00221553  -0.0707434    0.702369
-0.00221572  -0.0707434    0.702369
-0.00221593  -0.0707435    0.702369
-0.00221616  -0.0707435    0.702369
-0.00221643  -0.0707436    0.702369
-0.00221668  -0.0707436    0.702369
-0.00221689  -0.0707437    0.702369
-0.0022171 -0.0707437   0.702369
-0.00221728  -0.0707437    0.702369
-0.00221748  -0.0707437    0.702369
-0.00221771  -0.0707437    0.702369
-0.00221794  -0.0707437    0.702369
-0.00221819  -0.0707437    0.702369
-0.00221845  -0.0707438    0.702369
-0.00221873  -0.0707438    0.702369
-0.00221903  -0.0707439     0.70237
-0.00221929  -0.0707439     0.70237
-0.00221953  -0.0707439     0.70237
-0.00221976  -0.0707439     0.70237
  -0.00222 -0.0707439    0.70237
-0.00222028  -0.0707439     0.70237
-0.00222054   -0.070744     0.70237
-0.00222082   -0.070744     0.70237
-0.00222114  -0.0707441     0.70237
-0.00222148  -0.0707441     0.70237
-0.00222181  -0.0707442     0.70237
-0.00222212  -0.0707442     0.70237
-0.0022224 -0.0707442    0.70237
-0.00222268  -0.0707442     0.70237
-0.00222297  -0.0707442     0.70237
-0.00222328  -0.0707443     0.70237
-0.0022236 -0.0707443    0.70237
-0.00222393  -0.0707443     0.70237
-0.00222427  -0.0707444     0.70237
-0.00222463  -0.0707444     0.70237
-0.00222502  -0.0707445     0.70237
-0.0022254 -0.0707445    0.70237
-0.00222574  -0.0707446     0.70237
-0.00222608  -0.0707446     0.70237
-0.0022264 -0.0707446    0.70237
-0.00222675  -0.0707446     0.70237
-0.00222711  -0.0707446     0.70237
-0.00222747  -0.0707447    0.702369
-0.00222785  -0.0707447    0.702369
-0.00222824  -0.0707448    0.702369
-0.00222865  -0.0707449    0.702369
-0.00222905  -0.0707449    0.702369
-0.00222945   -0.070745    0.702369
-0.00222979   -0.070745    0.702369
-0.00223013   -0.070745    0.702369
-0.00223048   -0.070745    0.702369
-0.00223084   -0.070745    0.702369
-0.00223121  -0.0707451    0.702369
-0.00223158  -0.0707451    0.702369
 -0.002232 -0.0707452   0.702369
-0.00223242  -0.0707453    0.702369
-0.00223284  -0.0707453    0.702369
-0.00223324  -0.0707454    0.702369
-0.00223362  -0.0707454    0.702369
 -0.002234 -0.0707454   0.702369
-0.00223438  -0.0707454    0.702369
-0.00223478  -0.0707455    0.702369
-0.00223518  -0.0707455    0.702369
-0.00223559  -0.0707456    0.702369
-0.00223603  -0.0707456    0.702369
-0.0022365 -0.0707457   0.702369
-0.00223696  -0.0707458    0.702369
-0.00223742  -0.0707459    0.702369
-0.00223784  -0.0707459    0.702369
-0.00223825  -0.0707459    0.702369
-0.00223867  -0.0707459    0.702369
-0.00223909   -0.070746    0.702368
-0.00223952   -0.070746    0.702368
-0.00223997  -0.0707461    0.702368
-0.00224042  -0.0707461    0.702368
-0.00224091  -0.0707462    0.702368
-0.0022414 -0.0707463   0.702368
-0.00224189  -0.0707464    0.702368
-0.00224233  -0.0707464    0.702368
-0.00224276  -0.0707465    0.702368
-0.00224318  -0.0707465    0.702368
-0.00224361  -0.0707465    0.702368
-0.00224405  -0.0707466    0.702368
-0.0022445 -0.0707466   0.702368
-0.00224493  -0.0707467    0.702368
-0.00224541  -0.0707468    0.702368
-0.00224591  -0.0707469    0.702368
-0.00224641  -0.0707469    0.702368
-0.00224687   -0.070747    0.702368
-0.00224732   -0.070747    0.702368
-0.00224775  -0.0707471    0.702368
-0.0022482 -0.0707471   0.702367
-0.00224867  -0.0707472    0.702367
-0.00224913  -0.0707472    0.702367
-0.0022496 -0.0707473   0.702367
-0.0022501 -0.0707474   0.702367
-0.00225063  -0.0707475    0.702367
-0.00225116  -0.0707475    0.702367
-0.00225165  -0.0707476    0.702367
-0.00225213  -0.0707477    0.702367
-0.0022526 -0.0707477   0.702367
-0.00225308  -0.0707477    0.702367
-0.00225355  -0.0707478    0.702367
-0.00225406  -0.0707478    0.702367
-0.00225455  -0.0707479    0.702367
-0.00225505   -0.070748    0.702367
-0.00225559  -0.0707481    0.702367
-0.00225614  -0.0707482    0.702367
-0.00225669  -0.0707483    0.702367
-0.0022572 -0.0707484   0.702367
-0.00225767  -0.0707484    0.702367
-0.00225817  -0.0707484    0.702366
-0.00225864  -0.0707485    0.702366
-0.00225915  -0.0707486    0.702366
-0.00225966  -0.0707486    0.702366
-0.00226017  -0.0707487    0.702366
-0.00226071  -0.0707488    0.702366
-0.00226127  -0.0707489    0.702366
-0.0022618  -0.070749   0.702366
-0.00226233  -0.0707491    0.702366
-0.00226282  -0.0707491    0.702366
-0.00226331  -0.0707492    0.702366
-0.00226381  -0.0707492    0.702366
-0.00226432  -0.0707493    0.702366
-0.00226483  -0.0707493    0.702366
-0.00226536  -0.0707494    0.702366
-0.00226589  -0.0707495    0.702366
-0.00226646  -0.0707496    0.702366
-0.00226702  -0.0707497    0.702366
-0.00226756  -0.0707498    0.702366
-0.00226809  -0.0707498    0.702365
-0.00226859  -0.0707499    0.702365
-0.00226909  -0.0707499    0.702365
-0.00226963    -0.07075    0.702365
-0.00227015  -0.0707501    0.702365
-0.00227068  -0.0707502    0.702365
-0.00227123  -0.0707503    0.702365
-0.00227181  -0.0707504    0.702365
-0.0022724 -0.0707505   0.702365
-0.00227298  -0.0707506    0.702365
-0.00227351  -0.0707506    0.702365
-0.00227405  -0.0707507    0.702365
-0.00227456  -0.0707508    0.702365
-0.0022751 -0.0707508   0.702365
-0.00227565  -0.0707509    0.702365
-0.00227619   -0.070751    0.702365
-0.00227673  -0.0707511    0.702365
-0.00227731  -0.0707512    0.702365
-0.0022779 -0.0707513   0.702365
-0.0022785 -0.0707514   0.702365
-0.00227903  -0.0707515    0.702364
-0.00227956  -0.0707515    0.702364
-0.00228007  -0.0707516    0.702364
-0.00228059  -0.0707516    0.702364
-0.00228112  -0.0707517    0.702364
-0.00228168  -0.0707518    0.702364
-0.00228222  -0.0707519    0.702364
-0.00228277   -0.070752    0.702364
-0.00228336  -0.0707521    0.702364
-0.00228394  -0.0707522    0.702364
-0.00228448  -0.0707523    0.702364
-0.00228503  -0.0707524    0.702364
-0.00228555  -0.0707525    0.702364
-0.00228608  -0.0707525    0.702364
-0.00228663  -0.0707526    0.702364
-0.00228716  -0.0707527    0.702364
-0.00228773  -0.0707528    0.702364
-0.0022883 -0.0707529   0.702364
-0.0022889  -0.070753   0.702364
-0.00228949  -0.0707531    0.702364
-0.00229008  -0.0707532    0.702364
-0.00229062  -0.0707533    0.702364
-0.00229117  -0.0707534    0.702364
-0.00229171  -0.0707534    0.702364
-0.00229227  -0.0707535    0.702363
-0.00229284  -0.0707536    0.702363
-0.0022934 -0.0707537   0.702363
-0.00229397  -0.0707538    0.702363
-0.00229457  -0.0707539    0.702363
-0.00229518   -0.070754    0.702363
-0.00229576  -0.0707541    0.702363
-0.00229634  -0.0707542    0.702363
-0.00229688  -0.0707543    0.702363
-0.00229741  -0.0707544    0.702363
-0.00229795  -0.0707545    0.702363
-0.00229851  -0.0707545    0.702363
-0.00229904  -0.0707546    0.702363
-0.0022996 -0.0707547   0.702363
-0.0023002 -0.0707549   0.702363
-0.0023008  -0.070755   0.702363
-0.00230138  -0.0707551    0.702363
-0.00230194  -0.0707552    0.702363
-0.00230249  -0.0707553    0.702363
-0.00230301  -0.0707553    0.702363
-0.00230356  -0.0707554    0.702363
-0.0023041 -0.0707555   0.702363
-0.00230465  -0.0707556    0.702363
-0.00230523  -0.0707557    0.702363
-0.0023058 -0.0707558   0.702362
-0.00230639  -0.0707559    0.702362
-0.00230699  -0.0707561    0.702362
-0.00230758  -0.0707562    0.702362
-0.00230813  -0.0707563    0.702362
-0.00230868  -0.0707563    0.702362
-0.00230922  -0.0707564    0.702362
-0.00230976  -0.0707565    0.702362
-0.00231032  -0.0707566    0.702362
-0.00231089  -0.0707567    0.702362
-0.00231146  -0.0707568    0.702362
-0.00231205  -0.0707569    0.702362
-0.00231267  -0.0707571    0.702362
-0.00231325  -0.0707572    0.702362
-0.00231381  -0.0707573    0.702362
-0.00231437  -0.0707574    0.702362
-0.00231489  -0.0707574    0.702362
-0.00231543  -0.0707575    0.702362
-0.00231596  -0.0707576    0.702362
-0.00231652  -0.0707577    0.702362
-0.00231707  -0.0707577    0.702362
-0.00231763  -0.0707579    0.702362
-0.00231821   -0.070758    0.702362
-0.00231881  -0.0707581    0.702362
-0.0023194 -0.0707582   0.702362
-0.00231996  -0.0707583    0.702362
-0.00232051  -0.0707584    0.702362
-0.00232105  -0.0707585    0.702362
-0.00232159  -0.0707586    0.702362
-0.00232213  -0.0707587    0.702361
-0.00232269  -0.0707588    0.702361
-0.00232325  -0.0707589    0.702361
-0.00232381   -0.070759    0.702361
-0.00232441  -0.0707591    0.702361
-0.00232502  -0.0707592    0.702361
-0.00232558  -0.0707593    0.702361
-0.00232613  -0.0707594    0.702361
-0.00232668  -0.0707595    0.702361
-0.00232721  -0.0707596    0.702361
-0.00232777  -0.0707597    0.702361
-0.00232831  -0.0707598    0.702361
-0.00232889  -0.0707599    0.702361
-0.00232946    -0.07076    0.702361
-0.00233005  -0.0707601    0.702361
-0.00233065  -0.0707603    0.702361
-0.00233123  -0.0707604    0.702361
-0.00233178  -0.0707605    0.702361
-0.00233234  -0.0707606    0.702361
-0.00233287  -0.0707606    0.702361
-0.00233341  -0.0707607    0.702361
-0.00233396  -0.0707608    0.702361
-0.00233451  -0.0707609    0.702361
-0.00233508   -0.070761    0.702361
-0.00233565  -0.0707611    0.702361
-0.00233623  -0.0707613    0.702361
-0.0023368 -0.0707614   0.702361
-0.00233737  -0.0707615     0.70236
-0.00233789  -0.0707616     0.70236
-0.00233842  -0.0707617     0.70236
-0.00233894  -0.0707617     0.70236
-0.00233946  -0.0707618     0.70236
-0.00233999  -0.0707619     0.70236
-0.00234053   -0.070762     0.70236
-0.00234109  -0.0707621     0.70236
-0.00234166  -0.0707623     0.70236
-0.00234225  -0.0707624     0.70236
-0.00234278  -0.0707625     0.70236
-0.00234331  -0.0707626     0.70236
-0.00234382  -0.0707627     0.70236
-0.00234435  -0.0707627     0.70236
-0.00234486  -0.0707628     0.70236
-0.00234538  -0.0707629     0.70236
-0.00234592   -0.070763     0.70236
-0.00234648  -0.0707631     0.70236
-0.00234704  -0.0707633     0.70236
-0.00234762  -0.0707634     0.70236
-0.00234816  -0.0707635     0.70236
-0.00234867  -0.0707636     0.70236
-0.00234919  -0.0707637     0.70236
-0.0023497 -0.0707637    0.70236
-0.00235023  -0.0707638     0.70236
-0.00235074  -0.0707639     0.70236
-0.00235128   -0.070764     0.70236
-0.0023518 -0.0707641    0.70236
-0.00235237  -0.0707643     0.70236
-0.00235291  -0.0707644     0.70236
-0.0023535 -0.0707645    0.70236
-0.00235404  -0.0707646     0.70236
-0.00235455  -0.0707648    0.702359
-0.00235507  -0.0707648    0.702359
-0.00235555  -0.0707649    0.702359
-0.00235605   -0.070765    0.702359
-0.00235655  -0.0707651    0.702359
-0.00235707  -0.0707652    0.702359
-0.00235755  -0.0707653    0.702359
-0.00235808  -0.0707654    0.702359
-0.00235861  -0.0707655    0.702359
-0.00235911  -0.0707657    0.702359
-0.00235963  -0.0707658    0.702359
-0.0023601 -0.0707659   0.702359
-0.00236058  -0.0707659    0.702359
-0.00236105   -0.070766    0.702359
-0.00236152  -0.0707661    0.702359
 -0.002362 -0.0707662   0.702359
-0.00236249  -0.0707663    0.702359
 -0.002363 -0.0707664   0.702359
-0.00236353  -0.0707665    0.702359
-0.00236403  -0.0707666    0.702359
-0.00236454  -0.0707667    0.702359
-0.00236502  -0.0707668    0.702359
-0.00236548  -0.0707669    0.702359
-0.00236596   -0.070767    0.702359
-0.00236642   -0.070767    0.702359
-0.00236692  -0.0707671    0.702359
-0.00236739  -0.0707672    0.702359
-0.00236789  -0.0707673    0.702359
-0.00236839  -0.0707674    0.702359
-0.00236889  -0.0707676    0.702359
-0.00236937  -0.0707677    0.702359
-0.00236984  -0.0707677    0.702359
-0.00237027  -0.0707678    0.702359
-0.00237073  -0.0707679    0.702359
-0.00237116  -0.0707679    0.702359
-0.00237159   -0.070768    0.702359
-0.00237204  -0.0707681    0.702359
-0.0023725 -0.0707681   0.702359
-0.00237294  -0.0707682    0.702359
-0.0023734 -0.0707683   0.702359
-0.0023739 -0.0707684   0.702359
-0.00237437  -0.0707685    0.702359
-0.00237485  -0.0707686    0.702359
-0.00237531  -0.0707687    0.702359
-0.00237575  -0.0707687    0.702359
-0.00237617  -0.0707688    0.702359
-0.00237663  -0.0707689    0.702359
-0.00237705   -0.070769    0.702359
-0.00237752   -0.070769    0.702359
-0.00237798  -0.0707691    0.702359
-0.00237845  -0.0707692    0.702359
-0.00237891  -0.0707693    0.702359
-0.00237936  -0.0707694    0.702359
-0.0023798 -0.0707695   0.702358
-0.00238024  -0.0707696    0.702358
-0.00238064  -0.0707696    0.702358
-0.00238105  -0.0707697    0.702358
-0.00238146  -0.0707697    0.702358
-0.00238188  -0.0707698    0.702358
-0.00238231  -0.0707698    0.702358
-0.00238274  -0.0707699    0.702358
-0.00238319    -0.07077    0.702358
-0.00238365  -0.0707701    0.702358
-0.00238409  -0.0707702    0.702358
-0.00238451  -0.0707703    0.702358
-0.00238491  -0.0707703    0.702358
-0.0023853 -0.0707704   0.702358
-0.00238571  -0.0707704    0.702358
-0.00238611  -0.0707705    0.702358
-0.00238654  -0.0707705    0.702358
-0.00238695  -0.0707706    0.702358
-0.00238738  -0.0707707    0.702358
-0.00238781  -0.0707708    0.702358
-0.00238823  -0.0707708    0.702358
-0.00238865  -0.0707709    0.702358
-0.00238903   -0.070771    0.702358
-0.00238941   -0.070771    0.702358
-0.0023898  -0.070771   0.702358
-0.00239018  -0.0707711    0.702358
-0.00239057  -0.0707711    0.702358
-0.00239097  -0.0707712    0.702358
-0.00239138  -0.0707713    0.702358
-0.00239179  -0.0707713    0.702358
-0.00239219  -0.0707714    0.702358
-0.00239259  -0.0707715    0.702358
-0.00239296  -0.0707715    0.702358
-0.00239333  -0.0707715    0.702358
-0.0023937 -0.0707716   0.702358
-0.00239408  -0.0707716    0.702358
-0.00239445  -0.0707716    0.702358
-0.00239484  -0.0707717    0.702358
-0.00239523  -0.0707718    0.702358
-0.00239562  -0.0707718    0.702358
-0.00239603  -0.0707719    0.702358
-0.0023964  -0.070772   0.702358
-0.00239678   -0.070772    0.702358
-0.00239712   -0.070772    0.702358
-0.00239747  -0.0707721    0.702358
-0.00239782  -0.0707721    0.702358
-0.00239818  -0.0707721    0.702358
-0.00239852  -0.0707722    0.702358
-0.00239889  -0.0707722    0.702357
-0.00239927  -0.0707723    0.702357
-0.00239963  -0.0707724    0.702357
   -0.0024 -0.0707724   0.702357
-0.00240037  -0.0707725    0.702357
-0.00240069  -0.0707725    0.702357
-0.00240103  -0.0707725    0.702357
-0.00240135  -0.0707725    0.702357
-0.00240167  -0.0707725    0.702357
 -0.002402 -0.0707726   0.702357
-0.00240233  -0.0707726    0.702357
-0.00240267  -0.0707726    0.702357
-0.00240303  -0.0707727    0.702357
-0.00240337  -0.0707728    0.702357
-0.0024037 -0.0707728   0.702357
-0.00240402  -0.0707728    0.702357
-0.00240432  -0.0707728    0.702357
-0.00240463  -0.0707728    0.702357
-0.00240494  -0.0707728    0.702357
-0.00240525  -0.0707729    0.702357
-0.00240556  -0.0707729    0.702357
-0.00240587  -0.0707729    0.702357
-0.00240621   -0.070773    0.702357
-0.00240653   -0.070773    0.702357
-0.00240684   -0.070773    0.702357
-0.00240712  -0.0707731    0.702357
-0.00240741  -0.0707731    0.702357
-0.00240768  -0.0707731    0.702357
-0.00240797  -0.0707731    0.702357
-0.00240827  -0.0707731    0.702357
-0.00240855  -0.0707731    0.702357
-0.00240884  -0.0707731    0.702357
-0.00240916  -0.0707731    0.702357
-0.00240947  -0.0707732    0.702357
-0.00240978  -0.0707732    0.702357
-0.00241006  -0.0707732    0.702357
-0.00241031  -0.0707732    0.702357
-0.00241056  -0.0707732    0.702357
-0.00241082  -0.0707732    0.702357
-0.00241108  -0.0707732    0.702357
-0.00241136  -0.0707732    0.702357
-0.00241163  -0.0707732    0.702357
-0.00241189  -0.0707732    0.702357
-0.00241218  -0.0707733    0.702357
-0.00241245  -0.0707733    0.702357
-0.0024127 -0.0707733   0.702357
-0.00241293  -0.0707733    0.702357
-0.00241317  -0.0707733    0.702357
-0.00241341  -0.0707732    0.702357
-0.00241364  -0.0707732    0.702357
-0.00241388  -0.0707732    0.702357
-0.00241413  -0.0707732    0.702357
-0.00241437  -0.0707732    0.702357
-0.00241465  -0.0707732    0.702357
-0.00241489  -0.0707732    0.702357
-0.00241513  -0.0707732    0.702357
-0.00241537  -0.0707732    0.702357
-0.00241559  -0.0707732    0.702357
-0.00241581  -0.0707732    0.702357
-0.00241604  -0.0707731    0.702357
-0.00241626  -0.0707731    0.702357
-0.00241648  -0.0707731    0.702357
-0.00241673  -0.0707731    0.702357
-0.00241696  -0.0707731    0.702356
-0.0024172 -0.0707731   0.702356
-0.00241743  -0.0707731    0.702356
-0.00241763  -0.0707731    0.702356
-0.00241784  -0.0707731    0.702356
-0.00241805  -0.0707731    0.702356
-0.00241822   -0.070773    0.702356
-0.00241843   -0.070773    0.702356
-0.00241862   -0.070773    0.702356
-0.00241881   -0.070773    0.702356
-0.00241902  -0.0707729    0.702356
-0.00241926  -0.0707729    0.702356
-0.00241945  -0.0707729    0.702356
-0.00241964  -0.0707729    0.702356
-0.00241982  -0.0707729    0.702356
-0.00241998  -0.0707728    0.702356
-0.00242014  -0.0707728    0.702356
-0.00242032  -0.0707727    0.702356
-0.00242051  -0.0707727    0.702356
-0.00242067  -0.0707727    0.702356
-0.00242086  -0.0707726    0.702356
-0.00242105  -0.0707726    0.702356
-0.00242122  -0.0707726    0.702356
-0.00242141  -0.0707726    0.702356
-0.00242157  -0.0707725    0.702356
-0.00242174  -0.0707725    0.702356
-0.00242188  -0.0707724    0.702356
-0.00242204  -0.0707723    0.702356
-0.00242219  -0.0707723    0.702356
-0.00242235  -0.0707723    0.702356
-0.00242251  -0.0707722    0.702356
-0.00242268  -0.0707722    0.702356
-0.00242285  -0.0707722    0.702356
-0.00242301  -0.0707721    0.702356
-0.00242315  -0.0707721    0.702356
-0.00242329   -0.070772    0.702356
-0.00242341  -0.0707719    0.702356
-0.00242355  -0.0707719    0.702356
-0.00242369  -0.0707718    0.702356
-0.00242383  -0.0707718    0.702356
-0.00242395  -0.0707717    0.702356
-0.00242411  -0.0707717    0.702356
-0.00242426  -0.0707717    0.702356
-0.00242439  -0.0707716    0.702356
-0.00242453  -0.0707716    0.702356
-0.00242462  -0.0707715    0.702356
-0.00242475  -0.0707714    0.702356
-0.00242484  -0.0707713    0.702356
-0.00242495  -0.0707712    0.702356
-0.00242506  -0.0707712    0.702356
-0.00242517  -0.0707711    0.702356
-0.00242529   -0.070771    0.702356
-0.0024254  -0.070771   0.702356
-0.00242552  -0.0707709    0.702356
-0.00242563  -0.0707709    0.702356
-0.00242572  -0.0707708    0.702356
-0.00242579  -0.0707707    0.702356
-0.00242589  -0.0707706    0.702356
-0.00242597  -0.0707705    0.702356
-0.00242607  -0.0707704    0.702356
-0.00242615  -0.0707703    0.702356
-0.00242626  -0.0707702    0.702356
-0.00242635  -0.0707702    0.702356
-0.00242644  -0.0707701    0.702356
-0.00242654    -0.07077    0.702356
-0.00242661  -0.0707699    0.702356
-0.00242668  -0.0707698    0.702357
-0.00242674  -0.0707697    0.702357
-0.00242681  -0.0707696    0.702357
-0.00242688  -0.0707695    0.702357
-0.00242695  -0.0707694    0.702357
-0.00242702  -0.0707693    0.702357
-0.00242709  -0.0707693    0.702357
-0.00242717  -0.0707692    0.702357
-0.00242724  -0.0707691    0.702357
-0.00242731   -0.070769    0.702357
-0.00242735  -0.0707689    0.702357
-0.00242739  -0.0707688    0.702357
-0.00242743  -0.0707687    0.702357
-0.00242746  -0.0707686    0.702357
-0.0024275 -0.0707685   0.702357
-0.00242754  -0.0707684    0.702357
-0.00242759  -0.0707683    0.702357
-0.00242765  -0.0707682    0.702357
-0.00242769  -0.0707681    0.702357
-0.00242773   -0.070768    0.702357
-0.00242774  -0.0707679    0.702357
-0.00242776  -0.0707678    0.702357
-0.00242777  -0.0707676    0.702357
-0.0024278 -0.0707675   0.702357
-0.00242781  -0.0707674    0.702357
-0.00242783  -0.0707673    0.702357
-0.00242785  -0.0707672    0.702357
-0.00242789  -0.0707671    0.702357
-0.00242792   -0.070767    0.702357
-0.00242795  -0.0707669    0.702357
-0.00242795  -0.0707667    0.702357
-0.00242794  -0.0707666    0.702357
-0.00242793  -0.0707664    0.702357
-0.00242793  -0.0707663    0.702357
-0.00242792  -0.0707662    0.702357
-0.00242792   -0.070766    0.702357
-0.00242791  -0.0707659    0.702357
-0.00242793  -0.0707658    0.702357
-0.00242793  -0.0707656    0.702357
-0.00242795  -0.0707655    0.702357
-0.00242797  -0.0707654    0.702357
-0.00242797  -0.0707653    0.702357
-0.00242799  -0.0707652    0.702357
-0.00242798   -0.070765    0.702357
-0.00242797  -0.0707649    0.702357
-0.00242796  -0.0707647    0.702357
-0.00242795  -0.0707646    0.702357
-0.00242795  -0.0707645    0.702357
-0.00242798  -0.0707643    0.702357
-0.00242797  -0.0707642    0.702357
-0.00242797  -0.0707641    0.702357
-0.00242798   -0.070764    0.702357
-0.00242796  -0.0707638    0.702357
-0.00242794  -0.0707637    0.702357
-0.00242791  -0.0707635    0.702357
-0.00242789  -0.0707633    0.702357
-0.00242786  -0.0707632    0.702357
-0.00242783   -0.070763    0.702357
-0.00242781  -0.0707629    0.702357
-0.00242779  -0.0707628    0.702357
-0.00242777  -0.0707626    0.702357
-0.00242777  -0.0707625    0.702357
-0.00242773  -0.0707624    0.702357
-0.00242768  -0.0707622    0.702357
-0.00242762   -0.070762    0.702357
-0.00242757  -0.0707619    0.702357
-0.0024275 -0.0707617   0.702358
-0.00242744  -0.0707615    0.702358
-0.00242738  -0.0707613    0.702358
-0.00242732  -0.0707612    0.702358
-0.00242725   -0.070761    0.702358
-0.00242719  -0.0707609    0.702358
-0.00242713  -0.0707607    0.702358
-0.00242706  -0.0707606    0.702358
-0.00242696  -0.0707604    0.702358
-0.00242688  -0.0707602    0.702358
-0.00242675    -0.07076    0.702358
-0.00242666  -0.0707598    0.702358
-0.00242657  -0.0707596    0.702358
-0.00242645  -0.0707594    0.702358
-0.00242636  -0.0707592    0.702358
-0.00242628   -0.070759    0.702358
-0.00242619  -0.0707588    0.702358
-0.00242608  -0.0707586    0.702358
-0.00242597  -0.0707584    0.702358
-0.00242586  -0.0707582    0.702358
-0.00242571   -0.070758    0.702358
-0.00242559  -0.0707577    0.702358
-0.00242548  -0.0707575    0.702358
-0.00242536  -0.0707573    0.702358
-0.00242525  -0.0707571    0.702358
-0.00242516  -0.0707569    0.702358
-0.00242509  -0.0707567    0.702358
-0.00242496  -0.0707565    0.702358
-0.00242484  -0.0707563    0.702358
-0.00242469   -0.070756    0.702358
-0.00242452  -0.0707558    0.702358
-0.00242438  -0.0707555    0.702358
-0.00242423  -0.0707553    0.702358
-0.00242409  -0.0707551    0.702358
-0.00242395  -0.0707548    0.702358
-0.00242382  -0.0707546    0.702358
-0.00242371  -0.0707544    0.702358
-0.00242359  -0.0707542    0.702358
-0.00242348   -0.070754    0.702358
-0.00242332  -0.0707537    0.702358
-0.00242318  -0.0707535    0.702358
-0.00242302  -0.0707532    0.702358
-0.00242286  -0.0707529    0.702358
-0.00242272  -0.0707527    0.702358
-0.00242257  -0.0707524    0.702358
-0.00242243  -0.0707522    0.702358
-0.0024223  -0.070752   0.702358
-0.0024222 -0.0707517   0.702358
-0.00242207  -0.0707515    0.702357
-0.00242193  -0.0707513    0.702357
-0.00242176   -0.070751    0.702357
-0.00242159  -0.0707507    0.702357
-0.00242144  -0.0707504    0.702357
-0.00242128  -0.0707502    0.702357
