0.0397342 -0.102506  0.733938
0.0397342 -0.102506  0.733938
0.0397342 -0.102506  0.733938
0.0397342 -0.102506  0.733938
0.0397342 -0.102506  0.733938
0.0397342 -0.102506  0.733938
0.0397342 -0.102506  0.733938
0.0397342 -0.102506  0.733938
0.0397342 -0.102506  0.733938
0.0397342 -0.102506  0.733938
0.0397342 -0.102506  0.733938
0.0397342 -0.102506  0.733938
0.0397342 -0.102506  0.733938
0.0397342 -0.102506  0.733938
0.0397342 -0.102506  0.733938
0.0397342 -0.102506  0.733938
0.0397342 -0.102506  0.733938
0.0397342 -0.102506  0.733938
0.0397342 -0.102506  0.733938
0.0397342 -0.102506  0.733938
0.0397342 -0.102506  0.733938
0.0397342 -0.102506  0.733938
0.0397342 -0.102506  0.733938
0.0397342 -0.102506  0.733938
0.0397342 -0.102506  0.733938
0.0397342 -0.102506  0.733938
0.0397342 -0.102506  0.733938
0.0397342 -0.102506  0.733938
0.0397342 -0.102506  0.733938
0.0397342 -0.102506  0.733938
0.0397342 -0.102506  0.733938
0.0397342 -0.102506  0.733938
0.0397342 -0.102506  0.733938
0.0397342 -0.102506  0.733938
0.0397342 -0.102506  0.733938
0.0397342 -0.102506  0.733938
0.0397341 -0.102506  0.733938
0.0397341 -0.102506  0.733938
0.0397341 -0.102506  0.733938
0.0397341 -0.102506  0.733938
0.0397341 -0.102506  0.733938
0.0397341 -0.102506  0.733938
0.0397341 -0.102506  0.733938
0.0397341 -0.102506  0.733938
0.0397341 -0.102506  0.733938
0.0397341 -0.102506  0.733938
0.0397341 -0.102506  0.733938
 0.039734 -0.102506  0.733938
 0.039734 -0.102506  0.733938
 0.039734 -0.102506  0.733938
 0.039734 -0.102506  0.733938
 0.039734 -0.102506  0.733938
 0.039734 -0.102506  0.733938
 0.039734 -0.102506  0.733938
0.0397339 -0.102506  0.733938
0.0397339 -0.102506  0.733938
0.0397339 -0.102506  0.733938
0.0397339 -0.102506  0.733938
0.0397339 -0.102506  0.733938
0.0397339 -0.102506  0.733938
0.0397338 -0.102506  0.733938
0.0397338 -0.102506  0.733938
0.0397338 -0.102506  0.733938
0.0397338 -0.102506  0.733938
0.0397338 -0.102506  0.733938
0.0397337 -0.102506  0.733938
0.0397337 -0.102506  0.733938
0.0397337 -0.102506  0.733938
0.0397337 -0.102506  0.733938
0.0397336 -0.102506  0.733938
0.0397336 -0.102506  0.733938
0.0397336 -0.102506  0.733938
0.0397336 -0.102506  0.733938
0.0397335 -0.102506  0.733938
0.0397335 -0.102506  0.733938
0.0397335 -0.102506  0.733938
0.0397334 -0.102506  0.733938
0.0397334 -0.102506  0.733938
0.0397334 -0.102506  0.733938
0.0397333 -0.102506  0.733938
0.0397333 -0.102506  0.733938
0.0397333 -0.102506  0.733938
0.0397332 -0.102505  0.733938
0.0397332 -0.102505  0.733938
0.0397332 -0.102505  0.733938
0.0397331 -0.102505  0.733938
0.0397331 -0.102505  0.733938
 0.039733 -0.102505  0.733938
 0.039733 -0.102505  0.733938
 0.039733 -0.102505  0.733937
0.0397329 -0.102505  0.733937
0.0397329 -0.102505  0.733937
0.0397328 -0.102505  0.733937
0.0397328 -0.102505  0.733937
0.0397327 -0.102505  0.733937
0.0397327 -0.102505  0.733937
0.0397326 -0.102505  0.733937
0.0397326 -0.102505  0.733937
0.0397325 -0.102505  0.733937
0.0397325 -0.102505  0.733937
0.0397324 -0.102505  0.733937
0.0397324 -0.102505  0.733937
0.0397323 -0.102505  0.733937
0.0397323 -0.102505  0.733937
0.0397322 -0.102505  0.733937
0.0397322 -0.102505  0.733937
0.0397321 -0.102505  0.733937
 0.039732 -0.102505  0.733937
 0.039732 -0.102505  0.733937
0.0397319 -0.102504  0.733937
0.0397318 -0.102504  0.733937
0.0397318 -0.102504  0.733937
0.0397317 -0.102504  0.733937
0.0397317 -0.102504  0.733936
0.0397316 -0.102504  0.733936
0.0397315 -0.102504  0.733936
0.0397314 -0.102504  0.733936
0.0397314 -0.102504  0.733936
0.0397313 -0.102504  0.733936
0.0397312 -0.102504  0.733936
0.0397311 -0.102504  0.733936
0.0397311 -0.102504  0.733936
 0.039731 -0.102504  0.733936
0.0397309 -0.102504  0.733936
0.0397308 -0.102504  0.733936
0.0397307 -0.102504  0.733936
0.0397307 -0.102504  0.733936
0.0397306 -0.102503  0.733936
0.0397305 -0.102503  0.733936
0.0397304 -0.102503  0.733936
0.0397303 -0.102503  0.733935
0.0397302 -0.102503  0.733935
0.0397301 -0.102503  0.733935
  0.03973 -0.102503  0.733935
  0.03973 -0.102503  0.733935
0.0397299 -0.102503  0.733935
0.0397298 -0.102503  0.733935
0.0397297 -0.102503  0.733935
0.0397296 -0.102503  0.733935
0.0397295 -0.102503  0.733935
0.0397294 -0.102503  0.733935
0.0397293 -0.102502  0.733935
0.0397291 -0.102502  0.733935
 0.039729 -0.102502  0.733935
0.0397289 -0.102502  0.733934
0.0397288 -0.102502  0.733934
0.0397287 -0.102502  0.733934
0.0397286 -0.102502  0.733934
0.0397285 -0.102502  0.733934
0.0397284 -0.102502  0.733934
0.0397283 -0.102502  0.733934
0.0397281 -0.102502  0.733934
 0.039728 -0.102502  0.733934
0.0397279 -0.102501  0.733934
0.0397278 -0.102501  0.733934
0.0397276 -0.102501  0.733933
0.0397275 -0.102501  0.733933
0.0397274 -0.102501  0.733933
0.0397273 -0.102501  0.733933
0.0397271 -0.102501  0.733933
 0.039727 -0.102501  0.733933
0.0397269 -0.102501  0.733933
0.0397267 -0.102501  0.733933
0.0397266   -0.1025  0.733933
0.0397264   -0.1025  0.733933
0.0397263   -0.1025  0.733932
0.0397262   -0.1025  0.733932
0.039726  -0.1025 0.733932
0.0397259   -0.1025  0.733932
0.0397257   -0.1025  0.733932
0.0397256   -0.1025  0.733932
0.0397254   -0.1025  0.733932
0.0397253 -0.102499  0.733932
0.0397251 -0.102499  0.733932
 0.039725 -0.102499  0.733931
0.0397248 -0.102499  0.733931
0.0397246 -0.102499  0.733931
0.0397245 -0.102499  0.733931
0.0397243 -0.102499  0.733931
0.0397241 -0.102499  0.733931
 0.039724 -0.102498  0.733931
0.0397238 -0.102498  0.733931
0.0397236 -0.102498   0.73393
0.0397235 -0.102498   0.73393
0.0397233 -0.102498   0.73393
0.0397231 -0.102498   0.73393
0.0397229 -0.102498   0.73393
0.0397228 -0.102498   0.73393
0.0397226 -0.102497   0.73393
0.0397224 -0.102497  0.733929
0.0397222 -0.102497  0.733929
 0.039722 -0.102497  0.733929
0.0397218 -0.102497  0.733929
0.0397216 -0.102497  0.733929
0.0397214 -0.102497  0.733929
0.0397212 -0.102496  0.733929
0.0397211 -0.102496  0.733928
0.0397209 -0.102496  0.733928
0.0397206 -0.102496  0.733928
0.0397204 -0.102496  0.733928
0.0397202 -0.102496  0.733928
  0.03972 -0.102496  0.733928
0.0397198 -0.102495  0.733928
0.0397196 -0.102495  0.733927
0.0397194 -0.102495  0.733927
0.0397192 -0.102495  0.733927
 0.039719 -0.102495  0.733927
0.0397187 -0.102495  0.733927
0.0397185 -0.102494  0.733927
0.0397183 -0.102494  0.733926
0.0397181 -0.102494  0.733926
0.0397178 -0.102494  0.733926
0.0397176 -0.102494  0.733926
0.0397174 -0.102494  0.733926
0.0397172 -0.102493  0.733926
0.0397169 -0.102493  0.733925
0.0397167 -0.102493  0.733925
0.0397164 -0.102493  0.733925
0.0397162 -0.102493  0.733925
 0.039716 -0.102492  0.733925
0.0397157 -0.102492  0.733924
0.0397155 -0.102492  0.733924
0.0397152 -0.102492  0.733924
 0.039715 -0.102492  0.733924
0.0397147 -0.102491  0.733924
0.0397144 -0.102491  0.733923
0.0397142 -0.102491  0.733923
0.0397139 -0.102491  0.733923
0.0397137 -0.102491  0.733923
0.0397134  -0.10249  0.733923
0.0397131  -0.10249  0.733922
0.0397128  -0.10249  0.733922
0.0397126  -0.10249  0.733922
0.0397123  -0.10249  0.733922
 0.039712 -0.102489  0.733922
0.0397117 -0.102489  0.733921
0.0397115 -0.102489  0.733921
0.0397112 -0.102489  0.733921
0.0397109 -0.102489  0.733921
0.0397106 -0.102488  0.733921
0.0397103 -0.102488   0.73392
  0.03971 -0.102488   0.73392
0.0397097 -0.102488   0.73392
0.0397094 -0.102487   0.73392
0.0397091 -0.102487  0.733919
0.0397088 -0.102487  0.733919
0.0397085 -0.102487  0.733919
0.0397082 -0.102487  0.733919
0.0397079 -0.102486  0.733919
0.0397076 -0.102486  0.733918
0.0397073 -0.102486  0.733918
0.0397069 -0.102486  0.733918
0.0397066 -0.102485  0.733918
0.0397063 -0.102485  0.733917
 0.039706 -0.102485  0.733917
0.0397056 -0.102485  0.733917
0.0397053 -0.102484  0.733917
 0.039705 -0.102484  0.733916
0.0397046 -0.102484  0.733916
0.0397043 -0.102484  0.733916
 0.039704 -0.102483  0.733916
0.0397036 -0.102483  0.733915
0.0397033 -0.102483  0.733915
0.0397029 -0.102483  0.733915
0.0397026 -0.102482  0.733915
0.0397022 -0.102482  0.733914
0.0397019 -0.102482  0.733914
0.0397015 -0.102482  0.733914
0.0397012 -0.102481  0.733913
0.0397008 -0.102481  0.733913
0.0397004 -0.102481  0.733913
0.0397001  -0.10248  0.733913
0.0396997  -0.10248  0.733912
0.0396993  -0.10248  0.733912
0.0396989  -0.10248  0.733912
0.0396986 -0.102479  0.733911
0.0396982 -0.102479  0.733911
0.0396978 -0.102479  0.733911
0.0396974 -0.102478  0.733911
 0.039697 -0.102478   0.73391
0.0396966 -0.102478   0.73391
0.0396962 -0.102478   0.73391
0.0396958 -0.102477  0.733909
0.0396954 -0.102477  0.733909
 0.039695 -0.102477  0.733909
0.0396946 -0.102476  0.733909
0.0396942 -0.102476  0.733908
0.0396938 -0.102476  0.733908
0.0396934 -0.102475  0.733908
 0.039693 -0.102475  0.733907
0.0396926 -0.102475  0.733907
0.0396921 -0.102474  0.733907
0.0396917 -0.102474  0.733906
0.0396913 -0.102474  0.733906
0.0396909 -0.102473  0.733906
0.0396904 -0.102473  0.733905
  0.03969 -0.102473  0.733905
0.0396895 -0.102472  0.733905
0.0396891 -0.102472  0.733904
0.0396887 -0.102472  0.733904
0.0396882 -0.102471  0.733904
0.0396878 -0.102471  0.733903
0.0396873 -0.102471  0.733903
0.0396869  -0.10247  0.733903
0.0396864  -0.10247  0.733902
0.0396859  -0.10247  0.733902
0.0396855 -0.102469  0.733902
 0.039685 -0.102469  0.733901
0.0396845 -0.102469  0.733901
0.0396841 -0.102468  0.733901
0.0396836 -0.102468    0.7339
0.0396831 -0.102468    0.7339
0.0396826 -0.102467  0.733899
0.0396821 -0.102467  0.733899
0.0396817 -0.102467  0.733899
0.0396812 -0.102466  0.733898
0.0396807 -0.102466  0.733898
0.0396802 -0.102465  0.733898
0.0396797 -0.102465  0.733897
0.0396792 -0.102465  0.733897
0.0396787 -0.102464  0.733896
0.0396782 -0.102464  0.733896
0.0396777 -0.102464  0.733896
0.0396771 -0.102463  0.733895
0.0396766 -0.102463  0.733895
0.0396761 -0.102462  0.733895
0.0396756 -0.102462  0.733894
0.0396751 -0.102462  0.733894
0.0396745 -0.102461  0.733893
 0.039674 -0.102461  0.733893
0.0396735  -0.10246  0.733893
0.0396729  -0.10246  0.733892
0.0396724  -0.10246  0.733892
0.0396718 -0.102459  0.733891
0.0396713 -0.102459  0.733891
0.0396707 -0.102458   0.73389
0.0396702 -0.102458   0.73389
0.0396696 -0.102457   0.73389
0.0396691 -0.102457  0.733889
0.0396685 -0.102457  0.733889
0.0396679 -0.102456  0.733888
0.0396674 -0.102456  0.733888
0.0396668 -0.102455  0.733888
0.0396662 -0.102455  0.733887
0.0396656 -0.102454  0.733887
0.0396651 -0.102454  0.733886
0.0396645 -0.102454  0.733886
0.0396639 -0.102453  0.733885
0.0396633 -0.102453  0.733885
0.0396627 -0.102452  0.733884
0.0396621 -0.102452  0.733884
0.0396615 -0.102451  0.733884
0.0396609 -0.102451  0.733883
0.0396603  -0.10245  0.733883
0.0396597  -0.10245  0.733882
0.0396591 -0.102449  0.733882
0.0396584 -0.102449  0.733881
0.0396578 -0.102449  0.733881
0.0396572 -0.102448   0.73388
0.0396566 -0.102448   0.73388
0.0396559 -0.102447  0.733879
0.0396553 -0.102447  0.733879
0.0396547 -0.102446  0.733878
 0.039654 -0.102446  0.733878
0.0396534 -0.102445  0.733877
0.0396527 -0.102445  0.733877
0.0396521 -0.102444  0.733876
0.0396514 -0.102444  0.733876
0.0396508 -0.102443  0.733875
0.0396501 -0.102443  0.733875
0.0396495 -0.102442  0.733874
0.0396488 -0.102442  0.733874
0.0396481 -0.102441  0.733873
0.0396474 -0.102441  0.733873
0.0396468  -0.10244  0.733872
0.0396461  -0.10244  0.733872
0.0396454 -0.102439  0.733871
0.0396447 -0.102439  0.733871
 0.039644 -0.102438   0.73387
0.0396433 -0.102438   0.73387
0.0396426 -0.102437  0.733869
0.0396419 -0.102437  0.733869
0.0396412 -0.102436  0.733868
0.0396405 -0.102435  0.733868
0.0396398 -0.102435  0.733867
0.0396391 -0.102434  0.733867
0.0396384 -0.102434  0.733866
0.0396377 -0.102433  0.733866
0.0396369 -0.102433  0.733865
0.0396362 -0.102432  0.733864
0.0396355 -0.102432  0.733864
0.0396347 -0.102431  0.733863
 0.039634 -0.102431  0.733863
0.0396333  -0.10243  0.733862
0.0396325 -0.102429  0.733862
0.0396318 -0.102429  0.733861
 0.039631 -0.102428   0.73386
0.0396303 -0.102428   0.73386
0.0396295 -0.102427  0.733859
0.0396287 -0.102427  0.733859
 0.039628 -0.102426  0.733858
0.0396272 -0.102425  0.733858
0.0396264 -0.102425  0.733857
0.0396256 -0.102424  0.733856
0.0396249 -0.102424  0.733856
0.0396241 -0.102423  0.733855
0.0396233 -0.102422  0.733855
0.0396225 -0.102422  0.733854
0.0396217 -0.102421  0.733853
0.0396209 -0.102421  0.733853
0.0396201  -0.10242  0.733852
0.0396193 -0.102419  0.733852
0.0396185 -0.102419  0.733851
0.0396177 -0.102418   0.73385
0.0396168 -0.102418   0.73385
 0.039616 -0.102417  0.733849
0.0396152 -0.102416  0.733849
0.0396144 -0.102416  0.733848
0.0396135 -0.102415  0.733847
0.0396127 -0.102414  0.733847
0.0396119 -0.102414  0.733846
 0.039611 -0.102413  0.733845
0.0396102 -0.102413  0.733845
0.0396093 -0.102412  0.733844
0.0396085 -0.102411  0.733843
0.0396076 -0.102411  0.733843
0.0396067  -0.10241  0.733842
0.0396059 -0.102409  0.733842
 0.039605 -0.102409  0.733841
0.0396041 -0.102408   0.73384
0.0396032 -0.102407   0.73384
0.0396024 -0.102407  0.733839
0.0396015 -0.102406  0.733838
0.0396006 -0.102405  0.733838
0.0395997 -0.102405  0.733837
0.0395988 -0.102404  0.733836
0.0395979 -0.102403  0.733835
 0.039597 -0.102403  0.733835
0.0395961 -0.102402  0.733834
0.0395952 -0.102401  0.733833
0.0395943 -0.102401  0.733833
0.0395933   -0.1024  0.733832
0.0395924 -0.102399  0.733831
0.0395915 -0.102398  0.733831
0.0395906 -0.102398   0.73383
0.0395896 -0.102397  0.733829
0.0395887 -0.102396  0.733829
0.0395877 -0.102396  0.733828
0.0395868 -0.102395  0.733827
0.0395858 -0.102394  0.733826
0.0395849 -0.102393  0.733826
0.0395839 -0.102393  0.733825
 0.039583 -0.102392  0.733824
 0.039582 -0.102391  0.733823
 0.039581 -0.102391  0.733823
0.0395801  -0.10239  0.733822
0.0395791 -0.102389  0.733821
0.0395781 -0.102388  0.733821
0.0395771 -0.102388   0.73382
0.0395761 -0.102387  0.733819
0.0395751 -0.102386  0.733818
0.0395741 -0.102385  0.733818
0.0395731 -0.102385  0.733817
0.0395721 -0.102384  0.733816
0.0395711 -0.102383  0.733815
0.0395701 -0.102382  0.733815
0.0395691 -0.102382  0.733814
0.0395681 -0.102381  0.733813
0.039567 -0.10238 0.733812
 0.039566 -0.102379  0.733811
 0.039565 -0.102378  0.733811
0.0395639 -0.102378   0.73381
0.0395629 -0.102377  0.733809
0.0395619 -0.102376  0.733808
0.0395608 -0.102375  0.733807
0.0395598 -0.102374  0.733807
0.0395587 -0.102374  0.733806
0.0395576 -0.102373  0.733805
0.0395566 -0.102372  0.733804
0.0395555 -0.102371  0.733803
0.0395544  -0.10237  0.733803
0.0395533  -0.10237  0.733802
0.0395523 -0.102369  0.733801
0.0395512 -0.102368    0.7338
0.0395501 -0.102367  0.733799
 0.039549 -0.102366  0.733799
0.0395479 -0.102366  0.733798
0.0395468 -0.102365  0.733797
0.0395457 -0.102364  0.733796
0.0395446 -0.102363  0.733795
0.0395435 -0.102362  0.733794
0.0395423 -0.102361  0.733794
0.0395412  -0.10236  0.733793
0.0395401  -0.10236  0.733792
 0.039539 -0.102359  0.733791
0.0395378 -0.102358   0.73379
0.0395367 -0.102357  0.733789
0.0395355 -0.102356  0.733788
0.0395344 -0.102355  0.733788
0.0395332 -0.102354  0.733787
0.0395321 -0.102354  0.733786
0.0395309 -0.102353  0.733785
0.0395297 -0.102352  0.733784
0.0395286 -0.102351  0.733783
0.0395274  -0.10235  0.733782
0.0395262 -0.102349  0.733781
 0.039525 -0.102348   0.73378
0.0395239 -0.102347   0.73378
0.0395227 -0.102346  0.733779
0.0395215 -0.102346  0.733778
0.0395203 -0.102345  0.733777
0.0395191 -0.102344  0.733776
0.0395179 -0.102343  0.733775
0.0395166 -0.102342  0.733774
0.0395154 -0.102341  0.733773
0.0395142  -0.10234  0.733772
 0.039513 -0.102339  0.733771
0.0395118 -0.102338   0.73377
0.0395105 -0.102337   0.73377
0.0395093 -0.102336  0.733769
 0.039508 -0.102335  0.733768
0.0395068 -0.102335  0.733767
0.0395055 -0.102334  0.733766
0.0395043 -0.102333  0.733765
 0.039503 -0.102332  0.733764
0.0395018 -0.102331  0.733763
0.0395005  -0.10233  0.733762
0.0394992 -0.102329  0.733761
0.0394979 -0.102328   0.73376
0.0394967 -0.102327  0.733759
0.0394954 -0.102326  0.733758
0.0394941 -0.102325  0.733757
0.0394928 -0.102324  0.733756
0.0394915 -0.102323  0.733755
0.0394902 -0.102322  0.733754
0.0394889 -0.102321  0.733753
0.0394876  -0.10232  0.733752
0.0394862 -0.102319  0.733751
0.0394849 -0.102318   0.73375
0.0394836 -0.102317  0.733749
0.0394823 -0.102316  0.733748
0.0394809 -0.102315  0.733747
0.0394796 -0.102314  0.733746
0.0394782 -0.102313  0.733745
0.0394769 -0.102312  0.733744
0.0394755 -0.102311  0.733743
0.0394742  -0.10231  0.733742
0.0394728 -0.102309  0.733741
0.0394715 -0.102308   0.73374
0.0394701 -0.102307  0.733739
0.0394687 -0.102306  0.733738
0.0394673 -0.102305  0.733737
 0.039466 -0.102304  0.733736
0.0394646 -0.102303  0.733735
0.0394632 -0.102302  0.733734
0.0394618 -0.102301  0.733733
0.0394604 -0.102299  0.733732
 0.039459 -0.102298  0.733731
0.0394576 -0.102297   0.73373
0.0394561 -0.102296  0.733728
0.0394547 -0.102295  0.733727
0.0394533 -0.102294  0.733726
0.0394519 -0.102293  0.733725
0.0394504 -0.102292  0.733724
 0.039449 -0.102291  0.733723
0.0394475  -0.10229  0.733722
0.0394461 -0.102289  0.733721
0.0394446 -0.102288   0.73372
0.0394432 -0.102286  0.733719
0.0394417 -0.102285  0.733718
0.0394403 -0.102284  0.733716
0.0394388 -0.102283  0.733715
0.0394373 -0.102282  0.733714
0.0394358 -0.102281  0.733713
0.0394344  -0.10228  0.733712
0.0394329 -0.102279  0.733711
0.0394314 -0.102278   0.73371
0.0394299 -0.102276  0.733709
0.0394284 -0.102275  0.733707
0.0394269 -0.102274  0.733706
0.0394253 -0.102273  0.733705
0.0394238 -0.102272  0.733704
0.0394223 -0.102271  0.733703
0.0394208  -0.10227  0.733702
0.0394192 -0.102268  0.733701
0.0394177 -0.102267  0.733699
0.0394162 -0.102266  0.733698
0.0394146 -0.102265  0.733697
0.0394131 -0.102264  0.733696
0.0394115 -0.102263  0.733695
  0.03941 -0.102261  0.733694
0.0394084  -0.10226  0.733692
0.0394068 -0.102259  0.733691
0.0394053 -0.102258   0.73369
0.0394037 -0.102257  0.733689
0.0394021 -0.102255  0.733688
0.0394005 -0.102254  0.733686
0.0393989 -0.102253  0.733685
0.0393973 -0.102252  0.733684
0.0393957 -0.102251  0.733683
0.0393941 -0.102249  0.733682
0.0393925 -0.102248   0.73368
0.0393909 -0.102247  0.733679
0.0393893 -0.102246  0.733678
0.0393876 -0.102245  0.733677
 0.039386 -0.102243  0.733676
0.0393844 -0.102242  0.733674
0.0393827 -0.102241  0.733673
0.0393811  -0.10224  0.733672
0.0393794 -0.102238  0.733671
0.0393778 -0.102237  0.733669
0.0393761 -0.102236  0.733668
0.0393745 -0.102235  0.733667
0.0393728 -0.102233  0.733666
0.0393711 -0.102232  0.733664
0.0393694 -0.102231  0.733663
0.0393677  -0.10223  0.733662
0.0393661 -0.102228   0.73366
0.0393644 -0.102227  0.733659
0.0393627 -0.102226  0.733658
 0.039361 -0.102224  0.733657
0.0393593 -0.102223  0.733655
0.0393575 -0.102222  0.733654
0.0393558 -0.102221  0.733653
0.0393541 -0.102219  0.733651
0.0393524 -0.102218   0.73365
0.0393506 -0.102217  0.733649
0.0393489 -0.102215  0.733647
0.0393472 -0.102214  0.733646
0.0393454 -0.102213  0.733645
0.0393437 -0.102211  0.733644
0.0393419  -0.10221  0.733642
0.0393401 -0.102209  0.733641
0.0393384 -0.102207   0.73364
0.0393366 -0.102206  0.733638
0.0393348 -0.102205  0.733637
 0.039333 -0.102203  0.733636
0.0393313 -0.102202  0.733634
0.0393295 -0.102201  0.733633
0.0393277 -0.102199  0.733631
0.0393259 -0.102198   0.73363
0.0393241 -0.102197  0.733629
0.0393223 -0.102195  0.733627
0.0393204 -0.102194  0.733626
0.0393186 -0.102192  0.733625
0.0393168 -0.102191  0.733623
0.039315 -0.10219 0.733622
0.0393131 -0.102188   0.73362
0.0393113 -0.102187  0.733619
0.0393094 -0.102185  0.733618
0.0393076 -0.102184  0.733616
0.0393057 -0.102183  0.733615
0.0393039 -0.102181  0.733613
0.039302 -0.10218 0.733612
0.0393001 -0.102178  0.733611
0.0392982 -0.102177  0.733609
0.0392964 -0.102176  0.733608
0.0392945 -0.102174  0.733606
0.0392926 -0.102173  0.733605
0.0392907 -0.102171  0.733604
0.0392888  -0.10217  0.733602
0.0392869 -0.102168  0.733601
 0.039285 -0.102167  0.733599
0.0392831 -0.102166  0.733598
0.0392811 -0.102164  0.733596
0.0392792 -0.102163  0.733595
0.0392773 -0.102161  0.733593
0.0392753  -0.10216  0.733592
0.0392734 -0.102158   0.73359
0.0392714 -0.102157  0.733589
0.0392695 -0.102155  0.733588
0.0392675 -0.102154  0.733586
0.0392656 -0.102152  0.733585
0.0392636 -0.102151  0.733583
0.0392616 -0.102149  0.733582
0.0392597 -0.102148   0.73358
0.0392577 -0.102146  0.733579
0.0392557 -0.102145  0.733577
0.0392537 -0.102143  0.733576
0.0392517 -0.102142  0.733574
0.0392497  -0.10214  0.733573
0.0392477 -0.102139  0.733571
0.0392457 -0.102137   0.73357
0.0392436 -0.102136  0.733568
0.0392416 -0.102134  0.733567
0.0392396 -0.102133  0.733565
0.0392376 -0.102131  0.733563
0.0392355  -0.10213  0.733562
0.0392335 -0.102128   0.73356
0.0392314 -0.102127  0.733559
0.0392294 -0.102125  0.733557
0.0392273 -0.102123  0.733556
0.0392252 -0.102122  0.733554
0.0392232  -0.10212  0.733553
0.0392211 -0.102119  0.733551
 0.039219 -0.102117  0.733549
0.0392169 -0.102116  0.733548
0.0392148 -0.102114  0.733546
0.0392127 -0.102112  0.733545
0.0392106 -0.102111  0.733543
0.0392085 -0.102109  0.733542
0.0392064 -0.102108   0.73354
0.0392043 -0.102106  0.733538
0.0392022 -0.102105  0.733537
0.0392001 -0.102103  0.733535
0.0391979 -0.102101  0.733534
0.0391958   -0.1021  0.733532
0.0391936 -0.102098   0.73353
0.0391915 -0.102096  0.733529
0.0391893 -0.102095  0.733527
0.0391872 -0.102093  0.733525
 0.039185 -0.102092  0.733524
0.0391828  -0.10209  0.733522
0.0391807 -0.102088   0.73352
0.0391785 -0.102087  0.733519
0.0391763 -0.102085  0.733517
0.0391741 -0.102083  0.733516
0.0391719 -0.102082  0.733514
0.0391697  -0.10208  0.733512
0.0391675 -0.102078  0.733511
0.0391653 -0.102077  0.733509
0.0391631 -0.102075  0.733507
0.0391608 -0.102073  0.733506
0.0391586 -0.102072  0.733504
0.0391564  -0.10207  0.733502
0.0391541 -0.102068    0.7335
0.0391519 -0.102067  0.733499
0.0391496 -0.102065  0.733497
0.0391474 -0.102063  0.733495
0.0391451 -0.102061  0.733494
0.0391429  -0.10206  0.733492
0.0391406 -0.102058   0.73349
0.0391383 -0.102056  0.733488
 0.039136 -0.102055  0.733487
0.0391337 -0.102053  0.733485
0.0391314 -0.102051  0.733483
0.0391292 -0.102049  0.733482
0.0391268 -0.102048   0.73348
0.0391245 -0.102046  0.733478
0.0391222 -0.102044  0.733476
0.0391199 -0.102042  0.733475
0.0391176 -0.102041  0.733473
0.0391152 -0.102039  0.733471
0.0391129 -0.102037  0.733469
0.0391106 -0.102035  0.733468
0.0391082 -0.102034  0.733466
0.0391059 -0.102032  0.733464
0.0391035  -0.10203  0.733462
0.0391012 -0.102028   0.73346
0.0390988 -0.102026  0.733459
0.0390964 -0.102025  0.733457
 0.039094 -0.102023  0.733455
0.0390916 -0.102021  0.733453
0.0390893 -0.102019  0.733451
0.0390869 -0.102017   0.73345
0.0390845 -0.102016  0.733448
 0.039082 -0.102014  0.733446
0.0390796 -0.102012  0.733444
0.0390772  -0.10201  0.733442
0.0390748 -0.102008  0.733441
0.0390724 -0.102007  0.733439
0.0390699 -0.102005  0.733437
0.0390675 -0.102003  0.733435
0.0390651 -0.102001  0.733433
0.0390626 -0.101999  0.733431
0.0390601 -0.101997  0.733429
0.0390577 -0.101995  0.733428
0.0390552 -0.101994  0.733426
0.0390527 -0.101992  0.733424
0.0390503  -0.10199  0.733422
0.0390478 -0.101988   0.73342
0.0390453 -0.101986  0.733418
0.0390428 -0.101984  0.733416
0.0390403 -0.101982  0.733414
0.0390378  -0.10198  0.733413
0.0390353 -0.101979  0.733411
0.0390328 -0.101977  0.733409
0.0390302 -0.101975  0.733407
0.0390277 -0.101973  0.733405
0.0390252 -0.101971  0.733403
0.0390226 -0.101969  0.733401
0.0390201 -0.101967  0.733399
0.0390176 -0.101965  0.733397
 0.039015 -0.101963  0.733395
0.0390124 -0.101961  0.733393
0.0390099 -0.101959  0.733392
0.0390073 -0.101957   0.73339
0.0390047 -0.101955  0.733388
0.0390021 -0.101953  0.733386
0.0389995 -0.101952  0.733384
0.038997 -0.10195 0.733382
0.0389944 -0.101948   0.73338
0.0389918 -0.101946  0.733378
0.0389891 -0.101944  0.733376
0.0389865 -0.101942  0.733374
0.0389839  -0.10194  0.733372
0.0389813 -0.101938   0.73337
0.0389786 -0.101936  0.733368
 0.038976 -0.101934  0.733366
0.0389734 -0.101932  0.733364
0.0389707  -0.10193  0.733362
0.0389681 -0.101928   0.73336
0.0389654 -0.101926  0.733358
0.0389627 -0.101924  0.733356
  0.03896 -0.101922  0.733354
0.0389574  -0.10192  0.733352
0.0389547 -0.101918   0.73335
 0.038952 -0.101916  0.733348
0.0389493 -0.101914  0.733346
0.0389466 -0.101912  0.733344
0.0389439  -0.10191  0.733342
0.0389412 -0.101907   0.73334
0.0389385 -0.101905  0.733338
0.0389357 -0.101903  0.733336
 0.038933 -0.101901  0.733333
0.0389303 -0.101899  0.733331
0.0389275 -0.101897  0.733329
0.0389248 -0.101895  0.733327
 0.038922 -0.101893  0.733325
0.0389193 -0.101891  0.733323
0.0389165 -0.101889  0.733321
0.0389138 -0.101887  0.733319
 0.038911 -0.101885  0.733317
0.0389082 -0.101883  0.733315
0.0389054  -0.10188  0.733313
0.0389026 -0.101878  0.733311
0.0388998 -0.101876  0.733308
 0.038897 -0.101874  0.733306
0.0388942 -0.101872  0.733304
0.0388914  -0.10187  0.733302
0.0388886 -0.101868    0.7333
0.0388858 -0.101866  0.733298
0.0388829 -0.101863  0.733296
0.0388801 -0.101861  0.733294
0.0388772 -0.101859  0.733291
0.0388744 -0.101857  0.733289
0.0388715 -0.101855  0.733287
0.0388687 -0.101853  0.733285
0.0388658 -0.101851  0.733283
0.0388629 -0.101848  0.733281
0.0388601 -0.101846  0.733278
0.0388572 -0.101844  0.733276
0.0388543 -0.101842  0.733274
0.0388514  -0.10184  0.733272
0.0388485 -0.101837   0.73327
0.0388456 -0.101835  0.733267
0.0388427 -0.101833  0.733265
0.0388398 -0.101831  0.733263
0.0388368 -0.101829  0.733261
0.0388339 -0.101826  0.733259
 0.038831 -0.101824  0.733256
 0.038828 -0.101822  0.733254
0.0388251  -0.10182  0.733252
0.0388221 -0.101818   0.73325
0.0388192 -0.101815  0.733248
0.0388162 -0.101813  0.733245
0.0388133 -0.101811  0.733243
0.0388103 -0.101809  0.733241
0.0388073 -0.101806  0.733239
0.0388043 -0.101804  0.733236
0.0388013 -0.101802  0.733234
0.0387983   -0.1018  0.733232
0.0387953 -0.101797   0.73323
0.0387923 -0.101795  0.733227
0.0387893 -0.101793  0.733225
0.0387863  -0.10179  0.733223
0.0387832 -0.101788   0.73322
0.0387802 -0.101786  0.733218
0.0387772 -0.101784  0.733216
0.0387741 -0.101781  0.733214
0.0387711 -0.101779  0.733211
 0.038768 -0.101777  0.733209
 0.038765 -0.101774  0.733207
0.0387619 -0.101772  0.733204
0.0387588  -0.10177  0.733202
0.0387557 -0.101767    0.7332
0.0387526 -0.101765  0.733197
0.0387496 -0.101763  0.733195
0.0387465  -0.10176  0.733193
0.0387434 -0.101758   0.73319
0.0387402 -0.101756  0.733188
0.0387371 -0.101753  0.733186
 0.038734 -0.101751  0.733183
0.0387309 -0.101749  0.733181
0.0387277 -0.101746  0.733179
0.0387246 -0.101744  0.733176
0.0387215 -0.101742  0.733174
0.0387183 -0.101739  0.733171
0.0387152 -0.101737  0.733169
 0.038712 -0.101734  0.733167
0.0387088 -0.101732  0.733164
0.0387057  -0.10173  0.733162
0.0387025 -0.101727  0.733159
0.0386993 -0.101725  0.733157
0.0386961 -0.101722  0.733155
0.0386929  -0.10172  0.733152
0.0386897 -0.101718   0.73315
0.0386865 -0.101715  0.733147
0.0386833 -0.101713  0.733145
0.0386801  -0.10171  0.733143
0.0386768 -0.101708   0.73314
0.0386736 -0.101705  0.733138
0.0386704 -0.101703  0.733135
0.0386671 -0.101701  0.733133
0.0386639 -0.101698   0.73313
0.0386606 -0.101696  0.733128
0.0386573 -0.101693  0.733125
0.0386541 -0.101691  0.733123
0.0386508 -0.101688   0.73312
0.0386475 -0.101686  0.733118
0.0386442 -0.101683  0.733115
0.0386409 -0.101681  0.733113
0.0386376 -0.101678   0.73311
0.0386343 -0.101676  0.733108
 0.038631 -0.101673  0.733105
0.0386277 -0.101671  0.733103
0.0386244 -0.101668    0.7331
0.0386211 -0.101666  0.733098
0.0386177 -0.101663  0.733095
0.0386144 -0.101661  0.733093
0.0386111 -0.101658   0.73309
0.0386077 -0.101656  0.733088
0.0386043 -0.101653  0.733085
 0.038601 -0.101651  0.733083
0.0385976 -0.101648   0.73308
0.0385942 -0.101646  0.733078
0.0385909 -0.101643  0.733075
0.0385875  -0.10164  0.733073
0.0385841 -0.101638   0.73307
0.0385807 -0.101635  0.733067
0.0385773 -0.101633  0.733065
0.0385739  -0.10163  0.733062
0.0385704 -0.101628   0.73306
 0.038567 -0.101625  0.733057
0.0385636 -0.101622  0.733055
0.0385602  -0.10162  0.733052
0.0385567 -0.101617  0.733049
0.0385533 -0.101615  0.733047
0.0385498 -0.101612  0.733044
0.0385464 -0.101609  0.733042
0.0385429 -0.101607  0.733039
0.0385394 -0.101604  0.733036
0.0385359 -0.101601  0.733034
0.0385325 -0.101599  0.733031
 0.038529 -0.101596  0.733028
0.0385255 -0.101594  0.733026
 0.038522 -0.101591  0.733023
0.0385185 -0.101588  0.733021
 0.038515 -0.101586  0.733018
0.0385114 -0.101583  0.733015
0.0385079  -0.10158  0.733013
0.0385044 -0.101578   0.73301
0.0385008 -0.101575  0.733007
0.0384973 -0.101572  0.733005
0.0384937  -0.10157  0.733002
0.0384902 -0.101567  0.732999
0.0384866 -0.101564  0.732996
0.0384831 -0.101562  0.732994
0.0384795 -0.101559  0.732991
0.0384759 -0.101556  0.732988
0.0384723 -0.101553  0.732986
0.0384687 -0.101551  0.732983
0.0384651 -0.101548   0.73298
0.0384615 -0.101545  0.732978
0.0384579 -0.101543  0.732975
0.0384543  -0.10154  0.732972
0.0384507 -0.101537  0.732969
0.0384471 -0.101534  0.732967
0.0384434 -0.101532  0.732964
0.0384398 -0.101529  0.732961
0.0384361 -0.101526  0.732958
0.0384325 -0.101523  0.732956
0.0384288 -0.101521  0.732953
0.0384252 -0.101518   0.73295
0.0384215 -0.101515  0.732947
0.0384178 -0.101512  0.732945
0.0384141  -0.10151  0.732942
0.0384104 -0.101507  0.732939
0.0384067 -0.101504  0.732936
 0.038403 -0.101501  0.732933
0.0383993 -0.101498  0.732931
0.0383956 -0.101496  0.732928
0.0383919 -0.101493  0.732925
0.0383882  -0.10149  0.732922
0.0383844 -0.101487  0.732919
0.0383807 -0.101484  0.732916
 0.038377 -0.101481  0.732914
0.0383732 -0.101479  0.732911
0.0383695 -0.101476  0.732908
0.0383657 -0.101473  0.732905
0.0383619  -0.10147  0.732902
0.0383582 -0.101467  0.732899
0.0383544 -0.101464  0.732897
0.0383506 -0.101462  0.732894
0.0383468 -0.101459  0.732891
 0.038343 -0.101456  0.732888
0.0383392 -0.101453  0.732885
0.0383354  -0.10145  0.732882
0.0383316 -0.101447  0.732879
0.0383277 -0.101444  0.732877
0.0383239 -0.101441  0.732874
0.0383201 -0.101439  0.732871
0.0383162 -0.101436  0.732868
0.0383124 -0.101433  0.732865
0.0383085  -0.10143  0.732862
0.0383047 -0.101427  0.732859
0.0383008 -0.101424  0.732856
0.0382969 -0.101421  0.732853
0.0382931 -0.101418   0.73285
0.0382892 -0.101415  0.732847
0.0382853 -0.101412  0.732844
0.0382814 -0.101409  0.732842
0.0382775 -0.101406  0.732839
0.0382736 -0.101403  0.732836
0.0382697   -0.1014  0.732833
0.0382657 -0.101397   0.73283
0.0382618 -0.101395  0.732827
0.0382579 -0.101392  0.732824
0.0382539 -0.101389  0.732821
  0.03825 -0.101386  0.732818
 0.038246 -0.101383  0.732815
0.0382421  -0.10138  0.732812
0.0382381 -0.101377  0.732809
0.0382341 -0.101374  0.732806
0.0382302 -0.101371  0.732803
0.0382262 -0.101368    0.7328
0.0382222 -0.101365  0.732797
0.0382182 -0.101362  0.732794
0.0382142 -0.101359  0.732791
0.0382102 -0.101356  0.732788
0.0382062 -0.101353  0.732785
0.0382022 -0.101349  0.732782
0.0381981 -0.101346  0.732779
0.0381941 -0.101343  0.732776
0.0381901  -0.10134  0.732773
 0.038186 -0.101337  0.732769
 0.038182 -0.101334  0.732766
0.0381779 -0.101331  0.732763
0.0381738 -0.101328   0.73276
0.0381698 -0.101325  0.732757
0.0381657 -0.101322  0.732754
0.0381616 -0.101319  0.732751
0.0381575 -0.101316  0.732748
0.0381534 -0.101313  0.732745
0.0381493  -0.10131  0.732742
0.0381452 -0.101306  0.732739
0.0381411 -0.101303  0.732736
0.038137  -0.1013 0.732732
0.0381329 -0.101297  0.732729
0.0381287 -0.101294  0.732726
0.0381246 -0.101291  0.732723
0.0381204 -0.101288   0.73272
0.0381163 -0.101285  0.732717
0.0381121 -0.101282  0.732714
 0.038108 -0.101278  0.732711
0.0381038 -0.101275  0.732707
0.0380996 -0.101272  0.732704
0.0380955 -0.101269  0.732701
0.0380913 -0.101266  0.732698
0.0380871 -0.101263  0.732695
0.0380829 -0.101259  0.732692
0.0380787 -0.101256  0.732688
0.0380744 -0.101253  0.732685
0.0380702  -0.10125  0.732682
 0.038066 -0.101247  0.732679
0.0380618 -0.101243  0.732676
0.0380575  -0.10124  0.732672
0.0380533 -0.101237  0.732669
 0.038049 -0.101234  0.732666
0.0380448 -0.101231  0.732663
0.0380405 -0.101227   0.73266
0.0380363 -0.101224  0.732656
 0.038032 -0.101221  0.732653
0.0380277 -0.101218   0.73265
0.0380234 -0.101215  0.732647
0.0380191 -0.101211  0.732643
0.0380148 -0.101208   0.73264
0.0380105 -0.101205  0.732637
0.0380062 -0.101202  0.732634
0.0380019 -0.101198   0.73263
0.0379976 -0.101195  0.732627
0.0379932 -0.101192  0.732624
0.0379889 -0.101188  0.732621
0.0379845 -0.101185  0.732617
0.0379802 -0.101182  0.732614
0.0379758 -0.101179  0.732611
0.0379715 -0.101175  0.732608
0.0379671 -0.101172  0.732604
0.0379627 -0.101169  0.732601
0.0379583 -0.101165  0.732598
 0.037954 -0.101162  0.732594
0.0379496 -0.101159  0.732591
0.0379452 -0.101155  0.732588
0.0379408 -0.101152  0.732584
0.0379363 -0.101149  0.732581
0.0379319 -0.101145  0.732578
0.0379275 -0.101142  0.732574
0.0379231 -0.101139  0.732571
0.0379186 -0.101135  0.732568
0.0379142 -0.101132  0.732564
0.0379097 -0.101129  0.732561
0.0379053 -0.101125  0.732558
0.0379008 -0.101122  0.732554
0.0378963 -0.101119  0.732551
0.0378919 -0.101115  0.732547
0.0378874 -0.101112  0.732544
0.0378829 -0.101108  0.732541
0.0378784 -0.101105  0.732537
0.0378739 -0.101102  0.732534
0.0378694 -0.101098   0.73253
0.0378649 -0.101095  0.732527
0.0378604 -0.101091  0.732524
0.0378558 -0.101088   0.73252
0.0378513 -0.101085  0.732517
0.0378468 -0.101081  0.732513
0.0378422 -0.101078   0.73251
0.0378377 -0.101074  0.732506
0.0378331 -0.101071  0.732503
0.0378286 -0.101067    0.7325
 0.037824 -0.101064  0.732496
0.0378194 -0.101061  0.732493
0.0378148 -0.101057  0.732489
0.0378102 -0.101054  0.732486
0.0378056  -0.10105  0.732482
 0.037801 -0.101047  0.732479
0.0377964 -0.101043  0.732475
0.0377918  -0.10104  0.732472
0.0377872 -0.101036  0.732468
0.0377826 -0.101033  0.732465
0.0377779 -0.101029  0.732461
0.0377733 -0.101026  0.732458
0.0377687 -0.101022  0.732454
 0.037764 -0.101019  0.732451
0.0377593 -0.101015  0.732447
0.0377547 -0.101012  0.732444
  0.03775 -0.101008   0.73244
0.0377453 -0.101005  0.732437
0.0377406 -0.101001  0.732433
 0.037736 -0.100997   0.73243
0.0377313 -0.100994  0.732426
0.0377266  -0.10099  0.732423
0.0377219 -0.100987  0.732419
0.0377171 -0.100983  0.732415
0.0377124  -0.10098  0.732412
0.0377077 -0.100976  0.732408
 0.037703 -0.100973  0.732405
0.0376982 -0.100969  0.732401
0.0376935 -0.100965  0.732398
0.0376887 -0.100962  0.732394
 0.037684 -0.100958   0.73239
0.0376792 -0.100955  0.732387
0.0376744 -0.100951  0.732383
0.0376696 -0.100947   0.73238
0.0376649 -0.100944  0.732376
0.0376601  -0.10094  0.732372
0.0376553 -0.100937  0.732369
0.0376505 -0.100933  0.732365
0.0376457 -0.100929  0.732362
0.0376408 -0.100926  0.732358
 0.037636 -0.100922  0.732354
0.0376312 -0.100918  0.732351
0.0376263 -0.100915  0.732347
0.0376215 -0.100911  0.732343
0.0376167 -0.100907   0.73234
0.0376118 -0.100904  0.732336
0.0376069   -0.1009  0.732332
0.0376021 -0.100896  0.732329
0.0375972 -0.100893  0.732325
0.0375923 -0.100889  0.732321
0.0375874 -0.100885  0.732318
0.0375825 -0.100882  0.732314
0.0375776 -0.100878   0.73231
0.0375727 -0.100874  0.732306
0.0375678 -0.100871  0.732303
0.0375629 -0.100867  0.732299
 0.037558 -0.100863  0.732295
0.0375531 -0.100859  0.732292
0.0375481 -0.100856  0.732288
0.0375432 -0.100852  0.732284
0.0375382 -0.100848   0.73228
0.0375333 -0.100844  0.732277
0.0375283 -0.100841  0.732273
0.0375233 -0.100837  0.732269
0.0375184 -0.100833  0.732265
0.0375134 -0.100829  0.732262
0.0375084 -0.100826  0.732258
0.0375034 -0.100822  0.732254
0.0374984 -0.100818   0.73225
0.0374934 -0.100814  0.732247
0.0374884 -0.100811  0.732243
0.0374834 -0.100807  0.732239
0.0374783 -0.100803  0.732235
0.0374733 -0.100799  0.732231
0.0374683 -0.100795  0.732228
0.0374632 -0.100792  0.732224
0.0374582 -0.100788   0.73222
0.0374531 -0.100784  0.732216
0.0374481  -0.10078  0.732212
 0.037443 -0.100776  0.732208
0.0374379 -0.100772  0.732205
0.0374328 -0.100769  0.732201
0.0374277 -0.100765  0.732197
0.0374226 -0.100761  0.732193
0.0374175 -0.100757  0.732189
0.0374124 -0.100753  0.732185
0.0374073 -0.100749  0.732182
0.0374022 -0.100745  0.732178
0.0373971 -0.100742  0.732174
0.0373919 -0.100738   0.73217
0.0373868 -0.100734  0.732166
0.0373816  -0.10073  0.732162
0.0373765 -0.100726  0.732158
0.0373713 -0.100722  0.732154
0.0373662 -0.100718  0.732151
 0.037361 -0.100714  0.732147
0.0373558  -0.10071  0.732143
0.0373506 -0.100707  0.732139
0.0373454 -0.100703  0.732135
0.0373402 -0.100699  0.732131
 0.037335 -0.100695  0.732127
0.0373298 -0.100691  0.732123
0.0373246 -0.100687  0.732119
0.0373194 -0.100683  0.732115
0.0373142 -0.100679  0.732111
0.0373089 -0.100675  0.732107
0.0373037 -0.100671  0.732103
0.0372984 -0.100667  0.732099
0.0372932 -0.100663  0.732095
0.0372879 -0.100659  0.732091
0.0372827 -0.100655  0.732087
0.0372774 -0.100651  0.732083
0.0372721 -0.100647  0.732079
0.0372668 -0.100643  0.732075
0.0372615 -0.100639  0.732071
0.0372562 -0.100635  0.732067
0.0372509 -0.100631  0.732063
0.0372456 -0.100627  0.732059
0.0372403 -0.100623  0.732055
 0.037235 -0.100619  0.732051
0.0372296 -0.100615  0.732047
0.0372243 -0.100611  0.732043
 0.037219 -0.100607  0.732039
0.0372136 -0.100603  0.732035
0.0372082 -0.100599  0.732031
0.0372029 -0.100595  0.732027
0.0371975 -0.100591  0.732023
0.0371921 -0.100587  0.732019
0.0371868 -0.100583  0.732015
0.0371814 -0.100579  0.732011
 0.037176 -0.100575  0.732007
0.0371706 -0.100571  0.732003
0.0371652 -0.100567  0.731999
0.0371598 -0.100562  0.731995
0.0371543 -0.100558  0.731991
0.0371489 -0.100554  0.731986
0.0371435  -0.10055  0.731982
 0.037138 -0.100546  0.731978
0.0371326 -0.100542  0.731974
0.0371271 -0.100538   0.73197
0.0371217 -0.100534  0.731966
0.0371162  -0.10053  0.731962
0.0371107 -0.100525  0.731958
0.0371053 -0.100521  0.731954
0.0370998 -0.100517  0.731949
0.0370943 -0.100513  0.731945
0.0370888 -0.100509  0.731941
0.0370833 -0.100505  0.731937
0.0370778 -0.100501  0.731933
0.0370723 -0.100496  0.731929
0.0370667 -0.100492  0.731924
0.0370612 -0.100488   0.73192
0.0370557 -0.100484  0.731916
0.0370501  -0.10048  0.731912
0.0370446 -0.100475  0.731908
 0.037039 -0.100471  0.731904
0.0370335 -0.100467  0.731899
0.0370279 -0.100463  0.731895
0.0370223 -0.100459  0.731891
0.0370168 -0.100454  0.731887
0.0370112  -0.10045  0.731882
0.0370056 -0.100446  0.731878
    0.037 -0.100442  0.731874
0.0369944 -0.100438   0.73187
0.0369888 -0.100433  0.731866
0.0369831 -0.100429  0.731861
0.0369775 -0.100425  0.731857
0.0369719 -0.100421  0.731853
0.0369663 -0.100416  0.731849
0.0369606 -0.100412  0.731844
 0.036955 -0.100408   0.73184
0.0369493 -0.100404  0.731836
0.0369436 -0.100399  0.731831
 0.036938 -0.100395  0.731827
0.0369323 -0.100391  0.731823
0.0369266 -0.100386  0.731819
0.0369209 -0.100382  0.731814
0.0369152 -0.100378   0.73181
0.0369095 -0.100374  0.731806
0.0369038 -0.100369  0.731801
0.0368981 -0.100365  0.731797
0.0368924 -0.100361  0.731793
0.0368867 -0.100356  0.731788
0.0368809 -0.100352  0.731784
0.0368752 -0.100348   0.73178
0.0368695 -0.100343  0.731775
0.0368637 -0.100339  0.731771
0.0368579 -0.100335  0.731767
0.0368522  -0.10033  0.731762
0.0368464 -0.100326  0.731758
0.0368406 -0.100322  0.731754
0.0368348 -0.100317  0.731749
0.0368291 -0.100313  0.731745
0.0368233 -0.100308  0.731741
0.0368175 -0.100304  0.731736
0.0368116   -0.1003  0.731732
0.0368058 -0.100295  0.731727
   0.0368 -0.100291  0.731723
0.0367942 -0.100286  0.731719
0.0367884 -0.100282  0.731714
0.0367825 -0.100278   0.73171
0.0367767 -0.100273  0.731705
0.0367708 -0.100269  0.731701
0.0367649 -0.100264  0.731697
0.0367591  -0.10026  0.731692
0.0367532 -0.100256  0.731688
0.0367473 -0.100251  0.731683
0.0367414 -0.100247  0.731679
0.0367356 -0.100242  0.731674
0.0367297 -0.100238   0.73167
0.0367238 -0.100233  0.731665
0.0367178 -0.100229  0.731661
0.0367119 -0.100224  0.731657
0.036706 -0.10022 0.731652
0.0367001 -0.100215  0.731648
0.0366941 -0.100211  0.731643
0.0366882 -0.100206  0.731639
0.0366822 -0.100202  0.731634
0.0366763 -0.100197   0.73163
0.0366703 -0.100193  0.731625
0.0366644 -0.100188  0.731621
0.0366584 -0.100184  0.731616
0.0366524 -0.100179  0.731612
0.0366464 -0.100175  0.731607
0.0366404  -0.10017  0.731603
0.0366344 -0.100166  0.731598
0.0366284 -0.100161  0.731593
0.0366224 -0.100157  0.731589
0.0366164 -0.100152  0.731584
0.0366104 -0.100148   0.73158
0.0366043 -0.100143  0.731575
0.0365983 -0.100139  0.731571
0.0365923 -0.100134  0.731566
0.0365862 -0.100129  0.731562
0.0365801 -0.100125  0.731557
0.0365741  -0.10012  0.731552
 0.036568 -0.100116  0.731548
0.0365619 -0.100111  0.731543
0.0365559 -0.100106  0.731539
0.0365498 -0.100102  0.731534
0.0365437 -0.100097   0.73153
0.0365376 -0.100093  0.731525
0.0365315 -0.100088   0.73152
0.0365253 -0.100083  0.731516
0.0365192 -0.100079  0.731511
0.0365131 -0.100074  0.731506
0.036507 -0.10007 0.731502
0.0365008 -0.100065  0.731497
0.0364947  -0.10006  0.731493
0.0364885 -0.100056  0.731488
0.0364824 -0.100051  0.731483
0.0364762 -0.100046  0.731479
  0.03647 -0.100042  0.731474
0.0364639 -0.100037  0.731469
0.0364577 -0.100032  0.731465
0.0364515 -0.100028   0.73146
0.0364453 -0.100023  0.731455
0.0364391 -0.100018  0.731451
0.0364329 -0.100014  0.731446
0.0364267 -0.100009  0.731441
0.0364204 -0.100004  0.731436
 0.0364142 -0.0999996   0.731432
  0.036408 -0.0999948   0.731427
 0.0364017 -0.0999901   0.731422
 0.0363955 -0.0999854   0.731418
 0.0363892 -0.0999807   0.731413
 0.036383 -0.099976  0.731408
 0.0363767 -0.0999712   0.731403
 0.0363704 -0.0999665   0.731399
 0.0363642 -0.0999618   0.731394
0.0363579 -0.099957  0.731389
 0.0363516 -0.0999523   0.731384
 0.0363453 -0.0999475    0.73138
  0.036339 -0.0999428   0.731375
0.0363327 -0.099938   0.73137
 0.0363264 -0.0999332   0.731365
   0.03632 -0.0999284   0.731361
 0.0363137 -0.0999237   0.731356
 0.0363074 -0.0999189   0.731351
  0.036301 -0.0999141   0.731346
 0.0362947 -0.0999093   0.731342
 0.0362883 -0.0999045   0.731337
  0.036282 -0.0998997   0.731332
 0.0362756 -0.0998949   0.731327
 0.0362692 -0.0998901   0.731322
 0.0362628 -0.0998853   0.731317
 0.0362565 -0.0998804   0.731313
 0.0362501 -0.0998756   0.731308
 0.0362437 -0.0998708   0.731303
0.0362373 -0.099866  0.731298
 0.0362308 -0.0998611   0.731293
 0.0362244 -0.0998563   0.731288
  0.036218 -0.0998514   0.731284
 0.0362116 -0.0998466   0.731279
 0.0362051 -0.0998417   0.731274
 0.0361987 -0.0998368   0.731269
0.0361922 -0.099832  0.731264
 0.0361858 -0.0998271   0.731259
 0.0361793 -0.0998222   0.731254
 0.0361729 -0.0998173    0.73125
 0.0361664 -0.0998124   0.731245
 0.0361599 -0.0998075    0.73124
 0.0361534 -0.0998027   0.731235
 0.0361469 -0.0997977    0.73123
 0.0361404 -0.0997928   0.731225
 0.0361339 -0.0997879    0.73122
0.0361274 -0.099783  0.731215
 0.0361209 -0.0997781    0.73121
 0.0361144 -0.0997732   0.731205
 0.0361078 -0.0997682     0.7312
 0.0361013 -0.0997633   0.731195
 0.0360948 -0.0997584   0.731191
 0.0360882 -0.0997534   0.731186
 0.0360816 -0.0997485   0.731181
 0.0360751 -0.0997435   0.731176
 0.0360685 -0.0997385   0.731171
 0.0360619 -0.0997336   0.731166
 0.0360554 -0.0997286   0.731161
 0.0360488 -0.0997236   0.731156
 0.0360422 -0.0997187   0.731151
 0.0360356 -0.0997137   0.731146
  0.036029 -0.0997087   0.731141
 0.0360224 -0.0997037   0.731136
 0.0360157 -0.0996987   0.731131
 0.0360091 -0.0996937   0.731126
 0.0360025 -0.0996887   0.731121
 0.0359958 -0.0996837   0.731116
 0.0359892 -0.0996787   0.731111
 0.0359825 -0.0996736   0.731106
 0.0359759 -0.0996686   0.731101
 0.0359692 -0.0996636   0.731096
 0.0359626 -0.0996585   0.731091
 0.0359559 -0.0996535   0.731086
 0.0359492 -0.0996485   0.731081
 0.0359425 -0.0996434   0.731076
 0.0359358 -0.0996384   0.731071
 0.0359291 -0.0996333   0.731066
 0.0359224 -0.0996282    0.73106
 0.0359157 -0.0996232   0.731055
  0.035909 -0.0996181    0.73105
0.0359023 -0.099613  0.731045
 0.0358955 -0.0996079    0.73104
 0.0358888 -0.0996028   0.731035
  0.035882 -0.0995978    0.73103
 0.0358753 -0.0995927   0.731025
 0.0358685 -0.0995876    0.73102
 0.0358618 -0.0995824   0.731015
  0.035855 -0.0995773    0.73101
 0.0358482 -0.0995722   0.731004
 0.0358414 -0.0995671   0.730999
0.0358346 -0.099562  0.730994
 0.0358279 -0.0995568   0.730989
 0.0358211 -0.0995517   0.730984
 0.0358142 -0.0995466   0.730979
 0.0358074 -0.0995414   0.730974
 0.0358006 -0.0995363   0.730968
 0.0357938 -0.0995311   0.730963
 0.035787 -0.099526  0.730958
 0.0357801 -0.0995208   0.730953
 0.0357733 -0.0995156   0.730948
 0.0357664 -0.0995105   0.730943
 0.0357596 -0.0995053   0.730937
 0.0357527 -0.0995001   0.730932
 0.0357458 -0.0994949   0.730927
  0.035739 -0.0994897   0.730922
 0.0357321 -0.0994845   0.730917
 0.0357252 -0.0994793   0.730912
 0.0357183 -0.0994741   0.730906
 0.0357114 -0.0994689   0.730901
 0.0357045 -0.0994637   0.730896
 0.0356976 -0.0994585   0.730891
 0.0356907 -0.0994533   0.730885
0.0356837 -0.099448   0.73088
 0.0356768 -0.0994428   0.730875
 0.0356699 -0.0994376    0.73087
 0.0356629 -0.0994323   0.730865
  0.035656 -0.0994271   0.730859
  0.035649 -0.0994218   0.730854
  0.035642 -0.0994166   0.730849
 0.0356351 -0.0994113   0.730843
0.0356281 -0.099406  0.730838
 0.0356211 -0.0994008   0.730833
 0.0356141 -0.0993955   0.730828
 0.0356071 -0.0993902   0.730822
 0.0356001 -0.0993849   0.730817
 0.0355931 -0.0993796   0.730812
 0.0355861 -0.0993743   0.730807
0.0355791 -0.099369  0.730801
 0.0355721 -0.0993637   0.730796
  0.035565 -0.0993584   0.730791
  0.035558 -0.0993531   0.730785
  0.035551 -0.0993478    0.73078
 0.0355439 -0.0993425   0.730775
 0.0355369 -0.0993371   0.730769
 0.0355298 -0.0993318   0.730764
 0.0355227 -0.0993265   0.730759
 0.0355157 -0.0993211   0.730753
 0.0355086 -0.0993158   0.730748
 0.0355015 -0.0993104   0.730743
 0.0354944 -0.0993051   0.730737
 0.0354873 -0.0992997   0.730732
 0.0354802 -0.0992944   0.730727
0.0354731 -0.099289  0.730721
  0.035466 -0.0992836   0.730716
 0.0354588 -0.0992782    0.73071
 0.0354517 -0.0992728   0.730705
 0.0354446 -0.0992675     0.7307
 0.0354374 -0.0992621   0.730694
 0.0354303 -0.0992567   0.730689
 0.0354231 -0.0992513   0.730683
  0.035416 -0.0992459   0.730678
 0.0354088 -0.0992404   0.730673
0.0354016 -0.099235  0.730667
 0.0353944 -0.0992296   0.730662
 0.0353873 -0.0992242   0.730656
 0.0353801 -0.0992188   0.730651
 0.0353729 -0.0992133   0.730646
 0.0353657 -0.0992079    0.73064
 0.0353585 -0.0992024   0.730635
0.0353512 -0.099197  0.730629
  0.035344 -0.0991915   0.730624
 0.0353368 -0.0991861   0.730618
 0.0353296 -0.0991806   0.730613
 0.0353223 -0.0991751   0.730607
 0.0353151 -0.0991697   0.730602
 0.0353078 -0.0991642   0.730596
 0.0353005 -0.0991587   0.730591
 0.0352933 -0.0991532   0.730585
  0.035286 -0.0991477    0.73058
 0.0352787 -0.0991423   0.730574
 0.0352715 -0.0991368   0.730569
 0.0352642 -0.0991312   0.730563
 0.0352569 -0.0991257   0.730558
 0.0352496 -0.0991202   0.730552
 0.0352423 -0.0991147   0.730547
 0.0352349 -0.0991092   0.730541
 0.0352276 -0.0991037   0.730536
 0.0352203 -0.0990981    0.73053
  0.035213 -0.0990926   0.730525
0.0352056 -0.099087  0.730519
 0.0351983 -0.0990815   0.730514
0.0351909 -0.099076  0.730508
 0.0351836 -0.0990704   0.730503
 0.0351762 -0.0990648   0.730497
 0.0351688 -0.0990593   0.730491
 0.0351615 -0.0990537   0.730486
 0.0351541 -0.0990481    0.73048
 0.0351467 -0.0990426   0.730475
0.0351393 -0.099037  0.730469
 0.0351319 -0.0990314   0.730464
 0.0351245 -0.0990258   0.730458
 0.0351171 -0.0990202   0.730452
 0.0351097 -0.0990146   0.730447
0.0351022 -0.099009  0.730441
 0.0350948 -0.0990034   0.730436
 0.0350874 -0.0989978    0.73043
 0.0350799 -0.0989921   0.730424
 0.0350725 -0.0989865   0.730419
  0.035065 -0.0989809   0.730413
 0.0350576 -0.0989753   0.730407
 0.0350501 -0.0989696   0.730402
0.0350426 -0.098964  0.730396
 0.0350351 -0.0989583   0.730391
 0.0350277 -0.0989527   0.730385
0.0350202 -0.098947  0.730379
 0.0350127 -0.0989414   0.730374
 0.0350052 -0.0989357   0.730368
0.0349976  -0.09893  0.730362
 0.0349901 -0.0989244   0.730357
 0.0349826 -0.0989187   0.730351
0.0349751 -0.098913  0.730345
 0.0349675 -0.0989073    0.73034
   0.03496 -0.0989016   0.730334
 0.0349525 -0.0988959   0.730328
 0.0349449 -0.0988902   0.730322
 0.0349374 -0.0988845   0.730317
 0.0349298 -0.0988788   0.730311
 0.0349222 -0.0988731   0.730305
 0.0349146 -0.0988674     0.7303
 0.0349071 -0.0988616   0.730294
 0.0348995 -0.0988559   0.730288
 0.0348919 -0.0988502   0.730282
 0.0348843 -0.0988444   0.730277
 0.0348767 -0.0988387   0.730271
 0.0348691 -0.0988329   0.730265
 0.0348614 -0.0988272   0.730259
 0.0348538 -0.0988214   0.730254
 0.0348462 -0.0988157   0.730248
 0.0348385 -0.0988099   0.730242
 0.0348309 -0.0988041   0.730236
 0.0348233 -0.0987984   0.730231
 0.0348156 -0.0987926   0.730225
 0.0348079 -0.0987868   0.730219
0.0348003 -0.098781  0.730213
 0.0347926 -0.0987752   0.730207
 0.0347849 -0.0987694   0.730202
 0.0347772 -0.0987636   0.730196
 0.0347695 -0.0987578    0.73019
0.0347618 -0.098752  0.730184
 0.0347541 -0.0987462   0.730178
 0.0347464 -0.0987404   0.730173
 0.0347387 -0.0987345   0.730167
  0.034731 -0.0987287   0.730161
 0.0347233 -0.0987229   0.730155
0.0347155 -0.098717  0.730149
 0.0347078 -0.0987112   0.730143
 0.0347001 -0.0987053   0.730138
 0.0346923 -0.0986995   0.730132
 0.0346845 -0.0986936   0.730126
 0.0346768 -0.0986878    0.73012
  0.034669 -0.0986819   0.730114
0.0346612 -0.098676  0.730108
 0.0346535 -0.0986702   0.730102
 0.0346457 -0.0986643   0.730096
 0.0346379 -0.0986584   0.730091
 0.0346301 -0.0986525   0.730085
 0.0346223 -0.0986466   0.730079
 0.0346145 -0.0986407   0.730073
 0.0346066 -0.0986348   0.730067
 0.0345988 -0.0986289   0.730061
 0.034591 -0.098623  0.730055
 0.0345832 -0.0986171   0.730049
 0.0345753 -0.0986112   0.730043
 0.0345675 -0.0986052   0.730037
 0.0345596 -0.0985993   0.730032
 0.0345518 -0.0985934   0.730026
 0.0345439 -0.0985874    0.73002
  0.034536 -0.0985815   0.730014
 0.0345281 -0.0985755   0.730008
 0.0345203 -0.0985696   0.730002
 0.0345124 -0.0985636   0.729996
 0.0345045 -0.0985577    0.72999
 0.0344966 -0.0985517   0.729984
 0.0344887 -0.0985457   0.729978
 0.0344808 -0.0985398   0.729972
 0.0344728 -0.0985338   0.729966
 0.0344649 -0.0985278    0.72996
  0.034457 -0.0985218   0.729954
 0.0344491 -0.0985158   0.729948
 0.0344411 -0.0985098   0.729942
 0.0344332 -0.0985038   0.729936
 0.0344252 -0.0984978    0.72993
 0.0344173 -0.0984918   0.729924
 0.0344093 -0.0984858   0.729918
 0.0344013 -0.0984798   0.729912
 0.0343933 -0.0984738   0.729906
 0.0343854 -0.0984677     0.7299
 0.0343774 -0.0984617   0.729894
 0.0343694 -0.0984557   0.729888
 0.0343614 -0.0984496   0.729882
 0.0343534 -0.0984436   0.729876
 0.0343454 -0.0984375    0.72987
 0.0343373 -0.0984315   0.729864
 0.0343293 -0.0984254   0.729858
 0.0343213 -0.0984194   0.729852
 0.0343132 -0.0984133   0.729845
 0.0343052 -0.0984072   0.729839
 0.0342972 -0.0984011   0.729833
 0.0342891 -0.0983951   0.729827
 0.034281 -0.098389  0.729821
  0.034273 -0.0983829   0.729815
 0.0342649 -0.0983768   0.729809
 0.0342568 -0.0983707   0.729803
 0.0342487 -0.0983646   0.729797
 0.0342407 -0.0983585   0.729791
 0.0342326 -0.0983524   0.729785
 0.0342245 -0.0983463   0.729778
 0.0342163 -0.0983401   0.729772
0.0342082 -0.098334  0.729766
 0.0342001 -0.0983279    0.72976
  0.034192 -0.0983217   0.729754
 0.0341839 -0.0983156   0.729748
 0.0341757 -0.0983095   0.729742
 0.0341676 -0.0983033   0.729736
 0.0341594 -0.0982972   0.729729
0.0341513 -0.098291  0.729723
 0.0341431 -0.0982848   0.729717
  0.034135 -0.0982787   0.729711
 0.0341268 -0.0982725   0.729705
 0.0341186 -0.0982663   0.729699
 0.0341104 -0.0982602   0.729692
0.0341022 -0.098254  0.729686
  0.034094 -0.0982478    0.72968
 0.0340858 -0.0982416   0.729674
 0.0340776 -0.0982354   0.729668
 0.0340694 -0.0982292   0.729661
0.0340612 -0.098223  0.729655
  0.034053 -0.0982168   0.729649
 0.0340448 -0.0982106   0.729643
 0.0340365 -0.0982044   0.729637
 0.0340283 -0.0981981    0.72963
   0.03402 -0.0981919   0.729624
 0.0340118 -0.0981857   0.729618
 0.0340035 -0.0981794   0.729612
 0.0339953 -0.0981732   0.729605
 0.033987 -0.098167  0.729599
 0.0339787 -0.0981607   0.729593
 0.0339704 -0.0981545   0.729587
 0.0339621 -0.0981482    0.72958
 0.0339539 -0.0981419   0.729574
 0.0339456 -0.0981357   0.729568
 0.0339372 -0.0981294   0.729562
 0.0339289 -0.0981231   0.729555
 0.0339206 -0.0981169   0.729549
 0.0339123 -0.0981106   0.729543
  0.033904 -0.0981043   0.729536
0.0338956 -0.098098   0.72953
 0.0338873 -0.0980917   0.729524
  0.033879 -0.0980854   0.729518
 0.0338706 -0.0980791   0.729511
 0.0338622 -0.0980728   0.729505
 0.0338539 -0.0980665   0.729499
 0.0338455 -0.0980601   0.729492
 0.0338371 -0.0980538   0.729486
 0.0338288 -0.0980475    0.72948
 0.0338204 -0.0980412   0.729473
  0.033812 -0.0980348   0.729467
 0.0338036 -0.0980285   0.729461
 0.0337952 -0.0980221   0.729454
 0.0337868 -0.0980158   0.729448
 0.0337784 -0.0980094   0.729442
 0.0337699 -0.0980031   0.729435
 0.0337615 -0.0979967   0.729429
 0.0337531 -0.0979904   0.729423
0.0337446 -0.097984  0.729416
 0.0337362 -0.0979776    0.72941
 0.0337278 -0.0979712   0.729403
 0.0337193 -0.0979649   0.729397
 0.0337108 -0.0979585   0.729391
 0.0337024 -0.0979521   0.729384
 0.0336939 -0.0979457   0.729378
 0.0336854 -0.0979393   0.729371
 0.0336769 -0.0979329   0.729365
 0.0336685 -0.0979265   0.729359
   0.03366 -0.0979201   0.729352
 0.0336515 -0.0979136   0.729346
  0.033643 -0.0979072   0.729339
 0.0336344 -0.0979008   0.729333
 0.0336259 -0.0978944   0.729327
 0.0336174 -0.0978879    0.72932
 0.0336089 -0.0978815   0.729314
0.0336003 -0.097875  0.729307
 0.0335918 -0.0978686   0.729301
 0.0335833 -0.0978621   0.729294
 0.0335747 -0.0978557   0.729288
 0.0335662 -0.0978492   0.729281
 0.0335576 -0.0978428   0.729275
  0.033549 -0.0978363   0.729268
 0.0335405 -0.0978298   0.729262
 0.0335319 -0.0978233   0.729256
 0.0335233 -0.0978169   0.729249
 0.0335147 -0.0978104   0.729243
 0.0335061 -0.0978039   0.729236
 0.0334975 -0.0977974    0.72923
 0.0334889 -0.0977909   0.729223
 0.0334803 -0.0977844   0.729217
 0.0334717 -0.0977779    0.72921
  0.033463 -0.0977714   0.729204
 0.0334544 -0.0977649   0.729197
 0.0334458 -0.0977583   0.729191
 0.0334371 -0.0977518   0.729184
 0.0334285 -0.0977453   0.729177
 0.0334198 -0.0977387   0.729171
 0.0334112 -0.0977322   0.729164
 0.0334025 -0.0977257   0.729158
 0.0333938 -0.0977191   0.729151
 0.0333852 -0.0977126   0.729145
0.0333765 -0.097706  0.729138
 0.0333678 -0.0976995   0.729132
 0.0333591 -0.0976929   0.729125
 0.0333504 -0.0976863   0.729119
 0.0333417 -0.0976798   0.729112
  0.033333 -0.0976732   0.729105
 0.0333243 -0.0976666   0.729099
0.0333156  -0.09766  0.729092
 0.0333068 -0.0976534   0.729086
 0.0332981 -0.0976468   0.729079
 0.0332894 -0.0976403   0.729072
 0.0332806 -0.0976336   0.729066
0.0332719 -0.097627  0.729059
 0.0332631 -0.0976204   0.729053
 0.0332544 -0.0976138   0.729046
 0.0332456 -0.0976072   0.729039
 0.0332368 -0.0976006   0.729033
0.0332281 -0.097594  0.729026
 0.0332193 -0.0975873    0.72902
 0.0332105 -0.0975807   0.729013
 0.0332017 -0.0975741   0.729006
 0.0331929 -0.0975674      0.729
 0.0331841 -0.0975608   0.728993
 0.0331753 -0.0975541   0.728986
 0.0331665 -0.0975475    0.72898
 0.0331577 -0.0975408   0.728973
 0.0331488 -0.0975341   0.728966
   0.03314 -0.0975275    0.72896
 0.0331312 -0.0975208   0.728953
 0.0331223 -0.0975141   0.728946
 0.0331135 -0.0975074    0.72894
 0.0331046 -0.0975008   0.728933
 0.0330958 -0.0974941   0.728926
 0.0330869 -0.0974874    0.72892
  0.033078 -0.0974807   0.728913
0.0330692 -0.097474  0.728906
 0.0330603 -0.0974673   0.728899
 0.0330514 -0.0974606   0.728893
 0.0330425 -0.0974539   0.728886
 0.0330336 -0.0974471   0.728879
 0.0330247 -0.0974404   0.728873
 0.0330158 -0.0974337   0.728866
0.0330069 -0.097427  0.728859
  0.032998 -0.0974202   0.728852
  0.032989 -0.0974135   0.728846
 0.0329801 -0.0974068   0.728839
0.0329712   -0.0974  0.728832
 0.0329622 -0.0973933   0.728825
 0.0329533 -0.0973865   0.728819
 0.0329443 -0.0973797   0.728812
0.0329354 -0.097373  0.728805
 0.0329264 -0.0973662   0.728798
 0.0329175 -0.0973594   0.728792
 0.0329085 -0.0973527   0.728785
 0.0328995 -0.0973459   0.728778
 0.0328905 -0.0973391   0.728771
 0.0328815 -0.0973323   0.728765
 0.0328725 -0.0973255   0.728758
 0.0328635 -0.0973187   0.728751
 0.0328545 -0.0973119   0.728744
 0.0328455 -0.0973051   0.728737
 0.0328365 -0.0972983   0.728731
 0.0328275 -0.0972915   0.728724
 0.0328184 -0.0972847   0.728717
 0.0328094 -0.0972779    0.72871
0.0328004 -0.097271  0.728703
 0.0327913 -0.0972642   0.728696
 0.0327823 -0.0972574    0.72869
 0.0327732 -0.0972505   0.728683
 0.0327642 -0.0972437   0.728676
 0.0327551 -0.0972369   0.728669
0.032746 -0.09723 0.728662
  0.032737 -0.0972232   0.728655
 0.0327279 -0.0972163   0.728649
 0.0327188 -0.0972094   0.728642
 0.0327097 -0.0972026   0.728635
 0.0327006 -0.0971957   0.728628
 0.0326915 -0.0971888   0.728621
0.0326824 -0.097182  0.728614
 0.0326733 -0.0971751   0.728607
 0.0326641 -0.0971682     0.7286
  0.032655 -0.0971613   0.728594
 0.0326459 -0.0971544   0.728587
 0.0326368 -0.0971475    0.72858
 0.0326276 -0.0971406   0.728573
 0.0326185 -0.0971337   0.728566
 0.0326093 -0.0971268   0.728559
 0.0326002 -0.0971199   0.728552
 0.032591 -0.097113  0.728545
0.0325818 -0.097106  0.728538
 0.0325727 -0.0970991   0.728531
 0.0325635 -0.0970922   0.728524
 0.0325543 -0.0970853   0.728517
 0.0325451 -0.0970783   0.728511
 0.0325359 -0.0970714   0.728504
 0.0325267 -0.0970644   0.728497
 0.0325175 -0.0970575    0.72849
 0.0325083 -0.0970505   0.728483
 0.0324991 -0.0970436   0.728476
 0.0324899 -0.0970366   0.728469
 0.0324806 -0.0970296   0.728462
 0.0324714 -0.0970227   0.728455
 0.0324622 -0.0970157   0.728448
 0.0324529 -0.0970087   0.728441
 0.0324437 -0.0970017   0.728434
 0.0324344 -0.0969948   0.728427
 0.0324252 -0.0969878    0.72842
 0.0324159 -0.0969808   0.728413
 0.0324066 -0.0969738   0.728406
 0.0323974 -0.0969668   0.728399
 0.0323881 -0.0969598   0.728392
 0.0323788 -0.0969528   0.728385
 0.0323695 -0.0969457   0.728378
 0.0323602 -0.0969387   0.728371
 0.0323509 -0.0969317   0.728364
 0.0323416 -0.0969247   0.728357
 0.0323323 -0.0969176    0.72835
  0.032323 -0.0969106   0.728343
 0.0323137 -0.0969036   0.728336
 0.0323043 -0.0968965   0.728329
  0.032295 -0.0968895   0.728322
 0.0322857 -0.0968824   0.728315
 0.0322763 -0.0968754   0.728308
  0.032267 -0.0968683   0.728301
 0.0322576 -0.0968613   0.728293
 0.0322483 -0.0968542   0.728286
 0.0322389 -0.0968471   0.728279
 0.0322295 -0.0968401   0.728272
0.0322202 -0.096833  0.728265
 0.0322108 -0.0968259   0.728258
 0.0322014 -0.0968188   0.728251
  0.032192 -0.0968117   0.728244
 0.0321826 -0.0968046   0.728237
 0.0321732 -0.0967975    0.72823
 0.0321638 -0.0967904   0.728223
 0.0321544 -0.0967833   0.728216
  0.032145 -0.0967762   0.728208
 0.0321356 -0.0967691   0.728201
0.0321261 -0.096762  0.728194
 0.0321167 -0.0967549   0.728187
 0.0321073 -0.0967478    0.72818
 0.0320978 -0.0967406   0.728173
 0.0320884 -0.0967335   0.728166
 0.0320789 -0.0967264   0.728159
 0.0320695 -0.0967192   0.728151
   0.03206 -0.0967121   0.728144
 0.0320506 -0.0967049   0.728137
 0.0320411 -0.0966978    0.72813
 0.0320316 -0.0966906   0.728123
 0.0320221 -0.0966835   0.728116
 0.0320126 -0.0966763   0.728109
 0.0320032 -0.0966691   0.728101
0.0319937 -0.096662  0.728094
 0.0319842 -0.0966548   0.728087
 0.0319746 -0.0966476    0.72808
 0.0319651 -0.0966404   0.728073
 0.0319556 -0.0966332   0.728065
0.0319461 -0.096626  0.728058
 0.0319366 -0.0966189   0.728051
  0.031927 -0.0966117   0.728044
 0.0319175 -0.0966045   0.728037
 0.0319079 -0.0965973   0.728029
0.0318984  -0.09659  0.728022
 0.0318888 -0.0965828   0.728015
 0.0318793 -0.0965756   0.728008
 0.0318697 -0.0965684   0.728001
 0.0318602 -0.0965612   0.727993
 0.0318506 -0.0965539   0.727986
  0.031841 -0.0965467   0.727979
 0.0318314 -0.0965395   0.727972
 0.0318218 -0.0965322   0.727964
0.0318122 -0.096525  0.727957
 0.0318026 -0.0965177    0.72795
  0.031793 -0.0965105   0.727943
 0.0317834 -0.0965032   0.727935
0.0317738 -0.096496  0.727928
 0.0317642 -0.0964887   0.727921
 0.0317546 -0.0964814   0.727914
 0.0317449 -0.0964742   0.727906
 0.0317353 -0.0964669   0.727899
 0.0317257 -0.0964596   0.727892
  0.031716 -0.0964523   0.727885
 0.0317064 -0.0964451   0.727877
 0.0316967 -0.0964378    0.72787
 0.0316871 -0.0964305   0.727863
 0.0316774 -0.0964232   0.727855
 0.0316677 -0.0964159   0.727848
  0.031658 -0.0964086   0.727841
 0.0316484 -0.0964013   0.727833
 0.0316387 -0.0963939   0.727826
  0.031629 -0.0963866   0.727819
 0.0316193 -0.0963793   0.727812
0.0316096 -0.096372  0.727804
 0.0315999 -0.0963647   0.727797
 0.0315902 -0.0963573    0.72779
0.0315805  -0.09635  0.727782
 0.0315707 -0.0963427   0.727775
  0.031561 -0.0963353   0.727768
0.0315513 -0.096328   0.72776
 0.0315416 -0.0963206   0.727753
 0.0315318 -0.0963133   0.727745
 0.0315221 -0.0963059   0.727738
 0.0315123 -0.0962985   0.727731
 0.0315026 -0.0962912   0.727723
 0.0314928 -0.0962838   0.727716
  0.031483 -0.0962764   0.727709
 0.0314733 -0.0962691   0.727701
 0.0314635 -0.0962617   0.727694
 0.0314537 -0.0962543   0.727687
 0.0314439 -0.0962469   0.727679
 0.0314342 -0.0962395   0.727672
 0.0314244 -0.0962321   0.727664
 0.0314146 -0.0962247   0.727657
 0.0314048 -0.0962173    0.72765
 0.0313949 -0.0962099   0.727642
 0.0313851 -0.0962025   0.727635
 0.0313753 -0.0961951   0.727627
 0.0313655 -0.0961877    0.72762
 0.0313557 -0.0961803   0.727612
 0.0313458 -0.0961728   0.727605
  0.031336 -0.0961654   0.727598
0.0313262 -0.096158   0.72759
 0.0313163 -0.0961505   0.727583
 0.0313065 -0.0961431   0.727575
 0.0312966 -0.0961357   0.727568
 0.0312867 -0.0961282    0.72756
 0.0312769 -0.0961208   0.727553
  0.031267 -0.0961133   0.727546
 0.0312571 -0.0961059   0.727538
 0.0312472 -0.0960984   0.727531
 0.0312373 -0.0960909   0.727523
 0.0312275 -0.0960835   0.727516
0.0312176 -0.096076  0.727508
 0.0312077 -0.0960685   0.727501
0.0311978 -0.096061  0.727493
 0.0311878 -0.0960536   0.727486
 0.0311779 -0.0960461   0.727478
  0.031168 -0.0960386   0.727471
 0.0311581 -0.0960311   0.727463
 0.0311482 -0.0960236   0.727456
 0.0311382 -0.0960161   0.727448
 0.0311283 -0.0960086   0.727441
 0.0311183 -0.0960011   0.727433
 0.0311084 -0.0959936   0.727426
 0.0310984 -0.0959861   0.727418
 0.0310885 -0.0959785   0.727411
0.0310785 -0.095971  0.727403
 0.0310685 -0.0959635   0.727396
0.0310586 -0.095956  0.727388
 0.0310486 -0.0959484   0.727381
 0.0310386 -0.0959409   0.727373
 0.0310286 -0.0959333   0.727366
 0.0310186 -0.0959258   0.727358
 0.0310086 -0.0959182    0.72735
 0.0309986 -0.0959107   0.727343
 0.0309886 -0.0959031   0.727335
 0.0309786 -0.0958956   0.727328
0.0309686 -0.095888   0.72732
 0.0309586 -0.0958805   0.727313
 0.0309485 -0.0958729   0.727305
 0.0309385 -0.0958653   0.727298
 0.0309285 -0.0958577    0.72729
 0.0309184 -0.0958502   0.727282
 0.0309084 -0.0958426   0.727275
0.0308983 -0.095835  0.727267
 0.0308883 -0.0958274    0.72726
 0.0308782 -0.0958198   0.727252
 0.0308682 -0.0958122   0.727244
 0.0308581 -0.0958046   0.727237
 0.030848 -0.095797  0.727229
  0.030838 -0.0957894   0.727222
 0.0308279 -0.0957818   0.727214
 0.0308178 -0.0957742   0.727206
 0.0308077 -0.0957665   0.727199
 0.0307976 -0.0957589   0.727191
 0.0307875 -0.0957513   0.727183
 0.0307774 -0.0957437   0.727176
0.0307673 -0.095736  0.727168
 0.0307572 -0.0957284   0.727161
  0.030747 -0.0957208   0.727153
 0.0307369 -0.0957131   0.727145
 0.0307268 -0.0957055   0.727138
 0.0307167 -0.0956978    0.72713
 0.0307065 -0.0956902   0.727122
 0.0306964 -0.0956825   0.727115
 0.0306862 -0.0956748   0.727107
 0.0306761 -0.0956672   0.727099
 0.0306659 -0.0956595   0.727092
 0.0306558 -0.0956518   0.727084
 0.0306456 -0.0956442   0.727076
 0.0306354 -0.0956365   0.727069
 0.0306253 -0.0956288   0.727061
 0.0306151 -0.0956211   0.727053
 0.0306049 -0.0956134   0.727046
 0.0305947 -0.0956057   0.727038
0.0305845 -0.095598   0.72703
 0.0305743 -0.0955903   0.727023
 0.0305641 -0.0955826   0.727015
 0.0305539 -0.0955749   0.727007
 0.0305437 -0.0955672   0.726999
 0.0305335 -0.0955595   0.726992
 0.0305232 -0.0955518   0.726984
  0.030513 -0.0955441   0.726976
 0.0305028 -0.0955363   0.726969
 0.0304926 -0.0955286   0.726961
 0.0304823 -0.0955209   0.726953
 0.0304721 -0.0955131   0.726945
 0.0304618 -0.0955054   0.726938
 0.0304516 -0.0954977    0.72693
 0.0304413 -0.0954899   0.726922
 0.0304311 -0.0954822   0.726914
 0.0304208 -0.0954744   0.726907
 0.0304105 -0.0954667   0.726899
 0.0304002 -0.0954589   0.726891
   0.03039 -0.0954511   0.726883
 0.0303797 -0.0954434   0.726876
 0.0303694 -0.0954356   0.726868
 0.0303591 -0.0954278    0.72686
 0.0303488 -0.0954201   0.726852
 0.0303385 -0.0954123   0.726844
 0.0303282 -0.0954045   0.726837
 0.0303179 -0.0953967   0.726829
 0.0303076 -0.0953889   0.726821
 0.0302972 -0.0953811   0.726813
 0.0302869 -0.0953733   0.726806
 0.0302766 -0.0953655   0.726798
 0.0302662 -0.0953577    0.72679
 0.0302559 -0.0953499   0.726782
 0.0302456 -0.0953421   0.726774
 0.0302352 -0.0953343   0.726767
 0.0302249 -0.0953265   0.726759
 0.0302145 -0.0953187   0.726751
 0.0302041 -0.0953109   0.726743
0.0301938 -0.095303  0.726735
 0.0301834 -0.0952952   0.726727
  0.030173 -0.0952874    0.72672
 0.0301627 -0.0952795   0.726712
 0.0301523 -0.0952717   0.726704
 0.0301419 -0.0952638   0.726696
0.0301315 -0.095256  0.726688
 0.0301211 -0.0952481    0.72668
 0.0301107 -0.0952403   0.726672
 0.0301003 -0.0952324   0.726665
 0.0300899 -0.0952246   0.726657
 0.0300795 -0.0952167   0.726649
  0.030069 -0.0952089   0.726641
0.0300586 -0.095201  0.726633
 0.0300482 -0.0951931   0.726625
 0.0300378 -0.0951852   0.726617
 0.0300273 -0.0951774    0.72661
 0.0300169 -0.0951695   0.726602
 0.0300064 -0.0951616   0.726594
  0.029996 -0.0951537   0.726586
 0.0299855 -0.0951458   0.726578
 0.0299751 -0.0951379    0.72657
0.0299646  -0.09513  0.726562
 0.0299542 -0.0951221   0.726554
 0.0299437 -0.0951142   0.726546
 0.0299332 -0.0951063   0.726538
 0.0299227 -0.0950984   0.726531
 0.0299122 -0.0950905   0.726523
 0.0299018 -0.0950825   0.726515
 0.0298913 -0.0950746   0.726507
 0.0298808 -0.0950667   0.726499
 0.0298703 -0.0950588   0.726491
 0.0298598 -0.0950508   0.726483
 0.0298493 -0.0950429   0.726475
0.0298387 -0.095035  0.726467
0.0298282 -0.095027  0.726459
 0.0298177 -0.0950191   0.726451
 0.0298072 -0.0950111   0.726443
 0.0297966 -0.0950032   0.726435
 0.0297861 -0.0949952   0.726427
 0.0297756 -0.0949873   0.726419
  0.029765 -0.0949793   0.726412
 0.0297545 -0.0949713   0.726404
 0.0297439 -0.0949634   0.726396
 0.0297334 -0.0949554   0.726388
 0.0297228 -0.0949474    0.72638
 0.0297122 -0.0949395   0.726372
 0.0297017 -0.0949315   0.726364
 0.0296911 -0.0949235   0.726356
 0.0296805 -0.0949155   0.726348
 0.0296699 -0.0949075    0.72634
 0.0296593 -0.0948995   0.726332
 0.0296488 -0.0948915   0.726324
 0.0296382 -0.0948835   0.726316
 0.0296276 -0.0948755   0.726308
  0.029617 -0.0948675     0.7263
 0.0296063 -0.0948595   0.726292
 0.0295957 -0.0948515   0.726284
 0.0295851 -0.0948435   0.726276
 0.0295745 -0.0948355   0.726268
 0.0295639 -0.0948274    0.72626
 0.0295532 -0.0948194   0.726252
 0.0295426 -0.0948114   0.726244
  0.029532 -0.0948034   0.726236
 0.0295213 -0.0947953   0.726228
 0.0295107 -0.0947873   0.726219
    0.0295 -0.0947792   0.726211
 0.0294894 -0.0947712   0.726203
 0.0294787 -0.0947631   0.726195
 0.0294681 -0.0947551   0.726187
0.0294574 -0.094747  0.726179
0.0294467 -0.094739  0.726171
 0.0294361 -0.0947309   0.726163
 0.0294254 -0.0947229   0.726155
 0.0294147 -0.0947148   0.726147
  0.029404 -0.0947067   0.726139
 0.0293933 -0.0946987   0.726131
 0.0293826 -0.0946906   0.726123
 0.0293719 -0.0946825   0.726115
 0.0293612 -0.0946744   0.726107
 0.0293505 -0.0946663   0.726099
 0.0293398 -0.0946583    0.72609
 0.0293291 -0.0946502   0.726082
 0.0293184 -0.0946421   0.726074
0.0293076 -0.094634  0.726066
 0.0292969 -0.0946259   0.726058
 0.0292862 -0.0946178    0.72605
 0.0292754 -0.0946097   0.726042
 0.0292647 -0.0946016   0.726034
  0.029254 -0.0945934   0.726026
 0.0292432 -0.0945853   0.726018
 0.0292325 -0.0945772   0.726009
 0.0292217 -0.0945691   0.726001
0.0292109 -0.094561  0.725993
 0.0292002 -0.0945528   0.725985
 0.0291894 -0.0945447   0.725977
 0.0291786 -0.0945366   0.725969
 0.0291679 -0.0945284   0.725961
 0.0291571 -0.0945203   0.725952
 0.0291463 -0.0945122   0.725944
0.0291355 -0.094504  0.725936
 0.0291247 -0.0944959   0.725928
 0.0291139 -0.0944877    0.72592
 0.0291031 -0.0944796   0.725912
 0.0290923 -0.0944714   0.725904
 0.0290815 -0.0944632   0.725895
 0.0290707 -0.0944551   0.725887
 0.0290599 -0.0944469   0.725879
  0.029049 -0.0944387   0.725871
 0.0290382 -0.0944306   0.725863
 0.0290274 -0.0944224   0.725855
 0.0290166 -0.0944142   0.725846
0.0290057 -0.094406  0.725838
 0.0289949 -0.0943978    0.72583
  0.028984 -0.0943896   0.725822
 0.0289732 -0.0943815   0.725814
 0.0289623 -0.0943733   0.725805
 0.0289515 -0.0943651   0.725797
 0.0289406 -0.0943569   0.725789
 0.0289298 -0.0943487   0.725781
 0.0289189 -0.0943405   0.725773
  0.028908 -0.0943322   0.725764
0.0288971 -0.094324  0.725756
 0.0288863 -0.0943158   0.725748
 0.0288754 -0.0943076    0.72574
 0.0288645 -0.0942994   0.725732
 0.0288536 -0.0942912   0.725723
 0.0288427 -0.0942829   0.725715
 0.0288318 -0.0942747   0.725707
 0.0288209 -0.0942665   0.725699
   0.02881 -0.0942582    0.72569
0.0287991  -0.09425  0.725682
 0.0287882 -0.0942418   0.725674
 0.0287772 -0.0942335   0.725666
 0.0287663 -0.0942253   0.725657
0.0287554 -0.094217  0.725649
 0.0287445 -0.0942088   0.725641
 0.0287335 -0.0942005   0.725633
 0.0287226 -0.0941922   0.725624
0.0287116 -0.094184  0.725616
 0.0287007 -0.0941757   0.725608
 0.0286897 -0.0941675     0.7256
 0.0286788 -0.0941592   0.725591
 0.0286678 -0.0941509   0.725583
 0.0286569 -0.0941426   0.725575
 0.0286459 -0.0941344   0.725567
 0.0286349 -0.0941261   0.725558
  0.028624 -0.0941178    0.72555
  0.028613 -0.0941095   0.725542
  0.028602 -0.0941012   0.725533
  0.028591 -0.0940929   0.725525
   0.02858 -0.0940846   0.725517
  0.028569 -0.0940763   0.725509
 0.028558 -0.094068    0.7255
  0.028547 -0.0940597   0.725492
  0.028536 -0.0940514   0.725484
  0.028525 -0.0940431   0.725475
  0.028514 -0.0940348   0.725467
  0.028503 -0.0940265   0.725459
  0.028492 -0.0940181    0.72545
  0.028481 -0.0940098   0.725442
 0.0284699 -0.0940015   0.725434
 0.0284589 -0.0939932   0.725425
 0.0284479 -0.0939848   0.725417
 0.0284368 -0.0939765   0.725409
 0.0284258 -0.0939682     0.7254
 0.0284148 -0.0939598   0.725392
 0.0284037 -0.0939515   0.725384
 0.0283927 -0.0939432   0.725375
 0.0283816 -0.0939348   0.725367
 0.0283705 -0.0939265   0.725359
 0.0283595 -0.0939181    0.72535
 0.0283484 -0.0939097   0.725342
 0.0283373 -0.0939014   0.725334
0.0283263 -0.093893  0.725325
 0.0283152 -0.0938847   0.725317
 0.0283041 -0.0938763   0.725308
  0.028293 -0.0938679     0.7253
 0.0282819 -0.0938596   0.725292
 0.0282708 -0.0938512   0.725283
 0.0282597 -0.0938428   0.725275
 0.0282486 -0.0938344   0.725267
0.0282375 -0.093826  0.725258
 0.0282264 -0.0938177    0.72525
 0.0282153 -0.0938093   0.725241
 0.0282042 -0.0938009   0.725233
 0.0281931 -0.0937925   0.725225
  0.028182 -0.0937841   0.725216
 0.0281708 -0.0937757   0.725208
 0.0281597 -0.0937673   0.725199
 0.0281486 -0.0937589   0.725191
 0.0281375 -0.0937505   0.725183
 0.0281263 -0.0937421   0.725174
 0.0281152 -0.0937336   0.725166
  0.028104 -0.0937252   0.725157
 0.0280929 -0.0937168   0.725149
 0.0280817 -0.0937084   0.725141
0.0280706   -0.0937  0.725132
 0.0280594 -0.0936915   0.725124
 0.0280482 -0.0936831   0.725115
 0.0280371 -0.0936747   0.725107
 0.0280259 -0.0936662   0.725098
 0.0280147 -0.0936578    0.72509
 0.0280035 -0.0936494   0.725082
 0.0279924 -0.0936409   0.725073
 0.0279812 -0.0936325   0.725065
  0.02797 -0.093624  0.725056
 0.0279588 -0.0936156   0.725048
 0.0279476 -0.0936071   0.725039
 0.0279364 -0.0935987   0.725031
 0.0279252 -0.0935902   0.725022
  0.027914 -0.0935817   0.725014
 0.0279028 -0.0935733   0.725005
 0.0278916 -0.0935648   0.724997
 0.0278803 -0.0935563   0.724989
 0.0278691 -0.0935479    0.72498
 0.0278579 -0.0935394   0.724972
 0.0278467 -0.0935309   0.724963
 0.0278354 -0.0935224   0.724955
 0.0278242 -0.0935139   0.724946
  0.027813 -0.0935055   0.724938
0.0278017 -0.093497  0.724929
 0.0277905 -0.0934885   0.724921
0.0277792  -0.09348  0.724912
  0.027768 -0.0934715   0.724904
0.0277567 -0.093463  0.724895
 0.0277454 -0.0934545   0.724887
0.0277342 -0.093446  0.724878
 0.0277229 -0.0934375    0.72487
0.0277116 -0.093429  0.724861
 0.0277004 -0.0934205   0.724853
 0.0276891 -0.0934119   0.724844
 0.0276778 -0.0934034   0.724836
 0.0276665 -0.0933949   0.724827
 0.0276552 -0.0933864   0.724819
  0.027644 -0.0933779    0.72481
 0.0276327 -0.0933693   0.724802
 0.0276214 -0.0933608   0.724793
 0.0276101 -0.0933523   0.724784
 0.0275988 -0.0933437   0.724776
 0.0275875 -0.0933352   0.724767
 0.0275761 -0.0933267   0.724759
 0.0275648 -0.0933181    0.72475
 0.0275535 -0.0933096   0.724742
0.0275422 -0.093301  0.724733
 0.0275309 -0.0932925   0.724725
 0.0275195 -0.0932839   0.724716
 0.0275082 -0.0932754   0.724708
 0.0274969 -0.0932668   0.724699
 0.0274855 -0.0932583    0.72469
 0.0274742 -0.0932497   0.724682
 0.0274628 -0.0932411   0.724673
 0.0274515 -0.0932326   0.724665
0.0274402 -0.093224  0.724656
 0.0274288 -0.0932154   0.724648
 0.0274174 -0.0932068   0.724639
 0.0274061 -0.0931983    0.72463
 0.0273947 -0.0931897   0.724622
 0.0273833 -0.0931811   0.724613
  0.027372 -0.0931725   0.724605
 0.0273606 -0.0931639   0.724596
 0.0273492 -0.0931553   0.724588
 0.0273378 -0.0931467   0.724579
 0.0273265 -0.0931382    0.72457
 0.0273151 -0.0931296   0.724562
0.0273037 -0.093121  0.724553
 0.0272923 -0.0931124   0.724545
 0.0272809 -0.0931037   0.724536
 0.0272695 -0.0930951   0.724527
 0.0272581 -0.0930865   0.724519
 0.0272467 -0.0930779    0.72451
 0.0272353 -0.0930693   0.724502
 0.0272239 -0.0930607   0.724493
 0.0272124 -0.0930521   0.724484
  0.027201 -0.0930434   0.724476
 0.0271896 -0.0930348   0.724467
 0.0271782 -0.0930262   0.724458
 0.0271667 -0.0930176    0.72445
 0.0271553 -0.0930089   0.724441
 0.0271439 -0.0930003   0.724433
 0.0271324 -0.0929917   0.724424
 0.027121 -0.092983  0.724415
 0.0271096 -0.0929744   0.724407
 0.0270981 -0.0929657   0.724398
 0.0270867 -0.0929571   0.724389
 0.0270752 -0.0929484   0.724381
 0.0270637 -0.0929398   0.724372
 0.0270523 -0.0929311   0.724363
 0.0270408 -0.0929225   0.724355
 0.0270293 -0.0929138   0.724346
 0.0270179 -0.0929052   0.724337
 0.0270064 -0.0928965   0.724329
 0.0269949 -0.0928878    0.72432
 0.0269834 -0.0928792   0.724311
  0.026972 -0.0928705   0.724303
 0.0269605 -0.0928618   0.724294
  0.026949 -0.0928532   0.724285
 0.0269375 -0.0928445   0.724277
  0.026926 -0.0928358   0.724268
 0.0269145 -0.0928271   0.724259
  0.026903 -0.0928184   0.724251
 0.0268915 -0.0928097   0.724242
   0.02688 -0.0928011   0.724233
 0.0268685 -0.0927924   0.724225
  0.026857 -0.0927837   0.724216
0.0268454 -0.092775  0.724207
 0.0268339 -0.0927663   0.724198
 0.0268224 -0.0927576    0.72419
 0.0268109 -0.0927489   0.724181
 0.0267994 -0.0927402   0.724172
 0.0267878 -0.0927315   0.724164
 0.0267763 -0.0927228   0.724155
0.0267647 -0.092714  0.724146
 0.0267532 -0.0927053   0.724138
 0.0267417 -0.0926966   0.724129
 0.0267301 -0.0926879    0.72412
 0.0267186 -0.0926792   0.724111
  0.026707 -0.0926705   0.724103
 0.0266955 -0.0926617   0.724094
0.0266839 -0.092653  0.724085
 0.0266723 -0.0926443   0.724076
 0.0266608 -0.0926355   0.724068
 0.0266492 -0.0926268   0.724059
 0.0266376 -0.0926181    0.72405
 0.0266261 -0.0926093   0.724042
 0.0266145 -0.0926006   0.724033
 0.0266029 -0.0925918   0.724024
 0.0265913 -0.0925831   0.724015
 0.0265797 -0.0925744   0.724007
 0.0265681 -0.0925656   0.723998
 0.0265565 -0.0925569   0.723989
  0.026545 -0.0925481    0.72398
 0.0265334 -0.0925393   0.723972
 0.0265218 -0.0925306   0.723963
 0.0265102 -0.0925218   0.723954
 0.0264985 -0.0925131   0.723945
 0.0264869 -0.0925043   0.723936
 0.0264753 -0.0924955   0.723928
 0.0264637 -0.0924868   0.723919
0.0264521 -0.092478   0.72391
 0.0264405 -0.0924692   0.723901
 0.0264288 -0.0924604   0.723893
 0.0264172 -0.0924517   0.723884
 0.0264056 -0.0924429   0.723875
  0.026394 -0.0924341   0.723866
 0.0263823 -0.0924253   0.723858
 0.0263707 -0.0924165   0.723849
  0.026359 -0.0924077    0.72384
 0.0263474 -0.0923989   0.723831
 0.0263357 -0.0923901   0.723822
 0.0263241 -0.0923814   0.723814
 0.0263124 -0.0923726   0.723805
 0.0263008 -0.0923638   0.723796
0.0262891 -0.092355  0.723787
 0.0262775 -0.0923461   0.723778
 0.0262658 -0.0923373    0.72377
 0.0262541 -0.0923285   0.723761
 0.0262425 -0.0923197   0.723752
 0.0262308 -0.0923109   0.723743
 0.0262191 -0.0923021   0.723734
 0.0262074 -0.0922933   0.723725
 0.0261958 -0.0922845   0.723717
 0.0261841 -0.0922756   0.723708
 0.0261724 -0.0922668   0.723699
0.0261607 -0.092258   0.72369
  0.026149 -0.0922492   0.723681
 0.0261373 -0.0922403   0.723673
 0.0261256 -0.0922315   0.723664
 0.0261139 -0.0922227   0.723655
 0.0261022 -0.0922138   0.723646
0.0260905 -0.092205  0.723637
 0.0260788 -0.0921962   0.723628
 0.0260671 -0.0921873    0.72362
 0.0260554 -0.0921785   0.723611
 0.0260437 -0.0921696   0.723602
 0.0260319 -0.0921608   0.723593
 0.0260202 -0.0921519   0.723584
 0.0260085 -0.0921431   0.723575
 0.0259968 -0.0921342   0.723566
  0.025985 -0.0921254   0.723558
 0.0259733 -0.0921165   0.723549
 0.0259616 -0.0921076    0.72354
 0.0259498 -0.0920988   0.723531
 0.0259381 -0.0920899   0.723522
0.0259264 -0.092081  0.723513
 0.0259146 -0.0920722   0.723504
 0.0259029 -0.0920633   0.723496
 0.0258911 -0.0920544   0.723487
 0.0258794 -0.0920456   0.723478
 0.0258676 -0.0920367   0.723469
 0.0258558 -0.0920278    0.72346
 0.0258441 -0.0920189   0.723451
0.0258323  -0.09201  0.723442
 0.0258205 -0.0920012   0.723433
 0.0258088 -0.0919923   0.723424
  0.025797 -0.0919834   0.723416
 0.0257852 -0.0919745   0.723407
 0.0257734 -0.0919656   0.723398
 0.0257617 -0.0919567   0.723389
 0.0257499 -0.0919478    0.72338
 0.0257381 -0.0919389   0.723371
0.0257263  -0.09193  0.723362
 0.0257145 -0.0919211   0.723353
 0.0257027 -0.0919122   0.723344
 0.0256909 -0.0919033   0.723336
 0.0256791 -0.0918944   0.723327
 0.0256673 -0.0918855   0.723318
 0.0256555 -0.0918766   0.723309
 0.0256437 -0.0918677     0.7233
 0.0256319 -0.0918587   0.723291
 0.0256201 -0.0918498   0.723282
 0.0256083 -0.0918409   0.723273
0.0255965 -0.091832  0.723264
 0.0255847 -0.0918231   0.723255
 0.0255728 -0.0918141   0.723246
  0.025561 -0.0918052   0.723237
 0.0255492 -0.0917963   0.723228
 0.0255374 -0.0917873    0.72322
 0.0255255 -0.0917784   0.723211
 0.0255137 -0.0917695   0.723202
 0.0255019 -0.0917605   0.723193
   0.02549 -0.0917516   0.723184
 0.0254782 -0.0917427   0.723175
 0.0254663 -0.0917337   0.723166
 0.0254545 -0.0917248   0.723157
 0.0254426 -0.0917158   0.723148
 0.0254308 -0.0917069   0.723139
 0.0254189 -0.0916979    0.72313
0.0254071 -0.091689  0.723121
0.0253952  -0.09168  0.723112
 0.0253834 -0.0916711   0.723103
 0.0253715 -0.0916621   0.723094
 0.0253596 -0.0916532   0.723085
 0.0253478 -0.0916442   0.723076
 0.0253359 -0.0916352   0.723067
  0.025324 -0.0916263   0.723058
 0.0253121 -0.0916173    0.72305
 0.0253003 -0.0916083   0.723041
 0.0252884 -0.0915994   0.723032
 0.0252765 -0.0915904   0.723023
 0.0252646 -0.0915814   0.723014
 0.0252527 -0.0915724   0.723005
 0.0252408 -0.0915635   0.722996
 0.0252289 -0.0915545   0.722987
 0.0252171 -0.0915455   0.722978
 0.0252052 -0.0915365   0.722969
 0.0251933 -0.0915275    0.72296
 0.0251814 -0.0915186   0.722951
 0.0251695 -0.0915096   0.722942
 0.0251575 -0.0915006   0.722933
 0.0251456 -0.0914916   0.722924
 0.0251337 -0.0914826   0.722915
 0.0251218 -0.0914736   0.722906
 0.0251099 -0.0914646   0.722897
  0.025098 -0.0914556   0.722888
 0.0250861 -0.0914466   0.722879
 0.0250741 -0.0914376    0.72287
 0.0250622 -0.0914286   0.722861
 0.0250503 -0.0914196   0.722852
 0.0250384 -0.0914106   0.722843
 0.0250264 -0.0914016   0.722834
 0.0250145 -0.0913926   0.722825
 0.0250026 -0.0913836   0.722816
 0.0249906 -0.0913746   0.722807
 0.0249787 -0.0913655   0.722798
 0.0249667 -0.0913565   0.722789
 0.0249548 -0.0913475    0.72278
 0.0249428 -0.0913385   0.722771
 0.0249309 -0.0913295   0.722762
 0.0249189 -0.0913204   0.722753
  0.024907 -0.0913114   0.722744
  0.024895 -0.0913024   0.722735
 0.0248831 -0.0912934   0.722726
 0.0248711 -0.0912843   0.722717
 0.0248591 -0.0912753   0.722707
 0.0248472 -0.0912663   0.722698
 0.0248352 -0.0912572   0.722689
 0.0248232 -0.0912482    0.72268
 0.0248113 -0.0912391   0.722671
 0.0247993 -0.0912301   0.722662
 0.0247873 -0.0912211   0.722653
0.0247753 -0.091212  0.722644
0.0247634 -0.091203  0.722635
 0.0247514 -0.0911939   0.722626
 0.0247394 -0.0911849   0.722617
 0.0247274 -0.0911758   0.722608
 0.0247154 -0.0911668   0.722599
 0.0247034 -0.0911577    0.72259
 0.0246914 -0.0911487   0.722581
 0.0246794 -0.0911396   0.722572
 0.0246674 -0.0911305   0.722563
 0.0246554 -0.0911215   0.722554
 0.0246434 -0.0911124   0.722545
 0.0246314 -0.0911034   0.722536
 0.0246194 -0.0910943   0.722527
 0.0246074 -0.0910852   0.722517
 0.0245954 -0.0910762   0.722508
 0.0245834 -0.0910671   0.722499
0.0245714 -0.091058   0.72249
0.0245594 -0.091049  0.722481
 0.0245473 -0.0910399   0.722472
 0.0245353 -0.0910308   0.722463
 0.0245233 -0.0910217   0.722454
 0.0245113 -0.0910126   0.722445
 0.0244993 -0.0910036   0.722436
 0.0244872 -0.0909945   0.722427
 0.0244752 -0.0909854   0.722418
 0.0244632 -0.0909763   0.722409
 0.0244511 -0.0909672   0.722399
 0.0244391 -0.0909581    0.72239
0.0244271 -0.090949  0.722381
0.024415 -0.09094 0.722372
  0.024403 -0.0909309   0.722363
 0.0243909 -0.0909218   0.722354
 0.0243789 -0.0909127   0.722345
 0.0243668 -0.0909036   0.722336
 0.0243548 -0.0908945   0.722327
 0.0243427 -0.0908854   0.722318
 0.0243307 -0.0908763   0.722308
 0.0243186 -0.0908672   0.722299
 0.0243066 -0.0908581    0.72229
0.0242945 -0.090849  0.722281
 0.0242824 -0.0908399   0.722272
 0.0242704 -0.0908307   0.722263
 0.0242583 -0.0908216   0.722254
 0.0242462 -0.0908125   0.722245
 0.0242342 -0.0908034   0.722236
 0.0242221 -0.0907943   0.722226
   0.02421 -0.0907852   0.722217
 0.0241979 -0.0907761   0.722208
 0.0241859 -0.0907669   0.722199
 0.0241738 -0.0907578    0.72219
 0.0241617 -0.0907487   0.722181
 0.0241496 -0.0907396   0.722172
 0.0241375 -0.0907304   0.722163
 0.0241254 -0.0907213   0.722154
 0.0241133 -0.0907122   0.722144
 0.0241013 -0.0907031   0.722135
 0.0240892 -0.0906939   0.722126
 0.0240771 -0.0906848   0.722117
  0.024065 -0.0906757   0.722108
 0.0240529 -0.0906665   0.722099
 0.0240408 -0.0906574    0.72209
 0.0240287 -0.0906483    0.72208
 0.0240166 -0.0906391   0.722071
0.0240045  -0.09063  0.722062
 0.0239923 -0.0906208   0.722053
 0.0239802 -0.0906117   0.722044
 0.0239681 -0.0906026   0.722035
  0.023956 -0.0905934   0.722026
 0.0239439 -0.0905843   0.722016
 0.0239318 -0.0905751   0.722007
0.0239197 -0.090566  0.721998
 0.0239075 -0.0905568   0.721989
 0.0238954 -0.0905477    0.72198
 0.0238833 -0.0905385   0.721971
 0.0238712 -0.0905293   0.721962
  0.023859 -0.0905202   0.721952
0.0238469 -0.090511  0.721943
 0.0238348 -0.0905019   0.721934
 0.0238226 -0.0904927   0.721925
 0.0238105 -0.0904835   0.721916
 0.0237984 -0.0904744   0.721907
 0.0237862 -0.0904652   0.721897
 0.0237741 -0.0904561   0.721888
 0.0237619 -0.0904469   0.721879
 0.0237498 -0.0904377    0.72187
 0.0237377 -0.0904285   0.721861
 0.0237255 -0.0904194   0.721852
 0.0237134 -0.0904102   0.721842
0.0237012 -0.090401  0.721833
 0.0236891 -0.0903919   0.721824
 0.0236769 -0.0903827   0.721815
 0.0236647 -0.0903735   0.721806
 0.0236526 -0.0903643   0.721797
 0.0236404 -0.0903551   0.721787
0.0236283 -0.090346  0.721778
 0.0236161 -0.0903368   0.721769
 0.0236039 -0.0903276    0.72176
 0.0235918 -0.0903184   0.721751
 0.0235796 -0.0903092   0.721741
0.0235674   -0.0903  0.721732
 0.0235553 -0.0902908   0.721723
 0.0235431 -0.0902817   0.721714
 0.0235309 -0.0902725   0.721705
 0.0235187 -0.0902633   0.721695
 0.0235066 -0.0902541   0.721686
 0.0234944 -0.0902449   0.721677
 0.0234822 -0.0902357   0.721668
   0.02347 -0.0902265   0.721659
 0.0234578 -0.0902173   0.721649
 0.0234457 -0.0902081    0.72164
 0.0234335 -0.0901989   0.721631
 0.0234213 -0.0901897   0.721622
 0.0234091 -0.0901805   0.721613
 0.0233969 -0.0901713   0.721603
 0.0233847 -0.0901621   0.721594
 0.0233725 -0.0901529   0.721585
 0.0233603 -0.0901437   0.721576
 0.0233481 -0.0901344   0.721567
 0.0233359 -0.0901252   0.721557
0.0233237 -0.090116  0.721548
 0.0233115 -0.0901068   0.721539
 0.0232993 -0.0900976    0.72153
 0.0232871 -0.0900884   0.721521
 0.0232749 -0.0900792   0.721511
 0.0232627 -0.0900699   0.721502
 0.0232505 -0.0900607   0.721493
 0.0232383 -0.0900515   0.721484
 0.0232261 -0.0900423   0.721474
 0.0232138 -0.0900331   0.721465
 0.0232016 -0.0900238   0.721456
 0.0231894 -0.0900146   0.721447
 0.0231772 -0.0900054   0.721438
  0.023165 -0.0899962   0.721428
 0.0231528 -0.0899869   0.721419
 0.0231405 -0.0899777    0.72141
 0.0231283 -0.0899685   0.721401
 0.0231161 -0.0899592   0.721391
0.0231039  -0.08995  0.721382
 0.0230916 -0.0899408   0.721373
 0.0230794 -0.0899315   0.721364
 0.0230672 -0.0899223   0.721355
 0.0230549 -0.0899131   0.721345
 0.0230427 -0.0899038   0.721336
 0.0230305 -0.0898946   0.721327
 0.0230182 -0.0898854   0.721318
  0.023006 -0.0898761   0.721308
 0.0229937 -0.0898669   0.721299
 0.0229815 -0.0898576    0.72129
 0.0229693 -0.0898484   0.721281
  0.022957 -0.0898391   0.721271
 0.0229448 -0.0898299   0.721262
 0.0229325 -0.0898207   0.721253
 0.0229203 -0.0898114   0.721244
  0.022908 -0.0898022   0.721234
 0.0228958 -0.0897929   0.721225
 0.0228835 -0.0897837   0.721216
 0.0228713 -0.0897744   0.721207
  0.022859 -0.0897652   0.721197
 0.0228468 -0.0897559   0.721188
 0.0228345 -0.0897466   0.721179
 0.0228222 -0.0897374    0.72117
   0.02281 -0.0897281    0.72116
 0.0227977 -0.0897189   0.721151
 0.0227854 -0.0897096   0.721142
 0.0227732 -0.0897004   0.721133
 0.0227609 -0.0896911   0.721123
 0.0227487 -0.0896818   0.721114
 0.0227364 -0.0896726   0.721105
 0.0227241 -0.0896633   0.721096
0.0227118 -0.089654  0.721086
 0.0226996 -0.0896448   0.721077
 0.0226873 -0.0896355   0.721068
  0.022675 -0.0896262   0.721058
0.0226627 -0.089617  0.721049
 0.0226505 -0.0896077    0.72104
 0.0226382 -0.0895984   0.721031
 0.0226259 -0.0895892   0.721021
 0.0226136 -0.0895799   0.721012
 0.0226013 -0.0895706   0.721003
 0.0225891 -0.0895613   0.720994
 0.0225768 -0.0895521   0.720984
 0.0225645 -0.0895428   0.720975
 0.0225522 -0.0895335   0.720966
 0.0225399 -0.0895242   0.720956
0.0225276 -0.089515  0.720947
 0.0225153 -0.0895057   0.720938
 0.0225031 -0.0894964   0.720929
 0.0224908 -0.0894871   0.720919
 0.0224785 -0.0894778    0.72091
 0.0224662 -0.0894686   0.720901
 0.0224539 -0.0894593   0.720891
0.0224416  -0.08945  0.720882
 0.0224293 -0.0894407   0.720873
  0.022417 -0.0894314   0.720864
 0.0224047 -0.0894221   0.720854
 0.0223924 -0.0894128   0.720845
 0.0223801 -0.0894035   0.720836
 0.0223678 -0.0893943   0.720826
0.0223555 -0.089385  0.720817
 0.0223432 -0.0893757   0.720808
 0.0223308 -0.0893664   0.720799
 0.0223185 -0.0893571   0.720789
 0.0223062 -0.0893478    0.72078
 0.0222939 -0.0893385   0.720771
 0.0222816 -0.0893292   0.720761
 0.0222693 -0.0893199   0.720752
  0.022257 -0.0893106   0.720743
 0.0222447 -0.0893013   0.720734
0.0222324 -0.089292  0.720724
   0.02222 -0.0892827   0.720715
 0.0222077 -0.0892734   0.720706
 0.0221954 -0.0892641   0.720696
 0.0221831 -0.0892548   0.720687
 0.0221708 -0.0892455   0.720678
 0.0221584 -0.0892362   0.720668
 0.0221461 -0.0892269   0.720659
 0.0221338 -0.0892176    0.72065
 0.0221215 -0.0892083    0.72064
0.0221091 -0.089199  0.720631
 0.0220968 -0.0891897   0.720622
 0.0220845 -0.0891804   0.720613
 0.0220722 -0.0891711   0.720603
 0.0220598 -0.0891618   0.720594
 0.0220475 -0.0891524   0.720585
 0.0220352 -0.0891431   0.720575
 0.0220228 -0.0891338   0.720566
 0.0220105 -0.0891245   0.720557
 0.0219982 -0.0891152   0.720547
 0.0219858 -0.0891059   0.720538
 0.0219735 -0.0890966   0.720529
 0.0219611 -0.0890872   0.720519
 0.0219488 -0.0890779    0.72051
 0.0219365 -0.0890686   0.720501
 0.0219241 -0.0890593   0.720492
0.0219118  -0.08905  0.720482
 0.0218994 -0.0890407   0.720473
 0.0218871 -0.0890313   0.720464
0.0218748 -0.089022  0.720454
 0.0218624 -0.0890127   0.720445
 0.0218501 -0.0890034   0.720436
 0.0218377 -0.0889941   0.720426
 0.0218254 -0.0889847   0.720417
  0.021813 -0.0889754   0.720408
 0.0218007 -0.0889661   0.720398
 0.0217883 -0.0889568   0.720389
  0.021776 -0.0889474    0.72038
 0.0217636 -0.0889381    0.72037
 0.0217513 -0.0889288   0.720361
 0.0217389 -0.0889195   0.720352
 0.0217266 -0.0889101   0.720342
 0.0217142 -0.0889008   0.720333
 0.0217018 -0.0888915   0.720324
 0.0216895 -0.0888821   0.720314
 0.0216771 -0.0888728   0.720305
 0.0216648 -0.0888635   0.720296
 0.0216524 -0.0888542   0.720286
 0.0216401 -0.0888448   0.720277
 0.0216277 -0.0888355   0.720268
 0.0216153 -0.0888262   0.720258
  0.021603 -0.0888168   0.720249
 0.0215906 -0.0888075    0.72024
 0.0215782 -0.0887981    0.72023
 0.0215659 -0.0887888   0.720221
 0.0215535 -0.0887795   0.720212
 0.0215411 -0.0887701   0.720202
 0.0215288 -0.0887608   0.720193
 0.0215164 -0.0887515   0.720184
  0.021504 -0.0887421   0.720174
 0.0214917 -0.0887328   0.720165
 0.0214793 -0.0887234   0.720156
 0.0214669 -0.0887141   0.720146
 0.0214546 -0.0887048   0.720137
 0.0214422 -0.0886954   0.720128
 0.0214298 -0.0886861   0.720118
 0.0214174 -0.0886767   0.720109
 0.0214051 -0.0886674     0.7201
 0.0213927 -0.0886581    0.72009
 0.0213803 -0.0886487   0.720081
 0.0213679 -0.0886394   0.720072
0.0213556  -0.08863  0.720062
 0.0213432 -0.0886207   0.720053
 0.0213308 -0.0886113   0.720044
0.0213184 -0.088602  0.720034
  0.021306 -0.0885926   0.720025
 0.0212937 -0.0885833   0.720015
 0.0212813 -0.0885739   0.720006
 0.0212689 -0.0885646   0.719997
 0.0212565 -0.0885552   0.719987
 0.0212441 -0.0885459   0.719978
 0.0212318 -0.0885365   0.719969
 0.0212194 -0.0885272   0.719959
  0.021207 -0.0885178    0.71995
 0.0211946 -0.0885085   0.719941
 0.0211822 -0.0884991   0.719931
 0.0211698 -0.0884898   0.719922
 0.0211574 -0.0884804   0.719913
 0.0211451 -0.0884711   0.719903
 0.0211327 -0.0884617   0.719894
 0.0211203 -0.0884524   0.719885
0.0211079 -0.088443  0.719875
 0.0210955 -0.0884337   0.719866
 0.0210831 -0.0884243   0.719857
0.0210707 -0.088415  0.719847
 0.0210583 -0.0884056   0.719838
 0.0210459 -0.0883963   0.719828
 0.0210335 -0.0883869   0.719819
 0.0210212 -0.0883775    0.71981
 0.0210088 -0.0883682     0.7198
 0.0209964 -0.0883588   0.719791
  0.020984 -0.0883495   0.719782
 0.0209716 -0.0883401   0.719772
 0.0209592 -0.0883308   0.719763
 0.0209468 -0.0883214   0.719754
0.0209344 -0.088312  0.719744
  0.020922 -0.0883027   0.719735
 0.0209096 -0.0882933   0.719726
0.0208972 -0.088284  0.719716
 0.0208848 -0.0882746   0.719707
 0.0208724 -0.0882652   0.719697
   0.02086 -0.0882559   0.719688
 0.0208476 -0.0882465   0.719679
 0.0208352 -0.0882371   0.719669
 0.0208228 -0.0882278    0.71966
 0.0208104 -0.0882184   0.719651
  0.020798 -0.0882091   0.719641
 0.0207856 -0.0881997   0.719632
 0.0207732 -0.0881903   0.719623
0.0207608 -0.088181  0.719613
 0.0207484 -0.0881716   0.719604
  0.020736 -0.0881622   0.719594
 0.0207236 -0.0881529   0.719585
 0.0207112 -0.0881435   0.719576
 0.0206988 -0.0881341   0.719566
 0.0206864 -0.0881248   0.719557
  0.020674 -0.0881154   0.719548
0.0206616 -0.088106  0.719538
 0.0206492 -0.0880967   0.719529
 0.0206367 -0.0880873    0.71952
 0.0206243 -0.0880779    0.71951
 0.0206119 -0.0880686   0.719501
 0.0205995 -0.0880592   0.719491
 0.0205871 -0.0880498   0.719482
 0.0205747 -0.0880405   0.719473
 0.0205623 -0.0880311   0.719463
 0.0205499 -0.0880217   0.719454
 0.0205375 -0.0880124   0.719445
0.0205251 -0.088003  0.719435
 0.0205127 -0.0879936   0.719426
 0.0205003 -0.0879843   0.719416
 0.0204878 -0.0879749   0.719407
 0.0204754 -0.0879655   0.719398
  0.020463 -0.0879561   0.719388
 0.0204506 -0.0879468   0.719379
 0.0204382 -0.0879374    0.71937
0.0204258 -0.087928   0.71936
 0.0204134 -0.0879187   0.719351
  0.020401 -0.0879093   0.719341
 0.0203886 -0.0878999   0.719332
 0.0203761 -0.0878906   0.719323
 0.0203637 -0.0878812   0.719313
 0.0203513 -0.0878718   0.719304
 0.0203389 -0.0878624   0.719295
 0.0203265 -0.0878531   0.719285
 0.0203141 -0.0878437   0.719276
 0.0203017 -0.0878343   0.719267
 0.0202893 -0.0878249   0.719257
 0.0202768 -0.0878156   0.719248
 0.0202644 -0.0878062   0.719238
  0.020252 -0.0877968   0.719229
 0.0202396 -0.0877875    0.71922
 0.0202272 -0.0877781    0.71921
 0.0202148 -0.0877687   0.719201
 0.0202024 -0.0877593   0.719192
0.0201899  -0.08775  0.719182
 0.0201775 -0.0877406   0.719173
 0.0201651 -0.0877312   0.719163
 0.0201527 -0.0877218   0.719154
 0.0201403 -0.0877125   0.719145
 0.0201279 -0.0877031   0.719135
 0.0201154 -0.0876937   0.719126
  0.020103 -0.0876843   0.719117
0.0200906 -0.087675  0.719107
 0.0200782 -0.0876656   0.719098
 0.0200658 -0.0876562   0.719088
 0.0200534 -0.0876468   0.719079
  0.020041 -0.0876375    0.71907
 0.0200285 -0.0876281    0.71906
 0.0200161 -0.0876187   0.719051
 0.0200037 -0.0876093   0.719042
0.0199913   -0.0876  0.719032
 0.0199789 -0.0875906   0.719023
 0.0199665 -0.0875812   0.719013
  0.019954 -0.0875718   0.719004
 0.0199416 -0.0875625   0.718995
 0.0199292 -0.0875531   0.718985
 0.0199168 -0.0875437   0.718976
 0.0199044 -0.0875343   0.718967
0.0198919 -0.087525  0.718957
 0.0198795 -0.0875156   0.718948
 0.0198671 -0.0875062   0.718938
 0.0198547 -0.0874968   0.718929
 0.0198423 -0.0874875    0.71892
 0.0198299 -0.0874781    0.71891
 0.0198174 -0.0874687   0.718901
  0.019805 -0.0874593   0.718892
0.0197926  -0.08745  0.718882
 0.0197802 -0.0874406   0.718873
 0.0197678 -0.0874312   0.718863
 0.0197554 -0.0874218   0.718854
 0.0197429 -0.0874125   0.718845
 0.0197305 -0.0874031   0.718835
 0.0197181 -0.0873937   0.718826
 0.0197057 -0.0873844   0.718817
0.0196933 -0.087375  0.718807
 0.0196809 -0.0873656   0.718798
 0.0196684 -0.0873562   0.718788
  0.019656 -0.0873469   0.718779
 0.0196436 -0.0873375    0.71877
 0.0196312 -0.0873281    0.71876
 0.0196188 -0.0873187   0.718751
 0.0196064 -0.0873094   0.718742
0.019594  -0.0873 0.718732
 0.0195815 -0.0872906   0.718723
 0.0195691 -0.0872812   0.718713
 0.0195567 -0.0872719   0.718704
 0.0195443 -0.0872625   0.718695
 0.0195319 -0.0872531   0.718685
 0.0195195 -0.0872437   0.718676
  0.019507 -0.0872344   0.718667
0.0194946 -0.087225  0.718657
 0.0194822 -0.0872156   0.718648
 0.0194698 -0.0872062   0.718638
 0.0194574 -0.0871969   0.718629
  0.019445 -0.0871875    0.71862
 0.0194326 -0.0871781    0.71861
 0.0194201 -0.0871688   0.718601
 0.0194077 -0.0871594   0.718592
0.0193953  -0.08715  0.718582
 0.0193829 -0.0871406   0.718573
 0.0193705 -0.0871313   0.718563
 0.0193581 -0.0871219   0.718554
 0.0193457 -0.0871125   0.718545
 0.0193333 -0.0871032   0.718535
 0.0193208 -0.0870938   0.718526
 0.0193084 -0.0870844   0.718517
 0.019296 -0.087075  0.718507
 0.0192836 -0.0870657   0.718498
 0.0192712 -0.0870563   0.718489
 0.0192588 -0.0870469   0.718479
 0.0192464 -0.0870376    0.71847
  0.019234 -0.0870282    0.71846
 0.0192216 -0.0870188   0.718451
 0.0192092 -0.0870095   0.718442
 0.0191967 -0.0870001   0.718432
 0.0191843 -0.0869907   0.718423
 0.0191719 -0.0869813   0.718414
0.0191595 -0.086972  0.718404
 0.0191471 -0.0869626   0.718395
 0.0191347 -0.0869532   0.718385
 0.0191223 -0.0869439   0.718376
 0.0191099 -0.0869345   0.718367
 0.0190975 -0.0869251   0.718357
 0.0190851 -0.0869158   0.718348
 0.0190727 -0.0869064   0.718339
0.0190603 -0.086897  0.718329
 0.0190479 -0.0868877    0.71832
 0.0190355 -0.0868783   0.718311
 0.0190231 -0.0868689   0.718301
 0.0190106 -0.0868596   0.718292
 0.0189982 -0.0868502   0.718282
 0.0189858 -0.0868408   0.718273
 0.0189734 -0.0868315   0.718264
  0.018961 -0.0868221   0.718254
 0.0189486 -0.0868128   0.718245
 0.0189362 -0.0868034   0.718236
0.0189238 -0.086794  0.718226
 0.0189114 -0.0867847   0.718217
  0.018899 -0.0867753   0.718208
 0.0188866 -0.0867659   0.718198
 0.0188742 -0.0867566   0.718189
 0.0188618 -0.0867472   0.718179
 0.0188494 -0.0867379    0.71817
  0.018837 -0.0867285   0.718161
 0.0188246 -0.0867191   0.718151
 0.0188122 -0.0867098   0.718142
 0.0187998 -0.0867004   0.718133
 0.0187874 -0.0866911   0.718123
 0.0187751 -0.0866817   0.718114
 0.0187627 -0.0866723   0.718105
0.0187503 -0.086663  0.718095
 0.0187379 -0.0866536   0.718086
 0.0187255 -0.0866443   0.718076
 0.0187131 -0.0866349   0.718067
 0.0187007 -0.0866256   0.718058
 0.0186883 -0.0866162   0.718048
 0.0186759 -0.0866068   0.718039
 0.0186635 -0.0865975    0.71803
 0.0186511 -0.0865881    0.71802
 0.0186387 -0.0865788   0.718011
 0.0186263 -0.0865694   0.718002
  0.018614 -0.0865601   0.717992
 0.0186016 -0.0865507   0.717983
 0.0185892 -0.0865414   0.717974
0.0185768 -0.086532  0.717964
 0.0185644 -0.0865227   0.717955
  0.018552 -0.0865133   0.717946
 0.0185396 -0.0865039   0.717936
 0.0185272 -0.0864946   0.717927
 0.0185149 -0.0864852   0.717917
 0.0185025 -0.0864759   0.717908
 0.0184901 -0.0864665   0.717899
 0.0184777 -0.0864572   0.717889
 0.0184653 -0.0864479    0.71788
 0.0184529 -0.0864385   0.717871
 0.0184406 -0.0864292   0.717861
 0.0184282 -0.0864198   0.717852
 0.0184158 -0.0864105   0.717843
 0.0184034 -0.0864011   0.717833
  0.018391 -0.0863918   0.717824
 0.0183787 -0.0863824   0.717815
 0.0183663 -0.0863731   0.717805
 0.0183539 -0.0863637   0.717796
 0.0183415 -0.0863544   0.717787
0.0183292 -0.086345  0.717777
 0.0183168 -0.0863357   0.717768
 0.0183044 -0.0863264   0.717759
 0.018292 -0.086317  0.717749
 0.0182797 -0.0863077    0.71774
 0.0182673 -0.0862983   0.717731
0.0182549 -0.086289  0.717721
 0.0182426 -0.0862797   0.717712
 0.0182302 -0.0862703   0.717703
0.0182178 -0.086261  0.717693
 0.0182055 -0.0862516   0.717684
 0.0181931 -0.0862423   0.717675
0.0181807 -0.086233  0.717665
 0.0181684 -0.0862236   0.717656
  0.018156 -0.0862143   0.717647
0.0181436 -0.086205  0.717637
 0.0181313 -0.0861956   0.717628
 0.0181189 -0.0861863   0.717618
0.0181065 -0.086177  0.717609
 0.0180942 -0.0861676     0.7176
 0.0180818 -0.0861583    0.71759
0.0180695 -0.086149  0.717581
 0.0180571 -0.0861396   0.717572
 0.0180447 -0.0861303   0.717563
0.0180324 -0.086121  0.717553
   0.01802 -0.0861116   0.717544
 0.0180077 -0.0861023   0.717535
0.0179953 -0.086093  0.717525
  0.017983 -0.0860837   0.717516
 0.0179706 -0.0860743   0.717507
0.0179583 -0.086065  0.717497
 0.0179459 -0.0860557   0.717488
 0.0179336 -0.0860464   0.717479
0.0179212 -0.086037  0.717469
 0.0179089 -0.0860277    0.71746
 0.0178965 -0.0860184   0.717451
 0.0178842 -0.0860091   0.717441
 0.0178718 -0.0859997   0.717432
 0.0178595 -0.0859904   0.717423
 0.0178471 -0.0859811   0.717413
 0.0178348 -0.0859718   0.717404
 0.0178224 -0.0859625   0.717395
 0.0178101 -0.0859531   0.717385
 0.0177978 -0.0859438   0.717376
 0.0177854 -0.0859345   0.717367
 0.0177731 -0.0859252   0.717357
 0.0177607 -0.0859159   0.717348
 0.0177484 -0.0859066   0.717339
 0.0177361 -0.0858973   0.717329
 0.0177237 -0.0858879    0.71732
 0.0177114 -0.0858786   0.717311
 0.0176991 -0.0858693   0.717302
0.0176867  -0.08586  0.717292
 0.0176744 -0.0858507   0.717283
 0.0176621 -0.0858414   0.717274
 0.0176498 -0.0858321   0.717264
 0.0176374 -0.0858228   0.717255
 0.0176251 -0.0858135   0.717246
 0.0176128 -0.0858042   0.717236
 0.0176004 -0.0857948   0.717227
 0.0175881 -0.0857855   0.717218
 0.0175758 -0.0857762   0.717208
 0.0175635 -0.0857669   0.717199
 0.0175512 -0.0857576    0.71719
 0.0175388 -0.0857483   0.717181
0.0175265 -0.085739  0.717171
 0.0175142 -0.0857297   0.717162
 0.0175019 -0.0857204   0.717153
 0.0174896 -0.0857111   0.717143
 0.0174772 -0.0857018   0.717134
 0.0174649 -0.0856925   0.717125
 0.0174526 -0.0856832   0.717115
 0.0174403 -0.0856739   0.717106
  0.017428 -0.0856647   0.717097
 0.0174157 -0.0856554   0.717088
 0.0174034 -0.0856461   0.717078
 0.0173911 -0.0856368   0.717069
 0.0173788 -0.0856275    0.71706
 0.0173665 -0.0856182    0.71705
 0.0173542 -0.0856089   0.717041
 0.0173419 -0.0855996   0.717032
 0.0173296 -0.0855903   0.717023
0.0173173 -0.085581  0.717013
  0.017305 -0.0855717   0.717004
 0.0172927 -0.0855625   0.716995
 0.0172804 -0.0855532   0.716985
 0.0172681 -0.0855439   0.716976
 0.0172558 -0.0855346   0.716967
 0.0172435 -0.0855253   0.716958
0.0172312 -0.085516  0.716948
 0.0172189 -0.0855068   0.716939
 0.0172066 -0.0854975    0.71693
 0.0171943 -0.0854882    0.71692
  0.017182 -0.0854789   0.716911
 0.0171697 -0.0854697   0.716902
 0.0171574 -0.0854604   0.716893
 0.0171452 -0.0854511   0.716883
 0.0171329 -0.0854418   0.716874
 0.0171206 -0.0854326   0.716865
 0.0171083 -0.0854233   0.716855
 0.017096 -0.085414  0.716846
 0.0170838 -0.0854047   0.716837
 0.0170715 -0.0853955   0.716828
 0.0170592 -0.0853862   0.716818
 0.0170469 -0.0853769   0.716809
 0.0170347 -0.0853677     0.7168
 0.0170224 -0.0853584   0.716791
 0.0170101 -0.0853491   0.716781
 0.0169978 -0.0853399   0.716772
 0.0169856 -0.0853306   0.716763
 0.0169733 -0.0853214   0.716754
  0.016961 -0.0853121   0.716744
 0.0169488 -0.0853028   0.716735
 0.0169365 -0.0852936   0.716726
 0.0169243 -0.0852843   0.716717
  0.016912 -0.0852751   0.716707
 0.0168997 -0.0852658   0.716698
 0.0168875 -0.0852566   0.716689
 0.0168752 -0.0852473   0.716679
 0.016863 -0.085238   0.71667
 0.0168507 -0.0852288   0.716661
 0.0168385 -0.0852195   0.716652
 0.0168262 -0.0852103   0.716642
 0.016814 -0.085201  0.716633
 0.0168017 -0.0851918   0.716624
 0.0167895 -0.0851825   0.716615
 0.0167772 -0.0851733   0.716606
  0.016765 -0.0851641   0.716596
 0.0167527 -0.0851548   0.716587
 0.0167405 -0.0851456   0.716578
 0.0167283 -0.0851363   0.716569
  0.016716 -0.0851271   0.716559
 0.0167038 -0.0851178    0.71655
 0.0166915 -0.0851086   0.716541
 0.0166793 -0.0850994   0.716532
 0.0166671 -0.0850901   0.716522
 0.0166548 -0.0850809   0.716513
 0.0166426 -0.0850717   0.716504
 0.0166304 -0.0850624   0.716495
 0.0166182 -0.0850532   0.716485
0.0166059 -0.085044  0.716476
 0.0165937 -0.0850347   0.716467
 0.0165815 -0.0850255   0.716458
 0.0165693 -0.0850163   0.716448
  0.016557 -0.0850071   0.716439
 0.0165448 -0.0849978    0.71643
 0.0165326 -0.0849886   0.716421
 0.0165204 -0.0849794   0.716412
 0.0165082 -0.0849702   0.716402
  0.016496 -0.0849609   0.716393
 0.0164837 -0.0849517   0.716384
 0.0164715 -0.0849425   0.716375
 0.0164593 -0.0849333   0.716365
 0.0164471 -0.0849241   0.716356
 0.0164349 -0.0849149   0.716347
 0.0164227 -0.0849056   0.716338
 0.0164105 -0.0848964   0.716329
 0.0163983 -0.0848872   0.716319
0.0163861 -0.084878   0.71631
 0.0163739 -0.0848688   0.716301
 0.0163617 -0.0848596   0.716292
 0.0163495 -0.0848504   0.716283
 0.0163373 -0.0848412   0.716273
0.0163251 -0.084832  0.716264
 0.0163129 -0.0848228   0.716255
 0.0163008 -0.0848136   0.716246
 0.0162886 -0.0848044   0.716237
 0.0162764 -0.0847952   0.716227
0.0162642 -0.084786  0.716218
  0.016252 -0.0847768   0.716209
 0.0162398 -0.0847676     0.7162
 0.0162277 -0.0847584   0.716191
 0.0162155 -0.0847492   0.716181
0.0162033  -0.08474  0.716172
 0.0161911 -0.0847308   0.716163
  0.016179 -0.0847216   0.716154
 0.0161668 -0.0847124   0.716145
 0.0161546 -0.0847032   0.716135
0.0161425 -0.084694  0.716126
 0.0161303 -0.0846849   0.716117
 0.0161181 -0.0846757   0.716108
  0.016106 -0.0846665   0.716099
 0.0160938 -0.0846573    0.71609
 0.0160816 -0.0846481    0.71608
 0.0160695 -0.0846389   0.716071
 0.0160573 -0.0846298   0.716062
 0.0160452 -0.0846206   0.716053
  0.016033 -0.0846114   0.716044
 0.0160209 -0.0846022   0.716034
 0.0160087 -0.0845931   0.716025
 0.0159966 -0.0845839   0.716016
 0.0159844 -0.0845747   0.716007
 0.0159723 -0.0845656   0.715998
 0.0159601 -0.0845564   0.715989
  0.015948 -0.0845472   0.715979
 0.0159359 -0.0845381    0.71597
 0.0159237 -0.0845289   0.715961
 0.0159116 -0.0845197   0.715952
 0.0158995 -0.0845106   0.715943
 0.0158873 -0.0845014   0.715934
 0.0158752 -0.0844923   0.715924
 0.0158631 -0.0844831   0.715915
 0.0158509 -0.0844739   0.715906
 0.0158388 -0.0844648   0.715897
 0.0158267 -0.0844556   0.715888
 0.0158146 -0.0844465   0.715879
 0.0158025 -0.0844373    0.71587
 0.0157903 -0.0844282    0.71586
0.0157782 -0.084419  0.715851
 0.0157661 -0.0844099   0.715842
  0.015754 -0.0844008   0.715833
 0.0157419 -0.0843916   0.715824
 0.0157298 -0.0843825   0.715815
 0.0157177 -0.0843733   0.715806
 0.0157056 -0.0843642   0.715796
0.0156935 -0.084355  0.715787
 0.0156814 -0.0843459   0.715778
 0.0156693 -0.0843368   0.715769
 0.0156572 -0.0843276    0.71576
 0.0156451 -0.0843185   0.715751
  0.015633 -0.0843094   0.715742
 0.0156209 -0.0843003   0.715732
 0.0156088 -0.0842911   0.715723
0.0155967 -0.084282  0.715714
 0.0155846 -0.0842729   0.715705
 0.0155725 -0.0842637   0.715696
 0.0155605 -0.0842546   0.715687
 0.0155484 -0.0842455   0.715678
 0.0155363 -0.0842364   0.715669
 0.0155242 -0.0842273   0.715659
 0.0155121 -0.0842182    0.71565
0.0155001 -0.084209  0.715641
  0.015488 -0.0841999   0.715632
 0.0154759 -0.0841908   0.715623
 0.0154639 -0.0841817   0.715614
 0.0154518 -0.0841726   0.715605
 0.0154397 -0.0841635   0.715596
 0.0154277 -0.0841544   0.715587
 0.0154156 -0.0841453   0.715577
 0.0154036 -0.0841362   0.715568
 0.0153915 -0.0841271   0.715559
0.0153795 -0.084118   0.71555
 0.0153674 -0.0841089   0.715541
 0.0153554 -0.0840998   0.715532
 0.0153433 -0.0840907   0.715523
 0.0153313 -0.0840816   0.715514
 0.0153192 -0.0840725   0.715505
 0.0153072 -0.0840634   0.715496
 0.0152951 -0.0840543   0.715487
 0.0152831 -0.0840452   0.715477
 0.0152711 -0.0840361   0.715468
 0.015259 -0.084027  0.715459
 0.015247 -0.084018   0.71545
  0.015235 -0.0840089   0.715441
  0.015223 -0.0839998   0.715432
 0.0152109 -0.0839907   0.715423
 0.0151989 -0.0839816   0.715414
 0.0151869 -0.0839726   0.715405
 0.0151749 -0.0839635   0.715396
 0.0151628 -0.0839544   0.715387
 0.0151508 -0.0839454   0.715378
 0.0151388 -0.0839363   0.715368
 0.0151268 -0.0839272   0.715359
 0.0151148 -0.0839181    0.71535
 0.0151028 -0.0839091   0.715341
0.0150908   -0.0839  0.715332
0.0150788 -0.083891  0.715323
 0.0150668 -0.0838819   0.715314
 0.0150548 -0.0838728   0.715305
 0.0150428 -0.0838638   0.715296
 0.0150308 -0.0838547   0.715287
 0.0150188 -0.0838457   0.715278
 0.0150068 -0.0838366   0.715269
 0.0149948 -0.0838276    0.71526
 0.0149829 -0.0838185   0.715251
 0.0149709 -0.0838095   0.715242
 0.0149589 -0.0838004   0.715233
 0.0149469 -0.0837914   0.715224
 0.0149349 -0.0837823   0.715215
  0.014923 -0.0837733   0.715206
  0.014911 -0.0837643   0.715196
  0.014899 -0.0837552   0.715187
 0.0148871 -0.0837462   0.715178
 0.0148751 -0.0837372   0.715169
 0.0148631 -0.0837281    0.71516
 0.0148512 -0.0837191   0.715151
 0.0148392 -0.0837101   0.715142
0.0148272 -0.083701  0.715133
0.0148153 -0.083692  0.715124
0.0148033 -0.083683  0.715115
0.0147914 -0.083674  0.715106
 0.0147794 -0.0836649   0.715097
 0.0147675 -0.0836559   0.715088
 0.0147556 -0.0836469   0.715079
 0.0147436 -0.0836379    0.71507
 0.0147317 -0.0836289   0.715061
 0.0147197 -0.0836199   0.715052
 0.0147078 -0.0836109   0.715043
 0.0146959 -0.0836019   0.715034
 0.0146839 -0.0835928   0.715025
  0.014672 -0.0835838   0.715016
 0.0146601 -0.0835748   0.715007
 0.0146482 -0.0835658   0.714998
 0.0146363 -0.0835568   0.714989
 0.0146243 -0.0835478    0.71498
 0.0146124 -0.0835388   0.714971
 0.0146005 -0.0835298   0.714962
 0.0145886 -0.0835209   0.714953
 0.0145767 -0.0835119   0.714944
 0.0145648 -0.0835029   0.714935
 0.0145529 -0.0834939   0.714926
  0.014541 -0.0834849   0.714917
 0.0145291 -0.0834759   0.714908
 0.0145172 -0.0834669   0.714899
0.0145053 -0.083458   0.71489
0.0144934 -0.083449  0.714881
0.0144815  -0.08344  0.714872
0.0144696 -0.083431  0.714863
0.0144577 -0.083422  0.714854
 0.0144458 -0.0834131   0.714845
  0.014434 -0.0834041   0.714836
 0.0144221 -0.0833951   0.714827
 0.0144102 -0.0833862   0.714818
 0.0143983 -0.0833772   0.714809
 0.0143865 -0.0833682     0.7148
 0.0143746 -0.0833593   0.714791
 0.0143627 -0.0833503   0.714783
 0.0143509 -0.0833414   0.714774
  0.014339 -0.0833324   0.714765
 0.0143272 -0.0833235   0.714756
 0.0143153 -0.0833145   0.714747
 0.0143034 -0.0833056   0.714738
 0.0142916 -0.0832966   0.714729
 0.0142797 -0.0832877    0.71472
 0.0142679 -0.0832787   0.714711
 0.0142561 -0.0832698   0.714702
 0.0142442 -0.0832608   0.714693
 0.0142324 -0.0832519   0.714684
0.0142205 -0.083243  0.714675
0.0142087 -0.083234  0.714666
 0.0141969 -0.0832251   0.714657
  0.014185 -0.0832162   0.714648
 0.0141732 -0.0832072   0.714639
 0.0141614 -0.0831983   0.714631
 0.0141496 -0.0831894   0.714622
 0.0141378 -0.0831805   0.714613
 0.0141259 -0.0831715   0.714604
 0.0141141 -0.0831626   0.714595
 0.0141023 -0.0831537   0.714586
 0.0140905 -0.0831448   0.714577
 0.0140787 -0.0831359   0.714568
0.0140669 -0.083127  0.714559
 0.0140551 -0.0831181    0.71455
 0.0140433 -0.0831091   0.714541
 0.0140315 -0.0831002   0.714532
 0.0140197 -0.0830913   0.714524
 0.0140079 -0.0830824   0.714515
 0.0139961 -0.0830735   0.714506
 0.0139843 -0.0830646   0.714497
 0.0139726 -0.0830557   0.714488
 0.0139608 -0.0830468   0.714479
 0.013949 -0.083038   0.71447
 0.0139372 -0.0830291   0.714461
 0.0139255 -0.0830202   0.714452
 0.0139137 -0.0830113   0.714443
 0.0139019 -0.0830024   0.714435
 0.0138902 -0.0829935   0.714426
 0.0138784 -0.0829846   0.714417
 0.0138666 -0.0829758   0.714408
 0.0138549 -0.0829669   0.714399
0.0138431 -0.082958   0.71439
 0.0138314 -0.0829491   0.714381
 0.0138196 -0.0829403   0.714372
 0.0138079 -0.0829314   0.714364
 0.0137961 -0.0829225   0.714355
 0.0137844 -0.0829137   0.714346
 0.0137727 -0.0829048   0.714337
 0.0137609 -0.0828959   0.714328
 0.0137492 -0.0828871   0.714319
 0.0137375 -0.0828782    0.71431
 0.0137257 -0.0828694   0.714302
  0.013714 -0.0828605   0.714293
 0.0137023 -0.0828517   0.714284
 0.0136906 -0.0828428   0.714275
0.0136788 -0.082834  0.714266
 0.0136671 -0.0828251   0.714257
 0.0136554 -0.0828163   0.714248
 0.0136437 -0.0828075    0.71424
  0.013632 -0.0827986   0.714231
 0.0136203 -0.0827898   0.714222
 0.0136086 -0.0827809   0.714213
 0.0135969 -0.0827721   0.714204
 0.0135852 -0.0827633   0.714195
 0.0135735 -0.0827545   0.714187
 0.0135618 -0.0827456   0.714178
 0.0135501 -0.0827368   0.714169
0.0135385 -0.082728   0.71416
 0.0135268 -0.0827192   0.714151
 0.0135151 -0.0827104   0.714143
 0.0135034 -0.0827015   0.714134
 0.0134918 -0.0826927   0.714125
 0.0134801 -0.0826839   0.714116
 0.0134684 -0.0826751   0.714107
 0.0134568 -0.0826663   0.714099
 0.0134451 -0.0826575    0.71409
 0.0134334 -0.0826487   0.714081
 0.0134218 -0.0826399   0.714072
 0.0134101 -0.0826311   0.714063
 0.0133985 -0.0826223   0.714055
 0.0133868 -0.0826135   0.714046
 0.0133752 -0.0826047   0.714037
 0.0133636 -0.0825959   0.714028
 0.0133519 -0.0825871   0.714019
 0.0133403 -0.0825784   0.714011
 0.0133286 -0.0825696   0.714002
  0.013317 -0.0825608   0.713993
0.0133054 -0.082552  0.713984
 0.0132938 -0.0825432   0.713975
 0.0132821 -0.0825345   0.713967
 0.0132705 -0.0825257   0.713958
 0.0132589 -0.0825169   0.713949
 0.0132473 -0.0825082    0.71394
 0.0132357 -0.0824994   0.713932
 0.0132241 -0.0824906   0.713923
 0.0132125 -0.0824819   0.713914
 0.0132009 -0.0824731   0.713905
 0.0131893 -0.0824643   0.713897
 0.0131777 -0.0824556   0.713888
 0.0131661 -0.0824468   0.713879
 0.0131545 -0.0824381    0.71387
 0.0131429 -0.0824293   0.713862
 0.0131313 -0.0824206   0.713853
 0.0131198 -0.0824119   0.713844
 0.0131082 -0.0824031   0.713835
 0.0130966 -0.0823944   0.713827
  0.013085 -0.0823856   0.713818
 0.0130735 -0.0823769   0.713809
 0.0130619 -0.0823682     0.7138
 0.0130503 -0.0823594   0.713792
 0.0130388 -0.0823507   0.713783
0.0130272 -0.082342  0.713774
 0.0130157 -0.0823333   0.713765
 0.0130041 -0.0823245   0.713757
 0.0129926 -0.0823158   0.713748
  0.012981 -0.0823071   0.713739
 0.0129695 -0.0822984   0.713731
 0.0129579 -0.0822897   0.713722
0.0129464 -0.082281  0.713713
 0.0129349 -0.0822723   0.713704
 0.0129234 -0.0822636   0.713696
 0.0129118 -0.0822549   0.713687
 0.0129003 -0.0822462   0.713678
 0.0128888 -0.0822375    0.71367
 0.0128773 -0.0822288   0.713661
 0.0128658 -0.0822201   0.713652
 0.0128542 -0.0822114   0.713644
 0.0128427 -0.0822027   0.713635
0.0128312 -0.082194  0.713626
 0.0128197 -0.0821853   0.713618
 0.0128082 -0.0821766   0.713609
0.0127967 -0.082168    0.7136
 0.0127852 -0.0821593   0.713591
 0.0127738 -0.0821506   0.713583
 0.0127623 -0.0821419   0.713574
 0.0127508 -0.0821333   0.713565
 0.0127393 -0.0821246   0.713557
 0.0127278 -0.0821159   0.713548
 0.0127164 -0.0821073   0.713539
 0.0127049 -0.0820986   0.713531
0.0126934  -0.08209  0.713522
  0.012682 -0.0820813   0.713514
 0.0126705 -0.0820727   0.713505
 0.012659 -0.082064  0.713496
 0.0126476 -0.0820554   0.713488
 0.0126361 -0.0820467   0.713479
 0.0126247 -0.0820381    0.71347
 0.0126132 -0.0820294   0.713462
 0.0126018 -0.0820208   0.713453
 0.0125904 -0.0820121   0.713444
 0.0125789 -0.0820035   0.713436
 0.0125675 -0.0819949   0.713427
 0.0125561 -0.0819863   0.713418
 0.0125446 -0.0819776    0.71341
0.0125332 -0.081969  0.713401
 0.0125218 -0.0819604   0.713393
 0.0125104 -0.0819518   0.713384
  0.012499 -0.0819431   0.713375
 0.0124875 -0.0819345   0.713367
 0.0124761 -0.0819259   0.713358
 0.0124647 -0.0819173    0.71335
 0.0124533 -0.0819087   0.713341
 0.0124419 -0.0819001   0.713332
 0.0124305 -0.0818915   0.713324
 0.0124192 -0.0818829   0.713315
 0.0124078 -0.0818743   0.713306
 0.0123964 -0.0818657   0.713298
  0.012385 -0.0818571   0.713289
 0.0123736 -0.0818485   0.713281
 0.0123623 -0.0818399   0.713272
 0.0123509 -0.0818313   0.713264
 0.0123395 -0.0818228   0.713255
 0.0123282 -0.0818142   0.713246
 0.0123168 -0.0818056   0.713238
0.0123054 -0.081797  0.713229
 0.0122941 -0.0817885   0.713221
 0.0122827 -0.0817799   0.713212
 0.0122714 -0.0817713   0.713204
   0.01226 -0.0817628   0.713195
 0.0122487 -0.0817542   0.713186
 0.0122374 -0.0817456   0.713178
  0.012226 -0.0817371   0.713169
 0.0122147 -0.0817285   0.713161
0.0122034  -0.08172  0.713152
  0.012192 -0.0817114   0.713144
 0.0121807 -0.0817029   0.713135
 0.0121694 -0.0816943   0.713127
 0.0121581 -0.0816858   0.713118
 0.0121468 -0.0816772   0.713109
 0.0121355 -0.0816687   0.713101
 0.0121242 -0.0816602   0.713092
 0.0121129 -0.0816516   0.713084
 0.0121016 -0.0816431   0.713075
 0.0120903 -0.0816346   0.713067
  0.012079 -0.0816261   0.713058
 0.0120677 -0.0816175    0.71305
0.0120564 -0.081609  0.713041
 0.0120451 -0.0816005   0.713033
0.0120339 -0.081592  0.713024
 0.0120226 -0.0815835   0.713016
0.0120113 -0.081575  0.713007
     0.012 -0.0815665   0.712999
0.0119888 -0.081558   0.71299
 0.0119775 -0.0815495   0.712982
0.0119663 -0.081541  0.712973
  0.011955 -0.0815325   0.712965
0.0119438 -0.081524  0.712956
 0.0119325 -0.0815155   0.712948
0.0119213 -0.081507  0.712939
   0.01191 -0.0814985   0.712931
0.0118988  -0.08149  0.712922
 0.0118876 -0.0814815   0.712914
 0.0118763 -0.0814731   0.712905
 0.0118651 -0.0814646   0.712897
 0.0118539 -0.0814561   0.712888
 0.0118427 -0.0814476    0.71288
 0.0118315 -0.0814392   0.712871
 0.0118203 -0.0814307   0.712863
  0.011809 -0.0814222   0.712854
 0.0117978 -0.0814138   0.712846
 0.0117866 -0.0814053   0.712838
 0.0117754 -0.0813969   0.712829
 0.0117643 -0.0813884   0.712821
0.0117531  -0.08138  0.712812
 0.0117419 -0.0813715   0.712804
 0.0117307 -0.0813631   0.712795
 0.0117195 -0.0813547   0.712787
 0.0117083 -0.0813462   0.712778
 0.0116972 -0.0813378    0.71277
  0.011686 -0.0813293   0.712762
 0.0116748 -0.0813209   0.712753
 0.0116637 -0.0813125   0.712745
 0.0116525 -0.0813041   0.712736
 0.0116414 -0.0812956   0.712728
 0.0116302 -0.0812872   0.712719
 0.0116191 -0.0812788   0.712711
 0.0116079 -0.0812704   0.712703
0.0115968 -0.081262  0.712694
 0.0115856 -0.0812536   0.712686
 0.0115745 -0.0812452   0.712677
 0.0115634 -0.0812368   0.712669
 0.0115523 -0.0812284   0.712661
0.0115411  -0.08122  0.712652
   0.01153 -0.0812116   0.712644
 0.0115189 -0.0812032   0.712635
 0.0115078 -0.0811948   0.712627
 0.0114967 -0.0811864   0.712619
0.0114856 -0.081178   0.71261
 0.0114745 -0.0811696   0.712602
 0.0114634 -0.0811613   0.712593
 0.0114523 -0.0811529   0.712585
 0.0114412 -0.0811445   0.712577
 0.0114301 -0.0811362   0.712568
  0.011419 -0.0811278    0.71256
  0.011408 -0.0811194   0.712552
 0.0113969 -0.0811111   0.712543
 0.0113858 -0.0811027   0.712535
 0.0113747 -0.0810943   0.712527
0.0113637 -0.081086  0.712518
 0.0113526 -0.0810776    0.71251
 0.0113416 -0.0810693   0.712501
0.0113305 -0.081061  0.712493
 0.0113195 -0.0810526   0.712485
 0.0113084 -0.0810443   0.712476
 0.0112974 -0.0810359   0.712468
 0.0112863 -0.0810276    0.71246
 0.0112753 -0.0810193   0.712451
 0.0112643 -0.0810109   0.712443
 0.0112533 -0.0810026   0.712435
 0.0112422 -0.0809943   0.712427
0.0112312 -0.080986  0.712418
 0.0112202 -0.0809777    0.71241
 0.0112092 -0.0809693   0.712402
0.0111982 -0.080961  0.712393
 0.0111872 -0.0809527   0.712385
 0.0111762 -0.0809444   0.712377
 0.0111652 -0.0809361   0.712368
 0.0111542 -0.0809278    0.71236
 0.0111432 -0.0809195   0.712352
 0.0111322 -0.0809112   0.712343
 0.0111212 -0.0809029   0.712335
 0.0111103 -0.0808947   0.712327
 0.0110993 -0.0808864   0.712319
 0.0110883 -0.0808781    0.71231
 0.0110774 -0.0808698   0.712302
 0.0110664 -0.0808615   0.712294
 0.0110554 -0.0808533   0.712285
0.0110445 -0.080845  0.712277
 0.0110335 -0.0808367   0.712269
 0.0110226 -0.0808285   0.712261
 0.0110116 -0.0808202   0.712252
 0.0110007 -0.0808119   0.712244
 0.0109898 -0.0808037   0.712236
 0.0109788 -0.0807954   0.712228
 0.0109679 -0.0807872   0.712219
  0.010957 -0.0807789   0.712211
 0.0109461 -0.0807707   0.712203
 0.0109352 -0.0807624   0.712195
 0.0109242 -0.0807542   0.712186
0.0109133 -0.080746  0.712178
 0.0109024 -0.0807377    0.71217
 0.0108915 -0.0807295   0.712162
 0.0108806 -0.0807213   0.712153
 0.0108697 -0.0807131   0.712145
 0.0108589 -0.0807048   0.712137
  0.010848 -0.0806966   0.712129
 0.0108371 -0.0806884   0.712121
 0.0108262 -0.0806802   0.712112
0.0108153 -0.080672  0.712104
 0.0108045 -0.0806638   0.712096
 0.0107936 -0.0806556   0.712088
 0.0107828 -0.0806474    0.71208
 0.0107719 -0.0806392   0.712071
 0.010761 -0.080631  0.712063
 0.0107502 -0.0806228   0.712055
 0.0107394 -0.0806146   0.712047
 0.0107285 -0.0806064   0.712039
 0.0107177 -0.0805982    0.71203
 0.0107068 -0.0805901   0.712022
  0.010696 -0.0805819   0.712014
 0.0106852 -0.0805737   0.712006
 0.0106744 -0.0805655   0.711998
 0.0106636 -0.0805574    0.71199
 0.0106527 -0.0805492   0.711981
 0.0106419 -0.0805411   0.711973
 0.0106311 -0.0805329   0.711965
 0.0106203 -0.0805247   0.711957
 0.0106095 -0.0805166   0.711949
 0.0105987 -0.0805084   0.711941
 0.0105879 -0.0805003   0.711932
 0.0105772 -0.0804922   0.711924
0.0105664 -0.080484  0.711916
 0.0105556 -0.0804759   0.711908
 0.0105448 -0.0804677     0.7119
 0.0105341 -0.0804596   0.711892
 0.0105233 -0.0804515   0.711884
 0.0105125 -0.0804434   0.711876
 0.0105018 -0.0804352   0.711867
  0.010491 -0.0804271   0.711859
0.0104803 -0.080419  0.711851
 0.0104695 -0.0804109   0.711843
 0.0104588 -0.0804028   0.711835
 0.0104481 -0.0803947   0.711827
 0.0104373 -0.0803866   0.711819
 0.0104266 -0.0803785   0.711811
 0.0104159 -0.0803704   0.711803
 0.0104052 -0.0803623   0.711794
 0.0103944 -0.0803542   0.711786
 0.0103837 -0.0803461   0.711778
 0.010373 -0.080338   0.71177
 0.0103623 -0.0803299   0.711762
 0.0103516 -0.0803219   0.711754
 0.0103409 -0.0803138   0.711746
 0.0103302 -0.0803057   0.711738
 0.0103195 -0.0802976    0.71173
 0.0103089 -0.0802896   0.711722
 0.0102982 -0.0802815   0.711714
 0.0102875 -0.0802735   0.711706
 0.0102768 -0.0802654   0.711698
 0.0102662 -0.0802573    0.71169
 0.0102555 -0.0802493   0.711682
 0.0102448 -0.0802413   0.711673
 0.0102342 -0.0802332   0.711665
 0.0102235 -0.0802252   0.711657
 0.0102129 -0.0802171   0.711649
 0.0102023 -0.0802091   0.711641
 0.0101916 -0.0802011   0.711633
 0.010181 -0.080193  0.711625
0.0101704 -0.080185  0.711617
0.0101597 -0.080177  0.711609
0.0101491 -0.080169  0.711601
0.0101385 -0.080161  0.711593
 0.0101279 -0.0801529   0.711585
 0.0101173 -0.0801449   0.711577
 0.0101067 -0.0801369   0.711569
 0.0100961 -0.0801289   0.711561
 0.0100855 -0.0801209   0.711553
 0.0100749 -0.0801129   0.711545
 0.0100643 -0.0801049   0.711537
 0.0100537 -0.0800969   0.711529
0.0100431 -0.080089  0.711521
0.0100326 -0.080081  0.711513
 0.010022 -0.080073  0.711505
0.0100114 -0.080065  0.711497
0.0100009 -0.080057  0.711489
0.00999031 -0.0800491   0.711481
0.00997976 -0.0800411   0.711473
0.00996921 -0.0800331   0.711465
0.00995867 -0.0800252   0.711457
0.00994813 -0.0800172   0.711449
0.00993759 -0.0800093   0.711441
0.00992706 -0.0800013   0.711434
0.00991653 -0.0799934   0.711426
0.00990601 -0.0799854   0.711418
0.00989549 -0.0799775    0.71141
0.00988498 -0.0799695   0.711402
0.00987447 -0.0799616   0.711394
0.00986396 -0.0799537   0.711386
0.00985346 -0.0799457   0.711378
0.00984296 -0.0799378    0.71137
0.00983247 -0.0799299   0.711362
0.00982198  -0.079922   0.711354
 0.0098115 -0.0799141   0.711346
0.00980102 -0.0799062   0.711338
0.00979055 -0.0798982    0.71133
0.00978007 -0.0798903   0.711323
0.00976961 -0.0798824   0.711315
0.00975915 -0.0798745   0.711307
0.00974869 -0.0798666   0.711299
0.00973823 -0.0798588   0.711291
0.00972779 -0.0798509   0.711283
0.00971734  -0.079843   0.711275
 0.0097069 -0.0798351   0.711267
0.00969646 -0.0798272   0.711259
0.00968603 -0.0798193   0.711252
0.00967561 -0.0798115   0.711244
0.00966518 -0.0798036   0.711236
0.00965476 -0.0797957   0.711228
0.00964435 -0.0797879    0.71122
0.00963394   -0.07978   0.711212
0.00962354 -0.0797722   0.711204
0.00961313 -0.0797643   0.711197
0.00960274 -0.0797564   0.711189
0.00959235 -0.0797486   0.711181
0.00958196 -0.0797408   0.711173
0.00957158 -0.0797329   0.711165
 0.0095612 -0.0797251   0.711157
0.00955082 -0.0797173   0.711149
0.00954045 -0.0797094   0.711142
0.00953009 -0.0797016   0.711134
0.00951973 -0.0796938   0.711126
0.00950937  -0.079686   0.711118
0.00949902 -0.0796781    0.71111
0.00948867 -0.0796703   0.711103
0.00947833 -0.0796625   0.711095
0.00946799 -0.0796547   0.711087
0.00945765 -0.0796469   0.711079
0.00944732 -0.0796391   0.711071
  0.009437 -0.0796313   0.711064
0.00942668 -0.0796235   0.711056
0.00941636 -0.0796157   0.711048
0.00940605 -0.0796079    0.71104
0.00939574 -0.0796002   0.711032
0.00938544 -0.0795924   0.711025
0.00937514 -0.0795846   0.711017
0.00936485 -0.0795768   0.711009
0.00935456 -0.0795691   0.711001
0.00934427 -0.0795613   0.710994
0.00933399 -0.0795535   0.710986
0.00932372 -0.0795458   0.710978
0.00931345  -0.079538    0.71097
0.00930318 -0.0795303   0.710962
0.00929292 -0.0795225   0.710955
0.00928266 -0.0795148   0.710947
0.00927241  -0.079507   0.710939
0.00926216 -0.0794993   0.710932
0.00925192 -0.0794916   0.710924
0.00924168 -0.0794838   0.710916
0.00923144 -0.0794761   0.710908
0.00922121 -0.0794684   0.710901
0.00921099 -0.0794607   0.710893
0.00920076  -0.079453   0.710885
0.00919055 -0.0794452   0.710877
0.00918034 -0.0794375    0.71087
0.00917013 -0.0794298   0.710862
0.00915993 -0.0794221   0.710854
0.00914973 -0.0794144   0.710847
0.00913953 -0.0794067   0.710839
0.00912935  -0.079399   0.710831
0.00911916 -0.0793913   0.710824
0.00910898 -0.0793837   0.710816
0.00909881  -0.079376   0.710808
0.00908864 -0.0793683     0.7108
0.00907847 -0.0793606   0.710793
0.00906831 -0.0793529   0.710785
0.00905815 -0.0793453   0.710777
  0.009048 -0.0793376    0.71077
0.00903785   -0.07933   0.710762
0.00902771 -0.0793223   0.710754
0.00901757 -0.0793146   0.710747
0.00900744  -0.079307   0.710739
0.00899731 -0.0792993   0.710732
0.00898718 -0.0792917   0.710724
0.00897707 -0.0792841   0.710716
0.00896695 -0.0792764   0.710709
0.00895684 -0.0792688   0.710701
0.00894673 -0.0792612   0.710693
0.00893663 -0.0792535   0.710686
0.00892654 -0.0792459   0.710678
0.00891645 -0.0792383    0.71067
0.00890636 -0.0792307   0.710663
0.00889628 -0.0792231   0.710655
 0.0088862 -0.0792155   0.710648
0.00887613 -0.0792078    0.71064
0.00886606 -0.0792002   0.710632
  0.008856 -0.0791926   0.710625
0.00884594 -0.0791851   0.710617
0.00883588 -0.0791775    0.71061
0.00882583 -0.0791699   0.710602
0.00881579 -0.0791623   0.710594
0.00880575 -0.0791547   0.710587
0.00879572 -0.0791471   0.710579
0.00878568 -0.0791396   0.710572
0.00877566  -0.079132   0.710564
0.00876564 -0.0791244   0.710557
0.00875562 -0.0791169   0.710549
0.00874561 -0.0791093   0.710542
 0.0087356 -0.0791017   0.710534
 0.0087256 -0.0790942   0.710526
0.00871561 -0.0790866   0.710519
0.00870561 -0.0790791   0.710511
0.00869563 -0.0790716   0.710504
0.00868564  -0.079064   0.710496
0.00867567 -0.0790565   0.710489
0.00866569  -0.079049   0.710481
0.00865572 -0.0790414   0.710474
0.00864576 -0.0790339   0.710466
 0.0086358 -0.0790264   0.710459
0.00862585 -0.0790189   0.710451
 0.0086159 -0.0790114   0.710444
0.00860595 -0.0790039   0.710436
0.00859601 -0.0789964   0.710429
0.00858608 -0.0789889   0.710421
0.00857615 -0.0789814   0.710414
0.00856622 -0.0789739   0.710406
 0.0085563 -0.0789664   0.710399
0.00854639 -0.0789589   0.710391
0.00853648 -0.0789514   0.710384
0.00852657 -0.0789439   0.710376
0.00851667 -0.0789365   0.710369
0.00850677  -0.078929   0.710361
0.00849688 -0.0789215   0.710354
 0.008487 -0.078914  0.710346
0.00847712 -0.0789066   0.710339
0.00846724 -0.0788991   0.710331
0.00845737 -0.0788917   0.710324
 0.0084475 -0.0788842   0.710316
0.00843764 -0.0788768   0.710309
0.00842778 -0.0788693   0.710302
0.00841793 -0.0788619   0.710294
0.00840808 -0.0788545   0.710287
0.00839824  -0.078847   0.710279
 0.0083884 -0.0788396   0.710272
0.00837857 -0.0788322   0.710264
0.00836874 -0.0788248   0.710257
0.00835891 -0.0788173    0.71025
 0.0083491 -0.0788099   0.710242
0.00833928 -0.0788025   0.710235
0.00832947 -0.0787951   0.710227
0.00831967 -0.0787877    0.71022
0.00830987 -0.0787803   0.710213
0.00830008 -0.0787729   0.710205
0.00829029 -0.0787655   0.710198
0.00828051 -0.0787581    0.71019
0.00827073 -0.0787508   0.710183
0.00826095 -0.0787434   0.710176
0.00825118  -0.078736   0.710168
0.00824142 -0.0787286   0.710161
0.00823166 -0.0787213   0.710153
0.00822191 -0.0787139   0.710146
0.00821216 -0.0787065   0.710139
0.00820241 -0.0786992   0.710131
0.00819267 -0.0786918   0.710124
0.00818294 -0.0786845   0.710117
0.00817321 -0.0786771   0.710109
0.00816348 -0.0786698   0.710102
0.00815377 -0.0786625   0.710095
0.00814405 -0.0786551   0.710087
0.00813434 -0.0786478    0.71008
0.00812464 -0.0786405   0.710073
0.00811494 -0.0786331   0.710065
0.00810524 -0.0786258   0.710058
0.00809555 -0.0786185   0.710051
0.00808587 -0.0786112   0.710043
0.00807619 -0.0786039   0.710036
0.00806651 -0.0785966   0.710029
0.00805684 -0.0785893   0.710021
0.00804718  -0.078582   0.710014
0.00803752 -0.0785747   0.710007
0.00802787 -0.0785674       0.71
0.00801822 -0.0785601   0.709992
0.00800857 -0.0785528   0.709985
0.00799893 -0.0785455   0.709978
 0.0079893 -0.0785383    0.70997
0.00797967  -0.078531   0.709963
0.00797004 -0.0785237   0.709956
0.00796042 -0.0785165   0.709949
0.00795081 -0.0785092   0.709941
0.0079412 -0.078502  0.709934
 0.0079316 -0.0784947   0.709927
  0.007922 -0.0784875    0.70992
 0.0079124 -0.0784802   0.709912
0.00790281  -0.078473   0.709905
0.00789323 -0.0784657   0.709898
0.00788365 -0.0784585   0.709891
0.00787408 -0.0784513   0.709883
0.00786451 -0.0784441   0.709876
0.00785494 -0.0784368   0.709869
0.00784539 -0.0784296   0.709862
0.00783583 -0.0784224   0.709855
0.00782628 -0.0784152   0.709847
0.00781674  -0.078408    0.70984
 0.0078072 -0.0784008   0.709833
0.00779767 -0.0783936   0.709826
0.00778814 -0.0783864   0.709819
0.00777862 -0.0783792   0.709811
0.0077691 -0.078372  0.709804
0.00775959 -0.0783648   0.709797
0.00775008 -0.0783577    0.70979
0.00774058 -0.0783505   0.709783
0.00773108 -0.0783433   0.709776
0.00772159 -0.0783362   0.709768
0.0077121 -0.078329  0.709761
0.00770262 -0.0783218   0.709754
0.00769314 -0.0783147   0.709747
0.00768367 -0.0783075    0.70974
 0.0076742 -0.0783004   0.709733
0.00766474 -0.0782932   0.709725
0.00765529 -0.0782861   0.709718
0.00764584  -0.078279   0.709711
0.00763639 -0.0782718   0.709704
0.00762695 -0.0782647   0.709697
0.00761751 -0.0782576    0.70969
0.00760808 -0.0782505   0.709683
0.00759866 -0.0782433   0.709676
0.00758924 -0.0782362   0.709668
0.00757982 -0.0782291   0.709661
0.00757041  -0.078222   0.709654
0.00756101 -0.0782149   0.709647
0.00755161 -0.0782078    0.70964
0.00754222 -0.0782007   0.709633
0.00753283 -0.0781936   0.709626
0.00752344 -0.0781865   0.709619
0.00751407 -0.0781795   0.709612
0.00750469 -0.0781724   0.709605
0.00749532 -0.0781653   0.709598
0.00748596 -0.0781582    0.70959
 0.0074766 -0.0781512   0.709583
0.00746725 -0.0781441   0.709576
 0.0074579 -0.0781371   0.709569
0.00744856   -0.07813   0.709562
0.00743923  -0.078123   0.709555
0.00742989 -0.0781159   0.709548
0.00742057 -0.0781089   0.709541
0.00741125 -0.0781018   0.709534
0.00740193 -0.0780948   0.709527
0.00739262 -0.0780878    0.70952
0.00738332 -0.0780807   0.709513
0.00737402 -0.0780737   0.709506
0.00736472 -0.0780667   0.709499
0.00735543 -0.0780597   0.709492
0.00734615 -0.0780527   0.709485
0.00733687 -0.0780457   0.709478
0.00732759 -0.0780387   0.709471
0.00731833 -0.0780317   0.709464
0.00730906 -0.0780247   0.709457
0.00729981 -0.0780177    0.70945
0.00729055 -0.0780107   0.709443
0.00728131 -0.0780037   0.709436
0.00727206 -0.0779968   0.709429
0.00726283 -0.0779898   0.709422
 0.0072536 -0.0779828   0.709415
0.00724437 -0.0779758   0.709408
0.00723515 -0.0779689   0.709401
0.00722593 -0.0779619   0.709394
0.00721672  -0.077955   0.709387
0.00720752  -0.077948    0.70938
0.00719832 -0.0779411   0.709373
0.00718912 -0.0779341   0.709366
0.00717994 -0.0779272   0.709359
0.00717075 -0.0779203   0.709352
0.00716157 -0.0779133   0.709346
 0.0071524 -0.0779064   0.709339
0.00714323 -0.0778995   0.709332
0.00713407 -0.0778926   0.709325
0.00712491 -0.0778857   0.709318
0.00711576 -0.0778787   0.709311
0.00710662 -0.0778718   0.709304
0.00709748 -0.0778649   0.709297
0.00708834  -0.077858    0.70929
0.00707921 -0.0778511   0.709283
0.00707009 -0.0778443   0.709276
0.00706097 -0.0778374    0.70927
0.00705185 -0.0778305   0.709263
0.00704274 -0.0778236   0.709256
0.00703364 -0.0778167   0.709249
0.00702454 -0.0778099   0.709242
0.00701545  -0.077803   0.709235
0.00700636 -0.0777961   0.709228
0.00699728 -0.0777893   0.709221
 0.0069882 -0.0777824   0.709215
0.00697913 -0.0777756   0.709208
0.00697007 -0.0777687   0.709201
0.00696101 -0.0777619   0.709194
0.00695195 -0.0777551   0.709187
 0.0069429 -0.0777482    0.70918
0.00693386 -0.0777414   0.709174
0.00692482 -0.0777346   0.709167
0.00691579 -0.0777278    0.70916
0.00690676 -0.0777209   0.709153
0.00689774 -0.0777141   0.709146
0.00688872 -0.0777073    0.70914
0.00687971 -0.0777005   0.709133
 0.0068707 -0.0776937   0.709126
 0.0068617 -0.0776869   0.709119
0.00685271 -0.0776801   0.709112
0.00684372 -0.0776733   0.709106
0.00683473 -0.0776666   0.709099
0.00682575 -0.0776598   0.709092
0.00681678  -0.077653   0.709085
0.00680781 -0.0776462   0.709078
0.00679885 -0.0776395   0.709072
0.00678989 -0.0776327   0.709065
0.00678094 -0.0776259   0.709058
  0.006772 -0.0776192   0.709051
0.00676306 -0.0776124   0.709045
0.00675412 -0.0776057   0.709038
0.00674519  -0.077599   0.709031
0.00673627 -0.0775922   0.709024
0.00672735 -0.0775855   0.709018
0.00671843 -0.0775788   0.709011
0.00670953  -0.077572   0.709004
0.00670062 -0.0775653   0.708998
0.00669173 -0.0775586   0.708991
0.00668284 -0.0775519   0.708984
0.00667395 -0.0775452   0.708977
0.00666507 -0.0775385   0.708971
 0.0066562 -0.0775318   0.708964
0.00664733 -0.0775251   0.708957
0.00663846 -0.0775184   0.708951
 0.0066296 -0.0775117   0.708944
0.00662075  -0.077505   0.708937
 0.0066119 -0.0774983   0.708931
0.00660306 -0.0774916   0.708924
0.00659423  -0.077485   0.708917
0.00658539 -0.0774783   0.708911
0.00657657 -0.0774716   0.708904
0.00656775  -0.077465   0.708897
0.00655894 -0.0774583   0.708891
0.00655013 -0.0774517   0.708884
0.00654132  -0.077445   0.708877
0.00653253 -0.0774384   0.708871
0.00652373 -0.0774318   0.708864
0.00651495 -0.0774251   0.708857
0.00650617 -0.0774185   0.708851
0.00649739 -0.0774119   0.708844
0.00648862 -0.0774052   0.708837
0.00647986 -0.0773986   0.708831
0.0064711 -0.077392  0.708824
0.00646235 -0.0773854   0.708818
 0.0064536 -0.0773788   0.708811
0.00644486 -0.0773722   0.708804
0.00643612 -0.0773656   0.708798
0.00642739  -0.077359   0.708791
0.00641867 -0.0773524   0.708785
0.00640995 -0.0773458   0.708778
0.00640123 -0.0773393   0.708771
0.00639252 -0.0773327   0.708765
0.00638382 -0.0773261   0.708758
0.00637512 -0.0773195   0.708752
0.00636643  -0.077313   0.708745
0.00635775 -0.0773064   0.708739
0.00634906 -0.0772999   0.708732
0.00634039 -0.0772933   0.708726
0.00633172 -0.0772868   0.708719
0.00632306 -0.0772802   0.708712
 0.0063144 -0.0772737   0.708706
0.00630575 -0.0772672   0.708699
 0.0062971 -0.0772606   0.708693
0.00628846 -0.0772541   0.708686
0.00627982 -0.0772476    0.70868
0.00627119 -0.0772411   0.708673
0.00626257 -0.0772346   0.708667
0.00625395 -0.0772281    0.70866
0.00624534 -0.0772216   0.708654
0.00623673 -0.0772151   0.708647
0.00622813 -0.0772086   0.708641
0.00621953 -0.0772021   0.708634
0.00621094 -0.0771956   0.708628
0.00620236 -0.0771891   0.708621
0.00619378 -0.0771826   0.708615
 0.0061852 -0.0771762   0.708608
0.00617664 -0.0771697   0.708602
0.00616807 -0.0771632   0.708595
0.00615952 -0.0771568   0.708589
0.00615097 -0.0771503   0.708583
0.00614242 -0.0771439   0.708576
0.00613388 -0.0771374    0.70857
0.00612535  -0.077131   0.708563
0.00611682 -0.0771245   0.708557
 0.0061083 -0.0771181    0.70855
0.00609978 -0.0771117   0.708544
0.00609127 -0.0771052   0.708537
0.00608277 -0.0770988   0.708531
0.00607427 -0.0770924   0.708525
0.00606577  -0.077086   0.708518
0.00605728 -0.0770796   0.708512
 0.0060488 -0.0770732   0.708505
0.00604032 -0.0770668   0.708499
0.00603185 -0.0770604   0.708493
0.00602339  -0.077054   0.708486
0.00601493 -0.0770476    0.70848
0.00600647 -0.0770412   0.708473
0.00599802 -0.0770348   0.708467
0.00598958 -0.0770285   0.708461
0.00598115 -0.0770221   0.708454
0.00597271 -0.0770157   0.708448
0.00596429 -0.0770094   0.708442
0.00595587  -0.077003   0.708435
0.00594745 -0.0769967   0.708429
0.00593905 -0.0769903   0.708423
0.00593064  -0.076984   0.708416
0.00592225 -0.0769776    0.70841
0.00591386 -0.0769713   0.708403
0.00590547  -0.076965   0.708397
0.00589709 -0.0769586   0.708391
0.00588872 -0.0769523   0.708385
0.00588035  -0.076946   0.708378
0.00587199 -0.0769397   0.708372
0.00586363 -0.0769334   0.708366
0.00585528 -0.0769271   0.708359
0.00584693 -0.0769208   0.708353
0.00583859 -0.0769145   0.708347
0.00583026 -0.0769082    0.70834
0.00582193 -0.0769019   0.708334
0.00581361 -0.0768956   0.708328
 0.0058053 -0.0768893   0.708322
0.00579698  -0.076883   0.708315
0.00578868 -0.0768768   0.708309
0.00578038 -0.0768705   0.708303
0.00577209 -0.0768642   0.708296
0.0057638 -0.076858   0.70829
0.00575552 -0.0768517   0.708284
0.00574724 -0.0768455   0.708278
0.00573897 -0.0768392   0.708271
0.00573071  -0.076833   0.708265
0.00572245 -0.0768268   0.708259
 0.0057142 -0.0768205   0.708253
0.00570595 -0.0768143   0.708247
0.00569771 -0.0768081    0.70824
0.00568948 -0.0768019   0.708234
0.00568125 -0.0767957   0.708228
0.00567302 -0.0767894   0.708222
 0.0056648 -0.0767832   0.708215
0.00565659  -0.076777   0.708209
0.00564839 -0.0767708   0.708203
0.00564019 -0.0767647   0.708197
0.00563199 -0.0767585   0.708191
 0.0056238 -0.0767523   0.708184
0.00561562 -0.0767461   0.708178
0.00560744 -0.0767399   0.708172
0.00559927 -0.0767338   0.708166
0.00559111 -0.0767276    0.70816
0.00558295 -0.0767214   0.708154
0.00557479 -0.0767153   0.708147
0.00556665 -0.0767091   0.708141
0.0055585 -0.076703  0.708135
0.00555037 -0.0766968   0.708129
0.00554224 -0.0766907   0.708123
0.00553411 -0.0766846   0.708117
  0.005526 -0.0766784   0.708111
0.00551788 -0.0766723   0.708105
0.00550978 -0.0766662   0.708098
0.00550168 -0.0766601   0.708092
0.00549358  -0.076654   0.708086
0.00548549 -0.0766479    0.70808
0.00547741 -0.0766418   0.708074
0.00546933 -0.0766357   0.708068
0.00546126 -0.0766296   0.708062
0.00545319 -0.0766235   0.708056
0.00544513 -0.0766174    0.70805
0.00543708 -0.0766113   0.708044
0.00542903 -0.0766052   0.708037
0.00542099 -0.0765992   0.708031
0.00541295 -0.0765931   0.708025
0.00540492  -0.076587   0.708019
0.0053969 -0.076581  0.708013
0.00538888 -0.0765749   0.708007
0.00538087 -0.0765689   0.708001
0.00537286 -0.0765628   0.707995
0.00536486 -0.0765568   0.707989
0.00535686 -0.0765507   0.707983
0.00534887 -0.0765447   0.707977
0.00534089 -0.0765387   0.707971
0.00533291 -0.0765327   0.707965
0.00532494 -0.0765266   0.707959
0.00531698 -0.0765206   0.707953
0.00530902 -0.0765146   0.707947
0.00530106 -0.0765086   0.707941
0.00529312 -0.0765026   0.707935
0.00528518 -0.0764966   0.707929
0.00527724 -0.0764906   0.707923
0.00526931 -0.0764846   0.707917
0.00526139 -0.0764787   0.707911
0.00525347 -0.0764727   0.707905
0.00524556 -0.0764667   0.707899
0.00523765 -0.0764607   0.707893
0.00522975 -0.0764548   0.707887
0.00522185 -0.0764488   0.707881
0.00521397 -0.0764429   0.707875
0.00520608 -0.0764369   0.707869
0.00519821  -0.076431   0.707863
0.00519034  -0.076425   0.707857
0.00518247 -0.0764191   0.707851
0.00517461 -0.0764131   0.707845
0.00516676 -0.0764072   0.707839
0.00515891 -0.0764013   0.707833
0.00515107 -0.0763954   0.707828
0.00514324 -0.0763895   0.707822
0.00513541 -0.0763835   0.707816
0.00512759 -0.0763776    0.70781
0.00511977 -0.0763717   0.707804
0.00511196 -0.0763658   0.707798
0.00510415 -0.0763599   0.707792
0.00509636 -0.0763541   0.707786
0.00508856 -0.0763482    0.70778
0.00508078 -0.0763423   0.707774
0.00507299 -0.0763364   0.707769
0.00506522 -0.0763305   0.707763
0.00505745 -0.0763247   0.707757
0.00504969 -0.0763188   0.707751
0.00504193  -0.076313   0.707745
0.00503418 -0.0763071   0.707739
0.00502643 -0.0763013   0.707733
 0.0050187 -0.0762954   0.707728
0.00501096 -0.0762896   0.707722
0.00500324 -0.0762837   0.707716
0.00499551 -0.0762779    0.70771
 0.0049878 -0.0762721   0.707704
0.00498009 -0.0762663   0.707698
0.00497239 -0.0762605   0.707693
0.00496469 -0.0762546   0.707687
  0.004957 -0.0762488   0.707681
0.00494931  -0.076243   0.707675
0.00494164 -0.0762372   0.707669
0.00493396 -0.0762314   0.707664
 0.0049263 -0.0762257   0.707658
0.00491863 -0.0762199   0.707652
0.00491098 -0.0762141   0.707646
0.00490333 -0.0762083   0.707641
0.00489569 -0.0762025   0.707635
0.00488805 -0.0761968   0.707629
0.00488042  -0.076191   0.707623
 0.0048728 -0.0761853   0.707617
0.00486518 -0.0761795   0.707612
0.00485756 -0.0761738   0.707606
0.00484996  -0.076168     0.7076
0.00484236 -0.0761623   0.707594
0.00483476 -0.0761565   0.707589
0.00482717 -0.0761508   0.707583
0.00481959 -0.0761451   0.707577
0.00481201 -0.0761394   0.707572
0.00480444 -0.0761337   0.707566
0.00479688 -0.0761279    0.70756
0.00478932 -0.0761222   0.707554
0.00478177 -0.0761165   0.707549
0.00477422 -0.0761108   0.707543
0.00476668 -0.0761051   0.707537
0.00475915 -0.0760995   0.707532
0.00475162 -0.0760938   0.707526
 0.0047441 -0.0760881    0.70752
0.00473658 -0.0760824   0.707515
0.00472907 -0.0760768   0.707509
0.00472157 -0.0760711   0.707503
0.00471407 -0.0760654   0.707498
0.00470658 -0.0760598   0.707492
 0.0046991 -0.0760541   0.707486
0.00469162 -0.0760485   0.707481
0.00468414 -0.0760428   0.707475
0.00467668 -0.0760372   0.707469
0.00466921 -0.0760316   0.707464
0.00466176 -0.0760259   0.707458
0.00465431 -0.0760203   0.707453
0.00464687 -0.0760147   0.707447
0.00463943 -0.0760091   0.707441
  0.004632 -0.0760035   0.707436
0.00462458 -0.0759979    0.70743
0.00461716 -0.0759923   0.707424
0.00460975 -0.0759867   0.707419
0.00460234 -0.0759811   0.707413
0.00459494 -0.0759755   0.707408
0.00458754 -0.0759699   0.707402
0.00458016 -0.0759643   0.707397
0.00457277 -0.0759587   0.707391
 0.0045654 -0.0759532   0.707385
0.00455803 -0.0759476    0.70738
0.00455067 -0.0759421   0.707374
0.00454331 -0.0759365   0.707369
0.00453596 -0.0759309   0.707363
0.00452861 -0.0759254   0.707358
0.00452127 -0.0759199   0.707352
0.00451394 -0.0759143   0.707347
0.00450661 -0.0759088   0.707341
0.00449929 -0.0759033   0.707335
0.00449198 -0.0758977    0.70733
0.00448467 -0.0758922   0.707324
0.00447737 -0.0758867   0.707319
0.00447007 -0.0758812   0.707313
0.00446278 -0.0758757   0.707308
 0.0044555 -0.0758702   0.707302
0.00444822 -0.0758647   0.707297
0.00444095 -0.0758592   0.707291
0.00443368 -0.0758537   0.707286
0.00442642 -0.0758482    0.70728
0.00441917 -0.0758428   0.707275
0.00441192 -0.0758373    0.70727
0.00440468 -0.0758318   0.707264
0.00439745 -0.0758264   0.707259
0.00439022 -0.0758209   0.707253
  0.004383 -0.0758155   0.707248
0.00437578   -0.07581   0.707242
0.00436857 -0.0758046   0.707237
0.00436136 -0.0757991   0.707231
0.00435417 -0.0757937   0.707226
0.00434698 -0.0757883    0.70722
0.00433979 -0.0757828   0.707215
0.00433261 -0.0757774    0.70721
0.00432544  -0.075772   0.707204
0.00431827 -0.0757666   0.707199
0.00431111 -0.0757612   0.707193
0.00430395 -0.0757558   0.707188
0.00429681 -0.0757504   0.707183
0.00428966  -0.075745   0.707177
0.00428253 -0.0757396   0.707172
 0.0042754 -0.0757342   0.707166
0.00426827 -0.0757288   0.707161
0.00426116 -0.0757235   0.707156
0.00425404 -0.0757181    0.70715
0.00424694 -0.0757127   0.707145
0.00423984 -0.0757074    0.70714
0.00423275  -0.075702   0.707134
0.00422566 -0.0756967   0.707129
0.00421858 -0.0756913   0.707124
0.00421151  -0.075686   0.707118
0.00420444 -0.0756806   0.707113
0.00419737 -0.0756753   0.707108
0.00419032   -0.07567   0.707102
0.00418327 -0.0756647   0.707097
0.00417623 -0.0756593   0.707092
0.00416919  -0.075654   0.707086
0.00416216 -0.0756487   0.707081
0.00415513 -0.0756434   0.707076
0.00414811 -0.0756381    0.70707
 0.0041411 -0.0756328   0.707065
 0.0041341 -0.0756275    0.70706
 0.0041271 -0.0756222   0.707054
0.0041201 -0.075617  0.707049
0.00411311 -0.0756117   0.707044
0.00410613 -0.0756064   0.707039
0.00409916 -0.0756012   0.707033
0.00409219 -0.0755959   0.707028
0.00408523 -0.0755906   0.707023
0.00407827 -0.0755854   0.707018
0.00407132 -0.0755801   0.707012
0.00406437 -0.0755749   0.707007
0.00405744 -0.0755697   0.707002
 0.0040505 -0.0755644   0.706997
0.00404358 -0.0755592   0.706991
0.00403666  -0.075554   0.706986
0.00402975 -0.0755487   0.706981
0.00402284 -0.0755435   0.706976
0.00401594 -0.0755383   0.706971
0.00400905 -0.0755331   0.706965
0.00400216 -0.0755279    0.70696
0.00399527 -0.0755227   0.706955
 0.0039884 -0.0755175    0.70695
0.00398153 -0.0755123   0.706945
0.00397467 -0.0755072   0.706939
0.00396781  -0.075502   0.706934
0.00396096 -0.0754968   0.706929
0.00395411 -0.0754916   0.706924
0.00394728 -0.0754865   0.706919
0.00394044 -0.0754813   0.706914
0.00393362 -0.0754762   0.706908
0.0039268 -0.075471  0.706903
0.00391999 -0.0754659   0.706898
0.00391318 -0.0754607   0.706893
0.00390638 -0.0754556   0.706888
0.00389958 -0.0754505   0.706883
0.00389279 -0.0754453   0.706878
0.00388601 -0.0754402   0.706872
0.00387924 -0.0754351   0.706867
0.00387247   -0.07543   0.706862
 0.0038657 -0.0754249   0.706857
0.00385895 -0.0754198   0.706852
 0.0038522 -0.0754147   0.706847
0.00384545 -0.0754096   0.706842
0.00383871 -0.0754045   0.706837
0.00383198 -0.0753994   0.706832
0.00382526 -0.0753944   0.706827
0.00381854 -0.0753893   0.706821
0.00381182 -0.0753842   0.706816
0.00380512 -0.0753791   0.706811
0.00379842 -0.0753741   0.706806
0.00379172  -0.075369   0.706801
0.00378503  -0.075364   0.706796
0.00377835 -0.0753589   0.706791
0.00377168 -0.0753539   0.706786
0.00376501 -0.0753489   0.706781
0.00375834 -0.0753438   0.706776
0.00375169 -0.0753388   0.706771
0.00374504 -0.0753338   0.706766
0.00373839 -0.0753288   0.706761
0.00373175 -0.0753238   0.706756
0.00372512 -0.0753188   0.706751
 0.0037185 -0.0753137   0.706746
0.00371188 -0.0753088   0.706741
0.00370526 -0.0753038   0.706736
0.00369866 -0.0752988   0.706731
0.00369206 -0.0752938   0.706726
0.00368546 -0.0752888   0.706721
0.00367888 -0.0752838   0.706716
0.00367229 -0.0752789   0.706711
0.00366572 -0.0752739   0.706706
0.00365915 -0.0752689   0.706701
0.00365259  -0.075264   0.706696
0.00364603  -0.075259   0.706691
0.00363948 -0.0752541   0.706686
0.00363294 -0.0752492   0.706681
 0.0036264 -0.0752442   0.706676
0.00361987 -0.0752393   0.706671
0.00361334 -0.0752344   0.706667
0.00360682 -0.0752294   0.706662
0.00360031 -0.0752245   0.706657
0.00359381 -0.0752196   0.706652
0.00358731 -0.0752147   0.706647
0.00358081 -0.0752098   0.706642
0.00357433 -0.0752049   0.706637
0.00356785    -0.0752   0.706632
0.00356137 -0.0751951   0.706627
 0.0035549 -0.0751902   0.706622
0.00354844 -0.0751854   0.706618
0.00354199 -0.0751805   0.706613
0.00353554 -0.0751756   0.706608
0.00352909 -0.0751707   0.706603
0.00352266 -0.0751659   0.706598
0.00351623  -0.075161   0.706593
 0.0035098 -0.0751562   0.706588
0.00350338 -0.0751513   0.706584
0.00349697 -0.0751465   0.706579
0.00349057 -0.0751417   0.706574
0.00348417 -0.0751368   0.706569
0.00347778  -0.075132   0.706564
0.00347139 -0.0751272   0.706559
0.00346501 -0.0751224   0.706555
0.00345864 -0.0751176    0.70655
0.00345227 -0.0751127   0.706545
0.00344591 -0.0751079    0.70654
0.00343955 -0.0751031   0.706535
0.00343321 -0.0750984   0.706531
0.00342686 -0.0750936   0.706526
0.00342053 -0.0750888   0.706521
0.0034142 -0.075084  0.706516
0.00340788 -0.0750792   0.706511
0.00340156 -0.0750745   0.706507
0.00339525 -0.0750697   0.706502
0.00338895 -0.0750649   0.706497
0.00338265 -0.0750602   0.706492
0.00337636 -0.0750554   0.706488
0.00337007 -0.0750507   0.706483
0.00336379 -0.0750459   0.706478
0.00335752 -0.0750412   0.706473
0.00335125 -0.0750365   0.706469
  0.003345 -0.0750318   0.706464
0.00333874  -0.075027   0.706459
0.00333249 -0.0750223   0.706455
0.00332625 -0.0750176    0.70645
0.00332002 -0.0750129   0.706445
0.00331379 -0.0750082    0.70644
0.00330757 -0.0750035   0.706436
0.00330135 -0.0749988   0.706431
0.00329515 -0.0749941   0.706426
0.00328894 -0.0749894   0.706422
0.00328275 -0.0749848   0.706417
0.00327656 -0.0749801   0.706412
0.00327037 -0.0749754   0.706408
 0.0032642 -0.0749707   0.706403
0.00325802 -0.0749661   0.706398
0.00325186 -0.0749614   0.706394
 0.0032457 -0.0749568   0.706389
0.00323955 -0.0749521   0.706384
 0.0032334 -0.0749475    0.70638
0.00322726 -0.0749429   0.706375
0.00322113 -0.0749382    0.70637
0.00321501 -0.0749336   0.706366
0.00320888  -0.074929   0.706361
0.00320277 -0.0749244   0.706357
0.00319666 -0.0749198   0.706352
0.00319056 -0.0749152   0.706347
0.00318447 -0.0749105   0.706343
0.00317838  -0.074906   0.706338
 0.0031723 -0.0749014   0.706334
0.00316622 -0.0748968   0.706329
0.00316015 -0.0748922   0.706324
0.00315409 -0.0748876    0.70632
0.00314803  -0.074883   0.706315
0.00314198 -0.0748785   0.706311
0.00313594 -0.0748739   0.706306
 0.0031299 -0.0748693   0.706302
0.00312387 -0.0748648   0.706297
0.00311784 -0.0748602   0.706292
0.00311182 -0.0748557   0.706288
0.00310581 -0.0748512   0.706283
0.00309981 -0.0748466   0.706279
0.00309381 -0.0748421   0.706274
0.00308781 -0.0748376    0.70627
0.00308183 -0.0748331   0.706265
0.00307584 -0.0748285   0.706261
0.00306987  -0.074824   0.706256
 0.0030639 -0.0748195   0.706252
0.00305794  -0.074815   0.706247
0.00305199 -0.0748105   0.706243
0.00304604  -0.074806   0.706238
 0.0030401 -0.0748015   0.706234
0.00303416 -0.0747971   0.706229
0.00302823 -0.0747926   0.706225
0.00302231 -0.0747881    0.70622
0.00301639 -0.0747836   0.706216
0.00301048 -0.0747792   0.706211
0.00300457 -0.0747747   0.706207
0.00299868 -0.0747703   0.706202
0.00299278 -0.0747658   0.706198
 0.0029869 -0.0747614   0.706194
0.00298102 -0.0747569   0.706189
0.00297515 -0.0747525   0.706185
0.00296928 -0.0747481    0.70618
0.00296342 -0.0747437   0.706176
0.00295757 -0.0747392   0.706171
0.00295172 -0.0747348   0.706167
0.00294588 -0.0747304   0.706163
0.00294005  -0.074726   0.706158
0.00293422 -0.0747216   0.706154
 0.0029284 -0.0747172   0.706149
0.00292258 -0.0747128   0.706145
0.00291677 -0.0747084   0.706141
0.00291097 -0.0747041   0.706136
0.00290518 -0.0746997   0.706132
0.00289939 -0.0746953   0.706128
 0.0028936 -0.0746909   0.706123
0.00288783 -0.0746866   0.706119
0.00288205 -0.0746822   0.706114
0.00287629 -0.0746779    0.70611
0.00287053 -0.0746735   0.706106
0.00286478 -0.0746692   0.706101
0.00285904 -0.0746648   0.706097
 0.0028533 -0.0746605   0.706093
0.00284756 -0.0746562   0.706088
0.00284184 -0.0746519   0.706084
0.00283612 -0.0746475    0.70608
0.00283041 -0.0746432   0.706075
 0.0028247 -0.0746389   0.706071
  0.002819 -0.0746346   0.706067
 0.0028133 -0.0746303   0.706063
0.00280762  -0.074626   0.706058
0.00280193 -0.0746217   0.706054
0.00279626 -0.0746174    0.70605
0.00279059 -0.0746132   0.706045
0.00278493 -0.0746089   0.706041
0.00277927 -0.0746046   0.706037
0.00277362 -0.0746004   0.706033
0.00276798 -0.0745961   0.706028
0.00276234 -0.0745918   0.706024
0.00275671 -0.0745876    0.70602
0.00275109 -0.0745833   0.706016
0.00274547 -0.0745791   0.706011
0.00273986 -0.0745749   0.706007
0.00273425 -0.0745706   0.706003
0.00272866 -0.0745664   0.705999
0.00272306 -0.0745622   0.705994
0.00271748  -0.074558    0.70599
 0.0027119 -0.0745538   0.705986
0.00270632 -0.0745495   0.705982
0.00270076 -0.0745453   0.705978
 0.0026952 -0.0745411   0.705973
0.00268964 -0.0745369   0.705969
 0.0026841 -0.0745328   0.705965
0.00267855 -0.0745286   0.705961
0.00267302 -0.0745244   0.705957
0.00266749 -0.0745202   0.705952
0.00266197 -0.0745161   0.705948
0.00265645 -0.0745119   0.705944
0.00265094 -0.0745077    0.70594
0.00264544 -0.0745036   0.705936
0.00263994 -0.0744994   0.705932
0.00263445 -0.0744953   0.705927
0.00262897 -0.0744911   0.705923
0.00262349  -0.074487   0.705919
0.00261802 -0.0744829   0.705915
0.00261256 -0.0744787   0.705911
 0.0026071 -0.0744746   0.705907
0.00260165 -0.0744705   0.705903
 0.0025962 -0.0744664   0.705899
0.00259076 -0.0744623   0.705894
0.00258533 -0.0744582    0.70589
 0.0025799 -0.0744541   0.705886
0.00257448   -0.07445   0.705882
0.00256907 -0.0744459   0.705878
0.00256366 -0.0744418   0.705874
0.00255826 -0.0744378    0.70587
0.00255286 -0.0744337   0.705866
0.00254748 -0.0744296   0.705862
0.00254209 -0.0744255   0.705858
0.00253672 -0.0744215   0.705854
0.00253135 -0.0744174    0.70585
0.00252599 -0.0744134   0.705846
0.00252063 -0.0744093   0.705842
0.00251528 -0.0744053   0.705838
0.00250994 -0.0744013   0.705833
 0.0025046 -0.0743972   0.705829
0.00249927 -0.0743932   0.705825
0.00249394 -0.0743892   0.705821
0.00248862 -0.0743852   0.705817
0.00248331 -0.0743812   0.705813
0.00247801 -0.0743772   0.705809
0.00247271 -0.0743732   0.705805
0.00246742 -0.0743692   0.705801
0.00246213 -0.0743652   0.705797
0.00245685 -0.0743612   0.705793
0.00245158 -0.0743572   0.705789
0.00244631 -0.0743532   0.705785
0.00244105 -0.0743493   0.705781
0.00243579 -0.0743453   0.705777
0.00243054 -0.0743413   0.705774
 0.0024253 -0.0743374    0.70577
0.00242007 -0.0743334   0.705766
0.00241484 -0.0743295   0.705762
0.00240961 -0.0743255   0.705758
 0.0024044 -0.0743216   0.705754
0.00239919 -0.0743177    0.70575
0.00239398 -0.0743137   0.705746
0.00238879 -0.0743098   0.705742
 0.0023836 -0.0743059   0.705738
0.00237841  -0.074302   0.705734
0.00237323 -0.0742981    0.70573
0.00236806 -0.0742941   0.705726
 0.0023629 -0.0742902   0.705722
0.00235774 -0.0742864   0.705719
0.00235258 -0.0742825   0.705715
0.00234744 -0.0742786   0.705711
 0.0023423 -0.0742747   0.705707
0.00233716 -0.0742708   0.705703
0.00233204  -0.074267   0.705699
0.00232692 -0.0742631   0.705695
 0.0023218 -0.0742592   0.705691
0.00231669 -0.0742554   0.705688
0.00231159 -0.0742515   0.705684
 0.0023065 -0.0742477    0.70568
0.00230141 -0.0742438   0.705676
0.00229632   -0.07424   0.705672
0.00229125 -0.0742362   0.705668
0.00228618 -0.0742323   0.705665
0.00228111 -0.0742285   0.705661
0.00227606 -0.0742247   0.705657
0.00227101 -0.0742209   0.705653
0.00226596 -0.0742171   0.705649
0.00226092 -0.0742133   0.705645
0.00225589 -0.0742095   0.705642
0.00225086 -0.0742057   0.705638
0.00224585 -0.0742019   0.705634
0.00224083 -0.0741981    0.70563
0.00223583 -0.0741943   0.705627
0.00223083 -0.0741905   0.705623
0.00222583 -0.0741868   0.705619
0.00222084  -0.074183   0.705615
0.00221586 -0.0741792   0.705611
0.00221089 -0.0741755   0.705608
0.00220592 -0.0741717   0.705604
0.00220096  -0.074168     0.7056
  0.002196 -0.0741642   0.705596
0.00219105 -0.0741605   0.705593
0.00218611 -0.0741568   0.705589
0.00218117  -0.074153   0.705585
0.00217624 -0.0741493   0.705582
0.00217132 -0.0741456   0.705578
 0.0021664 -0.0741419   0.705574
0.00216149 -0.0741382    0.70557
0.00215658 -0.0741345   0.705567
0.00215169 -0.0741308   0.705563
0.00214679 -0.0741271   0.705559
0.00214191 -0.0741234   0.705556
0.00213703 -0.0741197   0.705552
0.00213215  -0.074116   0.705548
0.00212729 -0.0741124   0.705545
0.00212243 -0.0741087   0.705541
0.00211757  -0.074105   0.705537
0.00211272 -0.0741014   0.705534
0.00210788 -0.0740977    0.70553
0.00210305 -0.0740941   0.705526
0.00209822 -0.0740904   0.705523
 0.0020934 -0.0740868   0.705519
0.00208858 -0.0740831   0.705515
0.00208377 -0.0740795   0.705512
0.00207897 -0.0740759   0.705508
0.00207417 -0.0740723   0.705504
0.00206938 -0.0740686   0.705501
0.00206459  -0.074065   0.705497
0.00205982 -0.0740614   0.705494
0.00205504 -0.0740578    0.70549
0.00205028 -0.0740542   0.705486
0.00204552 -0.0740506   0.705483
0.00204077  -0.074047   0.705479
0.00203602 -0.0740435   0.705476
0.00203128 -0.0740399   0.705472
0.00202654 -0.0740363   0.705469
0.00202182 -0.0740327   0.705465
 0.0020171 -0.0740292   0.705461
0.00201238 -0.0740256   0.705458
0.00200767  -0.074022   0.705454
0.00200297 -0.0740185   0.705451
0.00199827  -0.074015   0.705447
0.00199358 -0.0740114   0.705444
 0.0019889 -0.0740079    0.70544
0.00198422 -0.0740043   0.705437
0.00197955 -0.0740008   0.705433
0.00197489 -0.0739973   0.705429
0.00197023 -0.0739938   0.705426
0.00196558 -0.0739903   0.705422
0.00196093 -0.0739868   0.705419
0.00195629 -0.0739833   0.705415
0.00195166 -0.0739798   0.705412
0.00194703 -0.0739763   0.705408
0.00194241 -0.0739728   0.705405
 0.0019378 -0.0739693   0.705401
0.00193319 -0.0739658   0.705398
0.00192859 -0.0739623   0.705395
0.00192399 -0.0739589   0.705391
0.00191941 -0.0739554   0.705388
0.00191482 -0.0739519   0.705384
0.00191025 -0.0739485   0.705381
0.00190568  -0.073945   0.705377
0.00190111 -0.0739416   0.705374
0.00189656 -0.0739382    0.70537
  0.001892 -0.0739347   0.705367
0.00188746 -0.0739313   0.705363
0.00188292 -0.0739279    0.70536
0.00187839 -0.0739244   0.705357
0.00187386  -0.073921   0.705353
0.00186934 -0.0739176    0.70535
0.00186483 -0.0739142   0.705346
0.00186032 -0.0739108   0.705343
0.00185582 -0.0739074    0.70534
0.00185133  -0.073904   0.705336
0.00184684 -0.0739006   0.705333
0.00184236 -0.0738972   0.705329
0.00183788 -0.0738939   0.705326
0.00183341 -0.0738905   0.705323
0.00182895 -0.0738871   0.705319
0.00182449 -0.0738837   0.705316
0.00182004 -0.0738804   0.705313
0.0018156 -0.073877  0.705309
0.00181116 -0.0738737   0.705306
0.00180673 -0.0738703   0.705303
0.00180231  -0.073867   0.705299
0.00179789 -0.0738637   0.705296
0.00179347 -0.0738603   0.705293
0.00178907  -0.073857   0.705289
0.00178467 -0.0738537   0.705286
0.00178027 -0.0738504   0.705283
0.00177588  -0.073847   0.705279
 0.0017715 -0.0738437   0.705276
0.00176713 -0.0738404   0.705273
0.00176276 -0.0738371   0.705269
 0.0017584 -0.0738338   0.705266
0.00175404 -0.0738306   0.705263
0.00174969 -0.0738273   0.705259
0.00174535  -0.073824   0.705256
0.00174101 -0.0738207   0.705253
0.00173668 -0.0738174    0.70525
0.00173235 -0.0738142   0.705246
0.00172803 -0.0738109   0.705243
0.00172372 -0.0738077    0.70524
0.00171941 -0.0738044   0.705237
0.00171511 -0.0738012   0.705233
0.00171082 -0.0737979    0.70523
0.00170653 -0.0737947   0.705227
0.00170225 -0.0737915   0.705224
0.00169798 -0.0737882    0.70522
0.00169371  -0.073785   0.705217
0.00168945 -0.0737818   0.705214
0.00168519 -0.0737786   0.705211
0.00168094 -0.0737754   0.705208
 0.0016767 -0.0737722   0.705204
0.00167246  -0.073769   0.705201
0.00166823 -0.0737658   0.705198
  0.001664 -0.0737626   0.705195
0.00165978 -0.0737594   0.705192
0.00165557 -0.0737562   0.705188
0.00165136  -0.073753   0.705185
0.00164716 -0.0737499   0.705182
0.00164297 -0.0737467   0.705179
0.00163878 -0.0737435   0.705176
 0.0016346 -0.0737404   0.705173
0.00163042 -0.0737372   0.705169
0.00162625 -0.0737341   0.705166
0.00162209 -0.0737309   0.705163
0.00161794 -0.0737278    0.70516
0.00161378 -0.0737247   0.705157
0.00160964 -0.0737215   0.705154
 0.0016055 -0.0737184   0.705151
0.00160137 -0.0737153   0.705147
0.00159725 -0.0737122   0.705144
0.00159313 -0.0737091   0.705141
0.00158901  -0.073706   0.705138
0.00158491 -0.0737029   0.705135
 0.0015808 -0.0736998   0.705132
0.00157671 -0.0736967   0.705129
0.00157262 -0.0736936   0.705126
0.00156854 -0.0736905   0.705123
0.00156446 -0.0736874    0.70512
0.00156039 -0.0736843   0.705117
0.00155633 -0.0736813   0.705113
0.00155227 -0.0736782    0.70511
0.00154822 -0.0736752   0.705107
0.00154418 -0.0736721   0.705104
0.00154014 -0.0736691   0.705101
0.00153611  -0.073666   0.705098
0.00153208  -0.073663   0.705095
0.00152806 -0.0736599   0.705092
0.00152404 -0.0736569   0.705089
0.00152004 -0.0736539   0.705086
0.00151604 -0.0736509   0.705083
0.00151204 -0.0736478    0.70508
0.00150805 -0.0736448   0.705077
0.00150407 -0.0736418   0.705074
0.00150009 -0.0736388   0.705071
0.00149612 -0.0736358   0.705068
0.00149216 -0.0736328   0.705065
 0.0014882 -0.0736298   0.705062
0.00148424 -0.0736269   0.705059
 0.0014803 -0.0736239   0.705056
0.00147636 -0.0736209   0.705053
0.00147242 -0.0736179    0.70505
0.0014685 -0.073615  0.705047
0.00146458  -0.073612   0.705044
0.00146066  -0.073609   0.705041
0.00145675 -0.0736061   0.705038
0.00145285 -0.0736031   0.705035
0.00144895 -0.0736002   0.705032
0.00144506 -0.0735973   0.705029
0.00144118 -0.0735943   0.705027
 0.0014373 -0.0735914   0.705024
0.00143342 -0.0735885   0.705021
0.00142956 -0.0735856   0.705018
 0.0014257 -0.0735826   0.705015
0.00142184 -0.0735797   0.705012
  0.001418 -0.0735768   0.705009
0.00141416 -0.0735739   0.705006
0.00141032  -0.073571   0.705003
0.00140649 -0.0735681      0.705
0.00140267 -0.0735653   0.704997
0.00139885 -0.0735624   0.704995
0.00139504 -0.0735595   0.704992
0.00139123 -0.0735566   0.704989
0.00138744 -0.0735538   0.704986
0.00138364 -0.0735509   0.704983
0.00137986  -0.073548    0.70498
0.00137608 -0.0735452   0.704977
 0.0013723 -0.0735423   0.704975
0.00136853 -0.0735395   0.704972
0.00136477 -0.0735366   0.704969
0.00136102 -0.0735338   0.704966
0.00135727  -0.073531   0.704963
0.00135352 -0.0735282    0.70496
0.00134979 -0.0735253   0.704958
0.00134605 -0.0735225   0.704955
0.00134233 -0.0735197   0.704952
0.00133861 -0.0735169   0.704949
 0.0013349 -0.0735141   0.704946
0.00133119 -0.0735113   0.704943
0.00132749 -0.0735085   0.704941
0.00132379 -0.0735057   0.704938
 0.0013201 -0.0735029   0.704935
0.00131642 -0.0735001   0.704932
0.00131274 -0.0734974    0.70493
0.00130907 -0.0734946   0.704927
0.00130541 -0.0734918   0.704924
0.00130175 -0.0734891   0.704921
 0.0012981 -0.0734863   0.704919
0.00129445 -0.0734836   0.704916
0.00129081 -0.0734808   0.704913
0.00128718 -0.0734781    0.70491
0.00128355 -0.0734753   0.704908
0.00127993 -0.0734726   0.704905
0.00127631 -0.0734699   0.704902
 0.0012727 -0.0734671   0.704899
 0.0012691 -0.0734644   0.704897
 0.0012655 -0.0734617   0.704894
0.00126191  -0.073459   0.704891
0.00125832 -0.0734563   0.704888
0.00125474 -0.0734536   0.704886
0.00125117 -0.0734509   0.704883
 0.0012476 -0.0734482    0.70488
0.00124404 -0.0734455   0.704878
0.00124049 -0.0734428   0.704875
0.00123694 -0.0734401   0.704872
0.00123339 -0.0734375    0.70487
0.00122986 -0.0734348   0.704867
0.00122632 -0.0734321   0.704864
 0.0012228 -0.0734295   0.704862
0.00121928 -0.0734268   0.704859
0.00121577 -0.0734241   0.704856
0.00121226 -0.0734215   0.704854
0.00120876 -0.0734189   0.704851
0.00120526 -0.0734162   0.704848
0.00120177 -0.0734136   0.704846
0.00119829  -0.073411   0.704843
0.00119481 -0.0734083   0.704841
0.00119134 -0.0734057   0.704838
0.00118788 -0.0734031   0.704835
0.00118442 -0.0734005   0.704833
0.00118097 -0.0733979    0.70483
0.00117752 -0.0733953   0.704827
0.00117408 -0.0733927   0.704825
0.00117064 -0.0733901   0.704822
0.00116721 -0.0733875    0.70482
0.00116379 -0.0733849   0.704817
0.00116037 -0.0733823   0.704815
0.00115696 -0.0733797   0.704812
0.00115356 -0.0733772   0.704809
0.00115016 -0.0733746   0.704807
0.00114677 -0.0733721   0.704804
0.00114338 -0.0733695   0.704802
   0.00114 -0.0733669   0.704799
0.00113662 -0.0733644   0.704797
0.00113325 -0.0733618   0.704794
0.00112989 -0.0733593   0.704792
0.00112653 -0.0733568   0.704789
0.00112318 -0.0733542   0.704786
0.00111984 -0.0733517   0.704784
 0.0011165 -0.0733492   0.704781
0.00111316 -0.0733467   0.704779
0.00110984 -0.0733442   0.704776
0.00110651 -0.0733417   0.704774
 0.0011032 -0.0733392   0.704771
0.00109989 -0.0733367   0.704769
0.00109658 -0.0733342   0.704766
0.00109329 -0.0733317   0.704764
0.00108999 -0.0733292   0.704761
0.00108671 -0.0733267   0.704759
0.00108343 -0.0733242   0.704756
0.00108015 -0.0733218   0.704754
0.00107689 -0.0733193   0.704751
0.00107362 -0.0733168   0.704749
0.00107037 -0.0733144   0.704747
0.00106712 -0.0733119   0.704744
0.00106387 -0.0733095   0.704742
0.00106064  -0.073307   0.704739
 0.0010574 -0.0733046   0.704737
0.00105418 -0.0733021   0.704734
0.00105095 -0.0732997   0.704732
0.00104774 -0.0732973   0.704729
0.00104453 -0.0732949   0.704727
0.00104133 -0.0732924   0.704725
0.00103813   -0.07329   0.704722
0.00103494 -0.0732876    0.70472
0.00103175 -0.0732852   0.704717
0.00102857 -0.0732828   0.704715
 0.0010254 -0.0732804   0.704713
0.00102223  -0.073278    0.70471
0.00101907 -0.0732756   0.704708
0.00101592 -0.0732733   0.704705
0.00101277 -0.0732709   0.704703
0.00100962 -0.0732685   0.704701
0.00100648 -0.0732661   0.704698
0.00100335 -0.0732638   0.704696
0.00100022 -0.0732614   0.704694
0.000997103  -0.0732591    0.704691
0.000993988  -0.0732567    0.704689
0.000990879  -0.0732544    0.704687
0.000987776   -0.073252    0.704684
0.000984678  -0.0732497    0.704682
0.000981587  -0.0732473     0.70468
0.000978501   -0.073245    0.704677
0.000975422  -0.0732427    0.704675
0.000972348  -0.0732404    0.704673
0.000969279   -0.073238     0.70467
0.000966217  -0.0732357    0.704668
0.000963161  -0.0732334    0.704666
0.00096011 -0.0732311   0.704663
0.000957065  -0.0732288    0.704661
0.000954026  -0.0732265    0.704659
0.000950993  -0.0732242    0.704656
0.000947966   -0.073222    0.704654
0.000944944  -0.0732197    0.704652
0.000941929  -0.0732174     0.70465
0.000938919  -0.0732151    0.704647
0.000935915  -0.0732129    0.704645
0.000932916  -0.0732106    0.704643
0.000929924  -0.0732083    0.704641
0.000926937  -0.0732061    0.704638
0.000923956  -0.0732038    0.704636
0.000920981  -0.0732016    0.704634
0.000918012  -0.0731993    0.704632
0.000915048  -0.0731971    0.704629
0.000912091  -0.0731949    0.704627
0.000909139  -0.0731926    0.704625
0.000906192  -0.0731904    0.704623
0.000903252  -0.0731882     0.70462
0.000900317   -0.073186    0.704618
0.000897389  -0.0731838    0.704616
0.000894465  -0.0731816    0.704614
0.000891548  -0.0731794    0.704612
0.000888636  -0.0731772    0.704609
0.000885731   -0.073175    0.704607
0.000882831  -0.0731728    0.704605
0.000879936  -0.0731706    0.704603
0.000877048  -0.0731684    0.704601
0.000874165  -0.0731662    0.704598
0.000871288  -0.0731641    0.704596
0.000868416  -0.0731619    0.704594
0.000865551  -0.0731597    0.704592
0.000862691  -0.0731576     0.70459
0.000859837  -0.0731554    0.704588
0.000856988  -0.0731533    0.704585
0.000854145  -0.0731511    0.704583
0.000851308   -0.073149    0.704581
0.000848477  -0.0731468    0.704579
0.000845652  -0.0731447    0.704577
0.000842832  -0.0731426    0.704575
0.000840018  -0.0731405    0.704573
0.000837209  -0.0731383    0.704571
0.000834406  -0.0731362    0.704568
0.000831609  -0.0731341    0.704566
0.000828818   -0.073132    0.704564
0.000826032  -0.0731299    0.704562
0.000823252  -0.0731278     0.70456
0.000820478  -0.0731257    0.704558
0.000817709  -0.0731236    0.704556
0.000814946  -0.0731215    0.704554
0.000812189  -0.0731194    0.704552
0.000809438  -0.0731174     0.70455
0.000806692  -0.0731153    0.704547
0.000803951  -0.0731132    0.704545
0.000801217  -0.0731112    0.704543
0.000798488  -0.0731091    0.704541
0.000795765   -0.073107    0.704539
0.000793047   -0.073105    0.704537
0.000790335  -0.0731029    0.704535
0.000787629  -0.0731009    0.704533
0.000784928  -0.0730989    0.704531
0.000782233  -0.0730968    0.704529
0.000779544  -0.0730948    0.704527
0.00077686 -0.0730928   0.704525
0.000774182  -0.0730907    0.704523
0.000771509  -0.0730887    0.704521
0.000768842  -0.0730867    0.704519
0.000766181  -0.0730847    0.704517
0.000763525  -0.0730827    0.704515
0.000760875  -0.0730807    0.704513
0.000758231  -0.0730787    0.704511
0.000755592  -0.0730767    0.704509
0.000752959  -0.0730747    0.704507
0.000750331  -0.0730727    0.704505
0.000747709  -0.0730708    0.704503
0.000745092  -0.0730688    0.704501
0.000742481  -0.0730668    0.704499
0.000739876  -0.0730648    0.704497
0.000737276  -0.0730629    0.704495
0.000734682  -0.0730609    0.704493
0.000732094   -0.073059    0.704491
0.000729511   -0.073057    0.704489
0.000726933  -0.0730551    0.704487
0.000724361  -0.0730531    0.704485
0.000721795  -0.0730512    0.704483
0.000719234  -0.0730493    0.704481
0.000716679  -0.0730473     0.70448
0.00071413 -0.0730454   0.704478
0.000711585  -0.0730435    0.704476
0.000709047  -0.0730416    0.704474
0.000706514  -0.0730397    0.704472
0.000703986  -0.0730377     0.70447
0.000701464  -0.0730358    0.704468
0.000698948  -0.0730339    0.704466
0.000696437   -0.073032    0.704464
0.000693932  -0.0730302    0.704462
0.000691432  -0.0730283     0.70446
0.000688938  -0.0730264    0.704459
0.000686449  -0.0730245    0.704457
0.000683965  -0.0730226    0.704455
0.000681488  -0.0730208    0.704453
0.000679015  -0.0730189    0.704451
0.000676548   -0.073017    0.704449
0.000674087  -0.0730152    0.704447
0.000671631  -0.0730133    0.704446
0.000669181  -0.0730115    0.704444
0.000666736  -0.0730096    0.704442
0.000664297  -0.0730078     0.70444
0.000661863  -0.0730059    0.704438
0.000659434  -0.0730041    0.704436
0.000657011  -0.0730023    0.704434
0.000654594  -0.0730005    0.704433
0.000652182  -0.0729986    0.704431
0.000649775  -0.0729968    0.704429
0.000647374   -0.072995    0.704427
0.000644978  -0.0729932    0.704425
0.000642588  -0.0729914    0.704424
0.000640203  -0.0729896    0.704422
0.000637824  -0.0729878     0.70442
0.00063545  -0.072986   0.704418
0.000633081  -0.0729842    0.704416
0.000630718  -0.0729824    0.704415
0.00062836 -0.0729806   0.704413
0.000626008  -0.0729789    0.704411
0.000623661  -0.0729771    0.704409
0.00062132 -0.0729753   0.704408
0.000618984  -0.0729736    0.704406
0.000616653  -0.0729718    0.704404
0.000614328  -0.0729701    0.704402
0.000612008  -0.0729683    0.704401
0.000609694  -0.0729666    0.704399
0.000607384  -0.0729648    0.704397
0.000605081  -0.0729631    0.704395
0.000602782  -0.0729613    0.704394
0.000600489  -0.0729596    0.704392
0.000598202  -0.0729579     0.70439
0.00059592 -0.0729562   0.704388
0.000593643  -0.0729544    0.704387
0.000591371  -0.0729527    0.704385
0.000589105   -0.072951    0.704383
0.000586845  -0.0729493    0.704382
0.000584589  -0.0729476     0.70438
0.000582339  -0.0729459    0.704378
0.000580094  -0.0729442    0.704376
0.000577855  -0.0729425    0.704375
0.000575621  -0.0729408    0.704373
0.000573392  -0.0729391    0.704371
0.000571169  -0.0729375     0.70437
0.00056895 -0.0729358   0.704368
0.000566738  -0.0729341    0.704366
0.00056453 -0.0729325   0.704365
0.000562328  -0.0729308    0.704363
0.000560131  -0.0729291    0.704361
0.00055794 -0.0729275    0.70436
0.000555753  -0.0729258    0.704358
0.000553572  -0.0729242    0.704356
0.000551397  -0.0729225    0.704355
0.000549226  -0.0729209    0.704353
0.000547061  -0.0729193    0.704351
0.000544901  -0.0729176     0.70435
0.000542747   -0.072916    0.704348
0.000540597  -0.0729144    0.704347
0.000538453  -0.0729128    0.704345
0.000536314  -0.0729111    0.704343
0.000534181  -0.0729095    0.704342
0.000532052  -0.0729079     0.70434
0.000529929  -0.0729063    0.704339
0.000527811  -0.0729047    0.704337
0.000525699  -0.0729031    0.704335
0.000523592  -0.0729015    0.704334
0.000521489     -0.0729    0.704332
0.000519393  -0.0728984    0.704331
0.000517301  -0.0728968    0.704329
0.000515214  -0.0728952    0.704327
0.000513133  -0.0728936    0.704326
0.000511057  -0.0728921    0.704324
0.000508986  -0.0728905    0.704323
0.000506921   -0.072889    0.704321
0.00050486 -0.0728874    0.70432
0.000502805  -0.0728858    0.704318
0.000500755  -0.0728843    0.704317
0.00049871 -0.0728828   0.704315
0.00049667 -0.0728812   0.704313
0.000494636  -0.0728797    0.704312
0.000492606  -0.0728781     0.70431
0.000490582  -0.0728766    0.704309
0.000488563  -0.0728751    0.704307
0.000486549  -0.0728736    0.704306
0.00048454 -0.0728721   0.704304
0.000482537  -0.0728705    0.704303
0.000480538   -0.072869    0.704301
0.000478545  -0.0728675      0.7043
0.000476557   -0.072866    0.704298
0.000474573  -0.0728645    0.704297
0.000472596   -0.072863    0.704295
0.000470623  -0.0728616    0.704294
0.000468655  -0.0728601    0.704292
0.000466692  -0.0728586    0.704291
0.000464735  -0.0728571    0.704289
0.000462783  -0.0728556    0.704288
0.000460835  -0.0728542    0.704286
0.000458893  -0.0728527    0.704285
0.000456956  -0.0728512    0.704283
0.000455024  -0.0728498    0.704282
0.000453097  -0.0728483    0.704281
0.000451175  -0.0728469    0.704279
0.000449258  -0.0728454    0.704278
0.000447347   -0.072844    0.704276
0.00044544 -0.0728425   0.704275
0.000443538  -0.0728411    0.704273
0.000441642  -0.0728397    0.704272
0.00043975 -0.0728382    0.70427
0.000437864  -0.0728368    0.704269
0.000435982  -0.0728354    0.704268
0.000434106   -0.072834    0.704266
0.000432234  -0.0728326    0.704265
0.000430368  -0.0728312    0.704263
0.000428507  -0.0728298    0.704262
0.00042665 -0.0728284   0.704261
0.000424799   -0.072827    0.704259
0.000422953  -0.0728256    0.704258
0.000421112  -0.0728242    0.704256
0.000419275  -0.0728228    0.704255
0.000417444  -0.0728214    0.704254
0.000415618    -0.07282    0.704252
0.000413796  -0.0728186    0.704251
0.00041198 -0.0728173   0.704249
0.000410169  -0.0728159    0.704248
0.000408362  -0.0728145    0.704247
0.000406561  -0.0728132    0.704245
0.000404764  -0.0728118    0.704244
0.000402973  -0.0728105    0.704243
0.000401186  -0.0728091    0.704241
0.000399404  -0.0728078     0.70424
0.000397628  -0.0728064    0.704239
0.000395856  -0.0728051    0.704237
0.000394089  -0.0728038    0.704236
0.000392327  -0.0728024    0.704235
0.00039057 -0.0728011   0.704233
0.000388818  -0.0727998    0.704232
0.000387071  -0.0727985    0.704231
0.000385329  -0.0727972    0.704229
0.000383591  -0.0727958    0.704228
0.000381859  -0.0727945    0.704227
0.000380131  -0.0727932    0.704225
0.000378409  -0.0727919    0.704224
0.000376691  -0.0727906    0.704223
0.000374978  -0.0727893    0.704222
0.00037327  -0.072788    0.70422
0.000371567  -0.0727868    0.704219
0.000369869  -0.0727855    0.704218
0.000368175  -0.0727842    0.704216
0.000366487  -0.0727829    0.704215
0.000364803  -0.0727817    0.704214
0.000363124  -0.0727804    0.704213
0.00036145 -0.0727791   0.704211
0.000359781  -0.0727779     0.70421
0.000358116  -0.0727766    0.704209
0.000356457  -0.0727754    0.704208
0.000354802  -0.0727741    0.704206
0.000353152  -0.0727729    0.704205
0.000351507  -0.0727716    0.704204
0.000349866  -0.0727704    0.704203
0.000348231  -0.0727691    0.704201
 0.0003466 -0.0727679     0.7042
0.000344974  -0.0727667    0.704199
0.000343353  -0.0727655    0.704198
0.000341737  -0.0727642    0.704196
0.000340125   -0.072763    0.704195
0.000338518  -0.0727618    0.704194
0.000336916  -0.0727606    0.704193
0.000335319  -0.0727594    0.704192
0.000333726  -0.0727582     0.70419
0.000332138   -0.072757    0.704189
0.000330555  -0.0727558    0.704188
0.000328977  -0.0727546    0.704187
0.000327403  -0.0727534    0.704186
0.000325834  -0.0727522    0.704184
0.00032427 -0.0727511   0.704183
0.000322711  -0.0727499    0.704182
0.000321156  -0.0727487    0.704181
0.000319606  -0.0727475     0.70418
0.000318061  -0.0727464    0.704179
0.00031652 -0.0727452   0.704177
0.000314984   -0.072744    0.704176
0.000313453  -0.0727429    0.704175
0.000311926  -0.0727417    0.704174
0.000310404  -0.0727406    0.704173
0.000308887  -0.0727394    0.704172
0.000307375  -0.0727383     0.70417
0.000305867  -0.0727372    0.704169
0.000304363   -0.072736    0.704168
0.000302865  -0.0727349    0.704167
0.000301371  -0.0727338    0.704166
0.000299881  -0.0727326    0.704165
0.000298397  -0.0727315    0.704164
0.000296917  -0.0727304    0.704163
0.000295441  -0.0727293    0.704161
0.00029397 -0.0727282    0.70416
0.000292504  -0.0727271    0.704159
0.000291043   -0.072726    0.704158
0.000289586  -0.0727249    0.704157
0.000288133  -0.0727238    0.704156
0.000286685  -0.0727227    0.704155
0.000285242  -0.0727216    0.704154
0.000283803  -0.0727205    0.704153
0.000282369  -0.0727194    0.704152
0.00028094 -0.0727183   0.704151
0.000279515  -0.0727173    0.704149
0.000278095  -0.0727162    0.704148
0.000276679  -0.0727151    0.704147
0.000275267  -0.0727141    0.704146
0.000273861   -0.072713    0.704145
0.000272458  -0.0727119    0.704144
0.000271061  -0.0727109    0.704143
0.000269668  -0.0727098    0.704142
0.000268279  -0.0727088    0.704141
0.000266895  -0.0727077     0.70414
0.000265515  -0.0727067    0.704139
0.00026414 -0.0727057   0.704138
0.00026277 -0.0727046   0.704137
0.000261403  -0.0727036    0.704136
0.000260042  -0.0727026    0.704135
0.000258685  -0.0727015    0.704134
0.000257332  -0.0727005    0.704133
0.000255984  -0.0726995    0.704132
0.00025464 -0.0726985   0.704131
0.000253301  -0.0726975     0.70413
0.000251966  -0.0726965    0.704129
0.000250635  -0.0726955    0.704128
0.00024931 -0.0726945   0.704127
0.000247988  -0.0726935    0.704126
0.000246671  -0.0726925    0.704125
0.000245358  -0.0726915    0.704124
0.00024405 -0.0726905   0.704123
0.000242746  -0.0726895    0.704122
0.000241447  -0.0726885    0.704121
0.000240152  -0.0726875     0.70412
0.000238861  -0.0726866    0.704119
0.000237575  -0.0726856    0.704118
0.000236293  -0.0726846    0.704117
0.000235016  -0.0726837    0.704116
0.000233743  -0.0726827    0.704115
0.000232474  -0.0726817    0.704114
0.00023121 -0.0726808   0.704113
0.00022995 -0.0726798   0.704112
0.000228694  -0.0726789    0.704111
0.000227443  -0.0726779     0.70411
0.000226196   -0.072677    0.704109
0.000224953  -0.0726761    0.704108
0.000223715  -0.0726751    0.704107
0.000222481  -0.0726742    0.704106
0.000221251  -0.0726733    0.704105
0.000220026  -0.0726723    0.704105
0.000218805  -0.0726714    0.704104
0.000217588  -0.0726705    0.704103
0.000216375  -0.0726696    0.704102
0.000215167  -0.0726687    0.704101
0.000213963  -0.0726678      0.7041
0.000212764  -0.0726669    0.704099
0.000211568   -0.072666    0.704098
0.000210377  -0.0726651    0.704097
0.000209191  -0.0726642    0.704096
0.000208008  -0.0726633    0.704095
0.00020683 -0.0726624   0.704095
0.000205656  -0.0726615    0.704094
0.000204486  -0.0726606    0.704093
0.00020332 -0.0726597   0.704092
0.000202159  -0.0726589    0.704091
0.000201001   -0.072658     0.70409
0.000199848  -0.0726571    0.704089
 0.0001987 -0.0726562   0.704088
0.000197555  -0.0726554    0.704088
0.000196415  -0.0726545    0.704087
0.000195279  -0.0726537    0.704086
0.000194146  -0.0726528    0.704085
0.000193019   -0.072652    0.704084
0.000191895  -0.0726511    0.704083
0.000190775  -0.0726503    0.704082
0.00018966 -0.0726494   0.704082
0.000188549  -0.0726486    0.704081
0.000187442  -0.0726477     0.70408
0.000186339  -0.0726469    0.704079
0.00018524 -0.0726461   0.704078
0.000184145  -0.0726453    0.704077
0.000183055  -0.0726444    0.704077
0.000181968  -0.0726436    0.704076
0.000180886  -0.0726428    0.704075
0.000179808   -0.072642    0.704074
0.000178734  -0.0726412    0.704073
0.000177664  -0.0726404    0.704073
0.000176598  -0.0726396    0.704072
0.000175536  -0.0726388    0.704071
0.000174478   -0.072638     0.70407
0.000173424  -0.0726372    0.704069
0.000172374  -0.0726364    0.704069
0.000171329  -0.0726356    0.704068
0.000170287  -0.0726348    0.704067
0.00016925  -0.072634   0.704066
0.000168216  -0.0726332    0.704065
0.000167186  -0.0726325    0.704065
0.000166161  -0.0726317    0.704064
0.000165139  -0.0726309    0.704063
0.000164122  -0.0726301    0.704062
0.000163108  -0.0726294    0.704062
0.000162099  -0.0726286    0.704061
0.000161094  -0.0726279     0.70406
0.000160092  -0.0726271    0.704059
0.000159094  -0.0726263    0.704059
0.000158101  -0.0726256    0.704058
0.000157111  -0.0726248    0.704057
0.000156126  -0.0726241    0.704056
0.000155144  -0.0726234    0.704056
0.000154166  -0.0726226    0.704055
0.000153192  -0.0726219    0.704054
0.000152222  -0.0726212    0.704053
0.000151256  -0.0726204    0.704053
0.000150294  -0.0726197    0.704052
0.000149336   -0.072619    0.704051
0.000148382  -0.0726183     0.70405
0.000147432  -0.0726175     0.70405
0.000146485  -0.0726168    0.704049
0.000145543  -0.0726161    0.704048
0.000144604  -0.0726154    0.704048
0.000143669  -0.0726147    0.704047
0.000142738   -0.072614    0.704046
0.000141811  -0.0726133    0.704045
0.000140888  -0.0726126    0.704045
0.000139969  -0.0726119    0.704044
0.000139053  -0.0726112    0.704043
0.000138141  -0.0726105    0.704043
0.000137234  -0.0726098    0.704042
0.000136329  -0.0726092    0.704041
0.000135429  -0.0726085    0.704041
0.000134533  -0.0726078     0.70404
0.00013364 -0.0726071   0.704039
0.000132751  -0.0726065    0.704039
0.000131866  -0.0726058    0.704038
0.000130985  -0.0726051    0.704037
0.000130108  -0.0726045    0.704037
0.000129234  -0.0726038    0.704036
0.000128364  -0.0726031    0.704035
0.000127498  -0.0726025    0.704035
0.000126635  -0.0726018    0.704034
0.000125776  -0.0726012    0.704033
0.000124921  -0.0726005    0.704033
0.00012407 -0.0725999   0.704032
0.000123223  -0.0725993    0.704031
0.000122379  -0.0725986    0.704031
0.000121539   -0.072598     0.70403
0.000120702  -0.0725974     0.70403
0.00011987 -0.0725967   0.704029
0.000119041  -0.0725961    0.704028
0.000118215  -0.0725955    0.704028
0.000117393  -0.0725949    0.704027
0.000116575  -0.0725942    0.704026
0.000115761  -0.0725936    0.704026
0.00011495  -0.072593   0.704025
0.000114143  -0.0725924    0.704025
0.00011334 -0.0725918   0.704024
0.00011254 -0.0725912   0.704023
0.000111744  -0.0725906    0.704023
0.000110951    -0.07259    0.704022
0.000110163  -0.0725894    0.704022
0.000109377  -0.0725888    0.704021
0.000108596  -0.0725882     0.70402
0.000107817  -0.0725876     0.70402
0.000107043   -0.072587    0.704019
0.000106272  -0.0725865    0.704019
0.000105505  -0.0725859    0.704018
0.000104741  -0.0725853    0.704018
0.00010398 -0.0725847   0.704017
0.000103224  -0.0725842    0.704016
0.000102471  -0.0725836    0.704016
0.000101721   -0.072583    0.704015
0.000100975  -0.0725825    0.704015
0.000100232  -0.0725819    0.704014
9.94931e-05  -0.0725813    0.704014
9.87575e-05  -0.0725808    0.704013
9.80255e-05  -0.0725802    0.704012
9.72969e-05  -0.0725797    0.704012
9.65718e-05  -0.0725791    0.704011
9.58502e-05  -0.0725786    0.704011
9.51321e-05   -0.072578     0.70401
9.44174e-05  -0.0725775     0.70401
9.37062e-05   -0.072577    0.704009
9.29985e-05  -0.0725764    0.704009
9.22942e-05  -0.0725759    0.704008
9.15933e-05  -0.0725754    0.704008
9.08959e-05  -0.0725749    0.704007
9.02019e-05  -0.0725743    0.704007
8.95113e-05  -0.0725738    0.704006
8.88241e-05  -0.0725733    0.704005
8.81403e-05  -0.0725728    0.704005
8.74599e-05  -0.0725723    0.704004
8.67829e-05  -0.0725717    0.704004
8.61093e-05  -0.0725712    0.704003
8.54391e-05  -0.0725707    0.704003
8.47722e-05  -0.0725702    0.704002
8.41087e-05  -0.0725697    0.704002
8.34485e-05  -0.0725692    0.704001
8.27917e-05  -0.0725687    0.704001
8.21382e-05  -0.0725682       0.704
8.14881e-05  -0.0725677       0.704
8.08412e-05  -0.0725673    0.703999
8.01977e-05  -0.0725668    0.703999
7.95575e-05  -0.0725663    0.703998
7.89206e-05  -0.0725658    0.703998
7.8287e-05 -0.0725653   0.703998
7.76567e-05  -0.0725649    0.703997
7.70296e-05  -0.0725644    0.703997
7.64059e-05  -0.0725639    0.703996
7.57853e-05  -0.0725634    0.703996
7.51681e-05   -0.072563    0.703995
7.45541e-05  -0.0725625    0.703995
7.39433e-05  -0.0725621    0.703994
7.33358e-05  -0.0725616    0.703994
7.27315e-05  -0.0725611    0.703993
7.21305e-05  -0.0725607    0.703993
7.15326e-05  -0.0725602    0.703992
7.09379e-05  -0.0725598    0.703992
7.03465e-05  -0.0725593    0.703992
6.97582e-05  -0.0725589    0.703991
6.91732e-05  -0.0725585    0.703991
6.85913e-05   -0.072558     0.70399
6.80125e-05  -0.0725576     0.70399
6.74369e-05  -0.0725571    0.703989
6.68645e-05  -0.0725567    0.703989
6.62953e-05  -0.0725563    0.703988
6.57291e-05  -0.0725559    0.703988
6.51661e-05  -0.0725554    0.703988
6.46062e-05   -0.072555    0.703987
6.40495e-05  -0.0725546    0.703987
6.34958e-05  -0.0725542    0.703986
6.29453e-05  -0.0725537    0.703986
6.23978e-05  -0.0725533    0.703986
6.18534e-05  -0.0725529    0.703985
6.13121e-05  -0.0725525    0.703985
6.07739e-05  -0.0725521    0.703984
6.02388e-05  -0.0725517    0.703984
5.97067e-05  -0.0725513    0.703984
5.91776e-05  -0.0725509    0.703983
5.86516e-05  -0.0725505    0.703983
5.81286e-05  -0.0725501    0.703982
5.76086e-05  -0.0725497    0.703982
5.70917e-05  -0.0725493    0.703982
5.65778e-05  -0.0725489    0.703981
5.60668e-05  -0.0725486    0.703981
5.55589e-05  -0.0725482     0.70398
5.5054e-05 -0.0725478    0.70398
5.4552e-05 -0.0725474    0.70398
5.4053e-05  -0.072547   0.703979
5.3557e-05 -0.0725467   0.703979
5.30639e-05  -0.0725463    0.703978
5.25738e-05  -0.0725459    0.703978
5.20866e-05  -0.0725455    0.703978
5.16023e-05  -0.0725452    0.703977
5.1121e-05 -0.0725448   0.703977
5.06426e-05  -0.0725445    0.703977
5.01671e-05  -0.0725441    0.703976
4.96945e-05  -0.0725437    0.703976
4.92248e-05  -0.0725434    0.703976
4.8758e-05  -0.072543   0.703975
4.8294e-05 -0.0725427   0.703975
4.78329e-05  -0.0725423    0.703975
4.73747e-05   -0.072542    0.703974
4.69194e-05  -0.0725416    0.703974
4.64669e-05  -0.0725413    0.703974
4.60172e-05   -0.072541    0.703973
4.55704e-05  -0.0725406    0.703973
4.51264e-05  -0.0725403    0.703972
4.46852e-05    -0.07254    0.703972
4.42468e-05  -0.0725396    0.703972
4.38112e-05  -0.0725393    0.703972
4.33784e-05   -0.072539    0.703971
4.29484e-05  -0.0725387    0.703971
4.25211e-05  -0.0725383    0.703971
4.20966e-05   -0.072538     0.70397
4.16749e-05  -0.0725377     0.70397
4.1256e-05 -0.0725374    0.70397
4.08397e-05  -0.0725371    0.703969
4.04263e-05  -0.0725367    0.703969
4.00155e-05  -0.0725364    0.703969
3.96075e-05  -0.0725361    0.703968
3.92021e-05  -0.0725358    0.703968
3.87995e-05  -0.0725355    0.703968
3.83996e-05  -0.0725352    0.703967
3.80024e-05  -0.0725349    0.703967
3.76078e-05  -0.0725346    0.703967
3.72159e-05  -0.0725343    0.703967
3.68267e-05   -0.072534    0.703966
3.64401e-05  -0.0725337    0.703966
3.60562e-05  -0.0725334    0.703966
3.56749e-05  -0.0725332    0.703965
3.52963e-05  -0.0725329    0.703965
3.49202e-05  -0.0725326    0.703965
3.45468e-05  -0.0725323    0.703965
3.4176e-05  -0.072532   0.703964
3.38078e-05  -0.0725317    0.703964
3.34422e-05  -0.0725315    0.703964
3.30791e-05  -0.0725312    0.703963
3.27187e-05  -0.0725309    0.703963
3.23608e-05  -0.0725307    0.703963
3.20054e-05  -0.0725304    0.703963
3.16526e-05  -0.0725301    0.703962
3.13024e-05  -0.0725299    0.703962
3.09546e-05  -0.0725296    0.703962
3.06094e-05  -0.0725293    0.703962
3.02667e-05  -0.0725291    0.703961
2.99266e-05  -0.0725288    0.703961
2.95889e-05  -0.0725286    0.703961
2.92537e-05  -0.0725283    0.703961
2.8921e-05 -0.0725281    0.70396
2.85908e-05  -0.0725278     0.70396
2.8263e-05 -0.0725276    0.70396
2.79377e-05  -0.0725273     0.70396
2.76148e-05  -0.0725271    0.703959
2.72944e-05  -0.0725268    0.703959
2.69764e-05  -0.0725266    0.703959
2.66609e-05  -0.0725264    0.703959
2.63477e-05  -0.0725261    0.703958
2.6037e-05 -0.0725259   0.703958
2.57287e-05  -0.0725256    0.703958
2.54227e-05  -0.0725254    0.703958
2.51191e-05  -0.0725252    0.703957
2.4818e-05  -0.072525   0.703957
2.45191e-05  -0.0725247    0.703957
2.42227e-05  -0.0725245    0.703957
2.39285e-05  -0.0725243    0.703956
2.36367e-05  -0.0725241    0.703956
2.33473e-05  -0.0725239    0.703956
2.30602e-05  -0.0725236    0.703956
2.27753e-05  -0.0725234    0.703956
2.24928e-05  -0.0725232    0.703955
2.22126e-05   -0.072523    0.703955
2.19347e-05  -0.0725228    0.703955
2.1659e-05 -0.0725226   0.703955
2.13857e-05  -0.0725224    0.703955
2.11146e-05  -0.0725222    0.703954
2.08457e-05   -0.072522    0.703954
2.05791e-05  -0.0725218    0.703954
2.03147e-05  -0.0725216    0.703954
2.00526e-05  -0.0725214    0.703954
1.97926e-05  -0.0725212    0.703953
1.95349e-05   -0.072521    0.703953
1.92794e-05  -0.0725208    0.703953
1.90261e-05  -0.0725206    0.703953
1.8775e-05 -0.0725204   0.703953
1.8526e-05 -0.0725202   0.703952
1.82792e-05    -0.07252    0.703952
1.80346e-05  -0.0725198    0.703952
1.77921e-05  -0.0725197    0.703952
1.75517e-05  -0.0725195    0.703952
1.73135e-05  -0.0725193    0.703951
1.70775e-05  -0.0725191    0.703951
1.68435e-05  -0.0725189    0.703951
1.66116e-05  -0.0725188    0.703951
1.63819e-05  -0.0725186    0.703951
1.61542e-05  -0.0725184    0.703951
1.59286e-05  -0.0725182     0.70395
1.57051e-05  -0.0725181     0.70395
1.54836e-05  -0.0725179     0.70395
1.52642e-05  -0.0725177     0.70395
1.50468e-05  -0.0725176     0.70395
1.48315e-05  -0.0725174     0.70395
1.46182e-05  -0.0725173    0.703949
1.44069e-05  -0.0725171    0.703949
1.41976e-05  -0.0725169    0.703949
1.39904e-05  -0.0725168    0.703949
1.37851e-05  -0.0725166    0.703949
1.35818e-05  -0.0725165    0.703949
1.33805e-05  -0.0725163    0.703949
1.31811e-05  -0.0725162    0.703948
1.29837e-05   -0.072516    0.703948
1.27883e-05  -0.0725159    0.703948
1.25947e-05  -0.0725157    0.703948
1.24031e-05  -0.0725156    0.703948
1.22135e-05  -0.0725154    0.703948
1.20257e-05  -0.0725153    0.703948
1.18399e-05  -0.0725152    0.703947
1.16559e-05   -0.072515    0.703947
1.14738e-05  -0.0725149    0.703947
1.12936e-05  -0.0725148    0.703947
1.11153e-05  -0.0725146    0.703947
1.09388e-05  -0.0725145    0.703947
1.07642e-05  -0.0725144    0.703947
1.05914e-05  -0.0725142    0.703946
1.04204e-05  -0.0725141    0.703946
1.02513e-05   -0.072514    0.703946
1.00839e-05  -0.0725138    0.703946
9.9184e-06 -0.0725137   0.703946
9.75467e-06  -0.0725136    0.703946
9.59271e-06  -0.0725135    0.703946
9.43253e-06  -0.0725133    0.703946
9.27412e-06  -0.0725132    0.703945
9.11747e-06  -0.0725131    0.703945
8.96256e-06   -0.072513    0.703945
8.80939e-06  -0.0725129    0.703945
8.65795e-06  -0.0725128    0.703945
8.50823e-06  -0.0725126    0.703945
8.36022e-06  -0.0725125    0.703945
8.21391e-06  -0.0725124    0.703945
8.06929e-06  -0.0725123    0.703945
7.92636e-06  -0.0725122    0.703944
7.7851e-06 -0.0725121   0.703944
7.6455e-06  -0.072512   0.703944
7.50756e-06  -0.0725119    0.703944
7.37127e-06  -0.0725118    0.703944
7.23661e-06  -0.0725117    0.703944
7.10358e-06  -0.0725116    0.703944
6.97217e-06  -0.0725115    0.703944
6.84236e-06  -0.0725114    0.703944
6.71416e-06  -0.0725113    0.703943
6.58754e-06  -0.0725112    0.703943
6.46251e-06  -0.0725111    0.703943
6.33904e-06   -0.072511    0.703943
6.21714e-06  -0.0725109    0.703943
6.09679e-06  -0.0725108    0.703943
5.97798e-06  -0.0725107    0.703943
5.86071e-06  -0.0725106    0.703943
5.74496e-06  -0.0725106    0.703943
5.63073e-06  -0.0725105    0.703943
 5.518e-06 -0.0725104   0.703943
5.40676e-06  -0.0725103    0.703943
5.29702e-06  -0.0725102    0.703942
5.18874e-06  -0.0725101    0.703942
5.08194e-06  -0.0725101    0.703942
4.9766e-06   -0.07251   0.703942
4.8727e-06 -0.0725099   0.703942
4.77024e-06  -0.0725098    0.703942
4.66921e-06  -0.0725097    0.703942
4.5696e-06 -0.0725097   0.703942
4.4714e-06 -0.0725096   0.703942
4.3746e-06 -0.0725095   0.703942
4.27919e-06  -0.0725095    0.703942
4.18517e-06  -0.0725094    0.703942
4.09251e-06  -0.0725093    0.703942
4.00122e-06  -0.0725092    0.703941
3.91128e-06  -0.0725092    0.703941
3.82268e-06  -0.0725091    0.703941
3.73541e-06   -0.072509    0.703941
3.64947e-06   -0.072509    0.703941
3.56485e-06  -0.0725089    0.703941
3.48153e-06  -0.0725089    0.703941
3.3995e-06 -0.0725088   0.703941
3.31875e-06  -0.0725087    0.703941
3.23929e-06  -0.0725087    0.703941
3.16109e-06  -0.0725086    0.703941
3.08414e-06  -0.0725086    0.703941
3.00844e-06  -0.0725085    0.703941
2.93398e-06  -0.0725084    0.703941
2.86074e-06  -0.0725084    0.703941
2.78872e-06  -0.0725083    0.703941
2.7179e-06 -0.0725083    0.70394
2.64829e-06  -0.0725082     0.70394
2.57986e-06  -0.0725082     0.70394
2.51261e-06  -0.0725081     0.70394
2.44653e-06  -0.0725081     0.70394
2.3816e-06  -0.072508    0.70394
2.31782e-06   -0.072508     0.70394
2.25518e-06  -0.0725079     0.70394
2.19367e-06  -0.0725079     0.70394
2.13328e-06  -0.0725078     0.70394
 2.074e-06 -0.0725078    0.70394
2.01581e-06  -0.0725077     0.70394
1.95872e-06  -0.0725077     0.70394
1.9027e-06 -0.0725077    0.70394
1.84775e-06  -0.0725076     0.70394
1.79387e-06  -0.0725076     0.70394
1.74103e-06  -0.0725075     0.70394
1.68923e-06  -0.0725075     0.70394
1.63846e-06  -0.0725075     0.70394
1.5887e-06 -0.0725074    0.70394
1.53996e-06  -0.0725074     0.70394
1.49222e-06  -0.0725074     0.70394
1.44546e-06  -0.0725073     0.70394
1.39969e-06  -0.0725073    0.703939
1.35488e-06  -0.0725072    0.703939
1.31104e-06  -0.0725072    0.703939
1.26814e-06  -0.0725072    0.703939
1.22618e-06  -0.0725071    0.703939
1.18515e-06  -0.0725071    0.703939
1.14504e-06  -0.0725071    0.703939
1.10584e-06  -0.0725071    0.703939
1.06754e-06   -0.072507    0.703939
1.03012e-06   -0.072507    0.703939
9.93589e-07   -0.072507    0.703939
9.57921e-07  -0.0725069    0.703939
9.23112e-07  -0.0725069    0.703939
8.8915e-07 -0.0725069   0.703939
8.56027e-07  -0.0725069    0.703939
8.23731e-07  -0.0725068    0.703939
7.92252e-07  -0.0725068    0.703939
7.61581e-07  -0.0725068    0.703939
7.31706e-07  -0.0725068    0.703939
7.02619e-07  -0.0725068    0.703939
6.74308e-07  -0.0725067    0.703939
6.46763e-07  -0.0725067    0.703939
6.19975e-07  -0.0725067    0.703939
5.93932e-07  -0.0725067    0.703939
5.68624e-07  -0.0725067    0.703939
5.44042e-07  -0.0725066    0.703939
5.20175e-07  -0.0725066    0.703939
4.97012e-07  -0.0725066    0.703939
4.74544e-07  -0.0725066    0.703939
4.52759e-07  -0.0725066    0.703939
4.31648e-07  -0.0725065    0.703939
4.11201e-07  -0.0725065    0.703939
3.91406e-07  -0.0725065    0.703939
3.72254e-07  -0.0725065    0.703939
3.53734e-07  -0.0725065    0.703939
3.35835e-07  -0.0725065    0.703939
3.18548e-07  -0.0725065    0.703939
3.01862e-07  -0.0725065    0.703939
2.85766e-07  -0.0725064    0.703939
2.7025e-07 -0.0725064   0.703939
2.55304e-07  -0.0725064    0.703939
2.40917e-07  -0.0725064    0.703939
2.27079e-07  -0.0725064    0.703939
2.13778e-07  -0.0725064    0.703939
2.01006e-07  -0.0725064    0.703939
1.8875e-07 -0.0725064   0.703939
1.77001e-07  -0.0725064    0.703939
1.65749e-07  -0.0725063    0.703939
1.54981e-07  -0.0725063    0.703939
1.44689e-07  -0.0725063    0.703939
1.34861e-07  -0.0725063    0.703939
1.25487e-07  -0.0725063    0.703939
1.16557e-07  -0.0725063    0.703939
1.08059e-07  -0.0725063    0.703939
9.99832e-08  -0.0725063    0.703939
9.23188e-08  -0.0725063    0.703938
8.50554e-08  -0.0725063    0.703938
7.81821e-08  -0.0725063    0.703938
7.16884e-08  -0.0725063    0.703938
6.55636e-08  -0.0725063    0.703938
5.97971e-08  -0.0725063    0.703938
5.43781e-08  -0.0725063    0.703938
4.9296e-08 -0.0725063   0.703938
4.45401e-08  -0.0725063    0.703938
4.00996e-08  -0.0725063    0.703938
3.59639e-08  -0.0725063    0.703938
3.21221e-08  -0.0725062    0.703938
2.85636e-08  -0.0725062    0.703938
2.52776e-08  -0.0725062    0.703938
2.22533e-08  -0.0725062    0.703938
1.94799e-08  -0.0725062    0.703938
1.69467e-08  -0.0725062    0.703938
1.46429e-08  -0.0725062    0.703938
1.25576e-08  -0.0725062    0.703938
 1.068e-08 -0.0725062   0.703938
8.99933e-09  -0.0725062    0.703938
7.50468e-09  -0.0725062    0.703938
6.18522e-09  -0.0725062    0.703938
5.03007e-09  -0.0725062    0.703938
4.02836e-09  -0.0725062    0.703938
3.16921e-09  -0.0725062    0.703938
2.44171e-09  -0.0725062    0.703938
1.83495e-09  -0.0725062    0.703938
1.33801e-09  -0.0725062    0.703938
9.39966e-10  -0.0725062    0.703938
6.29861e-10  -0.0725062    0.703938
3.96746e-10  -0.0725062    0.703938
2.29656e-10  -0.0725062    0.703938
1.17613e-10  -0.0725062    0.703938
4.96305e-11  -0.0725062    0.703938
1.4709e-11 -0.0725062   0.703938
1.83911e-12  -0.0725062    0.703938
-2.77556e-17   -0.0725062     0.703938
         0 -0.0725062   0.703938
         0 -0.0725062   0.703938
         0 -0.0725062   0.703938
         0 -0.0725062   0.703938
         0 -0.0725062   0.703938
         0 -0.0725062   0.703938
         0 -0.0725062   0.703938
         0 -0.0725062   0.703938
         0 -0.0725062   0.703938
         0 -0.0725062   0.703938
         0 -0.0725062   0.703938
         0 -0.0725062   0.703938
         0 -0.0725062   0.703938
         0 -0.0725062   0.703938
         0 -0.0725062   0.703938
         0 -0.0725062   0.703938
         0 -0.0725062   0.703938
         0 -0.0725062   0.703938
         0 -0.0725062   0.703938
         0 -0.0725062   0.703938
         0 -0.0725062   0.703938
         0 -0.0725062   0.703938
         0 -0.0725062   0.703938
         0 -0.0725062   0.703938
         0 -0.0725062   0.703938
         0 -0.0725062   0.703938
         0 -0.0725062   0.703938
         0 -0.0725062   0.703938
         0 -0.0725062   0.703938
         0 -0.0725062   0.703938
         0 -0.0725062   0.703938
         0 -0.0725062   0.703938
         0 -0.0725062   0.703938
         0 -0.0725062   0.703938
         0 -0.0725062   0.703938
         0 -0.0725062   0.703938
         0 -0.0725062   0.703938
         0 -0.0725062   0.703938
         0 -0.0725062   0.703938
         0 -0.0725062   0.703938
         0 -0.0725062   0.703938
         0 -0.0725062   0.703938
         0 -0.0725062   0.703938
         0 -0.0725062   0.703938
         0 -0.0725062   0.703938
         0 -0.0725062   0.703938
         0 -0.0725062   0.703938
         0 -0.0725062   0.703938
         0 -0.0725062   0.703938
         0 -0.0725062   0.703938
         0 -0.0725062   0.703938
         0 -0.0725062   0.703938
         0 -0.0725062   0.703938
         0 -0.0725062   0.703938
         0 -0.0725062   0.703938
         0 -0.0725062   0.703938
         0 -0.0725062   0.703938
         0 -0.0725062   0.703938
         0 -0.0725062   0.703938
         0 -0.0725062   0.703938
         0 -0.0725062   0.703938
         0 -0.0725062   0.703938
         0 -0.0725062   0.703938
         0 -0.0725062   0.703938
         0 -0.0725062   0.703938
         0 -0.0725062   0.703938
         0 -0.0725062   0.703938
         0 -0.0725062   0.703938
         0 -0.0725062   0.703938
         0 -0.0725062   0.703938
         0 -0.0725062   0.703938
         0 -0.0725062   0.703938
         0 -0.0725062   0.703938
         0 -0.0725062   0.703938
         0 -0.0725062   0.703938
         0 -0.0725062   0.703938
         0 -0.0725062   0.703938
         0 -0.0725062   0.703938
         0 -0.0725062   0.703938
         0 -0.0725062   0.703938
         0 -0.0725062   0.703938
         0 -0.0725062   0.703938
         0 -0.0725062   0.703938
         0 -0.0725062   0.703938
         0 -0.0725062   0.703938
         0 -0.0725062   0.703938
         0 -0.0725062   0.703938
         0 -0.0725062   0.703938
         0 -0.0725062   0.703938
         0 -0.0725062   0.703938
         0 -0.0725062   0.703938
         0 -0.0725062   0.703938
         0 -0.0725062   0.703938
         0 -0.0725062   0.703938
         0 -0.0725062   0.703938
         0 -0.0725062   0.703938
         0 -0.0725062   0.703938
         0 -0.0725062   0.703938
         0 -0.0725062   0.703938
         0 -0.0725062   0.703938
         0 -0.0725062   0.703938
         0 -0.0725062   0.703938
         0 -0.0725062   0.703938
         0 -0.0725062   0.703938
         0 -0.0725062   0.703938
         0 -0.0725062   0.703938
         0 -0.0725062   0.703938
         0 -0.0725062   0.703938
         0 -0.0725062   0.703938
         0 -0.0725062   0.703938
         0 -0.0725062   0.703938
         0 -0.0725062   0.703938
         0 -0.0725062   0.703938
         0 -0.0725062   0.703938
         0 -0.0725062   0.703938
         0 -0.0725062   0.703938
         0 -0.0725062   0.703938
         0 -0.0725062   0.703938
         0 -0.0725062   0.703938
         0 -0.0725062   0.703938
         0 -0.0725062   0.703938
         0 -0.0725062   0.703938
         0 -0.0725062   0.703938
         0 -0.0725062   0.703938
         0 -0.0725062   0.703938
         0 -0.0725062   0.703938
         0 -0.0725062   0.703938
         0 -0.0725062   0.703938
         0 -0.0725062   0.703938
         0 -0.0725062   0.703938
         0 -0.0725062   0.703938
         0 -0.0725062   0.703938
         0 -0.0725062   0.703938
         0 -0.0725062   0.703938
         0 -0.0725062   0.703938
         0 -0.0725062   0.703938
         0 -0.0725062   0.703938
         0 -0.0725062   0.703938
         0 -0.0725062   0.703938
         0 -0.0725062   0.703938
         0 -0.0725062   0.703938
         0 -0.0725062   0.703938
         0 -0.0725062   0.703938
         0 -0.0725062   0.703938
         0 -0.0725062   0.703938
         0 -0.0725062   0.703938
         0 -0.0725062   0.703938
         0 -0.0725062   0.703938
         0 -0.0725062   0.703938
         0 -0.0725062   0.703938
         0 -0.0725062   0.703938
         0 -0.0725062   0.703938
         0 -0.0725062   0.703938
         0 -0.0725062   0.703938
         0 -0.0725062   0.703938
         0 -0.0725062   0.703938
         0 -0.0725062   0.703938
         0 -0.0725062   0.703938
         0 -0.0725062   0.703938
         0 -0.0725062   0.703938
         0 -0.0725062   0.703938
         0 -0.0725062   0.703938
         0 -0.0725062   0.703938
         0 -0.0725062   0.703938
         0 -0.0725062   0.703938
         0 -0.0725062   0.703938
         0 -0.0725062   0.703938
         0 -0.0725062   0.703938
         0 -0.0725062   0.703938
         0 -0.0725062   0.703938
         0 -0.0725062   0.703938
         0 -0.0725062   0.703938
         0 -0.0725062   0.703938
         0 -0.0725062   0.703938
         0 -0.0725062   0.703938
         0 -0.0725062   0.703938
         0 -0.0725062   0.703938
         0 -0.0725062   0.703938
         0 -0.0725062   0.703938
         0 -0.0725062   0.703938
         0 -0.0725062   0.703938
         0 -0.0725062   0.703938
         0 -0.0725062   0.703938
         0 -0.0725062   0.703938
         0 -0.0725062   0.703938
         0 -0.0725062   0.703938
         0 -0.0725062   0.703938
         0 -0.0725062   0.703938
         0 -0.0725062   0.703938
         0 -0.0725062   0.703938
         0 -0.0725062   0.703938
         0 -0.0725062   0.703938
         0 -0.0725062   0.703938
         0 -0.0725062   0.703938
         0 -0.0725062   0.703938
         0 -0.0725062   0.703938
         0 -0.0725062   0.703938
         0 -0.0725062   0.703938
         0 -0.0725062   0.703938
         0 -0.0725062   0.703938
         0 -0.0725062   0.703938
         0 -0.0725062   0.703938
         0 -0.0725062   0.703938
         0 -0.0725062   0.703938
         0 -0.0725062   0.703938
         0 -0.0725062   0.703938
         0 -0.0725062   0.703938
         0 -0.0725062   0.703938
         0 -0.0725062   0.703938
         0 -0.0725062   0.703938
         0 -0.0725062   0.703938
         0 -0.0725062   0.703938
         0 -0.0725062   0.703938
         0 -0.0725062   0.703938
         0 -0.0725062   0.703938
         0 -0.0725062   0.703938
         0 -0.0725062   0.703938
         0 -0.0725062   0.703938
         0 -0.0725062   0.703938
         0 -0.0725062   0.703938
         0 -0.0725062   0.703938
         0 -0.0725062   0.703938
         0 -0.0725062   0.703938
         0 -0.0725062   0.703938
         0 -0.0725062   0.703938
         0 -0.0725062   0.703938
         0 -0.0725062   0.703938
         0 -0.0725062   0.703938
         0 -0.0725062   0.703938
         0 -0.0725062   0.703938
         0 -0.0725062   0.703938
         0 -0.0725062   0.703938
         0 -0.0725062   0.703938
         0 -0.0725062   0.703938
         0 -0.0725062   0.703938
         0 -0.0725062   0.703938
         0 -0.0725062   0.703938
         0 -0.0725062   0.703938
         0 -0.0725062   0.703938
         0 -0.0725062   0.703938
         0 -0.0725062   0.703938
         0 -0.0725062   0.703938
         0 -0.0725062   0.703938
         0 -0.0725062   0.703938
         0 -0.0725062   0.703938
         0 -0.0725062   0.703938
         0 -0.0725062   0.703938
         0 -0.0725062   0.703938
         0 -0.0725062   0.703938
         0 -0.0725062   0.703938
         0 -0.0725062   0.703938
         0 -0.0725062   0.703938
         0 -0.0725062   0.703938
         0 -0.0725062   0.703938
         0 -0.0725062   0.703938
         0 -0.0725062   0.703938
         0 -0.0725062   0.703938
         0 -0.0725062   0.703938
         0 -0.0725062   0.703938
         0 -0.0725062   0.703938
         0 -0.0725062   0.703938
         0 -0.0725062   0.703938
         0 -0.0725062   0.703938
         0 -0.0725062   0.703938
         0 -0.0725062   0.703938
         0 -0.0725062   0.703938
         0 -0.0725062   0.703938
         0 -0.0725062   0.703938
         0 -0.0725062   0.703938
         0 -0.0725062   0.703938
         0 -0.0725062   0.703938
         0 -0.0725062   0.703938
         0 -0.0725062   0.703938
         0 -0.0725062   0.703938
         0 -0.0725062   0.703938
         0 -0.0725062   0.703938
         0 -0.0725062   0.703938
         0 -0.0725062   0.703938
         0 -0.0725062   0.703938
         0 -0.0725062   0.703938
         0 -0.0725062   0.703938
         0 -0.0725062   0.703938
         0 -0.0725062   0.703938
         0 -0.0725062   0.703938
         0 -0.0725062   0.703938
         0 -0.0725062   0.703938
         0 -0.0725062   0.703938
         0 -0.0725062   0.703938
         0 -0.0725062   0.703938
         0 -0.0725062   0.703938
         0 -0.0725062   0.703938
         0 -0.0725062   0.703938
         0 -0.0725062   0.703938
         0 -0.0725062   0.703938
         0 -0.0725062   0.703938
         0 -0.0725062   0.703938
         0 -0.0725062   0.703938
         0 -0.0725062   0.703938
         0 -0.0725062   0.703938
         0 -0.0725062   0.703938
         0 -0.0725062   0.703938
         0 -0.0725062   0.703938
         0 -0.0725062   0.703938
         0 -0.0725062   0.703938
         0 -0.0725062   0.703938
         0 -0.0725062   0.703938
         0 -0.0725062   0.703938
         0 -0.0725062   0.703938
         0 -0.0725062   0.703938
         0 -0.0725062   0.703938
         0 -0.0725062   0.703938
         0 -0.0725062   0.703938
         0 -0.0725062   0.703938
         0 -0.0725062   0.703938
         0 -0.0725062   0.703938
         0 -0.0725062   0.703938
         0 -0.0725062   0.703938
         0 -0.0725062   0.703938
         0 -0.0725062   0.703938
         0 -0.0725062   0.703938
         0 -0.0725062   0.703938
         0 -0.0725062   0.703938
         0 -0.0725062   0.703938
         0 -0.0725062   0.703938
         0 -0.0725062   0.703938
         0 -0.0725062   0.703938
         0 -0.0725062   0.703938
         0 -0.0725062   0.703938
         0 -0.0725062   0.703938
         0 -0.0725062   0.703938
         0 -0.0725062   0.703938
         0 -0.0725062   0.703938
         0 -0.0725062   0.703938
         0 -0.0725062   0.703938
         0 -0.0725062   0.703938
         0 -0.0725062   0.703938
         0 -0.0725062   0.703938
         0 -0.0725062   0.703938
         0 -0.0725062   0.703938
         0 -0.0725062   0.703938
         0 -0.0725062   0.703938
         0 -0.0725062   0.703938
         0 -0.0725062   0.703938
         0 -0.0725062   0.703938
         0 -0.0725062   0.703938
         0 -0.0725062   0.703938
         0 -0.0725062   0.703938
         0 -0.0725062   0.703938
         0 -0.0725062   0.703938
         0 -0.0725062   0.703938
         0 -0.0725062   0.703938
         0 -0.0725062   0.703938
         0 -0.0725062   0.703938
         0 -0.0725062   0.703938
         0 -0.0725062   0.703938
         0 -0.0725062   0.703938
         0 -0.0725062   0.703938
         0 -0.0725062   0.703938
         0 -0.0725062   0.703938
         0 -0.0725062   0.703938
         0 -0.0725062   0.703938
         0 -0.0725062   0.703938
         0 -0.0725062   0.703938
         0 -0.0725062   0.703938
         0 -0.0725062   0.703938
         0 -0.0725062   0.703938
         0 -0.0725062   0.703938
         0 -0.0725062   0.703938
         0 -0.0725062   0.703938
         0 -0.0725062   0.703938
         0 -0.0725062   0.703938
         0 -0.0725062   0.703938
         0 -0.0725062   0.703938
         0 -0.0725062   0.703938
         0 -0.0725062   0.703938
         0 -0.0725062   0.703938
         0 -0.0725062   0.703938
         0 -0.0725062   0.703938
         0 -0.0725062   0.703938
         0 -0.0725062   0.703938
         0 -0.0725062   0.703938
         0 -0.0725062   0.703938
         0 -0.0725062   0.703938
         0 -0.0725062   0.703938
         0 -0.0725062   0.703938
         0 -0.0725062   0.703938
         0 -0.0725062   0.703938
         0 -0.0725062   0.703938
         0 -0.0725062   0.703938
         0 -0.0725062   0.703938
         0 -0.0725062   0.703938
         0 -0.0725062   0.703938
         0 -0.0725062   0.703938
         0 -0.0725062   0.703938
         0 -0.0725062   0.703938
         0 -0.0725062   0.703938
         0 -0.0725062   0.703938
         0 -0.0725062   0.703938
         0 -0.0725062   0.703938
         0 -0.0725062   0.703938
         0 -0.0725062   0.703938
         0 -0.0725062   0.703938
         0 -0.0725062   0.703938
         0 -0.0725062   0.703938
         0 -0.0725062   0.703938
         0 -0.0725062   0.703938
         0 -0.0725062   0.703938
         0 -0.0725062   0.703938
         0 -0.0725062   0.703938
         0 -0.0725062   0.703938
         0 -0.0725062   0.703938
         0 -0.0725062   0.703938
         0 -0.0725062   0.703938
         0 -0.0725062   0.703938
         0 -0.0725062   0.703938
         0 -0.0725062   0.703938
         0 -0.0725062   0.703938
         0 -0.0725062   0.703938
         0 -0.0725062   0.703938
         0 -0.0725062   0.703938
         0 -0.0725062   0.703938
         0 -0.0725062   0.703938
         0 -0.0725062   0.703938
         0 -0.0725062   0.703938
         0 -0.0725062   0.703938
         0 -0.0725062   0.703938
         0 -0.0725062   0.703938
         0 -0.0725062   0.703938
         0 -0.0725062   0.703938
         0 -0.0725062   0.703938
         0 -0.0725062   0.703938
         0 -0.0725062   0.703938
         0 -0.0725062   0.703938
         0 -0.0725062   0.703938
         0 -0.0725062   0.703938
         0 -0.0725062   0.703938
         0 -0.0725062   0.703938
         0 -0.0725062   0.703938
         0 -0.0725062   0.703938
         0 -0.0725062   0.703938
         0 -0.0725062   0.703938
         0 -0.0725062   0.703938
         0 -0.0725062   0.703938
         0 -0.0725062   0.703938
         0 -0.0725062   0.703938
         0 -0.0725062   0.703938
         0 -0.0725062   0.703938
         0 -0.0725062   0.703938
         0 -0.0725062   0.703938
         0 -0.0725062   0.703938
         0 -0.0725062   0.703938
         0 -0.0725062   0.703938
         0 -0.0725062   0.703938
         0 -0.0725062   0.703938
         0 -0.0725062   0.703938
         0 -0.0725062   0.703938
         0 -0.0725062   0.703938
         0 -0.0725062   0.703938
         0 -0.0725062   0.703938
         0 -0.0725062   0.703938
         0 -0.0725062   0.703938
         0 -0.0725062   0.703938
         0 -0.0725062   0.703938
         0 -0.0725062   0.703938
         0 -0.0725062   0.703938
         0 -0.0725062   0.703938
         0 -0.0725062   0.703938
         0 -0.0725062   0.703938
         0 -0.0725062   0.703938
         0 -0.0725062   0.703938
         0 -0.0725062   0.703938
         0 -0.0725062   0.703938
         0 -0.0725062   0.703938
         0 -0.0725062   0.703938
         0 -0.0725062   0.703938
         0 -0.0725062   0.703938
         0 -0.0725062   0.703938
         0 -0.0725062   0.703938
         0 -0.0725062   0.703938
         0 -0.0725062   0.703938
         0 -0.0725062   0.703938
         0 -0.0725062   0.703938
         0 -0.0725062   0.703938
         0 -0.0725062   0.703938
         0 -0.0725062   0.703938
         0 -0.0725062   0.703938
         0 -0.0725062   0.703938
         0 -0.0725062   0.703938
         0 -0.0725062   0.703938
         0 -0.0725062   0.703938
         0 -0.0725062   0.703938
         0 -0.0725062   0.703938
         0 -0.0725062   0.703938
         0 -0.0725062   0.703938
         0 -0.0725062   0.703938
         0 -0.0725062   0.703938
         0 -0.0725062   0.703938
         0 -0.0725062   0.703938
         0 -0.0725062   0.703938
         0 -0.0725062   0.703938
         0 -0.0725062   0.703938
         0 -0.0725062   0.703938
         0 -0.0725062   0.703938
         0 -0.0725062   0.703938
         0 -0.0725062   0.703938
         0 -0.0725062   0.703938
         0 -0.0725062   0.703938
         0 -0.0725062   0.703938
         0 -0.0725062   0.703938
         0 -0.0725062   0.703938
         0 -0.0725062   0.703938
         0 -0.0725062   0.703938
         0 -0.0725062   0.703938
         0 -0.0725062   0.703938
         0 -0.0725062   0.703938
         0 -0.0725062   0.703938
         0 -0.0725062   0.703938
         0 -0.0725062   0.703938
         0 -0.0725062   0.703938
         0 -0.0725062   0.703938
         0 -0.0725062   0.703938
         0 -0.0725062   0.703938
         0 -0.0725062   0.703938
         0 -0.0725062   0.703938
         0 -0.0725062   0.703938
         0 -0.0725062   0.703938
         0 -0.0725062   0.703938
         0 -0.0725062   0.703938
         0 -0.0725062   0.703938
         0 -0.0725062   0.703938
         0 -0.0725062   0.703938
         0 -0.0725062   0.703938
         0 -0.0725062   0.703938
         0 -0.0725062   0.703938
         0 -0.0725062   0.703938
         0 -0.0725062   0.703938
         0 -0.0725062   0.703938
         0 -0.0725062   0.703938
         0 -0.0725062   0.703938
         0 -0.0725062   0.703938
         0 -0.0725062   0.703938
         0 -0.0725062   0.703938
         0 -0.0725062   0.703938
         0 -0.0725062   0.703938
         0 -0.0725062   0.703938
         0 -0.0725062   0.703938
         0 -0.0725062   0.703938
         0 -0.0725062   0.703938
         0 -0.0725062   0.703938
         0 -0.0725062   0.703938
         0 -0.0725062   0.703938
         0 -0.0725062   0.703938
         0 -0.0725062   0.703938
         0 -0.0725062   0.703938
         0 -0.0725062   0.703938
         0 -0.0725062   0.703938
         0 -0.0725062   0.703938
         0 -0.0725062   0.703938
         0 -0.0725062   0.703938
         0 -0.0725062   0.703938
         0 -0.0725062   0.703938
         0 -0.0725062   0.703938
         0 -0.0725062   0.703938
         0 -0.0725062   0.703938
         0 -0.0725062   0.703938
         0 -0.0725062   0.703938
         0 -0.0725062   0.703938
         0 -0.0725062   0.703938
         0 -0.0725062   0.703938
         0 -0.0725062   0.703938
         0 -0.0725062   0.703938
         0 -0.0725062   0.703938
         0 -0.0725062   0.703938
         0 -0.0725062   0.703938
         0 -0.0725062   0.703938
         0 -0.0725062   0.703938
         0 -0.0725062   0.703938
         0 -0.0725062   0.703938
         0 -0.0725062   0.703938
         0 -0.0725062   0.703938
         0 -0.0725062   0.703938
         0 -0.0725062   0.703938
         0 -0.0725062   0.703938
         0 -0.0725062   0.703938
         0 -0.0725062   0.703938
         0 -0.0725062   0.703938
         0 -0.0725062   0.703938
         0 -0.0725062   0.703938
         0 -0.0725062   0.703938
         0 -0.0725062   0.703938
         0 -0.0725062   0.703938
         0 -0.0725062   0.703938
         0 -0.0725062   0.703938
         0 -0.0725062   0.703938
         0 -0.0725062   0.703938
         0 -0.0725062   0.703938
         0 -0.0725062   0.703938
         0 -0.0725062   0.703938
         0 -0.0725062   0.703938
         0 -0.0725062   0.703938
         0 -0.0725062   0.703938
         0 -0.0725062   0.703938
         0 -0.0725062   0.703938
         0 -0.0725062   0.703938
         0 -0.0725062   0.703938
         0 -0.0725062   0.703938
         0 -0.0725062   0.703938
         0 -0.0725062   0.703938
         0 -0.0725062   0.703938
         0 -0.0725062   0.703938
         0 -0.0725062   0.703938
         0 -0.0725062   0.703938
         0 -0.0725062   0.703938
         0 -0.0725062   0.703938
         0 -0.0725062   0.703938
         0 -0.0725062   0.703938
         0 -0.0725062   0.703938
         0 -0.0725062   0.703938
         0 -0.0725062   0.703938
         0 -0.0725062   0.703938
         0 -0.0725062   0.703938
         0 -0.0725062   0.703938
         0 -0.0725062   0.703938
         0 -0.0725062   0.703938
         0 -0.0725062   0.703938
         0 -0.0725062   0.703938
         0 -0.0725062   0.703938
         0 -0.0725062   0.703938
         0 -0.0725062   0.703938
         0 -0.0725062   0.703938
         0 -0.0725062   0.703938
         0 -0.0725062   0.703938
         0 -0.0725062   0.703938
         0 -0.0725062   0.703938
         0 -0.0725062   0.703938
         0 -0.0725062   0.703938
         0 -0.0725062   0.703938
         0 -0.0725062   0.703938
         0 -0.0725062   0.703938
         0 -0.0725062   0.703938
         0 -0.0725062   0.703938
         0 -0.0725062   0.703938
         0 -0.0725062   0.703938
         0 -0.0725062   0.703938
         0 -0.0725062   0.703938
         0 -0.0725062   0.703938
         0 -0.0725062   0.703938
         0 -0.0725062   0.703938
         0 -0.0725062   0.703938
         0 -0.0725062   0.703938
         0 -0.0725062   0.703938
         0 -0.0725062   0.703938
         0 -0.0725062   0.703938
         0 -0.0725062   0.703938
         0 -0.0725062   0.703938
         0 -0.0725062   0.703938
         0 -0.0725062   0.703938
         0 -0.0725062   0.703938
         0 -0.0725062   0.703938
         0 -0.0725062   0.703938
         0 -0.0725062   0.703938
         0 -0.0725062   0.703938
         0 -0.0725062   0.703938
         0 -0.0725062   0.703938
         0 -0.0725062   0.703938
         0 -0.0725062   0.703938
         0 -0.0725062   0.703938
         0 -0.0725062   0.703938
         0 -0.0725062   0.703938
         0 -0.0725062   0.703938
         0 -0.0725062   0.703938
         0 -0.0725062   0.703938
         0 -0.0725062   0.703938
         0 -0.0725062   0.703938
         0 -0.0725062   0.703938
         0 -0.0725062   0.703938
         0 -0.0725062   0.703938
         0 -0.0725062   0.703938
         0 -0.0725062   0.703938
         0 -0.0725062   0.703938
         0 -0.0725062   0.703938
         0 -0.0725062   0.703938
         0 -0.0725062   0.703938
         0 -0.0725062   0.703938
         0 -0.0725062   0.703938
         0 -0.0725062   0.703938
         0 -0.0725062   0.703938
         0 -0.0725062   0.703938
         0 -0.0725062   0.703938
         0 -0.0725062   0.703938
         0 -0.0725062   0.703938
         0 -0.0725062   0.703938
         0 -0.0725062   0.703938
         0 -0.0725062   0.703938
         0 -0.0725062   0.703938
         0 -0.0725062   0.703938
         0 -0.0725062   0.703938
         0 -0.0725062   0.703938
         0 -0.0725062   0.703938
         0 -0.0725062   0.703938
         0 -0.0725062   0.703938
         0 -0.0725062   0.703938
         0 -0.0725062   0.703938
         0 -0.0725062   0.703938
         0 -0.0725062   0.703938
         0 -0.0725062   0.703938
         0 -0.0725062   0.703938
         0 -0.0725062   0.703938
         0 -0.0725062   0.703938
         0 -0.0725062   0.703938
         0 -0.0725062   0.703938
         0 -0.0725062   0.703938
         0 -0.0725062   0.703938
         0 -0.0725062   0.703938
         0 -0.0725062   0.703938
         0 -0.0725062   0.703938
         0 -0.0725062   0.703938
         0 -0.0725062   0.703938
         0 -0.0725062   0.703938
         0 -0.0725062   0.703938
         0 -0.0725062   0.703938
         0 -0.0725062   0.703938
         0 -0.0725062   0.703938
         0 -0.0725062   0.703938
         0 -0.0725062   0.703938
         0 -0.0725062   0.703938
         0 -0.0725062   0.703938
         0 -0.0725062   0.703938
         0 -0.0725062   0.703938
         0 -0.0725062   0.703938
         0 -0.0725062   0.703938
         0 -0.0725062   0.703938
         0 -0.0725062   0.703938
         0 -0.0725062   0.703938
         0 -0.0725062   0.703938
         0 -0.0725062   0.703938
         0 -0.0725062   0.703938
         0 -0.0725062   0.703938
         0 -0.0725062   0.703938
         0 -0.0725062   0.703938
         0 -0.0725062   0.703938
         0 -0.0725062   0.703938
         0 -0.0725062   0.703938
         0 -0.0725062   0.703938
         0 -0.0725062   0.703938
         0 -0.0725062   0.703938
         0 -0.0725062   0.703938
         0 -0.0725062   0.703938
         0 -0.0725062   0.703938
         0 -0.0725062   0.703938
         0 -0.0725062   0.703938
         0 -0.0725062   0.703938
         0 -0.0725062   0.703938
         0 -0.0725062   0.703938
         0 -0.0725062   0.703938
         0 -0.0725062   0.703938
         0 -0.0725062   0.703938
         0 -0.0725062   0.703938
         0 -0.0725062   0.703938
         0 -0.0725062   0.703938
         0 -0.0725062   0.703938
         0 -0.0725062   0.703938
         0 -0.0725062   0.703938
         0 -0.0725062   0.703938
         0 -0.0725062   0.703938
         0 -0.0725062   0.703938
         0 -0.0725062   0.703938
         0 -0.0725062   0.703938
         0 -0.0725062   0.703938
         0 -0.0725062   0.703938
         0 -0.0725062   0.703938
         0 -0.0725062   0.703938
         0 -0.0725062   0.703938
         0 -0.0725062   0.703938
         0 -0.0725062   0.703938
         0 -0.0725062   0.703938
         0 -0.0725062   0.703938
         0 -0.0725062   0.703938
         0 -0.0725062   0.703938
         0 -0.0725062   0.703938
         0 -0.0725062   0.703938
         0 -0.0725062   0.703938
         0 -0.0725062   0.703938
         0 -0.0725062   0.703938
         0 -0.0725062   0.703938
         0 -0.0725062   0.703938
         0 -0.0725062   0.703938
         0 -0.0725062   0.703938
         0 -0.0725062   0.703938
         0 -0.0725062   0.703938
         0 -0.0725062   0.703938
         0 -0.0725062   0.703938
         0 -0.0725062   0.703938
         0 -0.0725062   0.703938
         0 -0.0725062   0.703938
         0 -0.0725062   0.703938
         0 -0.0725062   0.703938
         0 -0.0725062   0.703938
         0 -0.0725062   0.703938
         0 -0.0725062   0.703938
         0 -0.0725062   0.703938
         0 -0.0725062   0.703938
         0 -0.0725062   0.703938
         0 -0.0725062   0.703938
         0 -0.0725062   0.703938
         0 -0.0725062   0.703938
         0 -0.0725062   0.703938
         0 -0.0725062   0.703938
         0 -0.0725062   0.703938
         0 -0.0725062   0.703938
         0 -0.0725062   0.703938
         0 -0.0725062   0.703938
         0 -0.0725062   0.703938
         0 -0.0725062   0.703938
         0 -0.0725062   0.703938
         0 -0.0725062   0.703938
         0 -0.0725062   0.703938
         0 -0.0725062   0.703938
         0 -0.0725062   0.703938
         0 -0.0725062   0.703938
         0 -0.0725062   0.703938
         0 -0.0725062   0.703938
         0 -0.0725062   0.703938
         0 -0.0725062   0.703938
         0 -0.0725062   0.703938
         0 -0.0725062   0.703938
         0 -0.0725062   0.703938
         0 -0.0725062   0.703938
         0 -0.0725062   0.703938
         0 -0.0725062   0.703938
         0 -0.0725062   0.703938
         0 -0.0725062   0.703938
         0 -0.0725062   0.703938
         0 -0.0725062   0.703938
         0 -0.0725062   0.703938
         0 -0.0725062   0.703938
         0 -0.0725062   0.703938
         0 -0.0725062   0.703938
         0 -0.0725062   0.703938
         0 -0.0725062   0.703938
         0 -0.0725062   0.703938
         0 -0.0725062   0.703938
         0 -0.0725062   0.703938
         0 -0.0725062   0.703938
         0 -0.0725062   0.703938
         0 -0.0725062   0.703938
         0 -0.0725062   0.703938
         0 -0.0725062   0.703938
         0 -0.0725062   0.703938
         0 -0.0725062   0.703938
         0 -0.0725062   0.703938
         0 -0.0725062   0.703938
         0 -0.0725062   0.703938
         0 -0.0725062   0.703938
         0 -0.0725062   0.703938
         0 -0.0725062   0.703938
         0 -0.0725062   0.703938
         0 -0.0725062   0.703938
         0 -0.0725062   0.703938
         0 -0.0725062   0.703938
         0 -0.0725062   0.703938
         0 -0.0725062   0.703938
         0 -0.0725062   0.703938
         0 -0.0725062   0.703938
         0 -0.0725062   0.703938
         0 -0.0725062   0.703938
         0 -0.0725062   0.703938
         0 -0.0725062   0.703938
         0 -0.0725062   0.703938
         0 -0.0725062   0.703938
         0 -0.0725062   0.703938
         0 -0.0725062   0.703938
         0 -0.0725062   0.703938
         0 -0.0725062   0.703938
         0 -0.0725062   0.703938
         0 -0.0725062   0.703938
         0 -0.0725062   0.703938
         0 -0.0725062   0.703938
         0 -0.0725062   0.703938
         0 -0.0725062   0.703938
         0 -0.0725062   0.703938
         0 -0.0725062   0.703938
         0 -0.0725062   0.703938
         0 -0.0725062   0.703938
         0 -0.0725062   0.703938
         0 -0.0725062   0.703938
         0 -0.0725062   0.703938
         0 -0.0725062   0.703938
         0 -0.0725062   0.703938
         0 -0.0725062   0.703938
         0 -0.0725062   0.703938
         0 -0.0725062   0.703938
         0 -0.0725062   0.703938
         0 -0.0725062   0.703938
         0 -0.0725062   0.703938
         0 -0.0725062   0.703938
         0 -0.0725062   0.703938
         0 -0.0725062   0.703938
         0 -0.0725062   0.703938
         0 -0.0725062   0.703938
         0 -0.0725062   0.703938
         0 -0.0725062   0.703938
         0 -0.0725062   0.703938
         0 -0.0725062   0.703938
         0 -0.0725062   0.703938
         0 -0.0725062   0.703938
         0 -0.0725062   0.703938
         0 -0.0725062   0.703938
         0 -0.0725062   0.703938
         0 -0.0725062   0.703938
         0 -0.0725062   0.703938
         0 -0.0725062   0.703938
         0 -0.0725062   0.703938
         0 -0.0725062   0.703938
         0 -0.0725062   0.703938
         0 -0.0725062   0.703938
         0 -0.0725062   0.703938
         0 -0.0725062   0.703938
         0 -0.0725062   0.703938
         0 -0.0725062   0.703938
         0 -0.0725062   0.703938
         0 -0.0725062   0.703938
         0 -0.0725062   0.703938
         0 -0.0725062   0.703938
         0 -0.0725062   0.703938
         0 -0.0725062   0.703938
         0 -0.0725062   0.703938
         0 -0.0725062   0.703938
         0 -0.0725062   0.703938
         0 -0.0725062   0.703938
         0 -0.0725062   0.703938
         0 -0.0725062   0.703938
         0 -0.0725062   0.703938
         0 -0.0725062   0.703938
         0 -0.0725062   0.703938
         0 -0.0725062   0.703938
         0 -0.0725062   0.703938
         0 -0.0725062   0.703938
         0 -0.0725062   0.703938
         0 -0.0725062   0.703938
         0 -0.0725062   0.703938
         0 -0.0725062   0.703938
         0 -0.0725062   0.703938
         0 -0.0725062   0.703938
         0 -0.0725062   0.703938
         0 -0.0725062   0.703938
         0 -0.0725062   0.703938
         0 -0.0725062   0.703938
         0 -0.0725062   0.703938
         0 -0.0725062   0.703938
         0 -0.0725062   0.703938
         0 -0.0725062   0.703938
         0 -0.0725062   0.703938
         0 -0.0725062   0.703938
         0 -0.0725062   0.703938
         0 -0.0725062   0.703938
         0 -0.0725062   0.703938
         0 -0.0725062   0.703938
         0 -0.0725062   0.703938
         0 -0.0725062   0.703938
         0 -0.0725062   0.703938
         0 -0.0725062   0.703938
         0 -0.0725062   0.703938
         0 -0.0725062   0.703938
         0 -0.0725062   0.703938
         0 -0.0725062   0.703938
         0 -0.0725062   0.703938
         0 -0.0725062   0.703938
         0 -0.0725062   0.703938
         0 -0.0725062   0.703938
         0 -0.0725062   0.703938
         0 -0.0725062   0.703938
         0 -0.0725062   0.703938
         0 -0.0725062   0.703938
         0 -0.0725062   0.703938
         0 -0.0725062   0.703938
         0 -0.0725062   0.703938
         0 -0.0725062   0.703938
         0 -0.0725062   0.703938
         0 -0.0725062   0.703938
         0 -0.0725062   0.703938
         0 -0.0725062   0.703938
         0 -0.0725062   0.703938
         0 -0.0725062   0.703938
         0 -0.0725062   0.703938
         0 -0.0725062   0.703938
         0 -0.0725062   0.703938
         0 -0.0725062   0.703938
         0 -0.0725062   0.703938
         0 -0.0725062   0.703938
         0 -0.0725062   0.703938
         0 -0.0725062   0.703938
         0 -0.0725062   0.703938
         0 -0.0725062   0.703938
         0 -0.0725062   0.703938
         0 -0.0725062   0.703938
         0 -0.0725062   0.703938
         0 -0.0725062   0.703938
         0 -0.0725062   0.703938
         0 -0.0725062   0.703938
         0 -0.0725062   0.703938
         0 -0.0725062   0.703938
         0 -0.0725062   0.703938
         0 -0.0725062   0.703938
         0 -0.0725062   0.703938
         0 -0.0725062   0.703938
         0 -0.0725062   0.703938
         0 -0.0725062   0.703938
         0 -0.0725062   0.703938
         0 -0.0725062   0.703938
         0 -0.0725062   0.703938
         0 -0.0725062   0.703938
         0 -0.0725062   0.703938
         0 -0.0725062   0.703938
         0 -0.0725062   0.703938
         0 -0.0725062   0.703938
         0 -0.0725062   0.703938
         0 -0.0725062   0.703938
         0 -0.0725062   0.703938
         0 -0.0725062   0.703938
         0 -0.0725062   0.703938
         0 -0.0725062   0.703938
         0 -0.0725062   0.703938
         0 -0.0725062   0.703938
         0 -0.0725062   0.703938
         0 -0.0725062   0.703938
         0 -0.0725062   0.703938
         0 -0.0725062   0.703938
         0 -0.0725062   0.703938
         0 -0.0725062   0.703938
         0 -0.0725062   0.703938
         0 -0.0725062   0.703938
         0 -0.0725062   0.703938
         0 -0.0725062   0.703938
         0 -0.0725062   0.703938
         0 -0.0725062   0.703938
         0 -0.0725062   0.703938
         0 -0.0725062   0.703938
         0 -0.0725062   0.703938
         0 -0.0725062   0.703938
         0 -0.0725062   0.703938
         0 -0.0725062   0.703938
         0 -0.0725062   0.703938
         0 -0.0725062   0.703938
         0 -0.0725062   0.703938
         0 -0.0725062   0.703938
         0 -0.0725062   0.703938
         0 -0.0725062   0.703938
         0 -0.0725062   0.703938
         0 -0.0725062   0.703938
         0 -0.0725062   0.703938
         0 -0.0725062   0.703938
         0 -0.0725062   0.703938
         0 -0.0725062   0.703938
         0 -0.0725062   0.703938
         0 -0.0725062   0.703938
         0 -0.0725062   0.703938
         0 -0.0725062   0.703938
         0 -0.0725062   0.703938
         0 -0.0725062   0.703938
         0 -0.0725062   0.703938
         0 -0.0725062   0.703938
         0 -0.0725062   0.703938
         0 -0.0725062   0.703938
         0 -0.0725062   0.703938
         0 -0.0725062   0.703938
         0 -0.0725062   0.703938
         0 -0.0725062   0.703938
         0 -0.0725062   0.703938
         0 -0.0725062   0.703938
         0 -0.0725062   0.703938
         0 -0.0725062   0.703938
         0 -0.0725062   0.703938
         0 -0.0725062   0.703938
         0 -0.0725062   0.703938
         0 -0.0725062   0.703938
         0 -0.0725062   0.703938
         0 -0.0725062   0.703938
         0 -0.0725062   0.703938
         0 -0.0725062   0.703938
         0 -0.0725062   0.703938
         0 -0.0725062   0.703938
         0 -0.0725062   0.703938
         0 -0.0725062   0.703938
         0 -0.0725062   0.703938
         0 -0.0725062   0.703938
         0 -0.0725062   0.703938
         0 -0.0725062   0.703938
         0 -0.0725062   0.703938
         0 -0.0725062   0.703938
         0 -0.0725062   0.703938
         0 -0.0725062   0.703938
         0 -0.0725062   0.703938
         0 -0.0725062   0.703938
         0 -0.0725062   0.703938
         0 -0.0725062   0.703938
         0 -0.0725062   0.703938
         0 -0.0725062   0.703938
         0 -0.0725062   0.703938
         0 -0.0725062   0.703938
         0 -0.0725062   0.703938
         0 -0.0725062   0.703938
         0 -0.0725062   0.703938
         0 -0.0725062   0.703938
         0 -0.0725062   0.703938
         0 -0.0725062   0.703938
         0 -0.0725062   0.703938
         0 -0.0725062   0.703938
         0 -0.0725062   0.703938
         0 -0.0725062   0.703938
         0 -0.0725062   0.703938
         0 -0.0725062   0.703938
         0 -0.0725062   0.703938
         0 -0.0725062   0.703938
         0 -0.0725062   0.703938
         0 -0.0725062   0.703938
         0 -0.0725062   0.703938
         0 -0.0725062   0.703938
         0 -0.0725062   0.703938
         0 -0.0725062   0.703938
         0 -0.0725062   0.703938
         0 -0.0725062   0.703938
         0 -0.0725062   0.703938
         0 -0.0725062   0.703938
         0 -0.0725062   0.703938
         0 -0.0725062   0.703938
         0 -0.0725062   0.703938
         0 -0.0725062   0.703938
         0 -0.0725062   0.703938
         0 -0.0725062   0.703938
         0 -0.0725062   0.703938
         0 -0.0725062   0.703938
         0 -0.0725062   0.703938
         0 -0.0725062   0.703938
         0 -0.0725062   0.703938
         0 -0.0725062   0.703938
         0 -0.0725062   0.703938
         0 -0.0725062   0.703938
         0 -0.0725062   0.703938
         0 -0.0725062   0.703938
         0 -0.0725062   0.703938
         0 -0.0725062   0.703938
         0 -0.0725062   0.703938
         0 -0.0725062   0.703938
         0 -0.0725062   0.703938
         0 -0.0725062   0.703938
         0 -0.0725062   0.703938
         0 -0.0725062   0.703938
         0 -0.0725062   0.703938
         0 -0.0725062   0.703938
         0 -0.0725062   0.703938
         0 -0.0725062   0.703938
         0 -0.0725062   0.703938
         0 -0.0725062   0.703938
         0 -0.0725062   0.703938
         0 -0.0725062   0.703938
         0 -0.0725062   0.703938
         0 -0.0725062   0.703938
         0 -0.0725062   0.703938
         0 -0.0725062   0.703938
         0 -0.0725062   0.703938
         0 -0.0725062   0.703938
         0 -0.0725062   0.703938
         0 -0.0725062   0.703938
         0 -0.0725062   0.703938
         0 -0.0725062   0.703938
         0 -0.0725062   0.703938
         0 -0.0725062   0.703938
         0 -0.0725062   0.703938
         0 -0.0725062   0.703938
         0 -0.0725062   0.703938
         0 -0.0725062   0.703938
         0 -0.0725062   0.703938
         0 -0.0725062   0.703938
         0 -0.0725062   0.703938
         0 -0.0725062   0.703938
         0 -0.0725062   0.703938
         0 -0.0725062   0.703938
         0 -0.0725062   0.703938
         0 -0.0725062   0.703938
         0 -0.0725062   0.703938
         0 -0.0725062   0.703938
         0 -0.0725062   0.703938
         0 -0.0725062   0.703938
         0 -0.0725062   0.703938
         0 -0.0725062   0.703938
         0 -0.0725062   0.703938
         0 -0.0725062   0.703938
         0 -0.0725062   0.703938
         0 -0.0725062   0.703938
         0 -0.0725062   0.703938
         0 -0.0725062   0.703938
         0 -0.0725062   0.703938
         0 -0.0725062   0.703938
         0 -0.0725062   0.703938
         0 -0.0725062   0.703938
         0 -0.0725062   0.703938
         0 -0.0725062   0.703938
         0 -0.0725062   0.703938
         0 -0.0725062   0.703938
         0 -0.0725062   0.703938
         0 -0.0725062   0.703938
         0 -0.0725062   0.703938
         0 -0.0725062   0.703938
         0 -0.0725062   0.703938
         0 -0.0725062   0.703938
         0 -0.0725062   0.703938
         0 -0.0725062   0.703938
         0 -0.0725062   0.703938
         0 -0.0725062   0.703938
         0 -0.0725062   0.703938
         0 -0.0725062   0.703938
         0 -0.0725062   0.703938
         0 -0.0725062   0.703938
         0 -0.0725062   0.703938
         0 -0.0725062   0.703938
         0 -0.0725062   0.703938
         0 -0.0725062   0.703938
         0 -0.0725062   0.703938
         0 -0.0725062   0.703938
         0 -0.0725062   0.703938
         0 -0.0725062   0.703938
         0 -0.0725062   0.703938
         0 -0.0725062   0.703938
         0 -0.0725062   0.703938
         0 -0.0725062   0.703938
         0 -0.0725062   0.703938
         0 -0.0725062   0.703938
         0 -0.0725062   0.703938
         0 -0.0725062   0.703938
         0 -0.0725062   0.703938
         0 -0.0725062   0.703938
         0 -0.0725062   0.703938
         0 -0.0725062   0.703938
         0 -0.0725062   0.703938
         0 -0.0725062   0.703938
         0 -0.0725062   0.703938
         0 -0.0725062   0.703938
         0 -0.0725062   0.703938
         0 -0.0725062   0.703938
         0 -0.0725062   0.703938
         0 -0.0725062   0.703938
         0 -0.0725062   0.703938
         0 -0.0725062   0.703938
         0 -0.0725062   0.703938
         0 -0.0725062   0.703938
         0 -0.0725062   0.703938
         0 -0.0725062   0.703938
         0 -0.0725062   0.703938
         0 -0.0725062   0.703938
         0 -0.0725062   0.703938
         0 -0.0725062   0.703938
         0 -0.0725062   0.703938
         0 -0.0725062   0.703938
         0 -0.0725062   0.703938
         0 -0.0725062   0.703938
         0 -0.0725062   0.703938
         0 -0.0725062   0.703938
         0 -0.0725062   0.703938
         0 -0.0725062   0.703938
         0 -0.0725062   0.703938
         0 -0.0725062   0.703938
         0 -0.0725062   0.703938
         0 -0.0725062   0.703938
         0 -0.0725062   0.703938
         0 -0.0725062   0.703938
         0 -0.0725062   0.703938
         0 -0.0725062   0.703938
         0 -0.0725062   0.703938
         0 -0.0725062   0.703938
         0 -0.0725062   0.703938
         0 -0.0725062   0.703938
         0 -0.0725062   0.703938
         0 -0.0725062   0.703938
         0 -0.0725062   0.703938
         0 -0.0725062   0.703938
         0 -0.0725062   0.703938
         0 -0.0725062   0.703938
         0 -0.0725062   0.703938
         0 -0.0725062   0.703938
         0 -0.0725062   0.703938
         0 -0.0725062   0.703938
         0 -0.0725062   0.703938
         0 -0.0725062   0.703938
         0 -0.0725062   0.703938
         0 -0.0725062   0.703938
         0 -0.0725062   0.703938
         0 -0.0725062   0.703938
         0 -0.0725062   0.703938
         0 -0.0725062   0.703938
         0 -0.0725062   0.703938
         0 -0.0725062   0.703938
         0 -0.0725062   0.703938
         0 -0.0725062   0.703938
         0 -0.0725062   0.703938
         0 -0.0725062   0.703938
         0 -0.0725062   0.703938
         0 -0.0725062   0.703938
         0 -0.0725062   0.703938
         0 -0.0725062   0.703938
         0 -0.0725062   0.703938
         0 -0.0725062   0.703938
         0 -0.0725062   0.703938
         0 -0.0725062   0.703938
         0 -0.0725062   0.703938
         0 -0.0725062   0.703938
         0 -0.0725062   0.703938
         0 -0.0725062   0.703938
         0 -0.0725062   0.703938
         0 -0.0725062   0.703938
         0 -0.0725062   0.703938
         0 -0.0725062   0.703938
         0 -0.0725062   0.703938
         0 -0.0725062   0.703938
         0 -0.0725062   0.703938
         0 -0.0725062   0.703938
         0 -0.0725062   0.703938
         0 -0.0725062   0.703938
         0 -0.0725062   0.703938
         0 -0.0725062   0.703938
         0 -0.0725062   0.703938
         0 -0.0725062   0.703938
         0 -0.0725062   0.703938
         0 -0.0725062   0.703938
         0 -0.0725062   0.703938
         0 -0.0725062   0.703938
         0 -0.0725062   0.703938
         0 -0.0725062   0.703938
         0 -0.0725062   0.703938
         0 -0.0725062   0.703938
         0 -0.0725062   0.703938
         0 -0.0725062   0.703938
         0 -0.0725062   0.703938
         0 -0.0725062   0.703938
         0 -0.0725062   0.703938
         0 -0.0725062   0.703938
         0 -0.0725062   0.703938
         0 -0.0725062   0.703938
         0 -0.0725062   0.703938
         0 -0.0725062   0.703938
         0 -0.0725062   0.703938
         0 -0.0725062   0.703938
         0 -0.0725062   0.703938
         0 -0.0725062   0.703938
         0 -0.0725062   0.703938
         0 -0.0725062   0.703938
         0 -0.0725062   0.703938
         0 -0.0725062   0.703938
         0 -0.0725062   0.703938
         0 -0.0725062   0.703938
         0 -0.0725062   0.703938
         0 -0.0725062   0.703938
         0 -0.0725062   0.703938
         0 -0.0725062   0.703938
         0 -0.0725062   0.703938
         0 -0.0725062   0.703938
         0 -0.0725062   0.703938
         0 -0.0725062   0.703938
         0 -0.0725062   0.703938
         0 -0.0725062   0.703938
         0 -0.0725062   0.703938
         0 -0.0725062   0.703938
         0 -0.0725062   0.703938
         0 -0.0725062   0.703938
         0 -0.0725062   0.703938
         0 -0.0725062   0.703938
         0 -0.0725062   0.703938
         0 -0.0725062   0.703938
         0 -0.0725062   0.703938
         0 -0.0725062   0.703938
         0 -0.0725062   0.703938
         0 -0.0725062   0.703938
         0 -0.0725062   0.703938
         0 -0.0725062   0.703938
         0 -0.0725062   0.703938
         0 -0.0725062   0.703938
         0 -0.0725062   0.703938
         0 -0.0725062   0.703938
         0 -0.0725062   0.703938
         0 -0.0725062   0.703938
         0 -0.0725062   0.703938
         0 -0.0725062   0.703938
         0 -0.0725062   0.703938
         0 -0.0725062   0.703938
         0 -0.0725062   0.703938
         0 -0.0725062   0.703938
         0 -0.0725062   0.703938
         0 -0.0725062   0.703938
         0 -0.0725062   0.703938
         0 -0.0725062   0.703938
         0 -0.0725062   0.703938
         0 -0.0725062   0.703938
         0 -0.0725062   0.703938
         0 -0.0725062   0.703938
         0 -0.0725062   0.703938
         0 -0.0725062   0.703938
         0 -0.0725062   0.703938
         0 -0.0725062   0.703938
         0 -0.0725062   0.703938
         0 -0.0725062   0.703938
         0 -0.0725062   0.703938
         0 -0.0725062   0.703938
         0 -0.0725062   0.703938
         0 -0.0725062   0.703938
         0 -0.0725062   0.703938
         0 -0.0725062   0.703938
         0 -0.0725062   0.703938
         0 -0.0725062   0.703938
         0 -0.0725062   0.703938
         0 -0.0725062   0.703938
         0 -0.0725062   0.703938
         0 -0.0725062   0.703938
         0 -0.0725062   0.703938
         0 -0.0725062   0.703938
         0 -0.0725062   0.703938
         0 -0.0725062   0.703938
         0 -0.0725062   0.703938
         0 -0.0725062   0.703938
         0 -0.0725062   0.703938
         0 -0.0725062   0.703938
         0 -0.0725062   0.703938
         0 -0.0725062   0.703938
         0 -0.0725062   0.703938
         0 -0.0725062   0.703938
         0 -0.0725062   0.703938
         0 -0.0725062   0.703938
         0 -0.0725062   0.703938
         0 -0.0725062   0.703938
         0 -0.0725062   0.703938
         0 -0.0725062   0.703938
         0 -0.0725062   0.703938
         0 -0.0725062   0.703938
         0 -0.0725062   0.703938
         0 -0.0725062   0.703938
         0 -0.0725062   0.703938
         0 -0.0725062   0.703938
         0 -0.0725062   0.703938
         0 -0.0725062   0.703938
         0 -0.0725062   0.703938
         0 -0.0725062   0.703938
         0 -0.0725062   0.703938
         0 -0.0725062   0.703938
         0 -0.0725062   0.703938
         0 -0.0725062   0.703938
         0 -0.0725062   0.703938
         0 -0.0725062   0.703938
         0 -0.0725062   0.703938
         0 -0.0725062   0.703938
         0 -0.0725062   0.703938
         0 -0.0725062   0.703938
         0 -0.0725062   0.703938
         0 -0.0725062   0.703938
         0 -0.0725062   0.703938
         0 -0.0725062   0.703938
         0 -0.0725062   0.703938
         0 -0.0725062   0.703938
         0 -0.0725062   0.703938
         0 -0.0725062   0.703938
         0 -0.0725062   0.703938
         0 -0.0725062   0.703938
         0 -0.0725062   0.703938
         0 -0.0725062   0.703938
         0 -0.0725062   0.703938
         0 -0.0725062   0.703938
         0 -0.0725062   0.703938
         0 -0.0725062   0.703938
         0 -0.0725062   0.703938
         0 -0.0725062   0.703938
         0 -0.0725062   0.703938
         0 -0.0725062   0.703938
         0 -0.0725062   0.703938
         0 -0.0725062   0.703938
         0 -0.0725062   0.703938
         0 -0.0725062   0.703938
         0 -0.0725062   0.703938
         0 -0.0725062   0.703938
         0 -0.0725062   0.703938
         0 -0.0725062   0.703938
         0 -0.0725062   0.703938
         0 -0.0725062   0.703938
         0 -0.0725062   0.703938
         0 -0.0725062   0.703938
         0 -0.0725062   0.703938
         0 -0.0725062   0.703938
         0 -0.0725062   0.703938
         0 -0.0725062   0.703938
         0 -0.0725062   0.703938
         0 -0.0725062   0.703938
         0 -0.0725062   0.703938
         0 -0.0725062   0.703938
         0 -0.0725062   0.703938
         0 -0.0725062   0.703938
         0 -0.0725062   0.703938
         0 -0.0725062   0.703938
         0 -0.0725062   0.703938
         0 -0.0725062   0.703938
         0 -0.0725062   0.703938
         0 -0.0725062   0.703938
         0 -0.0725062   0.703938
         0 -0.0725062   0.703938
         0 -0.0725062   0.703938
         0 -0.0725062   0.703938
         0 -0.0725062   0.703938
         0 -0.0725062   0.703938
         0 -0.0725062   0.703938
         0 -0.0725062   0.703938
         0 -0.0725062   0.703938
         0 -0.0725062   0.703938
         0 -0.0725062   0.703938
         0 -0.0725062   0.703938
         0 -0.0725062   0.703938
         0 -0.0725062   0.703938
         0 -0.0725062   0.703938
         0 -0.0725062   0.703938
         0 -0.0725062   0.703938
         0 -0.0725062   0.703938
         0 -0.0725062   0.703938
         0 -0.0725062   0.703938
         0 -0.0725062   0.703938
         0 -0.0725062   0.703938
         0 -0.0725062   0.703938
         0 -0.0725062   0.703938
         0 -0.0725062   0.703938
         0 -0.0725062   0.703938
         0 -0.0725062   0.703938
         0 -0.0725062   0.703938
         0 -0.0725062   0.703938
         0 -0.0725062   0.703938
         0 -0.0725062   0.703938
         0 -0.0725062   0.703938
         0 -0.0725062   0.703938
         0 -0.0725062   0.703938
         0 -0.0725062   0.703938
         0 -0.0725062   0.703938
         0 -0.0725062   0.703938
         0 -0.0725062   0.703938
         0 -0.0725062   0.703938
         0 -0.0725062   0.703938
         0 -0.0725062   0.703938
         0 -0.0725062   0.703938
         0 -0.0725062   0.703938
         0 -0.0725062   0.703938
         0 -0.0725062   0.703938
         0 -0.0725062   0.703938
         0 -0.0725062   0.703938
         0 -0.0725062   0.703938
         0 -0.0725062   0.703938
         0 -0.0725062   0.703938
         0 -0.0725062   0.703938
         0 -0.0725062   0.703938
         0 -0.0725062   0.703938
         0 -0.0725062   0.703938
         0 -0.0725062   0.703938
         0 -0.0725062   0.703938
         0 -0.0725062   0.703938
         0 -0.0725062   0.703938
         0 -0.0725062   0.703938
         0 -0.0725062   0.703938
         0 -0.0725062   0.703938
         0 -0.0725062   0.703938
         0 -0.0725062   0.703938
         0 -0.0725062   0.703938
         0 -0.0725062   0.703938
         0 -0.0725062   0.703938
         0 -0.0725062   0.703938
         0 -0.0725062   0.703938
         0 -0.0725062   0.703938
         0 -0.0725062   0.703938
         0 -0.0725062   0.703938
         0 -0.0725062   0.703938
         0 -0.0725062   0.703938
         0 -0.0725062   0.703938
         0 -0.0725062   0.703938
         0 -0.0725062   0.703938
         0 -0.0725062   0.703938
         0 -0.0725062   0.703938
         0 -0.0725062   0.703938
         0 -0.0725062   0.703938
         0 -0.0725062   0.703938
         0 -0.0725062   0.703938
         0 -0.0725062   0.703938
         0 -0.0725062   0.703938
         0 -0.0725062   0.703938
         0 -0.0725062   0.703938
         0 -0.0725062   0.703938
         0 -0.0725062   0.703938
         0 -0.0725062   0.703938
         0 -0.0725062   0.703938
         0 -0.0725062   0.703938
         0 -0.0725062   0.703938
         0 -0.0725062   0.703938
         0 -0.0725062   0.703938
         0 -0.0725062   0.703938
         0 -0.0725062   0.703938
         0 -0.0725062   0.703938
         0 -0.0725062   0.703938
         0 -0.0725062   0.703938
         0 -0.0725062   0.703938
         0 -0.0725062   0.703938
         0 -0.0725062   0.703938
         0 -0.0725062   0.703938
         0 -0.0725062   0.703938
         0 -0.0725062   0.703938
         0 -0.0725062   0.703938
         0 -0.0725062   0.703938
         0 -0.0725062   0.703938
         0 -0.0725062   0.703938
         0 -0.0725062   0.703938
         0 -0.0725062   0.703938
         0 -0.0725062   0.703938
         0 -0.0725062   0.703938
         0 -0.0725062   0.703938
         0 -0.0725062   0.703938
         0 -0.0725062   0.703938
         0 -0.0725062   0.703938
         0 -0.0725062   0.703938
         0 -0.0725062   0.703938
         0 -0.0725062   0.703938
         0 -0.0725062   0.703938
         0 -0.0725062   0.703938
         0 -0.0725062   0.703938
         0 -0.0725062   0.703938
         0 -0.0725062   0.703938
         0 -0.0725062   0.703938
         0 -0.0725062   0.703938
         0 -0.0725062   0.703938
         0 -0.0725062   0.703938
         0 -0.0725062   0.703938
         0 -0.0725062   0.703938
         0 -0.0725062   0.703938
         0 -0.0725062   0.703938
         0 -0.0725062   0.703938
         0 -0.0725062   0.703938
         0 -0.0725062   0.703938
         0 -0.0725062   0.703938
         0 -0.0725062   0.703938
         0 -0.0725062   0.703938
         0 -0.0725062   0.703938
         0 -0.0725062   0.703938
         0 -0.0725062   0.703938
         0 -0.0725062   0.703938
         0 -0.0725062   0.703938
         0 -0.0725062   0.703938
         0 -0.0725062   0.703938
         0 -0.0725062   0.703938
         0 -0.0725062   0.703938
         0 -0.0725062   0.703938
         0 -0.0725062   0.703938
         0 -0.0725062   0.703938
         0 -0.0725062   0.703938
         0 -0.0725062   0.703938
         0 -0.0725062   0.703938
         0 -0.0725062   0.703938
         0 -0.0725062   0.703938
         0 -0.0725062   0.703938
         0 -0.0725062   0.703938
         0 -0.0725062   0.703938
         0 -0.0725062   0.703938
         0 -0.0725062   0.703938
         0 -0.0725062   0.703938
         0 -0.0725062   0.703938
         0 -0.0725062   0.703938
         0 -0.0725062   0.703938
         0 -0.0725062   0.703938
         0 -0.0725062   0.703938
         0 -0.0725062   0.703938
         0 -0.0725062   0.703938
         0 -0.0725062   0.703938
         0 -0.0725062   0.703938
         0 -0.0725062   0.703938
         0 -0.0725062   0.703938
         0 -0.0725062   0.703938
         0 -0.0725062   0.703938
         0 -0.0725062   0.703938
         0 -0.0725062   0.703938
         0 -0.0725062   0.703938
         0 -0.0725062   0.703938
         0 -0.0725062   0.703938
         0 -0.0725062   0.703938
         0 -0.0725062   0.703938
         0 -0.0725062   0.703938
         0 -0.0725062   0.703938
         0 -0.0725062   0.703938
         0 -0.0725062   0.703938
         0 -0.0725062   0.703938
         0 -0.0725062   0.703938
         0 -0.0725062   0.703938
         0 -0.0725062   0.703938
         0 -0.0725062   0.703938
         0 -0.0725062   0.703938
         0 -0.0725062   0.703938
         0 -0.0725062   0.703938
         0 -0.0725062   0.703938
         0 -0.0725062   0.703938
         0 -0.0725062   0.703938
         0 -0.0725062   0.703938
         0 -0.0725062   0.703938
         0 -0.0725062   0.703938
         0 -0.0725062   0.703938
         0 -0.0725062   0.703938
         0 -0.0725062   0.703938
         0 -0.0725062   0.703938
         0 -0.0725062   0.703938
         0 -0.0725062   0.703938
         0 -0.0725062   0.703938
         0 -0.0725062   0.703938
         0 -0.0725062   0.703938
         0 -0.0725062   0.703938
         0 -0.0725062   0.703938
         0 -0.0725062   0.703938
         0 -0.0725062   0.703938
         0 -0.0725062   0.703938
         0 -0.0725062   0.703938
         0 -0.0725062   0.703938
         0 -0.0725062   0.703938
         0 -0.0725062   0.703938
         0 -0.0725062   0.703938
         0 -0.0725062   0.703938
         0 -0.0725062   0.703938
         0 -0.0725062   0.703938
         0 -0.0725062   0.703938
         0 -0.0725062   0.703938
         0 -0.0725062   0.703938
         0 -0.0725062   0.703938
         0 -0.0725062   0.703938
         0 -0.0725062   0.703938
         0 -0.0725062   0.703938
         0 -0.0725062   0.703938
         0 -0.0725062   0.703938
         0 -0.0725062   0.703938
         0 -0.0725062   0.703938
         0 -0.0725062   0.703938
         0 -0.0725062   0.703938
         0 -0.0725062   0.703938
         0 -0.0725062   0.703938
         0 -0.0725062   0.703938
         0 -0.0725062   0.703938
         0 -0.0725062   0.703938
         0 -0.0725062   0.703938
         0 -0.0725062   0.703938
         0 -0.0725062   0.703938
         0 -0.0725062   0.703938
         0 -0.0725062   0.703938
         0 -0.0725062   0.703938
         0 -0.0725062   0.703938
         0 -0.0725062   0.703938
         0 -0.0725062   0.703938
         0 -0.0725062   0.703938
         0 -0.0725062   0.703938
         0 -0.0725062   0.703938
         0 -0.0725062   0.703938
         0 -0.0725062   0.703938
         0 -0.0725062   0.703938
         0 -0.0725062   0.703938
         0 -0.0725062   0.703938
         0 -0.0725062   0.703938
         0 -0.0725062   0.703938
         0 -0.0725062   0.703938
         0 -0.0725062   0.703938
         0 -0.0725062   0.703938
         0 -0.0725062   0.703938
         0 -0.0725062   0.703938
         0 -0.0725062   0.703938
         0 -0.0725062   0.703938
         0 -0.0725062   0.703938
         0 -0.0725062   0.703938
         0 -0.0725062   0.703938
         0 -0.0725062   0.703938
         0 -0.0725062   0.703938
         0 -0.0725062   0.703938
         0 -0.0725062   0.703938
         0 -0.0725062   0.703938
         0 -0.0725062   0.703938
         0 -0.0725062   0.703938
         0 -0.0725062   0.703938
         0 -0.0725062   0.703938
         0 -0.0725062   0.703938
         0 -0.0725062   0.703938
         0 -0.0725062   0.703938
         0 -0.0725062   0.703938
         0 -0.0725062   0.703938
         0 -0.0725062   0.703938
         0 -0.0725062   0.703938
         0 -0.0725062   0.703938
         0 -0.0725062   0.703938
         0 -0.0725062   0.703938
         0 -0.0725062   0.703938
         0 -0.0725062   0.703938
         0 -0.0725062   0.703938
         0 -0.0725062   0.703938
         0 -0.0725062   0.703938
         0 -0.0725062   0.703938
         0 -0.0725062   0.703938
         0 -0.0725062   0.703938
         0 -0.0725062   0.703938
         0 -0.0725062   0.703938
         0 -0.0725062   0.703938
         0 -0.0725062   0.703938
         0 -0.0725062   0.703938
         0 -0.0725062   0.703938
         0 -0.0725062   0.703938
         0 -0.0725062   0.703938
         0 -0.0725062   0.703938
         0 -0.0725062   0.703938
         0 -0.0725062   0.703938
         0 -0.0725062   0.703938
         0 -0.0725062   0.703938
         0 -0.0725062   0.703938
         0 -0.0725062   0.703938
         0 -0.0725062   0.703938
         0 -0.0725062   0.703938
         0 -0.0725062   0.703938
         0 -0.0725062   0.703938
         0 -0.0725062   0.703938
         0 -0.0725062   0.703938
         0 -0.0725062   0.703938
         0 -0.0725062   0.703938
         0 -0.0725062   0.703938
         0 -0.0725062   0.703938
         0 -0.0725062   0.703938
         0 -0.0725062   0.703938
         0 -0.0725062   0.703938
         0 -0.0725062   0.703938
         0 -0.0725062   0.703938
         0 -0.0725062   0.703938
         0 -0.0725062   0.703938
         0 -0.0725062   0.703938
         0 -0.0725062   0.703938
         0 -0.0725062   0.703938
         0 -0.0725062   0.703938
         0 -0.0725062   0.703938
         0 -0.0725062   0.703938
         0 -0.0725062   0.703938
         0 -0.0725062   0.703938
         0 -0.0725062   0.703938
         0 -0.0725062   0.703938
         0 -0.0725062   0.703938
         0 -0.0725062   0.703938
         0 -0.0725062   0.703938
         0 -0.0725062   0.703938
         0 -0.0725062   0.703938
         0 -0.0725062   0.703938
         0 -0.0725062   0.703938
         0 -0.0725062   0.703938
         0 -0.0725062   0.703938
         0 -0.0725062   0.703938
         0 -0.0725062   0.703938
         0 -0.0725062   0.703938
         0 -0.0725062   0.703938
         0 -0.0725062   0.703938
         0 -0.0725062   0.703938
         0 -0.0725062   0.703938
         0 -0.0725062   0.703938
         0 -0.0725062   0.703938
         0 -0.0725062   0.703938
         0 -0.0725062   0.703938
         0 -0.0725062   0.703938
         0 -0.0725062   0.703938
         0 -0.0725062   0.703938
         0 -0.0725062   0.703938
         0 -0.0725062   0.703938
         0 -0.0725062   0.703938
         0 -0.0725062   0.703938
         0 -0.0725062   0.703938
         0 -0.0725062   0.703938
         0 -0.0725062   0.703938
         0 -0.0725062   0.703938
         0 -0.0725062   0.703938
         0 -0.0725062   0.703938
         0 -0.0725062   0.703938
         0 -0.0725062   0.703938
         0 -0.0725062   0.703938
         0 -0.0725062   0.703938
         0 -0.0725062   0.703938
         0 -0.0725062   0.703938
         0 -0.0725062   0.703938
         0 -0.0725062   0.703938
         0 -0.0725062   0.703938
         0 -0.0725062   0.703938
         0 -0.0725062   0.703938
         0 -0.0725062   0.703938
         0 -0.0725062   0.703938
         0 -0.0725062   0.703938
         0 -0.0725062   0.703938
         0 -0.0725062   0.703938
         0 -0.0725062   0.703938
         0 -0.0725062   0.703938
         0 -0.0725062   0.703938
         0 -0.0725062   0.703938
         0 -0.0725062   0.703938
         0 -0.0725062   0.703938
         0 -0.0725062   0.703938
         0 -0.0725062   0.703938
         0 -0.0725062   0.703938
         0 -0.0725062   0.703938
         0 -0.0725062   0.703938
         0 -0.0725062   0.703938
         0 -0.0725062   0.703938
         0 -0.0725062   0.703938
         0 -0.0725062   0.703938
         0 -0.0725062   0.703938
         0 -0.0725062   0.703938
         0 -0.0725062   0.703938
         0 -0.0725062   0.703938
         0 -0.0725062   0.703938
         0 -0.0725062   0.703938
         0 -0.0725062   0.703938
         0 -0.0725062   0.703938
         0 -0.0725062   0.703938
         0 -0.0725062   0.703938
         0 -0.0725062   0.703938
         0 -0.0725062   0.703938
         0 -0.0725062   0.703938
         0 -0.0725062   0.703938
         0 -0.0725062   0.703938
         0 -0.0725062   0.703938
         0 -0.0725062   0.703938
         0 -0.0725062   0.703938
         0 -0.0725062   0.703938
         0 -0.0725062   0.703938
         0 -0.0725062   0.703938
         0 -0.0725062   0.703938
         0 -0.0725062   0.703938
         0 -0.0725062   0.703938
         0 -0.0725062   0.703938
         0 -0.0725062   0.703938
         0 -0.0725062   0.703938
         0 -0.0725062   0.703938
         0 -0.0725062   0.703938
         0 -0.0725062   0.703938
         0 -0.0725062   0.703938
         0 -0.0725062   0.703938
         0 -0.0725062   0.703938
         0 -0.0725062   0.703938
         0 -0.0725062   0.703938
         0 -0.0725062   0.703938
         0 -0.0725062   0.703938
         0 -0.0725062   0.703938
         0 -0.0725062   0.703938
         0 -0.0725062   0.703938
         0 -0.0725062   0.703938
         0 -0.0725062   0.703938
         0 -0.0725062   0.703938
         0 -0.0725062   0.703938
         0 -0.0725062   0.703938
         0 -0.0725062   0.703938
         0 -0.0725062   0.703938
         0 -0.0725062   0.703938
         0 -0.0725062   0.703938
         0 -0.0725062   0.703938
         0 -0.0725062   0.703938
         0 -0.0725062   0.703938
         0 -0.0725062   0.703938
         0 -0.0725062   0.703938
         0 -0.0725062   0.703938
         0 -0.0725062   0.703938
         0 -0.0725062   0.703938
         0 -0.0725062   0.703938
         0 -0.0725062   0.703938
         0 -0.0725062   0.703938
         0 -0.0725062   0.703938
         0 -0.0725062   0.703938
         0 -0.0725062   0.703938
         0 -0.0725062   0.703938
         0 -0.0725062   0.703938
         0 -0.0725062   0.703938
         0 -0.0725062   0.703938
         0 -0.0725062   0.703938
         0 -0.0725062   0.703938
         0 -0.0725062   0.703938
         0 -0.0725062   0.703938
         0 -0.0725062   0.703938
         0 -0.0725062   0.703938
         0 -0.0725062   0.703938
         0 -0.0725062   0.703938
         0 -0.0725062   0.703938
         0 -0.0725062   0.703938
         0 -0.0725062   0.703938
         0 -0.0725062   0.703938
         0 -0.0725062   0.703938
         0 -0.0725062   0.703938
         0 -0.0725062   0.703938
         0 -0.0725062   0.703938
         0 -0.0725062   0.703938
         0 -0.0725062   0.703938
         0 -0.0725062   0.703938
         0 -0.0725062   0.703938
         0 -0.0725062   0.703938
         0 -0.0725062   0.703938
         0 -0.0725062   0.703938
         0 -0.0725062   0.703938
         0 -0.0725062   0.703938
         0 -0.0725062   0.703938
         0 -0.0725062   0.703938
         0 -0.0725062   0.703938
         0 -0.0725062   0.703938
         0 -0.0725062   0.703938
         0 -0.0725062   0.703938
         0 -0.0725062   0.703938
         0 -0.0725062   0.703938
         0 -0.0725062   0.703938
         0 -0.0725062   0.703938
         0 -0.0725062   0.703938
         0 -0.0725062   0.703938
         0 -0.0725062   0.703938
         0 -0.0725062   0.703938
         0 -0.0725062   0.703938
         0 -0.0725062   0.703938
         0 -0.0725062   0.703938
         0 -0.0725062   0.703938
         0 -0.0725062   0.703938
         0 -0.0725062   0.703938
         0 -0.0725062   0.703938
         0 -0.0725062   0.703938
         0 -0.0725062   0.703938
         0 -0.0725062   0.703938
         0 -0.0725062   0.703938
         0 -0.0725062   0.703938
         0 -0.0725062   0.703938
         0 -0.0725062   0.703938
         0 -0.0725062   0.703938
         0 -0.0725062   0.703938
         0 -0.0725062   0.703938
         0 -0.0725062   0.703938
         0 -0.0725062   0.703938
         0 -0.0725062   0.703938
         0 -0.0725062   0.703938
         0 -0.0725062   0.703938
         0 -0.0725062   0.703938
         0 -0.0725062   0.703938
         0 -0.0725062   0.703938
         0 -0.0725062   0.703938
         0 -0.0725062   0.703938
         0 -0.0725062   0.703938
         0 -0.0725062   0.703938
         0 -0.0725062   0.703938
         0 -0.0725062   0.703938
         0 -0.0725062   0.703938
         0 -0.0725062   0.703938
         0 -0.0725062   0.703938
         0 -0.0725062   0.703938
         0 -0.0725062   0.703938
         0 -0.0725062   0.703938
         0 -0.0725062   0.703938
         0 -0.0725062   0.703938
         0 -0.0725062   0.703938
         0 -0.0725062   0.703938
         0 -0.0725062   0.703938
         0 -0.0725062   0.703938
         0 -0.0725062   0.703938
         0 -0.0725062   0.703938
         0 -0.0725062   0.703938
         0 -0.0725062   0.703938
         0 -0.0725062   0.703938
         0 -0.0725062   0.703938
         0 -0.0725062   0.703938
         0 -0.0725062   0.703938
         0 -0.0725062   0.703938
         0 -0.0725062   0.703938
         0 -0.0725062   0.703938
         0 -0.0725062   0.703938
         0 -0.0725062   0.703938
         0 -0.0725062   0.703938
         0 -0.0725062   0.703938
         0 -0.0725062   0.703938
         0 -0.0725062   0.703938
         0 -0.0725062   0.703938
         0 -0.0725062   0.703938
         0 -0.0725062   0.703938
         0 -0.0725062   0.703938
         0 -0.0725062   0.703938
         0 -0.0725062   0.703938
         0 -0.0725062   0.703938
         0 -0.0725062   0.703938
         0 -0.0725062   0.703938
         0 -0.0725062   0.703938
         0 -0.0725062   0.703938
         0 -0.0725062   0.703938
         0 -0.0725062   0.703938
         0 -0.0725062   0.703938
         0 -0.0725062   0.703938
         0 -0.0725062   0.703938
         0 -0.0725062   0.703938
         0 -0.0725062   0.703938
         0 -0.0725062   0.703938
         0 -0.0725062   0.703938
         0 -0.0725062   0.703938
         0 -0.0725062   0.703938
         0 -0.0725062   0.703938
         0 -0.0725062   0.703938
         0 -0.0725062   0.703938
         0 -0.0725062   0.703938
         0 -0.0725062   0.703938
         0 -0.0725062   0.703938
         0 -0.0725062   0.703938
         0 -0.0725062   0.703938
         0 -0.0725062   0.703938
         0 -0.0725062   0.703938
         0 -0.0725062   0.703938
         0 -0.0725062   0.703938
         0 -0.0725062   0.703938
         0 -0.0725062   0.703938
         0 -0.0725062   0.703938
         0 -0.0725062   0.703938
         0 -0.0725062   0.703938
         0 -0.0725062   0.703938
         0 -0.0725062   0.703938
         0 -0.0725062   0.703938
         0 -0.0725062   0.703938
         0 -0.0725062   0.703938
         0 -0.0725062   0.703938
         0 -0.0725062   0.703938
         0 -0.0725062   0.703938
         0 -0.0725062   0.703938
         0 -0.0725062   0.703938
         0 -0.0725062   0.703938
         0 -0.0725062   0.703938
         0 -0.0725062   0.703938
         0 -0.0725062   0.703938
         0 -0.0725062   0.703938
         0 -0.0725062   0.703938
         0 -0.0725062   0.703938
         0 -0.0725062   0.703938
         0 -0.0725062   0.703938
         0 -0.0725062   0.703938
         0 -0.0725062   0.703938
         0 -0.0725062   0.703938
         0 -0.0725062   0.703938
         0 -0.0725062   0.703938
         0 -0.0725062   0.703938
         0 -0.0725062   0.703938
         0 -0.0725062   0.703938
         0 -0.0725062   0.703938
         0 -0.0725062   0.703938
         0 -0.0725062   0.703938
         0 -0.0725062   0.703938
         0 -0.0725062   0.703938
         0 -0.0725062   0.703938
         0 -0.0725062   0.703938
         0 -0.0725062   0.703938
         0 -0.0725062   0.703938
         0 -0.0725062   0.703938
         0 -0.0725062   0.703938
         0 -0.0725062   0.703938
         0 -0.0725062   0.703938
         0 -0.0725062   0.703938
         0 -0.0725062   0.703938
         0 -0.0725062   0.703938
         0 -0.0725062   0.703938
         0 -0.0725062   0.703938
         0 -0.0725062   0.703938
         0 -0.0725062   0.703938
         0 -0.0725062   0.703938
         0 -0.0725062   0.703938
         0 -0.0725062   0.703938
         0 -0.0725062   0.703938
         0 -0.0725062   0.703938
         0 -0.0725062   0.703938
         0 -0.0725062   0.703938
         0 -0.0725062   0.703938
         0 -0.0725062   0.703938
         0 -0.0725062   0.703938
         0 -0.0725062   0.703938
         0 -0.0725062   0.703938
         0 -0.0725062   0.703938
         0 -0.0725062   0.703938
         0 -0.0725062   0.703938
         0 -0.0725062   0.703938
         0 -0.0725062   0.703938
         0 -0.0725062   0.703938
         0 -0.0725062   0.703938
         0 -0.0725062   0.703938
         0 -0.0725062   0.703938
         0 -0.0725062   0.703938
         0 -0.0725062   0.703938
         0 -0.0725062   0.703938
         0 -0.0725062   0.703938
         0 -0.0725062   0.703938
         0 -0.0725062   0.703938
         0 -0.0725062   0.703938
         0 -0.0725062   0.703938
         0 -0.0725062   0.703938
         0 -0.0725062   0.703938
         0 -0.0725062   0.703938
         0 -0.0725062   0.703938
         0 -0.0725062   0.703938
         0 -0.0725062   0.703938
         0 -0.0725062   0.703938
         0 -0.0725062   0.703938
         0 -0.0725062   0.703938
         0 -0.0725062   0.703938
         0 -0.0725062   0.703938
         0 -0.0725062   0.703938
         0 -0.0725062   0.703938
         0 -0.0725062   0.703938
         0 -0.0725062   0.703938
         0 -0.0725062   0.703938
         0 -0.0725062   0.703938
         0 -0.0725062   0.703938
         0 -0.0725062   0.703938
         0 -0.0725062   0.703938
         0 -0.0725062   0.703938
         0 -0.0725062   0.703938
         0 -0.0725062   0.703938
         0 -0.0725062   0.703938
         0 -0.0725062   0.703938
         0 -0.0725062   0.703938
         0 -0.0725062   0.703938
         0 -0.0725062   0.703938
         0 -0.0725062   0.703938
         0 -0.0725062   0.703938
         0 -0.0725062   0.703938
         0 -0.0725062   0.703938
         0 -0.0725062   0.703938
         0 -0.0725062   0.703938
         0 -0.0725062   0.703938
         0 -0.0725062   0.703938
         0 -0.0725062   0.703938
         0 -0.0725062   0.703938
         0 -0.0725062   0.703938
         0 -0.0725062   0.703938
         0 -0.0725062   0.703938
         0 -0.0725062   0.703938
         0 -0.0725062   0.703938
         0 -0.0725062   0.703938
         0 -0.0725062   0.703938
         0 -0.0725062   0.703938
         0 -0.0725062   0.703938
         0 -0.0725062   0.703938
         0 -0.0725062   0.703938
         0 -0.0725062   0.703938
         0 -0.0725062   0.703938
         0 -0.0725062   0.703938
         0 -0.0725062   0.703938
         0 -0.0725062   0.703938
         0 -0.0725062   0.703938
         0 -0.0725062   0.703938
         0 -0.0725062   0.703938
         0 -0.0725062   0.703938
         0 -0.0725062   0.703938
         0 -0.0725062   0.703938
         0 -0.0725062   0.703938
         0 -0.0725062   0.703938
         0 -0.0725062   0.703938
         0 -0.0725062   0.703938
         0 -0.0725062   0.703938
         0 -0.0725062   0.703938
         0 -0.0725062   0.703938
         0 -0.0725062   0.703938
         0 -0.0725062   0.703938
         0 -0.0725062   0.703938
         0 -0.0725062   0.703938
         0 -0.0725062   0.703938
         0 -0.0725062   0.703938
         0 -0.0725062   0.703938
         0 -0.0725062   0.703938
         0 -0.0725062   0.703938
         0 -0.0725062   0.703938
         0 -0.0725062   0.703938
         0 -0.0725062   0.703938
         0 -0.0725062   0.703938
         0 -0.0725062   0.703938
         0 -0.0725062   0.703938
         0 -0.0725062   0.703938
         0 -0.0725062   0.703938
         0 -0.0725062   0.703938
         0 -0.0725062   0.703938
         0 -0.0725062   0.703938
         0 -0.0725062   0.703938
         0 -0.0725062   0.703938
         0 -0.0725062   0.703938
         0 -0.0725062   0.703938
         0 -0.0725062   0.703938
         0 -0.0725062   0.703938
         0 -0.0725062   0.703938
         0 -0.0725062   0.703938
         0 -0.0725062   0.703938
         0 -0.0725062   0.703938
         0 -0.0725062   0.703938
         0 -0.0725062   0.703938
         0 -0.0725062   0.703938
         0 -0.0725062   0.703938
         0 -0.0725062   0.703938
         0 -0.0725062   0.703938
         0 -0.0725062   0.703938
         0 -0.0725062   0.703938
         0 -0.0725062   0.703938
         0 -0.0725062   0.703938
         0 -0.0725062   0.703938
         0 -0.0725062   0.703938
         0 -0.0725062   0.703938
         0 -0.0725062   0.703938
         0 -0.0725062   0.703938
         0 -0.0725062   0.703938
         0 -0.0725062   0.703938
         0 -0.0725062   0.703938
         0 -0.0725062   0.703938
         0 -0.0725062   0.703938
         0 -0.0725062   0.703938
         0 -0.0725062   0.703938
         0 -0.0725062   0.703938
         0 -0.0725062   0.703938
         0 -0.0725062   0.703938
         0 -0.0725062   0.703938
         0 -0.0725062   0.703938
         0 -0.0725062   0.703938
         0 -0.0725062   0.703938
         0 -0.0725062   0.703938
         0 -0.0725062   0.703938
         0 -0.0725062   0.703938
         0 -0.0725062   0.703938
         0 -0.0725062   0.703938
         0 -0.0725062   0.703938
         0 -0.0725062   0.703938
         0 -0.0725062   0.703938
         0 -0.0725062   0.703938
         0 -0.0725062   0.703938
         0 -0.0725062   0.703938
         0 -0.0725062   0.703938
         0 -0.0725062   0.703938
         0 -0.0725062   0.703938
         0 -0.0725062   0.703938
         0 -0.0725062   0.703938
         0 -0.0725062   0.703938
         0 -0.0725062   0.703938
         0 -0.0725062   0.703938
         0 -0.0725062   0.703938
         0 -0.0725062   0.703938
         0 -0.0725062   0.703938
         0 -0.0725062   0.703938
         0 -0.0725062   0.703938
         0 -0.0725062   0.703938
         0 -0.0725062   0.703938
         0 -0.0725062   0.703938
         0 -0.0725062   0.703938
         0 -0.0725062   0.703938
         0 -0.0725062   0.703938
         0 -0.0725062   0.703938
         0 -0.0725062   0.703938
         0 -0.0725062   0.703938
         0 -0.0725062   0.703938
         0 -0.0725062   0.703938
         0 -0.0725062   0.703938
         0 -0.0725062   0.703938
         0 -0.0725062   0.703938
         0 -0.0725062   0.703938
         0 -0.0725062   0.703938
         0 -0.0725062   0.703938
         0 -0.0725062   0.703938
         0 -0.0725062   0.703938
         0 -0.0725062   0.703938
         0 -0.0725062   0.703938
         0 -0.0725062   0.703938
         0 -0.0725062   0.703938
         0 -0.0725062   0.703938
         0 -0.0725062   0.703938
         0 -0.0725062   0.703938
         0 -0.0725062   0.703938
         0 -0.0725062   0.703938
         0 -0.0725062   0.703938
         0 -0.0725062   0.703938
         0 -0.0725062   0.703938
         0 -0.0725062   0.703938
         0 -0.0725062   0.703938
         0 -0.0725062   0.703938
         0 -0.0725062   0.703938
         0 -0.0725062   0.703938
         0 -0.0725062   0.703938
         0 -0.0725062   0.703938
         0 -0.0725062   0.703938
         0 -0.0725062   0.703938
         0 -0.0725062   0.703938
         0 -0.0725062   0.703938
         0 -0.0725062   0.703938
         0 -0.0725062   0.703938
         0 -0.0725062   0.703938
         0 -0.0725062   0.703938
         0 -0.0725062   0.703938
         0 -0.0725062   0.703938
         0 -0.0725062   0.703938
         0 -0.0725062   0.703938
         0 -0.0725062   0.703938
         0 -0.0725062   0.703938
         0 -0.0725062   0.703938
         0 -0.0725062   0.703938
         0 -0.0725062   0.703938
         0 -0.0725062   0.703938
         0 -0.0725062   0.703938
         0 -0.0725062   0.703938
         0 -0.0725062   0.703938
         0 -0.0725062   0.703938
         0 -0.0725062   0.703938
         0 -0.0725062   0.703938
         0 -0.0725062   0.703938
         0 -0.0725062   0.703938
         0 -0.0725062   0.703938
         0 -0.0725062   0.703938
         0 -0.0725062   0.703938
         0 -0.0725062   0.703938
         0 -0.0725062   0.703938
         0 -0.0725062   0.703938
         0 -0.0725062   0.703938
         0 -0.0725062   0.703938
         0 -0.0725062   0.703938
         0 -0.0725062   0.703938
         0 -0.0725062   0.703938
         0 -0.0725062   0.703938
         0 -0.0725062   0.703938
         0 -0.0725062   0.703938
         0 -0.0725062   0.703938
         0 -0.0725062   0.703938
         0 -0.0725062   0.703938
         0 -0.0725062   0.703938
         0 -0.0725062   0.703938
         0 -0.0725062   0.703938
         0 -0.0725062   0.703938
         0 -0.0725062   0.703938
         0 -0.0725062   0.703938
         0 -0.0725062   0.703938
         0 -0.0725062   0.703938
         0 -0.0725062   0.703938
         0 -0.0725062   0.703938
         0 -0.0725062   0.703938
         0 -0.0725062   0.703938
         0 -0.0725062   0.703938
         0 -0.0725062   0.703938
         0 -0.0725062   0.703938
         0 -0.0725062   0.703938
         0 -0.0725062   0.703938
         0 -0.0725062   0.703938
         0 -0.0725062   0.703938
         0 -0.0725062   0.703938
         0 -0.0725062   0.703938
         0 -0.0725062   0.703938
         0 -0.0725062   0.703938
         0 -0.0725062   0.703938
         0 -0.0725062   0.703938
         0 -0.0725062   0.703938
         0 -0.0725062   0.703938
         0 -0.0725062   0.703938
         0 -0.0725062   0.703938
         0 -0.0725062   0.703938
         0 -0.0725062   0.703938
         0 -0.0725062   0.703938
         0 -0.0725062   0.703938
         0 -0.0725062   0.703938
         0 -0.0725062   0.703938
         0 -0.0725062   0.703938
         0 -0.0725062   0.703938
         0 -0.0725062   0.703938
         0 -0.0725062   0.703938
         0 -0.0725062   0.703938
         0 -0.0725062   0.703938
         0 -0.0725062   0.703938
         0 -0.0725062   0.703938
         0 -0.0725062   0.703938
         0 -0.0725062   0.703938
         0 -0.0725062   0.703938
         0 -0.0725062   0.703938
         0 -0.0725062   0.703938
         0 -0.0725062   0.703938
         0 -0.0725062   0.703938
         0 -0.0725062   0.703938
         0 -0.0725062   0.703938
         0 -0.0725062   0.703938
         0 -0.0725062   0.703938
         0 -0.0725062   0.703938
         0 -0.0725062   0.703938
         0 -0.0725062   0.703938
         0 -0.0725062   0.703938
         0 -0.0725062   0.703938
         0 -0.0725062   0.703938
         0 -0.0725062   0.703938
         0 -0.0725062   0.703938
         0 -0.0725062   0.703938
         0 -0.0725062   0.703938
         0 -0.0725062   0.703938
         0 -0.0725062   0.703938
         0 -0.0725062   0.703938
         0 -0.0725062   0.703938
         0 -0.0725062   0.703938
         0 -0.0725062   0.703938
         0 -0.0725062   0.703938
         0 -0.0725062   0.703938
         0 -0.0725062   0.703938
         0 -0.0725062   0.703938
         0 -0.0725062   0.703938
         0 -0.0725062   0.703938
         0 -0.0725062   0.703938
         0 -0.0725062   0.703938
         0 -0.0725062   0.703938
         0 -0.0725062   0.703938
         0 -0.0725062   0.703938
         0 -0.0725062   0.703938
         0 -0.0725062   0.703938
         0 -0.0725062   0.703938
         0 -0.0725062   0.703938
         0 -0.0725062   0.703938
         0 -0.0725062   0.703938
         0 -0.0725062   0.703938
         0 -0.0725062   0.703938
         0 -0.0725062   0.703938
         0 -0.0725062   0.703938
         0 -0.0725062   0.703938
         0 -0.0725062   0.703938
         0 -0.0725062   0.703938
         0 -0.0725062   0.703938
         0 -0.0725062   0.703938
         0 -0.0725062   0.703938
         0 -0.0725062   0.703938
         0 -0.0725062   0.703938
         0 -0.0725062   0.703938
         0 -0.0725062   0.703938
         0 -0.0725062   0.703938
         0 -0.0725062   0.703938
         0 -0.0725062   0.703938
         0 -0.0725062   0.703938
         0 -0.0725062   0.703938
         0 -0.0725062   0.703938
         0 -0.0725062   0.703938
         0 -0.0725062   0.703938
         0 -0.0725062   0.703938
         0 -0.0725062   0.703938
         0 -0.0725062   0.703938
         0 -0.0725062   0.703938
         0 -0.0725062   0.703938
         0 -0.0725062   0.703938
         0 -0.0725062   0.703938
         0 -0.0725062   0.703938
         0 -0.0725062   0.703938
         0 -0.0725062   0.703938
         0 -0.0725062   0.703938
         0 -0.0725062   0.703938
         0 -0.0725062   0.703938
         0 -0.0725062   0.703938
         0 -0.0725062   0.703938
         0 -0.0725062   0.703938
         0 -0.0725062   0.703938
         0 -0.0725062   0.703938
         0 -0.0725062   0.703938
         0 -0.0725062   0.703938
         0 -0.0725062   0.703938
         0 -0.0725062   0.703938
         0 -0.0725062   0.703938
         0 -0.0725062   0.703938
         0 -0.0725062   0.703938
         0 -0.0725062   0.703938
         0 -0.0725062   0.703938
         0 -0.0725062   0.703938
         0 -0.0725062   0.703938
         0 -0.0725062   0.703938
         0 -0.0725062   0.703938
         0 -0.0725062   0.703938
         0 -0.0725062   0.703938
         0 -0.0725062   0.703938
         0 -0.0725062   0.703938
         0 -0.0725062   0.703938
         0 -0.0725062   0.703938
         0 -0.0725062   0.703938
         0 -0.0725062   0.703938
         0 -0.0725062   0.703938
         0 -0.0725062   0.703938
         0 -0.0725062   0.703938
         0 -0.0725062   0.703938
         0 -0.0725062   0.703938
         0 -0.0725062   0.703938
         0 -0.0725062   0.703938
         0 -0.0725062   0.703938
         0 -0.0725062   0.703938
         0 -0.0725062   0.703938
         0 -0.0725062   0.703938
         0 -0.0725062   0.703938
         0 -0.0725062   0.703938
         0 -0.0725062   0.703938
         0 -0.0725062   0.703938
         0 -0.0725062   0.703938
         0 -0.0725062   0.703938
         0 -0.0725062   0.703938
         0 -0.0725062   0.703938
         0 -0.0725062   0.703938
         0 -0.0725062   0.703938
         0 -0.0725062   0.703938
         0 -0.0725062   0.703938
         0 -0.0725062   0.703938
         0 -0.0725062   0.703938
         0 -0.0725062   0.703938
         0 -0.0725062   0.703938
         0 -0.0725062   0.703938
         0 -0.0725062   0.703938
         0 -0.0725062   0.703938
         0 -0.0725062   0.703938
         0 -0.0725062   0.703938
         0 -0.0725062   0.703938
         0 -0.0725062   0.703938
         0 -0.0725062   0.703938
         0 -0.0725062   0.703938
         0 -0.0725062   0.703938
         0 -0.0725062   0.703938
         0 -0.0725062   0.703938
         0 -0.0725062   0.703938
         0 -0.0725062   0.703938
         0 -0.0725062   0.703938
         0 -0.0725062   0.703938
         0 -0.0725062   0.703938
         0 -0.0725062   0.703938
         0 -0.0725062   0.703938
         0 -0.0725062   0.703938
         0 -0.0725062   0.703938
         0 -0.0725062   0.703938
         0 -0.0725062   0.703938
         0 -0.0725062   0.703938
         0 -0.0725062   0.703938
         0 -0.0725062   0.703938
         0 -0.0725062   0.703938
         0 -0.0725062   0.703938
         0 -0.0725062   0.703938
         0 -0.0725062   0.703938
         0 -0.0725062   0.703938
         0 -0.0725062   0.703938
         0 -0.0725062   0.703938
         0 -0.0725062   0.703938
         0 -0.0725062   0.703938
         0 -0.0725062   0.703938
         0 -0.0725062   0.703938
         0 -0.0725062   0.703938
         0 -0.0725062   0.703938
         0 -0.0725062   0.703938
         0 -0.0725062   0.703938
         0 -0.0725062   0.703938
         0 -0.0725062   0.703938
         0 -0.0725062   0.703938
         0 -0.0725062   0.703938
         0 -0.0725062   0.703938
         0 -0.0725062   0.703938
         0 -0.0725062   0.703938
         0 -0.0725062   0.703938
         0 -0.0725062   0.703938
         0 -0.0725062   0.703938
         0 -0.0725062   0.703938
         0 -0.0725062   0.703938
         0 -0.0725062   0.703938
         0 -0.0725062   0.703938
         0 -0.0725062   0.703938
         0 -0.0725062   0.703938
         0 -0.0725062   0.703938
         0 -0.0725062   0.703938
         0 -0.0725062   0.703938
         0 -0.0725062   0.703938
         0 -0.0725062   0.703938
         0 -0.0725062   0.703938
         0 -0.0725062   0.703938
         0 -0.0725062   0.703938
         0 -0.0725062   0.703938
         0 -0.0725062   0.703938
         0 -0.0725062   0.703938
         0 -0.0725062   0.703938
         0 -0.0725062   0.703938
         0 -0.0725062   0.703938
         0 -0.0725062   0.703938
         0 -0.0725062   0.703938
         0 -0.0725062   0.703938
         0 -0.0725062   0.703938
         0 -0.0725062   0.703938
         0 -0.0725062   0.703938
         0 -0.0725062   0.703938
         0 -0.0725062   0.703938
         0 -0.0725062   0.703938
         0 -0.0725062   0.703938
         0 -0.0725062   0.703938
         0 -0.0725062   0.703938
         0 -0.0725062   0.703938
         0 -0.0725062   0.703938
         0 -0.0725062   0.703938
         0 -0.0725062   0.703938
         0 -0.0725062   0.703938
         0 -0.0725062   0.703938
         0 -0.0725062   0.703938
         0 -0.0725062   0.703938
         0 -0.0725062   0.703938
         0 -0.0725062   0.703938
         0 -0.0725062   0.703938
         0 -0.0725062   0.703938
         0 -0.0725062   0.703938
         0 -0.0725062   0.703938
         0 -0.0725062   0.703938
         0 -0.0725062   0.703938
         0 -0.0725062   0.703938
         0 -0.0725062   0.703938
         0 -0.0725062   0.703938
         0 -0.0725062   0.703938
         0 -0.0725062   0.703938
         0 -0.0725062   0.703938
         0 -0.0725062   0.703938
         0 -0.0725062   0.703938
         0 -0.0725062   0.703938
         0 -0.0725062   0.703938
         0 -0.0725062   0.703938
         0 -0.0725062   0.703938
         0 -0.0725062   0.703938
         0 -0.0725062   0.703938
         0 -0.0725062   0.703938
         0 -0.0725062   0.703938
         0 -0.0725062   0.703938
         0 -0.0725062   0.703938
         0 -0.0725062   0.703938
         0 -0.0725062   0.703938
         0 -0.0725062   0.703938
         0 -0.0725062   0.703938
         0 -0.0725062   0.703938
         0 -0.0725062   0.703938
         0 -0.0725062   0.703938
         0 -0.0725062   0.703938
         0 -0.0725062   0.703938
         0 -0.0725062   0.703938
         0 -0.0725062   0.703938
         0 -0.0725062   0.703938
         0 -0.0725062   0.703938
         0 -0.0725062   0.703938
         0 -0.0725062   0.703938
         0 -0.0725062   0.703938
         0 -0.0725062   0.703938
         0 -0.0725062   0.703938
         0 -0.0725062   0.703938
         0 -0.0725062   0.703938
         0 -0.0725062   0.703938
         0 -0.0725062   0.703938
         0 -0.0725062   0.703938
         0 -0.0725062   0.703938
         0 -0.0725062   0.703938
         0 -0.0725062   0.703938
         0 -0.0725062   0.703938
         0 -0.0725062   0.703938
         0 -0.0725062   0.703938
         0 -0.0725062   0.703938
         0 -0.0725062   0.703938
         0 -0.0725062   0.703938
         0 -0.0725062   0.703938
         0 -0.0725062   0.703938
         0 -0.0725062   0.703938
         0 -0.0725062   0.703938
         0 -0.0725062   0.703938
         0 -0.0725062   0.703938
         0 -0.0725062   0.703938
         0 -0.0725062   0.703938
         0 -0.0725062   0.703938
         0 -0.0725062   0.703938
         0 -0.0725062   0.703938
         0 -0.0725062   0.703938
         0 -0.0725062   0.703938
         0 -0.0725062   0.703938
         0 -0.0725062   0.703938
         0 -0.0725062   0.703938
         0 -0.0725062   0.703938
         0 -0.0725062   0.703938
         0 -0.0725062   0.703938
         0 -0.0725062   0.703938
         0 -0.0725062   0.703938
         0 -0.0725062   0.703938
         0 -0.0725062   0.703938
         0 -0.0725062   0.703938
         0 -0.0725062   0.703938
         0 -0.0725062   0.703938
         0 -0.0725062   0.703938
         0 -0.0725062   0.703938
         0 -0.0725062   0.703938
         0 -0.0725062   0.703938
         0 -0.0725062   0.703938
         0 -0.0725062   0.703938
         0 -0.0725062   0.703938
         0 -0.0725062   0.703938
         0 -0.0725062   0.703938
         0 -0.0725062   0.703938
         0 -0.0725062   0.703938
         0 -0.0725062   0.703938
         0 -0.0725062   0.703938
         0 -0.0725062   0.703938
         0 -0.0725062   0.703938
         0 -0.0725062   0.703938
         0 -0.0725062   0.703938
         0 -0.0725062   0.703938
         0 -0.0725062   0.703938
         0 -0.0725062   0.703938
         0 -0.0725062   0.703938
         0 -0.0725062   0.703938
         0 -0.0725062   0.703938
         0 -0.0725062   0.703938
         0 -0.0725062   0.703938
         0 -0.0725062   0.703938
         0 -0.0725062   0.703938
         0 -0.0725062   0.703938
         0 -0.0725062   0.703938
         0 -0.0725062   0.703938
         0 -0.0725062   0.703938
         0 -0.0725062   0.703938
         0 -0.0725062   0.703938
         0 -0.0725062   0.703938
         0 -0.0725062   0.703938
         0 -0.0725062   0.703938
         0 -0.0725062   0.703938
         0 -0.0725062   0.703938
         0 -0.0725062   0.703938
         0 -0.0725062   0.703938
         0 -0.0725062   0.703938
         0 -0.0725062   0.703938
         0 -0.0725062   0.703938
         0 -0.0725062   0.703938
         0 -0.0725062   0.703938
         0 -0.0725062   0.703938
         0 -0.0725062   0.703938
         0 -0.0725062   0.703938
         0 -0.0725062   0.703938
         0 -0.0725062   0.703938
         0 -0.0725062   0.703938
         0 -0.0725062   0.703938
         0 -0.0725062   0.703938
         0 -0.0725062   0.703938
         0 -0.0725062   0.703938
         0 -0.0725062   0.703938
         0 -0.0725062   0.703938
         0 -0.0725062   0.703938
         0 -0.0725062   0.703938
         0 -0.0725062   0.703938
         0 -0.0725062   0.703938
         0 -0.0725062   0.703938
         0 -0.0725062   0.703938
         0 -0.0725062   0.703938
         0 -0.0725062   0.703938
         0 -0.0725062   0.703938
         0 -0.0725062   0.703938
         0 -0.0725062   0.703938
         0 -0.0725062   0.703938
         0 -0.0725062   0.703938
         0 -0.0725062   0.703938
         0 -0.0725062   0.703938
         0 -0.0725062   0.703938
         0 -0.0725062   0.703938
         0 -0.0725062   0.703938
         0 -0.0725062   0.703938
         0 -0.0725062   0.703938
         0 -0.0725062   0.703938
         0 -0.0725062   0.703938
         0 -0.0725062   0.703938
         0 -0.0725062   0.703938
         0 -0.0725062   0.703938
         0 -0.0725062   0.703938
         0 -0.0725062   0.703938
         0 -0.0725062   0.703938
         0 -0.0725062   0.703938
         0 -0.0725062   0.703938
         0 -0.0725062   0.703938
         0 -0.0725062   0.703938
         0 -0.0725062   0.703938
         0 -0.0725062   0.703938
         0 -0.0725062   0.703938
         0 -0.0725062   0.703938
         0 -0.0725062   0.703938
         0 -0.0725062   0.703938
         0 -0.0725062   0.703938
         0 -0.0725062   0.703938
         0 -0.0725062   0.703938
         0 -0.0725062   0.703938
         0 -0.0725062   0.703938
         0 -0.0725062   0.703938
         0 -0.0725062   0.703938
         0 -0.0725062   0.703938
         0 -0.0725062   0.703938
         0 -0.0725062   0.703938
         0 -0.0725062   0.703938
         0 -0.0725062   0.703938
         0 -0.0725062   0.703938
         0 -0.0725062   0.703938
         0 -0.0725062   0.703938
         0 -0.0725062   0.703938
         0 -0.0725062   0.703938
         0 -0.0725062   0.703938
         0 -0.0725062   0.703938
         0 -0.0725062   0.703938
         0 -0.0725062   0.703938
         0 -0.0725062   0.703938
         0 -0.0725062   0.703938
         0 -0.0725062   0.703938
         0 -0.0725062   0.703938
         0 -0.0725062   0.703938
         0 -0.0725062   0.703938
         0 -0.0725062   0.703938
         0 -0.0725062   0.703938
         0 -0.0725062   0.703938
         0 -0.0725062   0.703938
         0 -0.0725062   0.703938
         0 -0.0725062   0.703938
         0 -0.0725062   0.703938
         0 -0.0725062   0.703938
         0 -0.0725062   0.703938
         0 -0.0725062   0.703938
         0 -0.0725062   0.703938
         0 -0.0725062   0.703938
         0 -0.0725062   0.703938
         0 -0.0725062   0.703938
         0 -0.0725062   0.703938
         0 -0.0725062   0.703938
         0 -0.0725062   0.703938
         0 -0.0725062   0.703938
         0 -0.0725062   0.703938
         0 -0.0725062   0.703938
         0 -0.0725062   0.703938
         0 -0.0725062   0.703938
         0 -0.0725062   0.703938
         0 -0.0725062   0.703938
         0 -0.0725062   0.703938
         0 -0.0725062   0.703938
         0 -0.0725062   0.703938
         0 -0.0725062   0.703938
         0 -0.0725062   0.703938
         0 -0.0725062   0.703938
         0 -0.0725062   0.703938
         0 -0.0725062   0.703938
         0 -0.0725062   0.703938
         0 -0.0725062   0.703938
         0 -0.0725062   0.703938
         0 -0.0725062   0.703938
         0 -0.0725062   0.703938
         0 -0.0725062   0.703938
         0 -0.0725062   0.703938
         0 -0.0725062   0.703938
         0 -0.0725062   0.703938
         0 -0.0725062   0.703938
         0 -0.0725062   0.703938
         0 -0.0725062   0.703938
         0 -0.0725062   0.703938
         0 -0.0725062   0.703938
         0 -0.0725062   0.703938
         0 -0.0725062   0.703938
         0 -0.0725062   0.703938
         0 -0.0725062   0.703938
         0 -0.0725062   0.703938
         0 -0.0725062   0.703938
         0 -0.0725062   0.703938
         0 -0.0725062   0.703938
         0 -0.0725062   0.703938
         0 -0.0725062   0.703938
         0 -0.0725062   0.703938
         0 -0.0725062   0.703938
         0 -0.0725062   0.703938
         0 -0.0725062   0.703938
         0 -0.0725062   0.703938
         0 -0.0725062   0.703938
         0 -0.0725062   0.703938
         0 -0.0725062   0.703938
         0 -0.0725062   0.703938
         0 -0.0725062   0.703938
         0 -0.0725062   0.703938
         0 -0.0725062   0.703938
         0 -0.0725062   0.703938
         0 -0.0725062   0.703938
         0 -0.0725062   0.703938
         0 -0.0725062   0.703938
         0 -0.0725062   0.703938
         0 -0.0725062   0.703938
         0 -0.0725062   0.703938
         0 -0.0725062   0.703938
         0 -0.0725062   0.703938
         0 -0.0725062   0.703938
         0 -0.0725062   0.703938
         0 -0.0725062   0.703938
         0 -0.0725062   0.703938
         0 -0.0725062   0.703938
         0 -0.0725062   0.703938
         0 -0.0725062   0.703938
         0 -0.0725062   0.703938
         0 -0.0725062   0.703938
         0 -0.0725062   0.703938
         0 -0.0725062   0.703938
         0 -0.0725062   0.703938
         0 -0.0725062   0.703938
         0 -0.0725062   0.703938
         0 -0.0725062   0.703938
         0 -0.0725062   0.703938
         0 -0.0725062   0.703938
         0 -0.0725062   0.703938
         0 -0.0725062   0.703938
         0 -0.0725062   0.703938
         0 -0.0725062   0.703938
         0 -0.0725062   0.703938
         0 -0.0725062   0.703938
         0 -0.0725062   0.703938
         0 -0.0725062   0.703938
         0 -0.0725062   0.703938
         0 -0.0725062   0.703938
         0 -0.0725062   0.703938
         0 -0.0725062   0.703938
         0 -0.0725062   0.703938
         0 -0.0725062   0.703938
         0 -0.0725062   0.703938
         0 -0.0725062   0.703938
         0 -0.0725062   0.703938
         0 -0.0725062   0.703938
         0 -0.0725062   0.703938
         0 -0.0725062   0.703938
         0 -0.0725062   0.703938
         0 -0.0725062   0.703938
         0 -0.0725062   0.703938
         0 -0.0725062   0.703938
         0 -0.0725062   0.703938
         0 -0.0725062   0.703938
         0 -0.0725062   0.703938
         0 -0.0725062   0.703938
         0 -0.0725062   0.703938
         0 -0.0725062   0.703938
         0 -0.0725062   0.703938
         0 -0.0725062   0.703938
         0 -0.0725062   0.703938
         0 -0.0725062   0.703938
         0 -0.0725062   0.703938
         0 -0.0725062   0.703938
         0 -0.0725062   0.703938
         0 -0.0725062   0.703938
         0 -0.0725062   0.703938
         0 -0.0725062   0.703938
         0 -0.0725062   0.703938
         0 -0.0725062   0.703938
         0 -0.0725062   0.703938
         0 -0.0725062   0.703938
         0 -0.0725062   0.703938
         0 -0.0725062   0.703938
         0 -0.0725062   0.703938
         0 -0.0725062   0.703938
         0 -0.0725062   0.703938
         0 -0.0725062   0.703938
         0 -0.0725062   0.703938
         0 -0.0725062   0.703938
         0 -0.0725062   0.703938
         0 -0.0725062   0.703938
         0 -0.0725062   0.703938
         0 -0.0725062   0.703938
         0 -0.0725062   0.703938
         0 -0.0725062   0.703938
         0 -0.0725062   0.703938
         0 -0.0725062   0.703938
         0 -0.0725062   0.703938
         0 -0.0725062   0.703938
         0 -0.0725062   0.703938
         0 -0.0725062   0.703938
         0 -0.0725062   0.703938
         0 -0.0725062   0.703938
         0 -0.0725062   0.703938
         0 -0.0725062   0.703938
         0 -0.0725062   0.703938
         0 -0.0725062   0.703938
         0 -0.0725062   0.703938
         0 -0.0725062   0.703938
         0 -0.0725062   0.703938
         0 -0.0725062   0.703938
         0 -0.0725062   0.703938
         0 -0.0725062   0.703938
         0 -0.0725062   0.703938
         0 -0.0725062   0.703938
         0 -0.0725062   0.703938
         0 -0.0725062   0.703938
         0 -0.0725062   0.703938
         0 -0.0725062   0.703938
         0 -0.0725062   0.703938
         0 -0.0725062   0.703938
         0 -0.0725062   0.703938
         0 -0.0725062   0.703938
         0 -0.0725062   0.703938
         0 -0.0725062   0.703938
         0 -0.0725062   0.703938
         0 -0.0725062   0.703938
         0 -0.0725062   0.703938
         0 -0.0725062   0.703938
         0 -0.0725062   0.703938
         0 -0.0725062   0.703938
         0 -0.0725062   0.703938
         0 -0.0725062   0.703938
         0 -0.0725062   0.703938
         0 -0.0725062   0.703938
         0 -0.0725062   0.703938
         0 -0.0725062   0.703938
         0 -0.0725062   0.703938
         0 -0.0725062   0.703938
         0 -0.0725062   0.703938
         0 -0.0725062   0.703938
         0 -0.0725062   0.703938
         0 -0.0725062   0.703938
         0 -0.0725062   0.703938
         0 -0.0725062   0.703938
         0 -0.0725062   0.703938
         0 -0.0725062   0.703938
         0 -0.0725062   0.703938
         0 -0.0725062   0.703938
         0 -0.0725062   0.703938
         0 -0.0725062   0.703938
         0 -0.0725062   0.703938
         0 -0.0725062   0.703938
         0 -0.0725062   0.703938
         0 -0.0725062   0.703938
         0 -0.0725062   0.703938
         0 -0.0725062   0.703938
         0 -0.0725062   0.703938
         0 -0.0725062   0.703938
         0 -0.0725062   0.703938
         0 -0.0725062   0.703938
         0 -0.0725062   0.703938
         0 -0.0725062   0.703938
         0 -0.0725062   0.703938
         0 -0.0725062   0.703938
         0 -0.0725062   0.703938
         0 -0.0725062   0.703938
         0 -0.0725062   0.703938
         0 -0.0725062   0.703938
         0 -0.0725062   0.703938
         0 -0.0725062   0.703938
         0 -0.0725062   0.703938
         0 -0.0725062   0.703938
         0 -0.0725062   0.703938
         0 -0.0725062   0.703938
         0 -0.0725062   0.703938
         0 -0.0725062   0.703938
         0 -0.0725062   0.703938
         0 -0.0725062   0.703938
         0 -0.0725062   0.703938
         0 -0.0725062   0.703938
         0 -0.0725062   0.703938
         0 -0.0725062   0.703938
         0 -0.0725062   0.703938
         0 -0.0725062   0.703938
         0 -0.0725062   0.703938
         0 -0.0725062   0.703938
         0 -0.0725062   0.703938
         0 -0.0725062   0.703938
         0 -0.0725062   0.703938
         0 -0.0725062   0.703938
         0 -0.0725062   0.703938
         0 -0.0725062   0.703938
         0 -0.0725062   0.703938
         0 -0.0725062   0.703938
         0 -0.0725062   0.703938
         0 -0.0725062   0.703938
         0 -0.0725062   0.703938
         0 -0.0725062   0.703938
         0 -0.0725062   0.703938
         0 -0.0725062   0.703938
         0 -0.0725062   0.703938
         0 -0.0725062   0.703938
         0 -0.0725062   0.703938
         0 -0.0725062   0.703938
         0 -0.0725062   0.703938
         0 -0.0725062   0.703938
         0 -0.0725062   0.703938
         0 -0.0725062   0.703938
         0 -0.0725062   0.703938
         0 -0.0725062   0.703938
         0 -0.0725062   0.703938
         0 -0.0725062   0.703938
         0 -0.0725062   0.703938
         0 -0.0725062   0.703938
         0 -0.0725062   0.703938
         0 -0.0725062   0.703938
         0 -0.0725062   0.703938
         0 -0.0725062   0.703938
         0 -0.0725062   0.703938
         0 -0.0725062   0.703938
         0 -0.0725062   0.703938
         0 -0.0725062   0.703938
         0 -0.0725062   0.703938
         0 -0.0725062   0.703938
         0 -0.0725062   0.703938
         0 -0.0725062   0.703938
         0 -0.0725062   0.703938
         0 -0.0725062   0.703938
         0 -0.0725062   0.703938
         0 -0.0725062   0.703938
         0 -0.0725062   0.703938
         0 -0.0725062   0.703938
         0 -0.0725062   0.703938
         0 -0.0725062   0.703938
         0 -0.0725062   0.703938
         0 -0.0725062   0.703938
         0 -0.0725062   0.703938
         0 -0.0725062   0.703938
         0 -0.0725062   0.703938
         0 -0.0725062   0.703938
         0 -0.0725062   0.703938
         0 -0.0725062   0.703938
         0 -0.0725062   0.703938
         0 -0.0725062   0.703938
         0 -0.0725062   0.703938
         0 -0.0725062   0.703938
         0 -0.0725062   0.703938
         0 -0.0725062   0.703938
         0 -0.0725062   0.703938
         0 -0.0725062   0.703938
         0 -0.0725062   0.703938
         0 -0.0725062   0.703938
         0 -0.0725062   0.703938
         0 -0.0725062   0.703938
         0 -0.0725062   0.703938
         0 -0.0725062   0.703938
         0 -0.0725062   0.703938
         0 -0.0725062   0.703938
         0 -0.0725062   0.703938
         0 -0.0725062   0.703938
         0 -0.0725062   0.703938
         0 -0.0725062   0.703938
         0 -0.0725062   0.703938
         0 -0.0725062   0.703938
         0 -0.0725062   0.703938
         0 -0.0725062   0.703938
         0 -0.0725062   0.703938
         0 -0.0725062   0.703938
         0 -0.0725062   0.703938
         0 -0.0725062   0.703938
         0 -0.0725062   0.703938
         0 -0.0725062   0.703938
         0 -0.0725062   0.703938
         0 -0.0725062   0.703938
         0 -0.0725062   0.703938
         0 -0.0725062   0.703938
         0 -0.0725062   0.703938
         0 -0.0725062   0.703938
         0 -0.0725062   0.703938
         0 -0.0725062   0.703938
         0 -0.0725062   0.703938
         0 -0.0725062   0.703938
         0 -0.0725062   0.703938
         0 -0.0725062   0.703938
         0 -0.0725062   0.703938
         0 -0.0725062   0.703938
         0 -0.0725062   0.703938
         0 -0.0725062   0.703938
         0 -0.0725062   0.703938
         0 -0.0725062   0.703938
         0 -0.0725062   0.703938
         0 -0.0725062   0.703938
         0 -0.0725062   0.703938
         0 -0.0725062   0.703938
         0 -0.0725062   0.703938
         0 -0.0725062   0.703938
         0 -0.0725062   0.703938
         0 -0.0725062   0.703938
         0 -0.0725062   0.703938
         0 -0.0725062   0.703938
         0 -0.0725062   0.703938
         0 -0.0725062   0.703938
         0 -0.0725062   0.703938
         0 -0.0725062   0.703938
         0 -0.0725062   0.703938
         0 -0.0725062   0.703938
         0 -0.0725062   0.703938
         0 -0.0725062   0.703938
         0 -0.0725062   0.703938
         0 -0.0725062   0.703938
         0 -0.0725062   0.703938
         0 -0.0725062   0.703938
         0 -0.0725062   0.703938
         0 -0.0725062   0.703938
         0 -0.0725062   0.703938
         0 -0.0725062   0.703938
         0 -0.0725062   0.703938
         0 -0.0725062   0.703938
         0 -0.0725062   0.703938
         0 -0.0725062   0.703938
         0 -0.0725062   0.703938
         0 -0.0725062   0.703938
         0 -0.0725062   0.703938
         0 -0.0725062   0.703938
         0 -0.0725062   0.703938
         0 -0.0725062   0.703938
         0 -0.0725062   0.703938
         0 -0.0725062   0.703938
         0 -0.0725062   0.703938
         0 -0.0725062   0.703938
         0 -0.0725062   0.703938
         0 -0.0725062   0.703938
         0 -0.0725062   0.703938
         0 -0.0725062   0.703938
         0 -0.0725062   0.703938
         0 -0.0725062   0.703938
         0 -0.0725062   0.703938
         0 -0.0725062   0.703938
         0 -0.0725062   0.703938
         0 -0.0725062   0.703938
         0 -0.0725062   0.703938
         0 -0.0725062   0.703938
         0 -0.0725062   0.703938
         0 -0.0725062   0.703938
         0 -0.0725062   0.703938
         0 -0.0725062   0.703938
         0 -0.0725062   0.703938
         0 -0.0725062   0.703938
         0 -0.0725062   0.703938
         0 -0.0725062   0.703938
         0 -0.0725062   0.703938
         0 -0.0725062   0.703938
         0 -0.0725062   0.703938
         0 -0.0725062   0.703938
         0 -0.0725062   0.703938
         0 -0.0725062   0.703938
         0 -0.0725062   0.703938
         0 -0.0725062   0.703938
         0 -0.0725062   0.703938
         0 -0.0725062   0.703938
         0 -0.0725062   0.703938
         0 -0.0725062   0.703938
         0 -0.0725062   0.703938
         0 -0.0725062   0.703938
         0 -0.0725062   0.703938
         0 -0.0725062   0.703938
         0 -0.0725062   0.703938
         0 -0.0725062   0.703938
         0 -0.0725062   0.703938
         0 -0.0725062   0.703938
         0 -0.0725062   0.703938
         0 -0.0725062   0.703938
         0 -0.0725062   0.703938
         0 -0.0725062   0.703938
         0 -0.0725062   0.703938
         0 -0.0725062   0.703938
         0 -0.0725062   0.703938
         0 -0.0725062   0.703938
         0 -0.0725062   0.703938
         0 -0.0725062   0.703938
         0 -0.0725062   0.703938
         0 -0.0725062   0.703938
         0 -0.0725062   0.703938
         0 -0.0725062   0.703938
         0 -0.0725062   0.703938
         0 -0.0725062   0.703938
         0 -0.0725062   0.703938
         0 -0.0725062   0.703938
         0 -0.0725062   0.703938
         0 -0.0725062   0.703938
         0 -0.0725062   0.703938
         0 -0.0725062   0.703938
         0 -0.0725062   0.703938
         0 -0.0725062   0.703938
         0 -0.0725062   0.703938
         0 -0.0725062   0.703938
         0 -0.0725062   0.703938
         0 -0.0725062   0.703938
         0 -0.0725062   0.703938
         0 -0.0725062   0.703938
         0 -0.0725062   0.703938
         0 -0.0725062   0.703938
         0 -0.0725062   0.703938
         0 -0.0725062   0.703938
         0 -0.0725062   0.703938
         0 -0.0725062   0.703938
         0 -0.0725062   0.703938
         0 -0.0725062   0.703938
         0 -0.0725062   0.703938
         0 -0.0725062   0.703938
         0 -0.0725062   0.703938
         0 -0.0725062   0.703938
         0 -0.0725062   0.703938
         0 -0.0725062   0.703938
         0 -0.0725062   0.703938
         0 -0.0725062   0.703938
         0 -0.0725062   0.703938
         0 -0.0725062   0.703938
         0 -0.0725062   0.703938
         0 -0.0725062   0.703938
         0 -0.0725062   0.703938
         0 -0.0725062   0.703938
         0 -0.0725062   0.703938
         0 -0.0725062   0.703938
         0 -0.0725062   0.703938
         0 -0.0725062   0.703938
         0 -0.0725062   0.703938
         0 -0.0725062   0.703938
         0 -0.0725062   0.703938
         0 -0.0725062   0.703938
         0 -0.0725062   0.703938
         0 -0.0725062   0.703938
         0 -0.0725062   0.703938
         0 -0.0725062   0.703938
         0 -0.0725062   0.703938
         0 -0.0725062   0.703938
         0 -0.0725062   0.703938
         0 -0.0725062   0.703938
         0 -0.0725062   0.703938
         0 -0.0725062   0.703938
         0 -0.0725062   0.703938
         0 -0.0725062   0.703938
         0 -0.0725062   0.703938
         0 -0.0725062   0.703938
         0 -0.0725062   0.703938
         0 -0.0725062   0.703938
         0 -0.0725062   0.703938
         0 -0.0725062   0.703938
         0 -0.0725062   0.703938
         0 -0.0725062   0.703938
         0 -0.0725062   0.703938
         0 -0.0725062   0.703938
         0 -0.0725062   0.703938
         0 -0.0725062   0.703938
         0 -0.0725062   0.703938
         0 -0.0725062   0.703938
         0 -0.0725062   0.703938
         0 -0.0725062   0.703938
         0 -0.0725062   0.703938
         0 -0.0725062   0.703938
         0 -0.0725062   0.703938
         0 -0.0725062   0.703938
         0 -0.0725062   0.703938
         0 -0.0725062   0.703938
         0 -0.0725062   0.703938
         0 -0.0725062   0.703938
         0 -0.0725062   0.703938
         0 -0.0725062   0.703938
         0 -0.0725062   0.703938
         0 -0.0725062   0.703938
         0 -0.0725062   0.703938
         0 -0.0725062   0.703938
         0 -0.0725062   0.703938
         0 -0.0725062   0.703938
         0 -0.0725062   0.703938
         0 -0.0725062   0.703938
         0 -0.0725062   0.703938
         0 -0.0725062   0.703938
         0 -0.0725062   0.703938
         0 -0.0725062   0.703938
         0 -0.0725062   0.703938
         0 -0.0725062   0.703938
         0 -0.0725062   0.703938
         0 -0.0725062   0.703938
         0 -0.0725062   0.703938
         0 -0.0725062   0.703938
         0 -0.0725062   0.703938
         0 -0.0725062   0.703938
         0 -0.0725062   0.703938
         0 -0.0725062   0.703938
         0 -0.0725062   0.703938
         0 -0.0725062   0.703938
         0 -0.0725062   0.703938
         0 -0.0725062   0.703938
         0 -0.0725062   0.703938
         0 -0.0725062   0.703938
         0 -0.0725062   0.703938
         0 -0.0725062   0.703938
         0 -0.0725062   0.703938
         0 -0.0725062   0.703938
         0 -0.0725062   0.703938
         0 -0.0725062   0.703938
         0 -0.0725062   0.703938
         0 -0.0725062   0.703938
         0 -0.0725062   0.703938
         0 -0.0725062   0.703938
         0 -0.0725062   0.703938
         0 -0.0725062   0.703938
         0 -0.0725062   0.703938
         0 -0.0725062   0.703938
         0 -0.0725062   0.703938
         0 -0.0725062   0.703938
         0 -0.0725062   0.703938
         0 -0.0725062   0.703938
         0 -0.0725062   0.703938
         0 -0.0725062   0.703938
         0 -0.0725062   0.703938
         0 -0.0725062   0.703938
         0 -0.0725062   0.703938
         0 -0.0725062   0.703938
         0 -0.0725062   0.703938
         0 -0.0725062   0.703938
         0 -0.0725062   0.703938
         0 -0.0725062   0.703938
         0 -0.0725062   0.703938
         0 -0.0725062   0.703938
         0 -0.0725062   0.703938
         0 -0.0725062   0.703938
         0 -0.0725062   0.703938
         0 -0.0725062   0.703938
         0 -0.0725062   0.703938
         0 -0.0725062   0.703938
         0 -0.0725062   0.703938
         0 -0.0725062   0.703938
         0 -0.0725062   0.703938
         0 -0.0725062   0.703938
         0 -0.0725062   0.703938
         0 -0.0725062   0.703938
         0 -0.0725062   0.703938
         0 -0.0725062   0.703938
         0 -0.0725062   0.703938
         0 -0.0725062   0.703938
         0 -0.0725062   0.703938
         0 -0.0725062   0.703938
         0 -0.0725062   0.703938
         0 -0.0725062   0.703938
         0 -0.0725062   0.703938
         0 -0.0725062   0.703938
         0 -0.0725062   0.703938
         0 -0.0725062   0.703938
         0 -0.0725062   0.703938
         0 -0.0725062   0.703938
         0 -0.0725062   0.703938
         0 -0.0725062   0.703938
         0 -0.0725062   0.703938
         0 -0.0725062   0.703938
         0 -0.0725062   0.703938
         0 -0.0725062   0.703938
         0 -0.0725062   0.703938
         0 -0.0725062   0.703938
         0 -0.0725062   0.703938
         0 -0.0725062   0.703938
         0 -0.0725062   0.703938
         0 -0.0725062   0.703938
         0 -0.0725062   0.703938
         0 -0.0725062   0.703938
         0 -0.0725062   0.703938
         0 -0.0725062   0.703938
         0 -0.0725062   0.703938
         0 -0.0725062   0.703938
         0 -0.0725062   0.703938
         0 -0.0725062   0.703938
         0 -0.0725062   0.703938
         0 -0.0725062   0.703938
         0 -0.0725062   0.703938
         0 -0.0725062   0.703938
         0 -0.0725062   0.703938
         0 -0.0725062   0.703938
         0 -0.0725062   0.703938
         0 -0.0725062   0.703938
         0 -0.0725062   0.703938
         0 -0.0725062   0.703938
         0 -0.0725062   0.703938
         0 -0.0725062   0.703938
         0 -0.0725062   0.703938
         0 -0.0725062   0.703938
         0 -0.0725062   0.703938
         0 -0.0725062   0.703938
         0 -0.0725062   0.703938
         0 -0.0725062   0.703938
         0 -0.0725062   0.703938
         0 -0.0725062   0.703938
         0 -0.0725062   0.703938
         0 -0.0725062   0.703938
         0 -0.0725062   0.703938
         0 -0.0725062   0.703938
         0 -0.0725062   0.703938
         0 -0.0725062   0.703938
         0 -0.0725062   0.703938
         0 -0.0725062   0.703938
         0 -0.0725062   0.703938
         0 -0.0725062   0.703938
         0 -0.0725062   0.703938
         0 -0.0725062   0.703938
         0 -0.0725062   0.703938
         0 -0.0725062   0.703938
         0 -0.0725062   0.703938
         0 -0.0725062   0.703938
         0 -0.0725062   0.703938
         0 -0.0725062   0.703938
         0 -0.0725062   0.703938
         0 -0.0725062   0.703938
         0 -0.0725062   0.703938
         0 -0.0725062   0.703938
         0 -0.0725062   0.703938
         0 -0.0725062   0.703938
         0 -0.0725062   0.703938
         0 -0.0725062   0.703938
         0 -0.0725062   0.703938
         0 -0.0725062   0.703938
         0 -0.0725062   0.703938
         0 -0.0725062   0.703938
         0 -0.0725062   0.703938
         0 -0.0725062   0.703938
         0 -0.0725062   0.703938
         0 -0.0725062   0.703938
         0 -0.0725062   0.703938
         0 -0.0725062   0.703938
         0 -0.0725062   0.703938
         0 -0.0725062   0.703938
         0 -0.0725062   0.703938
         0 -0.0725062   0.703938
         0 -0.0725062   0.703938
         0 -0.0725062   0.703938
         0 -0.0725062   0.703938
         0 -0.0725062   0.703938
         0 -0.0725062   0.703938
         0 -0.0725062   0.703938
         0 -0.0725062   0.703938
         0 -0.0725062   0.703938
         0 -0.0725062   0.703938
         0 -0.0725062   0.703938
         0 -0.0725062   0.703938
         0 -0.0725062   0.703938
         0 -0.0725062   0.703938
         0 -0.0725062   0.703938
         0 -0.0725062   0.703938
         0 -0.0725062   0.703938
         0 -0.0725062   0.703938
         0 -0.0725062   0.703938
         0 -0.0725062   0.703938
         0 -0.0725062   0.703938
         0 -0.0725062   0.703938
         0 -0.0725062   0.703938
         0 -0.0725062   0.703938
         0 -0.0725062   0.703938
         0 -0.0725062   0.703938
         0 -0.0725062   0.703938
         0 -0.0725062   0.703938
         0 -0.0725062   0.703938
         0 -0.0725062   0.703938
         0 -0.0725062   0.703938
         0 -0.0725062   0.703938
         0 -0.0725062   0.703938
         0 -0.0725062   0.703938
         0 -0.0725062   0.703938
         0 -0.0725062   0.703938
         0 -0.0725062   0.703938
         0 -0.0725062   0.703938
         0 -0.0725062   0.703938
         0 -0.0725062   0.703938
         0 -0.0725062   0.703938
         0 -0.0725062   0.703938
         0 -0.0725062   0.703938
         0 -0.0725062   0.703938
         0 -0.0725062   0.703938
         0 -0.0725062   0.703938
         0 -0.0725062   0.703938
         0 -0.0725062   0.703938
         0 -0.0725062   0.703938
         0 -0.0725062   0.703938
         0 -0.0725062   0.703938
         0 -0.0725062   0.703938
         0 -0.0725062   0.703938
         0 -0.0725062   0.703938
         0 -0.0725062   0.703938
         0 -0.0725062   0.703938
         0 -0.0725062   0.703938
         0 -0.0725062   0.703938
         0 -0.0725062   0.703938
         0 -0.0725062   0.703938
         0 -0.0725062   0.703938
         0 -0.0725062   0.703938
         0 -0.0725062   0.703938
         0 -0.0725062   0.703938
         0 -0.0725062   0.703938
         0 -0.0725062   0.703938
         0 -0.0725062   0.703938
         0 -0.0725062   0.703938
         0 -0.0725062   0.703938
         0 -0.0725062   0.703938
         0 -0.0725062   0.703938
         0 -0.0725062   0.703938
         0 -0.0725062   0.703938
         0 -0.0725062   0.703938
         0 -0.0725062   0.703938
         0 -0.0725062   0.703938
         0 -0.0725062   0.703938
         0 -0.0725062   0.703938
         0 -0.0725062   0.703938
         0 -0.0725062   0.703938
         0 -0.0725062   0.703938
         0 -0.0725062   0.703938
         0 -0.0725062   0.703938
         0 -0.0725062   0.703938
         0 -0.0725062   0.703938
         0 -0.0725062   0.703938
         0 -0.0725062   0.703938
         0 -0.0725062   0.703938
         0 -0.0725062   0.703938
         0 -0.0725062   0.703938
         0 -0.0725062   0.703938
         0 -0.0725062   0.703938
         0 -0.0725062   0.703938
         0 -0.0725062   0.703938
         0 -0.0725062   0.703938
         0 -0.0725062   0.703938
         0 -0.0725062   0.703938
         0 -0.0725062   0.703938
         0 -0.0725062   0.703938
         0 -0.0725062   0.703938
         0 -0.0725062   0.703938
         0 -0.0725062   0.703938
         0 -0.0725062   0.703938
         0 -0.0725062   0.703938
         0 -0.0725062   0.703938
         0 -0.0725062   0.703938
         0 -0.0725062   0.703938
         0 -0.0725062   0.703938
         0 -0.0725062   0.703938
         0 -0.0725062   0.703938
         0 -0.0725062   0.703938
         0 -0.0725062   0.703938
         0 -0.0725062   0.703938
         0 -0.0725062   0.703938
         0 -0.0725062   0.703938
         0 -0.0725062   0.703938
         0 -0.0725062   0.703938
         0 -0.0725062   0.703938
         0 -0.0725062   0.703938
         0 -0.0725062   0.703938
         0 -0.0725062   0.703938
         0 -0.0725062   0.703938
         0 -0.0725062   0.703938
         0 -0.0725062   0.703938
         0 -0.0725062   0.703938
         0 -0.0725062   0.703938
         0 -0.0725062   0.703938
         0 -0.0725062   0.703938
         0 -0.0725062   0.703938
         0 -0.0725062   0.703938
         0 -0.0725062   0.703938
         0 -0.0725062   0.703938
         0 -0.0725062   0.703938
         0 -0.0725062   0.703938
         0 -0.0725062   0.703938
         0 -0.0725062   0.703938
         0 -0.0725062   0.703938
         0 -0.0725062   0.703938
         0 -0.0725062   0.703938
         0 -0.0725062   0.703938
         0 -0.0725062   0.703938
         0 -0.0725062   0.703938
         0 -0.0725062   0.703938
         0 -0.0725062   0.703938
         0 -0.0725062   0.703938
         0 -0.0725062   0.703938
         0 -0.0725062   0.703938
         0 -0.0725062   0.703938
         0 -0.0725062   0.703938
         0 -0.0725062   0.703938
         0 -0.0725062   0.703938
         0 -0.0725062   0.703938
         0 -0.0725062   0.703938
         0 -0.0725062   0.703938
         0 -0.0725062   0.703938
         0 -0.0725062   0.703938
         0 -0.0725062   0.703938
         0 -0.0725062   0.703938
         0 -0.0725062   0.703938
         0 -0.0725062   0.703938
         0 -0.0725062   0.703938
         0 -0.0725062   0.703938
         0 -0.0725062   0.703938
         0 -0.0725062   0.703938
         0 -0.0725062   0.703938
         0 -0.0725062   0.703938
         0 -0.0725062   0.703938
         0 -0.0725062   0.703938
         0 -0.0725062   0.703938
         0 -0.0725062   0.703938
         0 -0.0725062   0.703938
         0 -0.0725062   0.703938
         0 -0.0725062   0.703938
         0 -0.0725062   0.703938
         0 -0.0725062   0.703938
         0 -0.0725062   0.703938
         0 -0.0725062   0.703938
         0 -0.0725062   0.703938
         0 -0.0725062   0.703938
         0 -0.0725062   0.703938
         0 -0.0725062   0.703938
         0 -0.0725062   0.703938
         0 -0.0725062   0.703938
         0 -0.0725062   0.703938
         0 -0.0725062   0.703938
         0 -0.0725062   0.703938
         0 -0.0725062   0.703938
         0 -0.0725062   0.703938
         0 -0.0725062   0.703938
         0 -0.0725062   0.703938
         0 -0.0725062   0.703938
         0 -0.0725062   0.703938
         0 -0.0725062   0.703938
         0 -0.0725062   0.703938
         0 -0.0725062   0.703938
         0 -0.0725062   0.703938
         0 -0.0725062   0.703938
         0 -0.0725062   0.703938
         0 -0.0725062   0.703938
         0 -0.0725062   0.703938
         0 -0.0725062   0.703938
         0 -0.0725062   0.703938
         0 -0.0725062   0.703938
         0 -0.0725062   0.703938
         0 -0.0725062   0.703938
         0 -0.0725062   0.703938
         0 -0.0725062   0.703938
         0 -0.0725062   0.703938
         0 -0.0725062   0.703938
         0 -0.0725062   0.703938
         0 -0.0725062   0.703938
         0 -0.0725062   0.703938
         0 -0.0725062   0.703938
         0 -0.0725062   0.703938
         0 -0.0725062   0.703938
         0 -0.0725062   0.703938
         0 -0.0725062   0.703938
         0 -0.0725062   0.703938
         0 -0.0725062   0.703938
         0 -0.0725062   0.703938
         0 -0.0725062   0.703938
         0 -0.0725062   0.703938
         0 -0.0725062   0.703938
         0 -0.0725062   0.703938
         0 -0.0725062   0.703938
         0 -0.0725062   0.703938
         0 -0.0725062   0.703938
         0 -0.0725062   0.703938
         0 -0.0725062   0.703938
         0 -0.0725062   0.703938
         0 -0.0725062   0.703938
         0 -0.0725062   0.703938
         0 -0.0725062   0.703938
         0 -0.0725062   0.703938
         0 -0.0725062   0.703938
         0 -0.0725062   0.703938
         0 -0.0725062   0.703938
         0 -0.0725062   0.703938
         0 -0.0725062   0.703938
         0 -0.0725062   0.703938
         0 -0.0725062   0.703938
         0 -0.0725062   0.703938
         0 -0.0725062   0.703938
         0 -0.0725062   0.703938
         0 -0.0725062   0.703938
         0 -0.0725062   0.703938
         0 -0.0725062   0.703938
         0 -0.0725062   0.703938
         0 -0.0725062   0.703938
         0 -0.0725062   0.703938
         0 -0.0725062   0.703938
         0 -0.0725062   0.703938
         0 -0.0725062   0.703938
         0 -0.0725062   0.703938
         0 -0.0725062   0.703938
         0 -0.0725062   0.703938
         0 -0.0725062   0.703938
         0 -0.0725062   0.703938
         0 -0.0725062   0.703938
         0 -0.0725062   0.703938
         0 -0.0725062   0.703938
         0 -0.0725062   0.703938
         0 -0.0725062   0.703938
         0 -0.0725062   0.703938
         0 -0.0725062   0.703938
         0 -0.0725062   0.703938
         0 -0.0725062   0.703938
         0 -0.0725062   0.703938
         0 -0.0725062   0.703938
         0 -0.0725062   0.703938
         0 -0.0725062   0.703938
         0 -0.0725062   0.703938
         0 -0.0725062   0.703938
         0 -0.0725062   0.703938
         0 -0.0725062   0.703938
         0 -0.0725062   0.703938
         0 -0.0725062   0.703938
         0 -0.0725062   0.703938
         0 -0.0725062   0.703938
         0 -0.0725062   0.703938
         0 -0.0725062   0.703938
         0 -0.0725062   0.703938
         0 -0.0725062   0.703938
         0 -0.0725062   0.703938
         0 -0.0725062   0.703938
         0 -0.0725062   0.703938
         0 -0.0725062   0.703938
         0 -0.0725062   0.703938
         0 -0.0725062   0.703938
         0 -0.0725062   0.703938
         0 -0.0725062   0.703938
         0 -0.0725062   0.703938
         0 -0.0725062   0.703938
         0 -0.0725062   0.703938
         0 -0.0725062   0.703938
         0 -0.0725062   0.703938
         0 -0.0725062   0.703938
         0 -0.0725062   0.703938
         0 -0.0725062   0.703938
         0 -0.0725062   0.703938
         0 -0.0725062   0.703938
         0 -0.0725062   0.703938
         0 -0.0725062   0.703938
         0 -0.0725062   0.703938
         0 -0.0725062   0.703938
         0 -0.0725062   0.703938
         0 -0.0725062   0.703938
         0 -0.0725062   0.703938
         0 -0.0725062   0.703938
         0 -0.0725062   0.703938
         0 -0.0725062   0.703938
         0 -0.0725062   0.703938
         0 -0.0725062   0.703938
         0 -0.0725062   0.703938
         0 -0.0725062   0.703938
         0 -0.0725062   0.703938
         0 -0.0725062   0.703938
         0 -0.0725062   0.703938
         0 -0.0725062   0.703938
         0 -0.0725062   0.703938
         0 -0.0725062   0.703938
         0 -0.0725062   0.703938
         0 -0.0725062   0.703938
         0 -0.0725062   0.703938
         0 -0.0725062   0.703938
         0 -0.0725062   0.703938
         0 -0.0725062   0.703938
         0 -0.0725062   0.703938
         0 -0.0725062   0.703938
         0 -0.0725062   0.703938
         0 -0.0725062   0.703938
         0 -0.0725062   0.703938
         0 -0.0725062   0.703938
         0 -0.0725062   0.703938
         0 -0.0725062   0.703938
         0 -0.0725062   0.703938
         0 -0.0725062   0.703938
         0 -0.0725062   0.703938
         0 -0.0725062   0.703938
         0 -0.0725062   0.703938
         0 -0.0725062   0.703938
         0 -0.0725062   0.703938
         0 -0.0725062   0.703938
         0 -0.0725062   0.703938
         0 -0.0725062   0.703938
         0 -0.0725062   0.703938
         0 -0.0725062   0.703938
         0 -0.0725062   0.703938
         0 -0.0725062   0.703938
         0 -0.0725062   0.703938
         0 -0.0725062   0.703938
         0 -0.0725062   0.703938
         0 -0.0725062   0.703938
         0 -0.0725062   0.703938
         0 -0.0725062   0.703938
         0 -0.0725062   0.703938
         0 -0.0725062   0.703938
         0 -0.0725062   0.703938
         0 -0.0725062   0.703938
         0 -0.0725062   0.703938
         0 -0.0725062   0.703938
         0 -0.0725062   0.703938
         0 -0.0725062   0.703938
         0 -0.0725062   0.703938
         0 -0.0725062   0.703938
         0 -0.0725062   0.703938
         0 -0.0725062   0.703938
         0 -0.0725062   0.703938
         0 -0.0725062   0.703938
         0 -0.0725062   0.703938
         0 -0.0725062   0.703938
         0 -0.0725062   0.703938
         0 -0.0725062   0.703938
         0 -0.0725062   0.703938
         0 -0.0725062   0.703938
         0 -0.0725062   0.703938
         0 -0.0725062   0.703938
         0 -0.0725062   0.703938
         0 -0.0725062   0.703938
         0 -0.0725062   0.703938
         0 -0.0725062   0.703938
         0 -0.0725062   0.703938
         0 -0.0725062   0.703938
         0 -0.0725062   0.703938
         0 -0.0725062   0.703938
         0 -0.0725062   0.703938
         0 -0.0725062   0.703938
         0 -0.0725062   0.703938
         0 -0.0725062   0.703938
         0 -0.0725062   0.703938
         0 -0.0725062   0.703938
         0 -0.0725062   0.703938
         0 -0.0725062   0.703938
         0 -0.0725062   0.703938
         0 -0.0725062   0.703938
         0 -0.0725062   0.703938
         0 -0.0725062   0.703938
         0 -0.0725062   0.703938
         0 -0.0725062   0.703938
         0 -0.0725062   0.703938
         0 -0.0725062   0.703938
         0 -0.0725062   0.703938
         0 -0.0725062   0.703938
         0 -0.0725062   0.703938
         0 -0.0725062   0.703938
         0 -0.0725062   0.703938
         0 -0.0725062   0.703938
         0 -0.0725062   0.703938
         0 -0.0725062   0.703938
         0 -0.0725062   0.703938
         0 -0.0725062   0.703938
         0 -0.0725062   0.703938
         0 -0.0725062   0.703938
         0 -0.0725062   0.703938
         0 -0.0725062   0.703938
         0 -0.0725062   0.703938
         0 -0.0725062   0.703938
         0 -0.0725062   0.703938
         0 -0.0725062   0.703938
         0 -0.0725062   0.703938
         0 -0.0725062   0.703938
         0 -0.0725062   0.703938
         0 -0.0725062   0.703938
         0 -0.0725062   0.703938
         0 -0.0725062   0.703938
         0 -0.0725062   0.703938
         0 -0.0725062   0.703938
         0 -0.0725062   0.703938
         0 -0.0725062   0.703938
         0 -0.0725062   0.703938
         0 -0.0725062   0.703938
         0 -0.0725062   0.703938
         0 -0.0725062   0.703938
         0 -0.0725062   0.703938
         0 -0.0725062   0.703938
         0 -0.0725062   0.703938
         0 -0.0725062   0.703938
         0 -0.0725062   0.703938
         0 -0.0725062   0.703938
         0 -0.0725062   0.703938
         0 -0.0725062   0.703938
         0 -0.0725062   0.703938
         0 -0.0725062   0.703938
         0 -0.0725062   0.703938
         0 -0.0725062   0.703938
         0 -0.0725062   0.703938
         0 -0.0725062   0.703938
         0 -0.0725062   0.703938
         0 -0.0725062   0.703938
         0 -0.0725062   0.703938
         0 -0.0725062   0.703938
         0 -0.0725062   0.703938
         0 -0.0725062   0.703938
         0 -0.0725062   0.703938
         0 -0.0725062   0.703938
         0 -0.0725062   0.703938
         0 -0.0725062   0.703938
         0 -0.0725062   0.703938
         0 -0.0725062   0.703938
         0 -0.0725062   0.703938
         0 -0.0725062   0.703938
         0 -0.0725062   0.703938
         0 -0.0725062   0.703938
         0 -0.0725062   0.703938
         0 -0.0725062   0.703938
         0 -0.0725062   0.703938
         0 -0.0725062   0.703938
         0 -0.0725062   0.703938
         0 -0.0725062   0.703938
         0 -0.0725062   0.703938
         0 -0.0725062   0.703938
         0 -0.0725062   0.703938
         0 -0.0725062   0.703938
         0 -0.0725062   0.703938
         0 -0.0725062   0.703938
         0 -0.0725062   0.703938
         0 -0.0725062   0.703938
         0 -0.0725062   0.703938
         0 -0.0725062   0.703938
         0 -0.0725062   0.703938
         0 -0.0725062   0.703938
         0 -0.0725062   0.703938
         0 -0.0725062   0.703938
         0 -0.0725062   0.703938
         0 -0.0725062   0.703938
         0 -0.0725062   0.703938
         0 -0.0725062   0.703938
         0 -0.0725062   0.703938
         0 -0.0725062   0.703938
         0 -0.0725062   0.703938
         0 -0.0725062   0.703938
         0 -0.0725062   0.703938
         0 -0.0725062   0.703938
         0 -0.0725062   0.703938
         0 -0.0725062   0.703938
         0 -0.0725062   0.703938
         0 -0.0725062   0.703938
         0 -0.0725062   0.703938
         0 -0.0725062   0.703938
         0 -0.0725062   0.703938
         0 -0.0725062   0.703938
         0 -0.0725062   0.703938
         0 -0.0725062   0.703938
         0 -0.0725062   0.703938
         0 -0.0725062   0.703938
         0 -0.0725062   0.703938
         0 -0.0725062   0.703938
         0 -0.0725062   0.703938
         0 -0.0725062   0.703938
         0 -0.0725062   0.703938
         0 -0.0725062   0.703938
         0 -0.0725062   0.703938
         0 -0.0725062   0.703938
         0 -0.0725062   0.703938
         0 -0.0725062   0.703938
         0 -0.0725062   0.703938
         0 -0.0725062   0.703938
         0 -0.0725062   0.703938
         0 -0.0725062   0.703938
         0 -0.0725062   0.703938
         0 -0.0725062   0.703938
         0 -0.0725062   0.703938
         0 -0.0725062   0.703938
         0 -0.0725062   0.703938
         0 -0.0725062   0.703938
         0 -0.0725062   0.703938
         0 -0.0725062   0.703938
         0 -0.0725062   0.703938
         0 -0.0725062   0.703938
         0 -0.0725062   0.703938
         0 -0.0725062   0.703938
         0 -0.0725062   0.703938
         0 -0.0725062   0.703938
         0 -0.0725062   0.703938
         0 -0.0725062   0.703938
         0 -0.0725062   0.703938
         0 -0.0725062   0.703938
         0 -0.0725062   0.703938
         0 -0.0725062   0.703938
         0 -0.0725062   0.703938
         0 -0.0725062   0.703938
         0 -0.0725062   0.703938
         0 -0.0725062   0.703938
         0 -0.0725062   0.703938
         0 -0.0725062   0.703938
         0 -0.0725062   0.703938
         0 -0.0725062   0.703938
         0 -0.0725062   0.703938
         0 -0.0725062   0.703938
         0 -0.0725062   0.703938
         0 -0.0725062   0.703938
         0 -0.0725062   0.703938
         0 -0.0725062   0.703938
         0 -0.0725062   0.703938
         0 -0.0725062   0.703938
         0 -0.0725062   0.703938
         0 -0.0725062   0.703938
         0 -0.0725062   0.703938
         0 -0.0725062   0.703938
         0 -0.0725062   0.703938
         0 -0.0725062   0.703938
         0 -0.0725062   0.703938
         0 -0.0725062   0.703938
         0 -0.0725062   0.703938
         0 -0.0725062   0.703938
         0 -0.0725062   0.703938
         0 -0.0725062   0.703938
         0 -0.0725062   0.703938
         0 -0.0725062   0.703938
         0 -0.0725062   0.703938
         0 -0.0725062   0.703938
         0 -0.0725062   0.703938
         0 -0.0725062   0.703938
         0 -0.0725062   0.703938
         0 -0.0725062   0.703938
         0 -0.0725062   0.703938
         0 -0.0725062   0.703938
         0 -0.0725062   0.703938
         0 -0.0725062   0.703938
         0 -0.0725062   0.703938
         0 -0.0725062   0.703938
         0 -0.0725062   0.703938
         0 -0.0725062   0.703938
         0 -0.0725062   0.703938
         0 -0.0725062   0.703938
         0 -0.0725062   0.703938
         0 -0.0725062   0.703938
         0 -0.0725062   0.703938
         0 -0.0725062   0.703938
         0 -0.0725062   0.703938
         0 -0.0725062   0.703938
         0 -0.0725062   0.703938
         0 -0.0725062   0.703938
         0 -0.0725062   0.703938
         0 -0.0725062   0.703938
         0 -0.0725062   0.703938
         0 -0.0725062   0.703938
         0 -0.0725062   0.703938
         0 -0.0725062   0.703938
         0 -0.0725062   0.703938
         0 -0.0725062   0.703938
         0 -0.0725062   0.703938
         0 -0.0725062   0.703938
         0 -0.0725062   0.703938
         0 -0.0725062   0.703938
         0 -0.0725062   0.703938
         0 -0.0725062   0.703938
         0 -0.0725062   0.703938
         0 -0.0725062   0.703938
         0 -0.0725062   0.703938
         0 -0.0725062   0.703938
         0 -0.0725062   0.703938
         0 -0.0725062   0.703938
         0 -0.0725062   0.703938
         0 -0.0725062   0.703938
         0 -0.0725062   0.703938
         0 -0.0725062   0.703938
         0 -0.0725062   0.703938
         0 -0.0725062   0.703938
         0 -0.0725062   0.703938
         0 -0.0725062   0.703938
         0 -0.0725062   0.703938
         0 -0.0725062   0.703938
         0 -0.0725062   0.703938
         0 -0.0725062   0.703938
         0 -0.0725062   0.703938
         0 -0.0725062   0.703938
         0 -0.0725062   0.703938
         0 -0.0725062   0.703938
         0 -0.0725062   0.703938
         0 -0.0725062   0.703938
         0 -0.0725062   0.703938
         0 -0.0725062   0.703938
         0 -0.0725062   0.703938
         0 -0.0725062   0.703938
         0 -0.0725062   0.703938
         0 -0.0725062   0.703938
         0 -0.0725062   0.703938
         0 -0.0725062   0.703938
         0 -0.0725062   0.703938
         0 -0.0725062   0.703938
         0 -0.0725062   0.703938
         0 -0.0725062   0.703938
         0 -0.0725062   0.703938
         0 -0.0725062   0.703938
         0 -0.0725062   0.703938
         0 -0.0725062   0.703938
         0 -0.0725062   0.703938
         0 -0.0725062   0.703938
         0 -0.0725062   0.703938
         0 -0.0725062   0.703938
         0 -0.0725062   0.703938
         0 -0.0725062   0.703938
         0 -0.0725062   0.703938
         0 -0.0725062   0.703938
         0 -0.0725062   0.703938
         0 -0.0725062   0.703938
         0 -0.0725062   0.703938
         0 -0.0725062   0.703938
         0 -0.0725062   0.703938
         0 -0.0725062   0.703938
         0 -0.0725062   0.703938
         0 -0.0725062   0.703938
         0 -0.0725062   0.703938
         0 -0.0725062   0.703938
         0 -0.0725062   0.703938
         0 -0.0725062   0.703938
         0 -0.0725062   0.703938
         0 -0.0725062   0.703938
         0 -0.0725062   0.703938
         0 -0.0725062   0.703938
         0 -0.0725062   0.703938
         0 -0.0725062   0.703938
         0 -0.0725062   0.703938
         0 -0.0725062   0.703938
         0 -0.0725062   0.703938
         0 -0.0725062   0.703938
         0 -0.0725062   0.703938
         0 -0.0725062   0.703938
         0 -0.0725062   0.703938
         0 -0.0725062   0.703938
         0 -0.0725062   0.703938
         0 -0.0725062   0.703938
         0 -0.0725062   0.703938
         0 -0.0725062   0.703938
         0 -0.0725062   0.703938
         0 -0.0725062   0.703938
         0 -0.0725062   0.703938
         0 -0.0725062   0.703938
         0 -0.0725062   0.703938
         0 -0.0725062   0.703938
         0 -0.0725062   0.703938
         0 -0.0725062   0.703938
         0 -0.0725062   0.703938
         0 -0.0725062   0.703938
         0 -0.0725062   0.703938
         0 -0.0725062   0.703938
         0 -0.0725062   0.703938
         0 -0.0725062   0.703938
         0 -0.0725062   0.703938
         0 -0.0725062   0.703938
         0 -0.0725062   0.703938
         0 -0.0725062   0.703938
         0 -0.0725062   0.703938
         0 -0.0725062   0.703938
         0 -0.0725062   0.703938
         0 -0.0725062   0.703938
         0 -0.0725062   0.703938
         0 -0.0725062   0.703938
         0 -0.0725062   0.703938
         0 -0.0725062   0.703938
         0 -0.0725062   0.703938
         0 -0.0725062   0.703938
         0 -0.0725062   0.703938
         0 -0.0725062   0.703938
         0 -0.0725062   0.703938
         0 -0.0725062   0.703938
         0 -0.0725062   0.703938
         0 -0.0725062   0.703938
         0 -0.0725062   0.703938
         0 -0.0725062   0.703938
         0 -0.0725062   0.703938
         0 -0.0725062   0.703938
         0 -0.0725062   0.703938
         0 -0.0725062   0.703938
         0 -0.0725062   0.703938
         0 -0.0725062   0.703938
         0 -0.0725062   0.703938
         0 -0.0725062   0.703938
         0 -0.0725062   0.703938
         0 -0.0725062   0.703938
         0 -0.0725062   0.703938
         0 -0.0725062   0.703938
         0 -0.0725062   0.703938
         0 -0.0725062   0.703938
         0 -0.0725062   0.703938
         0 -0.0725062   0.703938
         0 -0.0725062   0.703938
         0 -0.0725062   0.703938
         0 -0.0725062   0.703938
         0 -0.0725062   0.703938
         0 -0.0725062   0.703938
         0 -0.0725062   0.703938
         0 -0.0725062   0.703938
         0 -0.0725062   0.703938
         0 -0.0725062   0.703938
         0 -0.0725062   0.703938
         0 -0.0725062   0.703938
         0 -0.0725062   0.703938
         0 -0.0725062   0.703938
         0 -0.0725062   0.703938
         0 -0.0725062   0.703938
         0 -0.0725062   0.703938
         0 -0.0725062   0.703938
         0 -0.0725062   0.703938
         0 -0.0725062   0.703938
         0 -0.0725062   0.703938
         0 -0.0725062   0.703938
         0 -0.0725062   0.703938
         0 -0.0725062   0.703938
         0 -0.0725062   0.703938
         0 -0.0725062   0.703938
         0 -0.0725062   0.703938
         0 -0.0725062   0.703938
         0 -0.0725062   0.703938
         0 -0.0725062   0.703938
         0 -0.0725062   0.703938
         0 -0.0725062   0.703938
         0 -0.0725062   0.703938
         0 -0.0725062   0.703938
         0 -0.0725062   0.703938
         0 -0.0725062   0.703938
         0 -0.0725062   0.703938
         0 -0.0725062   0.703938
         0 -0.0725062   0.703938
         0 -0.0725062   0.703938
         0 -0.0725062   0.703938
         0 -0.0725062   0.703938
         0 -0.0725062   0.703938
         0 -0.0725062   0.703938
         0 -0.0725062   0.703938
         0 -0.0725062   0.703938
         0 -0.0725062   0.703938
         0 -0.0725062   0.703938
         0 -0.0725062   0.703938
         0 -0.0725062   0.703938
         0 -0.0725062   0.703938
         0 -0.0725062   0.703938
         0 -0.0725062   0.703938
         0 -0.0725062   0.703938
         0 -0.0725062   0.703938
         0 -0.0725062   0.703938
         0 -0.0725062   0.703938
         0 -0.0725062   0.703938
         0 -0.0725062   0.703938
         0 -0.0725062   0.703938
         0 -0.0725062   0.703938
         0 -0.0725062   0.703938
         0 -0.0725062   0.703938
         0 -0.0725062   0.703938
         0 -0.0725062   0.703938
         0 -0.0725062   0.703938
         0 -0.0725062   0.703938
         0 -0.0725062   0.703938
         0 -0.0725062   0.703938
         0 -0.0725062   0.703938
         0 -0.0725062   0.703938
         0 -0.0725062   0.703938
         0 -0.0725062   0.703938
         0 -0.0725062   0.703938
         0 -0.0725062   0.703938
         0 -0.0725062   0.703938
         0 -0.0725062   0.703938
         0 -0.0725062   0.703938
         0 -0.0725062   0.703938
         0 -0.0725062   0.703938
         0 -0.0725062   0.703938
         0 -0.0725062   0.703938
         0 -0.0725062   0.703938
         0 -0.0725062   0.703938
         0 -0.0725062   0.703938
         0 -0.0725062   0.703938
         0 -0.0725062   0.703938
         0 -0.0725062   0.703938
         0 -0.0725062   0.703938
         0 -0.0725062   0.703938
         0 -0.0725062   0.703938
         0 -0.0725062   0.703938
         0 -0.0725062   0.703938
         0 -0.0725062   0.703938
         0 -0.0725062   0.703938
         0 -0.0725062   0.703938
         0 -0.0725062   0.703938
         0 -0.0725062   0.703938
         0 -0.0725062   0.703938
         0 -0.0725062   0.703938
         0 -0.0725062   0.703938
         0 -0.0725062   0.703938
         0 -0.0725062   0.703938
         0 -0.0725062   0.703938
         0 -0.0725062   0.703938
         0 -0.0725062   0.703938
         0 -0.0725062   0.703938
         0 -0.0725062   0.703938
         0 -0.0725062   0.703938
         0 -0.0725062   0.703938
         0 -0.0725062   0.703938
         0 -0.0725062   0.703938
         0 -0.0725062   0.703938
         0 -0.0725062   0.703938
         0 -0.0725062   0.703938
         0 -0.0725062   0.703938
         0 -0.0725062   0.703938
         0 -0.0725062   0.703938
         0 -0.0725062   0.703938
         0 -0.0725062   0.703938
         0 -0.0725062   0.703938
         0 -0.0725062   0.703938
         0 -0.0725062   0.703938
         0 -0.0725062   0.703938
         0 -0.0725062   0.703938
         0 -0.0725062   0.703938
         0 -0.0725062   0.703938
         0 -0.0725062   0.703938
         0 -0.0725062   0.703938
         0 -0.0725062   0.703938
         0 -0.0725062   0.703938
         0 -0.0725062   0.703938
         0 -0.0725062   0.703938
         0 -0.0725062   0.703938
         0 -0.0725062   0.703938
         0 -0.0725062   0.703938
         0 -0.0725062   0.703938
         0 -0.0725062   0.703938
         0 -0.0725062   0.703938
         0 -0.0725062   0.703938
         0 -0.0725062   0.703938
         0 -0.0725062   0.703938
         0 -0.0725062   0.703938
         0 -0.0725062   0.703938
         0 -0.0725062   0.703938
         0 -0.0725062   0.703938
         0 -0.0725062   0.703938
         0 -0.0725062   0.703938
         0 -0.0725062   0.703938
         0 -0.0725062   0.703938
         0 -0.0725062   0.703938
         0 -0.0725062   0.703938
         0 -0.0725062   0.703938
         0 -0.0725062   0.703938
         0 -0.0725062   0.703938
         0 -0.0725062   0.703938
         0 -0.0725062   0.703938
         0 -0.0725062   0.703938
         0 -0.0725062   0.703938
         0 -0.0725062   0.703938
         0 -0.0725062   0.703938
         0 -0.0725062   0.703938
         0 -0.0725062   0.703938
         0 -0.0725062   0.703938
         0 -0.0725062   0.703938
         0 -0.0725062   0.703938
         0 -0.0725062   0.703938
         0 -0.0725062   0.703938
         0 -0.0725062   0.703938
         0 -0.0725062   0.703938
         0 -0.0725062   0.703938
         0 -0.0725062   0.703938
         0 -0.0725062   0.703938
         0 -0.0725062   0.703938
         0 -0.0725062   0.703938
         0 -0.0725062   0.703938
         0 -0.0725062   0.703938
         0 -0.0725062   0.703938
         0 -0.0725062   0.703938
         0 -0.0725062   0.703938
         0 -0.0725062   0.703938
         0 -0.0725062   0.703938
         0 -0.0725062   0.703938
         0 -0.0725062   0.703938
         0 -0.0725062   0.703938
         0 -0.0725062   0.703938
         0 -0.0725062   0.703938
         0 -0.0725062   0.703938
         0 -0.0725062   0.703938
         0 -0.0725062   0.703938
         0 -0.0725062   0.703938
         0 -0.0725062   0.703938
         0 -0.0725062   0.703938
         0 -0.0725062   0.703938
         0 -0.0725062   0.703938
         0 -0.0725062   0.703938
         0 -0.0725062   0.703938
         0 -0.0725062   0.703938
         0 -0.0725062   0.703938
         0 -0.0725062   0.703938
         0 -0.0725062   0.703938
         0 -0.0725062   0.703938
         0 -0.0725062   0.703938
         0 -0.0725062   0.703938
         0 -0.0725062   0.703938
         0 -0.0725062   0.703938
         0 -0.0725062   0.703938
         0 -0.0725062   0.703938
         0 -0.0725062   0.703938
         0 -0.0725062   0.703938
         0 -0.0725062   0.703938
         0 -0.0725062   0.703938
         0 -0.0725062   0.703938
         0 -0.0725062   0.703938
         0 -0.0725062   0.703938
         0 -0.0725062   0.703938
         0 -0.0725062   0.703938
         0 -0.0725062   0.703938
         0 -0.0725062   0.703938
         0 -0.0725062   0.703938
         0 -0.0725062   0.703938
         0 -0.0725062   0.703938
         0 -0.0725062   0.703938
         0 -0.0725062   0.703938
         0 -0.0725062   0.703938
         0 -0.0725062   0.703938
         0 -0.0725062   0.703938
         0 -0.0725062   0.703938
         0 -0.0725062   0.703938
         0 -0.0725062   0.703938
         0 -0.0725062   0.703938
         0 -0.0725062   0.703938
         0 -0.0725062   0.703938
         0 -0.0725062   0.703938
         0 -0.0725062   0.703938
         0 -0.0725062   0.703938
         0 -0.0725062   0.703938
         0 -0.0725062   0.703938
         0 -0.0725062   0.703938
         0 -0.0725062   0.703938
         0 -0.0725062   0.703938
         0 -0.0725062   0.703938
         0 -0.0725062   0.703938
         0 -0.0725062   0.703938
         0 -0.0725062   0.703938
         0 -0.0725062   0.703938
         0 -0.0725062   0.703938
         0 -0.0725062   0.703938
         0 -0.0725062   0.703938
         0 -0.0725062   0.703938
         0 -0.0725062   0.703938
         0 -0.0725062   0.703938
         0 -0.0725062   0.703938
         0 -0.0725062   0.703938
         0 -0.0725062   0.703938
         0 -0.0725062   0.703938
         0 -0.0725062   0.703938
         0 -0.0725062   0.703938
         0 -0.0725062   0.703938
         0 -0.0725062   0.703938
         0 -0.0725062   0.703938
         0 -0.0725062   0.703938
         0 -0.0725062   0.703938
         0 -0.0725062   0.703938
         0 -0.0725062   0.703938
         0 -0.0725062   0.703938
         0 -0.0725062   0.703938
         0 -0.0725062   0.703938
         0 -0.0725062   0.703938
         0 -0.0725062   0.703938
         0 -0.0725062   0.703938
         0 -0.0725062   0.703938
         0 -0.0725062   0.703938
         0 -0.0725062   0.703938
         0 -0.0725062   0.703938
         0 -0.0725062   0.703938
         0 -0.0725062   0.703938
         0 -0.0725062   0.703938
         0 -0.0725062   0.703938
         0 -0.0725062   0.703938
         0 -0.0725062   0.703938
         0 -0.0725062   0.703938
         0 -0.0725062   0.703938
         0 -0.0725062   0.703938
         0 -0.0725062   0.703938
         0 -0.0725062   0.703938
         0 -0.0725062   0.703938
         0 -0.0725062   0.703938
         0 -0.0725062   0.703938
         0 -0.0725062   0.703938
         0 -0.0725062   0.703938
         0 -0.0725062   0.703938
         0 -0.0725062   0.703938
         0 -0.0725062   0.703938
         0 -0.0725062   0.703938
         0 -0.0725062   0.703938
         0 -0.0725062   0.703938
         0 -0.0725062   0.703938
         0 -0.0725062   0.703938
         0 -0.0725062   0.703938
         0 -0.0725062   0.703938
         0 -0.0725062   0.703938
         0 -0.0725062   0.703938
         0 -0.0725062   0.703938
         0 -0.0725062   0.703938
         0 -0.0725062   0.703938
         0 -0.0725062   0.703938
         0 -0.0725062   0.703938
         0 -0.0725062   0.703938
         0 -0.0725062   0.703938
         0 -0.0725062   0.703938
         0 -0.0725062   0.703938
         0 -0.0725062   0.703938
         0 -0.0725062   0.703938
         0 -0.0725062   0.703938
         0 -0.0725062   0.703938
         0 -0.0725062   0.703938
         0 -0.0725062   0.703938
         0 -0.0725062   0.703938
         0 -0.0725062   0.703938
         0 -0.0725062   0.703938
         0 -0.0725062   0.703938
         0 -0.0725062   0.703938
         0 -0.0725062   0.703938
         0 -0.0725062   0.703938
         0 -0.0725062   0.703938
         0 -0.0725062   0.703938
         0 -0.0725062   0.703938
         0 -0.0725062   0.703938
         0 -0.0725062   0.703938
         0 -0.0725062   0.703938
         0 -0.0725062   0.703938
         0 -0.0725062   0.703938
         0 -0.0725062   0.703938
         0 -0.0725062   0.703938
         0 -0.0725062   0.703938
         0 -0.0725062   0.703938
         0 -0.0725062   0.703938
         0 -0.0725062   0.703938
         0 -0.0725062   0.703938
         0 -0.0725062   0.703938
         0 -0.0725062   0.703938
         0 -0.0725062   0.703938
         0 -0.0725062   0.703938
         0 -0.0725062   0.703938
         0 -0.0725062   0.703938
         0 -0.0725062   0.703938
         0 -0.0725062   0.703938
         0 -0.0725062   0.703938
         0 -0.0725062   0.703938
         0 -0.0725062   0.703938
         0 -0.0725062   0.703938
         0 -0.0725062   0.703938
         0 -0.0725062   0.703938
         0 -0.0725062   0.703938
         0 -0.0725062   0.703938
         0 -0.0725062   0.703938
         0 -0.0725062   0.703938
         0 -0.0725062   0.703938
         0 -0.0725062   0.703938
         0 -0.0725062   0.703938
         0 -0.0725062   0.703938
         0 -0.0725062   0.703938
         0 -0.0725062   0.703938
         0 -0.0725062   0.703938
         0 -0.0725062   0.703938
         0 -0.0725062   0.703938
         0 -0.0725062   0.703938
         0 -0.0725062   0.703938
         0 -0.0725062   0.703938
         0 -0.0725062   0.703938
         0 -0.0725062   0.703938
         0 -0.0725062   0.703938
         0 -0.0725062   0.703938
         0 -0.0725062   0.703938
         0 -0.0725062   0.703938
         0 -0.0725062   0.703938
         0 -0.0725062   0.703938
         0 -0.0725062   0.703938
         0 -0.0725062   0.703938
         0 -0.0725062   0.703938
         0 -0.0725062   0.703938
         0 -0.0725062   0.703938
         0 -0.0725062   0.703938
         0 -0.0725062   0.703938
         0 -0.0725062   0.703938
         0 -0.0725062   0.703938
         0 -0.0725062   0.703938
         0 -0.0725062   0.703938
         0 -0.0725062   0.703938
         0 -0.0725062   0.703938
         0 -0.0725062   0.703938
         0 -0.0725062   0.703938
         0 -0.0725062   0.703938
         0 -0.0725062   0.703938
         0 -0.0725062   0.703938
         0 -0.0725062   0.703938
         0 -0.0725062   0.703938
         0 -0.0725062   0.703938
         0 -0.0725062   0.703938
         0 -0.0725062   0.703938
         0 -0.0725062   0.703938
         0 -0.0725062   0.703938
         0 -0.0725062   0.703938
         0 -0.0725062   0.703938
         0 -0.0725062   0.703938
         0 -0.0725062   0.703938
         0 -0.0725062   0.703938
         0 -0.0725062   0.703938
         0 -0.0725062   0.703938
         0 -0.0725062   0.703938
         0 -0.0725062   0.703938
         0 -0.0725062   0.703938
         0 -0.0725062   0.703938
         0 -0.0725062   0.703938
         0 -0.0725062   0.703938
         0 -0.0725062   0.703938
         0 -0.0725062   0.703938
         0 -0.0725062   0.703938
         0 -0.0725062   0.703938
         0 -0.0725062   0.703938
         0 -0.0725062   0.703938
         0 -0.0725062   0.703938
         0 -0.0725062   0.703938
         0 -0.0725062   0.703938
         0 -0.0725062   0.703938
         0 -0.0725062   0.703938
         0 -0.0725062   0.703938
         0 -0.0725062   0.703938
         0 -0.0725062   0.703938
         0 -0.0725062   0.703938
         0 -0.0725062   0.703938
         0 -0.0725062   0.703938
         0 -0.0725062   0.703938
         0 -0.0725062   0.703938
         0 -0.0725062   0.703938
         0 -0.0725062   0.703938
         0 -0.0725062   0.703938
         0 -0.0725062   0.703938
         0 -0.0725062   0.703938
         0 -0.0725062   0.703938
         0 -0.0725062   0.703938
         0 -0.0725062   0.703938
         0 -0.0725062   0.703938
         0 -0.0725062   0.703938
         0 -0.0725062   0.703938
         0 -0.0725062   0.703938
         0 -0.0725062   0.703938
         0 -0.0725062   0.703938
         0 -0.0725062   0.703938
         0 -0.0725062   0.703938
         0 -0.0725062   0.703938
         0 -0.0725062   0.703938
         0 -0.0725062   0.703938
         0 -0.0725062   0.703938
         0 -0.0725062   0.703938
         0 -0.0725062   0.703938
         0 -0.0725062   0.703938
         0 -0.0725062   0.703938
         0 -0.0725062   0.703938
         0 -0.0725062   0.703938
         0 -0.0725062   0.703938
         0 -0.0725062   0.703938
         0 -0.0725062   0.703938
         0 -0.0725062   0.703938
         0 -0.0725062   0.703938
         0 -0.0725062   0.703938
         0 -0.0725062   0.703938
         0 -0.0725062   0.703938
         0 -0.0725062   0.703938
         0 -0.0725062   0.703938
         0 -0.0725062   0.703938
         0 -0.0725062   0.703938
         0 -0.0725062   0.703938
         0 -0.0725062   0.703938
         0 -0.0725062   0.703938
         0 -0.0725062   0.703938
         0 -0.0725062   0.703938
         0 -0.0725062   0.703938
         0 -0.0725062   0.703938
         0 -0.0725062   0.703938
         0 -0.0725062   0.703938
         0 -0.0725062   0.703938
         0 -0.0725062   0.703938
         0 -0.0725062   0.703938
         0 -0.0725062   0.703938
         0 -0.0725062   0.703938
         0 -0.0725062   0.703938
         0 -0.0725062   0.703938
         0 -0.0725062   0.703938
         0 -0.0725062   0.703938
         0 -0.0725062   0.703938
         0 -0.0725062   0.703938
         0 -0.0725062   0.703938
         0 -0.0725062   0.703938
         0 -0.0725062   0.703938
         0 -0.0725062   0.703938
         0 -0.0725062   0.703938
         0 -0.0725062   0.703938
         0 -0.0725062   0.703938
         0 -0.0725062   0.703938
         0 -0.0725062   0.703938
         0 -0.0725062   0.703938
         0 -0.0725062   0.703938
         0 -0.0725062   0.703938
         0 -0.0725062   0.703938
         0 -0.0725062   0.703938
         0 -0.0725062   0.703938
         0 -0.0725062   0.703938
         0 -0.0725062   0.703938
         0 -0.0725062   0.703938
         0 -0.0725062   0.703938
         0 -0.0725062   0.703938
         0 -0.0725062   0.703938
         0 -0.0725062   0.703938
         0 -0.0725062   0.703938
         0 -0.0725062   0.703938
         0 -0.0725062   0.703938
         0 -0.0725062   0.703938
         0 -0.0725062   0.703938
         0 -0.0725062   0.703938
         0 -0.0725062   0.703938
         0 -0.0725062   0.703938
         0 -0.0725062   0.703938
         0 -0.0725062   0.703938
         0 -0.0725062   0.703938
         0 -0.0725062   0.703938
         0 -0.0725062   0.703938
         0 -0.0725062   0.703938
         0 -0.0725062   0.703938
         0 -0.0725062   0.703938
         0 -0.0725062   0.703938
         0 -0.0725062   0.703938
         0 -0.0725062   0.703938
         0 -0.0725062   0.703938
         0 -0.0725062   0.703938
         0 -0.0725062   0.703938
         0 -0.0725062   0.703938
         0 -0.0725062   0.703938
         0 -0.0725062   0.703938
         0 -0.0725062   0.703938
         0 -0.0725062   0.703938
         0 -0.0725062   0.703938
         0 -0.0725062   0.703938
         0 -0.0725062   0.703938
         0 -0.0725062   0.703938
         0 -0.0725062   0.703938
         0 -0.0725062   0.703938
         0 -0.0725062   0.703938
         0 -0.0725062   0.703938
         0 -0.0725062   0.703938
         0 -0.0725062   0.703938
         0 -0.0725062   0.703938
         0 -0.0725062   0.703938
         0 -0.0725062   0.703938
         0 -0.0725062   0.703938
         0 -0.0725062   0.703938
         0 -0.0725062   0.703938
         0 -0.0725062   0.703938
         0 -0.0725062   0.703938
         0 -0.0725062   0.703938
         0 -0.0725062   0.703938
         0 -0.0725062   0.703938
         0 -0.0725062   0.703938
         0 -0.0725062   0.703938
         0 -0.0725062   0.703938
         0 -0.0725062   0.703938
         0 -0.0725062   0.703938
         0 -0.0725062   0.703938
         0 -0.0725062   0.703938
         0 -0.0725062   0.703938
         0 -0.0725062   0.703938
         0 -0.0725062   0.703938
         0 -0.0725062   0.703938
         0 -0.0725062   0.703938
         0 -0.0725062   0.703938
         0 -0.0725062   0.703938
         0 -0.0725062   0.703938
         0 -0.0725062   0.703938
         0 -0.0725062   0.703938
         0 -0.0725062   0.703938
         0 -0.0725062   0.703938
         0 -0.0725062   0.703938
         0 -0.0725062   0.703938
         0 -0.0725062   0.703938
         0 -0.0725062   0.703938
         0 -0.0725062   0.703938
         0 -0.0725062   0.703938
         0 -0.0725062   0.703938
         0 -0.0725062   0.703938
         0 -0.0725062   0.703938
         0 -0.0725062   0.703938
         0 -0.0725062   0.703938
         0 -0.0725062   0.703938
         0 -0.0725062   0.703938
         0 -0.0725062   0.703938
         0 -0.0725062   0.703938
         0 -0.0725062   0.703938
         0 -0.0725062   0.703938
         0 -0.0725062   0.703938
         0 -0.0725062   0.703938
         0 -0.0725062   0.703938
         0 -0.0725062   0.703938
         0 -0.0725062   0.703938
         0 -0.0725062   0.703938
         0 -0.0725062   0.703938
         0 -0.0725062   0.703938
         0 -0.0725062   0.703938
         0 -0.0725062   0.703938
         0 -0.0725062   0.703938
         0 -0.0725062   0.703938
         0 -0.0725062   0.703938
         0 -0.0725062   0.703938
         0 -0.0725062   0.703938
         0 -0.0725062   0.703938
         0 -0.0725062   0.703938
         0 -0.0725062   0.703938
         0 -0.0725062   0.703938
         0 -0.0725062   0.703938
         0 -0.0725062   0.703938
         0 -0.0725062   0.703938
         0 -0.0725062   0.703938
         0 -0.0725062   0.703938
         0 -0.0725062   0.703938
         0 -0.0725062   0.703938
         0 -0.0725062   0.703938
         0 -0.0725062   0.703938
         0 -0.0725062   0.703938
         0 -0.0725062   0.703938
         0 -0.0725062   0.703938
         0 -0.0725062   0.703938
         0 -0.0725062   0.703938
         0 -0.0725062   0.703938
         0 -0.0725062   0.703938
         0 -0.0725062   0.703938
         0 -0.0725062   0.703938
         0 -0.0725062   0.703938
         0 -0.0725062   0.703938
         0 -0.0725062   0.703938
         0 -0.0725062   0.703938
         0 -0.0725062   0.703938
         0 -0.0725062   0.703938
         0 -0.0725062   0.703938
         0 -0.0725062   0.703938
         0 -0.0725062   0.703938
         0 -0.0725062   0.703938
         0 -0.0725062   0.703938
         0 -0.0725062   0.703938
         0 -0.0725062   0.703938
         0 -0.0725062   0.703938
         0 -0.0725062   0.703938
         0 -0.0725062   0.703938
         0 -0.0725062   0.703938
         0 -0.0725062   0.703938
         0 -0.0725062   0.703938
         0 -0.0725062   0.703938
         0 -0.0725062   0.703938
         0 -0.0725062   0.703938
         0 -0.0725062   0.703938
         0 -0.0725062   0.703938
         0 -0.0725062   0.703938
         0 -0.0725062   0.703938
         0 -0.0725062   0.703938
         0 -0.0725062   0.703938
         0 -0.0725062   0.703938
         0 -0.0725062   0.703938
         0 -0.0725062   0.703938
         0 -0.0725062   0.703938
         0 -0.0725062   0.703938
         0 -0.0725062   0.703938
         0 -0.0725062   0.703938
         0 -0.0725062   0.703938
         0 -0.0725062   0.703938
         0 -0.0725062   0.703938
         0 -0.0725062   0.703938
         0 -0.0725062   0.703938
         0 -0.0725062   0.703938
         0 -0.0725062   0.703938
         0 -0.0725062   0.703938
         0 -0.0725062   0.703938
         0 -0.0725062   0.703938
         0 -0.0725062   0.703938
         0 -0.0725062   0.703938
         0 -0.0725062   0.703938
         0 -0.0725062   0.703938
         0 -0.0725062   0.703938
         0 -0.0725062   0.703938
         0 -0.0725062   0.703938
         0 -0.0725062   0.703938
         0 -0.0725062   0.703938
         0 -0.0725062   0.703938
         0 -0.0725062   0.703938
         0 -0.0725062   0.703938
         0 -0.0725062   0.703938
         0 -0.0725062   0.703938
         0 -0.0725062   0.703938
         0 -0.0725062   0.703938
         0 -0.0725062   0.703938
         0 -0.0725062   0.703938
         0 -0.0725062   0.703938
         0 -0.0725062   0.703938
         0 -0.0725062   0.703938
         0 -0.0725062   0.703938
         0 -0.0725062   0.703938
         0 -0.0725062   0.703938
         0 -0.0725062   0.703938
         0 -0.0725062   0.703938
         0 -0.0725062   0.703938
         0 -0.0725062   0.703938
         0 -0.0725062   0.703938
         0 -0.0725062   0.703938
         0 -0.0725062   0.703938
         0 -0.0725062   0.703938
         0 -0.0725062   0.703938
         0 -0.0725062   0.703938
         0 -0.0725062   0.703938
         0 -0.0725062   0.703938
         0 -0.0725062   0.703938
         0 -0.0725062   0.703938
         0 -0.0725062   0.703938
         0 -0.0725062   0.703938
         0 -0.0725062   0.703938
         0 -0.0725062   0.703938
         0 -0.0725062   0.703938
         0 -0.0725062   0.703938
         0 -0.0725062   0.703938
         0 -0.0725062   0.703938
         0 -0.0725062   0.703938
         0 -0.0725062   0.703938
         0 -0.0725062   0.703938
         0 -0.0725062   0.703938
         0 -0.0725062   0.703938
         0 -0.0725062   0.703938
         0 -0.0725062   0.703938
         0 -0.0725062   0.703938
         0 -0.0725062   0.703938
         0 -0.0725062   0.703938
         0 -0.0725062   0.703938
         0 -0.0725062   0.703938
         0 -0.0725062   0.703938
         0 -0.0725062   0.703938
         0 -0.0725062   0.703938
         0 -0.0725062   0.703938
         0 -0.0725062   0.703938
         0 -0.0725062   0.703938
         0 -0.0725062   0.703938
         0 -0.0725062   0.703938
         0 -0.0725062   0.703938
         0 -0.0725062   0.703938
         0 -0.0725062   0.703938
         0 -0.0725062   0.703938
         0 -0.0725062   0.703938
         0 -0.0725062   0.703938
         0 -0.0725062   0.703938
         0 -0.0725062   0.703938
         0 -0.0725062   0.703938
         0 -0.0725062   0.703938
         0 -0.0725062   0.703938
         0 -0.0725062   0.703938
         0 -0.0725062   0.703938
         0 -0.0725062   0.703938
         0 -0.0725062   0.703938
         0 -0.0725062   0.703938
         0 -0.0725062   0.703938
         0 -0.0725062   0.703938
         0 -0.0725062   0.703938
         0 -0.0725062   0.703938
         0 -0.0725062   0.703938
         0 -0.0725062   0.703938
         0 -0.0725062   0.703938
         0 -0.0725062   0.703938
         0 -0.0725062   0.703938
         0 -0.0725062   0.703938
         0 -0.0725062   0.703938
         0 -0.0725062   0.703938
         0 -0.0725062   0.703938
         0 -0.0725062   0.703938
         0 -0.0725062   0.703938
         0 -0.0725062   0.703938
         0 -0.0725062   0.703938
         0 -0.0725062   0.703938
         0 -0.0725062   0.703938
         0 -0.0725062   0.703938
         0 -0.0725062   0.703938
         0 -0.0725062   0.703938
         0 -0.0725062   0.703938
         0 -0.0725062   0.703938
         0 -0.0725062   0.703938
         0 -0.0725062   0.703938
         0 -0.0725062   0.703938
         0 -0.0725062   0.703938
         0 -0.0725062   0.703938
         0 -0.0725062   0.703938
         0 -0.0725062   0.703938
         0 -0.0725062   0.703938
         0 -0.0725062   0.703938
         0 -0.0725062   0.703938
         0 -0.0725062   0.703938
         0 -0.0725062   0.703938
         0 -0.0725062   0.703938
         0 -0.0725062   0.703938
         0 -0.0725062   0.703938
         0 -0.0725062   0.703938
         0 -0.0725062   0.703938
         0 -0.0725062   0.703938
         0 -0.0725062   0.703938
         0 -0.0725062   0.703938
         0 -0.0725062   0.703938
         0 -0.0725062   0.703938
         0 -0.0725062   0.703938
         0 -0.0725062   0.703938
         0 -0.0725062   0.703938
         0 -0.0725062   0.703938
         0 -0.0725062   0.703938
         0 -0.0725062   0.703938
         0 -0.0725062   0.703938
         0 -0.0725062   0.703938
         0 -0.0725062   0.703938
         0 -0.0725062   0.703938
         0 -0.0725062   0.703938
         0 -0.0725062   0.703938
         0 -0.0725062   0.703938
         0 -0.0725062   0.703938
         0 -0.0725062   0.703938
         0 -0.0725062   0.703938
         0 -0.0725062   0.703938
         0 -0.0725062   0.703938
         0 -0.0725062   0.703938
         0 -0.0725062   0.703938
         0 -0.0725062   0.703938
         0 -0.0725062   0.703938
         0 -0.0725062   0.703938
         0 -0.0725062   0.703938
         0 -0.0725062   0.703938
         0 -0.0725062   0.703938
         0 -0.0725062   0.703938
         0 -0.0725062   0.703938
         0 -0.0725062   0.703938
         0 -0.0725062   0.703938
         0 -0.0725062   0.703938
         0 -0.0725062   0.703938
         0 -0.0725062   0.703938
         0 -0.0725062   0.703938
         0 -0.0725062   0.703938
         0 -0.0725062   0.703938
         0 -0.0725062   0.703938
         0 -0.0725062   0.703938
         0 -0.0725062   0.703938
         0 -0.0725062   0.703938
         0 -0.0725062   0.703938
         0 -0.0725062   0.703938
         0 -0.0725062   0.703938
         0 -0.0725062   0.703938
         0 -0.0725062   0.703938
         0 -0.0725062   0.703938
         0 -0.0725062   0.703938
         0 -0.0725062   0.703938
         0 -0.0725062   0.703938
         0 -0.0725062   0.703938
         0 -0.0725062   0.703938
         0 -0.0725062   0.703938
         0 -0.0725062   0.703938
         0 -0.0725062   0.703938
         0 -0.0725062   0.703938
         0 -0.0725062   0.703938
         0 -0.0725062   0.703938
         0 -0.0725062   0.703938
         0 -0.0725062   0.703938
         0 -0.0725062   0.703938
         0 -0.0725062   0.703938
         0 -0.0725062   0.703938
         0 -0.0725062   0.703938
         0 -0.0725062   0.703938
         0 -0.0725062   0.703938
         0 -0.0725062   0.703938
         0 -0.0725062   0.703938
         0 -0.0725062   0.703938
         0 -0.0725062   0.703938
         0 -0.0725062   0.703938
         0 -0.0725062   0.703938
         0 -0.0725062   0.703938
         0 -0.0725062   0.703938
         0 -0.0725062   0.703938
         0 -0.0725062   0.703938
         0 -0.0725062   0.703938
         0 -0.0725062   0.703938
         0 -0.0725062   0.703938
         0 -0.0725062   0.703938
         0 -0.0725062   0.703938
         0 -0.0725062   0.703938
         0 -0.0725062   0.703938
         0 -0.0725062   0.703938
         0 -0.0725062   0.703938
         0 -0.0725062   0.703938
         0 -0.0725062   0.703938
         0 -0.0725062   0.703938
         0 -0.0725062   0.703938
         0 -0.0725062   0.703938
         0 -0.0725062   0.703938
         0 -0.0725062   0.703938
         0 -0.0725062   0.703938
         0 -0.0725062   0.703938
         0 -0.0725062   0.703938
         0 -0.0725062   0.703938
         0 -0.0725062   0.703938
         0 -0.0725062   0.703938
         0 -0.0725062   0.703938
         0 -0.0725062   0.703938
         0 -0.0725062   0.703938
         0 -0.0725062   0.703938
         0 -0.0725062   0.703938
         0 -0.0725062   0.703938
         0 -0.0725062   0.703938
         0 -0.0725062   0.703938
         0 -0.0725062   0.703938
         0 -0.0725062   0.703938
         0 -0.0725062   0.703938
         0 -0.0725062   0.703938
         0 -0.0725062   0.703938
         0 -0.0725062   0.703938
         0 -0.0725062   0.703938
         0 -0.0725062   0.703938
         0 -0.0725062   0.703938
         0 -0.0725062   0.703938
         0 -0.0725062   0.703938
         0 -0.0725062   0.703938
         0 -0.0725062   0.703938
         0 -0.0725062   0.703938
         0 -0.0725062   0.703938
         0 -0.0725062   0.703938
         0 -0.0725062   0.703938
         0 -0.0725062   0.703938
         0 -0.0725062   0.703938
         0 -0.0725062   0.703938
         0 -0.0725062   0.703938
         0 -0.0725062   0.703938
         0 -0.0725062   0.703938
         0 -0.0725062   0.703938
         0 -0.0725062   0.703938
         0 -0.0725062   0.703938
         0 -0.0725062   0.703938
         0 -0.0725062   0.703938
         0 -0.0725062   0.703938
         0 -0.0725062   0.703938
         0 -0.0725062   0.703938
         0 -0.0725062   0.703938
         0 -0.0725062   0.703938
         0 -0.0725062   0.703938
         0 -0.0725062   0.703938
         0 -0.0725062   0.703938
         0 -0.0725062   0.703938
         0 -0.0725062   0.703938
         0 -0.0725062   0.703938
         0 -0.0725062   0.703938
         0 -0.0725062   0.703938
         0 -0.0725062   0.703938
         0 -0.0725062   0.703938
         0 -0.0725062   0.703938
         0 -0.0725062   0.703938
         0 -0.0725062   0.703938
         0 -0.0725062   0.703938
         0 -0.0725062   0.703938
         0 -0.0725062   0.703938
         0 -0.0725062   0.703938
         0 -0.0725062   0.703938
         0 -0.0725062   0.703938
         0 -0.0725062   0.703938
         0 -0.0725062   0.703938
         0 -0.0725062   0.703938
         0 -0.0725062   0.703938
         0 -0.0725062   0.703938
         0 -0.0725062   0.703938
         0 -0.0725062   0.703938
         0 -0.0725062   0.703938
         0 -0.0725062   0.703938
         0 -0.0725062   0.703938
         0 -0.0725062   0.703938
         0 -0.0725062   0.703938
         0 -0.0725062   0.703938
         0 -0.0725062   0.703938
         0 -0.0725062   0.703938
         0 -0.0725062   0.703938
         0 -0.0725062   0.703938
         0 -0.0725062   0.703938
         0 -0.0725062   0.703938
         0 -0.0725062   0.703938
         0 -0.0725062   0.703938
         0 -0.0725062   0.703938
         0 -0.0725062   0.703938
         0 -0.0725062   0.703938
         0 -0.0725062   0.703938
         0 -0.0725062   0.703938
         0 -0.0725062   0.703938
         0 -0.0725062   0.703938
         0 -0.0725062   0.703938
         0 -0.0725062   0.703938
         0 -0.0725062   0.703938
         0 -0.0725062   0.703938
         0 -0.0725062   0.703938
         0 -0.0725062   0.703938
         0 -0.0725062   0.703938
         0 -0.0725062   0.703938
         0 -0.0725062   0.703938
         0 -0.0725062   0.703938
         0 -0.0725062   0.703938
         0 -0.0725062   0.703938
         0 -0.0725062   0.703938
         0 -0.0725062   0.703938
         0 -0.0725062   0.703938
         0 -0.0725062   0.703938
         0 -0.0725062   0.703938
         0 -0.0725062   0.703938
         0 -0.0725062   0.703938
         0 -0.0725062   0.703938
         0 -0.0725062   0.703938
         0 -0.0725062   0.703938
         0 -0.0725062   0.703938
         0 -0.0725062   0.703938
         0 -0.0725062   0.703938
         0 -0.0725062   0.703938
         0 -0.0725062   0.703938
         0 -0.0725062   0.703938
         0 -0.0725062   0.703938
         0 -0.0725062   0.703938
         0 -0.0725062   0.703938
         0 -0.0725062   0.703938
         0 -0.0725062   0.703938
         0 -0.0725062   0.703938
         0 -0.0725062   0.703938
         0 -0.0725062   0.703938
         0 -0.0725062   0.703938
         0 -0.0725062   0.703938
         0 -0.0725062   0.703938
         0 -0.0725062   0.703938
         0 -0.0725062   0.703938
         0 -0.0725062   0.703938
         0 -0.0725062   0.703938
         0 -0.0725062   0.703938
         0 -0.0725062   0.703938
         0 -0.0725062   0.703938
         0 -0.0725062   0.703938
         0 -0.0725062   0.703938
         0 -0.0725062   0.703938
         0 -0.0725062   0.703938
         0 -0.0725062   0.703938
         0 -0.0725062   0.703938
         0 -0.0725062   0.703938
         0 -0.0725062   0.703938
         0 -0.0725062   0.703938
         0 -0.0725062   0.703938
         0 -0.0725062   0.703938
         0 -0.0725062   0.703938
         0 -0.0725062   0.703938
         0 -0.0725062   0.703938
         0 -0.0725062   0.703938
         0 -0.0725062   0.703938
         0 -0.0725062   0.703938
         0 -0.0725062   0.703938
         0 -0.0725062   0.703938
         0 -0.0725062   0.703938
         0 -0.0725062   0.703938
         0 -0.0725062   0.703938
         0 -0.0725062   0.703938
         0 -0.0725062   0.703938
         0 -0.0725062   0.703938
         0 -0.0725062   0.703938
         0 -0.0725062   0.703938
         0 -0.0725062   0.703938
         0 -0.0725062   0.703938
         0 -0.0725062   0.703938
         0 -0.0725062   0.703938
         0 -0.0725062   0.703938
         0 -0.0725062   0.703938
         0 -0.0725062   0.703938
         0 -0.0725062   0.703938
         0 -0.0725062   0.703938
         0 -0.0725062   0.703938
         0 -0.0725062   0.703938
         0 -0.0725062   0.703938
         0 -0.0725062   0.703938
         0 -0.0725062   0.703938
         0 -0.0725062   0.703938
         0 -0.0725062   0.703938
         0 -0.0725062   0.703938
         0 -0.0725062   0.703938
         0 -0.0725062   0.703938
         0 -0.0725062   0.703938
         0 -0.0725062   0.703938
         0 -0.0725062   0.703938
         0 -0.0725062   0.703938
         0 -0.0725062   0.703938
         0 -0.0725062   0.703938
         0 -0.0725062   0.703938
         0 -0.0725062   0.703938
         0 -0.0725062   0.703938
         0 -0.0725062   0.703938
         0 -0.0725062   0.703938
         0 -0.0725062   0.703938
         0 -0.0725062   0.703938
         0 -0.0725062   0.703938
         0 -0.0725062   0.703938
         0 -0.0725062   0.703938
         0 -0.0725062   0.703938
         0 -0.0725062   0.703938
         0 -0.0725062   0.703938
         0 -0.0725062   0.703938
         0 -0.0725062   0.703938
         0 -0.0725062   0.703938
         0 -0.0725062   0.703938
         0 -0.0725062   0.703938
         0 -0.0725062   0.703938
         0 -0.0725062   0.703938
         0 -0.0725062   0.703938
         0 -0.0725062   0.703938
         0 -0.0725062   0.703938
         0 -0.0725062   0.703938
         0 -0.0725062   0.703938
         0 -0.0725062   0.703938
         0 -0.0725062   0.703938
         0 -0.0725062   0.703938
         0 -0.0725062   0.703938
         0 -0.0725062   0.703938
         0 -0.0725062   0.703938
         0 -0.0725062   0.703938
         0 -0.0725062   0.703938
         0 -0.0725062   0.703938
         0 -0.0725062   0.703938
         0 -0.0725062   0.703938
         0 -0.0725062   0.703938
         0 -0.0725062   0.703938
         0 -0.0725062   0.703938
         0 -0.0725062   0.703938
         0 -0.0725062   0.703938
         0 -0.0725062   0.703938
         0 -0.0725062   0.703938
         0 -0.0725062   0.703938
         0 -0.0725062   0.703938
         0 -0.0725062   0.703938
         0 -0.0725062   0.703938
         0 -0.0725062   0.703938
         0 -0.0725062   0.703938
         0 -0.0725062   0.703938
         0 -0.0725062   0.703938
         0 -0.0725062   0.703938
         0 -0.0725062   0.703938
         0 -0.0725062   0.703938
         0 -0.0725062   0.703938
         0 -0.0725062   0.703938
         0 -0.0725062   0.703938
         0 -0.0725062   0.703938
         0 -0.0725062   0.703938
         0 -0.0725062   0.703938
         0 -0.0725062   0.703938
         0 -0.0725062   0.703938
         0 -0.0725062   0.703938
         0 -0.0725062   0.703938
         0 -0.0725062   0.703938
         0 -0.0725062   0.703938
         0 -0.0725062   0.703938
         0 -0.0725062   0.703938
         0 -0.0725062   0.703938
         0 -0.0725062   0.703938
         0 -0.0725062   0.703938
         0 -0.0725062   0.703938
         0 -0.0725062   0.703938
         0 -0.0725062   0.703938
         0 -0.0725062   0.703938
         0 -0.0725062   0.703938
         0 -0.0725062   0.703938
         0 -0.0725062   0.703938
         0 -0.0725062   0.703938
         0 -0.0725062   0.703938
         0 -0.0725062   0.703938
         0 -0.0725062   0.703938
         0 -0.0725062   0.703938
         0 -0.0725062   0.703938
         0 -0.0725062   0.703938
         0 -0.0725062   0.703938
         0 -0.0725062   0.703938
         0 -0.0725062   0.703938
         0 -0.0725062   0.703938
         0 -0.0725062   0.703938
         0 -0.0725062   0.703938
         0 -0.0725062   0.703938
         0 -0.0725062   0.703938
         0 -0.0725062   0.703938
         0 -0.0725062   0.703938
         0 -0.0725062   0.703938
         0 -0.0725062   0.703938
         0 -0.0725062   0.703938
         0 -0.0725062   0.703938
         0 -0.0725062   0.703938
         0 -0.0725062   0.703938
         0 -0.0725062   0.703938
         0 -0.0725062   0.703938
         0 -0.0725062   0.703938
         0 -0.0725062   0.703938
         0 -0.0725062   0.703938
         0 -0.0725062   0.703938
         0 -0.0725062   0.703938
         0 -0.0725062   0.703938
         0 -0.0725062   0.703938
         0 -0.0725062   0.703938
         0 -0.0725062   0.703938
         0 -0.0725062   0.703938
         0 -0.0725062   0.703938
         0 -0.0725062   0.703938
         0 -0.0725062   0.703938
         0 -0.0725062   0.703938
         0 -0.0725062   0.703938
         0 -0.0725062   0.703938
         0 -0.0725062   0.703938
         0 -0.0725062   0.703938
         0 -0.0725062   0.703938
         0 -0.0725062   0.703938
         0 -0.0725062   0.703938
         0 -0.0725062   0.703938
         0 -0.0725062   0.703938
         0 -0.0725062   0.703938
         0 -0.0725062   0.703938
         0 -0.0725062   0.703938
         0 -0.0725062   0.703938
         0 -0.0725062   0.703938
         0 -0.0725062   0.703938
         0 -0.0725062   0.703938
         0 -0.0725062   0.703938
         0 -0.0725062   0.703938
         0 -0.0725062   0.703938
         0 -0.0725062   0.703938
         0 -0.0725062   0.703938
         0 -0.0725062   0.703938
         0 -0.0725062   0.703938
         0 -0.0725062   0.703938
         0 -0.0725062   0.703938
         0 -0.0725062   0.703938
         0 -0.0725062   0.703938
         0 -0.0725062   0.703938
         0 -0.0725062   0.703938
         0 -0.0725062   0.703938
         0 -0.0725062   0.703938
         0 -0.0725062   0.703938
         0 -0.0725062   0.703938
         0 -0.0725062   0.703938
         0 -0.0725062   0.703938
         0 -0.0725062   0.703938
         0 -0.0725062   0.703938
         0 -0.0725062   0.703938
         0 -0.0725062   0.703938
         0 -0.0725062   0.703938
         0 -0.0725062   0.703938
         0 -0.0725062   0.703938
         0 -0.0725062   0.703938
         0 -0.0725062   0.703938
         0 -0.0725062   0.703938
         0 -0.0725062   0.703938
         0 -0.0725062   0.703938
         0 -0.0725062   0.703938
         0 -0.0725062   0.703938
         0 -0.0725062   0.703938
         0 -0.0725062   0.703938
         0 -0.0725062   0.703938
         0 -0.0725062   0.703938
         0 -0.0725062   0.703938
         0 -0.0725062   0.703938
         0 -0.0725062   0.703938
         0 -0.0725062   0.703938
         0 -0.0725062   0.703938
         0 -0.0725062   0.703938
         0 -0.0725062   0.703938
         0 -0.0725062   0.703938
         0 -0.0725062   0.703938
         0 -0.0725062   0.703938
         0 -0.0725062   0.703938
         0 -0.0725062   0.703938
         0 -0.0725062   0.703938
         0 -0.0725062   0.703938
         0 -0.0725062   0.703938
         0 -0.0725062   0.703938
         0 -0.0725062   0.703938
         0 -0.0725062   0.703938
         0 -0.0725062   0.703938
         0 -0.0725062   0.703938
         0 -0.0725062   0.703938
         0 -0.0725062   0.703938
         0 -0.0725062   0.703938
         0 -0.0725062   0.703938
         0 -0.0725062   0.703938
         0 -0.0725062   0.703938
         0 -0.0725062   0.703938
         0 -0.0725062   0.703938
         0 -0.0725062   0.703938
         0 -0.0725062   0.703938
         0 -0.0725062   0.703938
         0 -0.0725062   0.703938
         0 -0.0725062   0.703938
         0 -0.0725062   0.703938
         0 -0.0725062   0.703938
         0 -0.0725062   0.703938
         0 -0.0725062   0.703938
         0 -0.0725062   0.703938
         0 -0.0725062   0.703938
         0 -0.0725062   0.703938
         0 -0.0725062   0.703938
         0 -0.0725062   0.703938
         0 -0.0725062   0.703938
         0 -0.0725062   0.703938
         0 -0.0725062   0.703938
         0 -0.0725062   0.703938
         0 -0.0725062   0.703938
         0 -0.0725062   0.703938
         0 -0.0725062   0.703938
         0 -0.0725062   0.703938
         0 -0.0725062   0.703938
         0 -0.0725062   0.703938
         0 -0.0725062   0.703938
         0 -0.0725062   0.703938
         0 -0.0725062   0.703938
         0 -0.0725062   0.703938
         0 -0.0725062   0.703938
         0 -0.0725062   0.703938
         0 -0.0725062   0.703938
         0 -0.0725062   0.703938
         0 -0.0725062   0.703938
         0 -0.0725062   0.703938
         0 -0.0725062   0.703938
         0 -0.0725062   0.703938
         0 -0.0725062   0.703938
         0 -0.0725062   0.703938
         0 -0.0725062   0.703938
         0 -0.0725062   0.703938
         0 -0.0725062   0.703938
         0 -0.0725062   0.703938
         0 -0.0725062   0.703938
         0 -0.0725062   0.703938
         0 -0.0725062   0.703938
         0 -0.0725062   0.703938
         0 -0.0725062   0.703938
         0 -0.0725062   0.703938
         0 -0.0725062   0.703938
         0 -0.0725062   0.703938
         0 -0.0725062   0.703938
         0 -0.0725062   0.703938
         0 -0.0725062   0.703938
         0 -0.0725062   0.703938
         0 -0.0725062   0.703938
         0 -0.0725062   0.703938
         0 -0.0725062   0.703938
         0 -0.0725062   0.703938
         0 -0.0725062   0.703938
         0 -0.0725062   0.703938
         0 -0.0725062   0.703938
         0 -0.0725062   0.703938
         0 -0.0725062   0.703938
         0 -0.0725062   0.703938
         0 -0.0725062   0.703938
         0 -0.0725062   0.703938
         0 -0.0725062   0.703938
         0 -0.0725062   0.703938
         0 -0.0725062   0.703938
         0 -0.0725062   0.703938
         0 -0.0725062   0.703938
         0 -0.0725062   0.703938
         0 -0.0725062   0.703938
         0 -0.0725062   0.703938
         0 -0.0725062   0.703938
         0 -0.0725062   0.703938
         0 -0.0725062   0.703938
         0 -0.0725062   0.703938
         0 -0.0725062   0.703938
         0 -0.0725062   0.703938
         0 -0.0725062   0.703938
         0 -0.0725062   0.703938
         0 -0.0725062   0.703938
         0 -0.0725062   0.703938
         0 -0.0725062   0.703938
         0 -0.0725062   0.703938
         0 -0.0725062   0.703938
         0 -0.0725062   0.703938
         0 -0.0725062   0.703938
         0 -0.0725062   0.703938
         0 -0.0725062   0.703938
         0 -0.0725062   0.703938
         0 -0.0725062   0.703938
         0 -0.0725062   0.703938
         0 -0.0725062   0.703938
         0 -0.0725062   0.703938
         0 -0.0725062   0.703938
         0 -0.0725062   0.703938
         0 -0.0725062   0.703938
         0 -0.0725062   0.703938
         0 -0.0725062   0.703938
         0 -0.0725062   0.703938
         0 -0.0725062   0.703938
         0 -0.0725062   0.703938
         0 -0.0725062   0.703938
         0 -0.0725062   0.703938
         0 -0.0725062   0.703938
         0 -0.0725062   0.703938
         0 -0.0725062   0.703938
         0 -0.0725062   0.703938
         0 -0.0725062   0.703938
         0 -0.0725062   0.703938
         0 -0.0725062   0.703938
         0 -0.0725062   0.703938
         0 -0.0725062   0.703938
         0 -0.0725062   0.703938
         0 -0.0725062   0.703938
         0 -0.0725062   0.703938
         0 -0.0725062   0.703938
         0 -0.0725062   0.703938
         0 -0.0725062   0.703938
         0 -0.0725062   0.703938
         0 -0.0725062   0.703938
         0 -0.0725062   0.703938
         0 -0.0725062   0.703938
         0 -0.0725062   0.703938
         0 -0.0725062   0.703938
         0 -0.0725062   0.703938
         0 -0.0725062   0.703938
         0 -0.0725062   0.703938
         0 -0.0725062   0.703938
         0 -0.0725062   0.703938
         0 -0.0725062   0.703938
         0 -0.0725062   0.703938
         0 -0.0725062   0.703938
         0 -0.0725062   0.703938
         0 -0.0725062   0.703938
         0 -0.0725062   0.703938
         0 -0.0725062   0.703938
         0 -0.0725062   0.703938
         0 -0.0725062   0.703938
         0 -0.0725062   0.703938
         0 -0.0725062   0.703938
         0 -0.0725062   0.703938
         0 -0.0725062   0.703938
         0 -0.0725062   0.703938
         0 -0.0725062   0.703938
         0 -0.0725062   0.703938
         0 -0.0725062   0.703938
         0 -0.0725062   0.703938
         0 -0.0725062   0.703938
         0 -0.0725062   0.703938
         0 -0.0725062   0.703938
         0 -0.0725062   0.703938
         0 -0.0725062   0.703938
         0 -0.0725062   0.703938
         0 -0.0725062   0.703938
         0 -0.0725062   0.703938
         0 -0.0725062   0.703938
         0 -0.0725062   0.703938
         0 -0.0725062   0.703938
         0 -0.0725062   0.703938
         0 -0.0725062   0.703938
         0 -0.0725062   0.703938
         0 -0.0725062   0.703938
         0 -0.0725062   0.703938
         0 -0.0725062   0.703938
         0 -0.0725062   0.703938
         0 -0.0725062   0.703938
         0 -0.0725062   0.703938
         0 -0.0725062   0.703938
         0 -0.0725062   0.703938
         0 -0.0725062   0.703938
         0 -0.0725062   0.703938
         0 -0.0725062   0.703938
         0 -0.0725062   0.703938
         0 -0.0725062   0.703938
         0 -0.0725062   0.703938
         0 -0.0725062   0.703938
         0 -0.0725062   0.703938
         0 -0.0725062   0.703938
         0 -0.0725062   0.703938
         0 -0.0725062   0.703938
         0 -0.0725062   0.703938
         0 -0.0725062   0.703938
         0 -0.0725062   0.703938
         0 -0.0725062   0.703938
         0 -0.0725062   0.703938
         0 -0.0725062   0.703938
         0 -0.0725062   0.703938
         0 -0.0725062   0.703938
         0 -0.0725062   0.703938
         0 -0.0725062   0.703938
         0 -0.0725062   0.703938
         0 -0.0725062   0.703938
         0 -0.0725062   0.703938
         0 -0.0725062   0.703938
         0 -0.0725062   0.703938
         0 -0.0725062   0.703938
         0 -0.0725062   0.703938
         0 -0.0725062   0.703938
         0 -0.0725062   0.703938
         0 -0.0725062   0.703938
         0 -0.0725062   0.703938
         0 -0.0725062   0.703938
         0 -0.0725062   0.703938
         0 -0.0725062   0.703938
         0 -0.0725062   0.703938
         0 -0.0725062   0.703938
         0 -0.0725062   0.703938
         0 -0.0725062   0.703938
         0 -0.0725062   0.703938
         0 -0.0725062   0.703938
         0 -0.0725062   0.703938
         0 -0.0725062   0.703938
         0 -0.0725062   0.703938
         0 -0.0725062   0.703938
         0 -0.0725062   0.703938
         0 -0.0725062   0.703938
         0 -0.0725062   0.703938
         0 -0.0725062   0.703938
         0 -0.0725062   0.703938
         0 -0.0725062   0.703938
         0 -0.0725062   0.703938
         0 -0.0725062   0.703938
         0 -0.0725062   0.703938
         0 -0.0725062   0.703938
         0 -0.0725062   0.703938
         0 -0.0725062   0.703938
         0 -0.0725062   0.703938
         0 -0.0725062   0.703938
         0 -0.0725062   0.703938
         0 -0.0725062   0.703938
         0 -0.0725062   0.703938
         0 -0.0725062   0.703938
         0 -0.0725062   0.703938
         0 -0.0725062   0.703938
         0 -0.0725062   0.703938
         0 -0.0725062   0.703938
         0 -0.0725062   0.703938
         0 -0.0725062   0.703938
         0 -0.0725062   0.703938
         0 -0.0725062   0.703938
         0 -0.0725062   0.703938
         0 -0.0725062   0.703938
         0 -0.0725062   0.703938
         0 -0.0725062   0.703938
         0 -0.0725062   0.703938
         0 -0.0725062   0.703938
         0 -0.0725062   0.703938
         0 -0.0725062   0.703938
         0 -0.0725062   0.703938
         0 -0.0725062   0.703938
         0 -0.0725062   0.703938
         0 -0.0725062   0.703938
         0 -0.0725062   0.703938
         0 -0.0725062   0.703938
         0 -0.0725062   0.703938
         0 -0.0725062   0.703938
         0 -0.0725062   0.703938
         0 -0.0725062   0.703938
         0 -0.0725062   0.703938
         0 -0.0725062   0.703938
         0 -0.0725062   0.703938
         0 -0.0725062   0.703938
         0 -0.0725062   0.703938
         0 -0.0725062   0.703938
         0 -0.0725062   0.703938
         0 -0.0725062   0.703938
         0 -0.0725062   0.703938
         0 -0.0725062   0.703938
         0 -0.0725062   0.703938
         0 -0.0725062   0.703938
         0 -0.0725062   0.703938
         0 -0.0725062   0.703938
         0 -0.0725062   0.703938
         0 -0.0725062   0.703938
         0 -0.0725062   0.703938
         0 -0.0725062   0.703938
         0 -0.0725062   0.703938
         0 -0.0725062   0.703938
         0 -0.0725062   0.703938
         0 -0.0725062   0.703938
         0 -0.0725062   0.703938
         0 -0.0725062   0.703938
         0 -0.0725062   0.703938
         0 -0.0725062   0.703938
         0 -0.0725062   0.703938
         0 -0.0725062   0.703938
         0 -0.0725062   0.703938
         0 -0.0725062   0.703938
         0 -0.0725062   0.703938
         0 -0.0725062   0.703938
         0 -0.0725062   0.703938
         0 -0.0725062   0.703938
         0 -0.0725062   0.703938
         0 -0.0725062   0.703938
         0 -0.0725062   0.703938
         0 -0.0725062   0.703938
         0 -0.0725062   0.703938
         0 -0.0725062   0.703938
         0 -0.0725062   0.703938
         0 -0.0725062   0.703938
         0 -0.0725062   0.703938
         0 -0.0725062   0.703938
         0 -0.0725062   0.703938
         0 -0.0725062   0.703938
         0 -0.0725062   0.703938
         0 -0.0725062   0.703938
         0 -0.0725062   0.703938
         0 -0.0725062   0.703938
         0 -0.0725062   0.703938
         0 -0.0725062   0.703938
         0 -0.0725062   0.703938
         0 -0.0725062   0.703938
         0 -0.0725062   0.703938
         0 -0.0725062   0.703938
         0 -0.0725062   0.703938
         0 -0.0725062   0.703938
         0 -0.0725062   0.703938
         0 -0.0725062   0.703938
         0 -0.0725062   0.703938
         0 -0.0725062   0.703938
         0 -0.0725062   0.703938
         0 -0.0725062   0.703938
         0 -0.0725062   0.703938
         0 -0.0725062   0.703938
         0 -0.0725062   0.703938
         0 -0.0725062   0.703938
         0 -0.0725062   0.703938
         0 -0.0725062   0.703938
         0 -0.0725062   0.703938
         0 -0.0725062   0.703938
         0 -0.0725062   0.703938
         0 -0.0725062   0.703938
         0 -0.0725062   0.703938
         0 -0.0725062   0.703938
         0 -0.0725062   0.703938
         0 -0.0725062   0.703938
         0 -0.0725062   0.703938
         0 -0.0725062   0.703938
         0 -0.0725062   0.703938
         0 -0.0725062   0.703938
         0 -0.0725062   0.703938
         0 -0.0725062   0.703938
         0 -0.0725062   0.703938
         0 -0.0725062   0.703938
         0 -0.0725062   0.703938
         0 -0.0725062   0.703938
         0 -0.0725062   0.703938
         0 -0.0725062   0.703938
         0 -0.0725062   0.703938
         0 -0.0725062   0.703938
         0 -0.0725062   0.703938
         0 -0.0725062   0.703938
         0 -0.0725062   0.703938
         0 -0.0725062   0.703938
         0 -0.0725062   0.703938
         0 -0.0725062   0.703938
         0 -0.0725062   0.703938
         0 -0.0725062   0.703938
         0 -0.0725062   0.703938
         0 -0.0725062   0.703938
         0 -0.0725062   0.703938
         0 -0.0725062   0.703938
         0 -0.0725062   0.703938
         0 -0.0725062   0.703938
         0 -0.0725062   0.703938
         0 -0.0725062   0.703938
         0 -0.0725062   0.703938
         0 -0.0725062   0.703938
         0 -0.0725062   0.703938
         0 -0.0725062   0.703938
         0 -0.0725062   0.703938
         0 -0.0725062   0.703938
         0 -0.0725062   0.703938
         0 -0.0725062   0.703938
         0 -0.0725062   0.703938
         0 -0.0725062   0.703938
         0 -0.0725062   0.703938
         0 -0.0725062   0.703938
         0 -0.0725062   0.703938
         0 -0.0725062   0.703938
         0 -0.0725062   0.703938
         0 -0.0725062   0.703938
         0 -0.0725062   0.703938
         0 -0.0725062   0.703938
         0 -0.0725062   0.703938
         0 -0.0725062   0.703938
         0 -0.0725062   0.703938
         0 -0.0725062   0.703938
         0 -0.0725062   0.703938
         0 -0.0725062   0.703938
         0 -0.0725062   0.703938
         0 -0.0725062   0.703938
         0 -0.0725062   0.703938
         0 -0.0725062   0.703938
         0 -0.0725062   0.703938
         0 -0.0725062   0.703938
         0 -0.0725062   0.703938
         0 -0.0725062   0.703938
         0 -0.0725062   0.703938
         0 -0.0725062   0.703938
         0 -0.0725062   0.703938
         0 -0.0725062   0.703938
         0 -0.0725062   0.703938
         0 -0.0725062   0.703938
         0 -0.0725062   0.703938
         0 -0.0725062   0.703938
         0 -0.0725062   0.703938
         0 -0.0725062   0.703938
         0 -0.0725062   0.703938
         0 -0.0725062   0.703938
         0 -0.0725062   0.703938
         0 -0.0725062   0.703938
         0 -0.0725062   0.703938
         0 -0.0725062   0.703938
         0 -0.0725062   0.703938
         0 -0.0725062   0.703938
         0 -0.0725062   0.703938
         0 -0.0725062   0.703938
         0 -0.0725062   0.703938
         0 -0.0725062   0.703938
         0 -0.0725062   0.703938
         0 -0.0725062   0.703938
         0 -0.0725062   0.703938
         0 -0.0725062   0.703938
         0 -0.0725062   0.703938
         0 -0.0725062   0.703938
         0 -0.0725062   0.703938
         0 -0.0725062   0.703938
         0 -0.0725062   0.703938
         0 -0.0725062   0.703938
         0 -0.0725062   0.703938
         0 -0.0725062   0.703938
         0 -0.0725062   0.703938
         0 -0.0725062   0.703938
         0 -0.0725062   0.703938
         0 -0.0725062   0.703938
         0 -0.0725062   0.703938
         0 -0.0725062   0.703938
         0 -0.0725062   0.703938
         0 -0.0725062   0.703938
         0 -0.0725062   0.703938
         0 -0.0725062   0.703938
         0 -0.0725062   0.703938
         0 -0.0725062   0.703938
         0 -0.0725062   0.703938
         0 -0.0725062   0.703938
         0 -0.0725062   0.703938
         0 -0.0725062   0.703938
         0 -0.0725062   0.703938
         0 -0.0725062   0.703938
         0 -0.0725062   0.703938
         0 -0.0725062   0.703938
         0 -0.0725062   0.703938
         0 -0.0725062   0.703938
         0 -0.0725062   0.703938
         0 -0.0725062   0.703938
         0 -0.0725062   0.703938
         0 -0.0725062   0.703938
         0 -0.0725062   0.703938
         0 -0.0725062   0.703938
         0 -0.0725062   0.703938
         0 -0.0725062   0.703938
         0 -0.0725062   0.703938
         0 -0.0725062   0.703938
         0 -0.0725062   0.703938
         0 -0.0725062   0.703938
         0 -0.0725062   0.703938
         0 -0.0725062   0.703938
         0 -0.0725062   0.703938
         0 -0.0725062   0.703938
         0 -0.0725062   0.703938
         0 -0.0725062   0.703938
         0 -0.0725062   0.703938
         0 -0.0725062   0.703938
         0 -0.0725062   0.703938
         0 -0.0725062   0.703938
         0 -0.0725062   0.703938
         0 -0.0725062   0.703938
         0 -0.0725062   0.703938
         0 -0.0725062   0.703938
         0 -0.0725062   0.703938
         0 -0.0725062   0.703938
         0 -0.0725062   0.703938
         0 -0.0725062   0.703938
         0 -0.0725062   0.703938
         0 -0.0725062   0.703938
         0 -0.0725062   0.703938
         0 -0.0725062   0.703938
         0 -0.0725062   0.703938
         0 -0.0725062   0.703938
         0 -0.0725062   0.703938
         0 -0.0725062   0.703938
         0 -0.0725062   0.703938
         0 -0.0725062   0.703938
         0 -0.0725062   0.703938
         0 -0.0725062   0.703938
         0 -0.0725062   0.703938
         0 -0.0725062   0.703938
         0 -0.0725062   0.703938
         0 -0.0725062   0.703938
         0 -0.0725062   0.703938
         0 -0.0725062   0.703938
         0 -0.0725062   0.703938
         0 -0.0725062   0.703938
         0 -0.0725062   0.703938
         0 -0.0725062   0.703938
         0 -0.0725062   0.703938
         0 -0.0725062   0.703938
         0 -0.0725062   0.703938
         0 -0.0725062   0.703938
         0 -0.0725062   0.703938
         0 -0.0725062   0.703938
         0 -0.0725062   0.703938
         0 -0.0725062   0.703938
         0 -0.0725062   0.703938
         0 -0.0725062   0.703938
         0 -0.0725062   0.703938
         0 -0.0725062   0.703938
         0 -0.0725062   0.703938
         0 -0.0725062   0.703938
         0 -0.0725062   0.703938
         0 -0.0725062   0.703938
         0 -0.0725062   0.703938
         0 -0.0725062   0.703938
         0 -0.0725062   0.703938
         0 -0.0725062   0.703938
         0 -0.0725062   0.703938
         0 -0.0725062   0.703938
         0 -0.0725062   0.703938
         0 -0.0725062   0.703938
         0 -0.0725062   0.703938
         0 -0.0725062   0.703938
         0 -0.0725062   0.703938
         0 -0.0725062   0.703938
         0 -0.0725062   0.703938
         0 -0.0725062   0.703938
         0 -0.0725062   0.703938
         0 -0.0725062   0.703938
         0 -0.0725062   0.703938
         0 -0.0725062   0.703938
         0 -0.0725062   0.703938
         0 -0.0725062   0.703938
         0 -0.0725062   0.703938
         0 -0.0725062   0.703938
         0 -0.0725062   0.703938
         0 -0.0725062   0.703938
         0 -0.0725062   0.703938
         0 -0.0725062   0.703938
         0 -0.0725062   0.703938
         0 -0.0725062   0.703938
         0 -0.0725062   0.703938
         0 -0.0725062   0.703938
         0 -0.0725062   0.703938
         0 -0.0725062   0.703938
         0 -0.0725062   0.703938
         0 -0.0725062   0.703938
         0 -0.0725062   0.703938
         0 -0.0725062   0.703938
         0 -0.0725062   0.703938
         0 -0.0725062   0.703938
         0 -0.0725062   0.703938
         0 -0.0725062   0.703938
         0 -0.0725062   0.703938
         0 -0.0725062   0.703938
         0 -0.0725062   0.703938
         0 -0.0725062   0.703938
         0 -0.0725062   0.703938
         0 -0.0725062   0.703938
         0 -0.0725062   0.703938
         0 -0.0725062   0.703938
         0 -0.0725062   0.703938
         0 -0.0725062   0.703938
         0 -0.0725062   0.703938
         0 -0.0725062   0.703938
         0 -0.0725062   0.703938
         0 -0.0725062   0.703938
         0 -0.0725062   0.703938
         0 -0.0725062   0.703938
         0 -0.0725062   0.703938
         0 -0.0725062   0.703938
         0 -0.0725062   0.703938
         0 -0.0725062   0.703938
         0 -0.0725062   0.703938
         0 -0.0725062   0.703938
         0 -0.0725062   0.703938
         0 -0.0725062   0.703938
         0 -0.0725062   0.703938
         0 -0.0725062   0.703938
         0 -0.0725062   0.703938
         0 -0.0725062   0.703938
         0 -0.0725062   0.703938
         0 -0.0725062   0.703938
         0 -0.0725062   0.703938
         0 -0.0725062   0.703938
         0 -0.0725062   0.703938
         0 -0.0725062   0.703938
         0 -0.0725062   0.703938
         0 -0.0725062   0.703938
         0 -0.0725062   0.703938
         0 -0.0725062   0.703938
         0 -0.0725062   0.703938
         0 -0.0725062   0.703938
         0 -0.0725062   0.703938
         0 -0.0725062   0.703938
         0 -0.0725062   0.703938
         0 -0.0725062   0.703938
         0 -0.0725062   0.703938
         0 -0.0725062   0.703938
         0 -0.0725062   0.703938
         0 -0.0725062   0.703938
         0 -0.0725062   0.703938
         0 -0.0725062   0.703938
         0 -0.0725062   0.703938
         0 -0.0725062   0.703938
         0 -0.0725062   0.703938
         0 -0.0725062   0.703938
         0 -0.0725062   0.703938
         0 -0.0725062   0.703938
         0 -0.0725062   0.703938
         0 -0.0725062   0.703938
         0 -0.0725062   0.703938
         0 -0.0725062   0.703938
         0 -0.0725062   0.703938
         0 -0.0725062   0.703938
         0 -0.0725062   0.703938
         0 -0.0725062   0.703938
         0 -0.0725062   0.703938
         0 -0.0725062   0.703938
         0 -0.0725062   0.703938
         0 -0.0725062   0.703938
         0 -0.0725062   0.703938
         0 -0.0725062   0.703938
         0 -0.0725062   0.703938
         0 -0.0725062   0.703938
         0 -0.0725062   0.703938
         0 -0.0725062   0.703938
         0 -0.0725062   0.703938
         0 -0.0725062   0.703938
         0 -0.0725062   0.703938
         0 -0.0725062   0.703938
         0 -0.0725062   0.703938
         0 -0.0725062   0.703938
         0 -0.0725062   0.703938
         0 -0.0725062   0.703938
         0 -0.0725062   0.703938
         0 -0.0725062   0.703938
         0 -0.0725062   0.703938
         0 -0.0725062   0.703938
         0 -0.0725062   0.703938
         0 -0.0725062   0.703938
         0 -0.0725062   0.703938
         0 -0.0725062   0.703938
         0 -0.0725062   0.703938
         0 -0.0725062   0.703938
         0 -0.0725062   0.703938
         0 -0.0725062   0.703938
         0 -0.0725062   0.703938
         0 -0.0725062   0.703938
         0 -0.0725062   0.703938
         0 -0.0725062   0.703938
         0 -0.0725062   0.703938
         0 -0.0725062   0.703938
         0 -0.0725062   0.703938
         0 -0.0725062   0.703938
         0 -0.0725062   0.703938
         0 -0.0725062   0.703938
         0 -0.0725062   0.703938
         0 -0.0725062   0.703938
         0 -0.0725062   0.703938
         0 -0.0725062   0.703938
         0 -0.0725062   0.703938
         0 -0.0725062   0.703938
         0 -0.0725062   0.703938
         0 -0.0725062   0.703938
         0 -0.0725062   0.703938
         0 -0.0725062   0.703938
         0 -0.0725062   0.703938
         0 -0.0725062   0.703938
         0 -0.0725062   0.703938
         0 -0.0725062   0.703938
         0 -0.0725062   0.703938
         0 -0.0725062   0.703938
         0 -0.0725062   0.703938
         0 -0.0725062   0.703938
         0 -0.0725062   0.703938
         0 -0.0725062   0.703938
         0 -0.0725062   0.703938
         0 -0.0725062   0.703938
         0 -0.0725062   0.703938
         0 -0.0725062   0.703938
         0 -0.0725062   0.703938
         0 -0.0725062   0.703938
         0 -0.0725062   0.703938
         0 -0.0725062   0.703938
         0 -0.0725062   0.703938
         0 -0.0725062   0.703938
         0 -0.0725062   0.703938
         0 -0.0725062   0.703938
         0 -0.0725062   0.703938
         0 -0.0725062   0.703938
         0 -0.0725062   0.703938
         0 -0.0725062   0.703938
         0 -0.0725062   0.703938
         0 -0.0725062   0.703938
         0 -0.0725062   0.703938
         0 -0.0725062   0.703938
         0 -0.0725062   0.703938
         0 -0.0725062   0.703938
         0 -0.0725062   0.703938
         0 -0.0725062   0.703938
         0 -0.0725062   0.703938
         0 -0.0725062   0.703938
         0 -0.0725062   0.703938
         0 -0.0725062   0.703938
         0 -0.0725062   0.703938
         0 -0.0725062   0.703938
         0 -0.0725062   0.703938
         0 -0.0725062   0.703938
         0 -0.0725062   0.703938
         0 -0.0725062   0.703938
         0 -0.0725062   0.703938
         0 -0.0725062   0.703938
         0 -0.0725062   0.703938
         0 -0.0725062   0.703938
         0 -0.0725062   0.703938
         0 -0.0725062   0.703938
         0 -0.0725062   0.703938
         0 -0.0725062   0.703938
         0 -0.0725062   0.703938
         0 -0.0725062   0.703938
         0 -0.0725062   0.703938
         0 -0.0725062   0.703938
         0 -0.0725062   0.703938
         0 -0.0725062   0.703938
         0 -0.0725062   0.703938
         0 -0.0725062   0.703938
         0 -0.0725062   0.703938
         0 -0.0725062   0.703938
         0 -0.0725062   0.703938
         0 -0.0725062   0.703938
         0 -0.0725062   0.703938
         0 -0.0725062   0.703938
         0 -0.0725062   0.703938
         0 -0.0725062   0.703938
         0 -0.0725062   0.703938
         0 -0.0725062   0.703938
         0 -0.0725062   0.703938
         0 -0.0725062   0.703938
         0 -0.0725062   0.703938
         0 -0.0725062   0.703938
         0 -0.0725062   0.703938
         0 -0.0725062   0.703938
         0 -0.0725062   0.703938
         0 -0.0725062   0.703938
         0 -0.0725062   0.703938
         0 -0.0725062   0.703938
         0 -0.0725062   0.703938
         0 -0.0725062   0.703938
         0 -0.0725062   0.703938
         0 -0.0725062   0.703938
         0 -0.0725062   0.703938
         0 -0.0725062   0.703938
         0 -0.0725062   0.703938
         0 -0.0725062   0.703938
         0 -0.0725062   0.703938
         0 -0.0725062   0.703938
         0 -0.0725062   0.703938
         0 -0.0725062   0.703938
         0 -0.0725062   0.703938
         0 -0.0725062   0.703938
         0 -0.0725062   0.703938
         0 -0.0725062   0.703938
         0 -0.0725062   0.703938
         0 -0.0725062   0.703938
         0 -0.0725062   0.703938
         0 -0.0725062   0.703938
         0 -0.0725062   0.703938
         0 -0.0725062   0.703938
         0 -0.0725062   0.703938
         0 -0.0725062   0.703938
         0 -0.0725062   0.703938
         0 -0.0725062   0.703938
         0 -0.0725062   0.703938
         0 -0.0725062   0.703938
         0 -0.0725062   0.703938
         0 -0.0725062   0.703938
         0 -0.0725062   0.703938
         0 -0.0725062   0.703938
         0 -0.0725062   0.703938
         0 -0.0725062   0.703938
         0 -0.0725062   0.703938
         0 -0.0725062   0.703938
         0 -0.0725062   0.703938
         0 -0.0725062   0.703938
         0 -0.0725062   0.703938
         0 -0.0725062   0.703938
         0 -0.0725062   0.703938
         0 -0.0725062   0.703938
         0 -0.0725062   0.703938
         0 -0.0725062   0.703938
         0 -0.0725062   0.703938
         0 -0.0725062   0.703938
         0 -0.0725062   0.703938
         0 -0.0725062   0.703938
         0 -0.0725062   0.703938
         0 -0.0725062   0.703938
         0 -0.0725062   0.703938
         0 -0.0725062   0.703938
         0 -0.0725062   0.703938
         0 -0.0725062   0.703938
         0 -0.0725062   0.703938
         0 -0.0725062   0.703938
         0 -0.0725062   0.703938
         0 -0.0725062   0.703938
         0 -0.0725062   0.703938
         0 -0.0725062   0.703938
         0 -0.0725062   0.703938
         0 -0.0725062   0.703938
         0 -0.0725062   0.703938
         0 -0.0725062   0.703938
         0 -0.0725062   0.703938
         0 -0.0725062   0.703938
         0 -0.0725062   0.703938
         0 -0.0725062   0.703938
         0 -0.0725062   0.703938
         0 -0.0725062   0.703938
         0 -0.0725062   0.703938
         0 -0.0725062   0.703938
         0 -0.0725062   0.703938
         0 -0.0725062   0.703938
         0 -0.0725062   0.703938
         0 -0.0725062   0.703938
         0 -0.0725062   0.703938
         0 -0.0725062   0.703938
         0 -0.0725062   0.703938
         0 -0.0725062   0.703938
         0 -0.0725062   0.703938
         0 -0.0725062   0.703938
         0 -0.0725062   0.703938
         0 -0.0725062   0.703938
         0 -0.0725062   0.703938
         0 -0.0725062   0.703938
         0 -0.0725062   0.703938
         0 -0.0725062   0.703938
         0 -0.0725062   0.703938
         0 -0.0725062   0.703938
         0 -0.0725062   0.703938
         0 -0.0725062   0.703938
         0 -0.0725062   0.703938
         0 -0.0725062   0.703938
         0 -0.0725062   0.703938
         0 -0.0725062   0.703938
         0 -0.0725062   0.703938
         0 -0.0725062   0.703938
         0 -0.0725062   0.703938
         0 -0.0725062   0.703938
         0 -0.0725062   0.703938
         0 -0.0725062   0.703938
         0 -0.0725062   0.703938
         0 -0.0725062   0.703938
         0 -0.0725062   0.703938
         0 -0.0725062   0.703938
         0 -0.0725062   0.703938
         0 -0.0725062   0.703938
         0 -0.0725062   0.703938
         0 -0.0725062   0.703938
         0 -0.0725062   0.703938
         0 -0.0725062   0.703938
         0 -0.0725062   0.703938
         0 -0.0725062   0.703938
         0 -0.0725062   0.703938
         0 -0.0725062   0.703938
         0 -0.0725062   0.703938
         0 -0.0725062   0.703938
         0 -0.0725062   0.703938
         0 -0.0725062   0.703938
         0 -0.0725062   0.703938
         0 -0.0725062   0.703938
         0 -0.0725062   0.703938
         0 -0.0725062   0.703938
         0 -0.0725062   0.703938
         0 -0.0725062   0.703938
         0 -0.0725062   0.703938
         0 -0.0725062   0.703938
         0 -0.0725062   0.703938
         0 -0.0725062   0.703938
         0 -0.0725062   0.703938
         0 -0.0725062   0.703938
         0 -0.0725062   0.703938
         0 -0.0725062   0.703938
         0 -0.0725062   0.703938
         0 -0.0725062   0.703938
         0 -0.0725062   0.703938
         0 -0.0725062   0.703938
         0 -0.0725062   0.703938
         0 -0.0725062   0.703938
         0 -0.0725062   0.703938
         0 -0.0725062   0.703938
         0 -0.0725062   0.703938
         0 -0.0725062   0.703938
         0 -0.0725062   0.703938
         0 -0.0725062   0.703938
         0 -0.0725062   0.703938
         0 -0.0725062   0.703938
         0 -0.0725062   0.703938
         0 -0.0725062   0.703938
         0 -0.0725062   0.703938
         0 -0.0725062   0.703938
         0 -0.0725062   0.703938
         0 -0.0725062   0.703938
         0 -0.0725062   0.703938
         0 -0.0725062   0.703938
         0 -0.0725062   0.703938
         0 -0.0725062   0.703938
         0 -0.0725062   0.703938
         0 -0.0725062   0.703938
         0 -0.0725062   0.703938
         0 -0.0725062   0.703938
         0 -0.0725062   0.703938
         0 -0.0725062   0.703938
         0 -0.0725062   0.703938
         0 -0.0725062   0.703938
         0 -0.0725062   0.703938
         0 -0.0725062   0.703938
         0 -0.0725062   0.703938
         0 -0.0725062   0.703938
         0 -0.0725062   0.703938
         0 -0.0725062   0.703938
         0 -0.0725062   0.703938
         0 -0.0725062   0.703938
         0 -0.0725062   0.703938
         0 -0.0725062   0.703938
         0 -0.0725062   0.703938
         0 -0.0725062   0.703938
         0 -0.0725062   0.703938
         0 -0.0725062   0.703938
         0 -0.0725062   0.703938
         0 -0.0725062   0.703938
         0 -0.0725062   0.703938
         0 -0.0725062   0.703938
         0 -0.0725062   0.703938
         0 -0.0725062   0.703938
         0 -0.0725062   0.703938
         0 -0.0725062   0.703938
         0 -0.0725062   0.703938
         0 -0.0725062   0.703938
         0 -0.0725062   0.703938
         0 -0.0725062   0.703938
         0 -0.0725062   0.703938
         0 -0.0725062   0.703938
         0 -0.0725062   0.703938
         0 -0.0725062   0.703938
         0 -0.0725062   0.703938
         0 -0.0725062   0.703938
         0 -0.0725062   0.703938
         0 -0.0725062   0.703938
         0 -0.0725062   0.703938
         0 -0.0725062   0.703938
         0 -0.0725062   0.703938
         0 -0.0725062   0.703938
         0 -0.0725062   0.703938
         0 -0.0725062   0.703938
         0 -0.0725062   0.703938
         0 -0.0725062   0.703938
         0 -0.0725062   0.703938
         0 -0.0725062   0.703938
         0 -0.0725062   0.703938
         0 -0.0725062   0.703938
         0 -0.0725062   0.703938
         0 -0.0725062   0.703938
         0 -0.0725062   0.703938
         0 -0.0725062   0.703938
         0 -0.0725062   0.703938
         0 -0.0725062   0.703938
         0 -0.0725062   0.703938
         0 -0.0725062   0.703938
         0 -0.0725062   0.703938
         0 -0.0725062   0.703938
         0 -0.0725062   0.703938
         0 -0.0725062   0.703938
         0 -0.0725062   0.703938
         0 -0.0725062   0.703938
         0 -0.0725062   0.703938
         0 -0.0725062   0.703938
         0 -0.0725062   0.703938
         0 -0.0725062   0.703938
         0 -0.0725062   0.703938
         0 -0.0725062   0.703938
         0 -0.0725062   0.703938
         0 -0.0725062   0.703938
         0 -0.0725062   0.703938
         0 -0.0725062   0.703938
         0 -0.0725062   0.703938
         0 -0.0725062   0.703938
         0 -0.0725062   0.703938
         0 -0.0725062   0.703938
         0 -0.0725062   0.703938
         0 -0.0725062   0.703938
         0 -0.0725062   0.703938
         0 -0.0725062   0.703938
         0 -0.0725062   0.703938
         0 -0.0725062   0.703938
         0 -0.0725062   0.703938
         0 -0.0725062   0.703938
         0 -0.0725062   0.703938
         0 -0.0725062   0.703938
         0 -0.0725062   0.703938
         0 -0.0725062   0.703938
         0 -0.0725062   0.703938
         0 -0.0725062   0.703938
         0 -0.0725062   0.703938
         0 -0.0725062   0.703938
         0 -0.0725062   0.703938
         0 -0.0725062   0.703938
         0 -0.0725062   0.703938
         0 -0.0725062   0.703938
         0 -0.0725062   0.703938
         0 -0.0725062   0.703938
         0 -0.0725062   0.703938
         0 -0.0725062   0.703938
         0 -0.0725062   0.703938
         0 -0.0725062   0.703938
         0 -0.0725062   0.703938
         0 -0.0725062   0.703938
         0 -0.0725062   0.703938
         0 -0.0725062   0.703938
         0 -0.0725062   0.703938
         0 -0.0725062   0.703938
         0 -0.0725062   0.703938
         0 -0.0725062   0.703938
         0 -0.0725062   0.703938
         0 -0.0725062   0.703938
         0 -0.0725062   0.703938
         0 -0.0725062   0.703938
         0 -0.0725062   0.703938
         0 -0.0725062   0.703938
         0 -0.0725062   0.703938
         0 -0.0725062   0.703938
         0 -0.0725062   0.703938
         0 -0.0725062   0.703938
         0 -0.0725062   0.703938
         0 -0.0725062   0.703938
         0 -0.0725062   0.703938
         0 -0.0725062   0.703938
         0 -0.0725062   0.703938
         0 -0.0725062   0.703938
         0 -0.0725062   0.703938
         0 -0.0725062   0.703938
         0 -0.0725062   0.703938
         0 -0.0725062   0.703938
         0 -0.0725062   0.703938
         0 -0.0725062   0.703938
         0 -0.0725062   0.703938
         0 -0.0725062   0.703938
         0 -0.0725062   0.703938
         0 -0.0725062   0.703938
         0 -0.0725062   0.703938
         0 -0.0725062   0.703938
         0 -0.0725062   0.703938
         0 -0.0725062   0.703938
         0 -0.0725062   0.703938
         0 -0.0725062   0.703938
         0 -0.0725062   0.703938
         0 -0.0725062   0.703938
         0 -0.0725062   0.703938
         0 -0.0725062   0.703938
         0 -0.0725062   0.703938
         0 -0.0725062   0.703938
         0 -0.0725062   0.703938
         0 -0.0725062   0.703938
         0 -0.0725062   0.703938
         0 -0.0725062   0.703938
         0 -0.0725062   0.703938
         0 -0.0725062   0.703938
         0 -0.0725062   0.703938
         0 -0.0725062   0.703938
         0 -0.0725062   0.703938
         0 -0.0725062   0.703938
         0 -0.0725062   0.703938
         0 -0.0725062   0.703938
         0 -0.0725062   0.703938
         0 -0.0725062   0.703938
         0 -0.0725062   0.703938
         0 -0.0725062   0.703938
         0 -0.0725062   0.703938
         0 -0.0725062   0.703938
         0 -0.0725062   0.703938
         0 -0.0725062   0.703938
         0 -0.0725062   0.703938
         0 -0.0725062   0.703938
         0 -0.0725062   0.703938
         0 -0.0725062   0.703938
         0 -0.0725062   0.703938
         0 -0.0725062   0.703938
         0 -0.0725062   0.703938
         0 -0.0725062   0.703938
         0 -0.0725062   0.703938
         0 -0.0725062   0.703938
         0 -0.0725062   0.703938
         0 -0.0725062   0.703938
         0 -0.0725062   0.703938
         0 -0.0725062   0.703938
         0 -0.0725062   0.703938
         0 -0.0725062   0.703938
         0 -0.0725062   0.703938
         0 -0.0725062   0.703938
         0 -0.0725062   0.703938
         0 -0.0725062   0.703938
         0 -0.0725062   0.703938
         0 -0.0725062   0.703938
         0 -0.0725062   0.703938
         0 -0.0725062   0.703938
         0 -0.0725062   0.703938
         0 -0.0725062   0.703938
         0 -0.0725062   0.703938
         0 -0.0725062   0.703938
         0 -0.0725062   0.703938
         0 -0.0725062   0.703938
         0 -0.0725062   0.703938
         0 -0.0725062   0.703938
         0 -0.0725062   0.703938
         0 -0.0725062   0.703938
         0 -0.0725062   0.703938
         0 -0.0725062   0.703938
         0 -0.0725062   0.703938
         0 -0.0725062   0.703938
         0 -0.0725062   0.703938
         0 -0.0725062   0.703938
         0 -0.0725062   0.703938
         0 -0.0725062   0.703938
         0 -0.0725062   0.703938
         0 -0.0725062   0.703938
         0 -0.0725062   0.703938
         0 -0.0725062   0.703938
         0 -0.0725062   0.703938
         0 -0.0725062   0.703938
         0 -0.0725062   0.703938
         0 -0.0725062   0.703938
         0 -0.0725062   0.703938
         0 -0.0725062   0.703938
         0 -0.0725062   0.703938
         0 -0.0725062   0.703938
         0 -0.0725062   0.703938
         0 -0.0725062   0.703938
         0 -0.0725062   0.703938
         0 -0.0725062   0.703938
         0 -0.0725062   0.703938
         0 -0.0725062   0.703938
         0 -0.0725062   0.703938
         0 -0.0725062   0.703938
         0 -0.0725062   0.703938
         0 -0.0725062   0.703938
         0 -0.0725062   0.703938
         0 -0.0725062   0.703938
         0 -0.0725062   0.703938
         0 -0.0725062   0.703938
         0 -0.0725062   0.703938
         0 -0.0725062   0.703938
         0 -0.0725062   0.703938
         0 -0.0725062   0.703938
         0 -0.0725062   0.703938
         0 -0.0725062   0.703938
         0 -0.0725062   0.703938
         0 -0.0725062   0.703938
         0 -0.0725062   0.703938
         0 -0.0725062   0.703938
         0 -0.0725062   0.703938
         0 -0.0725062   0.703938
         0 -0.0725062   0.703938
         0 -0.0725062   0.703938
         0 -0.0725062   0.703938
         0 -0.0725062   0.703938
         0 -0.0725062   0.703938
         0 -0.0725062   0.703938
         0 -0.0725062   0.703938
         0 -0.0725062   0.703938
         0 -0.0725062   0.703938
         0 -0.0725062   0.703938
         0 -0.0725062   0.703938
         0 -0.0725062   0.703938
         0 -0.0725062   0.703938
         0 -0.0725062   0.703938
         0 -0.0725062   0.703938
         0 -0.0725062   0.703938
         0 -0.0725062   0.703938
         0 -0.0725062   0.703938
         0 -0.0725062   0.703938
         0 -0.0725062   0.703938
         0 -0.0725062   0.703938
         0 -0.0725062   0.703938
         0 -0.0725062   0.703938
         0 -0.0725062   0.703938
         0 -0.0725062   0.703938
         0 -0.0725062   0.703938
         0 -0.0725062   0.703938
         0 -0.0725062   0.703938
         0 -0.0725062   0.703938
         0 -0.0725062   0.703938
         0 -0.0725062   0.703938
         0 -0.0725062   0.703938
         0 -0.0725062   0.703938
         0 -0.0725062   0.703938
         0 -0.0725062   0.703938
         0 -0.0725062   0.703938
         0 -0.0725062   0.703938
         0 -0.0725062   0.703938
         0 -0.0725062   0.703938
         0 -0.0725062   0.703938
         0 -0.0725062   0.703938
         0 -0.0725062   0.703938
         0 -0.0725062   0.703938
         0 -0.0725062   0.703938
         0 -0.0725062   0.703938
         0 -0.0725062   0.703938
         0 -0.0725062   0.703938
         0 -0.0725062   0.703938
         0 -0.0725062   0.703938
         0 -0.0725062   0.703938
         0 -0.0725062   0.703938
         0 -0.0725062   0.703938
         0 -0.0725062   0.703938
         0 -0.0725062   0.703938
         0 -0.0725062   0.703938
         0 -0.0725062   0.703938
         0 -0.0725062   0.703938
         0 -0.0725062   0.703938
         0 -0.0725062   0.703938
         0 -0.0725062   0.703938
         0 -0.0725062   0.703938
         0 -0.0725062   0.703938
         0 -0.0725062   0.703938
         0 -0.0725062   0.703938
         0 -0.0725062   0.703938
         0 -0.0725062   0.703938
         0 -0.0725062   0.703938
         0 -0.0725062   0.703938
         0 -0.0725062   0.703938
         0 -0.0725062   0.703938
         0 -0.0725062   0.703938
         0 -0.0725062   0.703938
         0 -0.0725062   0.703938
         0 -0.0725062   0.703938
         0 -0.0725062   0.703938
         0 -0.0725062   0.703938
         0 -0.0725062   0.703938
         0 -0.0725062   0.703938
         0 -0.0725062   0.703938
         0 -0.0725062   0.703938
         0 -0.0725062   0.703938
         0 -0.0725062   0.703938
         0 -0.0725062   0.703938
         0 -0.0725062   0.703938
         0 -0.0725062   0.703938
         0 -0.0725062   0.703938
         0 -0.0725062   0.703938
         0 -0.0725062   0.703938
         0 -0.0725062   0.703938
         0 -0.0725062   0.703938
         0 -0.0725062   0.703938
         0 -0.0725062   0.703938
         0 -0.0725062   0.703938
         0 -0.0725062   0.703938
         0 -0.0725062   0.703938
         0 -0.0725062   0.703938
         0 -0.0725062   0.703938
         0 -0.0725062   0.703938
         0 -0.0725062   0.703938
         0 -0.0725062   0.703938
         0 -0.0725062   0.703938
         0 -0.0725062   0.703938
         0 -0.0725062   0.703938
         0 -0.0725062   0.703938
         0 -0.0725062   0.703938
         0 -0.0725062   0.703938
         0 -0.0725062   0.703938
         0 -0.0725062   0.703938
         0 -0.0725062   0.703938
         0 -0.0725062   0.703938
         0 -0.0725062   0.703938
         0 -0.0725062   0.703938
         0 -0.0725062   0.703938
         0 -0.0725062   0.703938
         0 -0.0725062   0.703938
         0 -0.0725062   0.703938
         0 -0.0725062   0.703938
         0 -0.0725062   0.703938
         0 -0.0725062   0.703938
         0 -0.0725062   0.703938
         0 -0.0725062   0.703938
         0 -0.0725062   0.703938
         0 -0.0725062   0.703938
         0 -0.0725062   0.703938
         0 -0.0725062   0.703938
         0 -0.0725062   0.703938
         0 -0.0725062   0.703938
         0 -0.0725062   0.703938
         0 -0.0725062   0.703938
         0 -0.0725062   0.703938
         0 -0.0725062   0.703938
         0 -0.0725062   0.703938
         0 -0.0725062   0.703938
         0 -0.0725062   0.703938
         0 -0.0725062   0.703938
         0 -0.0725062   0.703938
         0 -0.0725062   0.703938
         0 -0.0725062   0.703938
         0 -0.0725062   0.703938
         0 -0.0725062   0.703938
         0 -0.0725062   0.703938
         0 -0.0725062   0.703938
         0 -0.0725062   0.703938
         0 -0.0725062   0.703938
         0 -0.0725062   0.703938
         0 -0.0725062   0.703938
         0 -0.0725062   0.703938
         0 -0.0725062   0.703938
         0 -0.0725062   0.703938
         0 -0.0725062   0.703938
         0 -0.0725062   0.703938
         0 -0.0725062   0.703938
         0 -0.0725062   0.703938
         0 -0.0725062   0.703938
         0 -0.0725062   0.703938
         0 -0.0725062   0.703938
         0 -0.0725062   0.703938
         0 -0.0725062   0.703938
         0 -0.0725062   0.703938
         0 -0.0725062   0.703938
         0 -0.0725062   0.703938
         0 -0.0725062   0.703938
         0 -0.0725062   0.703938
         0 -0.0725062   0.703938
         0 -0.0725062   0.703938
         0 -0.0725062   0.703938
         0 -0.0725062   0.703938
         0 -0.0725062   0.703938
         0 -0.0725062   0.703938
         0 -0.0725062   0.703938
         0 -0.0725062   0.703938
         0 -0.0725062   0.703938
         0 -0.0725062   0.703938
         0 -0.0725062   0.703938
         0 -0.0725062   0.703938
         0 -0.0725062   0.703938
         0 -0.0725062   0.703938
         0 -0.0725062   0.703938
         0 -0.0725062   0.703938
         0 -0.0725062   0.703938
         0 -0.0725062   0.703938
         0 -0.0725062   0.703938
         0 -0.0725062   0.703938
         0 -0.0725062   0.703938
         0 -0.0725062   0.703938
         0 -0.0725062   0.703938
         0 -0.0725062   0.703938
         0 -0.0725062   0.703938
         0 -0.0725062   0.703938
         0 -0.0725062   0.703938
         0 -0.0725062   0.703938
         0 -0.0725062   0.703938
         0 -0.0725062   0.703938
         0 -0.0725062   0.703938
         0 -0.0725062   0.703938
         0 -0.0725062   0.703938
         0 -0.0725062   0.703938
         0 -0.0725062   0.703938
         0 -0.0725062   0.703938
         0 -0.0725062   0.703938
         0 -0.0725062   0.703938
         0 -0.0725062   0.703938
         0 -0.0725062   0.703938
         0 -0.0725062   0.703938
         0 -0.0725062   0.703938
         0 -0.0725062   0.703938
         0 -0.0725062   0.703938
         0 -0.0725062   0.703938
         0 -0.0725062   0.703938
         0 -0.0725062   0.703938
         0 -0.0725062   0.703938
         0 -0.0725062   0.703938
         0 -0.0725062   0.703938
         0 -0.0725062   0.703938
         0 -0.0725062   0.703938
         0 -0.0725062   0.703938
         0 -0.0725062   0.703938
         0 -0.0725062   0.703938
         0 -0.0725062   0.703938
         0 -0.0725062   0.703938
         0 -0.0725062   0.703938
         0 -0.0725062   0.703938
         0 -0.0725062   0.703938
         0 -0.0725062   0.703938
         0 -0.0725062   0.703938
         0 -0.0725062   0.703938
         0 -0.0725062   0.703938
         0 -0.0725062   0.703938
         0 -0.0725062   0.703938
         0 -0.0725062   0.703938
         0 -0.0725062   0.703938
         0 -0.0725062   0.703938
         0 -0.0725062   0.703938
         0 -0.0725062   0.703938
         0 -0.0725062   0.703938
         0 -0.0725062   0.703938
         0 -0.0725062   0.703938
         0 -0.0725062   0.703938
         0 -0.0725062   0.703938
         0 -0.0725062   0.703938
         0 -0.0725062   0.703938
         0 -0.0725062   0.703938
         0 -0.0725062   0.703938
         0 -0.0725062   0.703938
         0 -0.0725062   0.703938
         0 -0.0725062   0.703938
         0 -0.0725062   0.703938
         0 -0.0725062   0.703938
         0 -0.0725062   0.703938
         0 -0.0725062   0.703938
         0 -0.0725062   0.703938
         0 -0.0725062   0.703938
         0 -0.0725062   0.703938
         0 -0.0725062   0.703938
         0 -0.0725062   0.703938
         0 -0.0725062   0.703938
         0 -0.0725062   0.703938
         0 -0.0725062   0.703938
         0 -0.0725062   0.703938
         0 -0.0725062   0.703938
         0 -0.0725062   0.703938
         0 -0.0725062   0.703938
         0 -0.0725062   0.703938
         0 -0.0725062   0.703938
         0 -0.0725062   0.703938
         0 -0.0725062   0.703938
         0 -0.0725062   0.703938
         0 -0.0725062   0.703938
         0 -0.0725062   0.703938
         0 -0.0725062   0.703938
         0 -0.0725062   0.703938
         0 -0.0725062   0.703938
         0 -0.0725062   0.703938
         0 -0.0725062   0.703938
         0 -0.0725062   0.703938
         0 -0.0725062   0.703938
         0 -0.0725062   0.703938
         0 -0.0725062   0.703938
         0 -0.0725062   0.703938
         0 -0.0725062   0.703938
         0 -0.0725062   0.703938
         0 -0.0725062   0.703938
         0 -0.0725062   0.703938
         0 -0.0725062   0.703938
         0 -0.0725062   0.703938
         0 -0.0725062   0.703938
         0 -0.0725062   0.703938
         0 -0.0725062   0.703938
         0 -0.0725062   0.703938
         0 -0.0725062   0.703938
         0 -0.0725062   0.703938
         0 -0.0725062   0.703938
         0 -0.0725062   0.703938
         0 -0.0725062   0.703938
         0 -0.0725062   0.703938
         0 -0.0725062   0.703938
         0 -0.0725062   0.703938
         0 -0.0725062   0.703938
         0 -0.0725062   0.703938
         0 -0.0725062   0.703938
         0 -0.0725062   0.703938
         0 -0.0725062   0.703938
         0 -0.0725062   0.703938
         0 -0.0725062   0.703938
         0 -0.0725062   0.703938
         0 -0.0725062   0.703938
         0 -0.0725062   0.703938
         0 -0.0725062   0.703938
         0 -0.0725062   0.703938
         0 -0.0725062   0.703938
         0 -0.0725062   0.703938
         0 -0.0725062   0.703938
         0 -0.0725062   0.703938
         0 -0.0725062   0.703938
         0 -0.0725062   0.703938
         0 -0.0725062   0.703938
         0 -0.0725062   0.703938
         0 -0.0725062   0.703938
         0 -0.0725062   0.703938
         0 -0.0725062   0.703938
         0 -0.0725062   0.703938
         0 -0.0725062   0.703938
         0 -0.0725062   0.703938
         0 -0.0725062   0.703938
         0 -0.0725062   0.703938
         0 -0.0725062   0.703938
         0 -0.0725062   0.703938
         0 -0.0725062   0.703938
         0 -0.0725062   0.703938
         0 -0.0725062   0.703938
         0 -0.0725062   0.703938
         0 -0.0725062   0.703938
         0 -0.0725062   0.703938
         0 -0.0725062   0.703938
         0 -0.0725062   0.703938
         0 -0.0725062   0.703938
         0 -0.0725062   0.703938
         0 -0.0725062   0.703938
         0 -0.0725062   0.703938
         0 -0.0725062   0.703938
         0 -0.0725062   0.703938
         0 -0.0725062   0.703938
         0 -0.0725062   0.703938
         0 -0.0725062   0.703938
         0 -0.0725062   0.703938
         0 -0.0725062   0.703938
         0 -0.0725062   0.703938
         0 -0.0725062   0.703938
         0 -0.0725062   0.703938
         0 -0.0725062   0.703938
         0 -0.0725062   0.703938
         0 -0.0725062   0.703938
         0 -0.0725062   0.703938
         0 -0.0725062   0.703938
         0 -0.0725062   0.703938
         0 -0.0725062   0.703938
         0 -0.0725062   0.703938
         0 -0.0725062   0.703938
         0 -0.0725062   0.703938
         0 -0.0725062   0.703938
         0 -0.0725062   0.703938
         0 -0.0725062   0.703938
         0 -0.0725062   0.703938
         0 -0.0725062   0.703938
         0 -0.0725062   0.703938
         0 -0.0725062   0.703938
         0 -0.0725062   0.703938
         0 -0.0725062   0.703938
         0 -0.0725062   0.703938
         0 -0.0725062   0.703938
         0 -0.0725062   0.703938
         0 -0.0725062   0.703938
         0 -0.0725062   0.703938
         0 -0.0725062   0.703938
         0 -0.0725062   0.703938
         0 -0.0725062   0.703938
         0 -0.0725062   0.703938
         0 -0.0725062   0.703938
         0 -0.0725062   0.703938
         0 -0.0725062   0.703938
         0 -0.0725062   0.703938
         0 -0.0725062   0.703938
         0 -0.0725062   0.703938
         0 -0.0725062   0.703938
         0 -0.0725062   0.703938
         0 -0.0725062   0.703938
         0 -0.0725062   0.703938
         0 -0.0725062   0.703938
         0 -0.0725062   0.703938
         0 -0.0725062   0.703938
         0 -0.0725062   0.703938
         0 -0.0725062   0.703938
         0 -0.0725062   0.703938
         0 -0.0725062   0.703938
         0 -0.0725062   0.703938
         0 -0.0725062   0.703938
         0 -0.0725062   0.703938
         0 -0.0725062   0.703938
         0 -0.0725062   0.703938
         0 -0.0725062   0.703938
         0 -0.0725062   0.703938
         0 -0.0725062   0.703938
         0 -0.0725062   0.703938
         0 -0.0725062   0.703938
         0 -0.0725062   0.703938
         0 -0.0725062   0.703938
         0 -0.0725062   0.703938
         0 -0.0725062   0.703938
         0 -0.0725062   0.703938
         0 -0.0725062   0.703938
         0 -0.0725062   0.703938
         0 -0.0725062   0.703938
         0 -0.0725062   0.703938
         0 -0.0725062   0.703938
         0 -0.0725062   0.703938
         0 -0.0725062   0.703938
         0 -0.0725062   0.703938
         0 -0.0725062   0.703938
         0 -0.0725062   0.703938
         0 -0.0725062   0.703938
         0 -0.0725062   0.703938
         0 -0.0725062   0.703938
         0 -0.0725062   0.703938
         0 -0.0725062   0.703938
         0 -0.0725062   0.703938
         0 -0.0725062   0.703938
         0 -0.0725062   0.703938
         0 -0.0725062   0.703938
         0 -0.0725062   0.703938
         0 -0.0725062   0.703938
         0 -0.0725062   0.703938
         0 -0.0725062   0.703938
         0 -0.0725062   0.703938
         0 -0.0725062   0.703938
         0 -0.0725062   0.703938
         0 -0.0725062   0.703938
         0 -0.0725062   0.703938
         0 -0.0725062   0.703938
         0 -0.0725062   0.703938
         0 -0.0725062   0.703938
         0 -0.0725062   0.703938
         0 -0.0725062   0.703938
         0 -0.0725062   0.703938
         0 -0.0725062   0.703938
         0 -0.0725062   0.703938
         0 -0.0725062   0.703938
         0 -0.0725062   0.703938
         0 -0.0725062   0.703938
         0 -0.0725062   0.703938
         0 -0.0725062   0.703938
         0 -0.0725062   0.703938
         0 -0.0725062   0.703938
         0 -0.0725062   0.703938
         0 -0.0725062   0.703938
         0 -0.0725062   0.703938
         0 -0.0725062   0.703938
         0 -0.0725062   0.703938
         0 -0.0725062   0.703938
         0 -0.0725062   0.703938
         0 -0.0725062   0.703938
         0 -0.0725062   0.703938
         0 -0.0725062   0.703938
         0 -0.0725062   0.703938
         0 -0.0725062   0.703938
         0 -0.0725062   0.703938
         0 -0.0725062   0.703938
         0 -0.0725062   0.703938
         0 -0.0725062   0.703938
         0 -0.0725062   0.703938
         0 -0.0725062   0.703938
         0 -0.0725062   0.703938
         0 -0.0725062   0.703938
         0 -0.0725062   0.703938
         0 -0.0725062   0.703938
         0 -0.0725062   0.703938
         0 -0.0725062   0.703938
         0 -0.0725062   0.703938
         0 -0.0725062   0.703938
         0 -0.0725062   0.703938
         0 -0.0725062   0.703938
         0 -0.0725062   0.703938
         0 -0.0725062   0.703938
         0 -0.0725062   0.703938
         0 -0.0725062   0.703938
         0 -0.0725062   0.703938
         0 -0.0725062   0.703938
         0 -0.0725062   0.703938
         0 -0.0725062   0.703938
         0 -0.0725062   0.703938
         0 -0.0725062   0.703938
         0 -0.0725062   0.703938
         0 -0.0725062   0.703938
         0 -0.0725062   0.703938
         0 -0.0725062   0.703938
         0 -0.0725062   0.703938
         0 -0.0725062   0.703938
         0 -0.0725062   0.703938
         0 -0.0725062   0.703938
         0 -0.0725062   0.703938
         0 -0.0725062   0.703938
         0 -0.0725062   0.703938
         0 -0.0725062   0.703938
         0 -0.0725062   0.703938
         0 -0.0725062   0.703938
         0 -0.0725062   0.703938
         0 -0.0725062   0.703938
         0 -0.0725062   0.703938
         0 -0.0725062   0.703938
         0 -0.0725062   0.703938
         0 -0.0725062   0.703938
         0 -0.0725062   0.703938
         0 -0.0725062   0.703938
         0 -0.0725062   0.703938
         0 -0.0725062   0.703938
         0 -0.0725062   0.703938
         0 -0.0725062   0.703938
         0 -0.0725062   0.703938
         0 -0.0725062   0.703938
         0 -0.0725062   0.703938
         0 -0.0725062   0.703938
         0 -0.0725062   0.703938
         0 -0.0725062   0.703938
         0 -0.0725062   0.703938
         0 -0.0725062   0.703938
         0 -0.0725062   0.703938
         0 -0.0725062   0.703938
         0 -0.0725062   0.703938
         0 -0.0725062   0.703938
         0 -0.0725062   0.703938
         0 -0.0725062   0.703938
         0 -0.0725062   0.703938
         0 -0.0725062   0.703938
         0 -0.0725062   0.703938
         0 -0.0725062   0.703938
         0 -0.0725062   0.703938
         0 -0.0725062   0.703938
         0 -0.0725062   0.703938
         0 -0.0725062   0.703938
         0 -0.0725062   0.703938
         0 -0.0725062   0.703938
         0 -0.0725062   0.703938
         0 -0.0725062   0.703938
         0 -0.0725062   0.703938
         0 -0.0725062   0.703938
         0 -0.0725062   0.703938
         0 -0.0725062   0.703938
         0 -0.0725062   0.703938
         0 -0.0725062   0.703938
         0 -0.0725062   0.703938
         0 -0.0725062   0.703938
         0 -0.0725062   0.703938
         0 -0.0725062   0.703938
         0 -0.0725062   0.703938
         0 -0.0725062   0.703938
         0 -0.0725062   0.703938
         0 -0.0725062   0.703938
         0 -0.0725062   0.703938
         0 -0.0725062   0.703938
         0 -0.0725062   0.703938
         0 -0.0725062   0.703938
         0 -0.0725062   0.703938
         0 -0.0725062   0.703938
         0 -0.0725062   0.703938
         0 -0.0725062   0.703938
         0 -0.0725062   0.703938
         0 -0.0725062   0.703938
         0 -0.0725062   0.703938
         0 -0.0725062   0.703938
         0 -0.0725062   0.703938
         0 -0.0725062   0.703938
         0 -0.0725062   0.703938
         0 -0.0725062   0.703938
         0 -0.0725062   0.703938
         0 -0.0725062   0.703938
         0 -0.0725062   0.703938
         0 -0.0725062   0.703938
         0 -0.0725062   0.703938
         0 -0.0725062   0.703938
         0 -0.0725062   0.703938
         0 -0.0725062   0.703938
         0 -0.0725062   0.703938
         0 -0.0725062   0.703938
         0 -0.0725062   0.703938
         0 -0.0725062   0.703938
         0 -0.0725062   0.703938
         0 -0.0725062   0.703938
         0 -0.0725062   0.703938
         0 -0.0725062   0.703938
         0 -0.0725062   0.703938
         0 -0.0725062   0.703938
         0 -0.0725062   0.703938
         0 -0.0725062   0.703938
         0 -0.0725062   0.703938
         0 -0.0725062   0.703938
         0 -0.0725062   0.703938
         0 -0.0725062   0.703938
         0 -0.0725062   0.703938
         0 -0.0725062   0.703938
         0 -0.0725062   0.703938
         0 -0.0725062   0.703938
         0 -0.0725062   0.703938
         0 -0.0725062   0.703938
         0 -0.0725062   0.703938
         0 -0.0725062   0.703938
         0 -0.0725062   0.703938
         0 -0.0725062   0.703938
         0 -0.0725062   0.703938
         0 -0.0725062   0.703938
         0 -0.0725062   0.703938
         0 -0.0725062   0.703938
         0 -0.0725062   0.703938
         0 -0.0725062   0.703938
         0 -0.0725062   0.703938
         0 -0.0725062   0.703938
         0 -0.0725062   0.703938
         0 -0.0725062   0.703938
         0 -0.0725062   0.703938
         0 -0.0725062   0.703938
         0 -0.0725062   0.703938
         0 -0.0725062   0.703938
         0 -0.0725062   0.703938
         0 -0.0725062   0.703938
         0 -0.0725062   0.703938
         0 -0.0725062   0.703938
         0 -0.0725062   0.703938
         0 -0.0725062   0.703938
         0 -0.0725062   0.703938
         0 -0.0725062   0.703938
         0 -0.0725062   0.703938
         0 -0.0725062   0.703938
         0 -0.0725062   0.703938
         0 -0.0725062   0.703938
         0 -0.0725062   0.703938
         0 -0.0725062   0.703938
         0 -0.0725062   0.703938
         0 -0.0725062   0.703938
         0 -0.0725062   0.703938
         0 -0.0725062   0.703938
         0 -0.0725062   0.703938
         0 -0.0725062   0.703938
         0 -0.0725062   0.703938
         0 -0.0725062   0.703938
         0 -0.0725062   0.703938
         0 -0.0725062   0.703938
         0 -0.0725062   0.703938
         0 -0.0725062   0.703938
         0 -0.0725062   0.703938
         0 -0.0725062   0.703938
         0 -0.0725062   0.703938
         0 -0.0725062   0.703938
         0 -0.0725062   0.703938
         0 -0.0725062   0.703938
         0 -0.0725062   0.703938
         0 -0.0725062   0.703938
         0 -0.0725062   0.703938
         0 -0.0725062   0.703938
         0 -0.0725062   0.703938
         0 -0.0725062   0.703938
         0 -0.0725062   0.703938
         0 -0.0725062   0.703938
         0 -0.0725062   0.703938
         0 -0.0725062   0.703938
         0 -0.0725062   0.703938
         0 -0.0725062   0.703938
         0 -0.0725062   0.703938
         0 -0.0725062   0.703938
         0 -0.0725062   0.703938
         0 -0.0725062   0.703938
         0 -0.0725062   0.703938
         0 -0.0725062   0.703938
         0 -0.0725062   0.703938
         0 -0.0725062   0.703938
         0 -0.0725062   0.703938
         0 -0.0725062   0.703938
         0 -0.0725062   0.703938
         0 -0.0725062   0.703938
         0 -0.0725062   0.703938
         0 -0.0725062   0.703938
         0 -0.0725062   0.703938
         0 -0.0725062   0.703938
         0 -0.0725062   0.703938
         0 -0.0725062   0.703938
         0 -0.0725062   0.703938
         0 -0.0725062   0.703938
         0 -0.0725062   0.703938
         0 -0.0725062   0.703938
         0 -0.0725062   0.703938
         0 -0.0725062   0.703938
         0 -0.0725062   0.703938
         0 -0.0725062   0.703938
         0 -0.0725062   0.703938
         0 -0.0725062   0.703938
         0 -0.0725062   0.703938
         0 -0.0725062   0.703938
         0 -0.0725062   0.703938
         0 -0.0725062   0.703938
         0 -0.0725062   0.703938
         0 -0.0725062   0.703938
         0 -0.0725062   0.703938
         0 -0.0725062   0.703938
         0 -0.0725062   0.703938
         0 -0.0725062   0.703938
         0 -0.0725062   0.703938
         0 -0.0725062   0.703938
         0 -0.0725062   0.703938
         0 -0.0725062   0.703938
         0 -0.0725062   0.703938
         0 -0.0725062   0.703938
         0 -0.0725062   0.703938
         0 -0.0725062   0.703938
         0 -0.0725062   0.703938
         0 -0.0725062   0.703938
         0 -0.0725062   0.703938
         0 -0.0725062   0.703938
         0 -0.0725062   0.703938
         0 -0.0725062   0.703938
         0 -0.0725062   0.703938
         0 -0.0725062   0.703938
         0 -0.0725062   0.703938
         0 -0.0725062   0.703938
         0 -0.0725062   0.703938
         0 -0.0725062   0.703938
         0 -0.0725062   0.703938
         0 -0.0725062   0.703938
         0 -0.0725062   0.703938
         0 -0.0725062   0.703938
         0 -0.0725062   0.703938
         0 -0.0725062   0.703938
         0 -0.0725062   0.703938
         0 -0.0725062   0.703938
         0 -0.0725062   0.703938
         0 -0.0725062   0.703938
         0 -0.0725062   0.703938
         0 -0.0725062   0.703938
         0 -0.0725062   0.703938
         0 -0.0725062   0.703938
         0 -0.0725062   0.703938
         0 -0.0725062   0.703938
         0 -0.0725062   0.703938
         0 -0.0725062   0.703938
         0 -0.0725062   0.703938
         0 -0.0725062   0.703938
         0 -0.0725062   0.703938
         0 -0.0725062   0.703938
         0 -0.0725062   0.703938
         0 -0.0725062   0.703938
         0 -0.0725062   0.703938
         0 -0.0725062   0.703938
         0 -0.0725062   0.703938
         0 -0.0725062   0.703938
         0 -0.0725062   0.703938
         0 -0.0725062   0.703938
         0 -0.0725062   0.703938
         0 -0.0725062   0.703938
         0 -0.0725062   0.703938
         0 -0.0725062   0.703938
         0 -0.0725062   0.703938
         0 -0.0725062   0.703938
         0 -0.0725062   0.703938
         0 -0.0725062   0.703938
         0 -0.0725062   0.703938
         0 -0.0725062   0.703938
         0 -0.0725062   0.703938
         0 -0.0725062   0.703938
         0 -0.0725062   0.703938
         0 -0.0725062   0.703938
         0 -0.0725062   0.703938
         0 -0.0725062   0.703938
         0 -0.0725062   0.703938
         0 -0.0725062   0.703938
         0 -0.0725062   0.703938
         0 -0.0725062   0.703938
         0 -0.0725062   0.703938
         0 -0.0725062   0.703938
         0 -0.0725062   0.703938
         0 -0.0725062   0.703938
         0 -0.0725062   0.703938
         0 -0.0725062   0.703938
         0 -0.0725062   0.703938
         0 -0.0725062   0.703938
         0 -0.0725062   0.703938
         0 -0.0725062   0.703938
         0 -0.0725062   0.703938
         0 -0.0725062   0.703938
         0 -0.0725062   0.703938
         0 -0.0725062   0.703938
         0 -0.0725062   0.703938
         0 -0.0725062   0.703938
         0 -0.0725062   0.703938
         0 -0.0725062   0.703938
         0 -0.0725062   0.703938
         0 -0.0725062   0.703938
         0 -0.0725062   0.703938
         0 -0.0725062   0.703938
         0 -0.0725062   0.703938
         0 -0.0725062   0.703938
         0 -0.0725062   0.703938
         0 -0.0725062   0.703938
         0 -0.0725062   0.703938
         0 -0.0725062   0.703938
         0 -0.0725062   0.703938
         0 -0.0725062   0.703938
         0 -0.0725062   0.703938
         0 -0.0725062   0.703938
         0 -0.0725062   0.703938
         0 -0.0725062   0.703938
         0 -0.0725062   0.703938
         0 -0.0725062   0.703938
         0 -0.0725062   0.703938
         0 -0.0725062   0.703938
         0 -0.0725062   0.703938
         0 -0.0725062   0.703938
         0 -0.0725062   0.703938
         0 -0.0725062   0.703938
         0 -0.0725062   0.703938
         0 -0.0725062   0.703938
         0 -0.0725062   0.703938
         0 -0.0725062   0.703938
         0 -0.0725062   0.703938
         0 -0.0725062   0.703938
         0 -0.0725062   0.703938
         0 -0.0725062   0.703938
         0 -0.0725062   0.703938
         0 -0.0725062   0.703938
         0 -0.0725062   0.703938
         0 -0.0725062   0.703938
         0 -0.0725062   0.703938
         0 -0.0725062   0.703938
         0 -0.0725062   0.703938
         0 -0.0725062   0.703938
         0 -0.0725062   0.703938
         0 -0.0725062   0.703938
         0 -0.0725062   0.703938
         0 -0.0725062   0.703938
         0 -0.0725062   0.703938
         0 -0.0725062   0.703938
         0 -0.0725062   0.703938
         0 -0.0725062   0.703938
         0 -0.0725062   0.703938
         0 -0.0725062   0.703938
         0 -0.0725062   0.703938
         0 -0.0725062   0.703938
         0 -0.0725062   0.703938
         0 -0.0725062   0.703938
         0 -0.0725062   0.703938
         0 -0.0725062   0.703938
         0 -0.0725062   0.703938
         0 -0.0725062   0.703938
         0 -0.0725062   0.703938
         0 -0.0725062   0.703938
         0 -0.0725062   0.703938
         0 -0.0725062   0.703938
         0 -0.0725062   0.703938
         0 -0.0725062   0.703938
         0 -0.0725062   0.703938
         0 -0.0725062   0.703938
         0 -0.0725062   0.703938
         0 -0.0725062   0.703938
         0 -0.0725062   0.703938
         0 -0.0725062   0.703938
         0 -0.0725062   0.703938
         0 -0.0725062   0.703938
         0 -0.0725062   0.703938
         0 -0.0725062   0.703938
         0 -0.0725062   0.703938
         0 -0.0725062   0.703938
         0 -0.0725062   0.703938
         0 -0.0725062   0.703938
         0 -0.0725062   0.703938
         0 -0.0725062   0.703938
         0 -0.0725062   0.703938
         0 -0.0725062   0.703938
         0 -0.0725062   0.703938
         0 -0.0725062   0.703938
         0 -0.0725062   0.703938
         0 -0.0725062   0.703938
         0 -0.0725062   0.703938
         0 -0.0725062   0.703938
         0 -0.0725062   0.703938
         0 -0.0725062   0.703938
         0 -0.0725062   0.703938
         0 -0.0725062   0.703938
         0 -0.0725062   0.703938
         0 -0.0725062   0.703938
         0 -0.0725062   0.703938
         0 -0.0725062   0.703938
         0 -0.0725062   0.703938
         0 -0.0725062   0.703938
         0 -0.0725062   0.703938
         0 -0.0725062   0.703938
         0 -0.0725062   0.703938
         0 -0.0725062   0.703938
         0 -0.0725062   0.703938
         0 -0.0725062   0.703938
         0 -0.0725062   0.703938
         0 -0.0725062   0.703938
         0 -0.0725062   0.703938
         0 -0.0725062   0.703938
         0 -0.0725062   0.703938
         0 -0.0725062   0.703938
         0 -0.0725062   0.703938
         0 -0.0725062   0.703938
         0 -0.0725062   0.703938
         0 -0.0725062   0.703938
         0 -0.0725062   0.703938
         0 -0.0725062   0.703938
         0 -0.0725062   0.703938
         0 -0.0725062   0.703938
         0 -0.0725062   0.703938
         0 -0.0725062   0.703938
         0 -0.0725062   0.703938
         0 -0.0725062   0.703938
         0 -0.0725062   0.703938
         0 -0.0725062   0.703938
         0 -0.0725062   0.703938
         0 -0.0725062   0.703938
         0 -0.0725062   0.703938
         0 -0.0725062   0.703938
         0 -0.0725062   0.703938
         0 -0.0725062   0.703938
         0 -0.0725062   0.703938
         0 -0.0725062   0.703938
         0 -0.0725062   0.703938
         0 -0.0725062   0.703938
         0 -0.0725062   0.703938
         0 -0.0725062   0.703938
         0 -0.0725062   0.703938
         0 -0.0725062   0.703938
         0 -0.0725062   0.703938
         0 -0.0725062   0.703938
         0 -0.0725062   0.703938
         0 -0.0725062   0.703938
         0 -0.0725062   0.703938
         0 -0.0725062   0.703938
         0 -0.0725062   0.703938
         0 -0.0725062   0.703938
         0 -0.0725062   0.703938
         0 -0.0725062   0.703938
         0 -0.0725062   0.703938
         0 -0.0725062   0.703938
         0 -0.0725062   0.703938
         0 -0.0725062   0.703938
         0 -0.0725062   0.703938
         0 -0.0725062   0.703938
         0 -0.0725062   0.703938
         0 -0.0725062   0.703938
         0 -0.0725062   0.703938
         0 -0.0725062   0.703938
         0 -0.0725062   0.703938
         0 -0.0725062   0.703938
         0 -0.0725062   0.703938
         0 -0.0725062   0.703938
         0 -0.0725062   0.703938
         0 -0.0725062   0.703938
         0 -0.0725062   0.703938
         0 -0.0725062   0.703938
         0 -0.0725062   0.703938
         0 -0.0725062   0.703938
         0 -0.0725062   0.703938
         0 -0.0725062   0.703938
         0 -0.0725062   0.703938
         0 -0.0725062   0.703938
         0 -0.0725062   0.703938
         0 -0.0725062   0.703938
         0 -0.0725062   0.703938
         0 -0.0725062   0.703938
         0 -0.0725062   0.703938
         0 -0.0725062   0.703938
         0 -0.0725062   0.703938
         0 -0.0725062   0.703938
         0 -0.0725062   0.703938
         0 -0.0725062   0.703938
         0 -0.0725062   0.703938
         0 -0.0725062   0.703938
         0 -0.0725062   0.703938
         0 -0.0725062   0.703938
         0 -0.0725062   0.703938
         0 -0.0725062   0.703938
         0 -0.0725062   0.703938
         0 -0.0725062   0.703938
         0 -0.0725062   0.703938
         0 -0.0725062   0.703938
         0 -0.0725062   0.703938
         0 -0.0725062   0.703938
         0 -0.0725062   0.703938
         0 -0.0725062   0.703938
         0 -0.0725062   0.703938
         0 -0.0725062   0.703938
         0 -0.0725062   0.703938
         0 -0.0725062   0.703938
         0 -0.0725062   0.703938
         0 -0.0725062   0.703938
         0 -0.0725062   0.703938
         0 -0.0725062   0.703938
         0 -0.0725062   0.703938
         0 -0.0725062   0.703938
         0 -0.0725062   0.703938
         0 -0.0725062   0.703938
         0 -0.0725062   0.703938
         0 -0.0725062   0.703938
         0 -0.0725062   0.703938
         0 -0.0725062   0.703938
         0 -0.0725062   0.703938
         0 -0.0725062   0.703938
         0 -0.0725062   0.703938
         0 -0.0725062   0.703938
         0 -0.0725062   0.703938
         0 -0.0725062   0.703938
         0 -0.0725062   0.703938
         0 -0.0725062   0.703938
         0 -0.0725062   0.703938
         0 -0.0725062   0.703938
         0 -0.0725062   0.703938
         0 -0.0725062   0.703938
         0 -0.0725062   0.703938
         0 -0.0725062   0.703938
         0 -0.0725062   0.703938
         0 -0.0725062   0.703938
         0 -0.0725062   0.703938
         0 -0.0725062   0.703938
         0 -0.0725062   0.703938
         0 -0.0725062   0.703938
         0 -0.0725062   0.703938
         0 -0.0725062   0.703938
         0 -0.0725062   0.703938
         0 -0.0725062   0.703938
         0 -0.0725062   0.703938
         0 -0.0725062   0.703938
         0 -0.0725062   0.703938
         0 -0.0725062   0.703938
         0 -0.0725062   0.703938
         0 -0.0725062   0.703938
         0 -0.0725062   0.703938
         0 -0.0725062   0.703938
         0 -0.0725062   0.703938
         0 -0.0725062   0.703938
         0 -0.0725062   0.703938
         0 -0.0725062   0.703938
         0 -0.0725062   0.703938
         0 -0.0725062   0.703938
         0 -0.0725062   0.703938
         0 -0.0725062   0.703938
         0 -0.0725062   0.703938
         0 -0.0725062   0.703938
         0 -0.0725062   0.703938
         0 -0.0725062   0.703938
         0 -0.0725062   0.703938
         0 -0.0725062   0.703938
         0 -0.0725062   0.703938
         0 -0.0725062   0.703938
         0 -0.0725062   0.703938
         0 -0.0725062   0.703938
         0 -0.0725062   0.703938
         0 -0.0725062   0.703938
         0 -0.0725062   0.703938
         0 -0.0725062   0.703938
         0 -0.0725062   0.703938
         0 -0.0725062   0.703938
         0 -0.0725062   0.703938
         0 -0.0725062   0.703938
         0 -0.0725062   0.703938
         0 -0.0725062   0.703938
         0 -0.0725062   0.703938
         0 -0.0725062   0.703938
         0 -0.0725062   0.703938
         0 -0.0725062   0.703938
         0 -0.0725062   0.703938
         0 -0.0725062   0.703938
         0 -0.0725062   0.703938
         0 -0.0725062   0.703938
         0 -0.0725062   0.703938
         0 -0.0725062   0.703938
         0 -0.0725062   0.703938
         0 -0.0725062   0.703938
         0 -0.0725062   0.703938
         0 -0.0725062   0.703938
         0 -0.0725062   0.703938
         0 -0.0725062   0.703938
         0 -0.0725062   0.703938
         0 -0.0725062   0.703938
         0 -0.0725062   0.703938
         0 -0.0725062   0.703938
         0 -0.0725062   0.703938
         0 -0.0725062   0.703938
         0 -0.0725062   0.703938
         0 -0.0725062   0.703938
         0 -0.0725062   0.703938
         0 -0.0725062   0.703938
         0 -0.0725062   0.703938
         0 -0.0725062   0.703938
         0 -0.0725062   0.703938
         0 -0.0725062   0.703938
         0 -0.0725062   0.703938
         0 -0.0725062   0.703938
         0 -0.0725062   0.703938
         0 -0.0725062   0.703938
         0 -0.0725062   0.703938
         0 -0.0725062   0.703938
         0 -0.0725062   0.703938
         0 -0.0725062   0.703938
         0 -0.0725062   0.703938
         0 -0.0725062   0.703938
         0 -0.0725062   0.703938
         0 -0.0725062   0.703938
         0 -0.0725062   0.703938
         0 -0.0725062   0.703938
         0 -0.0725062   0.703938
         0 -0.0725062   0.703938
         0 -0.0725062   0.703938
         0 -0.0725062   0.703938
         0 -0.0725062   0.703938
         0 -0.0725062   0.703938
         0 -0.0725062   0.703938
         0 -0.0725062   0.703938
         0 -0.0725062   0.703938
         0 -0.0725062   0.703938
         0 -0.0725062   0.703938
         0 -0.0725062   0.703938
         0 -0.0725062   0.703938
         0 -0.0725062   0.703938
         0 -0.0725062   0.703938
         0 -0.0725062   0.703938
         0 -0.0725062   0.703938
         0 -0.0725062   0.703938
         0 -0.0725062   0.703938
         0 -0.0725062   0.703938
         0 -0.0725062   0.703938
         0 -0.0725062   0.703938
         0 -0.0725062   0.703938
         0 -0.0725062   0.703938
         0 -0.0725062   0.703938
         0 -0.0725062   0.703938
         0 -0.0725062   0.703938
         0 -0.0725062   0.703938
         0 -0.0725062   0.703938
         0 -0.0725062   0.703938
         0 -0.0725062   0.703938
         0 -0.0725062   0.703938
         0 -0.0725062   0.703938
         0 -0.0725062   0.703938
         0 -0.0725062   0.703938
         0 -0.0725062   0.703938
         0 -0.0725062   0.703938
         0 -0.0725062   0.703938
         0 -0.0725062   0.703938
         0 -0.0725062   0.703938
         0 -0.0725062   0.703938
         0 -0.0725062   0.703938
         0 -0.0725062   0.703938
         0 -0.0725062   0.703938
         0 -0.0725062   0.703938
         0 -0.0725062   0.703938
         0 -0.0725062   0.703938
         0 -0.0725062   0.703938
         0 -0.0725062   0.703938
         0 -0.0725062   0.703938
         0 -0.0725062   0.703938
         0 -0.0725062   0.703938
         0 -0.0725062   0.703938
         0 -0.0725062   0.703938
         0 -0.0725062   0.703938
         0 -0.0725062   0.703938
         0 -0.0725062   0.703938
         0 -0.0725062   0.703938
         0 -0.0725062   0.703938
         0 -0.0725062   0.703938
         0 -0.0725062   0.703938
         0 -0.0725062   0.703938
         0 -0.0725062   0.703938
         0 -0.0725062   0.703938
         0 -0.0725062   0.703938
         0 -0.0725062   0.703938
         0 -0.0725062   0.703938
         0 -0.0725062   0.703938
         0 -0.0725062   0.703938
         0 -0.0725062   0.703938
         0 -0.0725062   0.703938
         0 -0.0725062   0.703938
         0 -0.0725062   0.703938
         0 -0.0725062   0.703938
         0 -0.0725062   0.703938
         0 -0.0725062   0.703938
         0 -0.0725062   0.703938
         0 -0.0725062   0.703938
         0 -0.0725062   0.703938
         0 -0.0725062   0.703938
         0 -0.0725062   0.703938
         0 -0.0725062   0.703938
         0 -0.0725062   0.703938
         0 -0.0725062   0.703938
         0 -0.0725062   0.703938
         0 -0.0725062   0.703938
         0 -0.0725062   0.703938
         0 -0.0725062   0.703938
         0 -0.0725062   0.703938
         0 -0.0725062   0.703938
