0.00376339  -0.102529 0.00380101  -0.102519
0.00376351  -0.102529 0.00390782  -0.102492
0.00376361  -0.102529 0.00406403  -0.102453
0.00376373  -0.102529 0.00425296  -0.102406
0.00376386  -0.102529 0.00446083  -0.102354
0.00376398  -0.102529 0.00467653    -0.1023
0.0037641 -0.102529 0.00489131  -0.102246
0.00376421  -0.102529 0.00509852  -0.102195
0.00376431  -0.102529 0.00529332  -0.102146
0.00376441  -0.102529 0.00547242  -0.102102
0.00376453  -0.102529 0.00563378  -0.102062
0.00376462  -0.102529 0.00577642  -0.102026
0.0037647 -0.102529 0.00590018  -0.101996
0.00376476  -0.102529 0.00600553   -0.10197
0.00376482  -0.102529 0.00609342  -0.101948
0.00376487  -0.102529 0.00616512  -0.101931
0.00376491  -0.102529 0.00622211  -0.101917
0.00376494  -0.102529  0.006266 -0.101906
0.00376493  -0.102529 0.00629841  -0.101899
0.00376492  -0.102529 0.00632098  -0.101893
0.00376489  -0.102529 0.00633523   -0.10189
0.00376484  -0.102529 0.00634261  -0.101889
0.00376477  -0.102529 0.00634444  -0.101888
0.00376468  -0.102529 0.0063419 -0.101889
0.00376458  -0.102529 0.00633603  -0.101891
0.00376445  -0.102529 0.00632774  -0.101894
0.0037643 -0.102529 0.00631779  -0.101896
0.00376413  -0.102529 0.00630682  -0.101899
0.00376391  -0.102529 0.00629535  -0.101903
0.00376369  -0.102529 0.00628378  -0.101906
0.00376345  -0.102529 0.00627245  -0.101909
0.00376318  -0.102529 0.00626157  -0.101912
0.00376286  -0.102529 0.00625133  -0.101915
0.00376251  -0.102529 0.00624182  -0.101917
0.00376203  -0.102529 0.00623311   -0.10192
0.00376149  -0.102529 0.00622521  -0.101922
0.00376082  -0.102529 0.00621811  -0.101924
0.00376001  -0.102529 0.00621178  -0.101926
0.00375913  -0.102529 0.00620618  -0.101928
0.00375811  -0.102529 0.00620123  -0.101929
0.00375695  -0.102529 0.00619688   -0.10193
0.0037557 -0.102528 0.00619305  -0.101932
0.00375431  -0.102528 0.00618967  -0.101933
0.0037528 -0.102528 0.00618668  -0.101934
0.00375117  -0.102528 0.00618401  -0.101935
0.0037494 -0.102528 0.0061816 -0.101936
0.00374751  -0.102528 0.00617941  -0.101936
0.00374547  -0.102528 0.00617737  -0.101937
0.0037433 -0.102528 0.00617546  -0.101938
0.00374101  -0.102528 0.00617364  -0.101939
0.00373859  -0.102528 0.00617188  -0.101939
0.00373604  -0.102528 0.00617015   -0.10194
0.00373334  -0.102528 0.00616843  -0.101941
0.00373048  -0.102528 0.00616671  -0.101941
0.00372753  -0.102528 0.00616499  -0.101942
0.00372442  -0.102528 0.00616324  -0.101943
0.00372118  -0.102528 0.00616147  -0.101943
0.00371781  -0.102528 0.00615966  -0.101944
0.00371429  -0.102528 0.00615783  -0.101945
0.00371066  -0.102528 0.00615597  -0.101945
0.00370688  -0.102528 0.00615407  -0.101946
0.00370295  -0.102528 0.00615215  -0.101947
0.00369891  -0.102528 0.00615021  -0.101947
0.00369472  -0.102528 0.00614824  -0.101948
0.00369039  -0.102528 0.00614626  -0.101949
0.00368601  -0.102528 0.00614425   -0.10195
0.00368166  -0.102528 0.00614224   -0.10195
0.00367738  -0.102528 0.00614021  -0.101951
0.00367313  -0.102528 0.00613818  -0.101952
0.00366888  -0.102527 0.00613614  -0.101952
0.00366446  -0.102527 0.00613409  -0.101953
0.00365979  -0.102527 0.00613205  -0.101954
0.00365483  -0.102527   0.00613 -0.101955
0.00364959  -0.102527 0.00612796  -0.101955
0.00364408  -0.102527 0.00612592  -0.101956
0.0036383 -0.102526 0.00612388  -0.101957
0.0036322 -0.102526 0.00612184  -0.101957
0.00362581  -0.102526 0.00611981  -0.101958
0.00361913  -0.102526 0.00611779  -0.101959
0.00361214  -0.102526 0.00611577   -0.10196
0.00360481  -0.102526 0.00611375   -0.10196
0.00359721  -0.102525 0.00611175  -0.101961
0.00358927  -0.102525 0.00610974  -0.101962
0.00358101  -0.102525 0.00610774  -0.101962
0.00357245  -0.102525 0.00610575  -0.101963
0.00356354  -0.102525 0.00610376  -0.101964
0.0035543 -0.102524 0.00610178  -0.101964
0.00354474  -0.102524 0.00609981  -0.101965
0.00353484  -0.102524 0.00609783  -0.101966
0.00352459  -0.102524 0.00609587  -0.101966
 0.003514 -0.102524 0.0060939 -0.101967
0.00350304  -0.102523 0.00609194  -0.101968
0.00349176  -0.102523 0.00608999  -0.101968
0.00348011  -0.102523 0.00608804  -0.101969
0.00346811  -0.102523 0.0060861  -0.10197
0.00345576  -0.102523 0.00608415   -0.10197
0.00344303  -0.102522 0.00608222  -0.101971
0.00342995  -0.102522 0.00608028  -0.101971
0.00341647  -0.102522 0.00607835  -0.101972
0.00340264  -0.102522 0.00607643  -0.101973
0.00338845  -0.102521 0.00607451  -0.101973
0.00337387  -0.102521 0.00607259  -0.101974
0.00335889  -0.102521 0.00607067  -0.101975
0.00334357  -0.102521 0.00606876  -0.101975
0.00332784   -0.10252 0.00606686  -0.101976
0.00331173   -0.10252 0.00606495  -0.101977
0.00329524   -0.10252 0.00606306  -0.101977
0.00327833   -0.10252 0.00606116  -0.101978
0.00326107   -0.10252 0.00605927  -0.101978
0.00324339  -0.102519 0.00605738  -0.101979
0.00322533  -0.102519 0.0060555  -0.10198
0.00320684  -0.102519 0.00605362   -0.10198
0.00318799  -0.102519 0.00605174  -0.101981
0.00316872  -0.102518 0.00604987  -0.101981
0.00314907  -0.102518  0.006048 -0.101982
 0.003129 -0.102518 0.00604613  -0.101983
0.00310853  -0.102517 0.00604427  -0.101983
0.00308799  -0.102517 0.00604241  -0.101984
0.00306672  -0.102517 0.00604056  -0.101984
0.00304501  -0.102517 0.00603871  -0.101985
0.00302291  -0.102516 0.00603686  -0.101985
0.00300039  -0.102516 0.00603502  -0.101986
0.00297745  -0.102516 0.00603318  -0.101987
0.00295413  -0.102516 0.00603135  -0.101987
0.00293034  -0.102515 0.00602951  -0.101988
0.00290617  -0.102515 0.00602769  -0.101988
0.00288161  -0.102515 0.00602586  -0.101989
0.00285665  -0.102514 0.00602404  -0.101989
0.00283125  -0.102514 0.00602222   -0.10199
0.00280547  -0.102514 0.00602041  -0.101991
0.00277928  -0.102514 0.0060186 -0.101991
0.00275268  -0.102513 0.0060168 -0.101992
0.00272568  -0.102513 0.00601499  -0.101992
0.00269826  -0.102513 0.0060132 -0.101993
0.00267045  -0.102512 0.0060114 -0.101993
0.00264222  -0.102512 0.00600961  -0.101994
0.00261361  -0.102512 0.00600782  -0.101994
0.00258456  -0.102511 0.00600604  -0.101995
0.00255515  -0.102511 0.00600426  -0.101995
0.00252531  -0.102511 0.00600248  -0.101996
0.0024951  -0.10251 0.00600071  -0.101996
0.00246449   -0.10251 0.00599894  -0.101997
0.00243348   -0.10251 0.00599717  -0.101998
0.00240206  -0.102509 0.00599541  -0.101998
0.00237026  -0.102509 0.00599365  -0.101999
0.00233807  -0.102509 0.0059919 -0.101999
0.00230551  -0.102508 0.00599014     -0.102
0.00227256  -0.102508 0.0059884    -0.102
0.00223922  -0.102508 0.00598665  -0.102001
0.00220548  -0.102507 0.00598491  -0.102001
0.00217136  -0.102507 0.00598317  -0.102002
0.00213688  -0.102506 0.00598144  -0.102002
0.00210199  -0.102506 0.00597971  -0.102003
0.00206675  -0.102506 0.00597798  -0.102003
0.00203117  -0.102505 0.00597626  -0.102004
0.00199523  -0.102505 0.00597454  -0.102004
0.00195895  -0.102505 0.00597282  -0.102004
0.00192231  -0.102504 0.00597111  -0.102005
0.0018853 -0.102504 0.0059694 -0.102005
0.00184792  -0.102503 0.0059677 -0.102006
0.00181019  -0.102503 0.00596599  -0.102006
0.00177216  -0.102503 0.00596429  -0.102007
0.00173379  -0.102502 0.0059626 -0.102007
0.00169506  -0.102502 0.00596091  -0.102008
0.00165599  -0.102501 0.00595922  -0.102008
0.00161659  -0.102501 0.00595753  -0.102009
0.00157687  -0.102501 0.00595585  -0.102009
0.00153684    -0.1025 0.00595417   -0.10201
0.00149649    -0.1025 0.0059525  -0.10201
0.00145582  -0.102499 0.00595083   -0.10201
0.00141488  -0.102499 0.00594916  -0.102011
0.00137363  -0.102499 0.0059475 -0.102011
0.00133208  -0.102498 0.00594584  -0.102012
0.00129026  -0.102498 0.00594418  -0.102012
0.00124816  -0.102497 0.00594252  -0.102013
0.0012058 -0.102497 0.00594087  -0.102013
0.00116316  -0.102497 0.00593923  -0.102014
0.00112027  -0.102496 0.00593758  -0.102014
0.00107713  -0.102496 0.00593594  -0.102014
0.00103374  -0.102495 0.0059343 -0.102015
0.000990118   -0.102495 0.00593267  -0.102015
0.000946281   -0.102494 0.00593104  -0.102016
0.000902196   -0.102494 0.00592941  -0.102016
0.000858017   -0.102494 0.00592779  -0.102016
0.000813508   -0.102493 0.00592617  -0.102017
0.000768819   -0.102493 0.00592455  -0.102017
0.000723929   -0.102492 0.00592294  -0.102018
0.000678856   -0.102492 0.00592133  -0.102018
0.000633609   -0.102491 0.00591972  -0.102018
0.000588167   -0.102491 0.00591812  -0.102019
0.000542604    -0.10249 0.00591652  -0.102019
0.00049687   -0.10249 0.00591492   -0.10202
0.00045099  -0.102489 0.00591332   -0.10202
0.000404978   -0.102489 0.00591173   -0.10202
0.000358849   -0.102489 0.00591015  -0.102021
0.000312603   -0.102488 0.00590856  -0.102021
0.000266246   -0.102488 0.00590698  -0.102022
0.000219788   -0.102487 0.0059054 -0.102022
0.000173251   -0.102487 0.00590383  -0.102022
0.000126621   -0.102486 0.00590226  -0.102023
7.99267e-05   -0.102486 0.00590069  -0.102023
3.31888e-05   -0.102485 0.00589913  -0.102023
-1.35272e-05    -0.102485 0.00589757  -0.102024
-6.02042e-05    -0.102484 0.00589601  -0.102024
-0.000106916    -0.102484 0.00589445  -0.102024
-0.000153588    -0.102483 0.0058929 -0.102025
-0.000200278    -0.102483 0.00589135  -0.102025
-0.000246925    -0.102482 0.00588981  -0.102026
-0.00029357   -0.102482 0.00588827  -0.102026
-0.000340502    -0.102481 0.00588673  -0.102026
-0.000387405    -0.102481 0.00588519  -0.102027
-0.000433907     -0.10248 0.00588366  -0.102027
-0.000480697     -0.10248 0.00588213  -0.102027
-0.000527424    -0.102479 0.00588061  -0.102028
-0.000573682    -0.102479 0.00587908  -0.102028
-0.000619834    -0.102478 0.00587756  -0.102028
-0.000665876    -0.102478 0.00587605  -0.102029
-0.000711802    -0.102477 0.00587453  -0.102029
-0.000757575    -0.102477 0.00587302  -0.102029
-0.000803622    -0.102476 0.00587152  -0.102029
-0.000849513    -0.102476 0.00587001   -0.10203
-0.000895251    -0.102475 0.00586851   -0.10203
-0.000940802    -0.102475 0.00586702   -0.10203
-0.000985745    -0.102474 0.00586552  -0.102031
-0.00103092   -0.102473 0.00586403  -0.102031
-0.00107542   -0.102473 0.00586254  -0.102031
-0.00112015   -0.102472 0.00586106  -0.102032
-0.00116465   -0.102472 0.00585958  -0.102032
-0.00120891   -0.102471 0.0058581 -0.102032
-0.00125291   -0.102471 0.00585662  -0.102032
-0.00129663    -0.10247 0.00585515  -0.102033
-0.00134007    -0.10247 0.00585368  -0.102033
-0.00138322   -0.102469 0.00585221  -0.102033
-0.00142603   -0.102468 0.00585075  -0.102034
-0.00146856   -0.102468 0.00584929  -0.102034
-0.00151073   -0.102467 0.00584783  -0.102034
-0.00155255   -0.102467 0.00584638  -0.102034
-0.00159403   -0.102466 0.00584493  -0.102035
-0.00163514   -0.102465 0.00584348  -0.102035
-0.00167584   -0.102465 0.00584203  -0.102035
-0.00171617   -0.102464 0.00584059  -0.102036
-0.00175607   -0.102464 0.00583915  -0.102036
-0.00179556   -0.102463 0.00583772  -0.102036
-0.00183461   -0.102462 0.00583628  -0.102036
-0.00187321   -0.102462 0.00583486  -0.102037
-0.00191135   -0.102461 0.00583343  -0.102037
-0.00194904   -0.102461  0.005832 -0.102037
-0.00198622    -0.10246 0.00583058  -0.102037
-0.00202291   -0.102459 0.00582917  -0.102038
-0.0020597  -0.102459 0.00582775  -0.102038
-0.00209519   -0.102458 0.00582634  -0.102038
-0.0021305  -0.102457 0.00582493  -0.102038
-0.00216538   -0.102457 0.00582353  -0.102038
-0.00219953   -0.102456 0.00582212  -0.102039
-0.00223305   -0.102455 0.00582072  -0.102039
-0.00226599   -0.102455 0.00581933  -0.102039
-0.0022983  -0.102454 0.00581793  -0.102039
-0.00233002   -0.102453 0.00581654   -0.10204
-0.00236109   -0.102453 0.00581515   -0.10204
-0.00239152   -0.102452 0.00581377   -0.10204
-0.00242132   -0.102451 0.00581239   -0.10204
-0.00245046   -0.102451 0.00581101   -0.10204
-0.00247892    -0.10245 0.00580963  -0.102041
-0.0025067  -0.102449 0.00580826  -0.102041
-0.00253383   -0.102449 0.00580689  -0.102041
-0.00256021   -0.102448 0.00580552  -0.102041
-0.0025859  -0.102447 0.00580415  -0.102041
-0.00261087   -0.102447 0.00580279  -0.102042
-0.0026351  -0.102446 0.00580143  -0.102042
-0.00265856   -0.102445 0.00580008  -0.102042
-0.00268127   -0.102445 0.00579873  -0.102042
-0.00270323   -0.102444 0.00579738  -0.102042
-0.00272443   -0.102443 0.00579603  -0.102043
-0.00274481   -0.102443 0.00579468  -0.102043
-0.00276441   -0.102442 0.00579334  -0.102043
-0.0027832  -0.102441  0.005792 -0.102043
-0.00280118    -0.10244 0.00579067  -0.102043
-0.00281832    -0.10244 0.00578934  -0.102043
-0.00283464   -0.102439 0.00578801  -0.102044
-0.00285012   -0.102438 0.00578668  -0.102044
-0.00286472   -0.102438 0.00578535  -0.102044
-0.00287847   -0.102437 0.00578403  -0.102044
-0.00289136   -0.102436 0.00578271  -0.102044
-0.00290336   -0.102435 0.0057814 -0.102044
-0.00291448   -0.102435 0.00578009  -0.102045
-0.0029247  -0.102434 0.00577878  -0.102045
-0.00293402   -0.102433 0.00577747  -0.102045
-0.00294241   -0.102433 0.00577616  -0.102045
-0.00294993   -0.102432 0.00577486  -0.102045
-0.0029565  -0.102431 0.00577356  -0.102045
-0.00296213    -0.10243 0.00577227  -0.102045
-0.00296683    -0.10243 0.00577097  -0.102046
-0.00297061   -0.102429 0.00576968  -0.102046
-0.00297341   -0.102428 0.0057684 -0.102046
-0.0029754  -0.102428 0.00576711  -0.102046
-0.00297647   -0.102427 0.00576583  -0.102046
-0.00297646   -0.102426 0.00576455  -0.102046
-0.0029753  -0.102426 0.00576327  -0.102046
-0.00297301   -0.102425  0.005762 -0.102046
-0.00296959   -0.102424 0.00576073  -0.102047
-0.00296503   -0.102424 0.00575946  -0.102047
-0.00295936   -0.102423 0.00575819  -0.102047
-0.00295257   -0.102423 0.00575693  -0.102047
-0.00294467   -0.102422 0.00575567  -0.102047
-0.00293564   -0.102421 0.00575441  -0.102047
-0.00292551   -0.102421 0.00575316  -0.102047
-0.00291428    -0.10242 0.00575191  -0.102047
-0.00290195   -0.102419 0.00575066  -0.102047
-0.00288853   -0.102419 0.00574941  -0.102047
-0.00287399   -0.102418 0.00574817  -0.102048
-0.0028584  -0.102418 0.00574693  -0.102048
-0.00284168   -0.102417 0.00574569  -0.102048
-0.00282392   -0.102416 0.00574445  -0.102048
-0.00280506   -0.102416 0.00574322  -0.102048
-0.00278514   -0.102415 0.00574199  -0.102048
-0.00276516   -0.102414 0.00574076  -0.102048
-0.00274247   -0.102414 0.00573954  -0.102048
-0.00271968   -0.102413 0.00573832  -0.102048
-0.00269598   -0.102413 0.0057371 -0.102048
-0.00267109   -0.102412 0.00573588  -0.102048
-0.00264518   -0.102411 0.00573467  -0.102048
-0.00261832    -0.10241 0.00573345  -0.102048
-0.00259049    -0.10241 0.00573224  -0.102048
-0.0025617  -0.102409 0.00573104  -0.102049
-0.00253193   -0.102408 0.00572984  -0.102049
-0.00250124   -0.102407 0.00572863  -0.102049
-0.0024696  -0.102407 0.00572744  -0.102049
-0.00243701   -0.102406 0.00572624  -0.102049
-0.00240349   -0.102405 0.00572505  -0.102049
-0.00236903   -0.102405 0.00572386  -0.102049
-0.00233365   -0.102404 0.00572267  -0.102049
-0.00229734   -0.102403 0.00572148  -0.102049
-0.00226011   -0.102402 0.0057203 -0.102049
-0.00222197   -0.102402 0.00571912  -0.102049
-0.00218294   -0.102401 0.00571795  -0.102049
-0.002143   -0.1024 0.00571677  -0.102049
-0.00210217   -0.102399 0.0057156 -0.102049
-0.00206045   -0.102399 0.00571443  -0.102049
-0.00201789   -0.102398 0.00571326  -0.102049
-0.00197444   -0.102397 0.0057121 -0.102049
-0.00193012   -0.102396 0.00571094  -0.102049
-0.00188497   -0.102396 0.00570978  -0.102049
-0.00183897   -0.102395 0.00570862  -0.102049
-0.00179216   -0.102394 0.00570747  -0.102049
-0.00174451   -0.102394 0.00570632  -0.102049
-0.00169608   -0.102393 0.00570517  -0.102049
-0.00164683   -0.102392 0.00570402  -0.102049
-0.00159681   -0.102391 0.00570288  -0.102049
-0.00154597   -0.102391 0.00570174  -0.102049
-0.00149441    -0.10239 0.0057006 -0.102049
-0.00144208   -0.102389 0.00569946  -0.102049
-0.00138902   -0.102388 0.00569833  -0.102049
-0.00133522   -0.102388 0.0056972 -0.102049
-0.00128071   -0.102387 0.00569607  -0.102049
-0.00122551   -0.102386 0.00569494  -0.102049
-0.00116962   -0.102385 0.00569382  -0.102049
-0.00111304   -0.102385 0.0056927 -0.102049
-0.00105582   -0.102384 0.00569158  -0.102049
-0.000997945    -0.102383 0.00569046  -0.102049
-0.000939433    -0.102382 0.00568935  -0.102049
-0.000880322    -0.102381 0.00568824  -0.102049
-0.00082059   -0.102381 0.00568713  -0.102049
-0.000760298     -0.10238 0.00568603  -0.102049
-0.000699418    -0.102379 0.00568492  -0.102049
-0.000637993    -0.102378 0.00568382  -0.102049
-0.000576037    -0.102378 0.00568272  -0.102048
-0.000513553    -0.102377 0.00568163  -0.102048
-0.000450553    -0.102376 0.00568053  -0.102048
-0.000387082    -0.102375 0.00567944  -0.102048
-0.000323148    -0.102375 0.00567835  -0.102048
-0.000258757    -0.102374 0.00567727  -0.102048
-0.000193919    -0.102373 0.00567618  -0.102048
-0.000128696    -0.102372 0.0056751 -0.102048
-6.30457e-05    -0.102371 0.00567402  -0.102048
2.97919e-06   -0.102371 0.00567295  -0.102048
6.93415e-05    -0.10237 0.00567187  -0.102048
0.000136073   -0.102369 0.0056708 -0.102048
0.000203115   -0.102368 0.00566973  -0.102048
0.000270476   -0.102367 0.00566867  -0.102048
0.000338112   -0.102367 0.0056676 -0.102048
0.000405982   -0.102366 0.00566654  -0.102047
0.000473976   -0.102365 0.00566548  -0.102047
0.00054232  -0.102364 0.00566443  -0.102047
0.000610816   -0.102364 0.00566337  -0.102047
0.00067955  -0.102363 0.00566232  -0.102047
0.000748453   -0.102362 0.00566127  -0.102047
0.000817504   -0.102361 0.00566022  -0.102047
0.000886718    -0.10236 0.00565918  -0.102047
0.000956008    -0.10236 0.00565814  -0.102047
0.00102544  -0.102359 0.0056571 -0.102047
 0.001095 -0.102358 0.00565606  -0.102046
0.00116462  -0.102357 0.00565502  -0.102046
0.00123426  -0.102357 0.00565399  -0.102046
0.00130383  -0.102356 0.00565296  -0.102046
0.00137331  -0.102356 0.00565193  -0.102046
0.00144266  -0.102355 0.00565091  -0.102046
0.00151184  -0.102354 0.00564988  -0.102046
0.00158088  -0.102354 0.00564886  -0.102046
0.00164971  -0.102353 0.00564784  -0.102045
0.00171833  -0.102352 0.00564683  -0.102045
0.00178673  -0.102352 0.00564581  -0.102045
0.00185489  -0.102351 0.0056448 -0.102045
0.00192277   -0.10235 0.00564379  -0.102045
0.00199038   -0.10235 0.00564279  -0.102045
0.00205768  -0.102349 0.00564178  -0.102045
0.00212466  -0.102348 0.00564078  -0.102044
0.0021913 -0.102348 0.00563978  -0.102044
0.00225758  -0.102347 0.00563878  -0.102044
0.00232288  -0.102346 0.00563779  -0.102044
0.00238727  -0.102346 0.0056368 -0.102044
0.00245077  -0.102345 0.00563581  -0.102044
0.00251329  -0.102345 0.00563482  -0.102043
0.00257486  -0.102344 0.00563383  -0.102043
0.00263541  -0.102343 0.00563285  -0.102043
0.00269431  -0.102343 0.00563187  -0.102043
0.00274996  -0.102342 0.00563089  -0.102043
0.00280255  -0.102342 0.00562991  -0.102043
0.00285337  -0.102341 0.00562894  -0.102042
0.00290311  -0.102341 0.00562796  -0.102042
0.00295174   -0.10234 0.00562699  -0.102042
0.00299879   -0.10234 0.00562603  -0.102042
0.00304435  -0.102339 0.00562506  -0.102042
0.00308925  -0.102338 0.0056241 -0.102041
0.00313371  -0.102338 0.00562314  -0.102041
0.00317778  -0.102337 0.00562218  -0.102041
0.00322147  -0.102336 0.00562122  -0.102041
0.00326475  -0.102335 0.00562027  -0.102041
0.00330763  -0.102335 0.00561932   -0.10204
0.00335005  -0.102334 0.00561837   -0.10204
0.00339205  -0.102333 0.00561742   -0.10204
0.00343359  -0.102333 0.00561648   -0.10204
0.00347466  -0.102332 0.00561553   -0.10204
0.00351524  -0.102331 0.00561459  -0.102039
0.00355533   -0.10233 0.00561366  -0.102039
0.00359493   -0.10233 0.00561272  -0.102039
0.00363399  -0.102329 0.00561179  -0.102039
0.00367252  -0.102328 0.00561085  -0.102038
0.00371049  -0.102328 0.00560993  -0.102038
0.00374792  -0.102327  0.005609 -0.102038
0.00378479  -0.102327 0.00560807  -0.102038
0.00382105  -0.102326 0.00560715  -0.102037
0.00385672  -0.102326 0.00560623  -0.102037
0.00389181  -0.102325 0.00560531  -0.102037
0.00392626  -0.102325 0.0056044 -0.102037
0.00396011  -0.102325 0.00560348  -0.102037
0.00399332  -0.102324 0.00560257  -0.102036
0.00402587  -0.102324 0.00560166  -0.102036
0.00405844  -0.102323 0.00560076  -0.102036
0.00408968  -0.102323 0.00559985  -0.102035
0.00412025  -0.102323 0.00559895  -0.102035
0.00415014  -0.102322 0.00559805  -0.102035
0.00417933  -0.102322 0.00559715  -0.102035
0.00420783  -0.102321 0.00559625  -0.102034
0.00423563  -0.102321 0.00559536  -0.102034
0.00426269   -0.10232 0.00559447  -0.102034
0.00428903   -0.10232 0.00559358  -0.102034
0.00431466   -0.10232 0.00559269  -0.102033
0.00433953  -0.102319 0.0055918 -0.102033
0.00436369  -0.102319 0.00559092  -0.102033
0.00438706  -0.102318 0.00559004  -0.102032
0.0044097 -0.102318 0.00558916  -0.102032
0.00443158  -0.102317 0.00558828  -0.102032
0.00445267  -0.102317 0.00558741  -0.102032
0.00447299  -0.102316 0.00558654  -0.102031
0.00449255  -0.102315 0.00558567  -0.102031
0.00451132  -0.102315 0.0055848 -0.102031
0.0045293 -0.102314 0.00558393   -0.10203
0.00454649  -0.102314 0.00558307   -0.10203
0.00456289  -0.102313 0.00558221   -0.10203
0.00457848  -0.102313 0.00558135  -0.102029
0.00459329  -0.102312 0.00558049  -0.102029
0.00460729  -0.102311 0.00557963  -0.102029
0.00462047  -0.102311 0.00557878  -0.102028
0.00463284   -0.10231 0.00557793  -0.102028
0.00464442  -0.102309 0.00557708  -0.102028
0.00465518  -0.102309 0.00557623  -0.102028
0.00466511  -0.102308 0.00557539  -0.102027
0.00467422  -0.102307 0.00557455  -0.102027
0.00468254  -0.102307 0.0055737 -0.102027
0.00469004  -0.102306 0.00557287  -0.102026
0.00469672  -0.102305 0.00557203  -0.102026
0.00470259  -0.102304 0.0055712 -0.102025
0.00470766  -0.102304 0.00557036  -0.102025
0.00471187  -0.102303 0.00556953  -0.102025
0.0047153 -0.102302 0.0055687 -0.102024
0.00471791  -0.102301 0.00556788  -0.102024
0.00471972  -0.102301 0.00556705  -0.102024
0.00472072    -0.1023 0.00556623  -0.102023
0.00472091  -0.102299 0.00556541  -0.102023
0.00472031  -0.102298 0.0055646 -0.102023
0.00471889  -0.102297 0.00556378  -0.102022
0.0047167 -0.102297 0.00556297  -0.102022
0.00471373  -0.102296 0.00556215  -0.102022
  0.00471 -0.102295 0.00556134  -0.102021
0.0047055 -0.102294 0.00556054  -0.102021
0.00470023  -0.102293 0.00555973   -0.10202
0.00469422  -0.102292 0.00555893   -0.10202
0.00468744  -0.102291 0.00555813   -0.10202
0.00467995  -0.102291 0.00555733  -0.102019
0.00467167   -0.10229 0.00555653  -0.102019
0.0046627 -0.102289 0.00555573  -0.102018
0.00465295  -0.102288 0.00555494  -0.102018
0.00464252  -0.102287 0.00555415  -0.102018
0.00463132  -0.102286 0.00555336  -0.102017
0.00461943  -0.102285 0.00555257  -0.102017
0.00460682  -0.102284 0.00555179  -0.102016
0.0045935 -0.102283 0.00555101  -0.102016
0.00457946  -0.102282 0.00555022  -0.102016
0.00456473  -0.102282 0.00554945  -0.102015
0.00454931  -0.102281 0.00554867  -0.102015
0.00453319   -0.10228 0.00554789  -0.102014
0.00451639  -0.102279 0.00554712  -0.102014
0.00449892  -0.102278 0.00554635  -0.102014
0.00448141  -0.102277 0.00554558  -0.102013
0.0044626 -0.102276 0.00554481  -0.102013
0.00444312  -0.102275 0.00554405  -0.102012
0.00442278  -0.102274 0.00554329  -0.102012
0.00440173  -0.102273 0.00554252  -0.102011
0.00437999  -0.102272 0.00554176  -0.102011
0.00435761  -0.102272 0.00554101   -0.10201
0.00433524  -0.102271 0.00554025   -0.10201
0.00431222   -0.10227 0.0055395  -0.10201
0.0042886 -0.102269 0.00553875  -0.102009
0.00426434  -0.102268  0.005538 -0.102009
0.0042395 -0.102267 0.00553725  -0.102008
0.00421339  -0.102266 0.00553651  -0.102008
0.00418667  -0.102265 0.00553576  -0.102007
0.00415938  -0.102264 0.00553502  -0.102007
0.00413153  -0.102263 0.00553428  -0.102006
0.00410374  -0.102263 0.00553354  -0.102006
0.00407481  -0.102262 0.00553281  -0.102005
0.00404593  -0.102261 0.00553208  -0.102005
0.00401652   -0.10226 0.00553134  -0.102004
0.00398661  -0.102259 0.00553061  -0.102004
0.00395558  -0.102258 0.00552989  -0.102004
0.00392404  -0.102257 0.00552916  -0.102003
0.00389201  -0.102256 0.00552844  -0.102003
0.0038601 -0.102256 0.00552772  -0.102002
0.00382773  -0.102255  0.005527 -0.102002
0.0037949 -0.102254 0.00552628  -0.102001
0.00376108  -0.102253 0.00552556  -0.102001
0.00372684  -0.102252 0.00552485     -0.102
0.0036922 -0.102251 0.00552413     -0.102
0.00365715  -0.102251 0.00552342  -0.101999
0.00362176   -0.10225 0.00552272  -0.101999
0.00358618  -0.102249 0.00552201  -0.101998
0.00355015  -0.102248 0.0055213 -0.101998
0.00351375  -0.102247 0.0055206 -0.101997
0.00347706  -0.102247 0.0055199 -0.101996
0.00344056  -0.102246 0.0055192 -0.101996
0.00340378  -0.102245 0.0055185 -0.101995
0.00336623  -0.102244 0.00551781  -0.101995
0.0033284 -0.102244 0.00551712  -0.101994
0.00329079  -0.102243 0.00551643  -0.101994
0.00325293  -0.102242 0.00551574  -0.101993
0.00321485  -0.102241 0.00551505  -0.101993
0.00317654  -0.102241 0.00551436  -0.101992
0.00313754   -0.10224 0.00551368  -0.101992
0.00309835  -0.102239  0.005513 -0.101991
0.00305941  -0.102239 0.00551232  -0.101991
0.00301986  -0.102238 0.00551164   -0.10199
0.00298057  -0.102237 0.00551096  -0.101989
0.00294114  -0.102237 0.00551029  -0.101989
0.00290159  -0.102236 0.00550962  -0.101988
0.00286186  -0.102235 0.00550895  -0.101988
0.00282203  -0.102235 0.00550828  -0.101987
0.00278207  -0.102234 0.00550761  -0.101987
0.00274201  -0.102233 0.00550694  -0.101986
0.00270186  -0.102233 0.00550628  -0.101986
0.00266163  -0.102232 0.00550562  -0.101985
0.00262129  -0.102231 0.00550496  -0.101984
0.0025809 -0.102231 0.0055043 -0.101984
0.00254047   -0.10223 0.00550365  -0.101983
0.00249997   -0.10223 0.00550299  -0.101983
0.00245944  -0.102229 0.00550234  -0.101982
0.0024189 -0.102229 0.00550169  -0.101981
0.00237835  -0.102228 0.00550104  -0.101981
0.00233778  -0.102227 0.0055004  -0.10198
0.00229719  -0.102227 0.00549975   -0.10198
0.00225661  -0.102226 0.00549911  -0.101979
0.00221579  -0.102226 0.00549847  -0.101978
0.00217535  -0.102225 0.00549783  -0.101978
0.00213497  -0.102225 0.00549719  -0.101977
0.00209458  -0.102224 0.00549656  -0.101977
0.00205424  -0.102224 0.00549592  -0.101976
0.00201396  -0.102223 0.00549529  -0.101975
0.00197376  -0.102223 0.00549466  -0.101975
0.00193364  -0.102222 0.00549403  -0.101974
0.0018936 -0.102222 0.0054934 -0.101973
0.00185365  -0.102221 0.00549278  -0.101973
0.00181383  -0.102221 0.00549216  -0.101972
0.00177413   -0.10222 0.00549154  -0.101972
0.00173452   -0.10222 0.00549092  -0.101971
0.00169505   -0.10222 0.0054903  -0.10197
0.0016557 -0.102219 0.00548968   -0.10197
0.00161652  -0.102219 0.00548907  -0.101969
0.00157747  -0.102218 0.00548846  -0.101968
0.00153859  -0.102218 0.00548785  -0.101968
0.00149986  -0.102218 0.00548724  -0.101967
0.00146131  -0.102217 0.00548663  -0.101966
0.00142294  -0.102217 0.00548603  -0.101966
0.00138473  -0.102216 0.00548542  -0.101965
0.00134672  -0.102216 0.00548482  -0.101964
0.00130894  -0.102216 0.00548422  -0.101964
0.00127133  -0.102215 0.00548363  -0.101963
0.00123392  -0.102215 0.00548303  -0.101962
0.00119672  -0.102215 0.00548244  -0.101962
0.00115973  -0.102214 0.00548184  -0.101961
0.00112298  -0.102214 0.00548125   -0.10196
0.00108651  -0.102214 0.00548066   -0.10196
0.00105034  -0.102213 0.00548008  -0.101959
0.00101484  -0.102213 0.00547949  -0.101958
0.00098007  -0.102213 0.00547891  -0.101958
0.000945881   -0.102212 0.00547833  -0.101957
0.000912265   -0.102212 0.00547775  -0.101956
0.000879196   -0.102212 0.00547717  -0.101955
0.000846648   -0.102211 0.00547659  -0.101955
0.000814662   -0.102211 0.00547602  -0.101954
0.000783216   -0.102211 0.00547544  -0.101953
0.000752264    -0.10221 0.00547487  -0.101953
0.000721862    -0.10221 0.0054743 -0.101952
0.000692007    -0.10221 0.00547373  -0.101951
0.000662648   -0.102209 0.00547317   -0.10195
0.000633805   -0.102209 0.0054726  -0.10195
0.000605489   -0.102209 0.00547204  -0.101949
0.000577634   -0.102209 0.00547148  -0.101948
0.000550292   -0.102208 0.00547092  -0.101948
0.00052343  -0.102208 0.00547036  -0.101947
0.000497032   -0.102208 0.00546981  -0.101946
0.000471118   -0.102207 0.00546925  -0.101945
0.000445658   -0.102207 0.0054687 -0.101945
0.000420632   -0.102207 0.00546815  -0.101944
0.000396086   -0.102207 0.0054676 -0.101943
0.000371967   -0.102206 0.00546705  -0.101942
0.000348273   -0.102206 0.00546651  -0.101942
0.000325001   -0.102206 0.00546596  -0.101941
0.000302172   -0.102206 0.00546542   -0.10194
0.000279744   -0.102205 0.00546488  -0.101939
0.000257759   -0.102205 0.00546434  -0.101939
0.000236196   -0.102205 0.00546381  -0.101938
0.000215081   -0.102205 0.00546327  -0.101937
0.000194334   -0.102204 0.00546274  -0.101936
0.000173919   -0.102204 0.00546221  -0.101935
0.000153846   -0.102204 0.00546168  -0.101935
0.000134129   -0.102204 0.00546115  -0.101934
0.000114741   -0.102204 0.00546062  -0.101933
9.57236e-05   -0.102203 0.0054601 -0.101932
7.70613e-05   -0.102203 0.00545957  -0.101932
5.87975e-05   -0.102203 0.00545905  -0.101931
4.08988e-05   -0.102203 0.00545853   -0.10193
2.33892e-05   -0.102202 0.00545801  -0.101929
6.28443e-06   -0.102202 0.0054575 -0.101928
-1.04285e-05    -0.102202 0.00545698  -0.101927
-2.67517e-05    -0.102201 0.00545647  -0.101927
-4.26448e-05    -0.102201 0.00545596  -0.101926
-5.81498e-05    -0.102201 0.00545545  -0.101925
-7.32297e-05    -0.102201 0.00545494  -0.101924
-8.788e-05    -0.1022 0.00545443  -0.101923
-0.000102029      -0.1022 0.00545393  -0.101923
-0.000115594      -0.1022 0.00545343  -0.101922
-0.000128532      -0.1022 0.00545292  -0.101921
-0.000140884    -0.102199 0.00545243   -0.10192
-0.000152696    -0.102199 0.00545193  -0.101919
-0.000164143    -0.102199 0.00545143  -0.101918
-0.000175234    -0.102198 0.00545094  -0.101918
-0.000185971    -0.102198 0.00545044  -0.101917
-0.000196431    -0.102198 0.00544995  -0.101916
-0.000206698    -0.102198 0.00544946  -0.101915
-0.000216779    -0.102197 0.00544897  -0.101914
-0.000226662    -0.102197 0.00544849  -0.101913
-0.000236358    -0.102197  0.005448 -0.101912
-0.000245813    -0.102196 0.00544752  -0.101912
-0.000255049    -0.102196 0.00544704  -0.101911
-0.000264103    -0.102196 0.00544656   -0.10191
-0.000272898    -0.102195 0.00544608  -0.101909
-0.000281475    -0.102195 0.0054456 -0.101908
-0.000289837    -0.102195 0.00544513  -0.101907
-0.000297969    -0.102194 0.00544465  -0.101906
-0.000305906    -0.102194 0.00544418  -0.101905
-0.000313603    -0.102194 0.00544371  -0.101905
-0.000321095    -0.102194 0.00544324  -0.101904
-0.00032837   -0.102193 0.00544278  -0.101903
-0.000335434    -0.102193 0.00544231  -0.101902
-0.000342283    -0.102193 0.00544185  -0.101901
-0.000348942    -0.102192 0.00544139    -0.1019
-0.000355362    -0.102192 0.00544093  -0.101899
-0.000361579    -0.102192 0.00544047  -0.101898
-0.000367601    -0.102191 0.00544001  -0.101897
-0.000373409    -0.102191 0.00543956  -0.101896
-0.000379025    -0.102191 0.0054391 -0.101896
-0.000384421     -0.10219 0.00543865  -0.101895
-0.000389634     -0.10219 0.0054382 -0.101894
-0.000394632     -0.10219 0.00543775  -0.101893
-0.000399439    -0.102189 0.0054373 -0.101892
-0.000404041    -0.102189 0.00543686  -0.101891
-0.000408461    -0.102189 0.00543641   -0.10189
-0.000412684    -0.102188 0.00543597  -0.101889
-0.000416697    -0.102188 0.00543553  -0.101888
-0.00042056   -0.102188 0.00543509  -0.101887
-0.00042422   -0.102187 0.00543465  -0.101886
-0.000427686    -0.102187 0.00543422  -0.101885
-0.000430997    -0.102187 0.00543378  -0.101884
-0.000434087    -0.102186 0.00543335  -0.101883
-0.000437049    -0.102186 0.00543292  -0.101882
-0.000439802    -0.102186 0.00543249  -0.101881
-0.000442404    -0.102185 0.00543206   -0.10188
-0.000444842    -0.102185 0.00543163  -0.101879
-0.000447121    -0.102185 0.00543121  -0.101878
-0.00044923   -0.102184 0.00543079  -0.101878
-0.000451191    -0.102184 0.00543036  -0.101877
-0.000452974    -0.102184 0.00542994  -0.101876
-0.000456136    -0.102183 0.00542953  -0.101875
-0.000457642    -0.102182 0.00542911  -0.101874
-0.000459123    -0.102182 0.00542869  -0.101873
-0.000460325    -0.102182 0.00542828  -0.101872
-0.000461338    -0.102181 0.00542787  -0.101871
-0.000462225    -0.102181 0.00542746   -0.10187
-0.000462959    -0.102181 0.00542705  -0.101869
-0.00046355    -0.10218 0.00542664  -0.101868
-0.00046401    -0.10218 0.00542623  -0.101867
-0.000464344     -0.10218 0.00542583  -0.101866
-0.000464576    -0.102179 0.00542543  -0.101865
-0.000464675    -0.102179 0.00542503  -0.101864
-0.000464684    -0.102179 0.00542463  -0.101862
-0.000464571    -0.102178 0.00542423  -0.101861
-0.000464374    -0.102178 0.00542383   -0.10186
-0.000464049    -0.102178 0.00542344  -0.101859
-0.000463632    -0.102177 0.00542304  -0.101858
-0.00046313   -0.102177 0.00542265  -0.101857
-0.000462548    -0.102176 0.00542226  -0.101856
-0.000461852    -0.102176 0.00542187  -0.101855
-0.000461066    -0.102176 0.00542149  -0.101854
-0.000460227    -0.102175 0.0054211 -0.101853
-0.000459293    -0.102175 0.00542072  -0.101852
-0.000458276    -0.102175 0.00542033  -0.101851
-0.000457184    -0.102174 0.00541995   -0.10185
-0.000456021    -0.102174 0.00541957  -0.101849
-0.00045481   -0.102173 0.0054192 -0.101848
-0.000453499    -0.102173 0.00541882  -0.101847
-0.000452128    -0.102173 0.00541844  -0.101846
-0.000450716    -0.102172 0.00541807  -0.101845
-0.000449234    -0.102172 0.0054177 -0.101844
-0.000447684    -0.102171 0.00541733  -0.101842
-0.000446122    -0.102171 0.00541696  -0.101841
-0.000444461    -0.102171 0.00541659   -0.10184
-0.000442778     -0.10217 0.00541623  -0.101839
-0.000441019     -0.10217 0.00541587  -0.101838
-0.000439226    -0.102169 0.0054155 -0.101837
-0.000437414    -0.102169 0.00541514  -0.101836
-0.000435538    -0.102169 0.00541478  -0.101835
-0.000433615    -0.102168 0.00541442  -0.101834
-0.000431684    -0.102168 0.00541407  -0.101833
-0.000429689    -0.102167 0.00541371  -0.101831
-0.000427669    -0.102167 0.00541336   -0.10183
-0.000425613    -0.102167 0.00541301  -0.101829
-0.000423516    -0.102166 0.00541266  -0.101828
-0.000421402    -0.102166 0.00541231  -0.101827
-0.000419239    -0.102165 0.00541196  -0.101826
-0.00041708   -0.102165 0.00541162  -0.101825
-0.000414892    -0.102165 0.00541127  -0.101824
-0.000412666    -0.102164 0.00541093  -0.101822
-0.00041044   -0.102164 0.00541059  -0.101821
-0.0004082  -0.102163 0.00541025   -0.10182
-0.000405947    -0.102163 0.00540991  -0.101819
-0.000403683    -0.102162 0.00540958  -0.101818
-0.00040143   -0.102162 0.00540924  -0.101817
-0.000399167    -0.102161 0.00540891  -0.101816
-0.000396901    -0.102161 0.00540858  -0.101814
-0.000394638    -0.102161 0.00540824  -0.101813
-0.000392395     -0.10216 0.00540792  -0.101812
-0.000390136     -0.10216 0.00540759  -0.101811
-0.000387899    -0.102159 0.00540726   -0.10181
-0.000385667    -0.102159 0.00540694  -0.101809
-0.000383437    -0.102158 0.00540661  -0.101807
-0.000381194    -0.102158 0.00540629  -0.101806
-0.000378989    -0.102157 0.00540597  -0.101805
-0.00037679   -0.102157 0.00540566  -0.101804
-0.000374595    -0.102156 0.00540534  -0.101803
-0.000372403    -0.102156 0.00540502  -0.101801
-0.000368069    -0.102155 0.00540471    -0.1018
-0.000365906    -0.102154 0.0054044 -0.101799
-0.000363736    -0.102154 0.00540409  -0.101798
-0.000361631    -0.102153 0.00540378  -0.101797
-0.000359529    -0.102153 0.00540347  -0.101795
-0.000357438    -0.102152 0.00540316  -0.101794
-0.000355349    -0.102152 0.00540286  -0.101793
-0.000353276    -0.102151 0.00540255  -0.101792
-0.00035122   -0.102151 0.00540225   -0.10179
-0.000349164     -0.10215 0.00540195  -0.101789
-0.000347127     -0.10215 0.00540165  -0.101788
-0.000345075    -0.102149 0.00540135  -0.101787
-0.000343066    -0.102149 0.00540106  -0.101785
-0.000341074    -0.102148 0.00540076  -0.101784
-0.000339104    -0.102148 0.00540047  -0.101783
-0.000337133    -0.102147 0.00540018  -0.101782
-0.000335183    -0.102147 0.00539989   -0.10178
-0.000333244    -0.102146 0.0053996 -0.101779
-0.000331324    -0.102146 0.00539931  -0.101778
-0.000329419    -0.102145 0.00539903  -0.101777
-0.000327542    -0.102145 0.00539874  -0.101775
-0.00032566   -0.102144 0.00539846  -0.101774
-0.000323786    -0.102144 0.00539818  -0.101773
-0.000321922    -0.102143 0.0053979 -0.101772
-0.000320076    -0.102143 0.00539762   -0.10177
-0.000318254    -0.102142 0.00539734  -0.101769
-0.000316416    -0.102142 0.00539707  -0.101768
-0.000314593    -0.102141 0.00539679  -0.101766
-0.000312749     -0.10214 0.00539652  -0.101765
-0.00031093    -0.10214 0.00539625  -0.101764
-0.000309117    -0.102139 0.00539598  -0.101762
-0.000307251    -0.102139 0.00539571  -0.101761
-0.000305411    -0.102138 0.00539544   -0.10176
-0.000303561    -0.102138 0.00539518  -0.101759
-0.000301719    -0.102137 0.00539491  -0.101757
-0.000299852    -0.102137 0.00539465  -0.101756
-0.000298011    -0.102136 0.00539439  -0.101755
-0.00029618   -0.102135 0.00539413  -0.101753
-0.0002943  -0.102135 0.00539387  -0.101752
-0.000292466    -0.102134 0.00539361  -0.101751
-0.000290624    -0.102134 0.00539335  -0.101749
-0.000288768    -0.102133 0.0053931 -0.101748
-0.000286921    -0.102133 0.00539285  -0.101747
-0.000285077    -0.102132 0.00539259  -0.101745
-0.00028322   -0.102132 0.00539234  -0.101744
-0.000281351    -0.102131 0.00539209  -0.101743
-0.000279502     -0.10213 0.00539184  -0.101741
-0.000277637     -0.10213 0.00539159   -0.10174
-0.000275777    -0.102129 0.00539135  -0.101739
-0.000273918    -0.102129 0.0053911 -0.101737
-0.00027206   -0.102128 0.00539086  -0.101736
-0.000270183    -0.102128 0.00539062  -0.101735
-0.000268302    -0.102127 0.00539038  -0.101733
-0.000266403    -0.102126 0.00539014  -0.101732
-0.000264543    -0.102126 0.0053899  -0.10173
-0.000262644    -0.102125 0.00538966  -0.101729
-0.000260761    -0.102125 0.00538942  -0.101728
-0.000258839    -0.102124 0.00538919  -0.101726
-0.00025693   -0.102124 0.00538896  -0.101725
-0.00025502   -0.102123 0.00538872  -0.101724
-0.000253083    -0.102123 0.00538849  -0.101722
-0.000251163    -0.102122 0.00538826  -0.101721
-0.000249211    -0.102121 0.00538804  -0.101719
-0.000247269    -0.102121 0.00538781  -0.101718
-0.000245308     -0.10212 0.00538758  -0.101717
-0.000243341     -0.10212 0.00538736  -0.101715
-0.000241365    -0.102119 0.00538714  -0.101714
-0.000239383    -0.102119 0.00538691  -0.101712
-0.000237396    -0.102118 0.00538669  -0.101711
-0.000235377    -0.102117 0.00538647   -0.10171
-0.000233374    -0.102117 0.00538626  -0.101708
-0.000231358    -0.102116 0.00538604  -0.101707
-0.00022933   -0.102116 0.00538582  -0.101705
-0.000227292    -0.102115 0.00538561  -0.101704
-0.000225225    -0.102115 0.0053854 -0.101703
-0.000223147    -0.102114 0.00538519  -0.101701
-0.00022107   -0.102113 0.00538498    -0.1017
-0.000218962    -0.102113 0.00538477  -0.101698
-0.000216861    -0.102112 0.00538456  -0.101697
-0.000214729    -0.102112 0.00538435  -0.101695
-0.000212606    -0.102111 0.00538415  -0.101694
-0.000210457    -0.102111 0.00538394  -0.101693
-0.00020831    -0.10211 0.00538374  -0.101691
-0.000206137    -0.102109 0.00538354   -0.10169
-0.000203966    -0.102109 0.00538334  -0.101688
-0.000201781    -0.102108 0.00538314  -0.101687
-0.00019956   -0.102108 0.00538294  -0.101685
-0.000197348    -0.102107 0.00538275  -0.101684
-0.0001951  -0.102106 0.00538255  -0.101682
-0.000192859    -0.102106 0.00538236  -0.101681
-0.000190587    -0.102105 0.00538217  -0.101679
-0.000188317    -0.102105 0.00538197  -0.101678
-0.000186032    -0.102104 0.00538178  -0.101677
-0.000183733    -0.102104 0.0053816 -0.101675
-0.000181418    -0.102103 0.00538141  -0.101674
-0.000179071    -0.102102 0.00538122  -0.101672
-0.000176725    -0.102102 0.00538104  -0.101671
-0.000174365    -0.102101 0.00538085  -0.101669
-0.000171972    -0.102101 0.00538067  -0.101668
-0.000169598      -0.1021 0.00538049  -0.101666
-0.000167172    -0.102099 0.00538031  -0.101665
-0.000164753    -0.102099 0.00538013  -0.101663
-0.000162314    -0.102098 0.00537995  -0.101662
-0.00015986   -0.102098 0.00537978   -0.10166
-0.00015739   -0.102097 0.0053796 -0.101659
-0.000154905    -0.102097 0.00537943  -0.101657
-0.000152406    -0.102096 0.00537926  -0.101656
-0.000149907    -0.102095 0.00537909  -0.101654
-0.000147356    -0.102095 0.00537892  -0.101653
-0.000144825    -0.102094 0.00537875  -0.101651
-0.000142261    -0.102094 0.00537858   -0.10165
-0.000139696    -0.102093 0.00537841  -0.101648
-0.000137098    -0.102092 0.00537825  -0.101647
-0.000134487    -0.102092 0.00537809  -0.101645
-0.000131875    -0.102091 0.00537792  -0.101643
-0.000129232    -0.102091 0.00537776  -0.101642
-0.000126588     -0.10209 0.0053776  -0.10164
-0.000123909    -0.102089 0.00537744  -0.101639
-0.00012122   -0.102089 0.00537729  -0.101637
-0.000118534    -0.102088 0.00537713  -0.101636
-0.000115834    -0.102087 0.00537698  -0.101634
-0.000113107    -0.102087 0.00537682  -0.101633
-0.000110365    -0.102086 0.00537667  -0.101631
-0.000107627    -0.102086 0.00537652   -0.10163
-0.000104875    -0.102085 0.00537637  -0.101628
-0.00010211   -0.102084 0.00537622  -0.101626
-9.9336e-05   -0.102084 0.00537607  -0.101625
-9.65466e-05    -0.102083 0.00537593  -0.101623
-9.37279e-05    -0.102082 0.00537578  -0.101622
-9.09176e-05    -0.102082 0.00537564   -0.10162
-8.80919e-05    -0.102081 0.0053755 -0.101618
-8.52573e-05    -0.102081 0.00537536  -0.101617
-8.23897e-05     -0.10208 0.00537522  -0.101615
-7.95216e-05    -0.102079 0.00537508  -0.101614
-7.66728e-05    -0.102079 0.00537494  -0.101612
-7.37992e-05    -0.102078 0.0053748 -0.101611
-6.80287e-05    -0.102077 0.00537467  -0.101609
-6.51655e-05    -0.102076 0.00537453  -0.101607
-6.22838e-05    -0.102075 0.0053744 -0.101606
-5.9416e-05   -0.102075 0.00537427  -0.101604
-5.65236e-05    -0.102074 0.00537414  -0.101603
-5.36157e-05    -0.102074 0.00537401  -0.101601
-5.07374e-05    -0.102073 0.00537388  -0.101599
-4.78423e-05    -0.102072 0.00537376  -0.101598
-4.49628e-05    -0.102072 0.00537363  -0.101596
-4.20625e-05    -0.102071 0.00537351  -0.101594
-3.91749e-05     -0.10207 0.00537339  -0.101593
-3.62528e-05     -0.10207 0.00537327  -0.101591
-3.33599e-05    -0.102069 0.00537315  -0.101589
-3.04432e-05    -0.102068 0.00537303  -0.101588
-2.75401e-05    -0.102068 0.00537291  -0.101586
-2.46344e-05    -0.102067 0.00537279  -0.101585
-2.17027e-05    -0.102067 0.00537268  -0.101583
-1.87676e-05    -0.102066 0.00537256  -0.101581
-1.5824e-05   -0.102065 0.00537245   -0.10158
-1.28937e-05    -0.102065 0.00537234  -0.101578
-9.95513e-06    -0.102064 0.00537223  -0.101576
-6.99605e-06    -0.102063 0.00537212  -0.101575
-4.07071e-06    -0.102063 0.00537201  -0.101573
-1.12222e-06    -0.102062 0.00537191  -0.101571
1.84772e-06   -0.102061 0.0053718  -0.10157
4.80934e-06   -0.102061 0.0053717 -0.101568
7.77619e-06    -0.10206 0.00537159  -0.101566
1.07495e-05   -0.102059 0.00537149  -0.101565
1.373e-05 -0.102059 0.00537139  -0.101563
1.67138e-05   -0.102058 0.00537129  -0.101561
1.96919e-05   -0.102057 0.00537119  -0.101559
2.27107e-05   -0.102057 0.0053711 -0.101558
2.56976e-05   -0.102056  0.005371 -0.101556
2.86926e-05   -0.102055 0.00537091  -0.101554
3.1728e-05  -0.102055 0.00537081  -0.101553
3.4735e-05  -0.102054 0.00537072  -0.101551
3.77453e-05   -0.102053 0.00537063  -0.101549
4.07617e-05   -0.102053 0.00537054  -0.101548
4.38028e-05   -0.102052 0.00537045  -0.101546
4.68118e-05   -0.102051 0.00537037  -0.101544
4.98423e-05    -0.10205 0.00537028  -0.101542
5.28631e-05    -0.10205 0.0053702 -0.101541
5.59044e-05   -0.102049 0.00537011  -0.101539
5.89519e-05   -0.102048 0.00537003  -0.101537
6.1988e-05  -0.102048 0.00536995  -0.101535
6.50126e-05   -0.102047 0.00536987  -0.101534
6.80617e-05   -0.102046 0.00536979  -0.101532
 7.11e-05 -0.102046 0.00536972   -0.10153
7.41617e-05   -0.102045 0.00536964  -0.101528
7.72161e-05   -0.102044 0.00536956  -0.101527
8.02772e-05   -0.102043 0.00536949  -0.101525
8.33449e-05   -0.102043 0.00536942  -0.101523
8.64026e-05   -0.102042 0.00536935  -0.101521
8.94883e-05   -0.102041 0.00536928   -0.10152
9.25607e-05   -0.102041 0.00536921  -0.101518
9.56261e-05    -0.10204 0.00536914  -0.101516
9.87147e-05   -0.102039 0.00536908  -0.101514
0.000101796   -0.102038 0.00536901  -0.101512
0.000104904   -0.102038 0.00536895  -0.101511
 0.000108 -0.102037 0.00536888  -0.101509
0.000111088   -0.102036 0.00536882  -0.101507
0.000114183   -0.102036 0.00536876  -0.101505
0.000117303   -0.102035 0.0053687 -0.101503
0.000120397   -0.102034 0.00536865  -0.101502
0.000123517   -0.102033 0.00536859    -0.1015
0.000126644   -0.102033 0.00536853  -0.101498
0.000129779   -0.102032 0.00536848  -0.101496
0.000132904   -0.102031 0.00536843  -0.101494
0.000139162    -0.10203 0.00536838  -0.101493
0.00014229  -0.102029 0.00536833  -0.101491
0.000145445   -0.102028 0.00536828  -0.101489
0.000148592   -0.102027 0.00536823  -0.101487
0.000151744   -0.102027 0.00536818  -0.101485
0.000154903   -0.102026 0.00536814  -0.101483
0.000158055   -0.102025 0.00536809  -0.101482
0.00016121  -0.102024 0.00536805   -0.10148
0.000164374   -0.102024 0.00536801  -0.101478
0.000167561   -0.102023 0.00536797  -0.101476
0.000170722   -0.102022 0.00536793  -0.101474
0.000173887   -0.102021 0.00536789  -0.101472
0.000177077   -0.102021 0.00536785   -0.10147
0.000180257    -0.10202 0.00536782  -0.101469
0.000183423   -0.102019 0.00536778  -0.101467
0.000186612   -0.102018 0.00536775  -0.101465
0.000189808   -0.102018 0.00536771  -0.101463
0.00019301  -0.102017 0.00536768  -0.101461
0.000196199   -0.102016 0.00536765  -0.101459
0.000199394   -0.102015 0.00536763  -0.101457
0.000202594   -0.102015 0.0053676 -0.101455
0.000205786   -0.102014 0.00536757  -0.101453
0.000208994   -0.102013 0.00536755  -0.101452
0.00021221  -0.102012 0.00536752   -0.10145
0.000215412   -0.102012 0.0053675 -0.101448
0.000218619   -0.102011 0.00536748  -0.101446
0.000221829    -0.10201 0.00536746  -0.101444
0.000225031   -0.102009 0.00536744  -0.101442
0.000228251   -0.102009 0.00536742   -0.10144
0.000231456   -0.102008 0.00536741  -0.101438
0.000234671   -0.102007 0.00536739  -0.101436
0.000237905   -0.102006 0.00536738  -0.101434
0.000241124   -0.102006 0.00536736  -0.101432
0.000244349   -0.102005 0.00536735   -0.10143
0.000247576   -0.102004 0.00536734  -0.101428
0.000250791   -0.102003 0.00536733  -0.101427
0.000254024   -0.102003 0.00536732  -0.101425
0.000257245   -0.102002 0.00536732  -0.101423
0.000260468   -0.102001 0.00536731  -0.101421
0.000263712      -0.102 0.00536731  -0.101419
0.000266941   -0.101999 0.0053673 -0.101417
0.000270174   -0.101999 0.0053673 -0.101415
0.000273411   -0.101998 0.0053673 -0.101413
0.000276631   -0.101997 0.0053673 -0.101411
0.00027987  -0.101996 0.0053673 -0.101409
0.000283095   -0.101996 0.00536731  -0.101407
0.000286323   -0.101995 0.00536731  -0.101405
0.000289569   -0.101994 0.00536732  -0.101403
0.000292801   -0.101993 0.00536732  -0.101401
0.000296035   -0.101992 0.00536733  -0.101399
0.00029927  -0.101992 0.00536734  -0.101397
0.000302507   -0.101991 0.00536735  -0.101395
0.000305748    -0.10199 0.00536736  -0.101393
0.00030897  -0.101989 0.00536737  -0.101391
0.000312212   -0.101988 0.00536739  -0.101389
0.000315456   -0.101988 0.0053674 -0.101387
0.000318683   -0.101987 0.00536742  -0.101385
0.000321928   -0.101986 0.00536744  -0.101383
0.000325156   -0.101985 0.00536745  -0.101381
0.000328387   -0.101984 0.00536747  -0.101379
0.000331618   -0.101983 0.0053675 -0.101377
0.000334849   -0.101983 0.00536752  -0.101375
0.000338082   -0.101982 0.00536754  -0.101372
0.000341331   -0.101981 0.00536757   -0.10137
0.000344563    -0.10198 0.00536759  -0.101368
0.000347779   -0.101979 0.00536762  -0.101366
0.000351011   -0.101979 0.00536765  -0.101364
0.000354242   -0.101978 0.00536768  -0.101362
0.000360691   -0.101976 0.00536771   -0.10136
0.00036391  -0.101975 0.00536774  -0.101358
0.000367142   -0.101974 0.00536777  -0.101356
0.000370376   -0.101974 0.00536781  -0.101354
0.000373591   -0.101973 0.00536784  -0.101352
0.000376823   -0.101972 0.00536788   -0.10135
0.000380035   -0.101971 0.00536792  -0.101348
0.00038325   -0.10197 0.00536796  -0.101345
0.000386462   -0.101969  0.005368 -0.101343
0.00038969  -0.101969 0.00536804  -0.101341
0.000392899   -0.101968 0.00536808  -0.101339
0.000396108   -0.101967 0.00536812  -0.101337
0.000399334   -0.101966 0.00536817  -0.101335
0.000402539   -0.101965 0.00536822  -0.101333
0.000405744   -0.101964 0.00536826  -0.101331
0.000408949   -0.101964 0.00536831  -0.101328
0.00041215  -0.101963 0.00536836  -0.101326
0.000415349   -0.101962 0.00536841  -0.101324
0.000418548   -0.101961 0.00536847  -0.101322
0.000421742    -0.10196 0.00536852   -0.10132
0.000424937   -0.101959 0.00536858  -0.101318
0.000428146   -0.101959 0.00536863  -0.101316
0.000431334   -0.101958 0.00536869  -0.101313
0.000434521   -0.101957 0.00536875  -0.101311
0.000437705   -0.101956 0.00536881  -0.101309
0.000440885   -0.101955 0.00536887  -0.101307
0.000444064   -0.101954 0.00536893  -0.101305
0.000447238   -0.101953 0.00536899  -0.101303
0.000450408   -0.101952 0.00536906    -0.1013
0.000453579   -0.101952 0.00536912  -0.101298
0.000456763   -0.101951 0.00536919  -0.101296
0.000459928    -0.10195 0.00536926  -0.101294
0.000463087   -0.101949 0.00536933  -0.101292
0.000466242   -0.101948 0.0053694 -0.101289
0.000469396   -0.101947 0.00536947  -0.101287
0.000472546   -0.101946 0.00536955  -0.101285
0.000475692   -0.101945 0.00536962  -0.101283
0.000478836   -0.101944 0.0053697  -0.10128
0.000481975   -0.101944 0.00536977  -0.101278
0.000485129   -0.101943 0.00536985  -0.101276
0.000488258   -0.101942 0.00536993  -0.101274
0.000491401   -0.101941 0.00537001  -0.101272
0.000494524    -0.10194 0.00537009  -0.101269
0.000497642   -0.101939 0.00537017  -0.101267
0.000500752   -0.101938 0.00537026  -0.101265
0.000503863   -0.101937 0.00537034  -0.101263
0.000506986   -0.101936 0.00537043   -0.10126
0.000510087   -0.101935 0.00537052  -0.101258
0.000513202   -0.101934 0.00537061  -0.101256
0.000516314   -0.101933 0.0053707 -0.101253
0.000519402   -0.101932 0.00537079  -0.101251
0.000522504   -0.101932 0.00537088  -0.101249
0.000525582   -0.101931 0.00537098  -0.101247
0.000528676    -0.10193 0.00537107  -0.101244
0.000531744   -0.101929 0.00537117  -0.101242
0.000534828   -0.101928 0.00537126   -0.10124
0.000537888   -0.101927 0.00537136  -0.101237
0.00054096  -0.101926 0.00537146  -0.101235
0.000544047   -0.101925 0.00537156  -0.101233
0.000547093   -0.101924 0.00537167   -0.10123
0.000550151   -0.101923 0.00537177  -0.101228
0.000553203   -0.101922 0.00537188  -0.101226
0.00055625  -0.101921 0.00537198  -0.101223
0.000559274    -0.10192 0.00537209  -0.101221
0.000562312   -0.101919 0.0053722 -0.101219
0.000565342   -0.101918 0.00537231  -0.101216
0.000568368   -0.101917 0.00537242  -0.101214
0.000571408   -0.101916 0.00537253  -0.101212
0.000574423   -0.101915 0.00537264  -0.101209
0.000577432   -0.101914 0.00537276  -0.101207
0.000580441   -0.101913 0.00537287  -0.101205
0.000583457   -0.101912 0.00537299  -0.101202
0.000586454   -0.101911 0.00537311    -0.1012
0.000589441    -0.10191 0.00537323  -0.101197
0.000592424   -0.101909 0.00537335  -0.101195
0.00059542  -0.101908 0.00537347  -0.101193
0.000598389   -0.101907 0.0053736  -0.10119
0.000601372   -0.101906 0.00537372  -0.101188
0.000604349   -0.101905 0.00537385  -0.101186
0.000607303   -0.101904 0.00537397  -0.101183
0.000610268   -0.101903 0.0053741 -0.101181
0.000613212   -0.101902 0.00537423  -0.101178
0.000616166   -0.101901 0.00537436  -0.101176
0.000619115     -0.1019 0.00537449  -0.101173
0.000622041   -0.101899 0.00537463  -0.101171
0.000624977   -0.101898 0.00537476  -0.101169
0.000627909   -0.101897 0.0053749 -0.101166
0.000630833   -0.101896 0.00537503  -0.101164
0.000633752   -0.101895 0.00537517  -0.101161
0.000636668   -0.101894 0.00537531  -0.101159
0.000639574   -0.101893 0.00537545  -0.101156
0.000642475   -0.101892 0.00537559  -0.101154
0.000645368   -0.101891 0.00537574  -0.101151
0.000648257    -0.10189 0.00537588  -0.101149
0.000651142   -0.101889 0.00537603  -0.101146
0.000654035   -0.101888 0.00537617  -0.101144
0.000656905   -0.101887 0.00537632  -0.101141
0.000659786   -0.101886 0.00537647  -0.101139
0.000662643   -0.101885 0.00537662  -0.101136
0.000665512   -0.101884 0.00537677  -0.101134
0.000668356   -0.101883 0.00537692  -0.101131
0.000671211   -0.101882 0.00537708  -0.101129
0.000674041   -0.101881 0.00537723  -0.101126
0.000676883    -0.10188 0.00537739  -0.101124
0.000679703   -0.101878 0.00537755  -0.101121
0.000682533   -0.101877 0.00537771  -0.101119
0.000685355   -0.101876 0.00537787  -0.101116
0.000688191   -0.101875 0.00537803  -0.101114
0.000691002   -0.101874 0.00537819  -0.101111
0.000693786   -0.101873 0.00537836  -0.101109
0.000696582   -0.101872 0.00537852  -0.101106
0.000699373   -0.101871 0.00537869  -0.101104
0.000702156    -0.10187 0.00537886  -0.101101
0.000704933   -0.101869 0.00537903  -0.101098
0.00070772  -0.101868 0.0053792 -0.101096
0.000710482   -0.101867 0.00537937  -0.101093
0.000713241   -0.101865 0.00537954  -0.101091
0.000715991   -0.101864 0.00537971  -0.101088
0.000718767   -0.101863 0.00537989  -0.101085
0.000721506   -0.101862 0.00538007  -0.101083
0.000724233   -0.101861 0.00538024   -0.10108
0.000726974    -0.10186 0.00538042  -0.101078
0.000729691   -0.101859 0.0053806 -0.101075
0.000732418   -0.101858 0.00538078  -0.101072
0.000735138   -0.101856 0.00538097   -0.10107
0.000737834   -0.101855 0.00538115  -0.101067
0.000740541   -0.101854 0.00538134  -0.101065
0.000743239   -0.101853 0.00538152  -0.101062
0.000745951   -0.101852 0.00538171  -0.101059
0.000748637   -0.101851 0.0053819 -0.101057
0.000751317    -0.10185 0.00538209  -0.101054
0.000753989   -0.101849 0.00538228  -0.101051
0.000756654   -0.101847 0.00538248  -0.101049
0.000759314   -0.101846 0.00538267  -0.101046
0.000761967   -0.101845 0.00538286  -0.101043
0.000764609   -0.101844 0.00538306  -0.101041
0.00076725  -0.101843 0.00538326  -0.101038
0.00076988  -0.101842 0.00538346  -0.101035
0.000772523    -0.10184 0.00538366  -0.101033
0.000775159   -0.101839 0.00538386   -0.10103
0.000777786   -0.101838 0.00538406  -0.101027
0.000780389   -0.101837 0.00538427  -0.101024
0.000783006   -0.101836 0.00538447  -0.101022
0.000785595   -0.101835 0.00538468  -0.101019
0.000788196   -0.101833 0.00538489  -0.101016
0.000790774   -0.101832 0.0053851 -0.101014
0.000793359   -0.101831 0.00538531  -0.101011
0.00079594   -0.10183 0.00538552  -0.101008
0.000798514   -0.101829 0.00538573  -0.101005
0.000801099   -0.101827 0.00538595  -0.101003
0.000803642   -0.101826 0.00538616     -0.101
0.000806194   -0.101825 0.00538638  -0.100997
0.000808739   -0.101824 0.0053866 -0.100994
0.00081128  -0.101823 0.00538682  -0.100992
0.000813829   -0.101821 0.00538704  -0.100989
0.000816353    -0.10182 0.00538726  -0.100986
0.000818872   -0.101819 0.00538748  -0.100983
0.000821383   -0.101818 0.00538771   -0.10098
0.00082389  -0.101817 0.00538793  -0.100978
0.000826404   -0.101815 0.00538816  -0.100975
0.000828912   -0.101814 0.00538839  -0.100972
0.000831397   -0.101813 0.00538862  -0.100969
0.000833889   -0.101812 0.00538885  -0.100966
0.00083636   -0.10181 0.00538908  -0.100964
0.000838841   -0.101809 0.00538932  -0.100961
0.000841313   -0.101808 0.00538955  -0.100958
0.000843763   -0.101807 0.00538979  -0.100955
0.000846224   -0.101805 0.00539002  -0.100952
0.000848677   -0.101804 0.00539026  -0.100949
0.000851106   -0.101803 0.0053905 -0.100947
0.000853547   -0.101802 0.00539074  -0.100944
0.000855994     -0.1018 0.00539099  -0.100941
0.000858419   -0.101799 0.00539123  -0.100938
0.000860836   -0.101798 0.00539148  -0.100935
0.000863247   -0.101796 0.00539172  -0.100932
0.000865654   -0.101795 0.00539197  -0.100929
0.000868054   -0.101794 0.00539222  -0.100926
0.000870447   -0.101793 0.00539247  -0.100924
0.000872853   -0.101791 0.00539272  -0.100921
0.000875236    -0.10179 0.00539297  -0.100918
0.000877613   -0.101789 0.00539323  -0.100915
0.000879983   -0.101787 0.00539348  -0.100912
0.000882366   -0.101786 0.00539374  -0.100909
0.000884728   -0.101785  0.005394 -0.100906
0.000887097   -0.101784 0.00539426  -0.100903
0.000889448   -0.101782 0.00539452    -0.1009
0.000891805   -0.101781 0.00539478  -0.100897
0.000894142    -0.10178 0.00539504  -0.100894
0.000896492   -0.101778 0.00539531  -0.100891
0.000898816   -0.101777 0.00539557  -0.100888
0.000901158   -0.101776 0.00539584  -0.100885
0.000903491   -0.101774 0.00539611  -0.100882
0.000905802   -0.101773 0.00539638  -0.100879
0.000908126   -0.101772 0.00539665  -0.100876
0.000910444    -0.10177 0.00539692  -0.100873
0.000912754   -0.101769 0.0053972  -0.10087
0.000915027   -0.101768 0.00539747  -0.100867
0.000917328   -0.101766 0.00539775  -0.100864
0.000919624   -0.101765 0.00539802  -0.100861
0.000921916   -0.101763 0.0053983 -0.100858
0.0009242 -0.101762 0.00539858  -0.100855
0.000926481   -0.101761 0.00539886  -0.100852
0.000928752   -0.101759 0.00539915  -0.100849
0.000931015   -0.101758 0.00539943  -0.100846
0.000933257   -0.101757 0.00539972  -0.100843
0.00093551  -0.101755   0.0054 -0.10084
0.000937758   -0.101754 0.00540029  -0.100837
0.000940003   -0.101752 0.00540058  -0.100834
0.00094224  -0.101751 0.00540087  -0.100831
0.000944473    -0.10175 0.00540116  -0.100828
0.000946681   -0.101748 0.00540146  -0.100825
0.000948902   -0.101747 0.00540175  -0.100822
0.000951132   -0.101745 0.00540205  -0.100819
0.000953338   -0.101744 0.00540235  -0.100816
0.00095554  -0.101743 0.00540264  -0.100812
0.000957716   -0.101741 0.00540294  -0.100809
0.00095992   -0.10174 0.00540325  -0.100806
0.0009621 -0.101738 0.00540355  -0.100803
0.000964274   -0.101737 0.00540385    -0.1008
0.000966455   -0.101736 0.00540416  -0.100797
0.000968593   -0.101734 0.00540446  -0.100794
0.000970761   -0.101733 0.00540477   -0.10079
0.000972907   -0.101731 0.00540508  -0.100787
0.000975062    -0.10173 0.00540539  -0.100784
0.000977176   -0.101728 0.0054057 -0.100781
0.000979316   -0.101727 0.00540602  -0.100778
0.000981435   -0.101725 0.00540633  -0.100775
0.000983562   -0.101724 0.00540665  -0.100771
0.000985662   -0.101723 0.00540697  -0.100768
0.000987758   -0.101721 0.00540728  -0.100765
0.000989861    -0.10172 0.0054076 -0.100762
0.000991958   -0.101718 0.00540793  -0.100759
0.000994011   -0.101717 0.00540825  -0.100755
0.000996093   -0.101715 0.00540857  -0.100752
0.000998167   -0.101714 0.0054089 -0.100749
0.00100023  -0.101712 0.00540923  -0.100746
0.00100227  -0.101711 0.00540955  -0.100743
0.0010043 -0.101709 0.00540988  -0.100739
0.00100634  -0.101708 0.00541021  -0.100736
0.00100837  -0.101706 0.00541055  -0.100733
0.00101038  -0.101705 0.00541088   -0.10073
0.00101239  -0.101703 0.00541121  -0.100726
0.0010144 -0.101702 0.00541155  -0.100723
0.0010164   -0.1017 0.00541189   -0.10072
0.00101838  -0.101699 0.00541223  -0.100716
0.00102036  -0.101697 0.00541257  -0.100713
0.00102234  -0.101696 0.00541291   -0.10071
0.0010243 -0.101694 0.00541325  -0.100707
0.00102626  -0.101693 0.0054136 -0.100703
0.00102821  -0.101691 0.00541394    -0.1007
0.00103015  -0.101689 0.00541429  -0.100697
0.00103207  -0.101688 0.00541464  -0.100693
 0.001034 -0.101686 0.00541499   -0.10069
0.00103593  -0.101685 0.00541534  -0.100687
0.00103783  -0.101683 0.00541569  -0.100683
0.00103972  -0.101682 0.00541605   -0.10068
0.00104161   -0.10168 0.0054164 -0.100677
0.0010435 -0.101679 0.00541676  -0.100673
0.00104536  -0.101677 0.00541712   -0.10067
0.00104722  -0.101675 0.00541748  -0.100666
0.00104909  -0.101674 0.00541784  -0.100663
0.00105094  -0.101672 0.0054182  -0.10066
0.00105278  -0.101671 0.00541856  -0.100656
0.00105461  -0.101669 0.00541893  -0.100653
0.00105643  -0.101668 0.00541929  -0.100649
0.00105823  -0.101666 0.00541966  -0.100646
0.00106004  -0.101664 0.00542003  -0.100643
0.00106185  -0.101663 0.0054204 -0.100639
0.00106363  -0.101661 0.00542077  -0.100636
0.00106541   -0.10166 0.00542115  -0.100632
0.00106719  -0.101658 0.00542152  -0.100629
0.00106895  -0.101656 0.0054219 -0.100625
0.0010707 -0.101655 0.00542228  -0.100622
0.00107244  -0.101653 0.00542265  -0.100618
0.00107419  -0.101651 0.00542303  -0.100615
0.00107589   -0.10165 0.00542342  -0.100611
0.00107763  -0.101648 0.0054238 -0.100608
0.00107935  -0.101646 0.00542418  -0.100605
0.00108103  -0.101645 0.00542457  -0.100601
0.00108273  -0.101643 0.00542496  -0.100597
0.00108443  -0.101642 0.00542535  -0.100594
0.0010861  -0.10164 0.00542574   -0.10059
0.00108775  -0.101638 0.00542613  -0.100587
0.00108943  -0.101637 0.00542652  -0.100583
0.00109107  -0.101635 0.00542691   -0.10058
0.0010927 -0.101633 0.00542731  -0.100576
0.00109434  -0.101632 0.00542771  -0.100573
0.00109598   -0.10163 0.00542811  -0.100569
0.00109756  -0.101628 0.00542851  -0.100566
0.00109918  -0.101626 0.00542891  -0.100562
0.00110079  -0.101625 0.00542931  -0.100558
0.00110237  -0.101623 0.00542971  -0.100555
0.00110394  -0.101621 0.00543012  -0.100551
0.00110552   -0.10162 0.00543053  -0.100548
0.00110708  -0.101618 0.00543094  -0.100544
0.00110864  -0.101616 0.00543135   -0.10054
0.00111019  -0.101615 0.00543176  -0.100537
0.0011117 -0.101613 0.00543217  -0.100533
0.00111324  -0.101611 0.00543258   -0.10053
0.00111475  -0.101609  0.005433 -0.100526
0.00111627  -0.101608 0.00543342  -0.100522
0.00111778  -0.101606 0.00543384  -0.100519
0.00111926  -0.101604 0.00543426  -0.100515
0.00112073  -0.101602 0.00543468  -0.100511
0.00112222  -0.101601 0.0054351 -0.100508
0.00112368  -0.101599 0.00543552  -0.100504
0.00112514  -0.101597 0.00543595    -0.1005
0.0011266 -0.101595 0.00543638  -0.100497
0.00112803  -0.101594 0.00543681  -0.100493
0.00112947  -0.101592 0.00543724  -0.100489
0.00113087   -0.10159 0.00543767  -0.100485
0.00113229  -0.101588 0.0054381 -0.100482
0.0011337 -0.101587 0.00543853  -0.100478
0.00113509  -0.101585 0.00543897  -0.100474
0.00113649  -0.101583 0.00543941   -0.10047
0.00113786  -0.101581 0.00543985  -0.100467
0.00113924  -0.101579 0.00544029  -0.100463
0.00114061  -0.101578 0.00544073  -0.100459
0.00114195  -0.101576 0.00544117  -0.100455
0.00114331  -0.101574 0.00544162  -0.100452
0.00114464  -0.101572 0.00544206  -0.100448
0.00114596   -0.10157 0.00544251  -0.100444
0.00114727  -0.101569 0.00544296   -0.10044
0.00114859  -0.101567 0.00544341  -0.100436
0.0011499 -0.101565 0.00544386  -0.100433
0.00115118  -0.101563 0.00544431  -0.100429
0.00115247  -0.101561 0.00544477  -0.100425
0.00115374  -0.101559 0.00544522  -0.100421
0.00115502  -0.101558 0.00544568  -0.100417
0.00115627  -0.101556 0.00544614  -0.100413
0.00115753  -0.101554 0.0054466  -0.10041
0.00115876  -0.101552 0.00544706  -0.100406
 0.00116 -0.10155 0.00544753  -0.100402
0.00116122  -0.101548 0.00544799  -0.100398
0.00117295  -0.101531 0.00544846  -0.100394
0.00117406  -0.101529 0.00544893   -0.10039
0.00117853  -0.101522 0.0054494 -0.100386
0.00118147  -0.101517 0.00544987  -0.100382
0.0011825 -0.101516 0.00545034  -0.100378
0.0011835 -0.101515 0.00545082  -0.100375
0.0011845 -0.101513 0.00545129  -0.100371
0.0011855 -0.101512 0.00545177  -0.100367
0.00118648  -0.101511 0.00545225  -0.100363
0.00118747   -0.10151 0.00545273  -0.100359
0.00118841  -0.101509 0.00545321  -0.100355
0.00118938  -0.101508 0.00545369  -0.100351
0.00119034  -0.101506 0.00545418  -0.100347
0.00119126  -0.101505 0.00545466  -0.100343
0.00119222  -0.101504 0.00545515  -0.100339
0.00119316  -0.101503 0.00545564  -0.100335
0.00119409  -0.101502 0.00545613  -0.100331
0.00119502  -0.101501 0.00545662  -0.100327
0.00119594    -0.1015 0.00545711  -0.100323
0.00119685  -0.101498 0.00545761  -0.100319
0.00119776  -0.101497 0.00545811  -0.100315
0.00119868  -0.101496 0.0054586 -0.100311
0.00119956  -0.101495 0.0054591 -0.100307
0.00120045  -0.101494 0.00545961  -0.100303
0.00120135  -0.101493 0.00546011  -0.100299
0.00120221  -0.101491 0.00546061  -0.100294
0.0012031  -0.10149 0.00546112   -0.10029
0.00120396  -0.101489 0.00546163  -0.100286
0.00120482  -0.101488 0.00546213  -0.100282
0.00120568  -0.101486 0.00546264  -0.100278
0.00120652  -0.101485 0.00546316  -0.100274
0.00120734  -0.101484 0.00546367   -0.10027
0.00120818  -0.101482 0.00546418  -0.100266
0.00120902  -0.101481 0.0054647 -0.100262
0.00120982   -0.10148 0.00546522  -0.100257
0.00121062  -0.101478 0.00546574  -0.100253
0.00121143  -0.101477 0.00546626  -0.100249
0.00121222  -0.101475 0.00546678  -0.100245
 0.001213 -0.101474 0.00546731  -0.100241
0.0012138 -0.101473 0.00546783  -0.100237
0.00121456  -0.101471 0.00546836  -0.100232
0.00121531   -0.10147 0.00546889  -0.100228
0.00121607  -0.101468 0.00546942  -0.100224
0.00121681  -0.101467 0.00546995   -0.10022
0.00121757  -0.101465 0.00547048  -0.100216
0.0012183 -0.101464 0.00547102  -0.100211
0.00121901  -0.101462 0.00547156  -0.100207
0.00121973   -0.10146 0.00547209  -0.100203
0.00122182  -0.101456 0.00547263  -0.100199
0.00122251  -0.101454 0.00547318  -0.100194
0.00122318  -0.101452 0.00547372   -0.10019
0.00122382  -0.101451 0.00547426  -0.100186
0.00122449  -0.101449 0.00547481  -0.100182
0.00122513  -0.101448 0.00547536  -0.100177
0.00122576  -0.101446 0.00547591  -0.100173
0.00122638  -0.101445 0.00547646  -0.100169
0.00122699  -0.101443 0.00547701  -0.100164
0.0012276 -0.101441 0.00547756   -0.10016
0.0012282  -0.10144 0.00547812  -0.100156
0.00122879  -0.101438 0.00547868  -0.100151
0.00122937  -0.101436 0.00547923  -0.100147
0.00122997  -0.101435 0.00547979  -0.100143
0.00123053  -0.101433 0.00548036  -0.100138
0.00123109  -0.101431 0.00548092  -0.100134
0.00123164  -0.101429 0.00548148  -0.100129
0.0012322 -0.101428 0.00548205  -0.100125
0.00123274  -0.101426 0.00548262  -0.100121
0.00123327  -0.101424 0.00548319  -0.100116
0.00123379  -0.101422 0.00548376  -0.100112
0.00123432  -0.101421 0.00548433  -0.100107
0.00123483  -0.101419 0.00548491  -0.100103
0.00123533  -0.101417 0.00548548  -0.100099
0.00123584  -0.101415 0.00548606  -0.100094
0.00123633  -0.101413 0.00548664   -0.10009
0.00123681  -0.101411 0.00548722  -0.100085
0.0012373 -0.101409 0.00548781  -0.100081
0.00123776  -0.101408 0.00548839  -0.100076
0.00123822  -0.101406 0.00548898  -0.100072
0.00123869  -0.101404 0.00548956  -0.100067
0.00123913  -0.101402 0.00549015  -0.100063
0.00123957    -0.1014 0.00549074  -0.100058
  0.00124 -0.101398 0.00549134  -0.100054
0.00124043  -0.101396 0.00549193  -0.100049
0.00124085  -0.101394 0.00549253  -0.100045
0.00124128  -0.101392 0.00549312   -0.10004
0.00124168   -0.10139 0.00549372  -0.100036
0.00124208  -0.101388 0.00549432  -0.100031
0.00124248  -0.101386 0.00549493  -0.100026
0.00124288  -0.101384 0.00549553  -0.100022
0.00124326  -0.101382 0.00549614  -0.100017
0.00124364   -0.10138 0.00549674  -0.100013
0.00124402  -0.101378 0.00549735  -0.100008
0.00124438  -0.101376 0.00549796  -0.100003
0.00124472  -0.101374 0.00549857 -0.0999987
0.00124507  -0.101372 0.00549919 -0.0999941
0.00124544   -0.10137  0.0054998 -0.0999895
0.00124578  -0.101368 0.00550042 -0.0999848
0.00124611  -0.101366 0.00550104 -0.0999802
0.00124644  -0.101364 0.00550166 -0.0999755
0.00124676  -0.101361 0.00550228 -0.0999708
0.0012471 -0.101359 0.00550291 -0.0999661
0.00124741  -0.101357 0.00550353 -0.0999614
0.0012477 -0.101355 0.00550416 -0.0999567
 0.001248 -0.101353 0.00550479  -0.099952
0.00124829  -0.101351 0.00550542 -0.0999473
0.00124858  -0.101349 0.00550605 -0.0999426
0.00124889  -0.101347 0.00550668 -0.0999378
0.00124916  -0.101344 0.00550732 -0.0999331
0.00124944  -0.101342 0.00550796 -0.0999283
0.00124969   -0.10134  0.0055086 -0.0999235
0.00124996  -0.101338 0.00550924 -0.0999188
0.00125022  -0.101336 0.00550988  -0.099914
0.00125047  -0.101334 0.00551052 -0.0999092
0.00125072  -0.101331 0.00551117 -0.0999044
0.00125097  -0.101329 0.00551182 -0.0998996
0.00125119  -0.101327 0.00551247 -0.0998948
0.00125142  -0.101325 0.00551312 -0.0998899
0.00125165  -0.101323 0.00551377 -0.0998851
0.00125188   -0.10132 0.00551442 -0.0998802
0.0012521 -0.101318 0.00551508 -0.0998754
0.00125232  -0.101316 0.00551574 -0.0998705
0.00125252  -0.101314  0.0055164 -0.0998656
0.00125271  -0.101312 0.00551706 -0.0998608
0.00125291  -0.101309 0.00551772 -0.0998559
0.00125311  -0.101307 0.00551839  -0.099851
0.00125331  -0.101305 0.00551905 -0.0998461
0.00125348  -0.101303 0.00551972 -0.0998411
0.00125367    -0.1013 0.00552039 -0.0998362
0.00125384  -0.101298 0.00552106 -0.0998313
0.00125402  -0.101296 0.00552173 -0.0998263
0.00125419  -0.101293 0.00552241 -0.0998214
0.00125435  -0.101291 0.00552309 -0.0998164
0.00125451  -0.101289 0.00552376 -0.0998114
0.00125466  -0.101287 0.00552444 -0.0998064
0.00125482  -0.101284 0.00552513 -0.0998014
0.00125496  -0.101282 0.00552581 -0.0997964
0.00125509   -0.10128  0.0055265 -0.0997914
0.00125524  -0.101277 0.00552718 -0.0997864
0.00125538  -0.101275 0.00552787 -0.0997814
0.00125551  -0.101273 0.00552856 -0.0997763
0.00125562   -0.10127 0.00552925 -0.0997713
0.00125574  -0.101268 0.00552995 -0.0997662
0.00125587  -0.101266 0.00553064 -0.0997612
 0.001256 -0.101264 0.00553134 -0.0997561
0.00125608  -0.101261 0.00553204  -0.099751
0.0012562 -0.101259 0.00553274 -0.0997459
0.0012563 -0.101257 0.00553345 -0.0997408
0.00125639  -0.101254 0.00553415 -0.0997357
0.00125648  -0.101252 0.00553486 -0.0997305
0.00125659  -0.101249 0.00553557 -0.0997254
0.00125668  -0.101247 0.00553628 -0.0997203
0.00125676  -0.101245 0.00553699 -0.0997151
0.00125683  -0.101242  0.0055377 -0.0997099
0.00125693   -0.10124 0.00553842 -0.0997048
 0.001257 -0.101238 0.00553913 -0.0996996
0.00125707  -0.101235 0.00553985 -0.0996944
0.00125714  -0.101233 0.00554057 -0.0996892
0.0012572  -0.10123 0.0055413 -0.099684
0.00125726  -0.101228 0.00554202 -0.0996788
0.00125732  -0.101226 0.00554275 -0.0996735
0.00125737  -0.101223 0.00554348 -0.0996683
0.00125744  -0.101221 0.00554421  -0.099663
0.00125747  -0.101218 0.00554494 -0.0996578
0.00125754  -0.101216 0.00554567 -0.0996525
0.00125758  -0.101214 0.00554641 -0.0996472
0.0012576 -0.101211 0.00554714 -0.0996419
0.00125764  -0.101209 0.00554788 -0.0996366
0.00125769  -0.101206 0.00554862 -0.0996313
0.00125772  -0.101204 0.00554937  -0.099626
0.00125773  -0.101201 0.00555011 -0.0996207
0.00125777  -0.101199 0.00555086 -0.0996153
0.0012578 -0.101196 0.00555161   -0.09961
0.0012578 -0.101194 0.00555236 -0.0996046
0.00125782  -0.101191 0.00555311 -0.0995992
0.00125785  -0.101189 0.00555386 -0.0995939
0.00125785  -0.101186 0.00555462 -0.0995885
0.00125786  -0.101184 0.00555537 -0.0995831
0.00125787  -0.101181 0.00555613 -0.0995777
0.00125787  -0.101179 0.00555689 -0.0995722
0.00125789  -0.101176 0.00555766 -0.0995668
0.00125789  -0.101174 0.00555842 -0.0995614
0.00125787  -0.101171 0.00555919 -0.0995559
0.00125786  -0.101169 0.00555996 -0.0995504
0.00125785  -0.101166 0.00556073  -0.099545
0.00125783  -0.101164  0.0055615 -0.0995395
0.00125783  -0.101161 0.00556227  -0.099534
0.00125781  -0.101159 0.00556305 -0.0995285
0.00125778  -0.101156 0.00556383  -0.099523
0.00125777  -0.101154 0.00556461 -0.0995175
0.00125776  -0.101151 0.00556539 -0.0995119
0.00125773  -0.101148 0.00556617 -0.0995064
0.00125771  -0.101146 0.00556696 -0.0995008
0.0012577 -0.101143 0.00556775 -0.0994953
0.00125766  -0.101141 0.00556854 -0.0994897
0.00125764  -0.101138 0.00556933 -0.0994841
0.00125762  -0.101135 0.00557012 -0.0994785
0.00125758  -0.101133 0.00557092 -0.0994729
0.00125754   -0.10113 0.00557171 -0.0994673
0.00125751  -0.101127 0.00557251 -0.0994617
0.00125746  -0.101125 0.00557331  -0.099456
0.00125745  -0.101122 0.00557411 -0.0994504
0.0012574 -0.101119 0.00557492 -0.0994447
0.00125734  -0.101117 0.00557573  -0.099439
0.00125729  -0.101114 0.00557653 -0.0994334
0.00125725  -0.101111 0.00557734 -0.0994277
0.00125719  -0.101109 0.00557816  -0.099422
0.00125714  -0.101106 0.00557897 -0.0994163
0.00125709  -0.101103 0.00557979 -0.0994105
0.00125703  -0.101101  0.0055806 -0.0994048
0.00125697  -0.101098 0.00558142 -0.0993991
0.00125691  -0.101095 0.00558225 -0.0993933
0.00125683  -0.101093 0.00558307 -0.0993875
0.00125677   -0.10109  0.0055839 -0.0993818
0.0012567 -0.101087 0.00558472  -0.099376
0.00125663  -0.101084 0.00558555 -0.0993702
0.00125657  -0.101082 0.00558638 -0.0993644
0.00125651  -0.101079 0.00558722 -0.0993586
0.00125641  -0.101076 0.00558805 -0.0993527
0.00125635  -0.101073 0.00558889 -0.0993469
0.00125628  -0.101071 0.00558973  -0.099341
0.00125619  -0.101068 0.00559057 -0.0993352
0.00125612  -0.101065 0.00559142 -0.0993293
0.00125606  -0.101062 0.00559226 -0.0993234
0.00125597  -0.101059 0.00559311 -0.0993175
0.00125588  -0.101057 0.00559396 -0.0993116
0.0012558 -0.101054 0.00559481 -0.0993057
0.0012557 -0.101051 0.00559566 -0.0992998
0.00125561  -0.101048 0.00559652 -0.0992938
0.00125555  -0.101045 0.00559737 -0.0992879
0.00125545  -0.101042 0.00559823 -0.0992819
0.00125537   -0.10104 0.0055991 -0.099276
0.00125528  -0.101037 0.00559996   -0.09927
0.00125519  -0.101034 0.00560082  -0.099264
0.00125511  -0.101031 0.00560169  -0.099258
0.00125502  -0.101028 0.00560256 -0.0992519
0.00125493  -0.101025 0.00560343 -0.0992459
0.00125482  -0.101022 0.00560431 -0.0992399
0.00125474  -0.101019 0.00560518 -0.0992338
0.00125465  -0.101016 0.00560606 -0.0992278
0.00125454  -0.101013 0.00560694 -0.0992217
0.00125445  -0.101011 0.00560782 -0.0992156
0.00125435  -0.101008  0.0056087 -0.0992095
0.00125424  -0.101005 0.00560959 -0.0992034
0.00125416  -0.101002 0.00561048 -0.0991973
0.00125406  -0.100999 0.00561137 -0.0991912
0.00125396  -0.100996 0.00561226  -0.099185
0.00125386  -0.100993 0.00561315 -0.0991789
0.00125374   -0.10099 0.00561405 -0.0991727
0.00125363  -0.100987 0.00561494 -0.0991665
0.00125352  -0.100984 0.00561584 -0.0991603
0.00125341  -0.100981 0.00561675 -0.0991541
0.00125333  -0.100978 0.00561765 -0.0991479
0.00125323  -0.100975 0.00561856 -0.0991417
0.00125309  -0.100972 0.00561946 -0.0991355
 0.001253 -0.100969 0.00562037 -0.0991292
0.00125289  -0.100966 0.00562129  -0.099123
0.00125277  -0.100963  0.0056222 -0.0991167
0.00125266   -0.10096 0.00562312 -0.0991104
0.00125257  -0.100957 0.00562404 -0.0991041
0.00125246  -0.100954 0.00562496 -0.0990978
0.00125235  -0.100951 0.00562588 -0.0990915
0.00125224  -0.100947  0.0056268 -0.0990852
0.00125215  -0.100944 0.00562773 -0.0990788
0.00125204  -0.100941 0.00562866 -0.0990725
0.00125192  -0.100938 0.00562959 -0.0990661
0.00125183  -0.100935 0.00563052 -0.0990597
0.00125172  -0.100932 0.00563146 -0.0990534
0.00125162  -0.100929 0.0056324 -0.099047
0.00125151  -0.100925 0.00563334 -0.0990405
0.0012514 -0.100922 0.00563428 -0.0990341
0.0012513 -0.100919 0.00563522 -0.0990277
0.00125119  -0.100916 0.00563617 -0.0990212
0.00125109  -0.100913 0.00563712 -0.0990148
0.00125095   -0.10091 0.00563807 -0.0990083
0.00125085  -0.100906 0.00563902 -0.0990018
0.00125074  -0.100903 0.00563997 -0.0989953
0.00125064    -0.1009 0.00564093 -0.0989888
0.00125055  -0.100897 0.00564189 -0.0989823
0.00125041  -0.100894 0.00564285 -0.0989758
0.00125031   -0.10089 0.00564381 -0.0989692
0.0012502 -0.100887 0.00564478 -0.0989627
0.0012501 -0.100884 0.00564575 -0.0989561
0.00125001  -0.100881 0.00564671 -0.0989495
0.00124989  -0.100877 0.00564769 -0.0989429
0.00124979  -0.100874 0.00564866 -0.0989363
0.00124969  -0.100871 0.00564964 -0.0989297
0.0012496 -0.100867 0.00565061 -0.0989231
0.00124949  -0.100864  0.0056516 -0.0989164
0.00124935  -0.100861 0.00565258 -0.0989098
0.00124924  -0.100858 0.00565356 -0.0989031
0.00124915  -0.100854 0.00565455 -0.0988964
0.00124904  -0.100851 0.00565554 -0.0988898
0.00124892  -0.100848 0.00565653 -0.0988831
0.00124882  -0.100844 0.00565752 -0.0988763
0.00124869  -0.100841 0.00565852 -0.0988696
0.00124857  -0.100838 0.00565952 -0.0988629
0.00124846  -0.100834 0.00566052 -0.0988561
0.00124834  -0.100831 0.00566152 -0.0988493
0.00124824  -0.100828 0.00566252 -0.0988426
0.0012481 -0.100824 0.00566353 -0.0988358
0.00124799  -0.100821 0.00566454  -0.098829
0.00124789  -0.100818 0.00566555 -0.0988222
0.00124776  -0.100814 0.00566656 -0.0988153
0.00124766  -0.100811 0.00566758 -0.0988085
0.00124753  -0.100808  0.0056686 -0.0988016
0.00124741  -0.100804 0.00566962 -0.0987948
0.0012473 -0.100801 0.00567064 -0.0987879
0.00124719  -0.100797 0.00567167  -0.098781
0.00124707  -0.100794 0.00567269 -0.0987741
0.00124694   -0.10079 0.00567372 -0.0987672
0.00124684  -0.100787 0.00567475 -0.0987602
0.00124673  -0.100783 0.00567579 -0.0987533
0.00124661   -0.10078 0.00567682 -0.0987463
0.00124651  -0.100776 0.00567786 -0.0987393
0.00124638  -0.100773  0.0056789 -0.0987324
0.00124628   -0.10077 0.00567995 -0.0987254
0.00124617  -0.100766 0.00568099 -0.0987184
0.00124607  -0.100763 0.00568204 -0.0987113
0.00124595  -0.100759 0.00568309 -0.0987043
0.00124583  -0.100756 0.00568414 -0.0986972
0.00124573  -0.100752 0.00568519 -0.0986902
0.00124563  -0.100748 0.00568625 -0.0986831
0.00124553  -0.100745 0.00568731  -0.098676
0.00124543  -0.100741 0.00568837 -0.0986689
0.00124532  -0.100738 0.00568943 -0.0986618
0.00124522  -0.100734  0.0056905 -0.0986547
0.00124512  -0.100731 0.00569157 -0.0986475
0.00124501  -0.100727 0.00569264 -0.0986404
0.00124492  -0.100723 0.00569371 -0.0986332
0.00124481   -0.10072 0.00569479  -0.098626
0.00124472  -0.100716 0.00569586 -0.0986188
0.00124463  -0.100713 0.00569694 -0.0986116
0.00124454  -0.100709 0.00569803 -0.0986044
0.00124444  -0.100705 0.00569911 -0.0985972
0.00124435  -0.100702  0.0057002 -0.0985899
0.00124427  -0.100698 0.00570129 -0.0985827
0.00124419  -0.100694 0.00570238 -0.0985754
0.00124411  -0.100691 0.00570347 -0.0985681
0.00124401  -0.100687 0.00570457 -0.0985608
0.00124394  -0.100683 0.00570567 -0.0985535
0.00124386   -0.10068 0.00570677 -0.0985461
0.00124379  -0.100676 0.00570787 -0.0985388
0.00124371  -0.100672 0.00570898 -0.0985314
0.00124362  -0.100668 0.00571008 -0.0985241
0.00124356  -0.100665 0.00571119 -0.0985167
0.00124349  -0.100661 0.00571231 -0.0985093
0.00124342  -0.100657 0.00571342 -0.0985019
0.00124336  -0.100653 0.00571454 -0.0984944
0.00124328   -0.10065 0.00571566  -0.098487
0.00124322  -0.100646 0.00571678 -0.0984795
0.00124316  -0.100642 0.00571791 -0.0984721
0.00124311  -0.100638 0.00571904 -0.0984646
0.00124307  -0.100635 0.00572017 -0.0984571
 0.001243 -0.100631  0.0057213 -0.0984496
0.00124295  -0.100627 0.00572243 -0.0984421
0.0012429 -0.100623 0.00572357 -0.0984345
0.00124286  -0.100619 0.00572471  -0.098427
0.00124281  -0.100615 0.00572585 -0.0984194
0.00124275  -0.100612 0.00572699 -0.0984118
0.00124271  -0.100608 0.00572814 -0.0984042
0.00124267  -0.100604 0.00572929 -0.0983966
0.00124264    -0.1006 0.00573044  -0.098389
0.00124261  -0.100596  0.0057316 -0.0983814
0.00124255  -0.100592 0.00573275 -0.0983737
0.00124254  -0.100588 0.00573391  -0.098366
0.00124252  -0.100584 0.00573507 -0.0983584
0.00124249  -0.100581 0.00573624 -0.0983507
0.00124247  -0.100577 0.0057374 -0.098343
0.00124243  -0.100573 0.00573857 -0.0983352
0.00124241  -0.100569 0.00573974 -0.0983275
0.0012424 -0.100565 0.00574092 -0.0983198
0.0012424 -0.100561 0.00574209  -0.098312
0.00124239  -0.100557 0.00574327 -0.0983042
0.00124236  -0.100553 0.00574445 -0.0982964
0.00124236  -0.100549 0.00574564 -0.0982886
0.00124235  -0.100545 0.00574682 -0.0982808
0.00124235  -0.100541 0.00574801 -0.0982729
0.00124237  -0.100537  0.0057492 -0.0982651
0.00124238  -0.100533  0.0057504 -0.0982572
0.00124237  -0.100529 0.00575159 -0.0982493
0.00124237  -0.100525 0.00575279 -0.0982414
0.00124238  -0.100521   0.005754 -0.0982335
0.00124241  -0.100517  0.0057552 -0.0982256
0.00124243  -0.100513 0.00575641 -0.0982177
0.00124243  -0.100509 0.00575761 -0.0982097
0.00124245  -0.100505 0.00575883 -0.0982017
0.00124247  -0.100501 0.00576004 -0.0981937
0.00124251  -0.100496 0.00576126 -0.0981857
0.00124254  -0.100492 0.00576248 -0.0981777
0.00124257  -0.100488  0.0057637 -0.0981697
0.00124259  -0.100484 0.00576492 -0.0981617
0.00124264   -0.10048 0.00576615 -0.0981536
0.00124268  -0.100476 0.00576738 -0.0981455
0.00124272  -0.100472 0.00576861 -0.0981374
0.00124276  -0.100468 0.00576985 -0.0981293
0.00124281  -0.100463 0.00577108 -0.0981212
0.00124286  -0.100459 0.00577232 -0.0981131
0.00124291  -0.100455 0.00577357 -0.0981049
0.00124298  -0.100451 0.00577481 -0.0980967
0.00124304  -0.100447 0.00577606 -0.0980886
0.0012431 -0.100443 0.00577731 -0.0980804
0.00124314  -0.100438 0.00577856 -0.0980722
0.00124322  -0.100434 0.00577982 -0.0980639
0.00124329   -0.10043 0.00578108 -0.0980557
0.00124336  -0.100426 0.00578234 -0.0980474
0.00124346  -0.100422  0.0057836 -0.0980392
0.00124353  -0.100417 0.00578487 -0.0980309
0.00124363  -0.100413 0.00578614 -0.0980226
0.00124369  -0.100409 0.00578741 -0.0980142
0.00124377  -0.100405 0.00578868 -0.0980059
0.00124388    -0.1004 0.00578996 -0.0979976
0.00124397  -0.100396 0.00579124 -0.0979892
0.00124406  -0.100392 0.00579252 -0.0979808
0.00124418  -0.100387 0.00579381 -0.0979724
0.00124426  -0.100383 0.00579509  -0.097964
0.00124438  -0.100379 0.00579638 -0.0979556
0.00124448  -0.100374 0.00579768 -0.0979471
0.00124459   -0.10037 0.00579897 -0.0979387
0.00124472  -0.100366 0.00580027 -0.0979302
0.00124483  -0.100361 0.00580157 -0.0979217
0.00124496  -0.100357 0.00580287 -0.0979132
0.00124506  -0.100353 0.00580418 -0.0979047
0.0012452 -0.100348 0.00580549 -0.0978961
0.00124533  -0.100344  0.0058068 -0.0978876
0.00124547   -0.10034 0.00580811  -0.097879
0.00124561  -0.100335 0.00580943 -0.0978704
0.00124576  -0.100331 0.00581075 -0.0978618
0.00124589  -0.100326 0.00581207 -0.0978532
0.00124603  -0.100322  0.0058134 -0.0978446
0.00124618  -0.100318 0.00581473 -0.0978359
0.00124634  -0.100313 0.00581606 -0.0978272
0.00124648  -0.100309 0.00581739 -0.0978186
0.00124666  -0.100304 0.00581873 -0.0978099
0.00124681    -0.1003 0.00582007 -0.0978011
0.00124699  -0.100295 0.00582141 -0.0977924
0.00124715  -0.100291 0.00582275 -0.0977837
0.00124731  -0.100286  0.0058241 -0.0977749
0.00124748  -0.100282 0.00582545 -0.0977661
0.00124767  -0.100277  0.0058268 -0.0977573
0.00124786  -0.100273 0.00582816 -0.0977485
0.00124803  -0.100268 0.00582952 -0.0977397
0.00124822  -0.100264 0.00583088 -0.0977308
0.00124838  -0.100259 0.00583224  -0.097722
0.00124856  -0.100255 0.00583361 -0.0977131
0.00124872   -0.10025 0.00583498 -0.0977042
0.00124888  -0.100245 0.00583635 -0.0976953
0.00124905  -0.100241 0.00583773 -0.0976863
0.00124922  -0.100236 0.00583911 -0.0976774
0.00124939  -0.100232 0.00584049 -0.0976684
0.00124956  -0.100227 0.00584187 -0.0976595
0.0012497 -0.100222 0.00584326 -0.0976505
0.00124987  -0.100218 0.00584465 -0.0976415
0.00125003  -0.100213 0.00584604 -0.0976324
0.00125017  -0.100209 0.00584744 -0.0976234
0.00125034  -0.100204 0.00584883 -0.0976143
0.00125051  -0.100199 0.00585024 -0.0976052
0.00125066  -0.100195 0.00585164 -0.0975961
0.00125083   -0.10019 0.00585305  -0.097587
 0.001251 -0.100185 0.00585446 -0.0975779
0.00125118  -0.100181 0.00585587 -0.0975687
0.00125136  -0.100176 0.00585728 -0.0975596
0.00125154  -0.100171  0.0058587 -0.0975504
0.00125173  -0.100166 0.00586012 -0.0975412
0.00125192  -0.100162 0.00586155  -0.097532
0.00125212  -0.100157 0.00586297 -0.0975228
0.00125232  -0.100152  0.0058644 -0.0975135
0.00125251  -0.100147 0.00586584 -0.0975042
0.0012527 -0.100143 0.00586727 -0.0974949
0.00125292  -0.100138 0.00586871 -0.0974856
0.00125314  -0.100133 0.00587015 -0.0974763
0.00125337  -0.100128 0.0058716 -0.097467
0.0012536 -0.100123 0.00587304 -0.0974576
0.00125385  -0.100119  0.0058745 -0.0974483
0.0012541 -0.100114 0.00587595 -0.0974389
0.00125435  -0.100109  0.0058774 -0.0974295
0.00125461  -0.100104 0.00587886   -0.09742
0.00125488  -0.100099 0.00588033 -0.0974106
0.00125515  -0.100094 0.00588179 -0.0974011
0.00125543  -0.100089 0.00588326 -0.0973917
0.00125572  -0.100085 0.00588473 -0.0973822
0.00125601   -0.10008 0.00588621 -0.0973727
0.00125631  -0.100075 0.00588768 -0.0973631
0.00125662   -0.10007 0.00588916 -0.0973536
0.00125693  -0.100065 0.00589065  -0.097344
0.00125726   -0.10006 0.00589213 -0.0973344
0.00125759  -0.100055 0.00589362 -0.0973248
0.00125792   -0.10005 0.00589511 -0.0973152
0.00125828  -0.100045 0.00589661 -0.0973056
0.00125863   -0.10004 0.00589811 -0.0972959
0.00125899  -0.100035 0.00589961 -0.0972862
0.00125936   -0.10003 0.00590111 -0.0972766
0.00125974  -0.100025 0.00590262 -0.0972668
0.00126012   -0.10002 0.00590413 -0.0972571
0.0012605 -0.100015 0.00590564 -0.0972474
0.00126089   -0.10001 0.00590716 -0.0972376
0.00126129  -0.100005 0.00590868 -0.0972278
0.00126169 -0.0999997 0.0059102 -0.097218
0.00126213 -0.0999946 0.00591173 -0.0972082
0.00126255 -0.0999895 0.00591326 -0.0971984
0.00126297 -0.0999843 0.00591479 -0.0971885
0.00126341 -0.0999792 0.00591632 -0.0971786
0.00126386 -0.0999741 0.00591786 -0.0971688
0.0012643 -0.099969  0.0059194 -0.0971588
0.00126477 -0.0999638 0.00592095 -0.0971489
0.00126523 -0.0999587 0.0059225 -0.097139
0.00126568 -0.0999536 0.00592405  -0.097129
0.00126615 -0.0999484 0.0059256 -0.097119
0.00126664 -0.0999433 0.00592716  -0.097109
0.00126712 -0.0999382 0.00592872  -0.097099
0.00126762  -0.099933 0.00593028  -0.097089
0.00126813 -0.0999278 0.00593185 -0.0970789
0.00126862 -0.0999226 0.00593342 -0.0970688
0.00126913 -0.0999174 0.00593499 -0.0970587
0.00126965 -0.0999122 0.00593656 -0.0970486
0.00127018  -0.099907 0.00593814 -0.0970385
 0.0012707 -0.0999017 0.00593972 -0.0970283
0.00127125 -0.0998965 0.00594131 -0.0970182
0.00127177 -0.0998912 0.0059429 -0.097008
0.00127235  -0.099886 0.00594449 -0.0969978
0.00127289 -0.0998807 0.00594608 -0.0969875
0.00127345 -0.0998754 0.00594768 -0.0969773
0.00127402 -0.0998701 0.00594928  -0.096967
0.00127458 -0.0998648 0.00595089 -0.0969567
0.00127518 -0.0998595  0.0059525 -0.0969464
0.00127575 -0.0998542 0.00595411 -0.0969361
0.00127636 -0.0998488 0.00595572 -0.0969258
0.00127694 -0.0998435 0.00595734 -0.0969154
0.00127756 -0.0998381 0.00595896  -0.096905
0.00127815 -0.0998328 0.00596058 -0.0968946
0.00127878 -0.0998274 0.00596221 -0.0968842
0.00127938 -0.0998221 0.00596384 -0.0968738
0.00128002 -0.0998167 0.00596547 -0.0968633
0.00128064 -0.0998113 0.00596711 -0.0968528
0.00128129 -0.0998059 0.00596875 -0.0968423
0.00128192 -0.0998005 0.00597039 -0.0968318
0.00128258  -0.099795 0.00597204 -0.0968213
0.00128326 -0.0997896 0.00597369 -0.0968107
 0.0012839 -0.0997841 0.00597534 -0.0968001
0.00128458 -0.0997786   0.005977 -0.0967895
0.00128525 -0.0997731 0.00597866 -0.0967789
0.00128593 -0.0997677 0.00598032 -0.0967683
0.00128663 -0.0997622 0.00598199 -0.0967576
 0.0012873 -0.0997567 0.00598366  -0.096747
  0.001288 -0.0997512 0.00598533 -0.0967363
0.00128872 -0.0997457 0.00598701 -0.0967256
0.00128943 -0.0997401 0.00598869 -0.0967148
0.00129014 -0.0997345 0.00599037 -0.0967041
0.00129088 -0.0997289 0.00599206 -0.0966933
0.00129161 -0.0997233 0.00599375 -0.0966825
0.00129234 -0.0997177 0.00599544 -0.0966717
0.00129309 -0.0997122 0.00599714 -0.0966608
0.00129384 -0.0997066 0.00599884   -0.09665
0.00129461  -0.099701 0.00600054 -0.0966391
0.00129537 -0.0996954 0.00600225 -0.0966282
0.00129615 -0.0996898 0.00600396 -0.0966173
0.00129693 -0.0996842 0.00600567 -0.0966064
0.00129773 -0.0996786 0.00600739 -0.0965954
0.00129851 -0.0996729 0.00600911 -0.0965844
0.00129932 -0.0996673 0.00601083 -0.0965734
0.00130014 -0.0996616 0.00601256 -0.0965624
0.00130097 -0.0996559 0.00601429 -0.0965514
 0.0013018 -0.0996503 0.00601602 -0.0965403
0.00130261 -0.0996446 0.00601776 -0.0965292
0.00130346 -0.0996388  0.0060195 -0.0965181
0.00130431 -0.0996331 0.00602125  -0.096507
0.00130516 -0.0996274 0.00602299 -0.0964959
0.00130602 -0.0996217 0.00602474 -0.0964847
0.00130689 -0.0996159  0.0060265 -0.0964735
0.00130775 -0.0996102 0.00602826 -0.0964623
0.00130861 -0.0996044 0.00603002 -0.0964511
0.00130948 -0.0995986 0.00603178 -0.0964399
0.00131038 -0.0995929 0.00603355 -0.0964286
0.00131126 -0.0995871 0.00603533 -0.0964173
0.00131215 -0.0995813 0.0060371 -0.096406
0.00131304 -0.0995755 0.00603888 -0.0963947
0.00131395 -0.0995696 0.00604066 -0.0963833
0.00131484 -0.0995638 0.00604245 -0.0963719
0.00131574 -0.0995579 0.00604424 -0.0963605
0.00131666 -0.0995521 0.00604603 -0.0963491
0.00131757 -0.0995462 0.00604783 -0.0963377
0.00131848 -0.0995403 0.00604963 -0.0963262
0.00131942 -0.0995345 0.00605143 -0.0963148
0.00132033 -0.0995286 0.00605324 -0.0963033
0.00132127 -0.0995227 0.00605505 -0.0962917
 0.0013222 -0.0995167 0.00605687 -0.0962802
0.00132315 -0.0995108 0.00605869 -0.0962686
0.00132408 -0.0995048 0.00606051  -0.096257
0.00132504 -0.0994989 0.00606233 -0.0962454
0.00132598 -0.0994929 0.00606416 -0.0962338
0.00132694  -0.099487 0.00606599 -0.0962222
0.00132791  -0.099481 0.00606783 -0.0962105
0.00132886  -0.099475 0.00606967 -0.0961988
0.00132984  -0.099469 0.00607151 -0.0961871
0.00133084  -0.099463 0.00607336 -0.0961753
0.00133182 -0.0994569 0.00607521 -0.0961636
0.00133282 -0.0994509 0.00607707 -0.0961518
0.00133382 -0.0994448 0.00607892   -0.09614
0.00133483 -0.0994388 0.00608079 -0.0961282
0.00133584 -0.0994328 0.00608265 -0.0961163
0.00133686 -0.0994267 0.00608452 -0.0961045
0.00133789 -0.0994206 0.00608639 -0.0960926
0.00133892 -0.0994145 0.00608827 -0.0960807
0.00133996 -0.0994084 0.00609015 -0.0960687
0.00134098 -0.0994023 0.00609203 -0.0960568
0.00134199 -0.0993962 0.00609392 -0.0960448
  0.001343 -0.0993901 0.00609581 -0.0960328
0.00134401 -0.0993839 0.00609771 -0.0960208
0.00134503 -0.0993778 0.00609961 -0.0960087
0.00134603 -0.0993716 0.00610151 -0.0959966
0.00134704 -0.0993654 0.00610341 -0.0959845
0.00134805 -0.0993593 0.00610532 -0.0959724
0.00134906 -0.0993531 0.00610724 -0.0959603
0.00135007 -0.0993469 0.00610916 -0.0959481
0.00135111 -0.0993407 0.00611108  -0.095936
0.00135212 -0.0993345   0.006113 -0.0959238
0.00135315 -0.0993283 0.00611493 -0.0959115
0.00135421 -0.0993221 0.00611686 -0.0958993
0.00135524 -0.0993158 0.0061188 -0.095887
0.00135631 -0.0993095 0.00612074 -0.0958747
0.00135734 -0.0993033 0.00612268 -0.0958624
0.00135842  -0.099297 0.00612463   -0.09585
0.00135948 -0.0992907 0.00612658 -0.0958377
0.00136054 -0.0992844 0.00612854 -0.0958253
0.00136163 -0.0992781  0.0061305 -0.0958129
0.00136273 -0.0992718 0.00613246 -0.0958005
0.00136383 -0.0992654 0.00613443  -0.095788
0.00136491 -0.0992591 0.00613641 -0.0957756
  0.001366 -0.0992527 0.00613838 -0.0957631
0.00136708 -0.0992464 0.00614037 -0.0957506
0.00136816   -0.09924 0.00614235  -0.095738
0.00136925 -0.0992336 0.00614435 -0.0957255
0.00137035 -0.0992272 0.00614634 -0.0957129
0.00137147 -0.0992208 0.00614834 -0.0957003
0.00137259 -0.0992144 0.00615035 -0.0956877
0.00137371 -0.0992079 0.00615236 -0.0956751
0.00137484 -0.0992016 0.00615437 -0.0956624
0.00137596 -0.0991951 0.00615639 -0.0956497
0.00137712 -0.0991887 0.00615842  -0.095637
0.00137826 -0.0991823 0.00616045 -0.0956243
0.00137943 -0.0991758 0.00616248 -0.0956116
0.00138058 -0.0991693 0.00616452 -0.0955988
0.00138177 -0.0991628 0.00616657 -0.0955861
0.00138294 -0.0991563 0.00616862 -0.0955733
0.00138415 -0.0991498 0.00617067 -0.0955605
0.00138535 -0.0991432 0.00617273 -0.0955476
0.00138655 -0.0991367 0.00617479 -0.0955348
0.00138776 -0.0991301 0.00617686 -0.0955219
0.00138897 -0.0991235 0.00617893  -0.095509
0.00139019 -0.0991169 0.00618101 -0.0954961
0.00139144 -0.0991103 0.00618309 -0.0954831
0.00139267 -0.0991037 0.00618518 -0.0954702
0.00139393 -0.0990971 0.00618727 -0.0954572
0.00139519 -0.0990905 0.00618937 -0.0954442
0.00139646 -0.0990838 0.00619147 -0.0954312
0.00139771 -0.0990771 0.00619358 -0.0954181
0.00139899 -0.0990705 0.00619569 -0.0954051
0.00140028 -0.0990638 0.00619781  -0.095392
0.00140157 -0.0990571 0.00619993 -0.0953789
0.00140286 -0.0990504 0.00620206 -0.0953657
0.00140417 -0.0990436 0.00620419 -0.0953526
0.00140548 -0.0990369 0.00620632 -0.0953394
0.00140678 -0.0990301 0.00620847 -0.0953262
0.00140815 -0.0990234 0.00621061  -0.095313
0.00140951 -0.0990166 0.00621276 -0.0952998
0.00141086 -0.0990097 0.00621492 -0.0952865
0.00141226 -0.0990029 0.00621708 -0.0952732
0.00141366  -0.098996 0.00621925 -0.0952599
0.00141509 -0.0989892 0.00622142 -0.0952466
0.00141651 -0.0989823 0.00622359 -0.0952333
0.00141796 -0.0989755 0.00622578 -0.0952199
0.00141941 -0.0989686 0.00622796 -0.0952065
0.00142085 -0.0989617 0.00623015 -0.0951931
0.00142715 -0.0989616 0.00623235 -0.0951797
0.00143342 -0.0989613 0.00623455 -0.0951662
0.00143967 -0.0989609 0.00623676 -0.0951527
0.00144598 -0.0989605 0.00623897 -0.0951393
0.00145231 -0.0989599 0.00624118 -0.0951257
0.00145865  -0.098959  0.0062434 -0.0951122
0.00146503  -0.098958 0.00624563 -0.0950986
0.00147137 -0.0989568 0.00624786  -0.095085
0.00147771 -0.0989553  0.0062501 -0.0950714
0.00148396 -0.0989537 0.00625234 -0.0950578
0.00149011 -0.0989519 0.00625459 -0.0950441
 0.0014961 -0.0989498 0.00625684 -0.0950305
0.00150195 -0.0989476 0.00625909 -0.0950168
0.00150768 -0.0989453 0.00626136 -0.0950031
0.00151324 -0.0989427 0.00626362 -0.0949893
0.00151868 -0.0989398  0.0062659 -0.0949755
0.00152398 -0.0989368 0.00626817 -0.0949618
0.00152916 -0.0989336 0.00627046 -0.0949479
0.00153427 -0.0989303 0.00627274 -0.0949341
0.00153929 -0.0989269 0.00627504 -0.0949203
0.00154417 -0.0989233 0.00627733 -0.0949064
0.00154901 -0.0989196 0.00627964 -0.0948925
0.00155371 -0.0989157 0.00628194 -0.0948785
0.00155834 -0.0989116 0.00628426 -0.0948646
0.00156288 -0.0989074 0.00628658 -0.0948506
0.0015673 -0.098903  0.0062889 -0.0948366
0.00157164 -0.0988985 0.00629123 -0.0948226
0.00157586 -0.0988938 0.00629356 -0.0948086
0.00157995 -0.0988891  0.0062959 -0.0947945
0.00158394 -0.0988842 0.00629825 -0.0947804
0.00158332  -0.098873  0.0063006 -0.0947663
0.00158278 -0.0988618 0.00630295 -0.0947522
0.00158235 -0.0988507 0.00630531  -0.094738
0.00158191 -0.0988394 0.00630768 -0.0947238
0.00158148 -0.0988282 0.00631005 -0.0947096
0.00158567  -0.098823 0.00631243 -0.0946954
0.00158981  -0.098818 0.00631481 -0.0946811
0.00159396 -0.0988129  0.0063172 -0.0946669
0.00159808 -0.0988078 0.00631959 -0.0946526
0.00160221 -0.0988027 0.00632199 -0.0946382
 0.0016063 -0.0987975 0.00632439 -0.0946239
0.00161034 -0.0987921  0.0063268 -0.0946095
0.00161434 -0.0987867 0.00632921 -0.0945951
0.00161831 -0.0987811 0.00633163 -0.0945807
0.00162223 -0.0987755 0.00633405 -0.0945663
0.00162612 -0.0987698 0.00633648 -0.0945518
0.00162996  -0.098764 0.00633892 -0.0945373
0.00163381 -0.0987581 0.00634136 -0.0945228
0.00163761 -0.0987521  0.0063438 -0.0945083
0.00164137 -0.0987459 0.00634625 -0.0944937
0.00164512 -0.0987397 0.00634871 -0.0944791
0.00164886 -0.0987334 0.00635117 -0.0944645
0.00165256 -0.0987271 0.00635364 -0.0944498
0.00165623 -0.0987207 0.00635611 -0.0944352
0.00165991 -0.0987143 0.00635859 -0.0944205
0.00166352 -0.0987078 0.00636108 -0.0944058
0.00166712 -0.0987013 0.00636356 -0.0943911
0.00167069 -0.0986947 0.00636606 -0.0943763
0.0016742 -0.098688 0.00636856 -0.0943615
0.00167772 -0.0986813 0.00637107 -0.0943467
 0.0016812 -0.0986745 0.00637358 -0.0943319
0.00168462 -0.0986677 0.00637609  -0.094317
0.00168804 -0.0986608 0.00637861 -0.0943021
0.00169142 -0.0986539 0.00638114 -0.0942872
0.00169477 -0.0986469 0.00638368 -0.0942723
 0.0016981 -0.0986399 0.00638621 -0.0942573
0.00170143 -0.0986328 0.00638876 -0.0942423
 0.0017047 -0.0986257 0.00639131 -0.0942273
0.00170795 -0.0986186 0.00639386 -0.0942123
0.00171117 -0.0986114 0.00639643 -0.0941972
0.00171438 -0.0986041 0.00639899 -0.0941821
0.00171755 -0.0985968 0.00640156  -0.094167
0.00172071 -0.0985895 0.00640414 -0.0941519
0.00172384 -0.0985821 0.00640672 -0.0941367
0.00172697 -0.0985748 0.00640931 -0.0941215
0.00173005 -0.0985674 0.00641191 -0.0941063
0.00173311 -0.0985599 0.00641451 -0.0940911
0.00173618 -0.0985525 0.00641711 -0.0940758
0.00173919  -0.098545 0.00641973 -0.0940605
 0.0017422 -0.0985374 0.00642234 -0.0940452
0.00174519 -0.0985299 0.00642497 -0.0940299
0.00174816 -0.0985224 0.00642759 -0.0940145
 0.0017511 -0.0985148 0.00643023 -0.0939991
0.00175404 -0.0985072 0.00643287 -0.0939837
0.00175693 -0.0984996 0.00643551 -0.0939682
0.00175985 -0.0984919 0.00643817 -0.0939528
 0.0017627 -0.0984842 0.00644082 -0.0939373
0.00176556 -0.0984765 0.00644349 -0.0939217
0.00176841 -0.0984688 0.00644615 -0.0939062
0.00177123 -0.0984609 0.00644883 -0.0938906
0.00177406 -0.0984531 0.00645151  -0.093875
0.00177685 -0.0984452 0.00645419 -0.0938594
0.00177966 -0.0984374 0.00645689 -0.0938437
0.00178246 -0.0984295 0.00645958  -0.093828
0.00178523 -0.0984217 0.00646229 -0.0938123
  0.001788 -0.0984138   0.006465 -0.0937966
0.00179075 -0.0984059 0.00646771 -0.0937808
 0.0017935 -0.0983981 0.00647043  -0.093765
0.00179621 -0.0983903 0.00647316 -0.0937492
0.00179893 -0.0983823 0.00647589 -0.0937334
0.00180163 -0.0983744 0.00647863 -0.0937175
0.00180432 -0.0983665 0.00648137 -0.0937016
0.00180702 -0.0983585 0.00648412 -0.0936857
 0.0018097 -0.0983505 0.00648688 -0.0936697
0.00181235 -0.0983424 0.00648964 -0.0936537
0.00181501 -0.0983344 0.00649241 -0.0936377
0.00181769 -0.0983264 0.00649518 -0.0936217
0.00182032 -0.0983185 0.00649796 -0.0936056
0.00182299 -0.0983108 0.00650075 -0.0935895
0.00182563 -0.0983031 0.00650354 -0.0935734
0.00182826 -0.0982955 0.00650634 -0.0935573
0.0018309 -0.098288 0.00650914 -0.0935411
0.00183354 -0.0982805 0.00651195 -0.0935249
0.00183615 -0.0982731 0.00651476 -0.0935087
0.00183874 -0.0982659 0.00651758 -0.0934924
0.00184134 -0.0982589 0.00652041 -0.0934761
0.00184394 -0.0982521 0.00652325 -0.0934598
0.00184654 -0.0982454 0.00652608 -0.0934435
0.00184912 -0.0982388 0.00652893 -0.0934271
0.00185169 -0.0982323 0.00653178 -0.0934107
0.00185426 -0.0982259 0.00653464 -0.0933943
0.00185684 -0.0982196  0.0065375 -0.0933779
0.00185942 -0.0982133 0.00654037 -0.0933614
0.00186198 -0.0982071 0.00654325 -0.0933449
0.00185871 -0.0982436 0.00654613 -0.0933283
 0.0018556 -0.0982789 0.00654902 -0.0933118
0.00185932 -0.0982692 0.00655191 -0.0932952
 0.0018627 -0.0982573 0.00655481 -0.0932786
 0.0018652 -0.0982462 0.00655772 -0.0932619
0.00186752 -0.0982353 0.00656063 -0.0932452
0.00186985 -0.0982245 0.00656355 -0.0932285
0.00187218 -0.0982139 0.00656647 -0.0932118
0.00187455 -0.0982034 0.0065694 -0.093195
0.00187704  -0.098193 0.00657234 -0.0931782
 0.0018796 -0.0981827 0.00657528 -0.0931614
0.00188227 -0.0981726 0.00657823 -0.0931446
0.00188499 -0.0981624 0.00658119 -0.0931277
0.00188779 -0.0981525 0.00658415 -0.0931108
0.00189065 -0.0981426 0.00658712 -0.0930938
0.00189359 -0.0981328 0.00659009 -0.0930769
0.00189654  -0.098123 0.00659307 -0.0930599
0.00189959 -0.0981133 0.00659606 -0.0930428
0.00190265 -0.0981037 0.00659905 -0.0930258
0.00190576 -0.0980941 0.00660205 -0.0930087
0.00190888 -0.0980845 0.00660506 -0.0929916
0.00191205 -0.0980749 0.00660807 -0.0929744
0.00191522 -0.0980654 0.00661109 -0.0929573
0.00191841 -0.0980559 0.00661411 -0.0929401
0.00192161 -0.0980464 0.00661714 -0.0929228
0.00192483 -0.0980369 0.00662018 -0.0929056
0.00192805 -0.0980274 0.00662322 -0.0928883
0.00193124 -0.0980179 0.00662627  -0.092871
0.00193436 -0.0980085 0.00662933 -0.0928536
0.00193241 -0.0980398 0.00663239 -0.0928362
0.00193052 -0.0980702 0.00663546 -0.0928188
0.00193463 -0.0980577 0.00663854 -0.0928014
0.00193834 -0.0980436 0.00664162 -0.0927839
 0.0019408 -0.0980305 0.00664471 -0.0927664
0.00194324 -0.0980175  0.0066478 -0.0927489
0.00194564 -0.0980044  0.0066509 -0.0927313
  0.001948 -0.0979914 0.00665401 -0.0927137
0.00195043 -0.0979785 0.00665712 -0.0926961
0.00196344 -0.0979159 0.00666025 -0.0926784
0.00196598 -0.0979041 0.00666337 -0.0926607
0.00196851 -0.0978923 0.00666651  -0.092643
0.00197158 -0.0978803 0.00666965 -0.0926253
0.00197469 -0.0978683 0.00667279 -0.0926075
0.00197784 -0.0978567 0.00667595 -0.0925897
0.00198094 -0.0978451 0.00667911 -0.0925719
0.00198409 -0.0978337 0.00668227  -0.092554
0.00198723 -0.0978223 0.00668545 -0.0925361
0.0019904 -0.097811 0.00668862 -0.0925181
 0.0019935 -0.0977997 0.00669181 -0.0925002
0.00199192 -0.0978275   0.006695 -0.0924822
0.00199038 -0.0978545  0.0066982 -0.0924642
0.00199446 -0.0978399 0.00670141 -0.0924461
0.00199802 -0.0978246 0.00670462  -0.092428
0.00200055 -0.0978102 0.00670784 -0.0924099
0.00200314  -0.097796 0.00671107 -0.0923917
0.00200575 -0.0977817  0.0067143 -0.0923736
0.00200827 -0.0977674 0.00671754 -0.0923553
0.00201075 -0.0977533 0.00672078 -0.0923371
0.00201333 -0.0977394 0.00672404 -0.0923188
0.00201602 -0.0977255  0.0067273 -0.0923005
0.00201882 -0.0977117 0.00673056 -0.0922822
0.00202169  -0.097698 0.00673383 -0.0922638
0.00202464 -0.0976845 0.00673711 -0.0922454
0.0020277 -0.097671  0.0067404 -0.0922269
0.00203077 -0.0976576 0.00674369 -0.0922085
0.00203394 -0.0976443 0.00674699   -0.09219
0.00203714  -0.097631  0.0067503 -0.0921714
0.00204038 -0.0976178 0.00675361 -0.0921529
0.00204367 -0.0976047 0.00675693 -0.0921343
0.00204697 -0.0975916 0.00676026 -0.0921156
 0.0020503 -0.0975786 0.00676359  -0.092097
0.00205366 -0.0975656 0.00676693 -0.0920783
0.00205236 -0.0975905 0.00677028 -0.0920595
0.00205109 -0.0976147 0.00677364 -0.0920408
0.00205537 -0.0975984  0.006777 -0.092022
0.00205903 -0.0975815 0.00678037 -0.0920031
0.00206183 -0.0975654 0.00678374 -0.0919843
 0.0020647 -0.0975495 0.00678712 -0.0919654
0.00206756 -0.0975335 0.00679051 -0.0919465
0.00207036 -0.0975175 0.00679391 -0.0919275
0.00207308 -0.0975017 0.00679731 -0.0919085
0.00207579  -0.097486 0.00680072 -0.0918895
0.00207862 -0.0974705 0.00680414 -0.0918704
0.00208151  -0.097455 0.00680756 -0.0918513
0.00208452 -0.0974396 0.00681099 -0.0918322
0.00208761 -0.0974243 0.00681443  -0.091813
0.00209074  -0.097409 0.00681787 -0.0917938
0.00209395 -0.0973939 0.00682133 -0.0917746
0.00209722 -0.0973789 0.00682479 -0.0917553
0.00210053 -0.0973639 0.00682825  -0.091736
0.00210389 -0.0973489 0.00683172 -0.0917167
0.00210728 -0.0973341  0.0068352 -0.0916974
0.00211072 -0.0973193 0.00683869  -0.091678
0.00210976 -0.0973413 0.00684219 -0.0916585
0.00210881 -0.0973627 0.00684569 -0.0916391
0.00211331 -0.0973447  0.0068492 -0.0916196
0.00211705  -0.097326 0.00685271    -0.0916
0.00211998 -0.0973083 0.00685624 -0.0915804
0.00212297 -0.0972906 0.00685977 -0.0915608
0.00212592 -0.0972729  0.0068633 -0.0915412
0.00212881 -0.0972553 0.00686685 -0.0915215
0.00213171 -0.0972379  0.0068704 -0.0915018
 0.0021346 -0.0972206 0.00687396 -0.0914821
0.00213762 -0.0972034 0.00687752 -0.0914623
0.00214061 -0.0971864  0.0068811 -0.0914425
 0.0021438 -0.0971694 0.00688468 -0.0914226
0.00214709 -0.0971526 0.00688827 -0.0914028
0.00215044 -0.0971358 0.00689186 -0.0913829
0.00215384 -0.0971191 0.00689546 -0.0913629
0.00215728 -0.0971025 0.00689907 -0.0913429
0.00216079  -0.097086 0.00690269 -0.0913229
0.00216433 -0.0970696 0.00690631 -0.0913028
0.00216789 -0.0970532 0.00690995 -0.0912827
0.00216725 -0.0970729 0.00691359 -0.0912626
0.00216658  -0.097092 0.00691723 -0.0912424
0.00217129 -0.0970727 0.00692089 -0.0912222
0.00217519 -0.0970526 0.00692455  -0.091202
0.00217824 -0.0970335 0.00692822 -0.0911817
0.00218142 -0.0970144 0.00693189 -0.0911614
 0.0021846 -0.0969953 0.00693557 -0.0911411
0.00218769 -0.0969763 0.00693927 -0.0911207
0.00219072 -0.0969575 0.00694296 -0.0911003
0.00219377 -0.0969388 0.00694667 -0.0910799
0.00219691 -0.0969203 0.00695038 -0.0910594
0.00220015 -0.0969019  0.0069541 -0.0910388
0.00220346 -0.0968836 0.00695783 -0.0910183
0.00220684 -0.0968654 0.00696157 -0.0909977
 0.0022103 -0.0968473 0.00696531 -0.0909771
0.00221385 -0.0968293 0.00696906 -0.0909564
0.00221743 -0.0968114 0.00697282 -0.0909357
0.00222104 -0.0967937 0.00697659 -0.0909149
0.00222082  -0.096811 0.00698036 -0.0908942
0.00222056 -0.0968278 0.00698414 -0.0908733
 0.0022254 -0.0968074 0.00698793 -0.0908525
0.00222935 -0.0967861 0.00699173 -0.0908316
0.00223253 -0.0967657 0.00699553 -0.0908107
0.00223582 -0.0967455 0.00699934 -0.0907897
 0.0022391 -0.0967252 0.00700316 -0.0907687
0.00224233 -0.0967051 0.00700699 -0.0907477
0.00224553 -0.0966851 0.00701082 -0.0907266
0.00224875 -0.0966653 0.00701467 -0.0907055
0.00225208 -0.0966456 0.00701852 -0.0906843
0.00225551  -0.096626 0.00702238 -0.0906632
  0.002259 -0.0966066 0.00702624 -0.0906419
0.00226258 -0.0965873 0.00703011 -0.0906207
0.00226621 -0.0965682   0.007034 -0.0905994
0.00226989 -0.0965491 0.00703788  -0.090578
0.00227361 -0.0965301 0.00704178 -0.0905567
0.00227738 -0.0965113 0.00704569 -0.0905352
0.00227738 -0.0965273  0.0070496 -0.0905138
0.00227732 -0.0965427 0.00705352 -0.0904923
0.00228226 -0.0965217 0.00705745 -0.0904708
0.00228631 -0.0964994 0.00706138 -0.0904492
0.00228971 -0.0964778 0.00706533 -0.0904276
0.00229314 -0.0964563 0.00706928  -0.090406
0.00229656  -0.096435 0.00707324 -0.0903843
0.00229991 -0.0964139 0.00707721 -0.0903626
0.00230323  -0.096393 0.00708118 -0.0903408
0.00230655 -0.0963722 0.00708516  -0.090319
0.00230994 -0.0963516 0.00708916 -0.0902972
0.00231339 -0.0963311 0.00709316 -0.0902753
0.00231695 -0.0963108 0.00709716 -0.0902534
0.00232057 -0.0962905 0.00710118 -0.0902314
0.00232423 -0.0962705  0.0071052 -0.0902094
0.00232796 -0.0962505 0.00710923 -0.0901874
0.00232782 -0.0962647 0.00711327 -0.0901653
0.00232818 -0.0962781 0.00711732 -0.0901432
0.00233308 -0.0962561 0.00712138 -0.0901211
0.00233716 -0.0962329 0.00712544 -0.0900989
0.00234071 -0.0962103 0.00712951 -0.0900767
0.0023443 -0.096188 0.00713359 -0.0900544
0.00234785 -0.0961658 0.00713768 -0.0900321
0.00235133 -0.0961438 0.00714177 -0.0900097
0.00235478 -0.0961219 0.00714588 -0.0899874
0.00235821 -0.0961002 0.00714999 -0.0899649
0.00236174 -0.0960787 0.00715411 -0.0899425
0.00236535 -0.0960573 0.00715824   -0.08992
0.00236904 -0.0960361 0.00716238 -0.0898974
0.00237278  -0.096015 0.00716652 -0.0898748
0.00237655 -0.0959941 0.00717068 -0.0898522
0.00238037 -0.0959734 0.00717484 -0.0898295
0.00238424 -0.0959531 0.00717901 -0.0898068
0.00238425 -0.0959664 0.00718319 -0.0897841
0.00238468  -0.095979 0.00718737 -0.0897613
 0.0023897 -0.0959569 0.00719157 -0.0897385
0.00239397 -0.0959336 0.00719577 -0.0897156
0.00239765 -0.0959101 0.00719998 -0.0896927
0.00240136 -0.0958869  0.0072042 -0.0896697
0.00240506 -0.0958637 0.00720843 -0.0896467
0.00240867 -0.0958408 0.00721267 -0.0896237
0.00241226 -0.0958181 0.00721691 -0.0896006
0.00241582 -0.0957955 0.00722117 -0.0895775
0.00241941 -0.0957731 0.00722543 -0.0895543
0.00242308 -0.0957509  0.0072297 -0.0895311
0.00242681 -0.0957289 0.00723398 -0.0895079
0.00243059  -0.095707 0.00723827 -0.0894846
0.00243064 -0.0957182 0.00724256 -0.0894613
0.00243498 -0.0956959 0.00724687 -0.0894379
0.00243936 -0.0956739 0.00725118 -0.0894145
0.00244313 -0.0956509  0.0072555 -0.0893911
0.00244321 -0.0956605 0.00725983 -0.0893676
0.00244738 -0.0956365 0.00726417  -0.089344
0.00245156 -0.0956126 0.00726851 -0.0893205
0.00245535 -0.0955887 0.00727287 -0.0892968
0.00245913 -0.0955651 0.00727723 -0.0892732
0.00246294 -0.0955415 0.00728161 -0.0892495
0.00246668 -0.0955181 0.00728599 -0.0892257
 0.0024704 -0.0954948 0.00729038 -0.0892019
 0.0024742 -0.0954718 0.00729478 -0.0891781
0.00247806 -0.0954491 0.00729919 -0.0891542
0.00247822 -0.0954588  0.0073036 -0.0891303
0.00247882 -0.0954676 0.00730803 -0.0891064
0.00248373 -0.0954435 0.00731246 -0.0890824
0.00248802 -0.0954182  0.0073169 -0.0890583
0.00249198  -0.095393 0.00732135 -0.0890342
0.00249596  -0.095368 0.00732581 -0.0890101
0.00249995 -0.0953431 0.00733028 -0.0889859
0.00250389 -0.0953183 0.00733476 -0.0889617
0.00250777 -0.0952938 0.00733925 -0.0889374
0.00251164 -0.0952695 0.00734374 -0.0889131
0.00251548 -0.0952454 0.00734825 -0.0888888
0.00251941 -0.0952215 0.00735276 -0.0888644
0.00252336  -0.095198 0.00735728   -0.08884
0.00252738 -0.0951749 0.00736181 -0.0888155
 0.0025315 -0.0951524 0.00736635  -0.088791
0.00253564 -0.0951303  0.0073709 -0.0887664
0.00253603 -0.0951399 0.00737546 -0.0887418
0.00253692 -0.0951486 0.00738002 -0.0887171
0.00254209 -0.0951247  0.0073846 -0.0886924
0.00254657 -0.0950995 0.00738918 -0.0886677
0.00255064 -0.0950734 0.00739378 -0.0886429
0.00255478 -0.0950476 0.00739838 -0.0886181
0.00255889 -0.0950219 0.00740299 -0.0885932
0.00256295 -0.0949964 0.00740761 -0.0885683
0.00256697 -0.0949711 0.00741224 -0.0885433
0.00257096 -0.0949459 0.00741688 -0.0885183
0.00257496 -0.0949211 0.00742153 -0.0884932
0.00257895 -0.0948968 0.00742618 -0.0884681
0.00258298 -0.0948731 0.00743085  -0.088443
0.00258709 -0.0948498 0.00743552 -0.0884178
0.00258757 -0.0948576 0.00744021 -0.0883925
0.00259218 -0.0948337  0.0074449 -0.0883672
0.00259682 -0.0948102  0.0074496 -0.0883419
0.00259723 -0.0948159 0.00745432 -0.0883165
0.00260173 -0.0947902 0.00745904 -0.0882911
0.00260615 -0.0947644 0.00746377 -0.0882656
0.00261035 -0.0947375 0.00746851 -0.0882401
0.00261454 -0.0947109 0.00747326 -0.0882146
0.00261872 -0.0946845 0.00747802  -0.088189
0.00262287 -0.0946583 0.00748278 -0.0881633
0.00262696 -0.0946324 0.00748756 -0.0881376
0.00263106 -0.0946071 0.00749235 -0.0881119
0.00263512 -0.0945823 0.00749714 -0.0880861
0.00263919  -0.094558 0.00750195 -0.0880603
0.00263972 -0.0945643 0.00750676 -0.0880344
0.00264067 -0.0945698 0.00751159 -0.0880084
0.00264574 -0.0945441 0.00751642 -0.0879825
 0.0026503 -0.0945171 0.00752126 -0.0879564
 0.0026546 -0.0944891 0.00752611 -0.0879304
0.00265896 -0.0944614 0.00753098 -0.0879042
0.00266328 -0.0944338 0.00753585 -0.0878781
0.00266754 -0.0944064 0.00754073 -0.0878519
0.00267178 -0.0943792 0.00754562 -0.0878256
0.00267597 -0.0943524 0.00755052 -0.0877993
0.00268017 -0.0943263 0.00755543  -0.087773
0.00268435 -0.0943008 0.00756035 -0.0877466
0.00268854 -0.0942758 0.00756527 -0.0877201
0.00269274 -0.0942511 0.00757021 -0.0876936
0.00269341 -0.0942565 0.00757516 -0.0876671
0.00269809 -0.0942313 0.00758012 -0.0876405
0.00270275 -0.0942063 0.00758508 -0.0876138
0.00270339 -0.0942096 0.00759006 -0.0875871
0.00270793 -0.0941822 0.00759505 -0.0875604
0.00271243 -0.0941547 0.00760004 -0.0875336
0.00271668 -0.0941261 0.00760505 -0.0875068
0.00272091 -0.0940979 0.00761007 -0.0874799
0.00272513 -0.0940697 0.00761509  -0.087453
0.00272932 -0.0940421 0.00762013  -0.087426
 0.0027335 -0.0940149 0.00762517  -0.087399
0.00273767 -0.0939882 0.00763023 -0.0873719
0.00274186 -0.0939621 0.00763529 -0.0873448
0.00274262 -0.0939655 0.00764036 -0.0873176
0.00274715 -0.0939391 0.00764545 -0.0872904
0.00275171  -0.093913 0.00765054 -0.0872631
0.00275599 -0.0938857 0.00765565 -0.0872358
0.00275679 -0.0938878 0.00766076 -0.0872084
0.00276133 -0.0938596 0.00766589  -0.087181
0.00276585 -0.0938316 0.00767102 -0.0871535
0.00277013 -0.0938025 0.00767616  -0.087126
0.00277444 -0.0937737 0.00768132 -0.0870984
0.00277872 -0.0937451 0.00768648 -0.0870708
0.00278298 -0.0937169 0.00769166 -0.0870431
0.00278724 -0.0936893 0.00769684 -0.0870154
0.00279151 -0.0936621 0.00770203 -0.0869876
0.00279577 -0.0936354 0.00770724 -0.0869598
0.00279675 -0.0936377 0.00771245 -0.0869319
0.00279809 -0.0936394 0.00771768  -0.086904
0.00280311 -0.0936114 0.00772291  -0.086876
 0.0028078 -0.0935822 0.00772816  -0.086848
0.00281227 -0.0935519 0.00773341 -0.0868199
0.00281669 -0.0935218 0.00773868 -0.0867918
0.00282117 -0.0934915 0.00774395 -0.0867636
0.00282555 -0.0934616 0.00774924 -0.0867354
0.00282994 -0.0934322 0.00775454 -0.0867071
0.00283432 -0.0934035 0.00775984 -0.0866788
0.00283872 -0.0933753 0.00776516 -0.0866504
0.00284314 -0.0933476 0.00777048  -0.086622
0.00284757 -0.0933205 0.00777582 -0.0865935
0.00285201 -0.0932938 0.00778117  -0.086565
0.00285329 -0.0932956 0.00778653 -0.0865364
0.00285495 -0.0932968  0.0077919 -0.0865077
0.00286016 -0.0932686 0.00779727  -0.086479
  0.002865 -0.0932391 0.00780266 -0.0864503
 0.0028697 -0.0932081 0.00780806 -0.0864215
0.00287445 -0.0931768 0.00781347 -0.0863927
0.00287915 -0.0931459 0.00781889 -0.0863638
0.00288374 -0.0931154 0.00782432 -0.0863348
0.00288828 -0.0930855 0.00782976 -0.0863058
 0.0028928 -0.0930561 0.00783522 -0.0862767
0.00289737 -0.0930274 0.00784068 -0.0862476
0.00290198 -0.0929992 0.00784615 -0.0862185
0.00290663 -0.0929716 0.00785164 -0.0861893
0.00291131 -0.0929443 0.00785713   -0.08616
 0.0029129 -0.0929452 0.00786264 -0.0861307
0.00291483 -0.0929452 0.00786815 -0.0861013
0.00292017 -0.0929164 0.00787368 -0.0860719
0.00292522 -0.0928863 0.00787921 -0.0860424
0.00293009 -0.0928549 0.00788476 -0.0860128
0.00293503 -0.0928235 0.00789032 -0.0859833
0.00294003 -0.0927921 0.00789589 -0.0859536
0.00294492 -0.0927609 0.00790147 -0.0859239
0.00294976 -0.0927303 0.00790706 -0.0858942
0.00295457 -0.0927002 0.00791266 -0.0858644
0.00295939 -0.0926706 0.00791827 -0.0858345
0.00296426 -0.0926415  0.0079239 -0.0858046
0.00296912 -0.0926129 0.00792953 -0.0857746
0.00297402 -0.0925847 0.00793517 -0.0857446
0.00297583 -0.0925841 0.00794083 -0.0857145
  0.002978 -0.0925828  0.0079465 -0.0856844
0.00298355 -0.0925531 0.00795217 -0.0856542
0.00298885 -0.0925221 0.00795786  -0.085624
0.00299396   -0.09249 0.00796356 -0.0855937
0.00299914 -0.0924579 0.00796927 -0.0855633
0.00300437 -0.0924257 0.00797499 -0.0855329
0.00300948 -0.0923937 0.00798073 -0.0855024
0.00301455 -0.0923623 0.00798647 -0.0854719
0.00301963 -0.0923315 0.00799222 -0.0854414
0.00302467 -0.0923011 0.00799799 -0.0854107
0.00302977 -0.0922713 0.00800377   -0.08538
0.0030349 -0.092242 0.00800955 -0.0853493
0.00304004  -0.092213 0.00801535 -0.0853185
0.00304213 -0.0922113 0.00802116 -0.0852877
0.00304458 -0.0922089 0.00802698 -0.0852567
0.00305036 -0.0921785 0.00803282 -0.0852258
0.00305588 -0.0921468 0.00803866 -0.0851948
0.00306122  -0.092114 0.00804452 -0.0851637
0.00306667 -0.0920811 0.00805038 -0.0851326
0.00307212 -0.0920481 0.00805626 -0.0851014
0.00307747 -0.0920154 0.00806215 -0.0850701
0.00308279 -0.0919832 0.00806805 -0.0850388
0.00308808 -0.0919515 0.00807396 -0.0850074
0.00309335 -0.0919204 0.00807988  -0.084976
0.00309865 -0.0918898 0.00808582 -0.0849446
0.00310397 -0.0918596 0.00809176  -0.084913
0.00310931 -0.0918298 0.00809772 -0.0848814
0.00311164 -0.0918269 0.00810369 -0.0848498
0.00311424  -0.091823 0.00810967 -0.0848181
0.00312019 -0.0917919 0.00811566 -0.0847863
0.00312586 -0.0917594 0.00812166 -0.0847545
 0.0031314 -0.0917259 0.00812768 -0.0847226
0.00313702 -0.0916923 0.00813371 -0.0846907
0.00314268 -0.0916587 0.00813974 -0.0846587
0.00314824 -0.0916253 0.00814579 -0.0846266
0.00315377 -0.0915925 0.00815185 -0.0845945
0.00315926 -0.0915602 0.00815793 -0.0845623
0.00316473 -0.0915284 0.00816401 -0.0845301
0.00317023  -0.091497 0.00817011 -0.0844978
0.00317577 -0.0914661 0.00817621 -0.0844655
0.00317828 -0.0914618 0.00818233 -0.0844331
0.00318111 -0.0914568 0.00818847 -0.0844006
0.00318724 -0.0914247 0.00819461 -0.0843681
0.00319313 -0.0913914 0.00820076 -0.0843355
0.00319887 -0.0913569 0.00820693 -0.0843029
0.00320472 -0.0913225 0.00821311 -0.0842702
0.00321056  -0.091288  0.0082193 -0.0842374
0.00321632 -0.0912539  0.0082255 -0.0842046
0.00322204 -0.0912202 0.00823172 -0.0841717
0.00322771  -0.091187 0.00823794 -0.0841387
0.00323338 -0.0911544 0.00824418 -0.0841057
0.00323908 -0.0911222 0.00825043 -0.0840727
 0.0032448 -0.0910905 0.00825669 -0.0840396
0.00325052 -0.0910592 0.00826296 -0.0840064
0.00325328  -0.091054 0.00826925 -0.0839731
0.00325635  -0.091048 0.00827555 -0.0839398
0.00326267 -0.0910154 0.00828186 -0.0839065
0.00326874 -0.0909815 0.00828818  -0.083873
0.00327468 -0.0909464 0.00829451 -0.0838395
 0.0032807 -0.0909113 0.00830086  -0.083806
0.00328674 -0.0908762 0.00830722 -0.0837724
0.00329269 -0.0908413 0.00831359 -0.0837387
0.00329858 -0.0908069 0.00831997  -0.083705
0.00330444 -0.0907729 0.00832637 -0.0836712
 0.0033103 -0.0907395 0.00833278 -0.0836373
0.00331617 -0.0907066  0.0083392 -0.0836034
0.00331904 -0.0906995 0.00834563 -0.0835694
0.00332223 -0.0906918 0.00835207 -0.0835354
0.00332865 -0.0906579 0.00835853 -0.0835013
0.00333488 -0.0906229   0.008365 -0.0834671
0.00334097 -0.0905868 0.00837148 -0.0834329
0.00334714 -0.0905507 0.00837797 -0.0833986
0.00335334 -0.0905146 0.00838448 -0.0833642
0.00335944 -0.0904789   0.008391 -0.0833298
 0.0033655 -0.0904436 0.00839753 -0.0832953
0.00337154 -0.0904089 0.00840407 -0.0832608
0.00337755 -0.0903747 0.00841063 -0.0832262
0.00338361  -0.090341  0.0084172 -0.0831915
0.00338968 -0.0903077 0.00842378 -0.0831568
0.00339277 -0.0902999 0.00843037  -0.083122
0.00339617 -0.0902915 0.00843698 -0.0830871
0.00340281 -0.0902571  0.0084436 -0.0830522
0.00340921 -0.0902215 0.00845023 -0.0830172
0.00341547 -0.0901849 0.00845687 -0.0829822
0.00342183 -0.0901482 0.00846353 -0.0829471
0.00342821 -0.0901115  0.0084702 -0.0829119
 0.0034345 -0.0900751 0.00847688 -0.0828766
0.00344073 -0.0900392 0.00848357 -0.0828413
0.00344696 -0.0900038 0.00849028 -0.0828059
0.00345314 -0.0899689   0.008497 -0.0827705
0.00345936 -0.0899344 0.00850373  -0.082735
0.00346561 -0.0899004 0.00851047 -0.0826994
 0.0034689 -0.0898914 0.00851723 -0.0826638
0.00347248 -0.0898818  0.008524 -0.082628
0.00347925 -0.0898465 0.00853078 -0.0825923
0.00348581 -0.0898102 0.00853757 -0.0825564
0.00349222 -0.0897728 0.00854438 -0.0825205
0.00349864 -0.0897357 0.00855119 -0.0824845
0.00350517 -0.0896985 0.00855802 -0.0824484
0.00351166 -0.0896614 0.00856486 -0.0824123
0.00351808 -0.0896248 0.00857172 -0.0823761
0.00352447 -0.0895886 0.00857858 -0.0823398
0.00353085 -0.0895529 0.00858546 -0.0823035
0.00353726 -0.0895177 0.00859235 -0.0822671
 0.0035407 -0.0895072 0.00859925 -0.0822306
0.00354447 -0.0894962 0.00860617 -0.0821941
0.0035514  -0.08946  0.0086131 -0.0821575
 0.0035581 -0.0894228 0.00862004 -0.0821208
0.00356472 -0.0893845 0.00862699  -0.082084
 0.0035714 -0.0893463 0.00863395 -0.0820472
0.00357809  -0.089308 0.00864093 -0.0820103
0.00358472 -0.0892701 0.00864792 -0.0819733
 0.0035913 -0.0892326 0.00865492 -0.0819363
0.00359784 -0.0891956 0.00866194 -0.0818992
0.00360435 -0.0891592 0.00866896  -0.081862
0.00361093 -0.0891233   0.008676 -0.0818247
0.00361753 -0.0890877 0.00868306 -0.0817874
 0.0036212 -0.0890764 0.00869012   -0.08175
0.00362518 -0.0890646  0.0086972 -0.0817125
0.00363228 -0.0890279 0.00870429  -0.081675
0.00363915 -0.0889902 0.00871139 -0.0816374
0.00364591 -0.0889513 0.00871851 -0.0815997
0.00365276 -0.0889125 0.00872564 -0.0815619
0.00365963 -0.0888736 0.00873278 -0.0815241
0.00366642  -0.088835 0.00873993 -0.0814862
0.00367315 -0.0887968  0.0087471 -0.0814482
0.00367987 -0.0887592 0.00875428 -0.0814102
0.00368653  -0.088722 0.00876147 -0.0813721
0.00369036 -0.0887089 0.00876868 -0.0813339
0.00369444 -0.0886953  0.0087759 -0.0812956
0.00370162 -0.0886574 0.00878313 -0.0812573
0.00370864 -0.0886185 0.00879037 -0.0812189
0.00371558 -0.0885786 0.00879763 -0.0811804
0.00372257 -0.0885388  0.0088049 -0.0811418
0.00372959  -0.088499 0.00881218 -0.0811032
0.00373653 -0.0884595 0.00881948 -0.0810645
0.00374345 -0.0884206 0.00882679 -0.0810257
0.00375031 -0.0883821 0.00883411 -0.0809868
0.00375718 -0.0883442 0.00884145 -0.0809479
0.00376406 -0.0883067  0.0088488 -0.0809089
0.00376812 -0.0882929 0.00885616 -0.0808698
0.00377243 -0.0882786 0.00886354 -0.0808307
0.00377982 -0.0882403 0.00887093 -0.0807914
0.00378701  -0.088201 0.00887833 -0.0807521
0.00379411 -0.0881606 0.00888574 -0.0807127
0.00380127 -0.0881203 0.00889317 -0.0806733
0.00380848 -0.0880799 0.00890062 -0.0806338
0.00381559 -0.0880399 0.00890807 -0.0805941
0.00382268 -0.0880003 0.00891554 -0.0805545
0.00382974 -0.0879612 0.00892302 -0.0805147
0.00383676 -0.0879226 0.00893052 -0.0804749
0.00384383 -0.0878844 0.00893803  -0.080435
0.00384799 -0.0878696 0.00894555  -0.080395
 0.0038525 -0.0878542 0.00895309 -0.0803549
0.00386006 -0.0878152 0.00896064 -0.0803148
0.00386742 -0.0877752  0.0089682 -0.0802746
0.00387469 -0.0877341 0.00897578 -0.0802343
0.00388201 -0.0876931 0.00898337 -0.0801939
0.00389666 -0.0876114 0.00899098 -0.0801535
0.00390391 -0.0875708  0.0089986 -0.0801129
0.00391114 -0.0875305 0.00900623 -0.0800723
0.00391833 -0.0874912 0.00901388 -0.0800317
0.00392243 -0.0874748 0.00902154 -0.0799909
0.00392695 -0.0874581 0.00902921 -0.0799501
0.00393183 -0.0874411  0.0090369 -0.0799092
0.00393955 -0.0873997  0.0090446 -0.0798682
0.00394706 -0.0873573 0.00905231 -0.0798271
0.00395453 -0.0873139 0.00906004 -0.0797859
0.00396203 -0.0872705 0.00906779 -0.0797447
0.00396954 -0.0872273 0.00907554 -0.0797034
0.00397699 -0.0871847 0.00908331  -0.079662
0.00398438 -0.0871427  0.0090911 -0.0796206
0.00399173 -0.0871015 0.0090989 -0.079579
 0.0039991 -0.0870609 0.00910671 -0.0795374
0.0040065 -0.087021 0.00911454 -0.0794957
0.00401393 -0.0869816 0.00912238 -0.0794539
0.00402138 -0.0869426 0.00913024 -0.0794121
0.00402883 -0.0869041 0.00913811 -0.0793701
0.00403627 -0.0868659 0.00914599 -0.0793281
0.00404371 -0.0868279 0.00915389  -0.079286
0.00404821 -0.0868121  0.0091618 -0.0792439
0.00405307 -0.0867957 0.00916973 -0.0792016
0.00405826 -0.0867786 0.00917767 -0.0791593
0.00406632 -0.0867372 0.00918563 -0.0791168
0.00407424 -0.0866947  0.0091936 -0.0790743
0.00408214 -0.0866508 0.00920158 -0.0790318
0.00409006 -0.0866069 0.00920958 -0.0789891
0.00409796 -0.0865631 0.00921759 -0.0789464
0.00410578 -0.0865197 0.00922562 -0.0789035
0.00411355 -0.0864769 0.00923366 -0.0788606
0.00412126 -0.0864347 0.00924172 -0.0788176
0.00412896 -0.0863931 0.00924979 -0.0787746
0.00413672 -0.0863521 0.00925788 -0.0787314
0.00414448 -0.0863117 0.00926598 -0.0786882
0.00415225 -0.0862716  0.0092741 -0.0786449
0.00416002  -0.086232 0.00928223 -0.0786015
0.00416778 -0.0861926 0.00929037  -0.078558
0.00417258 -0.0861747 0.00929853 -0.0785144
0.00417765 -0.0861563  0.0093067 -0.0784708
0.00418574 -0.0861157 0.00931489  -0.078427
0.00419382  -0.086074  0.0093231 -0.0783832
0.00420177 -0.0860312 0.00933132 -0.0783393
0.00420977 -0.0859884 0.00933955 -0.0782954
0.00421781 -0.0859455  0.0093478 -0.0782513
 0.0042258 -0.0859027 0.00935606 -0.0782071
0.00423374 -0.0858603 0.00936434 -0.0781629
0.00423847 -0.0858393 0.00937264 -0.0781186
0.00424657 -0.0857969 0.00938094 -0.0780742
0.00425165 -0.0857759 0.00938927 -0.0780297
0.00425986 -0.0857322 0.00939761 -0.0779852
0.00426806 -0.0856888 0.00940596 -0.0779405
 0.0042762 -0.0856443 0.00941433 -0.0778958
 0.0042843 -0.0856002 0.00942271 -0.0778509
0.00429244 -0.0855562 0.00943111  -0.077806
0.00430053 -0.0855126 0.00943953  -0.077761
0.00430862 -0.0854695 0.00944796  -0.077716
0.00431667 -0.0854268  0.0094564 -0.0776708
0.00432169 -0.0854051 0.00946486 -0.0776255
0.00432693 -0.0853831 0.00947334 -0.0775802
0.00433248 -0.0853606 0.00948183 -0.0775348
0.00434108 -0.0853157 0.00949034 -0.0774893
0.00434956   -0.08527 0.00949886 -0.0774437
0.00435798 -0.0852232 0.0095074 -0.077398
0.00438331 -0.0850837 0.00951595 -0.0773522
0.00439171 -0.0850378 0.00952452 -0.0773064
0.00440012 -0.0849921  0.0095331 -0.0772604
0.00440844  -0.084948  0.0095417 -0.0772144
0.00441682 -0.0849045 0.00955032 -0.0771683
0.00442514 -0.0848621 0.00955895 -0.0771221
0.00443336 -0.0848203 0.00956759 -0.0770758
0.00443863 -0.0847992 0.00957626 -0.0770294
0.00444414 -0.0847777 0.00958494 -0.0769829
0.00445242 -0.0847353 0.00959363 -0.0769364
0.00446086  -0.084692 0.00960234 -0.0768897
0.00446916 -0.0846478 0.00961106  -0.076843
0.00447751 -0.0846035 0.00961981 -0.0767962
0.00448586 -0.0845592 0.00962856 -0.0767493
0.00449424 -0.0845151 0.00963734 -0.0767023
0.00449925 -0.0844913 0.00964612 -0.0766552
0.00450468 -0.0844671 0.00965493  -0.076608
0.00451328 -0.0844226 0.00966375 -0.0765608
0.00452192 -0.0843773 0.00967259 -0.0765134
0.00453054 -0.0843314 0.00968144  -0.076466
0.00453915 -0.0842856 0.00969031 -0.0764184
0.00454784   -0.08424  0.0096992 -0.0763708
0.00455645 -0.0841947  0.0097081 -0.0763231
0.00456506   -0.08415 0.00971701 -0.0762753
0.00457365 -0.0841058 0.00972595 -0.0762274
0.00457909 -0.0840815  0.0097349 -0.0761794
0.00458481  -0.084057 0.00974386 -0.0761313
0.00459348 -0.0840124 0.00975285 -0.0760831
0.00460229 -0.0839671 0.00976185 -0.0760349
0.00461112  -0.083921 0.00977086 -0.0759865
0.00462001 -0.0838747 0.00977989 -0.0759381
0.00462894 -0.0838287 0.00978894 -0.0758895
0.00463781  -0.083783 0.00979801 -0.0758409
0.00464349 -0.0837568 0.00980709 -0.0757922
0.00464927 -0.0837305 0.00981619 -0.0757434
0.00465827 -0.0836846  0.0098253 -0.0756945
0.00466735  -0.083638 0.00983443 -0.0756455
0.00467641 -0.0835909 0.00984358 -0.0755964
 0.0046855 -0.0835439 0.00985274 -0.0755472
0.00469461  -0.083497 0.00986192 -0.0754979
0.00470368 -0.0834505 0.00987112 -0.0754485
0.00471271 -0.0834044 0.00988034 -0.0753991
0.00471848 -0.0833776 0.00988957 -0.0753495
0.00472457 -0.0833505 0.00989881 -0.0752999
0.00473363 -0.0833043 0.00990808 -0.0752501
0.00474272 -0.0832574 0.00991736 -0.0752003
0.00475194 -0.0832097 0.00992666 -0.0751504
0.00476122 -0.0831622 0.00993598 -0.0751003
0.00477046 -0.0831147 0.00994531 -0.0750502
0.00477973 -0.0830675 0.00995466     -0.075
0.00478591  -0.083039 0.00996402 -0.0749497
  0.004792 -0.0830104 0.00997341 -0.0748993
0.00480126  -0.082963 0.00998281 -0.0748488
0.00481056  -0.082915 0.00999223 -0.0747982
0.00481994 -0.0828663  0.0100017 -0.0747475
0.00482936 -0.0828179  0.0100111 -0.0746967
0.00483879 -0.0827695  0.0100206 -0.0746458
0.00484814 -0.0827215  0.0100301 -0.0745948
0.00485454 -0.0826918  0.0100396 -0.0745437
0.00486077  -0.082662  0.0100491 -0.0744926
0.00486744 -0.0826321  0.0100586 -0.0744413
0.00487698 -0.0825826  0.0100682 -0.0743899
0.00488657 -0.0825326  0.0100778 -0.0743385
0.00492511 -0.0823304  0.0100874 -0.0742869
0.00493471 -0.0822805   0.010097 -0.0742352
0.00494425  -0.082231  0.0101066 -0.0741835
0.00495362 -0.0821829  0.0101162 -0.0741316
 0.0049629 -0.0821355  0.0101259 -0.0740797
0.00496932 -0.0821057  0.0101356 -0.0740276
0.00497598 -0.0820769  0.0101453 -0.0739755
0.00498277 -0.0820481   0.010155 -0.0739232
0.0049895 -0.082018  0.0101647 -0.0738709
0.00499907 -0.0819687  0.0101745 -0.0738184
0.00500864 -0.0819184  0.0101842 -0.0737659
0.00501818 -0.0818674   0.010194 -0.0737132
0.00502776 -0.0818165  0.0102038 -0.0736605
0.00503736  -0.081766  0.0102136 -0.0736076
0.00504697  -0.081716  0.0102235 -0.0735547
0.00505656 -0.0816667  0.0102333 -0.0735016
0.00506608 -0.0816181  0.0102432 -0.0734485
0.00507555 -0.0815702  0.0102531 -0.0733953
0.00508493 -0.0815229   0.010263 -0.0733419
0.00509423 -0.0814762  0.0102729 -0.0732885
0.00510352 -0.0814299  0.0102829 -0.0732349
 0.0051102 -0.0814008  0.0102929 -0.0731813
0.00511707 -0.0813712  0.0103028 -0.0731275
0.00512412 -0.0813412  0.0103128 -0.0730737
0.00513397 -0.0812927  0.0103229 -0.0730197
0.00514401 -0.0812433  0.0103329 -0.0729657
0.00515415  -0.081193   0.010343 -0.0729115
0.00516431 -0.0811427   0.010353 -0.0728573
0.00517451 -0.0810925  0.0103631 -0.0728029
0.00518465 -0.0810426  0.0103732 -0.0727484
0.00519481 -0.0809932  0.0103834 -0.0726939
0.00520481 -0.0809443  0.0103935 -0.0726392
 0.0052122 -0.0809118  0.0104037 -0.0725844
0.00521937 -0.0808793  0.0104139 -0.0725295
0.00522669 -0.0808467  0.0104241 -0.0724746
0.00523685 -0.0807965  0.0104343 -0.0724195
 0.0052471 -0.0807458  0.0104445 -0.0723643
0.00525754 -0.0806942 0.0104548 -0.072309
0.00526796 -0.0806428  0.0104651 -0.0722536
0.00527838 -0.0805914  0.0104754 -0.0721981
0.00528876 -0.0805405  0.0104857 -0.0721425
0.00529901   -0.08049   0.010496 -0.0720868
0.00530912   -0.08044 0.0105064 -0.072031
0.00531683 -0.0804058  0.0105168 -0.0719751
0.00532433 -0.0803716 0.0105272 -0.071919
0.00533184 -0.0803372  0.0105376 -0.0718629
0.00534224 -0.0802861   0.010548 -0.0718067
 0.0053526 -0.0802343  0.0105585 -0.0717503
0.00536319 -0.0801818  0.0105689 -0.0716939
0.00537383 -0.0801293  0.0105794 -0.0716373
0.00538445 -0.0800769  0.0105899 -0.0715807
0.00539491 -0.0800249  0.0106005 -0.0715239
0.00540523 -0.0799733  0.010611 -0.071467
0.00541345 -0.0799367 0.0106216  -0.07141
0.00542147 -0.0799002  0.0106321 -0.0713529
0.00542931 -0.0798637  0.0106428 -0.0712957
0.00543988 -0.0798113  0.0106534 -0.0712384
0.00545039 -0.0797583  0.010664 -0.071181
0.00546097 -0.0797046  0.0106747 -0.0711235
0.00547158  -0.079651  0.0106854 -0.0710659
0.00548218 -0.0795976  0.0106961 -0.0710081
0.00549264 -0.0795445  0.0107068 -0.0709503
0.00553717 -0.0793364  0.0107175 -0.0708923
0.00554797 -0.0792827  0.0107283 -0.0708343
0.00555874 -0.0792292  0.0107391 -0.0707761
0.00556939 -0.0791739  0.0107499 -0.0707178
0.00558005  -0.079119  0.0107607 -0.0706594
0.00559046 -0.0790649  0.0107715 -0.0706009
0.00560065 -0.0790114  0.0107824 -0.0705423
0.00561076 -0.0789586  0.0107933 -0.0704836
 0.0056207 -0.0789066  0.0108042 -0.0704247
0.00562897 -0.0788689  0.0108151 -0.0703658
  0.005637 -0.0788315   0.010826 -0.0703067
0.00564483 -0.0787943   0.010837 -0.0702475
0.00565281 -0.0787562   0.010848 -0.0701883
0.00566316 -0.0787031   0.010859 -0.0701289
0.00567352 -0.0786494    0.01087 -0.0700694
0.00568399 -0.0785951   0.010881 -0.0700097
0.00569452  -0.078541 0.0108921  -0.06995
0.00570504 -0.0784873  0.0109032 -0.0698902
0.00571547 -0.0784341  0.0109143 -0.0698302
0.00572423 -0.0783943  0.0109254 -0.0697702
0.00573291 -0.0783551 0.0109365  -0.06971
 0.0057414 -0.0783161  0.0109477 -0.0696497
0.00575226  -0.078263  0.0109589 -0.0695893
0.00576305 -0.0782096  0.0109701 -0.0695288
0.00577382 -0.0781555  0.0109813 -0.0694681
0.00578461 -0.0781017  0.0109926 -0.0694074
0.00579378 -0.0780602  0.0110038 -0.0693465
 0.005803 -0.078019  0.0110151 -0.0692855
0.00581218  -0.077978  0.0110264 -0.0692244
0.00582333 -0.0779236  0.0110377 -0.0691632
 0.0058345 -0.0778689  0.0110491 -0.0691019
0.00584559 -0.0778138  0.0110605 -0.0690405
0.00585672 -0.0777591  0.0110718 -0.0689789
0.00586626 -0.0777161  0.0110833 -0.0689173
0.00587585 -0.0776735  0.0110947 -0.0688555
0.00588538 -0.0776312  0.0111061 -0.0687936
0.00589674 -0.0775761  0.0111176 -0.0687316
0.00590808 -0.0775209  0.0111291 -0.0686694
0.00591936 -0.0774652  0.0111406 -0.0686072
0.00593067 -0.0774098  0.0111522 -0.0685448
0.00594051 -0.0773657  0.0111637 -0.0684823
0.00595033 -0.0773218  0.0111753 -0.0684197
0.00596017 -0.0772784 0.0111869 -0.068357
0.00597013 -0.0772341  0.0111985 -0.0682942
0.00598015 -0.0771891  0.0112102 -0.0682312
0.00599179 -0.0771318  0.0112218 -0.0681681
0.00600339 -0.0770742  0.0112335 -0.0681049
0.00601496 -0.0770161  0.0112452 -0.0680416
0.00602653 -0.0769585  0.0112569 -0.0679782
0.00603806 -0.0769012  0.0112687 -0.0679146
 0.0060496 -0.0768445 0.0112805 -0.067851
0.00605975 -0.0767985  0.0112923 -0.0677872
 0.0060699 -0.0767531  0.0113041 -0.0677233
0.00608005  -0.076708  0.0113159 -0.0676592
0.00609027 -0.0766622  0.0113278 -0.0675951
0.00610058 -0.0766157  0.0113396 -0.0675308
0.00611099 -0.0765679  0.0113515 -0.0674664
0.00612146 -0.0765188  0.0113635 -0.0674019
0.00613333 -0.0764592  0.0113754 -0.0673373
0.00614518 -0.0763992  0.0113874 -0.0672725
  0.006157 -0.0763391  0.0113994 -0.0672076
 0.0061688 -0.0762793  0.0114114 -0.0671426
0.00621359 -0.0760613  0.0114234 -0.0670775
0.00622432 -0.0760111  0.0114355 -0.0670123
0.00623509 -0.0759609  0.0114476 -0.0669469
0.00624575 -0.0759118  0.0114597 -0.0668814
0.00625644 -0.0758623  0.0114718 -0.0668158
0.00626689 -0.0758134  0.0114839 -0.0667501
 0.0062773 -0.0757638  0.0114961 -0.0666842
0.00628768 -0.0757136  0.0115083 -0.0666182
 0.0062981 -0.0756625  0.0115205 -0.0665521
0.00630857 -0.0756108  0.0115327 -0.0664859
 0.0063191 -0.0755586   0.011545 -0.0664195
0.00632967 -0.0755059  0.0115573 -0.0663531
0.00634134 -0.0754452  0.0115696 -0.0662865
0.00635301 -0.0753846  0.0115819 -0.0662197
0.00636466 -0.0753243  0.0115942 -0.0661529
0.00637631 -0.0752646  0.0116066 -0.0660859
0.00638696 -0.0752129   0.011619 -0.0660188
0.00639763 -0.0751621  0.0116314 -0.0659516
0.00640831  -0.075112  0.0116439 -0.0658842
0.00641903 -0.0750618  0.0116563 -0.0658167
0.00642982 -0.0750113  0.0116688 -0.0657491
0.00644071 -0.0749601  0.0116813 -0.0656814
 0.0064517 -0.0749083  0.0116938 -0.0656135
0.00646281 -0.0748557  0.0117064 -0.0655455
0.00647399 -0.0748023   0.011719 -0.0654774
0.00648528 -0.0747483  0.0117316 -0.0654091
0.00649665 -0.0746938  0.0117442 -0.0653408
0.00650899 -0.0746324  0.0117568 -0.0652723
0.00652133 -0.0745711  0.0117695 -0.0652036
0.00653282 -0.0745158  0.0117822 -0.0651349
0.00654433 -0.0744611 0.0117949 -0.065066
0.00655587 -0.0744068 0.0118077 -0.064997
0.00656743 -0.0743526  0.0118204 -0.0649278
0.00657899 -0.0742983  0.0118332 -0.0648585
0.00659064 -0.0742438   0.011846 -0.0647891
0.00660231 -0.0741889  0.0118588 -0.0647196
0.00661405 -0.0741337  0.0118717 -0.0646499
0.00662586  -0.074078  0.0118846 -0.0645801
0.00663773 -0.0740219  0.0118975 -0.0645102
0.00664963 -0.0739655  0.0119104 -0.0644401
 0.0066616 -0.0739088  0.0119234 -0.0643699
 0.0066736 -0.0738517  0.0119363 -0.0642996
0.00668564 -0.0737945  0.0119493 -0.0642291
0.00669774  -0.073737  0.0119624 -0.0641585
0.00670984 -0.0736794  0.0119754 -0.0640878
  0.006722 -0.0736216 0.0119885 -0.064017
0.00673418 -0.0735636 0.0120016 -0.063946
0.00674638 -0.0735056  0.0120147 -0.0638748
0.00675861 -0.0734474  0.0120278 -0.0638036
0.00677088  -0.073389   0.012041 -0.0637321
0.00678317 -0.0733305  0.0120542 -0.0636606
0.00679547 -0.0732719  0.0120674 -0.0635889
0.00680783 -0.0732131  0.0120807 -0.0635171
0.00682021 -0.0731541  0.0120939 -0.0634451
0.00683261  -0.073095 0.0121072 -0.063373
0.00684503 -0.0730358  0.0121206 -0.0633008
0.00685751 -0.0729763  0.0121339 -0.0632284
0.00687001 -0.0729168  0.0121473 -0.0631559
0.00688253  -0.072857  0.0121607 -0.0630832
0.00689506 -0.0727971  0.0121741 -0.0630104
0.00690766 -0.0727371  0.0121876 -0.0629374
0.00692025 -0.0726768   0.012201 -0.0628644
0.00695823 -0.0724954  0.0122145 -0.0627911
0.00697091 -0.0724348   0.012228 -0.0627178
0.00698361 -0.0723743  0.0122416 -0.0626443
0.00699629 -0.0723133  0.0122552 -0.0625708
0.00700895 -0.0722524  0.0122687 -0.0624971
0.00702164 -0.0721912  0.0122823 -0.0624233
0.00703415 -0.0721307   0.012296 -0.0623494
0.00704658 -0.0720702  0.0123096 -0.0622754
0.00705898 -0.0720097  0.0123233 -0.0622014
0.00707138 -0.0719492  0.0123369 -0.0621272
0.00708384 -0.0718887  0.0123506 -0.0620531
0.00709635 -0.0718282  0.0123643 -0.0619789
0.00710888 -0.0717676   0.012378 -0.0619046
0.00712148  -0.071707  0.0123917 -0.0618303
 0.0071341 -0.0716463 0.0124054 -0.061756
0.00714674 -0.0715858  0.0124191 -0.0616817
0.00715933 -0.0715257  0.0124328 -0.0616073
0.00717193 -0.0714657 0.0124466 -0.061533
0.00718451 -0.0714061  0.0124603 -0.0614587
0.00719708 -0.0713467   0.012474 -0.0613844
0.00720967 -0.0712876  0.0124877 -0.0613101
0.00722225 -0.0712286  0.0125015 -0.0612358
0.00723482 -0.0711697  0.0125152 -0.0611616
0.00724741 -0.0711109  0.0125289 -0.0610874
0.00726001 -0.0710522  0.0125426 -0.0610132
0.00727264 -0.0709936 0.0125563 -0.060939
0.00728526  -0.070935  0.0125701 -0.0608649
0.00729791 -0.0708764  0.0125838 -0.0607909
0.00731061 -0.0708178  0.0125975 -0.0607168
0.00732329 -0.0707593  0.0126112 -0.0606428
0.00733599 -0.0707007  0.0126249 -0.0605689
0.00734873 -0.0706422 0.0126386 -0.060495
0.00736148 -0.0705836  0.0126523 -0.0604211
0.00737425  -0.070525  0.0126659 -0.0603473
0.00738698 -0.0704657  0.0126796 -0.0602735
0.00739979 -0.0704072  0.0126933 -0.0601998
0.00741262 -0.0703487  0.012707 -0.060126
0.00742551 -0.0702901  0.0127206 -0.0600524
 0.0074384 -0.0702316  0.0127343 -0.0599787
0.00745132  -0.070173   0.012748 -0.0599051
0.00746427 -0.0701145  0.0127616 -0.0598316
0.00747722 -0.0700559  0.0127753 -0.0597581
 0.0074902 -0.0699973   0.012789 -0.0596846
0.00750319 -0.0699386  0.0128026 -0.0596112
 0.0075162 -0.0698799  0.0128163 -0.0595378
0.00752922 -0.0698213  0.0128299 -0.0594644
0.00754227 -0.0697625  0.0128435 -0.0593911
0.00755535 -0.0697038  0.0128572 -0.0593178
0.00756843  -0.069645  0.0128708 -0.0592445
0.00758154 -0.0695862  0.0128845 -0.0591713
0.00759465 -0.0695273  0.0128981 -0.0590981
0.00760781 -0.0694684 0.0129117 -0.059025
0.00762097 -0.0694095  0.0129253 -0.0589519
0.00763418 -0.0693506   0.012939 -0.0588788
0.00764739 -0.0692916  0.0129526 -0.0588058
0.00766061 -0.0692326  0.0129662 -0.0587328
0.00767388 -0.0691736  0.0129798 -0.0586598
0.00768715 -0.0691145  0.0129934 -0.0585869
0.00770044 -0.0690555  0.013007 -0.058514
0.00771376 -0.0689964  0.0130206 -0.0584412
 0.0077271 -0.0689373  0.0130342 -0.0583684
0.00774047 -0.0688781  0.0130478 -0.0582956
0.00775384  -0.068819  0.0130614 -0.0582229
0.00776723 -0.0687598   0.013075 -0.0581502
0.00780758  -0.068582  0.0130886 -0.0580775
0.00782108 -0.0685225  0.0131022 -0.0580049
0.00783458 -0.0684628  0.0131157 -0.0579323
0.00784812 -0.0684029  0.0131293 -0.0578598
0.00786167  -0.068343  0.0131429 -0.0577873
0.00787526 -0.0682828  0.0131565 -0.0577148
0.00788862 -0.0682237    0.01317 -0.0576424
0.00790191 -0.0681649 0.0131836  -0.05757
0.00791512 -0.0681063  0.0131972 -0.0574977
0.00792836  -0.068048  0.0132107 -0.0574254
0.00794157 -0.0679899  0.0132243 -0.0573531
0.00795484 -0.0679318  0.0132378 -0.0572809
0.00796808  -0.067874  0.0132514 -0.0572087
0.00798134 -0.0678163  0.0132649 -0.0571365
 0.0079946 -0.0677588  0.0132785 -0.0570644
0.00800789 -0.0677013   0.013292 -0.0569923
0.00802124 -0.0676439  0.0133055 -0.0569203
0.00803457 -0.0675865  0.0133191 -0.0568483
0.00804797 -0.0675289  0.0133326 -0.0567764
0.00806141 -0.0674712  0.0133461 -0.0567045
0.00807486 -0.0674135  0.0133596 -0.0566326
0.00808836 -0.0673558  0.0133732 -0.0565607
0.00810186 -0.0672981  0.0133867 -0.0564889
0.00811537 -0.0672406  0.0134002 -0.0564172
0.00812887 -0.0671828  0.0134137 -0.0563455
0.00814233 -0.0671249  0.0134272 -0.0562738
0.00815588 -0.0670669  0.0134407 -0.0562022
0.00816946 -0.0670091  0.0134542 -0.0561306
0.00818309 -0.0669513 0.0134677 -0.056059
0.00819674 -0.0668939  0.0134812 -0.0559875
0.00821046 -0.0668363 0.0134947 -0.055916
0.00822419 -0.0667787  0.0135082 -0.0558446
0.00823793  -0.066721  0.0135216 -0.0557732
0.00825171 -0.0666633  0.0135351 -0.0557018
0.00826625 -0.0666002  0.0135486 -0.0556305
0.00828078 -0.0665373  0.0135621 -0.0555593
0.00829531 -0.0664745 0.0135755 -0.055488
0.00830982  -0.066412   0.013589 -0.0554168
0.00832431 -0.0663501  0.0136025 -0.0553457
0.00833879 -0.0662884  0.0136159 -0.0552746
0.00835332 -0.0662272  0.0136294 -0.0552035
0.00836783 -0.0661662  0.0136428 -0.0551325
0.00838232 -0.0661055  0.0136563 -0.0550615
0.00839683 -0.0660451  0.0136697 -0.0549906
0.00841132 -0.0659849  0.0136832 -0.0549197
0.00842582 -0.0659249  0.0136966 -0.0548488
0.00844034 -0.0658649   0.01371 -0.054778
0.00845488 -0.0658049  0.0137235 -0.0547072
0.00846942  -0.065745  0.0137369 -0.0546365
0.00848398 -0.0656852  0.0137503 -0.0545658
0.00849854 -0.0656253  0.0137637 -0.0544951
0.00851313 -0.0655654  0.0137772 -0.0544245
0.00852772 -0.0655054 0.0137906 -0.054354
0.00854231 -0.0654456   0.013804 -0.0542834
0.00855685 -0.0653856  0.0138174 -0.0542129
0.00857138 -0.0653254  0.0138308 -0.0541425
0.00858596 -0.0652653  0.0138442 -0.0540721
0.00860054 -0.0652051  0.0138576 -0.0540017
0.00861516 -0.0651449   0.013871 -0.0539314
0.00862972 -0.0650845  0.0138844 -0.0538612
0.00864429 -0.0650239  0.0138978 -0.0537909
 0.0086589 -0.0649636  0.0139112 -0.0537207
0.00867349 -0.0649032  0.0139245 -0.0536506
0.00868807 -0.0648427  0.0139379 -0.0535805
0.00870266 -0.0647821  0.0139513 -0.0535104
0.00871721 -0.0647215  0.0139647 -0.0534404
0.00873176 -0.0646607   0.013978 -0.0533705
0.00874631 -0.0645999  0.0139914 -0.0533005
0.00876086 -0.0645391  0.0140047 -0.0532306
0.00877539 -0.0644781  0.0140181 -0.0531608
0.00878993 -0.0644171 0.0140314 -0.053091
0.00880445  -0.064356  0.0140448 -0.0530212
0.00881898 -0.0642949  0.0140581 -0.0529515
0.00883351 -0.0642337  0.0140715 -0.0528819
0.00884805 -0.0641724  0.0140848 -0.0528122
0.00886258 -0.0641111  0.0140981 -0.0527427
0.00887713 -0.0640497  0.0141115 -0.0526731
0.00889166 -0.0639883  0.0141248 -0.0526036
0.00890618 -0.0639268  0.0141381 -0.0525342
0.00892071 -0.0638653  0.0141514 -0.0524648
0.00893524 -0.0638037  0.0141648 -0.0523954
0.00894978 -0.0637421  0.0141781 -0.0523261
0.00896427 -0.0636804  0.0141914 -0.0522568
 0.0089788 -0.0636188  0.0142047 -0.0521876
0.00899334  -0.063557   0.014218 -0.0521184
0.00900794 -0.0634952  0.0142313 -0.0520493
 0.0090226 -0.0634333  0.0142446 -0.0519802
0.00903722 -0.0633714  0.0142579 -0.0519111
0.00905186 -0.0633094  0.0142712 -0.0518421
0.00906663 -0.0632475  0.0142844 -0.0517732
0.00908131 -0.0631855  0.0142977 -0.0517043
0.00909603 -0.0631234   0.014311 -0.0516354
0.00911084 -0.0630613  0.0143243 -0.0515666
0.00912559 -0.0629992  0.0143375 -0.0514978
0.00914044 -0.0629371  0.0143508 -0.0514291
0.00915522 -0.0628749  0.0143641 -0.0513604
0.00917003 -0.0628127  0.0143773 -0.0512917
0.00918495 -0.0627504  0.0143906 -0.0512231
 0.0091998 -0.0626882  0.0144038 -0.0511546
0.00921467 -0.0626259  0.0144171 -0.0510861
0.00922948 -0.0625635  0.0144303 -0.0510176
 0.0092444 -0.0625012  0.0144435 -0.0509492
0.00925945 -0.0624388  0.0144568 -0.0508808
0.00927441 -0.0623764    0.01447 -0.0508125
0.00928945  -0.062314  0.0144832 -0.0507442
 0.0093046 -0.0622516 0.0144965 -0.050676
0.00931961 -0.0621891  0.0145097 -0.0506078
0.00933469 -0.0621267  0.0145229 -0.0505397
0.00934987 -0.0620642  0.0145361 -0.0504716
0.00936495 -0.0620017  0.0145493 -0.0504035
0.00938016 -0.0619392  0.0145625 -0.0503356
0.00939525 -0.0618767  0.0145757 -0.0502676
0.00941038 -0.0618142  0.0145889 -0.0501997
0.00942564 -0.0617517  0.0146021 -0.0501318
0.00944093 -0.0616892 0.0146153 -0.050064
0.00945626 -0.0616267  0.0146285 -0.0499963
0.00947166 -0.0615643  0.0146417 -0.0499286
0.00948698 -0.0615018  0.0146548 -0.0498609
0.00950243 -0.0614393   0.014668 -0.0497933
0.00951778 -0.0613769  0.0146812 -0.0497257
0.00953328 -0.0613145  0.0146943 -0.0496582
0.00954875 -0.0612521  0.0147075 -0.0495907
0.00956427 -0.0611898  0.0147207 -0.0495233
0.00957979 -0.0611274  0.0147338 -0.0494559
0.00959521 -0.0610651   0.014747 -0.0493885
0.00961061 -0.0610027  0.0147601 -0.0493212
0.00962603 -0.0609404 0.0147733 -0.049254
0.00964148  -0.060878  0.0147864 -0.0491868
0.00965709 -0.0608158  0.0147995 -0.0491197
0.00967259 -0.0607535  0.0148127 -0.0490526
0.00968821 -0.0606913  0.0148258 -0.0489855
0.00970375 -0.0606291  0.0148389 -0.0489185
0.00971923 -0.0605668   0.014852 -0.0488516
0.00973477 -0.0605046  0.0148652 -0.0487847
0.00975035 -0.0604424  0.0148783 -0.0487178
0.00976592 -0.0603802 0.0148914 -0.048651
0.00978154  -0.060318  0.0149045 -0.0485843
0.00979713 -0.0602558  0.0149176 -0.0485176
0.00981276 -0.0601937  0.0149307 -0.0484509
 0.0098284 -0.0601315  0.0149438 -0.0483843
0.00984402 -0.0600694  0.0149569 -0.0483178
0.00985966 -0.0600073  0.0149699 -0.0482512
0.00987533 -0.0599452   0.014983 -0.0481848
0.00989099 -0.0598831  0.0149961 -0.0481184
0.00990665 -0.0598211 0.0150092 -0.048052
0.00992233  -0.059759  0.0150222 -0.0479857
 0.009938 -0.059697  0.0150353 -0.0479195
0.00995369 -0.0596349  0.0150484 -0.0478532
0.00996939 -0.0595729  0.0150614 -0.0477871
 0.0099851 -0.0595109 0.0150745 -0.047721
 0.0100008 -0.0594489  0.0150875 -0.0476549
 0.0100165 -0.0593869  0.0151006 -0.0475889
 0.0100323 -0.0593249  0.0151136 -0.0475229
 0.010048 -0.059263 0.0151266 -0.047457
0.0100637 -0.059201  0.0151397 -0.0473912
0.0100795 -0.059139  0.0151527 -0.0473254
 0.0100953 -0.0590771  0.0151657 -0.0472596
  0.010111 -0.0590151  0.0151787 -0.0471939
 0.0101268 -0.0589532  0.0151918 -0.0471283
 0.0101426 -0.0588913  0.0152048 -0.0470627
 0.0101584 -0.0588293  0.0152178 -0.0469971
 0.0101742 -0.0587674  0.0152308 -0.0469316
   0.01019 -0.0587055  0.0152438 -0.0468661
 0.0102059 -0.0586436  0.0152568 -0.0468007
 0.0102217 -0.0585816  0.0152698 -0.0467354
 0.0102376 -0.0585197  0.0152827 -0.0466701
 0.0102534 -0.0584578  0.0152957 -0.0466049
 0.0102693 -0.0583959  0.0153087 -0.0465397
0.0102852 -0.058334  0.0153217 -0.0464745
 0.0103011 -0.0582721  0.0153346 -0.0464094
  0.010317 -0.0582102  0.0153476 -0.0463444
 0.0103329 -0.0581483  0.0153606 -0.0462794
 0.0103488 -0.0580864  0.0153735 -0.0462145
 0.0103648 -0.0580245  0.0153865 -0.0461496
 0.0103807 -0.0579626  0.0153994 -0.0460848
 0.0103967 -0.0579008 0.0154124  -0.04602
 0.0104127 -0.0578389  0.0154253 -0.0459553
0.0104286 -0.057777  0.0154383 -0.0458906
 0.0104447 -0.0577151 0.0154512 -0.045826
 0.0104607 -0.0576532  0.0154641 -0.0457614
 0.0104767 -0.0575913   0.015477 -0.0456969
 0.0104928 -0.0575294    0.01549 -0.0456325
 0.0105088 -0.0574675  0.0155029 -0.0455681
 0.0105249 -0.0574056  0.0155158 -0.0455037
  0.010541 -0.0573437  0.0155287 -0.0454394
 0.0105571 -0.0572818  0.0155416 -0.0453752
 0.0105732 -0.0572199 0.0155545 -0.045311
0.0105894 -0.057158  0.0155674 -0.0452468
 0.0106056 -0.0570961  0.0155803 -0.0451828
 0.0106218 -0.0570342  0.0155932 -0.0451187
  0.010638 -0.0569723   0.015606 -0.0450548
 0.0106542 -0.0569104  0.0156189 -0.0449908
 0.0106704 -0.0568485 0.0156318 -0.044927
 0.0106866 -0.0567865  0.0156447 -0.0448632
 0.0107029 -0.0567246  0.0156575 -0.0447994
 0.0107192 -0.0566627  0.0156704 -0.0447357
  0.010734 -0.0565992 0.0156832 -0.044672
 0.0107489 -0.0565358  0.0156961 -0.0446084
 0.0107638 -0.0564724  0.0157089 -0.0445449
 0.0107787 -0.0564091  0.0157218 -0.0444814
 0.0107935 -0.0563457 0.0157346 -0.044418
 0.0108082 -0.0562824  0.0157474 -0.0443546
 0.0108229 -0.0562192  0.0157603 -0.0442913
0.0108376 -0.056156 0.0157731 -0.044228
 0.0108522 -0.0560928  0.0157859 -0.0441648
 0.0108668 -0.0560296  0.0157987 -0.0441017
 0.0108816 -0.0559665  0.0158115 -0.0440386
 0.0108963 -0.0559034  0.0158243 -0.0439755
 0.0109111 -0.0558404  0.0158371 -0.0439125
 0.0109259 -0.0557775  0.0158499 -0.0438496
 0.0109408 -0.0557145  0.0158627 -0.0437867
 0.0109558 -0.0556517  0.0158755 -0.0437239
 0.0109707 -0.0555888  0.0158883 -0.0436612
0.0109857 -0.055526  0.0159011 -0.0435984
 0.0110007 -0.0554633  0.0159139 -0.0435358
 0.0110157 -0.0554006  0.0159266 -0.0434732
 0.0110308 -0.0553379  0.0159394 -0.0434107
 0.0110459 -0.0552753  0.0159521 -0.0433482
 0.0110611 -0.0552127  0.0159649 -0.0432858
 0.0110763 -0.0551501  0.0159777 -0.0432234
 0.0110915 -0.0550875  0.0159904 -0.0431611
0.0111068 -0.055025  0.0160031 -0.0430988
 0.0111222 -0.0549625  0.0160159 -0.0430366
0.0111375   -0.0549  0.0160286 -0.0429745
  0.011153 -0.0548375  0.0160413 -0.0429124
0.0111684 -0.054775  0.0160541 -0.0428504
 0.0111839 -0.0547126  0.0160668 -0.0427884
 0.0111995 -0.0546502  0.0160795 -0.0427265
 0.0112151 -0.0545878  0.0160922 -0.0426647
 0.0112307 -0.0545255  0.0161049 -0.0426029
 0.0112464 -0.0544632  0.0161176 -0.0425412
 0.0112621 -0.0544009  0.0161303 -0.0424795
 0.0112779 -0.0543386   0.016143 -0.0424179
 0.0112936 -0.0542763  0.0161557 -0.0423563
 0.0113095 -0.0542141  0.0161684 -0.0422948
 0.0113253 -0.0541518  0.0161811 -0.0422334
 0.0113412 -0.0540896 0.0161937 -0.042172
 0.0113571 -0.0540275  0.0162064 -0.0421107
 0.0113731 -0.0539653  0.0162191 -0.0420494
 0.0113891 -0.0539032  0.0162317 -0.0419882
 0.0114051 -0.0538411  0.0162444 -0.0419271
0.0114212 -0.053779  0.016257 -0.041866
0.0114372 -0.053717  0.0162697 -0.0418049
 0.0114534 -0.0536549 0.0162823 -0.041744
 0.0114695 -0.0535929   0.016295 -0.0416831
 0.0114857 -0.0535309  0.0163076 -0.0416222
 0.0115019 -0.0534689  0.0163202 -0.0415614
0.0115181 -0.053407  0.0163328 -0.0415007
 0.0115344 -0.0533451 0.0163455  -0.04144
 0.0115507 -0.0532832  0.0163581 -0.0413794
  0.011567 -0.0532213  0.0163707 -0.0413189
 0.0115833 -0.0531595  0.0163833 -0.0412584
 0.0115997 -0.0530977 0.0163959 -0.041198
0.0116161 -0.053036  0.0164085 -0.0411376
 0.0116325 -0.0529742  0.0164211 -0.0410773
  0.011649 -0.0529125 0.0164336 -0.041017
 0.0116654 -0.0528507  0.0164462 -0.0409569
 0.0116819 -0.0527891  0.0164588 -0.0408967
 0.0116984 -0.0527274  0.0164714 -0.0408367
 0.0117149 -0.0526658  0.0164839 -0.0407767
 0.0117315 -0.0526042  0.0164965 -0.0407167
  0.011748 -0.0525426   0.016509 -0.0406568
0.0117646 -0.052481 0.0165216 -0.040597
 0.0117812 -0.0524196  0.0165341 -0.0405373
 0.0117978 -0.0523581  0.0165467 -0.0404776
 0.0118145 -0.0522967 0.0165592 -0.040418
 0.0118311 -0.0522352  0.0165717 -0.0403584
 0.0118478 -0.0521738  0.0165843 -0.0402989
 0.0118645 -0.0521125  0.0165968 -0.0402394
 0.0118812 -0.0520511  0.0166093 -0.0401801
  0.011898 -0.0519898  0.0166218 -0.0401207
 0.0119147 -0.0519286  0.0166343 -0.0400615
 0.0119315 -0.0518674  0.0166468 -0.0400023
 0.0119483 -0.0518061  0.0166593 -0.0399431
 0.0119651 -0.0517449  0.0166718 -0.0398841
 0.0119819 -0.0516838  0.0166843 -0.0398251
 0.0119987 -0.0516226  0.0166968 -0.0397661
 0.0120156 -0.0515615  0.0167092 -0.0397073
 0.0120324 -0.0515005  0.0167217 -0.0396484
 0.0120493 -0.0514394  0.0167342 -0.0395897
 0.0120662 -0.0513783 0.0167466 -0.039531
 0.0120831 -0.0513174  0.0167591 -0.0394724
    0.0121 -0.0512564  0.0167715 -0.0394138
 0.0121169 -0.0511955   0.016784 -0.0393553
 0.0121339 -0.0511346  0.0167964 -0.0392969
 0.0121508 -0.0510737  0.0168088 -0.0392385
 0.0121678 -0.0510128  0.0168213 -0.0391802
0.0121848 -0.050952 0.0168337 -0.039122
 0.0122018 -0.0508912  0.0168461 -0.0390638
 0.0122188 -0.0508304  0.0168585 -0.0390057
 0.0122358 -0.0507697  0.0168709 -0.0389476
0.0122528 -0.050709  0.0168833 -0.0388897
 0.0122699 -0.0506483  0.0168957 -0.0388318
  0.012287 -0.0505877  0.0169081 -0.0387739
  0.012304 -0.0505271  0.0169205 -0.0387161
 0.0123211 -0.0504665  0.0169329 -0.0386584
 0.0123382 -0.0504059  0.0169453 -0.0386007
 0.0123553 -0.0503453  0.0169577 -0.0385432
 0.0123724 -0.0502848    0.01697 -0.0384856
 0.0123896 -0.0502243  0.0169824 -0.0384282
 0.0124067 -0.0501638  0.0169947 -0.0383708
 0.0124238 -0.0501034  0.0170071 -0.0383135
  0.012441 -0.0500431  0.0170194 -0.0382562
 0.0124582 -0.0499828 0.0170318 -0.038199
 0.0124754 -0.0499224  0.0170441 -0.0381419
0.0124926 -0.049862  0.0170564 -0.0380848
 0.0125097 -0.0498017  0.0170688 -0.0380278
 0.0125269 -0.0497414  0.0170811 -0.0379709
 0.0125442 -0.0496812  0.0170934 -0.0379141
0.0125614 -0.049621  0.0171057 -0.0378573
 0.0125786 -0.0495609   0.017118 -0.0378006
 0.0125959 -0.0495008  0.0171303 -0.0377439
 0.0126131 -0.0494407  0.0171426 -0.0376873
 0.0126304 -0.0493805  0.0171549 -0.0376308
 0.0126477 -0.0493205  0.0171672 -0.0375743
 0.0126649 -0.0492603 0.0171795 -0.037518
 0.0126822 -0.0492003  0.0171917 -0.0374616
 0.0126995 -0.0491403   0.017204 -0.0374054
 0.0127168 -0.0490802  0.0172163 -0.0373492
 0.0127341 -0.0490203  0.0172285 -0.0372931
 0.0127514 -0.0489604  0.0172408 -0.0372371
 0.0127687 -0.0489004   0.017253 -0.0371811
 0.0127861 -0.0488405  0.0172653 -0.0371252
 0.0128034 -0.0487805  0.0172775 -0.0370693
 0.0128381 -0.0486608  0.0172897 -0.0370136
 0.0128555 -0.0486007  0.0173019 -0.0369579
 0.0128729 -0.0485405  0.0173142 -0.0369022
 0.0128903 -0.0484807  0.0173264 -0.0368467
 0.0129077 -0.0484208  0.0173386 -0.0367912
 0.0129249 -0.0483619  0.0173508 -0.0367358
 0.0129419 -0.0483032   0.017363 -0.0366804
  0.012959 -0.0482447  0.0173752 -0.0366251
 0.0129761 -0.0481862  0.0173873 -0.0365699
 0.0129931 -0.0481276  0.0173995 -0.0365148
0.0130102 -0.048069  0.0174117 -0.0364597
 0.0130273 -0.0480106  0.0174239 -0.0364047
 0.0130444 -0.0479522   0.017436 -0.0363498
 0.0130616 -0.0478938  0.0174482 -0.0362949
 0.0130787 -0.0478354  0.0174603 -0.0362402
 0.0130959 -0.0477771  0.0174725 -0.0361854
 0.0131132 -0.0477188  0.0174846 -0.0361308
 0.0131304 -0.0476606  0.0174968 -0.0360762
 0.0131477 -0.0476024  0.0175089 -0.0360217
  0.013165 -0.0475442   0.017521 -0.0359673
 0.0131823 -0.0474861  0.0175331 -0.0359129
0.0131996 -0.047428  0.0175452 -0.0358586
0.0132169  -0.04737  0.0175574 -0.0358044
0.0132343 -0.047312  0.0175695 -0.0357503
 0.0132516 -0.0472541  0.0175816 -0.0356962
  0.013269 -0.0471962  0.0175936 -0.0356422
 0.0132864 -0.0471382  0.0176057 -0.0355883
 0.0133038 -0.0470803  0.0176178 -0.0355344
 0.0133213 -0.0470225  0.0176299 -0.0354806
 0.0133387 -0.0469646  0.0176419 -0.0354269
 0.0133561 -0.0469068   0.017654 -0.0353733
0.0133736 -0.046849  0.0176661 -0.0353197
 0.0133911 -0.0467913  0.0176781 -0.0352662
 0.0134086 -0.0467336  0.0176902 -0.0352128
  0.013426 -0.0466758  0.0177022 -0.0351595
 0.0134436 -0.0466181  0.0177142 -0.0351062
 0.0134611 -0.0465605 0.0177262 -0.035053
 0.0134786 -0.0465028  0.0177383 -0.0349999
 0.0134962 -0.0464452  0.0177503 -0.0349469
 0.0135137 -0.0463876  0.0177623 -0.0348939
0.0135313  -0.04633 0.0177743 -0.034841
 0.0135489 -0.0462724  0.0177863 -0.0347882
 0.0135665 -0.0462148  0.0177983 -0.0347354
  0.013584 -0.0461572  0.0178103 -0.0346827
 0.0136016 -0.0460996  0.0178222 -0.0346301
0.0136192 -0.046042  0.0178342 -0.0345776
 0.0136369 -0.0459844  0.0178462 -0.0345252
 0.0136545 -0.0459268  0.0178582 -0.0344728
0.0136721 -0.045869  0.0178701 -0.0344205
 0.0136897 -0.0458114  0.0178821 -0.0343683
 0.0137073 -0.0457537   0.017894 -0.0343161
  0.013725 -0.0456962 0.0179059 -0.034264
 0.0137427 -0.0456387 0.0179179 -0.034212
 0.0137604 -0.0455812  0.0179298 -0.0341601
 0.0137781 -0.0455237  0.0179417 -0.0341083
 0.0137958 -0.0454661  0.0179536 -0.0340565
 0.0138135 -0.0454085  0.0179655 -0.0340048
 0.0138313 -0.0453509  0.0179774 -0.0339532
  0.013849 -0.0452933  0.0179893 -0.0339017
 0.0138667 -0.0452358  0.0180012 -0.0338502
 0.0138845 -0.0451783  0.0180131 -0.0337988
 0.0139023 -0.0451209   0.018025 -0.0337475
 0.0139201 -0.0450633  0.0180369 -0.0336963
 0.0139378 -0.0450058  0.0180487 -0.0336451
 0.0139556 -0.0449482  0.0180606 -0.0335941
 0.0139734 -0.0448907  0.0180724 -0.0335431
 0.0139912 -0.0448332  0.0180843 -0.0334922
  0.014009 -0.0447757  0.0180961 -0.0334413
 0.0140269 -0.0447184   0.018108 -0.0333905
 0.0140447 -0.0446609  0.0181198 -0.0333399
 0.0140626 -0.0446034  0.0181316 -0.0332893
0.0140804 -0.044546  0.0181434 -0.0332387
 0.0140983 -0.0444885  0.0181552 -0.0331883
 0.0141162 -0.0444311   0.018167 -0.0331379
 0.0141342 -0.0443737  0.0181788 -0.0330876
 0.0141522 -0.0443164  0.0181906 -0.0330374
0.0141701 -0.044259  0.0182024 -0.0329873
 0.0141881 -0.0442017  0.0182142 -0.0329372
  0.014206 -0.0441444   0.018226 -0.0328873
  0.014224 -0.0440871  0.0182377 -0.0328374
 0.0142419 -0.0440298  0.0182495 -0.0327876
 0.0142598 -0.0439726  0.0182613 -0.0327378
 0.0142777 -0.0439154   0.018273 -0.0326882
 0.0142956 -0.0438583  0.0182847 -0.0326386
 0.0143135 -0.0438011  0.0182965 -0.0325891
0.0143314 -0.043744  0.0183082 -0.0325397
 0.0143493 -0.0436869  0.0183199 -0.0324904
 0.0143671 -0.0436299  0.0183317 -0.0324411
  0.014385 -0.0435728 0.0183434 -0.032392
 0.0144028 -0.0435158  0.0183551 -0.0323429
 0.0144207 -0.0434588  0.0183668 -0.0322939
 0.0144385 -0.0434019 0.0183785 -0.032245
0.0144563 -0.043345  0.0183901 -0.0321961
 0.0144741 -0.0432881  0.0184018 -0.0321474
 0.0144919 -0.0432313  0.0184135 -0.0320987
 0.0145097 -0.0431744  0.0184252 -0.0320501
 0.0145274 -0.0431177  0.0184368 -0.0320016
 0.0145452 -0.0430609  0.0184485 -0.0319532
 0.0145629 -0.0430042  0.0184601 -0.0319048
 0.0145806 -0.0429475  0.0184718 -0.0318566
 0.0145984 -0.0428909  0.0184834 -0.0318084
 0.0146161 -0.0428343   0.018495 -0.0317603
 0.0146338 -0.0427778  0.0185066 -0.0317123
 0.0146514 -0.0427213  0.0185182 -0.0316643
 0.0146691 -0.0426649  0.0185299 -0.0316165
 0.0146867 -0.0426084  0.0185415 -0.0315687
 0.0147044 -0.0425521   0.018553 -0.0315211
  0.014722 -0.0424958  0.0185646 -0.0314735
 0.0147396 -0.0424395 0.0185762 -0.031426
 0.0147572 -0.0423833  0.0185878 -0.0313785
 0.0147748 -0.0423271  0.0185994 -0.0313312
0.0147924 -0.042271  0.0186109 -0.0312839
0.0148099 -0.042215  0.0186225 -0.0312368
0.0148275 -0.042159   0.018634 -0.0311897
 0.014845 -0.042103  0.0186456 -0.0311427
 0.0148625 -0.0420471  0.0186571 -0.0310958
   0.01488 -0.0419913  0.0186686 -0.0310489
 0.0148975 -0.0419355  0.0186801 -0.0310022
  0.014915 -0.0418797  0.0186917 -0.0309555
 0.0149325 -0.0418241 0.0187032 -0.030909
 0.0149499 -0.0417684  0.0187147 -0.0308625
 0.0149673 -0.0417129  0.0187262 -0.0308161
 0.0149848 -0.0416574  0.0187376 -0.0307698
 0.0150022 -0.0416019  0.0187491 -0.0307235
 0.0150196 -0.0415465  0.0187606 -0.0306774
 0.0150369 -0.0414912  0.0187721 -0.0306313
 0.0150543 -0.0414359  0.0187835 -0.0305854
 0.0150717 -0.0413807   0.018795 -0.0305395
  0.015089 -0.0413256  0.0188064 -0.0304937
 0.0151063 -0.0412705 0.0188179 -0.030448
 0.0151237 -0.0412155  0.0188293 -0.0304024
 0.0151409 -0.0411605  0.0188407 -0.0303569
 0.0151582 -0.0411056  0.0188521 -0.0303114
 0.0151755 -0.0410508  0.0188635 -0.0302661
0.0151928 -0.040996   0.018875 -0.0302208
   0.01521 -0.0409413  0.0188864 -0.0301756
 0.0152273 -0.0408867  0.0188977 -0.0301305
 0.0152445 -0.0408321  0.0189091 -0.0300855
 0.0152617 -0.0407776  0.0189205 -0.0300406
 0.0152789 -0.0407232  0.0189319 -0.0299958
 0.0152961 -0.0406688  0.0189432 -0.0299511
 0.0153132 -0.0406145  0.0189546 -0.0299064
 0.0153304 -0.0405603  0.0189659 -0.0298619
 0.0153475 -0.0405061  0.0189773 -0.0298174
0.0153647 -0.040452  0.0189886 -0.0297731
 0.0153818 -0.0403979  0.0189999 -0.0297288
0.0153989 -0.040344  0.0190113 -0.0296846
  0.015416 -0.0402901  0.0190226 -0.0296405
 0.0154331 -0.0402362  0.0190339 -0.0295965
 0.0154502 -0.0401825  0.0190452 -0.0295526
 0.0154673 -0.0401288  0.0190565 -0.0295087
 0.0154844 -0.0400752 0.0190678 -0.029465
 0.0155014 -0.0400216   0.019079 -0.0294214
 0.0155184 -0.0399681  0.0190903 -0.0293778
 0.0155355 -0.0399147  0.0191016 -0.0293343
 0.0155525 -0.0398614 0.0191128 -0.029291
 0.0155695 -0.0398081  0.0191241 -0.0292477
 0.0155865 -0.0397549  0.0191353 -0.0292045
 0.0156035 -0.0397018  0.0191466 -0.0291614
 0.0156205 -0.0396487  0.0191578 -0.0291184
 0.0156374 -0.0395957   0.019169 -0.0290755
 0.0156544 -0.0395428  0.0191802 -0.0290327
 0.0156713 -0.0394899 0.0191914  -0.02899
 0.0156883 -0.0394372  0.0192026 -0.0289474
 0.0157052 -0.0393845  0.0192138 -0.0289048
 0.0157221 -0.0393318   0.019225 -0.0288624
  0.015739 -0.0392793 0.0192362  -0.02882
 0.0157559 -0.0392268  0.0192474 -0.0287778
 0.0157728 -0.0391744  0.0192585 -0.0287356
 0.0157897 -0.0391221  0.0192697 -0.0286936
 0.0158066 -0.0390698  0.0192808 -0.0286516
 0.0158235 -0.0390176   0.019292 -0.0286097
 0.0158403 -0.0389655  0.0193031 -0.0285679
 0.0158572 -0.0389135  0.0193142 -0.0285263
 0.0158741 -0.0388615  0.0193253 -0.0284847
 0.0158909 -0.0388096  0.0193365 -0.0284432
 0.0159077 -0.0387578  0.0193476 -0.0284018
0.0159246 -0.038706  0.0193586 -0.0283605
 0.0159414 -0.0386544  0.0193697 -0.0283193
 0.0159582 -0.0386028  0.0193808 -0.0282781
  0.015975 -0.0385512  0.0193919 -0.0282371
 0.0159918 -0.0384998   0.019403 -0.0281962
 0.0160086 -0.0384484   0.019414 -0.0281554
 0.0160254 -0.0383971  0.0194251 -0.0281147
 0.0160422 -0.0383459 0.0194361 -0.028074
  0.016059 -0.0382947  0.0194471 -0.0280335
 0.0160759 -0.0382437  0.0194582 -0.0279931
 0.0160927 -0.0381927  0.0194692 -0.0279527
 0.0161095 -0.0381417  0.0194802 -0.0279125
 0.0161264 -0.0380909  0.0194912 -0.0278724
 0.0161432 -0.0380401  0.0195022 -0.0278323
   0.01616 -0.0379894  0.0195132 -0.0277924
 0.0161769 -0.0379388  0.0195242 -0.0277525
 0.0161937 -0.0378882  0.0195352 -0.0277128
 0.0162106 -0.0378377  0.0195461 -0.0276731
 0.0162274 -0.0377873  0.0195571 -0.0276336
0.0162443 -0.037737   0.019568 -0.0275941
 0.0162611 -0.0376868   0.019579 -0.0275548
  0.016278 -0.0376364  0.0195899 -0.0275155
 0.0162948 -0.0375863  0.0196008 -0.0274764
 0.0163117 -0.0375363  0.0196118 -0.0274373
 0.0163285 -0.0374863  0.0196227 -0.0273984
 0.0163453 -0.0374365  0.0196336 -0.0273595
 0.0163621 -0.0373867  0.0196445 -0.0273208
 0.016379 -0.037337  0.0196554 -0.0272821
 0.0163958 -0.0372874  0.0196662 -0.0272436
 0.0164126 -0.0372378  0.0196771 -0.0272051
 0.0164295 -0.0371882   0.019688 -0.0271668
 0.0164463 -0.0371386  0.0196988 -0.0271285
 0.0164631 -0.0370892  0.0197097 -0.0270904
 0.0164799 -0.0370399  0.0197205 -0.0270523
 0.0164967 -0.0369906  0.0197314 -0.0270144
 0.0165135 -0.0369415  0.0197422 -0.0269765
 0.0165302 -0.0368924   0.019753 -0.0269388
  0.016547 -0.0368434  0.0197638 -0.0269012
 0.0165638 -0.0367945  0.0197746 -0.0268636
 0.0165805 -0.0367457  0.0197854 -0.0268262
0.0165972 -0.036697  0.0197962 -0.0267889
  0.016614 -0.0366483   0.019807 -0.0267517
 0.0166307 -0.0365998  0.0198178 -0.0267145
 0.0166474 -0.0365513  0.0198285 -0.0266775
 0.0166641 -0.0365029  0.0198393 -0.0266406
 0.0166808 -0.0364545    0.01985 -0.0266038
 0.0166975 -0.0364063  0.0198608 -0.0265671
 0.0167142 -0.0363582  0.0198715 -0.0265305
 0.0167309 -0.0363101 0.0198822 -0.026494
 0.0167475 -0.0362621  0.0198929 -0.0264576
 0.0167642 -0.0362142  0.0199036 -0.0264213
 0.0167808 -0.0361664  0.0199143 -0.0263851
 0.0167975 -0.0361186   0.019925 -0.0263491
0.0168141 -0.036071  0.0199357 -0.0263131
 0.0168308 -0.0360234  0.0199464 -0.0262772
 0.0168474 -0.0359759   0.019957 -0.0262415
  0.016864 -0.0359285  0.0199677 -0.0262058
 0.0168806 -0.0358812  0.0199783 -0.0261703
0.0168972 -0.035834   0.019989 -0.0261349
 0.0169138 -0.0357868  0.0199996 -0.0260995
 0.0169303 -0.0357397  0.0200102 -0.0260643
 0.0169469 -0.0356928  0.0200208 -0.0260292
 0.0169635 -0.0356459  0.0200314 -0.0259942
  0.01698 -0.035599   0.020042 -0.0259593
 0.0169965 -0.0355523  0.0200526 -0.0259245
 0.0170131 -0.0355057  0.0200632 -0.0258898
 0.0170296 -0.0354591  0.0200738 -0.0258552
 0.0170461 -0.0354126  0.0200843 -0.0258207
 0.0170626 -0.0353662  0.0200949 -0.0257864
 0.0170791 -0.0353199  0.0201055 -0.0257521
 0.0170955 -0.0352737  0.020116 -0.025718
  0.017112 -0.0352276  0.0201265 -0.0256839
 0.0171285 -0.0351815 0.020137 -0.02565
 0.0171449 -0.0351355  0.0201476 -0.0256162
 0.0171614 -0.0350896  0.0201581 -0.0255825
 0.0171778 -0.0350438  0.0201686 -0.0255489
 0.0171942 -0.0349981   0.020179 -0.0255154
 0.0172107 -0.0349525 0.0201895 -0.025482
0.0172271 -0.034907     0.0202 -0.0254488
 0.0172435 -0.0348615  0.0202105 -0.0254156
 0.0172599 -0.0348161  0.0202209 -0.0253826
 0.0172763 -0.0347709  0.0202314 -0.0253496
 0.0172926 -0.0347257  0.0202418 -0.0253168
  0.017309 -0.0346806  0.0202522 -0.0252841
 0.0173254 -0.0346355  0.0202626 -0.0252515
 0.0173417 -0.0345906  0.020273 -0.025219
 0.0173581 -0.0345458  0.0202834 -0.0251867
0.0173744 -0.034501  0.0202938 -0.0251544
 0.0173907 -0.0344563  0.0203042 -0.0251223
 0.0174071 -0.0344118  0.0203146 -0.0250902
 0.0174234 -0.0343673   0.020325 -0.0250583
 0.0174397 -0.0343229  0.0203353 -0.0250265
 0.0174559 -0.0342786  0.0203457 -0.0249948
 0.0174722 -0.0342344   0.020356 -0.0249632
 0.0174885 -0.0341902  0.0203663 -0.0249317
 0.0175047 -0.0341462  0.0203767 -0.0249004
 0.0175209 -0.0341024   0.020387 -0.0248691
 0.0175372 -0.0340585 0.0203973 -0.024838
 0.0175535 -0.0340145 0.0204076 -0.024807
 0.0175697 -0.0339707  0.0204179 -0.0247761
 0.0175859 -0.0339271  0.0204281 -0.0247453
 0.0176021 -0.0338835  0.0204384 -0.0247147
 0.0176182 -0.0338401  0.0204487 -0.0246841
 0.0176344 -0.0337967  0.0204589 -0.0246537
 0.0176506 -0.0337534  0.0204692 -0.0246234
 0.0176667 -0.0337103  0.0204794 -0.0245932
 0.0176828 -0.0336672  0.0204896 -0.0245631
 0.0176989 -0.0336242  0.0204998 -0.0245331
  0.017715 -0.0335813    0.02051 -0.0245033
 0.0177311 -0.0335386  0.0205202 -0.0244735
 0.0177472 -0.0334959  0.0205304 -0.0244439
 0.0177633 -0.0334533  0.0205406 -0.0244144
 0.0177793 -0.0334108 0.0205508 -0.024385
 0.0177954 -0.0333684  0.0205609 -0.0243558
 0.0178114 -0.0333261  0.0205711 -0.0243266
0.0178275 -0.033284  0.0205812 -0.0242976
 0.0178435 -0.0332419  0.0205913 -0.0242687
 0.0178595 -0.0331999  0.0206015 -0.0242399
0.0178755 -0.033158  0.0206116 -0.0242112
 0.0178914 -0.0331162  0.0206217 -0.0241827
 0.0179074 -0.0330745  0.0206318 -0.0241543
 0.0179234 -0.0330329 0.0206419 -0.024126
 0.0179393 -0.0329915  0.0206519 -0.0240978
 0.0179553 -0.0329501   0.020662 -0.0240697
 0.0179712 -0.0329088  0.0206721 -0.0240417
 0.0179872 -0.0328676  0.0206821 -0.0240139
 0.0180031 -0.0328265  0.0206921 -0.0239862
  0.018019 -0.0327855  0.0207022 -0.0239586
  0.018035 -0.0327446  0.0207122 -0.0239311
 0.0180509 -0.0327039  0.0207222 -0.0239038
 0.0180667 -0.0326632  0.0207322 -0.0238766
 0.0180826 -0.0326226  0.0207422 -0.0238495
 0.0180984 -0.0325823  0.0207522 -0.0238225
 0.0181141 -0.0325421  0.0207622 -0.0237956
 0.0181299 -0.0325018  0.0207721 -0.0237689
 0.0181457 -0.0324615  0.0207821 -0.0237423
 0.0181615 -0.0324214   0.020792 -0.0237158
 0.0181772 -0.0323814   0.020802 -0.0236894
 0.0181929 -0.0323415  0.0208119 -0.0236632
 0.0182086 -0.0323017  0.0208218 -0.0236371
0.0182243 -0.032262  0.0208317 -0.0236111
 0.0182399 -0.0322227  0.0208416 -0.0235852
 0.0182555 -0.0321832  0.0208515 -0.0235595
 0.0182711 -0.0321438  0.0208614 -0.0235339
 0.0182867 -0.0321045  0.0208712 -0.0235084
 0.0183022 -0.0320654 0.0208811 -0.023483
 0.0183177 -0.0320264  0.0208909 -0.0234577
 0.0183332 -0.0319874  0.0209008 -0.0234326
 0.0183487 -0.0319486  0.0209106 -0.0234076
 0.0183641 -0.0319102  0.0209204 -0.0233828
 0.0183795 -0.0318715 0.0209302 -0.023358
 0.0183949 -0.0318331    0.02094 -0.0233334
 0.0184103 -0.0317947  0.0209498 -0.0233089
 0.0184256 -0.0317564  0.0209596 -0.0232846
  0.018441 -0.0317182  0.0209694 -0.0232603
 0.0184563 -0.0316801  0.0209791 -0.0232362
 0.0184715 -0.0316422  0.0209889 -0.0232122
 0.0184868 -0.0316043  0.0209986 -0.0231884
  0.018502 -0.0315666  0.0210083 -0.0231647
0.0185172 -0.031529  0.0210181 -0.0231411
 0.0185323 -0.0314915  0.0210278 -0.0231176
 0.0185474 -0.0314541  0.0210375 -0.0230943
 0.0185626 -0.0314168  0.0210472 -0.0230711
 0.0185776 -0.0313796 0.0210568 -0.023048
 0.0185927 -0.0313425  0.0210665 -0.0230251
 0.0186077 -0.0313055  0.0210762 -0.0230022
 0.0186227 -0.0312686  0.0210858 -0.0229796
 0.0186376 -0.0312319 0.0210955 -0.022957
 0.0186526 -0.0311952  0.0211051 -0.0229346
 0.0186675 -0.0311587  0.0211147 -0.0229123
 0.0186824 -0.0311223  0.0211243 -0.0228901
 0.0186972 -0.0310859  0.0211339 -0.0228681
 0.0187121 -0.0310497  0.0211435 -0.0228462
 0.0187269 -0.0310136  0.0211531 -0.0228244
 0.0187416 -0.0309776  0.0211626 -0.0228028
 0.0187564 -0.0309417  0.0211722 -0.0227813
 0.0187711 -0.0309059  0.0211818 -0.0227599
 0.0187858 -0.0308703  0.0211913 -0.0227387
 0.0188004 -0.0308347  0.0212008 -0.0227176
 0.0188151 -0.0307993  0.0212103 -0.0226966
 0.0188297 -0.0307639  0.0212198 -0.0226757
 0.0188442 -0.0307287 0.0212293 -0.022655
 0.0188588 -0.0306935  0.0212388 -0.0226345
 0.0188733 -0.0306585 0.0212483 -0.022614
 0.0188878 -0.0306236  0.0212578 -0.0225937
 0.0189023 -0.0305888  0.0212672 -0.0225736
 0.0189167 -0.0305541  0.0212767 -0.0225535
 0.0189311 -0.0305196  0.0212861 -0.0225336
 0.0189455 -0.0304851  0.0212955 -0.0225139
 0.0189598 -0.0304507  0.0213049 -0.0224942
 0.0189742 -0.0304165  0.0213143 -0.0224748
 0.0189885 -0.0303823  0.0213237 -0.0224554
 0.0190027 -0.0303483  0.0213331 -0.0224362
  0.019017 -0.0303144  0.0213425 -0.0224171
 0.0190312 -0.0302806  0.0213518 -0.0223982
 0.0190453 -0.0302469  0.0213612 -0.0223794
 0.0190595 -0.0302133  0.0213705 -0.0223607
 0.0190736 -0.0301798  0.0213798 -0.0223422
 0.0190877 -0.0301466  0.0213892 -0.0223238
 0.0191018 -0.0301132  0.0213985 -0.0223055
 0.0191159 -0.0300798  0.0214078 -0.0222874
 0.0191299 -0.0300467   0.021417 -0.0222694
 0.0191438 -0.0300139  0.0214263 -0.0222516
 0.0191577 -0.0299813  0.0214356 -0.0222339
 0.0191716 -0.0299486  0.0214448 -0.0222163
 0.0191854 -0.0299161  0.0214541 -0.0221989
 0.0191992 -0.0298834  0.0214633 -0.0221816
  0.019213 -0.0298507  0.0214725 -0.0221645
 0.0192267 -0.0298181  0.0214817 -0.0221475
 0.0192404 -0.0297855  0.0214909 -0.0221307
  0.019254 -0.0297532  0.0215001 -0.0221139
0.0192675 -0.029721  0.0215093 -0.0220974
  0.019281 -0.0296886  0.0215185 -0.0220809
 0.0192944 -0.0296565  0.0215276 -0.0220646
 0.0193078 -0.0296245  0.0215368 -0.0220485
 0.0193346 -0.0295613  0.0215459 -0.0220325
 0.0193344 -0.0295601   0.021555 -0.0220166
 0.0193477 -0.0295279  0.0215641 -0.0220009
 0.0193609 -0.0294959  0.0215732 -0.0219853
 0.0193741 -0.0294638  0.0215823 -0.0219699
 0.0193872 -0.0294318  0.0215914 -0.0219546
 0.0194002 -0.0293999  0.0216004 -0.0219395
 0.0194131 -0.0293681  0.0216095 -0.0219245
 0.0194258 -0.0293364  0.0216185 -0.0219096
 0.0194385 -0.0293047  0.0216276 -0.0218949
 0.0194511 -0.0292731  0.0216366 -0.0218803
 0.0194636 -0.0292416  0.0216456 -0.0218659
  0.019476 -0.0292101  0.0216546 -0.0218517
 0.0194884 -0.0291787  0.0216636 -0.0218375
 0.0195007 -0.0291473  0.0216726 -0.0218235
0.0195129 -0.029116  0.0216815 -0.0218097
  0.019525 -0.0290847 0.0216905 -0.021796
 0.0195369 -0.0290536  0.0216994 -0.0217825
 0.0195487 -0.0290226  0.0217084 -0.0217691
 0.0195605 -0.0289916  0.0217173 -0.0217558
 0.0195721 -0.0289607  0.0217262 -0.0217428
 0.0195837 -0.0289298  0.0217351 -0.0217298
 0.0195953 -0.0288988  0.021744 -0.021717
 0.0196069 -0.0288677  0.0217528 -0.0217043
 0.0196185 -0.0288365  0.0217617 -0.0216918
   0.01963 -0.0288052  0.0217705 -0.0216795
 0.0196413 -0.0287736  0.0217794 -0.0216673
 0.0196525 -0.0287418  0.0217882 -0.0216552
 0.0196637 -0.0287098   0.021797 -0.0216433
 0.0196749 -0.0286779  0.0218058 -0.0216316
 0.0196861 -0.0286459 0.0218146  -0.02162
 0.0196972 -0.0286138  0.0218234 -0.0216085
 0.0197082 -0.0285817  0.0218322 -0.0215972
 0.0197192 -0.0285496  0.0218409 -0.0215861
 0.0197301 -0.0285174  0.0218497 -0.0215751
  0.019741 -0.0284852  0.0218584 -0.0215642
0.0197518 -0.028453  0.0218671 -0.0215535
 0.0197625 -0.0284208 0.0218758 -0.021543
 0.0197732 -0.0283886  0.0218845 -0.0215326
 0.0197838 -0.0283565  0.0218932 -0.0215223
 0.0197944 -0.0283243  0.0219019 -0.0215123
 0.0198049 -0.0282922  0.0219106 -0.0215023
 0.0198154 -0.0282601  0.0219192 -0.0214925
0.0198258 -0.028228  0.0219279 -0.0214829
0.0198362 -0.028196  0.0219365 -0.0214734
 0.0198465 -0.0281641  0.0219451 -0.0214641
 0.0198567 -0.0281322  0.0219537 -0.0214549
  0.019867 -0.0281003  0.0219624 -0.0214459
 0.0198771 -0.0280685 0.0219709 -0.021437
 0.0198872 -0.0280367  0.0219795 -0.0214283
0.0198973 -0.028005  0.0219881 -0.0214197
 0.0199073 -0.0279734  0.0219967 -0.0214113
 0.0199172 -0.0279418 0.0220052 -0.021403
 0.0199271 -0.0279103  0.0220138 -0.0213949
  0.019937 -0.0278788  0.0220223 -0.0213869
 0.0199467 -0.0278474  0.0220308 -0.0213791
 0.0199563 -0.0278159  0.0220393 -0.0213715
0.0199657 -0.027784 0.0220478 -0.021364
  0.019975 -0.0277516  0.0220563 -0.0213566
 0.0199842 -0.0277194  0.0220648 -0.0213495
 0.0199935 -0.0276874  0.0220733 -0.0213424
 0.0200029 -0.0276565  0.0220817 -0.0213356
 0.0200123 -0.0276258  0.0220902 -0.0213289
 0.0200218 -0.0275958  0.0220986 -0.0213223
 0.0200314 -0.0275664   0.022107 -0.0213159
  0.020041 -0.0275376  0.0221155 -0.0213097
 0.0200605 -0.0274813  0.0221239 -0.0213036
 0.0200703 -0.0274532  0.0221323 -0.0212976
0.0200802 -0.027425  0.0221406 -0.0212919
 0.0200901 -0.0273974   0.022149 -0.0212863
 0.0201001 -0.0273701  0.0221574 -0.0212808
   0.02011 -0.0273428  0.0221657 -0.0212755
 0.0201199 -0.0273158  0.0221741 -0.0212704
0.0201297 -0.027289  0.0221824 -0.0212654
 0.0201397 -0.0272622  0.0221907 -0.0212606
 0.0201496 -0.0272358  0.022199 -0.021256
 0.0201594 -0.0272097  0.0222073 -0.0212515
 0.0201693 -0.0271839  0.0222156 -0.0212471
  0.020179 -0.0271586 0.0222239 -0.021243
 0.0201887 -0.0271335 0.0222321 -0.021239
 0.0201984 -0.0271086  0.0222404 -0.0212351
 0.0202081 -0.0270838  0.0222486 -0.0212314
 0.0202178 -0.0270586  0.0222569 -0.0212279
 0.0202274 -0.0270335  0.0222651 -0.0212246
 0.0202371 -0.0270085  0.0222733 -0.0212214
 0.0202467 -0.0269835  0.0222815 -0.0212184
 0.0202563 -0.0269586  0.0222897 -0.0212155
 0.0202659 -0.0269338  0.0222978 -0.0212128
 0.0202755 -0.0269091   0.022306 -0.0212102
 0.0202851 -0.0268844  0.0223142 -0.0212079
 0.0202946 -0.0268599  0.0223223 -0.0212057
 0.0203042 -0.0268355  0.0223304 -0.0212036
 0.0203137 -0.0268112  0.0223385 -0.0212018
0.0203232 -0.026787 0.0223466   -0.0212
 0.0203327 -0.0267629  0.0223547 -0.0211985
 0.0203422 -0.0267389  0.0223628 -0.0211971
0.0203516 -0.026715  0.0223709 -0.0211959
  0.020361 -0.0266912  0.0223789 -0.0211949
 0.0203704 -0.0266674  0.022387 -0.021194
 0.0203798 -0.0266434   0.022395 -0.0211933
 0.0203892 -0.0266193  0.0224031 -0.0211928
0.0203985 -0.026595  0.0224111 -0.0211924
 0.0204079 -0.0265706  0.0224191 -0.0211922
 0.0204172 -0.0265462  0.0224271 -0.0211921
 0.0204265 -0.0265216   0.022435 -0.0211923
 0.0204357 -0.0264971   0.022443 -0.0211926
 0.0204449 -0.0264725   0.022451 -0.0211931
0.0204541 -0.026448  0.0224589 -0.0211937
 0.0204633 -0.0264235  0.0224668 -0.0211945
0.0204725 -0.026399  0.0224747 -0.0211955
 0.0204816 -0.0263746  0.0224827 -0.0211967
 0.0204907 -0.0263503 0.0224906 -0.021198
0.0204997 -0.026326  0.0224984 -0.0211995
 0.0205087 -0.0263019  0.0225063 -0.0212012
 0.0205177 -0.0262779  0.0225142 -0.0212031
0.0205267 -0.026254   0.022522 -0.0212051
 0.0205356 -0.0262303  0.0225298 -0.0212073
 0.0205445 -0.0262067  0.0225377 -0.0212096
 0.0205533 -0.0261833  0.0225455 -0.0212122
0.0205622  -0.02616  0.0225533 -0.0212149
  0.020571 -0.0261369  0.0225611 -0.0212178
0.0205797 -0.026114  0.0225688 -0.0212209
 0.0205885 -0.0260912  0.0225766 -0.0212241
 0.0205972 -0.0260686  0.0225844 -0.0212275
 0.0206058 -0.0260462  0.0225921 -0.0212311
0.0206145 -0.026024  0.0225998 -0.0212349
 0.020623 -0.026002  0.0226075 -0.0212389
 0.0206316 -0.0259802 0.0226152 -0.021243
 0.0206401 -0.0259586  0.0226229 -0.0212473
 0.0206486 -0.0259373  0.0226306 -0.0212518
 0.0206571 -0.0259161  0.0226383 -0.0212564
 0.0206655 -0.0258951  0.0226459 -0.0212613
 0.0206739 -0.0258743  0.0226536 -0.0212663
 0.0206823 -0.0258538  0.0226612 -0.0212715
 0.0206906 -0.0258334  0.0226688 -0.0212768
 0.0206989 -0.0258133  0.0226764 -0.0212824
 0.0207072 -0.0257933   0.022684 -0.0212881
 0.0207154 -0.0257736  0.0226916 -0.0212941
 0.0207236 -0.0257541  0.0226991 -0.0213001
 0.0207317 -0.0257348  0.0227067 -0.0213064
 0.0207398 -0.0257157  0.0227142 -0.0213129
 0.0207479 -0.0256968  0.0227218 -0.0213195
 0.0207559 -0.0256781  0.0227293 -0.0213263
 0.0207639 -0.0256597  0.0227368 -0.0213333
 0.0207719 -0.0256415  0.0227443 -0.0213405
 0.0207798 -0.0256235  0.0227518 -0.0213479
 0.0207877 -0.0256058  0.0227592 -0.0213555
 0.0207956 -0.0255882  0.0227667 -0.0213632
0.0208034 -0.025571  0.0227741 -0.0213711
 0.0208113 -0.0255539  0.0227815 -0.0213792
  0.020819 -0.0255371  0.0227889 -0.0213875
 0.0208267 -0.0255204 0.0227963 -0.021396
 0.0208344 -0.0255039  0.0228037 -0.0214047
 0.0208421 -0.0254876  0.0228111 -0.0214135
 0.0208496 -0.0254714  0.0228185 -0.0214225
 0.0208572 -0.0254554  0.0228258 -0.0214318
 0.0208647 -0.0254398  0.0228332 -0.0214412
 0.0208722 -0.0254244  0.0228405 -0.0214508
 0.0208797 -0.0254092  0.0228478 -0.0214605
 0.0208871 -0.0253942  0.0228551 -0.0214705
 0.0208945 -0.0253795  0.0228624 -0.0214807
 0.0209018 -0.0253649 0.0228696 -0.021491
 0.0209092 -0.0253506  0.0228769 -0.0215016
 0.0209164 -0.0253364  0.0228841 -0.0215123
 0.0209237 -0.0253225  0.0228914 -0.0215232
 0.0209309 -0.0253088  0.0228986 -0.0215343
  0.020938 -0.0252953  0.0229058 -0.0215456
0.0209452 -0.025282   0.022913 -0.0215571
 0.0209523 -0.0252689  0.0229202 -0.0215688
0.0209593 -0.025256  0.0229273 -0.0215807
 0.0209663 -0.0252433  0.0229345 -0.0215927
 0.0209733 -0.0252308 0.0229416 -0.021605
 0.0209803 -0.0252185  0.0229487 -0.0216174
 0.0209872 -0.0252064  0.0229558 -0.0216301
 0.0209941 -0.0251946  0.0229629 -0.0216429
 0.0210009 -0.0251829    0.02297 -0.0216559
 0.0210077 -0.0251714  0.0229771 -0.0216691
 0.0210145 -0.0251602  0.0229842 -0.0216826
 0.0210212 -0.0251491  0.0229912 -0.0216962
 0.0210279 -0.0251383 0.0229982  -0.02171
 0.0210346 -0.0251276 0.0230052 -0.021724
 0.0210412 -0.0251172  0.0230122 -0.0217382
 0.0210478 -0.0251069  0.0230192 -0.0217526
 0.0210544 -0.0250969  0.0230262 -0.0217672
0.0210609 -0.025087 0.0230332 -0.021782
 0.0210674 -0.0250774  0.0230401 -0.0217969
 0.0210738 -0.0250679   0.023047 -0.0218121
 0.0210803 -0.0250587   0.023054 -0.0218275
 0.0210866 -0.0250496  0.0230609 -0.0218431
  0.021093 -0.0250408  0.0230678 -0.0218589
 0.0210993 -0.0250321  0.0230746 -0.0218748
 0.0211055 -0.0250237 0.0230815 -0.021891
 0.0211118 -0.0250154  0.0230884 -0.0219074
  0.021118 -0.0250074 0.0230952 -0.021924
 0.0211242 -0.0249995   0.023102 -0.0219408
 0.0211303 -0.0249919  0.0231088 -0.0219577
 0.0211364 -0.0249845  0.0231156 -0.0219749
 0.0211425 -0.0249772  0.0231224 -0.0219923
 0.0211485 -0.0249703  0.0231292 -0.0220099
 0.0211545 -0.0249634  0.0231359 -0.0220277
 0.0211605 -0.0249568  0.0231426 -0.0220457
 0.0211665 -0.0249505  0.0231494 -0.0220639
 0.0211724 -0.0249442  0.0231561 -0.0220823
 0.0211782 -0.0249381  0.0231628 -0.0221009
 0.0211841 -0.0249322  0.0231694 -0.0221197
 0.0211899 -0.0249264  0.0231761 -0.0221387
 0.0211956 -0.0249209 0.0231828 -0.022158
 0.0212013 -0.0249155  0.0231894 -0.0221774
  0.021207 -0.0249104   0.023196 -0.0221971
 0.0212127 -0.0249054  0.0232026 -0.0222169
 0.0212183 -0.0249007 0.0232092 -0.022237
 0.0212239 -0.0248962  0.0232158 -0.0222573
 0.0212295 -0.0248919  0.0232223 -0.0222778
  0.021235 -0.0248878  0.0232289 -0.0222986
 0.0212405 -0.0248839  0.0232354 -0.0223195
  0.021246 -0.0248803  0.0232419 -0.0223406
 0.0212514 -0.0248768 0.0232484 -0.022362
 0.0212568 -0.0248736  0.0232549 -0.0223836
 0.0212621 -0.0248705  0.0232613 -0.0224054
 0.0212675 -0.0248677  0.0232678 -0.0224274
 0.0212728 -0.0248651  0.0232742 -0.0224495
  0.021278 -0.0248627  0.0232806 -0.0224719
 0.0212833 -0.0248605  0.0232871 -0.0224945
 0.0212884 -0.0248585  0.0232935 -0.0225173
 0.0212936 -0.0248567  0.0232999 -0.0225402
 0.0212987 -0.0248551  0.0233062 -0.0225633
 0.0213038 -0.0248538  0.0233126 -0.0225866
 0.0213089 -0.0248526 0.023319 -0.02261
  0.021314 -0.0248517  0.0233254 -0.0226336
 0.0213189 -0.0248509  0.0233317 -0.0226573
 0.0213239 -0.0248504  0.0233381 -0.0226811
 0.0213288 -0.0248501 0.0233445 -0.022705
0.0213338  -0.02485 0.0233509 -0.022729
 0.0213386 -0.0248501  0.0233572 -0.0227532
  0.021344 -0.0248414  0.0233636 -0.0227774
 0.0213492 -0.0248334    0.02337 -0.0228017
 0.0213539 -0.0248261  0.0233764 -0.0228261
 0.0213606 -0.0248193  0.0233828 -0.0228505
 0.0213672 -0.0248131 0.0233892 -0.022875
 0.0213742 -0.0248066  0.0233957 -0.0228996
  0.021381 -0.0247997  0.0234021 -0.0229242
 0.0213875 -0.0247929  0.0234085 -0.0229489
  0.021394 -0.0247865   0.023415 -0.0229736
 0.0214006 -0.0247806  0.0234215 -0.0229984
  0.021407 -0.0247751   0.023428 -0.0230232
0.0214133  -0.02477 0.0234345 -0.023048
 0.0214199 -0.0247654   0.023441 -0.0230729
 0.0214266 -0.0247612  0.0234475 -0.0230978
 0.0214334 -0.0247576  0.0234541 -0.0231228
 0.0214401 -0.0247545  0.0234606 -0.0231478
 0.0214468 -0.0247519  0.0234672 -0.0231728
 0.0214535 -0.0247498  0.0234738 -0.0231979
 0.0214599 -0.0247483 0.0234804 -0.023223
 0.0214663 -0.0247473   0.023487 -0.0232482
 0.0214725 -0.0247468  0.0234936 -0.0232734
 0.0214785 -0.0247468  0.0235003 -0.0232986
 0.0214845 -0.0247472  0.0235069 -0.0233239
 0.0214904 -0.0247481  0.0235136 -0.0233492
 0.0214961 -0.0247494  0.0235203 -0.0233745
 0.0215016 -0.0247512   0.023527 -0.0233999
 0.0215068 -0.0247534  0.0235337 -0.0234254
0.0215118 -0.024756  0.0235405 -0.0234508
 0.0215167 -0.0247594  0.0235472 -0.0234764
 0.0215212 -0.0247638   0.023554 -0.0235019
 0.0215258 -0.0247684  0.0235607 -0.0235275
 0.0215299 -0.0247746  0.0235675 -0.0235532
 0.0215338 -0.0247813  0.0235743 -0.0235789
 0.0215376 -0.0247887  0.0235811 -0.0236046
 0.0215411 -0.0247967   0.023588 -0.0236304
 0.0215443 -0.0248051  0.0235948 -0.0236562
 0.0215474 -0.0248138  0.0236016 -0.0236821
 0.0215502 -0.0248227 0.0236085 -0.023708
 0.0215528 -0.0248318  0.0236154 -0.0237339
0.0215552 -0.024841  0.0236223 -0.0237599
 0.0215574 -0.0248505 0.0236292 -0.023786
 0.0215593 -0.0248601  0.0236361 -0.0238121
 0.0215611 -0.0248698  0.0236431 -0.0238382
 0.0215627 -0.0248798    0.02365 -0.0238644
 0.0215641 -0.0248899   0.023657 -0.0238906
 0.0215652 -0.0249003   0.023664 -0.0239169
 0.0215662 -0.0249108   0.023671 -0.0239432
 0.0215669 -0.0249216   0.023678 -0.0239695
 0.0215674 -0.0249325   0.023685 -0.0239959
 0.0215677 -0.0249437  0.0236921 -0.0240224
0.0215678 -0.024955  0.0236991 -0.0240489
 0.0215678 -0.0249667  0.0237062 -0.0240754
0.0215675 -0.024979 0.0237133 -0.024102
 0.0215669 -0.0249917  0.0237204 -0.0241286
 0.0215662 -0.0250049  0.0237275 -0.0241553
 0.0215651 -0.0250185 0.0237346 -0.024182
 0.0215636 -0.0250325  0.0237418 -0.0242088
  0.021562 -0.0250468  0.0237489 -0.0242356
   0.02156 -0.0250613  0.0237561 -0.0242624
 0.0215578 -0.0250762  0.0237633 -0.0242893
 0.0215552 -0.0250912  0.0237705 -0.0243163
 0.0215523 -0.0251065  0.0237777 -0.0243433
 0.0215494 -0.0251217  0.0237849 -0.0243703
 0.0215463 -0.0251365  0.0237922 -0.0243974
0.0215427 -0.025151  0.0237994 -0.0244245
 0.0215393 -0.0251652  0.0238067 -0.0244517
 0.0215358 -0.0251793  0.023814 -0.024479
 0.0215324 -0.0251934  0.0238213 -0.0245062
0.0215291 -0.025208  0.0238286 -0.0245335
 0.0215255 -0.0252228  0.0238359 -0.0245609
0.0215219 -0.025238  0.0238433 -0.0245883
 0.0215185 -0.0252535  0.0238506 -0.0246158
 0.0215155 -0.0252698   0.023858 -0.0246433
  0.021513 -0.0252871  0.0238654 -0.0246709
 0.0215109 -0.0253052  0.0238728 -0.0246985
 0.0215093 -0.0253241  0.0238802 -0.0247261
 0.0215083 -0.0253435  0.0238877 -0.0247538
 0.0215092 -0.0253637  0.0238951 -0.0247815
 0.0215094 -0.0253842  0.0239026 -0.0248093
   0.02151 -0.0254049  0.0239101 -0.0248372
  0.021511 -0.0254258  0.0239176 -0.0248651
 0.0215108 -0.0254467 0.0239251 -0.024893
 0.0215112 -0.0254678 0.0239326 -0.024921
0.0215133 -0.025489 0.0239402 -0.024949
 0.0215163 -0.0255101  0.0239477 -0.0249771
 0.0215221 -0.0255304  0.0239553 -0.0250052
 0.0215267 -0.0255511  0.0239629 -0.0250334
 0.0215322 -0.0255716  0.0239705 -0.0250616
 0.0215378 -0.0255921  0.0239781 -0.0250899
 0.0215459 -0.0256115  0.0239858 -0.0251182
 0.0215543 -0.0256315  0.0239934 -0.0251466
  0.021561 -0.0256526 0.0240011 -0.025175
 0.0215677 -0.0256744  0.0240088 -0.0252035
 0.0215743 -0.0256969 0.0240165 -0.025232
 0.0215814 -0.0257198  0.0240242 -0.0252606
 0.021589 -0.025743  0.0240319 -0.0252892
 0.0215993 -0.0257654  0.0240397 -0.0253179
 0.0216083 -0.0257887  0.0240474 -0.0253466
 0.0216162 -0.0258132  0.0240552 -0.0253754
  0.021626 -0.0258368   0.024063 -0.0254042
 0.0216366 -0.0258605  0.0240708 -0.0254331
0.0216481 -0.025884 0.0240786 -0.025462
 0.0216602 -0.0259075  0.0240864 -0.0254909
 0.0216728 -0.0259309 0.0240943  -0.02552
 0.0216858 -0.0259545 0.0241022 -0.025549
 0.0216993 -0.0259781  0.0241101 -0.0255782
0.0217131 -0.026002   0.024118 -0.0256073
 0.0217272 -0.0260259  0.0241259 -0.0256365
0.0217415  -0.02605  0.0241338 -0.0256658
 0.0217562 -0.0260743  0.0241418 -0.0256951
 0.0217711 -0.0260986  0.0241497 -0.0257245
0.0217863 -0.026123  0.0241577 -0.0257539
 0.0218017 -0.0261475  0.0241657 -0.0257834
0.0218173 -0.026172  0.0241737 -0.0258129
 0.0218331 -0.0261965  0.0241818 -0.0258425
0.0218491 -0.026221  0.0241898 -0.0258721
 0.0218652 -0.0262456  0.0241979 -0.0259018
 0.0218815 -0.0262701  0.0242059 -0.0259315
 0.0218979 -0.0262948   0.024214 -0.0259613
 0.0219145 -0.0263194  0.0242221 -0.0259912
 0.0219311 -0.0263441  0.0242303 -0.0260211
 0.0219477 -0.0263688 0.0242384 -0.026051
 0.0219644 -0.0263936 0.0242466 -0.026081
 0.0219812 -0.0264184 0.0242548 -0.026111
 0.0219979 -0.0264433  0.0242629 -0.0261411
 0.0220147 -0.0264683  0.0242712 -0.0261713
 0.0220314 -0.0264933  0.0242794 -0.0262015
 0.0220482 -0.0265186  0.0242876 -0.0262317
  0.022065 -0.0265443 0.0242959 -0.026262
 0.0220818 -0.0265703  0.0243042 -0.0262924
 0.0220986 -0.0265967  0.0243124 -0.0263228
 0.0221155 -0.0266234  0.0243207 -0.0263533
 0.0221323 -0.0266504  0.0243291 -0.0263838
 0.0221491 -0.0266777  0.0243374 -0.0264144
 0.0221659 -0.0267054 0.0243458 -0.026445
 0.0221826 -0.0267334  0.0243541 -0.0264757
 0.0221994 -0.0267617  0.0243625 -0.0265064
 0.0222161 -0.0267904  0.0243709 -0.0265372
 0.0222329 -0.0268194 0.0243794 -0.026568
 0.0222496 -0.0268488  0.0243878 -0.0265989
 0.0222662 -0.0268785  0.0243963 -0.0266299
 0.0222829 -0.0269086  0.0244047 -0.0266609
0.0222995 -0.026939  0.0244132 -0.0266919
 0.0223162 -0.0269698 0.0244217 -0.026723
0.0223328 -0.027001  0.0244303 -0.0267542
 0.0223494 -0.0270325  0.0244388 -0.0267854
 0.0223659 -0.0270644  0.0244474 -0.0268167
 0.0223823 -0.0270966 0.0244559 -0.026848
 0.0223988 -0.0271293  0.0244645 -0.0268794
 0.0224155 -0.0271625  0.0244731 -0.0269108
 0.0224323 -0.0271962  0.0244818 -0.0269423
 0.0224489 -0.0272304  0.0244904 -0.0269739
 0.0224648 -0.0272646  0.0244991 -0.0270055
 0.0224805 -0.0272992  0.0245078 -0.0270371
 0.0224961 -0.0273343  0.0245165 -0.0270689
 0.0225114 -0.0273698  0.0245252 -0.0271006
 0.0225266 -0.0274059  0.0245339 -0.0271325
 0.0225416 -0.0274424  0.0245426 -0.0271643
 0.0225565 -0.0274795  0.0245514 -0.0271963
 0.0225712 -0.0275171  0.0245602 -0.0272283
 0.0225858 -0.0275552   0.024569 -0.0272603
 0.0226003 -0.0275937  0.0245778 -0.0272924
 0.0226153 -0.0276333  0.0245866 -0.0273246
 0.0226295 -0.0276728  0.0245955 -0.0273568
 0.0226437 -0.0277128  0.0246044 -0.0273891
 0.0226577 -0.0277531  0.0246133 -0.0274214
0.0226716 -0.027794  0.0246222 -0.0274538
 0.0226854 -0.0278353  0.0246311 -0.0274863
 0.0226991 -0.0278771    0.02464 -0.0275188
 0.0227127 -0.0279193   0.024649 -0.0275513
0.0227263 -0.027962   0.024658 -0.0275839
 0.0227398 -0.0280053   0.024667 -0.0276166
 0.0227533 -0.0280489   0.024676 -0.0276494
 0.0227668 -0.0280931   0.024685 -0.0276821
 0.0227802 -0.0281377  0.024694 -0.027715
 0.0227936 -0.0281827  0.0247031 -0.0277479
  0.022807 -0.0282282  0.0247122 -0.0277809
 0.0228204 -0.0282742  0.0247213 -0.0278139
 0.0228338 -0.0283205 0.0247304 -0.027847
 0.0228471 -0.0283673  0.0247395 -0.0278801
 0.0228605 -0.0284146  0.0247487 -0.0279133
 0.0228738 -0.0284622  0.0247579 -0.0279466
 0.0228871 -0.0285103  0.0247671 -0.0279799
 0.0229004 -0.0285589  0.0247763 -0.0280133
 0.0229137 -0.0286078  0.0247855 -0.0280467
  0.022927 -0.0286572  0.0247947 -0.0280802
 0.0229403 -0.0287071   0.024804 -0.0281137
 0.0229537 -0.0287573  0.0248133 -0.0281473
0.0229672 -0.028808 0.0248226 -0.028181
 0.0229806 -0.0288591  0.0248319 -0.0282147
 0.0229941 -0.0289106  0.0248412 -0.0282485
 0.0230077 -0.0289624  0.0248506 -0.0282824
 0.0230212 -0.0290147    0.02486 -0.0283163
 0.0230347 -0.0290674  0.0248694 -0.0283503
 0.0230482 -0.0291204  0.0248788 -0.0283843
 0.0230617 -0.0291739  0.0248882 -0.0284184
 0.0230752 -0.0292277  0.0248977 -0.0284525
 0.0230887 -0.0292819  0.0249071 -0.0284867
 0.0231023 -0.0293364 0.0249166 -0.028521
 0.0231158 -0.0293914  0.0249261 -0.0285553
 0.0231293 -0.0294466  0.0249356 -0.0285897
 0.0231429 -0.0295023  0.0249452 -0.0286242
 0.0231564 -0.0295582  0.0249547 -0.0286587
   0.02317 -0.0296146  0.0249643 -0.0286933
 0.0231838 -0.0296714  0.0249739 -0.0287279
 0.0231977 -0.0297285  0.0249835 -0.0287626
 0.0232114 -0.0297859  0.0249932 -0.0287974
  0.023225 -0.0298435  0.0250028 -0.0288322
 0.0232385 -0.0299014  0.0250125 -0.0288671
  0.023252 -0.0299596 0.0250222 -0.028902
 0.0232655 -0.0300181 0.0250319 -0.028937
 0.0232789 -0.0300769  0.0250416 -0.0289721
 0.0232926 -0.0301362  0.0250514 -0.0290072
 0.0233061 -0.0301956  0.0250611 -0.0290424
 0.0233191 -0.0302549  0.0250709 -0.0290777
 0.0233319 -0.0303144 0.0250807 -0.029113
  0.023345 -0.0303742  0.0250905 -0.0291484
 0.0233581 -0.0304345  0.0251004 -0.0291838
0.0233713 -0.030495  0.0251103 -0.0292193
 0.0233844 -0.0305558  0.0251201 -0.0292549
 0.0233975 -0.0306168    0.02513 -0.0292905
 0.0234106 -0.0306781    0.02514 -0.0293262
 0.0234237 -0.0307396 0.0251499 -0.029362
 0.0234367 -0.0308013  0.0251599 -0.0293978
 0.0234497 -0.0308632  0.0251698 -0.0294337
 0.0234626 -0.0309253  0.0251798 -0.0294696
 0.0234754 -0.0309876  0.0251899 -0.0295056
 0.0234882 -0.0310501  0.0251999 -0.0295417
 0.0235009 -0.0311128    0.02521 -0.0295779
 0.0235135 -0.0311756    0.02522 -0.0296141
 0.0235261 -0.0312387  0.0252301 -0.0296503
 0.0235386 -0.0313019  0.0252402 -0.0296867
 0.0235511 -0.0313653  0.0252504 -0.0297231
 0.0235634 -0.0314289  0.0252605 -0.0297595
 0.0235757 -0.0314926  0.0252707 -0.0297961
 0.0235878 -0.0315564  0.0252809 -0.0298327
 0.0235999 -0.0316203  0.0252911 -0.0298693
 0.0236119 -0.0316844  0.0253014 -0.0299061
 0.0236238 -0.0317486  0.0253116 -0.0299428
 0.0236356 -0.0318128  0.0253219 -0.0299797
 0.0236473 -0.0318772  0.0253322 -0.0300166
 0.0236588 -0.0319416  0.0253425 -0.0300536
 0.0236702 -0.0320062  0.0253528 -0.0300907
 0.0236815 -0.0320708  0.0253632 -0.0301278
 0.0236927 -0.0321354 0.0253736 -0.030165
 0.0237038 -0.0322001   0.025384 -0.0302022
 0.0237147 -0.0322649  0.0253944 -0.0302396
 0.0237254 -0.0323297  0.0254048 -0.0302769
  0.023736 -0.0323945  0.0254153 -0.0303144
 0.0237465 -0.0324593  0.0254258 -0.0303519
 0.0237569 -0.0325242  0.0254363 -0.0303895
 0.0237672 -0.0325892  0.0254468 -0.0304272
 0.0237773 -0.0326542  0.0254573 -0.0304649
 0.0237869 -0.0327188  0.0254679 -0.0305027
 0.0237963 -0.0327833  0.0254785 -0.0305405
 0.0238057 -0.0328481  0.0254891 -0.0305784
 0.0238149 -0.0329128  0.0254997 -0.0306164
  0.023824 -0.0329775  0.0255103 -0.0306545
 0.0238325 -0.0330418   0.025521 -0.0306926
0.0238409 -0.033106  0.0255317 -0.0307308
  0.023849 -0.0331702  0.0255424 -0.0307691
 0.0238569 -0.0332342  0.0255531 -0.0308074
 0.0238646 -0.0332983  0.0255639 -0.0308458
 0.0238721 -0.0333622  0.0255746 -0.0308843
 0.0238794 -0.0334261  0.0255854 -0.0309228
 0.0238865 -0.0334897  0.0255962 -0.0309614
 0.0238935 -0.0335533   0.025607 -0.0310001
 0.0239001 -0.0336163  0.0256179 -0.0310389
0.0239065 -0.033679  0.0256288 -0.0310777
 0.0239126 -0.0337413  0.0256397 -0.0311166
 0.0239184 -0.0338032  0.0256506 -0.0311555
  0.023924 -0.0338646  0.0256615 -0.0311945
 0.0239293 -0.0339256  0.0256725 -0.0312336
 0.0239343 -0.0339862  0.0256834 -0.0312728
  0.023939 -0.0340465 0.0256944 -0.031312
 0.0239435 -0.0341064  0.0257055 -0.0313513
 0.0239477 -0.0341661  0.0257165 -0.0313907
 0.0239516 -0.0342255  0.0257276 -0.0314301
 0.0239552 -0.0342845  0.0257387 -0.0314697
 0.0239585 -0.0343433  0.0257498 -0.0315093
 0.0239615 -0.0344017  0.0257609 -0.0315489
 0.0239642 -0.0344597   0.025772 -0.0315886
 0.0239666 -0.0345174  0.0257832 -0.0316284
 0.0239686 -0.0345748  0.0257944 -0.0316683
 0.0239702 -0.0346319  0.0258056 -0.0317083
 0.0239715 -0.0346886  0.0258169 -0.0317483
 0.0239725 -0.0347451  0.0258281 -0.0317884
 0.0239731 -0.0348012  0.0258394 -0.0318285
0.0239733 -0.034857  0.0258507 -0.0318687
 0.0239732 -0.0349126   0.025862 -0.0319091
 0.0239728 -0.0349678  0.0258734 -0.0319494
 0.0239719 -0.0350227  0.0258847 -0.0319899
 0.0239707 -0.0350773  0.0258961 -0.0320304
 0.0239692 -0.0351315 0.0259075 -0.032071
 0.0239672 -0.0351855   0.025919 -0.0321117
 0.0239649 -0.0352391  0.0259304 -0.0321524
 0.0239621 -0.0352923  0.0259419 -0.0321932
  0.023959 -0.0353452  0.0259534 -0.0322341
 0.0239555 -0.0353977  0.0259649 -0.0322751
 0.0239515 -0.0354498  0.0259765 -0.0323161
 0.0239472 -0.0355015   0.025988 -0.0323572
 0.0239424 -0.0355528  0.0259996 -0.0323984
 0.0239373 -0.0356037  0.0260112 -0.0324396
 0.0239317 -0.0356542 0.0260229 -0.032481
 0.0239256 -0.0357043  0.0260345 -0.0325224
0.0239192 -0.035754  0.0260462 -0.0325638
 0.0239123 -0.0358032  0.0260579 -0.0326054
 0.023905 -0.035852 0.0260696 -0.032647
 0.0238972 -0.0359004  0.0260814 -0.0326887
 0.0238889 -0.0359485  0.0260931 -0.0327305
0.0238801 -0.035996  0.0261049 -0.0327724
 0.0238709 -0.0360431  0.0261167 -0.0328143
 0.0238612 -0.0360896  0.0261286 -0.0328563
 0.0238511 -0.0361357  0.0261404 -0.0328984
 0.0238408 -0.0361814  0.0261523 -0.0329405
 0.0238301 -0.0362267  0.0261642 -0.0329828
 0.0238188 -0.0362717  0.0261761 -0.0330251
 0.0238069 -0.0363163  0.0261881 -0.0330674
 0.0237945 -0.0363604  0.0262001 -0.0331099
 0.0237817 -0.0364041  0.0262121 -0.0331524
 0.0237683 -0.0364473  0.0262241 -0.0331951
0.0237544  -0.03649  0.0262361 -0.0332377
 0.0237401 -0.0365322  0.0262482 -0.0332805
 0.0237252 -0.0365739  0.0262603 -0.0333234
0.0237098 -0.036615  0.0262724 -0.0333663
 0.0236939 -0.0366557  0.0262845 -0.0334093
 0.0236774 -0.0366959  0.0262967 -0.0334523
 0.0236604 -0.0367355  0.0263089 -0.0334955
 0.0236429 -0.0367747  0.0263211 -0.0335387
 0.0236248 -0.0368134 0.0263333 -0.033582
 0.0236062 -0.0368515  0.0263456 -0.0336254
  0.023587 -0.0368892  0.0263578 -0.0336689
 0.0235673 -0.0369264  0.0263701 -0.0337124
  0.023547 -0.0369631  0.0263825 -0.0337561
 0.0235262 -0.0369993  0.0263948 -0.0337998
 0.0235043 -0.0370346  0.0264072 -0.0338435
 0.0234823 -0.0370698  0.0264196 -0.0338874
 0.0234598 -0.0371044   0.026432 -0.0339313
 0.0234362 -0.0371382  0.0264444 -0.0339754
 0.0234126 -0.0371717  0.0264569 -0.0340195
 0.0233884 -0.0372048  0.0264694 -0.0340636
 0.0233636 -0.0372373  0.0264819 -0.0341079
 0.0233382 -0.0372694  0.0264945 -0.0341522
 0.0233122 -0.0373009   0.026507 -0.0341967
 0.0232857 -0.0373319  0.0265196 -0.0342411
  0.023258 -0.0373621  0.0265322 -0.0342857
 0.0232297 -0.0373917  0.0265449 -0.0343304
 0.0232014 -0.0374212  0.0265575 -0.0343751
 0.0231725 -0.0374502  0.0265702 -0.0344199
 0.0231431 -0.0374787  0.0265829 -0.0344648
  0.023113 -0.0375066  0.0265956 -0.0345098
 0.0230824 -0.0375341  0.0266084 -0.0345549
0.0230511 -0.037561 0.0266212   -0.0346
 0.0230193 -0.0375875   0.026634 -0.0346453
 0.0229868 -0.0376135  0.0266468 -0.0346906
0.0229537 -0.037639 0.0266597 -0.034736
0.0229201 -0.037664  0.0266726 -0.0347814
 0.0228858 -0.0376886 0.0266855 -0.034827
 0.0228509 -0.0377127  0.0266984 -0.0348726
 0.0228154 -0.0377363  0.0267114 -0.0349184
 0.0227794 -0.0377595  0.0267243 -0.0349642
 0.0227427 -0.0377822 0.0267373  -0.03501
 0.0227054 -0.0378044 0.0267504 -0.035056
 0.0226675 -0.0378262  0.0267634 -0.0351021
  0.022629 -0.0378475  0.0267765 -0.0351482
 0.0225899 -0.0378683  0.0267896 -0.0351944
 0.0225502 -0.0378887  0.0268027 -0.0352407
 0.0225099 -0.0379087  0.0268159 -0.0352871
 0.0224691 -0.0379282  0.0268291 -0.0353336
 0.0224276 -0.0379472  0.0268423 -0.0353801
 0.0223855 -0.0379659  0.0268555 -0.0354268
0.0223429 -0.037984  0.0268688 -0.0354735
 0.0222996 -0.0380018   0.026882 -0.0355203
 0.0222558 -0.0380191  0.0268953 -0.0355672
0.0222114 -0.038036  0.0269087 -0.0356142
 0.0221665 -0.0380525   0.026922 -0.0356612
 0.0221209 -0.0380685  0.0269354 -0.0357084
 0.0220748 -0.0380841  0.0269488 -0.0357556
 0.0220282 -0.0380994 0.0269623 -0.035803
  0.021981 -0.0381142  0.0269757 -0.0358504
 0.0219332 -0.0381286  0.0269892 -0.0358978
 0.0218857 -0.0381429  0.0270027 -0.0359454
 0.0218376 -0.0381569  0.0270163 -0.0359931
 0.0217888 -0.0381706  0.0270298 -0.0360408
 0.0217394 -0.0381838  0.0270434 -0.0360887
 0.0216894 -0.0381968   0.027057 -0.0361366
 0.0216389 -0.0382093  0.0270707 -0.0361846
 0.0215879 -0.0382214  0.0270843 -0.0362327
 0.0215364 -0.0382332   0.027098 -0.0362809
 0.0214843 -0.0382445  0.0271117 -0.0363292
 0.0214317 -0.0382555  0.0271255 -0.0363775
 0.0213787 -0.0382661 0.0271393 -0.036426
 0.0213251 -0.0382764  0.0271531 -0.0364745
 0.0212711 -0.0382863  0.0271669 -0.0365231
 0.0212165 -0.0382958  0.0271807 -0.0365719
0.0211614 -0.038305  0.0271946 -0.0366207
 0.0211059 -0.0383139  0.0272085 -0.0366696
 0.0210499 -0.0383224  0.0272225 -0.0367185
 0.0209934 -0.0383307  0.0272364 -0.0367676
 0.0209367 -0.0383385  0.0272504 -0.0368168
0.0208797 -0.038346 0.0272644 -0.036866
 0.0208225 -0.0383532  0.0272784 -0.0369154
0.020765 -0.03836  0.0272925 -0.0369648
 0.0207073 -0.0383664  0.0273066 -0.0370143
 0.0206495 -0.0383726  0.0273207 -0.0370639
 0.0205914 -0.0383784  0.0273348 -0.0371136
0.0205332 -0.038384   0.027349 -0.0371634
 0.0204749 -0.0383892  0.0273632 -0.0372133
 0.0204165 -0.0383942  0.0273774 -0.0372633
  0.020358 -0.0383989  0.0273917 -0.0373134
 0.0202995 -0.0384033  0.0274059 -0.0373636
 0.0202405 -0.0384077  0.0274202 -0.0374138
  0.020181 -0.0384119  0.0274345 -0.0374642
 0.020121 -0.038416  0.0274489 -0.0375147
0.0200606  -0.03842  0.0274632 -0.0375652
 0.0199998 -0.0384238  0.0274776 -0.0376159
 0.0199385 -0.0384276  0.0274921 -0.0376666
 0.0198769 -0.0384312  0.0275065 -0.0377174
 0.0198149 -0.0384347   0.027521 -0.0377684
0.0197525 -0.038438  0.0275355 -0.0378194
 0.0196899 -0.0384412    0.02755 -0.0378705
 0.0196269 -0.0384442  0.0275646 -0.0379218
 0.0185348 -0.0384992  0.0275791 -0.0379731
0.0184696 -0.038503  0.0275937 -0.0380245
 0.0184042 -0.0385069 0.0276084 -0.038076
 0.0183469 -0.0385106   0.027623 -0.0381276
 0.0182909 -0.0385146  0.0276377 -0.0381793
 0.0182353 -0.0385194  0.0276524 -0.0382312
 0.0181601 -0.0385212  0.0276672 -0.0382831
 0.0180781 -0.0385223  0.0276819 -0.0383351
  0.017993 -0.0385229  0.0276967 -0.0383872
 0.0179068 -0.0385237  0.0277115 -0.0384394
 0.0178236 -0.0385239  0.0277264 -0.0384917
 0.0177419 -0.0385244 0.0277412 -0.038544
 0.0176614 -0.0385252  0.0277561 -0.0385965
 0.0175823 -0.0385279   0.027771 -0.0386491
 0.0175051 -0.0385319   0.027786 -0.0387018
 0.0174288 -0.0385364   0.027801 -0.0387546
0.0173537 -0.038541   0.027816 -0.0388075
   0.01728 -0.0385454   0.027831 -0.0388605
 0.0172064 -0.0385493  0.0278461 -0.0389136
 0.0171332 -0.0385527  0.0278611 -0.0389668
 0.0170602 -0.0385558  0.0278762 -0.0390201
 0.0169884 -0.0385588  0.0278914 -0.0390735
 0.0169166 -0.0385616  0.0279065 -0.0391269
 0.0168449 -0.0385642  0.0279217 -0.0391805
 0.0167731 -0.0385667   0.027937 -0.0392342
 0.0167012 -0.0385692 0.0279522 -0.039288
 0.0166292 -0.0385716  0.0279675 -0.0393419
0.0165571 -0.038574  0.0279828 -0.0393959
 0.0164848 -0.0385764 0.0279981  -0.03945
 0.0164124 -0.0385787  0.0280135 -0.0395042
 0.0163398 -0.0385811  0.0280288 -0.0395585
  0.016267 -0.0385834  0.0280443 -0.0396129
 0.0161941 -0.0385858  0.0280597 -0.0396674
  0.016121 -0.0385882 0.0280752 -0.039722
 0.0160479 -0.0385906  0.0280907 -0.0397767
 0.0159747 -0.0385932  0.0281062 -0.0398315
 0.0159014 -0.0385959  0.0281217 -0.0398865
 0.0158281 -0.0385987  0.0281373 -0.0399415
 0.0157547 -0.0386016  0.0281529 -0.0399966
 0.0156815 -0.0386048  0.0281686 -0.0400518
 0.0156082 -0.0386081  0.0281842 -0.0401072
  0.015535 -0.0386116  0.0281999 -0.0401626
  0.015462 -0.0386153  0.0282156 -0.0402181
  0.015389 -0.0386193  0.0282314 -0.0402738
 0.0153161 -0.0386235  0.0282472 -0.0403295
0.0152434 -0.038628   0.028263 -0.0403854
 0.0151709 -0.0386327  0.0282788 -0.0404413
 0.0150985 -0.0386378  0.0282947 -0.0404974
 0.0150263 -0.0386431  0.0283106 -0.0405536
 0.0149543 -0.0386488  0.0283265 -0.0406098
 0.0148825 -0.0386548  0.0283424 -0.0406662
 0.0148109 -0.0386612  0.0283584 -0.0407227
 0.0147396 -0.0386679  0.0283744 -0.0407793
0.0146685 -0.038675 0.0283905 -0.040836
 0.0145977 -0.0386826  0.0284065 -0.0408928
 0.0145272 -0.0386905  0.0284226 -0.0409497
  0.014457 -0.0386988  0.0284387 -0.0410067
 0.0143871 -0.0387076  0.0284549 -0.0410638
 0.0143175 -0.0387168  0.0284711 -0.0411211
 0.0142483 -0.0387265  0.0284873 -0.0411784
 0.0141794 -0.0387366  0.0285035 -0.0412359
 0.0141109 -0.0387473  0.0285198 -0.0412934
 0.0140427 -0.0387584  0.0285361 -0.0413511
0.0139749  -0.03877  0.0285524 -0.0414088
 0.0139075 -0.0387821  0.0285688 -0.0414667
 0.0138405 -0.0387947  0.0285852 -0.0415247
 0.0137078 -0.0388216  0.0286016 -0.0415828
 0.0136416 -0.0388354  0.028618 -0.041641
 0.0135754 -0.0388492  0.0286345 -0.0416993
 0.0135106 -0.0388642   0.028651 -0.0417578
 0.0134465 -0.0388797  0.0286675 -0.0418163
 0.0133825 -0.0388957  0.0286841 -0.0418749
 0.0133187 -0.0389122  0.0287007 -0.0419337
 0.0132553 -0.0389294  0.0287173 -0.0419926
 0.0131925 -0.0389471   0.028734 -0.0420515
 0.0131302 -0.0389654  0.0287507 -0.0421106
 0.0130685 -0.0389845  0.0287674 -0.0421698
 0.0130073 -0.0390041  0.0287841 -0.0422291
  0.012947 -0.0390246  0.0288009 -0.0422885
 0.0128872 -0.0390456  0.0288177 -0.0423481
 0.0128282 -0.0390674  0.0288346 -0.0424077
   0.01277 -0.0390898  0.0288514 -0.0424675
 0.0127125 -0.0391129  0.0288683 -0.0425273
 0.0126558 -0.0391367  0.0288852 -0.0425873
 0.0125997 -0.0391611  0.0289022 -0.0426474
 0.0125443 -0.0391861  0.0289192 -0.0427076
 0.0124898 -0.0392119  0.0289362 -0.0427679
 0.0124359 -0.0392383  0.0289533 -0.0428284
 0.0123829 -0.0392655  0.0289704 -0.0428889
 0.0123305 -0.0392933  0.0289875 -0.0429496
 0.0122788 -0.0393213  0.0290046 -0.0430103
 0.0122281 -0.0393505  0.0290218 -0.0430712
  0.012178 -0.0393803   0.029039 -0.0431322
 0.0121288 -0.0394109  0.0290562 -0.0431933
 0.0120803 -0.0394421  0.0290735 -0.0432546
 0.0120325 -0.0394736  0.0290908 -0.0433159
 0.0119857 -0.0395063  0.0291081 -0.0433774
 0.0119399 -0.0395397 0.0291255 -0.043439
 0.0118945 -0.0395733  0.0291429 -0.0435006
 0.0118504 -0.0396081  0.0291603 -0.0435625
 0.0118069 -0.0396431  0.0291778 -0.0436244
 0.0117643 -0.0396788  0.0291953 -0.0436864
  0.011723 -0.0397158  0.0292128 -0.0437486
0.0116822 -0.039753  0.0292304 -0.0438108
 0.0116423 -0.0397908  0.0292479 -0.0438732
 0.0116035 -0.0398294  0.0292656 -0.0439357
 0.0115656 -0.0398687  0.0292832 -0.0439984
 0.0115287 -0.0399087  0.0293009 -0.0440611
 0.0114928 -0.0399494 0.0293186 -0.044124
 0.0114579 -0.0399908  0.0293364 -0.0441869
 0.011424 -0.040033 0.0293541  -0.04425
 0.0113912 -0.0400758  0.0293719 -0.0443132
 0.0113596 -0.0401194  0.0293898 -0.0443766
 0.0113293 -0.0401637 0.0294077  -0.04444
 0.0113002 -0.0402088  0.0294256 -0.0445036
 0.0112723 -0.0402546  0.0294435 -0.0445673
 0.0112457 -0.0403011  0.0294615 -0.0446311
 0.0112202 -0.0403485 0.0294795 -0.044695
  0.011196 -0.0403966 0.0294975 -0.044759
 0.0111732 -0.0404454  0.0295156 -0.0448232
 0.0111516 -0.0404949  0.0295337 -0.0448875
 0.0111313 -0.0405452  0.0295518 -0.0449519
 0.0111123 -0.0405962    0.02957 -0.0450164
 0.0110946 -0.0406479  0.0295882 -0.0450811
 0.0110783 -0.0407003  0.0296065 -0.0451459
 0.0110633 -0.0407533  0.0296247 -0.0452107
 0.0110497 -0.0408071   0.029643 -0.0452758
 0.0110374 -0.0408616  0.0296614 -0.0453409
 0.0110265 -0.0409167  0.0296797 -0.0454062
  0.011017 -0.0409724  0.0296981 -0.0454715
 0.0110089 -0.0410289 0.0297166 -0.045537
 0.0110021 -0.0410859   0.029735 -0.0456027
 0.0109967 -0.0411437  0.0297536 -0.0456684
0.0109927 -0.041202  0.0297721 -0.0457343
   0.01099 -0.0412611  0.0297907 -0.0458003
 0.0109888 -0.0413207  0.0298093 -0.0458664
0.0109889 -0.041381  0.0298279 -0.0459326
 0.0109904 -0.0414419 0.0298466 -0.045999
 0.0109933 -0.0415034  0.0298653 -0.0460655
 0.0109975 -0.0415655   0.029884 -0.0461321
 0.0110032 -0.0416282  0.0299028 -0.0461988
 0.0110102 -0.0416915  0.0299216 -0.0462657
 0.0110187 -0.0417554  0.0299405 -0.0463327
 0.0110286 -0.0418199  0.0299593 -0.0463998
   0.01104 -0.0418849  0.0299782 -0.0464671
 0.0110526 -0.0419506  0.0299972 -0.0465344
 0.0110657 -0.0420161  0.0300162 -0.0466019
 0.0110802 -0.0420823  0.0300352 -0.0466695
 0.0110961 -0.0421491  0.0300542 -0.0467373
 0.0111134 -0.0422164  0.0300733 -0.0468052
  0.011132 -0.0422843  0.0300924 -0.0468732
  0.011152 -0.0423527  0.0301116 -0.0469413
 0.0111733 -0.0424217  0.0301308 -0.0470095
  0.011196 -0.0424912    0.03015 -0.0470779
 0.0112201 -0.0425612  0.0301693 -0.0471464
 0.0112455 -0.0426318  0.0301886 -0.0472151
 0.0112723 -0.0427029  0.0302079 -0.0472838
 0.0113005 -0.0427744  0.0302273 -0.0473527
 0.0113302 -0.0428465  0.0302467 -0.0474218
 0.0113611 -0.0429191  0.0302661 -0.0474909
 0.0113935 -0.0429921  0.0302856 -0.0475602
 0.0114273 -0.0430657  0.0303051 -0.0476296
 0.0114625 -0.0431397  0.0303246 -0.0476992
 0.0114991 -0.0432142  0.0303442 -0.0477688
  0.011537 -0.0432892  0.0303638 -0.0478387
 0.0115764 -0.0433646  0.0303835 -0.0479086
 0.0116171 -0.0434404  0.0304031 -0.0479787
 0.0116591 -0.0435167  0.0304229 -0.0480489
 0.0117024 -0.0435934  0.0304426 -0.0481192
  0.011747 -0.0436706  0.0304624 -0.0481896
 0.0117929 -0.0437481  0.0304822 -0.0482602
 0.0118401 -0.0438261 0.0305021 -0.048331
 0.0118886 -0.0439044   0.030522 -0.0484018
 0.0119383 -0.0439831   0.030542 -0.0484728
 0.0119893 -0.0440622  0.0305619 -0.0485439
 0.0120416 -0.0441416  0.0305819 -0.0486152
 0.0120951 -0.0442213   0.030602 -0.0486866
 0.0121498 -0.0443014  0.0306221 -0.0487581
 0.0122058 -0.0443818  0.0306422 -0.0488298
 0.0122631 -0.0444623  0.0306624 -0.0489016
 0.0123216 -0.0445425  0.0306825 -0.0489735
 0.0123813 -0.0446221  0.0307028 -0.0490456
 0.0124422 -0.0447015  0.0307231 -0.0491177
 0.0125043 -0.0447804  0.0307434 -0.0491901
 0.0125677 -0.0448592  0.0307637 -0.0492625
 0.0126322 -0.0449384  0.0307841 -0.0493351
 0.0126979 -0.0450179  0.0308045 -0.0494079
 0.0127648 -0.0450976   0.030825 -0.0494808
 0.0128328 -0.0451777  0.0308454 -0.0495538
 0.0129019 -0.0452581   0.030866 -0.0496269
 0.0129721 -0.0453387  0.0308865 -0.0497002
 0.0130435 -0.0454196  0.0309071 -0.0497736
 0.0131159 -0.0455008  0.0309278 -0.0498472
 0.0131894 -0.0455822  0.0309485 -0.0499209
  0.013264 -0.0456639  0.0309692 -0.0499947
 0.0133395 -0.0457458  0.0309899 -0.0500687
 0.0134161 -0.0458279  0.0310107 -0.0501428
 0.0134935 -0.0459102 0.0310316 -0.050217
 0.0135711 -0.0459924  0.0310524 -0.0502914
 0.0136505 -0.0460751 0.0310733 -0.050366
 0.0137308 -0.0461581  0.0310943 -0.0504406
  0.013812 -0.0462412  0.0311153 -0.0505154
 0.0138941 -0.0463244  0.0311363 -0.0505904
 0.0139769 -0.0464078  0.0311574 -0.0506655
 0.0140605 -0.0464914  0.0311785 -0.0507407
  0.014145 -0.0465751  0.0311996 -0.0508161
 0.0142301 -0.0466589  0.0312208 -0.0508916
 0.0143159 -0.0467427   0.031242 -0.0509672
 0.0144023 -0.0468265 0.0312632 -0.051043
0.0144885  -0.04691  0.0312845 -0.0511189
 0.0145752 -0.0469936 0.0313059 -0.051195
 0.0146627 -0.0470772  0.0313272 -0.0512712
0.0147508 -0.047161  0.0313487 -0.0513476
 0.0148395 -0.0472447  0.0313701 -0.0514241
 0.0149288 -0.0473286  0.0313916 -0.0515008
 0.0150187 -0.0474124  0.0314131 -0.0515775
 0.0151091 -0.0474962  0.0314347 -0.0516545
  0.0152 -0.04758  0.0314563 -0.0517316
 0.0152913 -0.0476638  0.0314779 -0.0518088
  0.015383 -0.0477475  0.0314996 -0.0518861
 0.0154751 -0.0478312  0.0315214 -0.0519637
 0.0155676 -0.0479148  0.0315431 -0.0520413
 0.0156604 -0.0479984  0.0315649 -0.0521191
0.0157536 -0.048082  0.0315868 -0.0521971
  0.015847 -0.0481655  0.0316087 -0.0522751
0.0159407 -0.048249  0.0316306 -0.0523534
 0.0160347 -0.0483325  0.0316526 -0.0524318
 0.0161289 -0.0484159  0.0316746 -0.0525103
 0.0162233 -0.0484994 0.0316966 -0.052589
 0.0163179 -0.0485828  0.0317187 -0.0526678
 0.0164126 -0.0486663  0.0317408 -0.0527468
 0.0165076 -0.0487497   0.031763 -0.0528259
 0.0166028 -0.0488331  0.0317852 -0.0529052
 0.0166983 -0.0489165  0.0318074 -0.0529846
 0.0167941 -0.0489998  0.0318297 -0.0530641
  0.01689 -0.049083  0.0318521 -0.0531439
0.0169861 -0.049166  0.0318744 -0.0532237
 0.0170824 -0.0492489  0.0318969 -0.0533037
 0.0171787 -0.0493317  0.0319193 -0.0533839
 0.0172752 -0.0494144  0.0319418 -0.0534642
 0.0173717 -0.0494968  0.0319643 -0.0535447
 0.0174683 -0.0495791  0.0319869 -0.0536253
 0.0175649 -0.0496611 0.0320095 -0.053706
0.0176615 -0.049743 0.0320322 -0.053787
 0.0177581 -0.0498246 0.0320549 -0.053868
0.0178547 -0.049906  0.0320776 -0.0539492
  0.017951 -0.0499871  0.0321004 -0.0540306
0.0180471 -0.050068  0.0321233 -0.0541121
  0.018143 -0.0501486  0.0321461 -0.0541938
 0.0182391 -0.0502289   0.032169 -0.0542756
 0.0183351 -0.0503089   0.032192 -0.0543576
 0.0184309 -0.0503886   0.032215 -0.0544397
0.0185266 -0.050468  0.032238 -0.054522
0.0186219 -0.050547  0.0322611 -0.0546045
  0.018717 -0.0506257  0.0322842 -0.0546871
 0.018812 -0.050704  0.0323074 -0.0547698
 0.0189067 -0.0507819  0.0323306 -0.0548527
 0.0190011 -0.0508594  0.0323538 -0.0549358
 0.0190952 -0.0509366 0.0323771 -0.055019
 0.0191886 -0.0510132  0.0324005 -0.0551023
 0.0192819 -0.0510895  0.0324239 -0.0551859
 0.0193752 -0.0511654  0.0324473 -0.0552695
 0.0194679 -0.0512408  0.0324707 -0.0553534
 0.0195603 -0.0513157  0.0324942 -0.0554374
  0.019652 -0.0513901  0.0325178 -0.0555215
0.0197432 -0.051464  0.0325414 -0.0556058
 0.0198341 -0.0515374   0.032565 -0.0556903
 0.0199248 -0.0516103  0.0325887 -0.0557749
 0.0200155 -0.0516829  0.0326124 -0.0558597
 0.0201054 -0.0517547  0.0326362 -0.0559446
0.0201948 -0.051826    0.03266 -0.0560297
 0.0202837 -0.0518968 0.0326839 -0.056115
0.0203721 -0.051967  0.0327078 -0.0562004
 0.0204602 -0.0520366 0.0327317 -0.056286
  0.020548 -0.0521057  0.0327557 -0.0563717
 0.0206358 -0.0521745  0.0327797 -0.0564576
  0.020723 -0.0522427  0.0328038 -0.0565437
 0.0208094 -0.0523103  0.0328279 -0.0566299
 0.0208951 -0.0523773  0.0328521 -0.0567163
 0.0209801 -0.0524437  0.0328763 -0.0568028
 0.0210644 -0.0525094  0.0329005 -0.0568895
  0.021148 -0.0525746  0.0329248 -0.0569764
  0.021231 -0.0526391  0.0329492 -0.0570634
 0.0213132 -0.0527029  0.0329736 -0.0571506
 0.0213947 -0.0527662   0.032998 -0.0572379
 0.0214755 -0.0528288  0.0330225 -0.0573254
 0.0215555 -0.0528907   0.033047 -0.0574131
0.0216347 -0.052952 0.0330716 -0.057501
  0.021713 -0.0530127 0.0330962 -0.057589
 0.0217904 -0.0530727  0.0331208 -0.0576771
 0.0218669 -0.0531321  0.0331455 -0.0577655
 0.0219424 -0.0531908 0.0331703 -0.057854
  0.022017 -0.0532488  0.0331951 -0.0579426
 0.0220906 -0.0533062  0.0332199 -0.0580315
 0.0221632 -0.0533629  0.0332448 -0.0581205
 0.0222349 -0.0534189  0.0332697 -0.0582096
 0.0223055 -0.0534743 0.0332947 -0.058299
0.0223751 -0.053529  0.0333197 -0.0583885
0.0224436 -0.053583  0.0333448 -0.0584781
 0.0225112 -0.0536363  0.0333699 -0.0585679
 0.0225777 -0.0536889   0.033395 -0.0586579
 0.0226431 -0.0537409  0.0334202 -0.0587481
 0.0227075 -0.0537921  0.0334455 -0.0588384
 0.0227708 -0.0538427  0.0334708 -0.0589289
  0.022833 -0.0538926  0.0334961 -0.0590196
 0.0228942 -0.0539417  0.0335215 -0.0591105
 0.0229542 -0.0539902   0.033547 -0.0592015
0.0230131 -0.054038  0.0335725 -0.0592927
 0.0230709 -0.0540851  0.033598 -0.059384
 0.0231276 -0.0541314  0.0336236 -0.0594755
 0.0231832 -0.0541771  0.0336492 -0.0595672
 0.0232376 -0.0542221  0.0336749 -0.0596591
 0.0232909 -0.0542664  0.0337006 -0.0597511
0.023343 -0.05431  0.0337263 -0.0598433
  0.023394 -0.0543529  0.0337522 -0.0599357
 0.0234439 -0.0543951   0.033778 -0.0600283
 0.0234925 -0.0544366 0.0338039 -0.060121
   0.02354 -0.0544774  0.0338299 -0.0602139
 0.0235863 -0.0545175 0.0338559 -0.060307
 0.0236314 -0.0545569   0.033882 -0.0604002
 0.0236753 -0.0545957  0.0339081 -0.0604936
  0.023718 -0.0546338  0.0339342 -0.0605872
 0.0237595 -0.0546711 0.0339604 -0.060681
 0.0237998 -0.0547078  0.0339866 -0.0607749
 0.0238388 -0.0547439 0.0340129 -0.060869
 0.0238767 -0.0547792  0.0340393 -0.0609633
 0.0239133 -0.0548139  0.0340657 -0.0610578
0.0239487 -0.054848  0.0340921 -0.0611525
 0.0239841 -0.0548817  0.0341186 -0.0612473
 0.0240171 -0.0549144  0.0341451 -0.0613423
 0.0240488 -0.0549465  0.0341717 -0.0614375
 0.0240793 -0.0549778  0.0341984 -0.0615328
 0.0241086 -0.0550086   0.034225 -0.0616284
 0.0241367 -0.0550387  0.0342518 -0.0617241
 0.0241637 -0.0550681 0.0342786  -0.06182
 0.0241895 -0.0550969 0.0343054 -0.061916
 0.0242141 -0.0551238  0.0343323 -0.0620123
 0.0242375 -0.0551489  0.0343592 -0.0621087
 0.0242598 -0.0551723  0.0343862 -0.0622053
  0.024281 -0.0551941  0.0344132 -0.0623021
 0.0243009 -0.0552144  0.0344403 -0.0623991
 0.0243195 -0.0552332  0.0344674 -0.0624962
 0.0243383 -0.0552517  0.0344946 -0.0625936
 0.0243557 -0.0552691  0.0345218 -0.0626911
 0.0243719 -0.0552855  0.0345491 -0.0627888
0.0243868 -0.055301  0.0345764 -0.0628867
 0.0244004 -0.0553157  0.0346038 -0.0629847
 0.0244128 -0.0553296 0.0346312 -0.063083
 0.024424 -0.055343  0.0346587 -0.0631814
  0.024434 -0.0553557 0.0346862  -0.06328
 0.0244427 -0.0553679  0.0347138 -0.0633788
 0.0244501 -0.0553798  0.0347415 -0.0634778
 0.0244564 -0.0553912  0.0347691 -0.0635769
 0.0244615 -0.0554023  0.0347969 -0.0636763
 0.0244653 -0.0554131  0.0348247 -0.0637758
 0.0244679 -0.0554237  0.0348525 -0.0638755
 0.0244694 -0.0554341  0.0348804 -0.0639755
 0.0244697 -0.0554443  0.0349083 -0.0640755
 0.0244689 -0.0554544  0.0349363 -0.0641758
 0.0244669 -0.0554643  0.0349644 -0.0642763
 0.0244638 -0.0554741 0.0349925 -0.064377
 0.0244596 -0.0554839  0.0350206 -0.0644778
 0.0244543 -0.0554937  0.0350488 -0.0645788
 0.0244479 -0.0555035 0.0350771  -0.06468
 0.0244404 -0.0555135  0.0351054 -0.0647815
 0.0244319 -0.0555236  0.0351337 -0.0648831
 0.0244224 -0.0555339  0.0351621 -0.0649848
  0.024412 -0.0555444  0.0351906 -0.0650868
 0.0244007 -0.0555552 0.0352191 -0.065189
 0.0243885 -0.0555663  0.0352477 -0.0652913
 0.0243756 -0.0555778  0.0352763 -0.0653939
 0.0243618 -0.0555895  0.0353049 -0.0654966
 0.0243473 -0.0556015  0.0353337 -0.0655996
 0.0243319 -0.0556136  0.0353624 -0.0657027
 0.0243158 -0.0556257 0.0353913 -0.065806
0.0242988 -0.055638  0.0354201 -0.0659095
 0.0242808 -0.0556502  0.0354491 -0.0660132
 0.0242619 -0.0556625  0.0354781 -0.0661171
 0.0242421 -0.0556748  0.0355071 -0.0662212
 0.0242214 -0.0556871  0.0355362 -0.0663255
 0.0241999 -0.0556996 0.0355654  -0.06643
 0.0241777 -0.0557122  0.0355946 -0.0665346
 0.0241549 -0.0557249  0.0356238 -0.0666395
 0.0241315 -0.0557378  0.0356531 -0.0667446
 0.0241074 -0.0557508  0.0356825 -0.0668498
0.0240828 -0.055764  0.0357119 -0.0669553
 0.0240575 -0.0557773  0.0357414 -0.0670609
 0.0240317 -0.0557908  0.0357709 -0.0671668
 0.0240055 -0.0558046  0.0358005 -0.0672728
 0.0239787 -0.0558185  0.0358301 -0.0673791
 0.0239514 -0.0558326  0.0358598 -0.0674855
0.0239236 -0.055847  0.0358896 -0.0675922
 0.0238953 -0.0558616 0.0359194 -0.067699
 0.0238667 -0.0558765  0.0359492 -0.0678061
 0.0238384 -0.0558921  0.0359791 -0.0679133
 0.0238091 -0.0559074  0.0360091 -0.0680207
 0.0237791 -0.0559229  0.0360391 -0.0681284
 0.0237484 -0.0559387  0.0360692 -0.0682362
 0.0237171 -0.0559547  0.0360993 -0.0683443
 0.0236852 -0.0559711  0.0361295 -0.0684525
 0.0236528 -0.0559878 0.0361598 -0.068561
 0.0236199 -0.0560048  0.0361901 -0.0686696
 0.0235865 -0.0560221  0.0362204 -0.0687785
 0.0235527 -0.0560399  0.0362508 -0.0688875
0.0235184 -0.056058  0.0362813 -0.0689968
 0.0234836 -0.0560764  0.0363118 -0.0691062
 0.0234484 -0.0560953  0.0363424 -0.0692159
 0.0234129 -0.0561146   0.036373 -0.0693258
 0.0233769 -0.0561343  0.0364037 -0.0694359
 0.0233406 -0.0561544  0.0364345 -0.0695461
 0.0233039 -0.0561749  0.0364653 -0.0696566
 0.0232678 -0.0561967  0.0364961 -0.0697673
 0.0232315 -0.0562185  0.0365271 -0.0698782
 0.0231949 -0.0562407   0.036558 -0.0699893
 0.0231581 -0.0562633  0.0365891 -0.0701006
  0.023121 -0.0562863  0.0366202 -0.0702122
 0.0230836 -0.0563098  0.0366513 -0.0703239
  0.023046 -0.0563339  0.0366825 -0.0704358
 0.0230081 -0.0563585 0.0367138 -0.070548
   0.02297 -0.0563838  0.0367451 -0.0706603
 0.0229317 -0.0564096  0.0367765 -0.0707729
0.0228931 -0.056436  0.0368079 -0.0708857
0.0228545 -0.056463  0.0368394 -0.0709986
 0.0228157 -0.0564907   0.036871 -0.0711118
 0.0227768 -0.0565189  0.0369026 -0.0712252
 0.0227378 -0.0565478  0.0369343 -0.0713389
 0.0226988 -0.0565773   0.036966 -0.0714527
 0.0226597 -0.0566075  0.0369978 -0.0715667
 0.0226206 -0.0566384 0.0370296 -0.071681
0.0225816  -0.05667  0.0370615 -0.0717955
 0.0225426 -0.0567024  0.0370935 -0.0719101
 0.0225036 -0.0567356 0.0371255 -0.072025
 0.0224648 -0.0567696  0.0371576 -0.0721401
  0.022426 -0.0568044  0.0371897 -0.0722555
 0.0223874 -0.0568401 0.0372219 -0.072371
 0.0223489 -0.0568766  0.0372542 -0.0724868
 0.0223106 -0.0569139  0.0372865 -0.0726027
 0.0222724 -0.0569522  0.0373189 -0.0727189
 0.0222345 -0.0569914  0.0373513 -0.0728353
 0.0221968 -0.0570316 0.0373838 -0.072952
 0.0221594 -0.0570727  0.0374164 -0.0730688
 0.0221222 -0.0571147   0.037449 -0.0731858
 0.0220853 -0.0571577  0.0374817 -0.0733031
 0.0220487 -0.0572018  0.0375144 -0.0734206
 0.0220125 -0.0572468  0.0375472 -0.0735383
 0.0219766 -0.0572928  0.0375801 -0.0736563
  0.021941 -0.0573396   0.037613 -0.0737744
 0.0219058 -0.0573875   0.037646 -0.0738928
  0.021871 -0.0574363  0.0376791 -0.0740114
0.0218366 -0.057486  0.0377122 -0.0741302
 0.0218027 -0.0575367  0.0377453 -0.0742492
 0.0217692 -0.0575883  0.0377786 -0.0743685
 0.0217362 -0.0576409 0.0378118 -0.074488
 0.0217038 -0.0576944  0.0378452 -0.0746077
  0.021672 -0.0577489  0.0378786 -0.0747276
 0.0216407 -0.0578043  0.0379121 -0.0748477
   0.02161 -0.0578607  0.0379456 -0.0749681
 0.0215799 -0.0579181  0.0379792 -0.0750887
 0.0215505 -0.0579765  0.0380129 -0.0752095
 0.0215218 -0.0580358  0.0380466 -0.0753306
 0.0214931 -0.0580959  0.0380804 -0.0754518
 0.0214658 -0.0581572  0.0381142 -0.0755733
 0.0214392 -0.0582195  0.0381481 -0.0756951
 0.0214133 -0.0582828 0.0381821 -0.075817
 0.0213882 -0.0583471  0.0382161 -0.0759392
  0.021364 -0.0584125  0.0382502 -0.0760616
 0.0213405 -0.0584788  0.0382844 -0.0761843
 0.0213179 -0.0585462  0.0383186 -0.0763071
 0.0212962 -0.0586147  0.0383529 -0.0764302
 0.0212753 -0.0586842  0.0383873 -0.0765535
 0.0212554 -0.0587548  0.0384217 -0.0766771
 0.0212364 -0.0588264  0.0384562 -0.0768009
 0.0212183 -0.0588991  0.0384907 -0.0769249
 0.0212011 -0.0589729  0.0385253 -0.0770491
  0.021185 -0.0590478    0.03856 -0.0771736
 0.0211699 -0.0591238  0.0385947 -0.0772983
 0.0211557 -0.0592008  0.0386295 -0.0774233
 0.0211424 -0.0592792  0.0386644 -0.0775484
 0.0211295 -0.0593586  0.0386993 -0.0776738
 0.0211183 -0.0594385  0.0387343 -0.0777995
 0.0211082 -0.0595194  0.0387693 -0.0779254
 0.0210994 -0.0596013  0.0388045 -0.0780515
 0.0210918 -0.0596843  0.0388396 -0.0781778
 0.0210854 -0.0597685  0.0388749 -0.0783044
 0.0210802 -0.0598538  0.0389102 -0.0784312
  0.021076 -0.0599404  0.0389456 -0.0785583
 0.0210731 -0.0600281   0.038981 -0.0786856
 0.0210715 -0.0601171  0.0390165 -0.0788131
 0.0210711 -0.0602072  0.0390521 -0.0789408
  0.021072 -0.0602986  0.0390878 -0.0790688
0.0210743 -0.060391  0.0391235 -0.0791971
 0.0210779 -0.0604847  0.0391593 -0.0793256
 0.0210828 -0.0605795  0.0391951 -0.0794543
 0.0210891 -0.0606755   0.039231 -0.0795833
 0.0210968 -0.0607728   0.039267 -0.0797125
 0.0211058 -0.0608713   0.039303 -0.0798419
 0.0211163 -0.0609711  0.0393391 -0.0799716
 0.0211281 -0.0610721  0.0393753 -0.0801015
 0.0211414 -0.0611743  0.0394115 -0.0802317
 0.0211561 -0.0612778  0.0394479 -0.0803621
 0.0211723 -0.0613826  0.0394842 -0.0804927
 0.0211901 -0.0614886  0.0395207 -0.0806236
 0.0212092 -0.0615958  0.0395572 -0.0807548
   0.02123 -0.0617042  0.0395938 -0.0808861
 0.0212522 -0.0618139  0.0396304 -0.0810178
 0.0212759 -0.0619245  0.0396671 -0.0811497
 0.0213012 -0.0620363  0.0397039 -0.0812818
 0.021328 -0.062149  0.0397408 -0.0814141
 0.0213564 -0.0622629  0.0397777 -0.0815467
 0.0213863 -0.0623777  0.0398147 -0.0816796
0.0214167 -0.062493  0.0398517 -0.0818127
   0.02145 -0.0626095  0.0398888 -0.0819461
  0.021485 -0.0627271   0.039926 -0.0820797
 0.0215217 -0.0628456  0.0399633 -0.0822135
 0.0215598 -0.0629654  0.0400006 -0.0823476
 0.0215995 -0.0630863  0.040038 -0.082482
 0.0216397 -0.0632077  0.0400755 -0.0826166
  0.021683 -0.0633308   0.040113 -0.0827514
 0.0217268 -0.0634542  0.0401506 -0.0828865
 0.0217724 -0.0635789  0.0401883 -0.0830219
 0.0218211 -0.0637059   0.040226 -0.0831575
 0.0218716 -0.0638342  0.0402639 -0.0832934
 0.0219239 -0.0639637  0.0403017 -0.0834295
 0.0219776 -0.0640944  0.0403397 -0.0835659
 0.0220316 -0.0642253  0.0403777 -0.0837025
 0.0220858 -0.0643565  0.0404158 -0.0838394
 0.0221447 -0.0644907   0.040454 -0.0839765
 0.0222039 -0.0646252  0.0404922 -0.0841139
0.0222652 -0.064761  0.0405305 -0.0842515
0.0223284 -0.064898  0.0405689 -0.0843894
 0.0223933 -0.0650361  0.0406074 -0.0845276
 0.0224601 -0.0651754 0.0406459 -0.084666
 0.0225286 -0.0653159  0.0406845 -0.0848047
 0.0225988 -0.0654575  0.0407231 -0.0849436
 0.0226708 -0.0656002  0.0407619 -0.0850828
 0.0227446 -0.0657441  0.0408007 -0.0852222
 0.0228201 -0.0658891  0.0408396 -0.0853619
 0.0228974 -0.0660352  0.0408785 -0.0855019
 0.0229765 -0.0661824  0.0409175 -0.0856421
 0.0230573 -0.0663306  0.0409566 -0.0857826
 0.02314 -0.06648  0.0409958 -0.0859234
 0.0232244 -0.0666304  0.0410351 -0.0860644
 0.0233105 -0.0667819  0.0410744 -0.0862057
 0.0233985 -0.0669344  0.0411138 -0.0863472
 0.0234882 -0.0670879 0.0411532 -0.086489
 0.0235796 -0.0672425  0.0411927 -0.0866311
 0.0236728 -0.0673981  0.0412323 -0.0867734
 0.0237677 -0.0675547  0.041272 -0.086916
 0.0238644 -0.0677123  0.0413118 -0.0870589
 0.0239628 -0.0678709 0.0413516 -0.087202
  0.024063 -0.0680304  0.0413915 -0.0873454
 0.0241648 -0.0681909  0.0414315 -0.0874891
 0.0242684 -0.0683524 0.0414715 -0.087633
 0.0243738 -0.0685148  0.0415116 -0.0877772
 0.0244808 -0.0686781  0.0415518 -0.0879217
 0.0245895 -0.0688423  0.0415921 -0.0880664
 0.0246999 -0.0690075  0.0416325 -0.0882115
 0.0248123 -0.0691736  0.0416729 -0.0883567
 0.0249261 -0.0693405  0.0417134 -0.0885023
 0.0250418 -0.0695084  0.0417539 -0.0886481
 0.0251576 -0.0696763  0.0417946 -0.0887942
  0.025275 -0.0698451  0.0418353 -0.0889406
 0.0253958 -0.0700155  0.0418761 -0.0890872
0.0255165 -0.070186   0.041917 -0.0892341
 0.0256389 -0.0703573  0.0419579 -0.0893813
 0.0257629 -0.0705294  0.0419989 -0.0895287
 0.0258885 -0.0707022    0.04204 -0.0896765
 0.0260158 -0.0708758  0.0420812 -0.0898245
 0.0261446 -0.0710502  0.0421225 -0.0899728
  0.026275 -0.0712253  0.0421638 -0.0901213
  0.026407 -0.0714011  0.0422052 -0.0902702
 0.0265405 -0.0715777  0.0422467 -0.0904193
 0.0266756 -0.0717549  0.0422882 -0.0905687
 0.0268123 -0.0719329  0.0423299 -0.0907183
 0.0269504 -0.0721116  0.0423716 -0.0908683
  0.02709 -0.072291  0.0424134 -0.0910185
0.0272312 -0.072471 0.0424552 -0.091169
 0.0273738 -0.0726517  0.0424972 -0.0913198
0.0275179 -0.072833  0.0425392 -0.0914709
 0.0276634 -0.0730149  0.0425813 -0.0916222
 0.0278104 -0.0731974  0.0426235 -0.0917739
 0.0279587 -0.0733805  0.0426657 -0.0919258
 0.0281085 -0.0735642 0.0427081 -0.092078
 0.0282595 -0.0737484  0.0427505 -0.0922305
  0.028412 -0.0739331   0.042793 -0.0923832
 0.0285657 -0.0741183  0.0428355 -0.0925363
 0.0287206 -0.0743039  0.0428782 -0.0926896
0.028877 -0.07449  0.0429209 -0.0928432
 0.0290346 -0.0746767  0.0429637 -0.0929972
 0.0291934 -0.0748637  0.0430066 -0.0931513
0.0293526 -0.075051  0.0430496 -0.0933058
0.0295138 -0.075239  0.0430926 -0.0934606
 0.0296748 -0.0754268  0.0431357 -0.0936157
0.0298369 -0.075615 0.0431789 -0.093771
 0.0300002 -0.0758036  0.0432222 -0.0939266
 0.0301647 -0.0759926  0.0432656 -0.0940826
 0.0303303 -0.0761819   0.043309 -0.0942388
  0.030497 -0.0763716  0.0433526 -0.0943953
 0.0306648 -0.0765616  0.0433962 -0.0945521
 0.0308336 -0.0767518  0.0434399 -0.0947092
 0.0310033 -0.0769424  0.0434836 -0.0948666
 0.0311741 -0.0771332  0.0435275 -0.0950242
 0.0313459 -0.0773242  0.0435714 -0.0951822
 0.0315186 -0.0775154  0.0436154 -0.0953405
 0.0316922 -0.0777069 0.0436595 -0.095499
 0.0318668 -0.0778986  0.0437037 -0.0956579
 0.0320422 -0.0780904 0.0437479 -0.095817
 0.0322185 -0.0782824  0.0437923 -0.0959765
 0.0323956 -0.0784745  0.0438367 -0.0961362
 0.0325735 -0.0786668  0.0438812 -0.0962963
  0.032752 -0.0788592  0.0439258 -0.0964566
 0.0329311 -0.0790517  0.0439705 -0.0966172
 0.0331108 -0.0792445  0.0440152 -0.0967782
 0.0332908 -0.0794373  0.0440601 -0.0969394
 0.0334712 -0.0796303  0.044105 -0.097101
 0.0336519 -0.0798234    0.04415 -0.0972628
 0.0338331 -0.0800166  0.0441951 -0.0974249
 0.0340144 -0.0802098  0.0442402 -0.0975874
  0.034196 -0.0804031  0.0442855 -0.0977501
 0.0343777 -0.0805964  0.0443308 -0.0979132
 0.0345598 -0.0807897  0.0443762 -0.0980765
 0.0347422 -0.0809828  0.0444217 -0.0982402
 0.0349249 -0.0811757  0.0444673 -0.0984041
  0.035108 -0.0813683   0.044513 -0.0985684
 0.0352913 -0.0815607 0.0445588 -0.098733
  0.035475 -0.0817527  0.0446046 -0.0988979
 0.0356589 -0.0819445 0.0446505 -0.099063
 0.035843 -0.082136  0.0446965 -0.0992285
 0.0360271 -0.0823272  0.0447426 -0.0993943
 0.0362113 -0.0825182  0.0447888 -0.0995604
0.0363955 -0.082709  0.0448351 -0.0997269
 0.0365797 -0.0828995  0.0448814 -0.0998936
 0.0367638 -0.0830897 0.0449279 -0.100061
 0.0369479 -0.0832797 0.0449744 -0.100228
 0.0371317 -0.0834695  0.045021 -0.100396
 0.0373156 -0.0836591 0.0450677 -0.100564
 0.0374997 -0.0838485 0.0451145 -0.100732
 0.0376839 -0.0840377 0.0451614 -0.100901
 0.0378684 -0.0842267 0.0452083 -0.101069
  0.038053 -0.0844154 0.0452554 -0.101239
 0.0382378 -0.0846039 0.0453025 -0.101408
 0.0384225 -0.0847921 0.0453497 -0.101578
0.0386074  -0.08498  0.045397 -0.101748
 0.0387922 -0.0851676 0.0454444 -0.101919
0.0389764 -0.085355 0.0454919  -0.10209
0.0391604 -0.085542 0.0455395 -0.102261
 0.0393443 -0.0857287 0.0455872 -0.102432
 0.0395287 -0.0859148 0.0456349 -0.102604
 0.0397129 -0.0861005 0.0456827 -0.102776
 0.0398969 -0.0862858 0.0457307 -0.102948
 0.0400801 -0.0864708 0.0457787 -0.103121
 0.0402637 -0.0866552 0.0458268 -0.103294
 0.0404464 -0.0868393  0.045875 -0.103468
0.0406288 -0.087023 0.0459233 -0.103641
 0.0408114 -0.0872059 0.0459716 -0.103815
 0.0409937 -0.0873884 0.0460201  -0.10399
 0.0411762 -0.0875711 0.0460687 -0.104164
 0.0413577 -0.0877524 0.0461173 -0.104339
 0.0415384 -0.0879336  0.046166 -0.104515
0.0417191 -0.088114 0.0462148  -0.10469
  0.041899 -0.0882942 0.0462638 -0.104866
0.0420785 -0.088474 0.0463128 -0.105042
 0.0422574 -0.0886532 0.0463619 -0.105219
0.0424359 -0.088832  0.046411 -0.105396
 0.0426137 -0.0890102 0.0464603 -0.105573
 0.0427911 -0.0891879 0.0465097 -0.105751
 0.0429681 -0.0893647 0.0465591 -0.105929
 0.0431442 -0.0895413 0.0466087 -0.106107
 0.0433198 -0.0897173 0.0466583 -0.106286
 0.0434946 -0.0898928 0.0467081 -0.106465
 0.0436687 -0.0900677 0.0467579 -0.106644
0.0438421 -0.090242 0.0468078 -0.106824
 0.0440149 -0.0904153 0.0468578 -0.107004
  0.044187 -0.0905881 0.0469079 -0.107184
 0.0443581 -0.0907606 0.0469581 -0.107364
 0.0445284 -0.0909326 0.0470084 -0.107545
 0.0446979 -0.0911039 0.0470588 -0.107727
 0.0448664 -0.0912747 0.0471093 -0.107908
 0.0450341 -0.0914448 0.0471599  -0.10809
 0.0452009 -0.0916144 0.0472105 -0.108273
 0.0453668 -0.0917833 0.0472613 -0.108455
 0.0455317 -0.0919517 0.0473122 -0.108638
 0.0456957 -0.0921194 0.0473631 -0.108822
 0.0458586 -0.0922865 0.0474141 -0.109005
 0.0460206 -0.0924531 0.0474653 -0.109189
0.0461816 -0.092619 0.0475165 -0.109374
 0.0463415 -0.0927843 0.0475678 -0.109558
 0.0465003 -0.0929489 0.0476193 -0.109743
 0.046658 -0.093113 0.0476708 -0.109929
 0.0468147 -0.0932764 0.0477224 -0.110114
 0.0469701 -0.0934392 0.0477741   -0.1103
 0.0471244 -0.0936014 0.0478259 -0.110487
 0.0472776 -0.0937629 0.0478778 -0.110674
 0.0474295 -0.0939239 0.0479298 -0.110861
 0.0475802 -0.0940842 0.0479819 -0.111048
 0.0477297 -0.0942439 0.0480341 -0.111236
 0.0478779 -0.0944029 0.0480864 -0.111424
 0.0480249 -0.0945614 0.0481388 -0.111613
 0.0481701 -0.0947187 0.0481913 -0.111802
 0.0483141 -0.0948754 0.0482438 -0.111991
0.0484571 -0.095032 0.0482965  -0.11218
0.0485987 -0.095188 0.0483493  -0.11237
  0.048739 -0.0953433 0.0484022 -0.112561
 0.0488779 -0.0954981 0.0484551 -0.112751
 0.0490148 -0.0956517 0.0485082 -0.112942
 0.0491504 -0.0958047 0.0485614 -0.113134
 0.0492845 -0.0959571 0.0486146 -0.113325
 0.0494177 -0.0961095  0.048668 -0.113517
 0.0495494 -0.0962613 0.0487215  -0.11371
 0.0496796 -0.0964125  0.048775 -0.113902
 0.0498084 -0.0965631 0.0488287 -0.114096
 0.0499357 -0.0967131 0.0488824 -0.114289
 0.0500615 -0.0968626 0.0489363 -0.114483
 0.0501858 -0.0970116 0.0489903 -0.114677
 0.0503086 -0.0971601 0.0490443 -0.114872
0.0504299 -0.097308 0.0490985 -0.115067
 0.0505496 -0.0974554 0.0491528 -0.115262
 0.0506679 -0.0976022 0.0492071 -0.115458
 0.0507845 -0.0977486 0.0492616 -0.115654
 0.0508997 -0.0978944 0.0493162  -0.11585
 0.0510132 -0.0980397 0.0493708 -0.116047
 0.0511252 -0.0981845 0.0494256 -0.116244
 0.0512373 -0.0983297 0.0494805 -0.116441
  0.051346 -0.0984735 0.0495354 -0.116639
 0.0514531 -0.0986168 0.0495905 -0.116837
 0.0515593 -0.0987602 0.0496457 -0.117036
 0.0516639 -0.0989033  0.049701 -0.117235
0.0517668 -0.099046 0.0497563 -0.117434
  0.051868 -0.0991882 0.0498118 -0.117634
0.0519675  -0.09933 0.0498674 -0.117834
 0.0520653 -0.0994713 0.0499231 -0.118034
 0.0521614 -0.0996123 0.0499789 -0.118235
 0.0522551 -0.0997522 0.0500348 -0.118436
 0.0523478 -0.0998923 0.0500908 -0.118638
0.0524389 -0.100032 0.0501469  -0.11884
0.0525283 -0.100171 0.0502031 -0.119042
0.052616 -0.10031 0.0502594 -0.119245
 0.052702 -0.100448 0.0503158 -0.119448
0.0527862 -0.100587 0.0503723 -0.119651
0.0528688 -0.100724  0.050429 -0.119855
0.0529496 -0.100862 0.0504857 -0.120059
0.0530288 -0.100999 0.0505425 -0.120264
0.0531063 -0.101136 0.0505995 -0.120469
0.0531821 -0.101272 0.0506565 -0.120674
0.0532562 -0.101408 0.0507137  -0.12088
0.0533287 -0.101544 0.0507709 -0.121086
0.0533994  -0.10168 0.0508283 -0.121293
0.0534685 -0.101815 0.0508858   -0.1215
0.0535358  -0.10195 0.0509434 -0.121707
0.0536015 -0.102085 0.0510011 -0.121915
0.0536655  -0.10222 0.0510589 -0.122123
0.0537278 -0.102354 0.0511168 -0.122331
0.0537885 -0.102489 0.0511748  -0.12254
0.0538475 -0.102623 0.0512329 -0.122749
0.0539048 -0.102757 0.0512912 -0.122959
0.0539604 -0.102891 0.0513496 -0.123169
0.0540144 -0.103024 0.051408 -0.12338
0.0540667 -0.103158 0.0514666 -0.123591
0.0541174 -0.103292 0.0515253 -0.123802
0.0541664 -0.103425 0.0515842 -0.124014
0.0542138 -0.103558 0.0516431 -0.124226
0.0542596 -0.103692 0.0517021 -0.124439
0.0543038 -0.103825 0.0517613 -0.124652
0.0543463 -0.103958 0.0518206 -0.124865
0.0543872 -0.104092 0.0518799 -0.125079
0.0544265 -0.104225 0.0519394 -0.125293
0.0544643 -0.104358  0.051999 -0.125507
0.0545004 -0.104491 0.0520586 -0.125722
 0.054535 -0.104625 0.0521184 -0.125937
 0.054568 -0.104758 0.0521782 -0.126153
0.0545995 -0.104892 0.0522381 -0.126368
0.0546294 -0.105025 0.0522981 -0.126584
0.0546578 -0.105159 0.0523581   -0.1268
0.0546846 -0.105293 0.0524182 -0.127016
0.0547101 -0.105427 0.0524782 -0.127232
0.0547339 -0.105562 0.0525384 -0.127449
0.0547564 -0.105696 0.0525985 -0.127665
0.0547783 -0.105831 0.0526587 -0.127881
0.0547977 -0.105966 0.0527188 -0.128098
0.0548155 -0.106101  0.052779 -0.128314
0.0548328 -0.106236 0.0528392  -0.12853
0.0548066 -0.106366 0.0528993 -0.128746
0.0547841 -0.106496 0.0529594 -0.128962
0.0547614 -0.106628 0.0530195 -0.129178
0.0547415  -0.10676 0.0530796 -0.129394
0.0547242 -0.106894 0.0531397 -0.129609
0.0547099 -0.107028 0.0531996 -0.129825
0.0546991 -0.107162 0.0532596  -0.13004
0.0546921 -0.107295 0.0533195 -0.130255
0.0546865  -0.10743 0.0533794 -0.130469
0.0546823 -0.107565 0.0534392 -0.130684
0.0546789 -0.107701  0.053499 -0.130898
0.0546763 -0.107837 0.0535587 -0.131112
0.0546741 -0.107973 0.0536183 -0.131325
0.0546725 -0.108109  0.053678 -0.131539
0.0546713 -0.108245 0.0537375 -0.131752
0.0546708 -0.108381  0.053797 -0.131965
0.0546708 -0.108516 0.0538565 -0.132177
0.0546712 -0.108652 0.0539159  -0.13239
0.0546723 -0.108787 0.0539753 -0.132602
 0.054674 -0.108922 0.0540346 -0.132814
 0.054676 -0.109057 0.0540939 -0.133026
0.0546782 -0.109191 0.0541531 -0.133237
0.0546805 -0.109326 0.0542123 -0.133448
0.0546828 -0.109461 0.0542714 -0.133659
0.0546851 -0.109595 0.0543304  -0.13387
0.0546873  -0.10973 0.0543895 -0.134081
0.0546894 -0.109865 0.0544484 -0.134291
0.0546914     -0.11 0.0545074 -0.134501
0.0546932 -0.110136 0.0545662 -0.134711
 0.054695 -0.110271 0.0546251  -0.13492
0.0546966 -0.110407 0.0546838 -0.135129
 0.054698 -0.110543 0.0547426 -0.135338
0.0546993 -0.110679 0.0548013 -0.135547
0.0547003 -0.110816 0.0548599 -0.135756
0.0547012 -0.110952 0.0549185 -0.135964
0.0547019 -0.111089  0.054977 -0.136172
0.0547024 -0.111227 0.0550355  -0.13638
0.0547027 -0.111365  0.055094 -0.136588
0.0547029 -0.111503 0.0551523 -0.136795
0.0547029 -0.111641 0.0552107 -0.137002
0.0547028 -0.111779  0.055269 -0.137209
0.0547026 -0.111918 0.0553272 -0.137416
0.0547022 -0.112058 0.0553854 -0.137622
0.0547018 -0.112197 0.0554436 -0.137828
0.0547013 -0.112337 0.0555017 -0.138034
0.0547006 -0.112477 0.0555597  -0.13824
   0.0547 -0.112618 0.0556177 -0.138445
0.0546992 -0.112759 0.0556757  -0.13865
0.0546984   -0.1129 0.0557336 -0.138855
0.0546976 -0.113041 0.0557914  -0.13906
0.0546967 -0.113183 0.0558492 -0.139264
0.0546958 -0.113325  0.055907 -0.139468
0.0546949 -0.113468 0.0559647 -0.139672
0.054694 -0.11361 0.0560223 -0.139876
0.0546931 -0.113753 0.0560799 -0.140079
0.0546922 -0.113897 0.0561375 -0.140282
0.0546914  -0.11404  0.056195 -0.140485
0.0546913 -0.114184 0.0562524 -0.140688
0.0546906 -0.114328 0.0563098  -0.14089
  0.05469 -0.114473 0.0563672 -0.141093
0.0546894 -0.114618 0.0564245 -0.141295
0.0546899 -0.114763 0.0564817 -0.141496
0.0546906 -0.114908 0.0565389 -0.141698
0.0546908 -0.115054 0.0565961 -0.141899
0.0546909   -0.1152 0.0566532   -0.1421
 0.054691 -0.115347 0.0567102   -0.1423
0.0546912 -0.115494 0.0567672 -0.142501
0.0546916 -0.115641 0.0568242 -0.142701
0.0546923 -0.115789  0.056881 -0.142901
0.0546933 -0.115936 0.0569379   -0.1431
0.0546946 -0.116084 0.0569947   -0.1433
0.0546961 -0.116232 0.0570514 -0.143499
0.0546979 -0.116381 0.0571081 -0.143698
  0.0547 -0.11653 0.0571647 -0.143896
0.0547022 -0.116679 0.0572213 -0.144095
0.0547047 -0.116828 0.0572778 -0.144293
0.0547075 -0.116977 0.0573343  -0.14449
0.0547104 -0.117127 0.0573907 -0.144688
0.0547137 -0.117277 0.0574471 -0.144885
0.0547172 -0.117428 0.0575034 -0.145082
0.0547211 -0.117578 0.0575597 -0.145279
0.0547253 -0.117729 0.0576159 -0.145476
0.0547299  -0.11788 0.0576721 -0.145672
0.0547348 -0.118031 0.0577282 -0.145868
0.0547401 -0.118183 0.0577842 -0.146063
0.0547458 -0.118334 0.0578402 -0.146259
0.0547518 -0.118486 0.0578962 -0.146454
0.0547582 -0.118638 0.0579521 -0.146649
 0.054765 -0.118791 0.0580079 -0.146844
0.0547722 -0.118943 0.0580637 -0.147038
0.0547798 -0.119096 0.0581194 -0.147232
0.0547879 -0.119248 0.0581751 -0.147426
0.0547963 -0.119401 0.0582307  -0.14762
0.0548051 -0.119554 0.0582863 -0.147813
0.0548144 -0.119708 0.0583418 -0.148006
0.0548241 -0.119861 0.0583973 -0.148199
0.0548343 -0.120015 0.0584527 -0.148391
0.0548444 -0.120169 0.0585081 -0.148583
0.0548551 -0.120323 0.0585634 -0.148775
0.0548661 -0.120477 0.0586186 -0.148967
0.0548783 -0.120631 0.0586738 -0.149159
0.0548906 -0.120786 0.0587289  -0.14935
0.0549035  -0.12094  0.058784 -0.149541
0.0549172 -0.121094 0.0588391 -0.149731
0.0549311 -0.121249  0.058894 -0.149922
0.0549454 -0.121404  0.058949 -0.150112
0.0549602 -0.121559 0.0590038 -0.150301
0.0549758 -0.121714 0.0590586 -0.150491
0.0549918 -0.121869 0.0591134  -0.15068
0.0550084 -0.122025 0.0591681 -0.150869
0.0550254  -0.12218 0.0592227 -0.151058
0.0550427 -0.122336 0.0592773 -0.151246
0.0550604 -0.122491 0.0593319 -0.151434
0.0550784 -0.122647 0.0593863 -0.151622
0.0550969 -0.122804 0.0594408  -0.15181
0.0551155  -0.12296 0.0594951 -0.151997
0.0551349 -0.123117 0.0595494 -0.152184
0.0551548 -0.123273 0.0596037 -0.152371
0.0551754  -0.12343 0.0596579 -0.152557
0.0551964 -0.123586  0.059712 -0.152743
 0.055218 -0.123743 0.0597661 -0.152929
0.0552401   -0.1239 0.0598201 -0.153115
0.0552625 -0.124057 0.0598741   -0.1533
0.0552854 -0.124215  0.059928 -0.153485
0.0553087 -0.124372 0.0599819  -0.15367
0.0553324  -0.12453 0.0600357 -0.153855
0.0553565 -0.124687 0.0600894 -0.154039
0.0553811 -0.124845 0.0601431 -0.154223
0.0554064 -0.125003 0.0601967 -0.154406
0.0554322 -0.125161 0.0602503  -0.15459
0.0554581 -0.125319 0.0603038 -0.154773
0.0554843 -0.125477 0.0603573 -0.154955
0.0555109 -0.125636 0.0604107 -0.155138
0.0555379 -0.125795 0.060464 -0.15532
0.0555653 -0.125954 0.0605173 -0.155502
0.0555932 -0.126113 0.0605705 -0.155684
0.0556217 -0.126272 0.0606237 -0.155865
0.0556506 -0.126431 0.0606768 -0.156046
 0.05568 -0.12659 0.0607299 -0.156227
0.0557098  -0.12675 0.0607829 -0.156407
  0.05574 -0.126909 0.0608358 -0.156587
0.0557707 -0.127069 0.0608887 -0.156767
0.0558017 -0.127229 0.0609415 -0.156947
 0.055833 -0.127389 0.0609942 -0.157126
0.0558648 -0.127549 0.0610469 -0.157305
0.0558969  -0.12771 0.0610996 -0.157484
0.0559293  -0.12787 0.0611522 -0.157662
0.0559621 -0.128031 0.0612047  -0.15784
0.0559953 -0.128192 0.0612571 -0.158018
0.0560289 -0.128353 0.0613095 -0.158196
0.0560628 -0.128514 0.0613619 -0.158373
 0.056097 -0.128675 0.0614142  -0.15855
0.0561316 -0.128837 0.0614664 -0.158726
0.0561666 -0.128998 0.0615186 -0.158903
0.0562018  -0.12916 0.0615707 -0.159079
0.0562374 -0.129322 0.0616227 -0.159254
0.0562733 -0.129484 0.0616747  -0.15943
0.0563095 -0.129646 0.0617266 -0.159605
 0.056346 -0.129809 0.0617785  -0.15978
0.0563828 -0.129971 0.0618303 -0.159954
0.0564199 -0.130134  0.061882 -0.160128
0.0564572 -0.130297 0.0619337 -0.160302
0.0564949  -0.13046 0.0619853 -0.160476
0.0565328 -0.130623 0.0620369 -0.160649
 0.056571 -0.130786 0.0620884 -0.160822
0.0566094  -0.13095 0.0621398 -0.160995
0.0566481 -0.131114 0.0621912 -0.161167
 0.056687 -0.131278 0.0622425 -0.161339
0.0567262 -0.131442 0.0622937 -0.161511
0.0567656 -0.131606 0.0623449 -0.161683
0.0568053  -0.13177 0.0623961 -0.161854
0.0568452 -0.131935 0.0624471 -0.162025
0.0568853 -0.132099 0.0624981 -0.162195
0.0569256 -0.132264 0.0625491 -0.162365
0.0569661 -0.132429 0.0625999 -0.162535
0.0570068 -0.132594 0.0626508 -0.162705
0.0570477  -0.13276 0.0627015 -0.162874
0.0570888 -0.132925 0.0627522 -0.163043
0.0571301 -0.133091 0.0628028 -0.163212
0.0571716 -0.133257 0.0628534  -0.16338
0.0572132 -0.133423 0.0629039 -0.163548
 0.057255 -0.133589 0.0629544 -0.163716
 0.057297 -0.133755 0.0630047 -0.163883
0.0573391 -0.133922 0.0630551  -0.16405
0.0573814 -0.134088 0.0631053 -0.164217
0.0574238 -0.134255 0.0631555 -0.164384
0.0574664 -0.134422 0.0632056  -0.16455
0.0575091 -0.134589 0.0632557 -0.164716
0.0575519 -0.134756 0.0633057 -0.164881
0.0575949 -0.134924 0.0633556 -0.165046
 0.057638 -0.135091 0.0634055 -0.165211
0.0576812 -0.135259 0.0634553 -0.165376
0.0577245 -0.135427 0.063505 -0.16554
0.0577679 -0.135595 0.0635547 -0.165704
0.0578114 -0.135763 0.0636043 -0.165867
0.0578551 -0.135931 0.0636539 -0.166031
0.057899  -0.1361 0.0637033 -0.166194
0.0579425 -0.136268 0.0637528 -0.166356
0.0579862 -0.136437 0.0638021 -0.166518
0.0580302 -0.136605 0.0638514  -0.16668
0.0580743 -0.136774 0.0639006 -0.166842
0.0581182 -0.136943 0.0639498 -0.167003
0.0581621 -0.137113 0.0639989 -0.167164
0.0582059 -0.137282 0.0640479 -0.167325
0.0582498 -0.137451 0.0640969 -0.167485
0.0582938 -0.137621 0.0641457 -0.167645
0.0583383 -0.137791 0.0641946 -0.167805
0.0583831  -0.13796 0.0642433 -0.167964
0.058428 -0.13813  0.064292 -0.168123
0.0584725   -0.1383 0.0643407 -0.168282
0.058517 -0.13847 0.0643892  -0.16844
0.0585613  -0.13864 0.0644377 -0.168598
0.0586056 -0.138811 0.0644862 -0.168756
0.0586503 -0.138981 0.0645345 -0.168913
 0.058695 -0.139152 0.0645828  -0.16907
0.0587398 -0.139323  0.064631 -0.169227
0.0587847 -0.139494 0.0646792 -0.169383
0.0588298 -0.139665 0.0647273 -0.169539
0.0588744 -0.139836 0.0647753 -0.169695
0.0589189 -0.140007 0.0648233  -0.16985
0.0589633 -0.140178 0.0648712 -0.170005
0.059008 -0.14035 0.064919 -0.17016
0.0590528 -0.140521 0.0649668 -0.170314
0.0590976 -0.140692 0.0650144 -0.170468
0.0591424 -0.140864 0.0650621 -0.170622
0.0591869 -0.141036 0.0651096 -0.170775
0.0592314 -0.141207 0.0651571 -0.170928
0.0592761 -0.141379 0.0652045 -0.171081
 0.059321 -0.141551 0.0652519 -0.171233
0.0593659 -0.141723 0.0652991 -0.171385
0.0594105 -0.141895 0.0653464 -0.171537
 0.059455 -0.142067 0.0653935 -0.171688
0.0594994 -0.142239 0.0654406 -0.171839
0.0595437 -0.142411 0.0654876 -0.171989
 0.059588 -0.142583 0.0655345  -0.17214
0.0596322 -0.142755 0.0655814  -0.17229
0.0596764 -0.142927 0.0656282 -0.172439
0.0597206   -0.1431 0.0656749 -0.172588
0.0597647 -0.143272 0.0657215 -0.172737
0.0598089 -0.143444 0.0657681 -0.172885
0.0598529 -0.143617 0.0658146 -0.173034
 0.059897 -0.143789 0.0658611 -0.173181
0.0599409 -0.143961 0.0659075 -0.173329
0.0599848 -0.144134 0.0659538 -0.173476
0.0600285 -0.144306     0.066 -0.173623
0.0600722 -0.144479 0.0660461 -0.173769
0.0601158 -0.144652 0.0660922 -0.173915
0.0601593 -0.144824 0.0661383 -0.174061
0.0602028 -0.144997 0.0661842 -0.174206
0.0602462 -0.145169 0.0662301 -0.174351
0.0602895 -0.145342 0.0662759 -0.174495
0.0603327 -0.145515 0.0663216  -0.17464
0.0603759 -0.145687 0.0663673 -0.174783
0.0604191  -0.14586 0.0664129 -0.174927
 0.060462 -0.146033 0.0664584  -0.17507
 0.060505 -0.146205 0.0665038 -0.175213
0.0605479 -0.146378 0.0665492 -0.175355
0.0605908 -0.146551 0.0665945 -0.175497
0.0606335 -0.146723 0.0666397 -0.175639
0.0606762 -0.146896 0.0666849  -0.17578
0.0607188 -0.147068   0.06673 -0.175921
0.0607614 -0.147241  0.066775 -0.176062
0.0608039 -0.147414 0.0668199 -0.176202
0.0608463 -0.147586 0.0668648 -0.176342
0.0608886 -0.147759 0.0669096 -0.176482
0.0609309 -0.147931 0.0669543 -0.176621
 0.060973 -0.148104 0.066999 -0.17676
0.0610151 -0.148276 0.0670435 -0.176898
0.0610572 -0.148448  0.067088 -0.177036
0.0610992 -0.148621 0.0671324 -0.177174
0.0611411 -0.148793 0.0671768 -0.177311
0.0611829 -0.148965 0.0672211 -0.177448
0.0612246 -0.149137 0.0672653 -0.177584
0.0612663 -0.149309 0.0673094 -0.177721
 0.061308 -0.149481 0.0673534 -0.177856
0.0613495 -0.149653 0.0673974 -0.177992
 0.061391 -0.149825 0.0674413 -0.178127
0.0614324 -0.149997 0.0674852 -0.178262
0.0614735 -0.150169 0.0675289 -0.178396
0.0615145 -0.150341 0.0675726  -0.17853
0.0615553 -0.150512 0.0676162 -0.178664
0.0615961 -0.150683 0.0676597 -0.178797
0.0616368 -0.150855 0.0677032  -0.17893
0.0616774 -0.151026 0.0677465 -0.179062
0.0617179 -0.151197 0.0677898 -0.179194
0.0617584 -0.151368 0.0678331 -0.179326
0.0617988 -0.151538 0.0678762 -0.179457
0.0618392 -0.151709 0.0679193 -0.179588
0.0618795 -0.151879 0.0679623 -0.179718
0.0619197  -0.15205 0.0680052 -0.179849
0.0619598  -0.15222  0.068048 -0.179978
0.0619998  -0.15239 0.0680908 -0.180108
0.0620397  -0.15256 0.0681335 -0.180237
0.0620795  -0.15273 0.0681761 -0.180365
0.0621192 -0.152899 0.0682186 -0.180493
0.0621589 -0.153069 0.0682611 -0.180621
0.0621984 -0.153238 0.0683034 -0.180749
0.0622379 -0.153408 0.0683457 -0.180876
0.0622773 -0.153577 0.0683879 -0.181002
0.0623166 -0.153746 0.0684301 -0.181129
0.0623558 -0.153914 0.0684722 -0.181255
0.0623949 -0.154083 0.0685141  -0.18138
 0.062434 -0.154252  0.068556 -0.181505
0.062473 -0.15442 0.0685979  -0.18163
0.0625119 -0.154588 0.0686396 -0.181754
0.0625507 -0.154756 0.0686813 -0.181878
0.0625894 -0.154924 0.0687229 -0.182002
0.0626281 -0.155092 0.0687644 -0.182125
0.0626667 -0.155259 0.0688058 -0.182247
0.0627052 -0.155426 0.0688472  -0.18237
0.0627436 -0.155593 0.0688884 -0.182492
0.062782 -0.15576 0.0689296 -0.182613
0.0628203 -0.155927 0.0689708 -0.182734
0.0628585 -0.156093 0.0690118 -0.182855
0.0628966  -0.15626 0.0690527 -0.182975
0.0629346 -0.156426 0.0690936 -0.183095
0.0629726 -0.156591 0.0691344 -0.183215
0.0630106 -0.156757 0.0691751 -0.183334
0.0630484 -0.156922 0.0692157 -0.183453
0.0630862 -0.157088 0.0692563 -0.183571
 0.063124 -0.157252 0.0692968 -0.183689
0.0631617 -0.157417 0.0693371 -0.183807
0.0631993 -0.157581 0.0693775 -0.183924
0.0632369 -0.157746 0.0694177  -0.18404
0.0632744  -0.15791 0.0694578 -0.184157
 0.063312 -0.158073 0.0694979 -0.184272
0.0633494 -0.158237 0.0695379 -0.184388
0.0633869   -0.1584 0.0695778 -0.184503
0.0634243 -0.158563 0.0696176 -0.184618
0.0634616 -0.158726 0.0696573 -0.184732
 0.063499 -0.158888 0.0696969 -0.184846
0.0635363  -0.15905 0.0697365 -0.184959
0.0635735 -0.159212  0.069776 -0.185072
0.0636108 -0.159374 0.0698154 -0.185185
0.0636481 -0.159535 0.0698547 -0.185297
0.0636853 -0.159697 0.0698939 -0.185408
0.0637225 -0.159858 0.0699331  -0.18552
0.0637597 -0.160018 0.0699722 -0.185631
0.0637968 -0.160179 0.0700111 -0.185741
 0.063834 -0.160339   0.07005 -0.185851
0.0638712 -0.160499 0.0700889 -0.185961
0.0639084 -0.160658 0.0701276  -0.18607
0.0639455 -0.160817 0.0701662 -0.186179
0.0639827 -0.160976 0.0702048 -0.186287
0.0640198 -0.161135 0.0702433 -0.186395
 0.064057 -0.161293 0.0702817 -0.186503
0.0640943 -0.161451  0.07032 -0.18661
0.0641317 -0.161606 0.0703582 -0.186716
0.0641694 -0.161762 0.0703963 -0.186823
0.0642077 -0.161914 0.0704344 -0.186929
0.0642468 -0.162066 0.0704723 -0.187034
0.0642868 -0.162217 0.0705102 -0.187139
0.0643277 -0.162368  0.070548 -0.187243
0.0643697 -0.162519 0.0705857 -0.187347
0.0644127 -0.162671 0.0706233 -0.187451
0.0644567 -0.162824 0.0706608 -0.187554
0.0645015 -0.162977 0.0706983 -0.187657
0.0645473 -0.163131 0.0707357  -0.18776
0.0645947 -0.163285 0.0707729 -0.187861
0.0646423 -0.163439 0.0708101 -0.187963
0.0646901 -0.163594 0.0708472 -0.188064
0.0647393 -0.163749 0.0708842 -0.188165
0.0647894 -0.163903 0.0709211 -0.188265
0.0648404 -0.164057  0.070958 -0.188365
0.0648921 -0.164211 0.0709947 -0.188464
0.0649446 -0.164364 0.0710314 -0.188563
0.0649979 -0.164518 0.0710679 -0.188661
0.0650519  -0.16467 0.0711044 -0.188759
0.0651066 -0.164823 0.0711408 -0.188857
0.0651621 -0.164975 0.0711771 -0.188954
0.0652183 -0.165126 0.0712133  -0.18905
0.0652751 -0.165277 0.0712495 -0.189147
0.0653327 -0.165428 0.0712855 -0.189242
0.0653909 -0.165578 0.0713215 -0.189338
0.0654308 -0.165715 0.0713573 -0.189433
0.0654714 -0.165851 0.0713931 -0.189527
0.0655125 -0.165987 0.0714288 -0.189621
0.0655525 -0.166121 0.0714643 -0.189714
0.0655912 -0.166254 0.0714998 -0.189807
0.0656288 -0.166385 0.0715352   -0.1899
0.0656649 -0.166513 0.0715706 -0.189992
0.0657004 -0.166642 0.0716058 -0.190084
0.0657349 -0.166769 0.0716409 -0.190175
0.0657689 -0.166896  0.071676 -0.190266
0.0658022 -0.167022 0.0717109 -0.190356
 0.065835 -0.167147 0.0717458 -0.190446
0.0658673 -0.167272 0.0717806 -0.190536
0.0658992 -0.167397 0.0718152 -0.190625
0.0659308  -0.16752 0.0718498 -0.190713
0.0659621 -0.167644 0.0718843 -0.190801
 0.065993 -0.167766 0.0719187 -0.190889
0.0660238 -0.167888  0.071953 -0.190976
0.0660542  -0.16801 0.0719872 -0.191062
0.0660845  -0.16813 0.0720214 -0.191149
0.0661145  -0.16825 0.0720554 -0.191234
0.0661445 -0.168369 0.0720893  -0.19132
0.0661743 -0.168488 0.0721232 -0.191404
 0.066204 -0.168606 0.0721569 -0.191489
0.0662337 -0.168723 0.0721906 -0.191573
0.0662634 -0.168839 0.0722242 -0.191656
0.0662931 -0.168955 0.0722576 -0.191739
0.0663229  -0.16907  0.072291 -0.191821
0.0663527 -0.169185 0.0723243 -0.191903
0.0663825 -0.169299 0.0723575 -0.191985
0.0664123 -0.169411 0.0723906 -0.192066
0.0664424 -0.169524 0.0724236 -0.192147
0.0664724 -0.169635 0.0724565 -0.192227
0.0665028 -0.169747 0.0724893 -0.192306
0.0665333 -0.169858  0.072522 -0.192385
0.0665641 -0.169969 0.0725547 -0.192464
 0.066595 -0.170079 0.0725872 -0.192542
 0.066626 -0.170188 0.0726197  -0.19262
0.0666573 -0.170297  0.072652 -0.192697
0.0666888 -0.170405 0.0726843 -0.192774
0.0667206 -0.170514 0.0727164  -0.19285
0.0667525 -0.170621 0.0727485 -0.192926
0.0667847 -0.170729 0.0727805 -0.193001
0.0668172 -0.170835 0.0728123 -0.193076
0.0668499 -0.170941 0.0728441 -0.193151
0.0668828 -0.171047 0.0728758 -0.193225
0.0669159 -0.171152 0.0729074 -0.193298
0.0669493 -0.171257 0.0729389 -0.193371
0.0669829 -0.171361 0.0729703 -0.193443
0.0670168 -0.171465 0.0730016 -0.193515
0.0670509 -0.171568 0.0730328 -0.193587
0.0670853 -0.171671 0.0730639 -0.193658
  0.06712 -0.171774 0.0730949 -0.193728
0.0671547 -0.171874 0.0731258 -0.193798
0.0671898 -0.171975 0.0731566 -0.193868
0.0672252 -0.172076 0.0731873 -0.193937
0.0672608 -0.172175 0.0732179 -0.194005
0.0672968 -0.172276 0.0732485 -0.194073
 0.067333 -0.172375 0.0732789 -0.194141
0.0673695 -0.172475 0.0733092 -0.194208
0.0674063 -0.172574 0.0733394 -0.194274
0.0674431 -0.172671 0.0733696  -0.19434
0.0674802 -0.172768 0.0733996 -0.194406
0.0675176 -0.172866 0.0734295 -0.194471
0.0675553 -0.172963 0.0734594 -0.194535
0.0675933  -0.17306 0.0734891 -0.194599
0.0676314 -0.173157 0.0735187 -0.194663
0.0676697 -0.173253 0.0735482 -0.194726
0.0677083 -0.173348 0.0735777 -0.194788
0.0677469 -0.173442 0.073607 -0.19485
0.0677858 -0.173536 0.0736362 -0.194912
0.0678249  -0.17363 0.0736654 -0.194973
0.0678643 -0.173724 0.0736944 -0.195033
0.0679039 -0.173817 0.0737233 -0.195093
0.0679437  -0.17391 0.0737522 -0.195153
0.0679837 -0.174003 0.0737809 -0.195212
0.0680239 -0.174095 0.0738095  -0.19527
0.0680641 -0.174185 0.0738381 -0.195328
0.0681045 -0.174275 0.0738665 -0.195386
0.0681451 -0.174366 0.0738948 -0.195443
 0.068186 -0.174456  0.073923 -0.195499
 0.068227 -0.174546 0.0739511 -0.195555
0.0682682 -0.174636 0.0739792  -0.19561
0.0683096 -0.174725 0.0740071 -0.195665
0.0683511 -0.174813 0.0740349 -0.195719
0.0683927 -0.174902 0.0740626 -0.195773
0.0684344 -0.174989 0.0740902 -0.195826
0.0684763 -0.175076 0.0741177 -0.195879
0.0685183 -0.175163 0.0741451 -0.195931
0.0685605 -0.175249 0.0741724 -0.195983
0.0686027 -0.175335 0.0741996 -0.196034
0.068645 -0.17542 0.0742267 -0.196085
0.0686875 -0.175505 0.0742536 -0.196135
0.0687301  -0.17559 0.0742805 -0.196185
0.0687727 -0.175673 0.0743073 -0.196234
0.0688155 -0.175757  0.074334 -0.196282
0.0688584  -0.17584 0.0743605  -0.19633
0.0689013 -0.175922  0.074387 -0.196378
0.0689444 -0.176004 0.0744133 -0.196425
0.0689875 -0.176086 0.0744396 -0.196471
0.0690307 -0.176167 0.0744657 -0.196517
 0.069074 -0.176247 0.0744917 -0.196562
0.0691173 -0.176327 0.0745177 -0.196607
0.0691607 -0.176407 0.0745435 -0.196651
0.0692042 -0.176486 0.0745692 -0.196695
0.0692477 -0.176565 0.0745948 -0.196738
0.0692913 -0.176643 0.0746203 -0.196781
0.0693349  -0.17672 0.0746457 -0.196823
0.0693786 -0.176797  0.074671 -0.196865
0.0694223 -0.176874 0.0746961 -0.196906
0.069466 -0.17695 0.0747212 -0.196946
0.0695099 -0.177026 0.0747462 -0.196986
0.0695537 -0.177101  0.074771 -0.197025
0.0695976 -0.177175 0.0747958 -0.197064
0.0696414 -0.177249 0.0748204 -0.197102
0.0696853 -0.177323 0.0748449  -0.19714
0.0697292 -0.177395 0.0748693 -0.197177
0.0697731 -0.177468 0.0748936 -0.197214
0.069817 -0.17754 0.0749178  -0.19725
0.0698609 -0.177611 0.0749419 -0.197285
0.0699048 -0.177682 0.0749659  -0.19732
0.0699487 -0.177752 0.0749898 -0.197355
0.0699927 -0.177821 0.0750135 -0.197389
0.0700366 -0.177891 0.0750372 -0.197422
0.0700805 -0.177959 0.0750607 -0.197455
0.0701244 -0.178027 0.0750841 -0.197487
0.0701683 -0.178094 0.0751074 -0.197518
0.0702122 -0.178161 0.0751306 -0.197549
 0.070256 -0.178227 0.0751537  -0.19758
0.0702999 -0.178293 0.0751767  -0.19761
0.0703437 -0.178358 0.0751996 -0.197639
0.0703875 -0.178423 0.0752223 -0.197668
0.0704313 -0.178486 0.0752449 -0.197696
0.070475 -0.17855 0.0752675 -0.197724
0.0705187 -0.178612 0.0752899 -0.197751
0.0705624 -0.178674 0.0753122 -0.197777
0.0706129  -0.17878 0.0753344 -0.197803
0.0706683 -0.178891 0.0753564 -0.197829
0.0707233    -0.179 0.0753784 -0.197853
0.0707769 -0.179108 0.0754003 -0.197878
0.0708293 -0.179216  0.075422 -0.197901
0.0708804 -0.179323 0.0754436 -0.197924
0.0709302  -0.17943 0.0754651 -0.197947
0.0709787 -0.179537 0.0754865 -0.197969
 0.071026 -0.179643 0.0755078  -0.19799
0.0710722 -0.179747 0.0755289 -0.198011
0.0711173 -0.179851   0.07555 -0.198031
0.0711614 -0.179954 0.0755709  -0.19805
0.0712046 -0.180056 0.0755917 -0.198069
0.0712469 -0.180157 0.0756124 -0.198088
0.0712883 -0.180257  0.075633 -0.198105
0.0713288 -0.180356 0.0756534 -0.198123
0.0713687 -0.180454 0.0756738 -0.198139
0.0714078 -0.180551  0.075694 -0.198155
0.0714462 -0.180647 0.0757141 -0.198171
 0.071484 -0.180741 0.0757341 -0.198186
0.0715212 -0.180835 0.075754  -0.1982
0.0715579 -0.180927 0.0757737 -0.198213
 0.071594 -0.181019 0.0757934 -0.198226
0.0716297 -0.181109 0.0758129 -0.198239
 0.071665 -0.181198 0.0758323 -0.198251
0.0716998 -0.181286 0.0758516 -0.198262
0.0717342 -0.181373 0.0758708 -0.198273
0.0717682 -0.181458 0.0758898 -0.198283
0.0718019 -0.181543 0.0759087 -0.198292
0.0718352 -0.181627 0.0759275 -0.198301
0.0718682 -0.181709 0.0759462 -0.198309
0.0719008 -0.181791 0.0759648 -0.198317
0.0719332 -0.181871 0.0759832 -0.198324
0.0719653 -0.181951 0.0760016  -0.19833
0.0719972  -0.18203 0.0760198 -0.198336
0.0720288 -0.182107 0.0760379 -0.198341
0.0720603 -0.182184 0.0760558 -0.198346
0.0720915  -0.18226 0.0760737  -0.19835
0.0721225 -0.182335 0.0760914 -0.198353
0.0721534 -0.182408  0.076109 -0.198356
0.0721841 -0.182481 0.0761265 -0.198358
0.0722147 -0.182553 0.0761438  -0.19836
0.0722452 -0.182624  0.076161 -0.198361
0.0722755 -0.182694 0.0761782 -0.198361
0.0723058 -0.182763 0.0761951 -0.198361
0.0723359 -0.182831 0.076212 -0.19836
 0.072366 -0.182898 0.0762287 -0.198358
0.0723959 -0.182964 0.0762454 -0.198356
0.0724259 -0.183029 0.0762619 -0.198353
0.0724557 -0.183093 0.0762782  -0.19835
0.0724855 -0.183156 0.0762945 -0.198346
0.0725153 -0.183218 0.0763106 -0.198341
 0.072545 -0.183279 0.0763266 -0.198335
0.0725747 -0.183339 0.0763424 -0.198329
0.0726043 -0.183397 0.0763582 -0.198323
0.0726339 -0.183455 0.0763738 -0.198316
0.0726635 -0.183512 0.0763893 -0.198308
0.0726932 -0.183568 0.0764046 -0.198299
0.0727227 -0.183622 0.0764199  -0.19829
0.0727523 -0.183676 0.0764349  -0.19828
0.0727818 -0.183728 0.0764499  -0.19827
0.0728114  -0.18378 0.0764647 -0.198258
0.0728408  -0.18383 0.0764794 -0.198247
0.0728703 -0.183879  0.076494 -0.198234
0.0728997 -0.183927 0.0765085 -0.198221
 0.072929 -0.183973 0.0765228 -0.198207
0.0729582 -0.184018 0.0765369 -0.198193
0.0729872 -0.184063  0.076551 -0.198177
 0.073016 -0.184105 0.0765649 -0.198161
0.0730447 -0.184147 0.0765786 -0.198145
0.0730732 -0.184188 0.0765923 -0.198128
0.0731016 -0.184227 0.0766058  -0.19811
0.0731297 -0.184266 0.0766192 -0.198092
0.0731574 -0.184303 0.0766324 -0.198073
0.0731848 -0.184339 0.0766456 -0.198053
0.0732118 -0.184374 0.0766586 -0.198033
0.0732383 -0.184408 0.0766716 -0.198012
0.0732642 -0.184441 0.0766844 -0.197991
0.0732894 -0.184474 0.0766971 -0.197969
0.0733149 -0.184507 0.0767098 -0.197946
 0.073338 -0.184538 0.0767224 -0.197924
0.0733611 -0.184569 0.0767349   -0.1979
0.0243254 0.0315317 0.0267516 0.0221045
0.0243476 0.0314976 0.0267755 0.0220775
0.0243701 0.0314641 0.0268047  0.022028
0.0243927 0.0314313 0.0268372 0.0219636
0.0244155 0.0313988 0.0268716 0.0218908
0.0244384 0.0313659 0.0269069 0.0218148
0.0244602 0.0313186 0.0269419 0.0217396
0.0244817 0.0312763 0.0269762 0.0216682
0.0245032  0.031238 0.027009 0.021603
0.0245254 0.0312018 0.0270402 0.0215454
0.0245478 0.0311683 0.0270695 0.0214962
 0.024571 0.0311363 0.0270967 0.0214561
0.0245938 0.0311063  0.027122 0.0214249
0.0246162 0.0310793 0.0271453 0.0214024
0.0246384 0.0310605 0.0271668 0.0213883
0.0246604 0.0310505 0.0271865 0.0213818
0.024682 0.031048 0.0272047 0.0213822
0.0247022   0.03105 0.0272216 0.0213888
0.0247214 0.0310554 0.0272372 0.0214008
0.0247404 0.0310619 0.0272519 0.0214175
0.0247585 0.0310713 0.0272656 0.0214381
0.0247769 0.0310808 0.0272787 0.0214619
0.0247951 0.0310907 0.0272912 0.0214884
 0.024814 0.0310997 0.0273033 0.0215169
0.0248331  0.031108 0.0273151  0.021547
0.0248527 0.0311155 0.0273266 0.0215782
0.0248726 0.0311223  0.027338 0.0216102
0.0248927 0.0311284 0.0273493 0.0216427
0.0249129 0.0311341 0.0273606 0.0216755
0.0249333 0.0311394 0.0273719 0.0217084
0.0249537 0.0311444 0.0273832 0.0217411
0.0249742  0.031149 0.0273947 0.0217737
0.0249947 0.0311532 0.0274062  0.021806
0.0250154 0.0311569 0.0274178  0.021838
0.0250361 0.0311601 0.0274296 0.0218697
0.0250566 0.0311627 0.0274415  0.021901
0.0250771 0.0311646 0.0274535  0.021932
0.0250975 0.0311659 0.0274655 0.0219626
0.0251178 0.0311665 0.0274777  0.021993
0.0251379 0.0311665   0.02749 0.0220231
 0.025158 0.0311658 0.0275024 0.0220529
 0.025178 0.0311644 0.0275149 0.0220826
0.0251979 0.0311624 0.0275274  0.022112
0.0252177 0.0311598   0.02754 0.0221414
0.0252373 0.0311565 0.0275527 0.0221706
0.0252568 0.0311526 0.0275654 0.0221997
0.0252762 0.0311481 0.0275782 0.0222288
0.0252954 0.0311429  0.027591 0.0222578
0.0253146 0.0311372 0.0276039 0.0222869
0.0253336 0.0311308 0.0276168 0.0223159
0.0253525 0.0311239 0.0276297 0.0223449
0.0253713 0.0311164 0.0276427  0.022374
  0.02539 0.0311083 0.0276557 0.0224031
0.0254086 0.0310996 0.0276687 0.0224323
0.0254271 0.0310904 0.0276817 0.0224615
0.0254455 0.0310807 0.0276948 0.0224907
0.0254637 0.0310704 0.0277079   0.02252
0.0254819 0.0310597  0.027721 0.0225494
   0.0255 0.0310485 0.0277342 0.0225788
 0.025518 0.0310367 0.0277473 0.0226082
0.0255359 0.0310246 0.0277605 0.0226378
0.0255537  0.031012 0.0277738 0.0226673
 0.025571 0.0309989 0.027787 0.022697
0.0255886 0.0309856 0.0278003 0.0227267
 0.025606 0.0309718 0.0278136 0.0227564
0.0256233 0.0309579 0.0278269 0.0227862
0.0256411 0.0309435 0.0278402  0.022816
0.0256603 0.0309289 0.0278536 0.0228459
0.0256805 0.0309143  0.027867 0.0228759
0.0257018 0.0308997 0.0278805 0.0229058
0.0257241 0.0308851 0.0278939 0.0229359
0.0257475 0.0308705 0.0279074 0.0229659
0.0257719 0.0308558 0.0279209  0.022996
0.0257972 0.0308409 0.0279345 0.0230262
0.0258235 0.0308259 0.0279481 0.0230564
0.0258506 0.0308108 0.0279617 0.0230866
0.0258786 0.0307955 0.0279753 0.0231169
0.0259074   0.03078  0.027989 0.0231472
0.0259371 0.0307644 0.0280026 0.0231776
0.0259676 0.0307486 0.0280164  0.023208
0.0259989 0.0307328 0.0280301 0.0232384
0.0260309 0.0307167 0.0280439 0.0232689
0.0260638 0.0307006 0.0280577 0.0232994
0.0260974 0.0306844 0.0280715   0.02333
0.0261317  0.030668 0.0280854 0.0233606
0.0261669 0.0306516 0.0280993 0.0233913
0.0262027 0.0306351 0.0281132  0.023422
0.0262393 0.0306186 0.0281272 0.0234527
0.0262764 0.0306021 0.0281412 0.0234835
0.0263139 0.0305858 0.0281552 0.0235143
0.0263518 0.0305695 0.0281693 0.0235452
0.0263901 0.0305534 0.0281833 0.0235761
0.0264288 0.0305374 0.0281975 0.0236071
0.0264677 0.0305216 0.0282116 0.0236381
0.0265068  0.030506 0.0282258 0.0236691
0.0265465 0.0304905   0.02824 0.0237002
 0.026587 0.0304748 0.0282542 0.0237313
0.0266284 0.0304591 0.0282684 0.0237625
0.0266707 0.0304432 0.0282827 0.0237937
0.0267138 0.0304273 0.0282971  0.023825
0.0267578 0.0304112 0.0283114 0.0238563
0.0268025 0.0303952 0.0283258 0.0238876
 0.026848 0.0303791 0.0283402  0.023919
0.0268942 0.0303629 0.0283546 0.0239505
0.0269411 0.0303468 0.0283691 0.0239819
0.0269886 0.0303308 0.0283836 0.0240135
0.0270368 0.0303147 0.0283981  0.024045
 0.027086 0.0302987 0.0284127 0.0240767
0.0271354 0.0302832 0.0284273 0.0241083
0.0271849 0.0302679 0.0284419   0.02414
0.0272346  0.030253 0.0284566 0.0241718
0.0272843 0.0302383 0.0284713 0.0242036
0.0273342 0.0302242  0.028486 0.0242354
0.0273841 0.0302103 0.0285007 0.0242673
0.0274341 0.0301967 0.0285155 0.0242993
 0.027484 0.0301834 0.0285303 0.0243313
 0.027534 0.0301706 0.0285452 0.0243633
0.0275842 0.0301584   0.02856 0.0243954
0.0276346 0.0301467  0.028575 0.0244275
0.0276848 0.0301352 0.0285899 0.0244597
0.0277352 0.0301243 0.0286049 0.0244919
0.0277856 0.0301139 0.0286199 0.0245241
0.0278358 0.0301038 0.0286349 0.0245564
0.0278859 0.0300939 0.0286499 0.0245888
0.0279359 0.0300845  0.028665 0.0246212
0.0279856 0.0300751 0.0286802 0.0246537
0.0280359 0.0300668 0.0286953 0.0246862
0.0280859 0.0300588 0.0287105 0.0247187
0.0281362 0.0300515 0.0287257 0.0247513
0.0281864 0.0300447  0.028741 0.0247839
0.0282367 0.0300384 0.0287563 0.0248166
0.0282867 0.0300323 0.0287716 0.0248494
0.0283362 0.0300261 0.0287869 0.0248821
 0.028386 0.0300211 0.0288023  0.024915
0.0284358 0.0300166 0.0288177 0.0249478
0.0284851 0.0300124 0.0288332 0.0249808
0.0285342 0.0300087 0.0288486 0.0250138
 0.028583 0.0300054 0.0288641 0.0250468
0.0286316 0.0300026 0.0288797 0.0250799
  0.02868 0.0300003 0.0288953  0.025113
0.0287283 0.0299986 0.0289109 0.0251461
0.0287763 0.0299973 0.0289265 0.0251794
0.0288242 0.0299965 0.0289422 0.0252126
0.0288719 0.0299962 0.0289579  0.025246
0.0289196 0.0299966 0.0289736 0.0252793
0.0289673 0.0299977 0.0289894 0.0253127
0.0290145  0.029999 0.0290052 0.0253462
0.0290615 0.0300008  0.029021 0.0253797
0.0291084  0.030003 0.0290369 0.0254133
0.0291552  0.030006 0.0290528 0.0254469
0.0292019 0.0300095 0.0290687 0.0254806
0.0292482 0.0300134 0.0290847 0.0255143
0.0292945 0.0300179 0.0291007  0.025548
0.0293405 0.0300228 0.0291167 0.0255819
0.0293863 0.0300281 0.0291328 0.0256157
0.0294321 0.0300342 0.0291489 0.0256496
0.0294776 0.0300406  0.029165 0.0256836
0.0295231 0.0300477 0.0291812 0.0257176
0.0295686 0.0300553 0.0291974 0.0257517
0.0296137 0.0300634 0.0292136 0.0257858
0.0296586 0.0300719 0.0292299   0.02582
0.0297034 0.0300808 0.0292461 0.0258542
0.0297482 0.0300903 0.0292625 0.0258885
0.0297929 0.0301003 0.0292788 0.0259228
0.0298375 0.0301108 0.0292952 0.0259572
 0.029882 0.0301219 0.0293117 0.0259916
0.0299266 0.0301337 0.0293281 0.0260261
0.0299711 0.0301459 0.0293446 0.0260606
0.0300154 0.0301586 0.0293612 0.0260952
0.0300597 0.0301718 0.0293777 0.0261299
0.0301039 0.0301855 0.0293944 0.0261646
0.0301481 0.0301998  0.029411 0.0261993
0.0301922 0.0302145 0.0294277 0.0262341
0.0302363 0.0302298 0.0294444 0.0262689
0.0302802 0.0302456 0.0294611 0.0263038
0.0303241  0.030262 0.0294779 0.0263388
0.0303678 0.0302788 0.0294947 0.0263738
0.0304116 0.0302962 0.0295115 0.0264089
0.0304552 0.0303142 0.0295284  0.026444
0.0304988 0.0303326 0.0295453 0.0264791
0.0305424 0.0303516 0.0295623 0.0265144
0.0305859 0.0303711 0.0295792 0.0265496
0.0306293 0.0303911 0.0295963  0.026585
0.0306726 0.0304117 0.0296133 0.0266203
0.0307159 0.0304327 0.0296304 0.0266558
0.0307591 0.0304543 0.0296475 0.0266913
0.0308022 0.0304764 0.0296647 0.0267268
0.0308452  0.030499 0.0296819 0.0267624
0.0308881 0.0305221 0.0296991 0.0267981
 0.030931 0.0305457 0.0297163 0.0268338
0.0309738 0.0305698 0.0297336 0.0268695
0.0310165 0.0305944  0.029751 0.0269053
0.0310592 0.0306195 0.0297683 0.0269412
0.0311018 0.0306452 0.0297857 0.0269771
0.0311444 0.0306713 0.0298032 0.0270131
0.0311868 0.0306978 0.0298207 0.0270492
0.0312292 0.0307249 0.0298382 0.0270853
0.0312716 0.0307525 0.0298557 0.0271214
0.0313138 0.0307805 0.0298733 0.0271576
0.031356 0.030809 0.0298909 0.0271939
0.0313981  0.030838 0.0299086 0.0272302
0.0314402 0.0308675 0.0299262 0.0272666
0.0314822 0.0308973 0.029944 0.027303
0.0315242 0.0309276 0.0299617 0.0273395
 0.031566 0.0309583 0.0299795  0.027376
0.0316077 0.0309894 0.0299974 0.0274126
0.0316494 0.0310209 0.0300152 0.0274493
 0.031691 0.0310529 0.0300331  0.027486
0.0317325 0.0310853 0.0300511 0.0275228
0.0317739 0.0311182  0.030069 0.0275596
0.0318152 0.0311515 0.0300871 0.0275965
0.0318564 0.0311853 0.0301051 0.0276334
0.0318974 0.0312193 0.0301232 0.0276704
0.0319383 0.0312537 0.0301413 0.0277075
0.0319793 0.0312886 0.0301595 0.0277446
  0.03202 0.0313237 0.0301777 0.0277817
0.0320608 0.0313595 0.0301959  0.027819
0.0321016 0.0313958 0.0302142 0.0278563
0.0321423 0.0314324 0.0302325 0.0278936
0.0321827 0.0314695 0.0302508  0.027931
0.0322231 0.0315072 0.0302692 0.0279685
0.0322634 0.0315453 0.0302876  0.028006
0.0323036  0.031584 0.0303061 0.0280436
0.0323436 0.0316229 0.0303246 0.0280812
0.0323834 0.0316622 0.0303431 0.0281189
0.0324231 0.0317018 0.0303617 0.0281567
0.0324626 0.0317419 0.0303803 0.0281945
0.0325021 0.0317823 0.0303989 0.0282324
0.0325415 0.0318231 0.0304176 0.0282703
0.0325808 0.0318645 0.0304363 0.0283083
0.0326201 0.0319063 0.0304551 0.0283464
0.0326591 0.0319483 0.0304739 0.0283845
0.0326981 0.0319906 0.0304927 0.0284227
0.0327369 0.0320331 0.0305116 0.0284609
0.0327756  0.032076 0.0305305 0.0284992
0.0328142 0.0321194 0.0305494 0.0285375
0.0328526 0.0321632 0.0305684  0.028576
0.0328909 0.0322071 0.0305874 0.0286144
 0.032929 0.0322514 0.0306065  0.028653
 0.032967 0.0322959 0.0306256 0.0286916
0.0330048 0.0323406 0.0306447 0.0287302
0.0330424 0.0323856 0.0306639  0.028769
0.0330799 0.0324308 0.0306831 0.0288078
0.0331173 0.0324764 0.0307024 0.0288466
0.0331544 0.0325222 0.0307216 0.0288855
0.0331915 0.0325682  0.030741 0.0289245
0.0332283 0.0326147 0.0307603 0.0289635
0.0332651 0.0326614 0.0307797 0.0290026
0.0333017 0.0327083 0.0307992 0.0290418
0.0333382 0.0327556 0.0308187  0.029081
0.0333745 0.0328028 0.0308382 0.0291203
0.0334106 0.0328503 0.0308578 0.0291596
0.0334465 0.0328979 0.0308774  0.029199
0.0334822 0.0329457  0.030897 0.0292385
0.0335178 0.0329939 0.0309167  0.029278
0.0335532 0.0330421 0.0309364 0.0293176
0.0335884 0.0330906 0.0309562 0.0293573
0.0336235 0.0331391 0.030976 0.029397
0.0336584 0.0331879 0.0309958 0.0294368
0.0336931 0.0332368 0.0310157 0.0294766
0.0337277 0.0332858 0.0310356 0.0295166
 0.033762 0.0333352 0.0310556 0.0295565
 0.033796 0.0333848 0.0310756 0.0295966
  0.03383 0.0334343 0.0310956 0.0296367
0.0338637 0.0334839 0.0311157 0.0296769
0.0338971 0.0335336 0.0311358 0.0297171
0.0339304 0.0335834 0.0311559 0.0297574
0.0339635 0.0336333 0.0311761 0.0297978
0.0339964 0.0336833 0.0311964 0.0298382
0.0340291 0.0337334 0.0312167 0.0298787
0.0340615 0.0337837  0.031237 0.0299192
0.0340938  0.033834 0.0312573 0.0299599
0.0341258 0.0338843 0.0312777 0.0300006
0.0341576 0.0339348 0.0312982 0.0300413
0.0341891 0.0339853 0.0313187 0.0300821
0.0342203 0.0340358 0.0313392  0.030123
0.0342514 0.0340864 0.0313597  0.030164
0.0342821 0.0341371 0.0313803  0.030205
0.0343126 0.0341877  0.031401 0.0302461
0.0343429 0.0342384 0.0314217 0.0302873
0.0343729 0.0342891 0.0314424 0.0303285
0.0344026 0.0343398 0.0314632 0.0303698
0.0344321 0.0343905  0.031484 0.0304111
0.0344613 0.0344412 0.0315048 0.0304526
0.0344902 0.0344919 0.0315257  0.030494
0.0345189 0.0345426 0.0315466 0.0305356
0.0345472 0.0345932 0.0315676 0.0305772
0.0345752 0.0346439 0.0315886 0.0306189
0.0346029 0.0346945 0.0316097 0.0306607
0.0346303  0.034745 0.0316308 0.0307025
0.0346574 0.0347955 0.0316519 0.0307444
0.0346842  0.034846 0.0316731 0.0307864
0.0347106 0.0348963 0.0316943 0.0308284
0.0347367 0.0349466 0.0317156 0.0308705
0.0347624  0.034997 0.0317369 0.0309127
0.0347878 0.0350472 0.0317583 0.0309549
0.0348129 0.0350972 0.0317797 0.0309972
0.0348377 0.0351472 0.0318011 0.0310396
0.0348621  0.035197 0.0318226 0.0310821
0.0348862 0.0352467 0.0318441 0.0311246
0.0349098 0.0352963 0.0318657 0.0311672
0.0349331 0.0353458 0.0318873 0.0312098
0.0349561 0.0353952 0.0319089 0.0312525
0.0349787 0.0354444 0.0319306 0.0312953
0.0350008 0.0354935 0.0319524 0.0313382
0.0350227 0.0355425 0.0319741 0.0313811
0.0350441 0.0355913  0.031996 0.0314242
0.0350651 0.0356399 0.0320178 0.0314672
0.0350857 0.0356884 0.0320397 0.0315104
0.0351058 0.0357369 0.0320617 0.0315536
0.0351253 0.0357852 0.0320837 0.0315969
0.0351446 0.0358331 0.0321057 0.0316403
0.0351636 0.0358809 0.0321278 0.0316837
0.0351819 0.0359285 0.0321499 0.0317272
0.0351999 0.0359758 0.0321721 0.0317708
0.0352176 0.0360229 0.0321943 0.0318144
0.0352348 0.0360698 0.0322166 0.0318581
0.0352516 0.0361165 0.0322389 0.0319019
0.0352679 0.0361629 0.0322612 0.0319458
0.0352838 0.0362092 0.0322836 0.0319897
0.0352992 0.0362552  0.032306 0.0320337
0.0353142  0.036301 0.0323285 0.0320778
0.0353287 0.0363466 0.032351 0.032122
0.0353427 0.0363919 0.0323736 0.0321662
0.0353562  0.036437 0.0323962 0.0322105
0.0353693 0.0364818 0.0324188 0.0322549
0.0353818 0.0365263 0.0324415 0.0322993
0.0353939 0.0365706 0.0324643 0.0323439
0.0354055 0.0366146 0.0324871 0.0323885
0.0354166 0.0366583 0.0325099 0.0324331
0.0354273 0.0367017 0.0325328 0.0324779
0.0354374 0.0367449 0.0325557 0.0325227
 0.035447 0.0367878 0.0325787 0.0325676
0.0354561 0.0368303 0.0326017 0.0326126
0.0354645 0.0368727 0.0326247 0.0326576
0.0354725 0.0369147 0.0326478 0.0327027
  0.03548 0.0369564  0.032671 0.0327479
 0.035487 0.0369977 0.0326942 0.0327932
0.0354936 0.0370387 0.0327174 0.0328385
0.0354995 0.0370794 0.0327407 0.0328839
 0.035505 0.0371198  0.032764 0.0329294
0.0355099 0.0371598 0.0327874  0.032975
0.0355143 0.0371995 0.0328108 0.0330206
0.0355181 0.0372389 0.0328343 0.0330664
0.0355214  0.037278 0.0328578 0.0331122
0.0355241 0.0373167 0.0328814  0.033158
0.0355263 0.0373551 0.032905 0.033204
0.0355279 0.0373932 0.0329286   0.03325
 0.035529 0.0374309 0.0329523 0.0332961
0.0355295 0.0374683 0.0329761 0.0333423
0.0355295 0.0375053 0.0329998 0.0333886
0.0355289 0.0375419 0.0330237 0.0334349
0.0355277 0.0375782 0.0330476 0.0334813
 0.035526 0.0376142 0.0330715 0.0335278
0.0355237 0.0376497 0.0330955 0.0335744
0.0355205 0.0376851 0.0331195  0.033621
0.035517  0.03772 0.0331436 0.0336678
0.0355129 0.0377544 0.0331677 0.0337146
0.0355084 0.0377885 0.0331919 0.0337615
0.0355029 0.0378224 0.0332161 0.0338084
0.0354968 0.0378559 0.0332403 0.0338555
0.0354901  0.037889 0.0332646 0.0339026
0.0354828 0.0379217  0.033289 0.0339498
0.035475 0.037954 0.0333134 0.0339971
0.0354669 0.0379858 0.0333378 0.0340444
0.0354582 0.0380172 0.0333623 0.0340919
0.0354491 0.0380481 0.0333869 0.0341394
 0.035439 0.0380789 0.0334115  0.034187
0.0354283 0.0381093 0.0334361 0.0342347
0.0354169 0.0381393 0.0334608 0.0342824
 0.035405 0.0381689 0.0334856 0.0343303
0.0353927  0.038198 0.0335103 0.0343782
  0.03538 0.0382267 0.0335352 0.0344262
0.0353667  0.038255 0.0335601 0.0344743
0.0353529  0.038283  0.033585 0.0345224
0.0353384 0.0383105   0.03361 0.0345707
 0.035323 0.0383379 0.033635 0.034619
 0.035307 0.0383649 0.0336601 0.0346674
0.0352906 0.0383914 0.0336852 0.0347159
0.0352738 0.0384175 0.0337104 0.0347645
0.0352563 0.0384432 0.0337356 0.0348131
0.0352384 0.0384685 0.0337609 0.0348619
0.0352195 0.0384937 0.0337862 0.0349107
0.0352003 0.0385183 0.0338116 0.0349596
0.0351802 0.0385427  0.033837 0.0350086
0.0351598 0.0385666 0.0338625 0.0350576
0.0351389 0.0385901  0.033888 0.0351068
0.0351175 0.0386132 0.0339136  0.035156
0.0350955  0.038636 0.0339392 0.0352053
0.0350729 0.0386584 0.0339648 0.0352547
0.0350497 0.0386805 0.0339906 0.0353042
 0.035026 0.0387022 0.0340163 0.0353538
0.0350014 0.0387238 0.0340422 0.0354034
0.0349764 0.0387448  0.034068 0.0354532
0.0349509 0.0387655 0.0340939  0.035503
0.0349249 0.0387859 0.0341199 0.0355529
0.0348984 0.0388059 0.0341459 0.0356029
0.0348713 0.0388255 0.034172 0.035653
0.0348437 0.0388448 0.0341981 0.0357031
0.0348155 0.0388638 0.0342243 0.0357534
0.0347868 0.0388825 0.0342505 0.0358037
0.0347575 0.0389008 0.0342768 0.0358541
0.0347277 0.0389189 0.0343031 0.0359046
0.0346976 0.0389364 0.0343295 0.0359552
0.0346668 0.0389538 0.0343559 0.0360059
0.0346363  0.038971 0.0343824 0.0360567
 0.034604 0.0389879 0.0344089 0.0361075
0.0345714 0.0390044 0.0344355 0.0361585
0.0345383 0.0390202 0.0344621 0.0362095
0.0345047 0.0390355 0.0344888 0.0362606
0.0344707 0.0390502 0.0345155 0.0363118
0.0344362 0.0390645 0.0345423 0.0363631
0.0344009 0.0390782 0.0345692 0.0364145
0.0343653 0.0390914 0.034596 0.036466
0.0343294 0.0391042  0.034623 0.0365176
 0.034293 0.0391166   0.03465 0.0365693
0.0342561 0.0391286 0.034677 0.036621
0.0342188 0.0391402 0.0347041 0.0366729
0.0341811 0.0391514 0.0347312 0.0367248
0.0341428 0.0391622 0.0347584 0.0367768
0.0341042 0.0391728 0.0347856  0.036829
0.0340651  0.039183 0.0348129 0.0368812
0.0340255 0.0391929 0.0348403 0.0369335
0.0339855 0.0392025 0.0348677 0.0369859
0.0339452 0.0392118 0.0348951 0.0370384
0.0339044 0.0392208 0.0349226  0.037091
0.0338632 0.0392296 0.0349501 0.0371437
0.0338216 0.0392382 0.0349777 0.0371964
0.0337797 0.0392465 0.0350054 0.0372493
0.0337373 0.0392547 0.0350331 0.0373023
0.0336946 0.0392626 0.0350608 0.0373553
0.0336516 0.0392703 0.0350886 0.0374085
0.0336078 0.0392778 0.0351165 0.0374617
0.0335637  0.039285 0.0351444 0.0375151
0.0335193 0.0392921 0.0351724 0.0375685
0.0334746 0.0392991 0.0352004 0.0376221
0.0334296 0.0393059 0.0352284 0.0376757
0.0333847 0.0393126 0.0352566 0.0377294
0.0333396 0.0393192 0.0352847 0.0377832
0.0332942 0.0393257  0.035313 0.0378371
0.0332483 0.0393321 0.0353412 0.0378912
0.0332021 0.0393383 0.0353696 0.0379453
0.0331555 0.0393443 0.0353979 0.0379995
0.0331091 0.0393504 0.0354264 0.0380538
0.0330625 0.0393563 0.0354549 0.0381082
0.0330157 0.0393622 0.0354834 0.0381627
0.0329687  0.039368  0.035512 0.0382173
0.0329214 0.0393737 0.0355407  0.038272
0.0328737 0.0393793 0.0355694 0.0383268
0.0328258 0.0393848 0.0355981 0.0383816
 0.032778 0.0393903 0.0356269 0.0384366
0.0327301 0.0393958 0.0356558 0.0384917
0.0326821 0.0394013 0.0356847 0.0385469
 0.032634 0.0394067 0.0357137 0.0386022
0.0325857 0.0394122 0.0357427 0.0386576
0.0325371 0.0394175 0.0357718  0.038713
0.0324884 0.0394228 0.0358009 0.0387686
0.0324395 0.0394281 0.0358301 0.0388243
0.0323909 0.0394334 0.0358594 0.0388801
0.0323421 0.0394388 0.0358887 0.0389359
0.0322935 0.0394442  0.035918 0.0389919
0.0322448 0.0394497 0.0359474  0.039048
0.0321962 0.0394553 0.0359769 0.0391042
0.0321475 0.0394609 0.0360064 0.0391604
0.0320988 0.0394665  0.036036 0.0392168
  0.03205 0.0394722 0.0360656 0.0392733
0.0320013 0.0394779 0.0360953 0.0393299
0.0319525 0.0394837  0.036125 0.0393866
0.0319037 0.0394895 0.0361548 0.0394433
 0.031855 0.0394954 0.0361847 0.0395002
 0.031806 0.0395013 0.0362146 0.0395572
0.0317573 0.0395073 0.0362446 0.0396143
0.0317085 0.0395134 0.0362746 0.0396715
0.0316598 0.0395196 0.0363047 0.0397288
0.0316114  0.039526 0.0363348 0.0397862
 0.031563 0.0395325  0.036365 0.0398437
0.0315147 0.0395391 0.0363952 0.0399013
0.0314671 0.0395462 0.0364255  0.039959
0.0314196 0.0395535 0.0364559 0.0400168
0.0313725 0.0395609 0.0364863 0.0400747
0.0313256 0.0395684 0.0365168 0.0401327
0.0312789  0.039576 0.0365473 0.0401908
0.0312325 0.0395838 0.0365779 0.0402491
0.0311862 0.0395917 0.0366086 0.0403074
0.0311402 0.0395998 0.0366393 0.0403658
0.0310945  0.039608   0.03667 0.0404244
0.0310493 0.0396164 0.0367008  0.040483
0.0310044 0.0396249 0.0367317 0.0405418
0.0309599 0.0396337 0.0367627 0.0406006
 0.030916 0.0396426 0.0367936 0.0406596
0.0308725 0.0396517 0.0368247 0.0407186
0.0308296  0.039661 0.0368558 0.0407778
0.0307873 0.0396705  0.036887 0.0408371
0.0307455 0.0396803 0.0369182 0.0408965
0.0307039 0.0396903 0.0369495  0.040956
0.0306627 0.0397005 0.0369808 0.0410156
0.0306216 0.0397111 0.0370122 0.0410753
0.0305807  0.039722 0.0370437 0.0411351
0.0305399 0.0397331 0.0370752  0.041195
0.0304993 0.0397447 0.0371068  0.041255
 0.030459 0.0397565 0.0371384 0.0413152
0.0304189 0.0397687 0.0371701 0.0413754
 0.030379 0.0397813 0.0372019 0.0414358
0.0303395 0.0397942 0.0372337 0.0414962
0.0303002 0.0398074 0.0372655 0.0415568
0.0302613 0.0398211 0.0372975 0.0416175
0.0302227 0.0398351 0.0373295 0.0416782
0.0301845 0.0398494 0.0373615 0.0417391
0.0301465 0.0398642 0.0373936 0.0418002
 0.030109 0.0398794 0.0374258 0.0418613
0.0300717 0.0398949  0.037458 0.0419225
0.0300348 0.0399109 0.0374903 0.0419838
0.0299983 0.0399273 0.0375227 0.0420453
0.0299621  0.039944 0.0375551 0.0421068
0.0299263 0.0399612 0.0375876 0.0421685
0.0298909 0.0399788 0.0376201 0.0422303
0.0298559 0.0399969 0.0376527 0.0422922
0.0298212 0.0400153 0.0376854 0.0423542
 0.029787 0.0400342 0.0377181 0.0424163
0.0297531 0.0400536 0.0377509 0.0424785
0.0297197 0.0400733 0.0377837 0.0425409
0.0296867 0.0400936 0.0378166 0.0426033
0.0296542 0.0401142 0.0378496 0.0426659
 0.029622 0.0401354 0.0378826 0.0427285
0.0295903  0.040157 0.0379157 0.0427913
0.0295591  0.040179 0.0379488 0.0428542
0.0295283 0.0402015  0.037982 0.0429173
 0.029498 0.0402245 0.0380153 0.0429804
0.0294682  0.040248 0.0380486 0.0430436
0.0294388  0.040272 0.038082 0.043107
  0.02941 0.0402964 0.0381155 0.0431705
0.0293816 0.0403213 0.038149 0.043234
0.0293537 0.0403467 0.0381826 0.0432977
0.0293264 0.0403726 0.0382163 0.0433616
0.0292995 0.0403991   0.03825 0.0434255
0.0292732  0.040426 0.0382837 0.0434895
0.0292474 0.0404534 0.0383176 0.0435537
0.0292221 0.0404814 0.0383515  0.043618
0.0291973 0.0405098 0.0383854 0.0436824
0.0291732 0.0405388 0.0384195 0.0437469
0.0291495 0.0405683 0.0384536 0.0438115
0.0291264 0.0405984 0.0384877 0.0438763
0.0291039 0.0406289 0.0385219 0.0439411
0.0290819   0.04066 0.0385562 0.0440061
0.0290605 0.0406917 0.0385906 0.0440712
0.0290397 0.0407239  0.038625 0.0441364
0.0290195 0.0407566 0.0386594 0.0442017
0.0289998 0.0407899  0.038694 0.0442672
0.0289808 0.0408237 0.0387286 0.0443328
0.0289623 0.0408581 0.0387633 0.0443984
0.0289444 0.0408931  0.038798 0.0444643
0.0289274 0.0409286 0.0388328 0.0445302
0.0289111 0.0409647 0.0388677 0.0445962
0.0288957 0.0410014 0.0389026 0.0446624
 0.028881 0.0410387 0.0389376 0.0447287
 0.028867 0.0410765 0.0389726 0.0447951
0.0288538  0.041115 0.0390078 0.0448616
0.0288413  0.041154 0.0390429 0.0449282
0.0288296 0.0411937 0.0390782  0.044995
0.0288186 0.0412339 0.0391135 0.0450619
0.0288083 0.0412748 0.0391489 0.0451289
0.0287988 0.0413162 0.0391844  0.045196
0.0287901 0.0413583 0.0392199 0.0452633
0.0287821  0.041401 0.0392555 0.0453306
0.0287749 0.0414443 0.0392911 0.0453981
0.0287684 0.0414881 0.0393269 0.0454657
0.0287627 0.0415326 0.0393626 0.0455335
0.0287578 0.0415777 0.0393985 0.0456013
0.0287536 0.0416234 0.0394344 0.0456693
0.0287501 0.0416698 0.0394704 0.0457374
0.0287474 0.0417167 0.0395065 0.0458057
0.0287454 0.0417642 0.0395426  0.045874
0.0287442 0.0418124 0.0395788 0.0459425
0.0287436 0.0418612  0.039615 0.0460111
0.0287439 0.0419105 0.0396514 0.0460798
0.0287448 0.0419605 0.0396877 0.0461487
0.0287466 0.0420112 0.0397242 0.0462176
 0.028749 0.0420624 0.0397607 0.0462867
0.0287522 0.0421144 0.0397973  0.046356
0.0287561 0.0421671  0.039834 0.0464253
0.0287607 0.0422205 0.0398707 0.0464948
0.0287662 0.0422746 0.0399075 0.0465644
0.0287722 0.0423293 0.0399444 0.0466341
0.0287789 0.0423847 0.0399814  0.046704
0.0287861 0.0424408 0.0400184  0.046774
 0.028794 0.0424976 0.0400554 0.0468441
0.0288024  0.042555 0.0400926 0.0469143
0.0288115 0.0426131 0.0401298 0.0469847
0.0288212 0.0426719 0.0401671 0.0470552
0.0288315 0.0427313 0.0402045 0.0471258
0.0288424 0.0427913 0.0402419 0.0471965
0.0288539  0.042852 0.0402794 0.0472674
0.0288661 0.0429134 0.0403169 0.0473384
0.0288788 0.0429753 0.0403546 0.0474096
0.0288922  0.043038 0.0403923 0.0474808
0.0289063 0.0431012 0.0404301 0.0475522
0.0289209 0.0431651 0.0404679 0.0476237
0.0289361 0.0432296 0.0405058 0.0476954
 0.028952 0.0432947 0.0405438 0.0477672
0.0289685 0.0433604 0.0405819 0.0478391
0.0289856 0.0434267   0.04062 0.0479111
0.0290033 0.0434936 0.0406582 0.0479833
0.0290216 0.0435611 0.0406965 0.0480556
0.0290406 0.0436292 0.0407348  0.048128
0.0290601 0.0436979 0.0407733 0.0482006
0.0290803 0.0437672 0.0408117 0.0482733
0.029101 0.043837 0.0408503 0.0483462
0.0291224 0.0439074 0.0408889 0.0484191
0.0291444 0.0439784 0.0409276 0.0484922
0.0291669 0.0440499 0.0409664 0.0485654
0.0291901  0.044122 0.0410053 0.0486388
0.0292139 0.0441946 0.0410442 0.0487123
0.0292382 0.0442677 0.0410832 0.0487859
0.0292631 0.0443414 0.0411223 0.0488597
0.0292887 0.0444156 0.0411614 0.0489336
0.0293147 0.0444903 0.0412006 0.0490076
0.0293414 0.0445655 0.0412399 0.0490818
0.0293686 0.0446413 0.0412793 0.0491561
0.0293964 0.0447175 0.0413187 0.0492306
0.0294247 0.0447942 0.0413582 0.0493051
0.0294536 0.0448715 0.0413978 0.0493798
 0.029483 0.0449492 0.0414374 0.0494547
 0.029513 0.0450274 0.0414772 0.0495297
0.0295434 0.0451061  0.041517 0.0496048
0.0295744 0.0451852 0.0415569   0.04968
0.0296059 0.0452648 0.0415968 0.0497554
0.0296379 0.0453449 0.0416368  0.049831
0.0296704 0.0454254 0.0416769 0.0499066
0.0297034 0.0455064 0.0417171 0.0499824
0.0297368 0.0455878 0.0417574 0.0500584
0.0297707 0.0456696 0.0417977 0.0501345
0.0298051 0.0457518 0.0418381 0.0502107
0.0298399 0.0458345 0.0418786 0.0502871
0.0298751 0.0459176 0.0419191 0.0503636
0.0299107  0.046001 0.0419598 0.0504402
0.0299468 0.0460849 0.0420005  0.050517
0.0299832 0.0461691 0.0420412 0.0505939
  0.03002 0.0462537 0.0420821 0.0506709
0.0300572 0.0463387  0.042123 0.0507481
0.0300948  0.046424  0.042164 0.0508255
0.0301327 0.0465097 0.0422051  0.050903
0.0301711 0.0465958 0.0422463 0.0509806
0.0302098 0.0466823 0.0422875 0.0510584
0.0302489 0.0467691 0.0423289 0.0511363
0.0302884 0.0468563 0.0423702 0.0512143
0.0303283 0.0469438 0.0424117 0.0512925
0.0303685 0.0470317 0.0424533 0.0513708
 0.030409 0.0471199 0.0424949 0.0514493
0.0304498 0.0472084 0.0425366 0.0515279
 0.030491 0.0472972 0.0425784 0.0516067
0.0305325 0.0473863 0.0426202 0.0516856
0.0305742 0.0474756 0.0426622 0.0517646
0.0306162 0.0475653 0.0427042 0.0518438
0.0306585 0.0476552 0.0427463 0.0519232
 0.030701 0.0477454 0.0427885 0.0520027
0.0307437 0.0478359 0.0428307 0.0520823
0.0307866 0.0479266  0.042873 0.0521621
0.0308297 0.0480176 0.0429155  0.052242
0.0308729 0.0481088 0.0429579  0.052322
0.0309163 0.0482002 0.0430005 0.0524022
0.0309599 0.0482919 0.0430432 0.0524826
0.0310035 0.0483837 0.0430859 0.0525631
0.0310473 0.0484758 0.0431287 0.0526438
0.0310913 0.0485681 0.0431716 0.0527246
0.0311353 0.0486606 0.0432145 0.0528055
0.0311794 0.0487533 0.0432576 0.0528866
0.0312237 0.0488461 0.0433007 0.0529678
 0.031268 0.0489392 0.0433439 0.0530492
0.0313123 0.0490324 0.0433872 0.0531308
0.0313568 0.0491257 0.0434306 0.0532125
0.0314013 0.0492192  0.043474 0.0532943
0.0314459 0.0493128 0.0435176 0.0533763
0.0314905 0.0494066 0.0435612 0.0534584
0.0315351 0.0495005 0.0436049 0.0535407
0.0315798 0.0495945 0.0436487 0.0536231
0.0316245 0.0496886 0.0436925 0.0537057
0.0316693 0.0497828 0.0437365 0.0537885
 0.031714 0.0498771 0.0437805 0.0538714
0.0317588 0.0499714 0.0438246 0.0539544
0.0318035 0.0500659 0.0438688 0.0540376
0.0318483 0.0501603  0.043913 0.0541209
 0.031893 0.0502549 0.0439574 0.0542044
0.0319378 0.0503495 0.0440018 0.0542881
0.0319824 0.0504442 0.0440463 0.0543719
0.0320271 0.0505389 0.0440909 0.0544559
0.0320718 0.0506337 0.0441356   0.05454
0.0321164 0.0507285 0.0441804 0.0546242
0.0321609 0.0508234 0.0442252 0.0547086
0.0322054 0.0509184 0.0442702 0.0547932
0.0322499 0.0510134 0.0443152 0.0548779
0.0322943 0.0511085 0.0443603 0.0549628
0.0323386 0.0512035 0.0444055 0.0550479
0.0323828 0.0512986 0.0444507 0.0551331
0.0324269 0.0513937 0.0444961 0.0552184
 0.032471 0.0514888 0.0445415 0.0553039
0.0325149 0.0515838  0.044587 0.0553896
0.0325587 0.0516788 0.0446327 0.0554754
0.0326024 0.0517738 0.0446783 0.0555614
0.0326459 0.0518687 0.0447241 0.0556475
0.0326894 0.0519636   0.04477 0.0557338
0.0327327 0.0520584 0.0448159 0.0558202
0.0327759 0.0521531  0.044862 0.0559068
0.0328189 0.0522477 0.0449081 0.0559936
0.0328618 0.0523422 0.0449543 0.0560805
0.0329046 0.0524365 0.0450006 0.0561676
0.0329472 0.0525308  0.045047 0.0562549
0.0329896 0.0526249 0.0450934 0.0563423
 0.033032 0.0527189   0.04514 0.0564298
0.0330741 0.0528127 0.0451866 0.0565176
0.0331161 0.0529064 0.0452334 0.0566054
0.0331579 0.0529999 0.0452802 0.0566935
0.0331995 0.0530933 0.0453271 0.0567817
0.0332409 0.0531864 0.0453741 0.0568701
0.0332821 0.0532794 0.0454211 0.0569586
0.0333231 0.0533723 0.0454683 0.0570473
0.0333639 0.0534649 0.0455156 0.0571361
0.0334045 0.0535573 0.0455629 0.0572251
0.0334448 0.0536495 0.0456103 0.0573143
 0.033485 0.0537415 0.0456578 0.0574037
0.0335249 0.0538333 0.0457055 0.0574932
0.0335647 0.0539248 0.0457531 0.0575829
0.0336043 0.0540161 0.0458009 0.0576727
0.0336436 0.0541072 0.0458488 0.0577627
0.0336828  0.054198 0.0458968 0.0578529
0.0337218 0.0542886 0.0459448 0.0579432
0.0337605 0.0543789  0.045993 0.0580337
0.0337988  0.054469 0.0460412 0.0581243
0.0338369 0.0545588 0.0460895 0.0582152
0.0338747 0.0546483 0.0461379 0.0583062
0.0339121 0.0547376 0.0461864 0.0583973
0.0339491 0.0548265  0.046235 0.0584887
0.0339859 0.0549152 0.0462837 0.0585802
0.0340223 0.0550036 0.0463325 0.0586718
0.0340583 0.0550917 0.0463813 0.0587636
 0.034094 0.0551794 0.0464303 0.0588557
0.0341294 0.0552669 0.0464793 0.0589478
0.0341644  0.055354 0.0465285 0.0590402
 0.034199 0.0554409 0.0465777 0.0591327
0.0342333 0.0555274  0.046627 0.0592253
0.0342672 0.0556135 0.0466764 0.0593182
0.0343008 0.0556994 0.0467259 0.0594112
 0.034334 0.0557849 0.0467755 0.0595044
0.0343668   0.05587 0.0468252 0.0595978
0.0343993 0.0559548  0.046875 0.0596913
0.0344314 0.0560393 0.0469249  0.059785
0.0344632 0.0561233 0.0469749 0.0598789
0.0344945  0.056207 0.0470249 0.0599729
0.0345255 0.0562904 0.0470751 0.0600671
0.0345561 0.0563734 0.0471253 0.0601615
0.0345864 0.0564559 0.0471757 0.0602561
0.0346163 0.0565382 0.0472261 0.0603508
0.0346458   0.05662 0.0472766 0.0604457
0.0346749 0.0567014 0.0473272 0.0605408
0.0347038 0.0567825  0.047378 0.0606361
0.0347323 0.0568631 0.0474288 0.0607315
0.0347606 0.0569433 0.0474797 0.0608271
0.0347887 0.0570231 0.0475307 0.0609229
0.0348166 0.0571025 0.0475818 0.0610189
0.0348443 0.0571815 0.047633 0.061115
0.0348717   0.05726 0.0476843 0.0612113
0.0348989 0.0573381 0.0477357 0.0613078
0.0349257 0.0574159 0.0477871 0.0614045
0.0349522 0.0574933 0.0478387 0.0615014
0.0349785 0.0575703 0.0478904 0.0615984
0.0350046  0.057647 0.0479422 0.0616956
0.0350304 0.0577233 0.047994 0.061793
 0.035056 0.0577993  0.048046 0.0618905
0.0350814 0.0578749  0.048098 0.0619883
0.0351065 0.0579502 0.0481502 0.0620862
0.0351314 0.0580251 0.0482025 0.0621843
0.0351559 0.0580996 0.0482548 0.0622826
0.0351802 0.0581737 0.0483073  0.062381
0.0352042 0.0582474 0.0483598 0.0624797
0.0352279 0.0583208 0.0484124 0.0625785
0.0352513 0.0583937 0.0484652 0.0626775
0.0352743 0.0584662  0.048518 0.0627767
0.0352971 0.0585384  0.048571 0.0628761
0.0353195 0.0586102  0.048624 0.0629756
0.0353414 0.0586815 0.0486771 0.0630753
 0.035363 0.0587523 0.0487304 0.0631753
0.0353841 0.0588225 0.0487837 0.0632754
0.0354048 0.0588922 0.0488371 0.0633757
0.0354251 0.0589614 0.0488907 0.0634761
0.0354451 0.0590301 0.0489443 0.0635768
0.0354646 0.0590984  0.048998 0.0636776
0.0354838 0.0591663 0.0490519 0.0637786
0.0355026 0.0592337 0.0491058 0.0638799
 0.035521 0.0593007 0.0491598 0.0639812
0.0355391 0.0593673  0.049214 0.0640828
0.0355567 0.0594335 0.0492682 0.0641846
0.0355739 0.0594993 0.0493226 0.0642866
0.0355906 0.0595647  0.049377 0.0643887
 0.035607 0.0596297 0.0494315  0.064491
0.0356228 0.0596944 0.0494862 0.0645936
0.0356383 0.0597587 0.0495409 0.0646963
0.0356533 0.0598226 0.0495958 0.0647992
 0.035668 0.0598862 0.0496507 0.0649023
0.0356823 0.0599494 0.0497058 0.0650055
0.0356963 0.0600123 0.0497609  0.065109
0.0357107 0.0600752 0.0498162 0.0652127
 0.035724 0.0601374 0.0498715 0.0653165
0.0357369 0.0601993  0.049927 0.0654205
0.0357494 0.0602609 0.0499826 0.0655248
0.0357615 0.0603221 0.0500382 0.0656292
0.0357733  0.060383  0.050094 0.0657338
0.0357846 0.0604436 0.0501499 0.0658386
0.0357956 0.0605038 0.0502059 0.0659436
0.0358071 0.0605641 0.0502619 0.0660488
0.0358182 0.0606241 0.0503181 0.0661542
0.0358283 0.0606836 0.0503744 0.0662598
 0.035838 0.0607428 0.0504308 0.0663656
0.0358476 0.0608017 0.0504873 0.0664715
0.0358568 0.0608603 0.0505439 0.0665777
0.0358656 0.0609185 0.0506007 0.0666841
0.0358741 0.0609766 0.0506575 0.0667906
 0.035883 0.0610347 0.0507144 0.0668974
0.0358917 0.0610926 0.0507714 0.0670043
   0.0359 0.0611502 0.0508286 0.0671115
0.0359081 0.0612077 0.0508858 0.0672188
 0.035916 0.0612649 0.0509432 0.0673263
0.0359229 0.0613217 0.0510006 0.0674341
0.0359296 0.0613782 0.0510582  0.067542
 0.035936 0.0614345 0.0511159 0.0676502
0.0359428 0.0614909 0.0511737 0.0677585
0.0359494 0.0615472 0.0512315  0.067867
0.0359551 0.0616031 0.0512895 0.0679758
0.0359606 0.0616589 0.0513476 0.0680847
0.0359659 0.0617145 0.0514059 0.0681938
0.0359711   0.06177 0.0514642 0.0683032
0.0359761 0.0618254 0.0515226 0.0684127
0.0359809 0.0618807 0.0515811 0.0685224
0.0359863 0.0619362 0.0516398 0.0686324
0.0359909 0.0619914 0.0516985 0.0687425
0.0359954 0.0620466 0.0517574 0.0688529
0.0360004 0.0621019 0.0518164 0.0689634
0.0360047  0.062157 0.0518755 0.0690742
0.0360089 0.0622121 0.0519347 0.0691851
 0.036013 0.0622673  0.051994 0.0692963
 0.036017 0.0623225 0.0520534 0.0694077
 0.036021 0.0623778 0.0521129 0.0695192
0.0360249 0.0624332 0.0521726  0.069631
0.0360288 0.0624886 0.0522323  0.069743
0.0360332 0.0625442 0.0522922 0.0698552
0.0360377 0.0625999 0.0523522 0.0699676
0.0360416 0.0626557 0.0524122 0.0700802
0.0360456 0.0627116 0.0524724  0.070193
0.0360497 0.0627675 0.0525327  0.070306
0.0360542 0.0628235 0.0525932 0.0704192
0.0360589 0.0628795 0.0526537 0.0705327
0.0360634 0.0629355 0.0527143 0.0706463
0.0360682 0.0629916 0.0527751 0.0707602
0.0360731 0.0630477  0.052836 0.0708742
0.0360782 0.0631038  0.052897 0.0709885
0.0360836   0.06316 0.0529581  0.071103
0.0360893 0.0632162 0.0530193 0.0712177
0.0360956 0.0632725 0.0530806 0.0713326
0.0361021 0.0633288  0.053142 0.0714477
0.0361089 0.0633852 0.0532036 0.0715631
0.0361159 0.0634418 0.0532653 0.0716786
0.0361232 0.0634984 0.0533271 0.0717944
0.0361306 0.0635552  0.053389 0.0719103
0.0361382 0.0636121  0.053451 0.0720265
0.0361464  0.063669 0.0535131 0.0721429
0.0361548 0.0637261 0.0535754 0.0722595
0.0361634 0.0637833 0.0536377 0.0723764
0.0361723 0.0638408 0.0537002 0.0724934
0.0361815 0.0638984 0.0537628 0.0726107
 0.036191 0.0639562 0.0538255 0.0727282
0.0362008 0.0640142 0.0538883 0.0728458
0.0362109 0.0640725 0.0539513 0.0729638
0.0362214 0.0641311 0.0540144 0.0730819
0.0362324 0.0641897 0.0540775 0.0732002
0.0362438 0.0642484 0.0541408 0.0733188
0.0362556 0.0643075 0.0542043 0.0734376
0.0362678 0.0643667 0.0542678 0.0735566
0.0362804 0.0644263 0.0543314 0.0736758
0.0362935 0.0644863 0.0543952 0.0737952
 0.036307 0.0645463 0.0544591 0.0739149
0.0363211 0.0646068 0.0545231 0.0740348
0.0363356 0.0646673 0.0545872 0.0741549
0.0363506 0.0647282 0.0546515 0.0742752
 0.036366 0.0647893 0.0547159 0.0743958
 0.036382 0.0648507 0.0547804 0.0745165
0.0363985 0.0649124  0.054845 0.0746375
0.0364155 0.0649745 0.0549097 0.0747587
0.0364331 0.0650368 0.0549745 0.0748802
0.0364513 0.0650995 0.0550395 0.0750019
  0.03647 0.0651625 0.0551046 0.0751237
0.0364894 0.0652258 0.0551698 0.0752459
0.0365093 0.0652895 0.0552352 0.0753682
0.0365297 0.0653536 0.0553006 0.0754908
0.0365508  0.065418 0.0553662 0.0756135
0.0365725 0.0654828 0.0554319 0.0757366
0.0365948  0.065548 0.0554977 0.0758598
0.0366179 0.0656139 0.0555637 0.0759833
0.0366415 0.0656799 0.0556297  0.076107
0.0366657 0.0657462 0.0556959 0.0762309
0.0366906  0.065813 0.0557622 0.0763551
0.0367161 0.0658802 0.0558287 0.0764795
0.0367423 0.0659478 0.0558952 0.0766041
0.0367692 0.0660158 0.0559619 0.0767289
0.0367968 0.0660843 0.0560287  0.076854
0.0368252 0.0661532 0.0560957 0.0769793
0.0368542 0.0662225 0.0561627 0.0771048
 0.036884 0.0662923 0.0562299 0.0772306
0.0369145 0.0663625 0.0562972 0.0773566
0.0369457 0.0664332 0.0563646 0.0774828
0.0369777 0.0665043 0.0564322 0.0776093
0.0370104  0.066576 0.0564999  0.077736
0.0370439 0.0666481 0.0565677 0.0778629
0.0370782 0.0667207 0.0566356 0.0779901
0.0371132 0.0667937 0.0567037 0.0781175
 0.037149 0.0668673 0.0567719 0.0782452
0.0371856 0.0669413 0.0568402  0.078373
0.0372231 0.0670159 0.0569087 0.0785012
0.0372613  0.067091 0.0569772 0.0786295
0.0373003 0.0671665 0.0570459 0.0787581
0.0373402 0.0672426 0.0571148 0.0788869
0.0373808 0.0673193 0.0571837  0.079016
0.0374223 0.0673964 0.0572528 0.0791453
0.0374646  0.067474  0.057322 0.0792748
0.0375078 0.0675522 0.0573914 0.0794046
0.0375518 0.0676309 0.0574608 0.0795346
0.0375967 0.0677102 0.0575304 0.0796649
0.0376425   0.06779 0.0576002 0.0797954
0.0376891 0.0678703   0.05767 0.0799261
0.0377366 0.0679512   0.05774 0.0800571
0.0377849 0.0680326 0.0578102 0.0801883
0.0378342 0.0681146 0.0578804 0.0803198
0.0378843 0.0681971 0.0579508 0.0804515
0.0379353 0.0682802 0.0580213 0.0805834
0.0379872 0.0683638 0.0580919 0.0807156
 0.03804 0.068448 0.0581627 0.0808481
0.0380938 0.0685328 0.0582336 0.0809808
0.0381484 0.0686181 0.0583047 0.0811137
0.038204 0.068704 0.0583758 0.0812469
0.0382605 0.0687904 0.0584472 0.0813803
 0.038318 0.0688775 0.0585186 0.0815139
0.0383764 0.0689651 0.0585902 0.0816479
0.0384358 0.0690532 0.0586619  0.081782
0.0384962  0.069142 0.0587337 0.0819164
0.0385576 0.0692313 0.0588057 0.0820511
0.0386208 0.0693216 0.0588778  0.082186
0.0386843 0.0694109   0.05895 0.0823212
0.0387488 0.0694994 0.0590224 0.0824566
0.0388143 0.0695872 0.0590949 0.0825922
0.0388809 0.0696744 0.0591676 0.0827281
0.0389485 0.0697612 0.0592403 0.0828643
0.0390172 0.0698477 0.0593133 0.0830007
0.0390868 0.0699341 0.0593863 0.0831374
0.0391576 0.0700204 0.0594595 0.0832743
0.0392293 0.0701068 0.0595328 0.0834114
0.0393022 0.0701935 0.0596063 0.0835489
 0.039376 0.0702804 0.0596799 0.0836865
0.0394509 0.0703678 0.0597536 0.0838245
0.0395269 0.0704557 0.0598275 0.0839627
0.0396039 0.0705441 0.0599015 0.0841011
0.0396819 0.0706332 0.0599756 0.0842398
0.039761 0.070723 0.0600499 0.0843787
0.0398411 0.0708135 0.0601244  0.084518
0.0399223 0.0709048 0.0601989 0.0846574
0.0400046 0.0709973 0.0602736 0.0847972
 0.040088 0.0710909 0.0603485 0.0849371
0.0401725 0.0711856 0.0604234 0.0850774
0.0402581 0.0712814 0.0604986 0.0852179
0.0403448 0.0713783 0.0605738 0.0853586
0.0404326 0.0714763 0.0606492 0.0854997
0.0405215 0.0715753 0.0607248 0.0856409
0.0406115 0.0716755 0.0608004 0.0857825
0.0407027 0.0717767 0.0608763 0.0859243
0.040795 0.071879 0.0609522 0.0860664
0.0408885 0.0719824 0.0610283 0.0862087
0.0409841 0.0720875 0.0611046 0.0863513
0.0410799  0.072193  0.061181 0.0864942
0.0411768 0.0722994 0.0612575 0.0866373
0.0412748 0.0724069 0.0613342 0.0867807
 0.041374 0.0725155  0.061411 0.0869243
0.0414743  0.072625 0.0614879 0.0870682
0.0415758 0.0727355  0.061565 0.0872124
0.0416785  0.072847 0.0616423 0.0873569
0.0417824 0.0729595 0.0617197 0.0875016
0.0418874 0.0730731 0.0617972 0.0876466
0.0419937 0.0731875 0.0618749 0.0877918
0.0421011  0.073303 0.0619527 0.0879373
0.0422096 0.0734194 0.0620307 0.0880831
0.0423194 0.0735368 0.0621088 0.0882292
0.0424303 0.0736552  0.062187 0.0883755
0.0425423 0.0737745 0.0622655 0.0885221
0.0426555 0.0738947 0.062344 0.088669
0.0427699 0.0740159 0.0624227 0.0888162
0.0428855  0.074138 0.0625015 0.0889636
0.0430022 0.0742611 0.0625805 0.0891113
0.0431201 0.0743851 0.0626597 0.0892592
0.0432391 0.0745098 0.0627389 0.0894075
0.0433593 0.0746353 0.0628184  0.089556
0.0434805 0.0747615  0.062898 0.0897048
0.0436029 0.0748884 0.0629777 0.0898538
0.0437263 0.0750158 0.0630576 0.0900032
0.0438509 0.0751437 0.0631376 0.0901528
0.0439765 0.0752723 0.0632178 0.0903027
0.0441032 0.0754014 0.0632981 0.0904528
0.0442311  0.075531 0.0633786 0.0906033
  0.04436 0.0756612 0.0634592  0.090754
0.0444901  0.075792  0.06354 0.090905
0.0446213 0.0759236 0.0636209 0.0910563
0.0447537 0.0760561 0.0637019 0.0912079
0.0448872 0.0761896 0.0637832 0.0913597
0.0450218  0.076324 0.0638645 0.0915118
0.0451577 0.0764594 0.0639461 0.0916642
0.0452947 0.0765956 0.0640278 0.0918169
0.0454327 0.0767328 0.0641096 0.0919699
0.0455719 0.0768707 0.0641916 0.0921231
0.0457122 0.0770096 0.0642737 0.0922767
0.0458536 0.0771492  0.064356 0.0924305
 0.045996 0.0772897 0.0644384 0.0925846
0.0461395  0.077431 0.064521 0.092739
0.046284 0.077573 0.0646038 0.0928937
0.0464296 0.0777158 0.0646867 0.0930486
0.0465763 0.0778594 0.0647697 0.0932039
0.0467239 0.0780037  0.064853 0.0933594
0.0468725 0.0781488 0.0649363 0.0935153
0.0470219 0.0782946 0.0650198 0.0936714
0.0471722 0.0784412 0.0651035 0.0938278
0.0473232 0.0785887 0.0651874 0.0939845
 0.047475 0.0787368 0.0652713 0.0941414
0.0476275 0.0788858 0.0653555 0.0942987
0.0477807 0.0790355 0.0654398 0.0944563
0.0479346 0.0791859 0.0655243 0.0946141
0.0480892 0.0793371 0.0656089 0.0947723
0.0482444 0.0794889 0.0656937 0.0949307
0.0484001 0.0796415 0.0657786 0.0950895
0.0485565 0.0797947 0.0658637 0.0952485
0.0487134 0.0799486 0.0659489 0.0954078
0.0488711 0.0801031 0.0660343 0.0955674
0.0490297 0.0802582 0.0661199 0.0957274
0.0491893 0.0804138 0.0662056 0.0958876
0.0493499 0.0805699 0.0662915 0.0960481
0.0495113 0.0807266 0.0663776 0.0962089
0.0496737 0.0808838 0.0664638   0.09637
0.0498369 0.0810417 0.0665501 0.0965314
 0.050001 0.0812001 0.0666367 0.0966931
0.0501659 0.0813591 0.0667233 0.0968551
0.0503316 0.0815187 0.0668102 0.0970174
0.0504984 0.0816791 0.0668972   0.09718
0.0506657 0.0818399 0.0669844 0.0973429
0.0508326 0.0820006 0.0670717 0.0975061
0.0510017 0.0821628 0.0671592 0.0976696
0.0511703 0.0823249 0.0672469 0.0978334
0.0513398 0.0824875 0.0673347 0.0979975
0.0515099 0.0826507 0.0674227 0.0981619
0.0516807 0.0828145 0.0675108 0.0983266
0.0518523 0.0829787 0.0675992 0.0984917
0.0520245 0.0831435 0.0676876  0.098657
0.0521977 0.0833092 0.0677763 0.0988226
0.0523714 0.0834754 0.0678651 0.0989886
0.0525446 0.0836415 0.0679541 0.0991548
0.0527182  0.083808 0.0680432 0.0993214
0.0528922 0.0839748 0.0681325 0.0994882
0.0530665 0.0841421  0.068222 0.0996554
0.0532419 0.0843102 0.0683116 0.0998229
0.0534177 0.0844787 0.0684014 0.0999907
0.0535929 0.0846472 0.0684914  0.100159
0.0537683  0.084816 0.0685816  0.100327
 0.053944 0.0849852 0.0686719  0.100496
  0.05412 0.0851548 0.0687623  0.100665
0.0542961 0.0853248 0.068853 0.100834
0.0544729 0.0854953 0.0689438  0.101004
0.0546502 0.0856662 0.0690348  0.101174
0.0548281 0.0858375 0.0691259  0.101344
0.0550065 0.0860093 0.0692173  0.101515
0.0551853 0.0861814 0.0693088  0.101686
0.0553646 0.0863539 0.0694004  0.101857
0.0555444 0.0865268 0.0694922  0.102029
0.0557245 0.0866999 0.0695843  0.102201
0.0559051 0.0868734 0.0696764  0.102373
0.0560861 0.0870472 0.0697688  0.102545
0.0562674 0.0872213 0.0698613  0.102718
 0.056449 0.0873957 0.069954 0.102891
 0.056631 0.0875703 0.0700469  0.103065
0.0568133 0.0877452 0.0701399  0.103239
0.0569959 0.0879203 0.0702331  0.103413
0.0571788 0.0880957 0.0703265  0.103587
 0.057362 0.0882713  0.07042 0.103762
0.0575454 0.0884471 0.0705138  0.103937
0.0577291 0.0886232 0.0706077  0.104112
 0.057913 0.0887994 0.0707018  0.104288
0.0580979 0.0889762 0.070796 0.104464
0.0582822 0.0891528 0.0708904  0.104641
0.0584667 0.0893296 0.0709851  0.104817
0.0586513 0.0895066 0.0710798  0.104994
 0.058836 0.0896837 0.0711748  0.105172
0.0590209  0.089861 0.0712699  0.105349
0.0592066 0.0900387 0.0713652  0.105527
0.0593925 0.0902166 0.0714607  0.105706
0.0595777 0.0903943 0.0715564  0.105885
0.0597629  0.090572 0.0716523  0.106064
0.0599481 0.0907499 0.0717483  0.106243
0.0601334 0.0909279 0.0718445  0.106423
0.0603186  0.091106 0.0719409  0.106603
 0.060504 0.0912842 0.0720374  0.106783
0.0606893 0.0914625 0.0721342  0.106964
0.0608746 0.0916409 0.0722311  0.107145
0.0610599 0.0918193 0.0723282  0.107326
0.0612458  0.091998 0.0724255  0.107508
 0.061431 0.0921765 0.0725229   0.10769
0.0616162 0.0923552 0.0726206  0.107872
0.0618012 0.0925338 0.0727184  0.108055
0.0619861 0.0927124 0.0728164  0.108238
0.0621708 0.0928911 0.0729146  0.108421
0.0623561 0.0930699 0.073013 0.108605
0.0625406 0.0932486 0.0731116  0.108789
 0.062725 0.0934273 0.0732103  0.108974
0.0629092  0.093606 0.0733092  0.109158
0.0630932 0.0937846 0.0734083  0.109343
0.0632769 0.0939632 0.0735076  0.109529
0.0634605 0.0941418 0.0736071  0.109715
0.0636439 0.0943204 0.0737068  0.109901
0.0638271  0.094499 0.0738066  0.110087
0.0640106 0.0946775 0.0739067  0.110274
0.0641937 0.0948561 0.0740069  0.110461
0.0643762 0.0950345 0.0741073  0.110649
0.0645582 0.0952128 0.0742079  0.110837
 0.06474 0.095391 0.0743087  0.111025
0.0649218 0.0955692 0.0744096  0.111213
0.0651029 0.0957472 0.0745108  0.111402
0.0652836 0.0959252 0.0746121  0.111592
 0.065464 0.0961031 0.0747137  0.111781
 0.065644 0.0962808 0.0748154  0.111971
0.0658236 0.0964585 0.0749173  0.112161
0.0660029 0.0966361 0.0750194  0.112352
0.0661818 0.0968135 0.0751217  0.112543
0.0663603 0.0969909 0.0752242  0.112734
0.0665384 0.0971681 0.0753269  0.112926
0.0667164 0.0973453 0.0754297  0.113118
0.0668939 0.0975222 0.0755328  0.113311
0.0670707 0.0976991 0.075636 0.113503
0.0672469 0.0978758 0.0757395  0.113697
0.0674227 0.0980524 0.0758431   0.11389
0.0675979 0.0982287 0.0759469  0.114084
0.0677726  0.098405 0.076051 0.114278
0.0679468 0.0985811 0.0761552  0.114473
0.0681204  0.098757 0.0762596  0.114668
0.0682936 0.0989328 0.0763642  0.114863
0.0684662 0.0991084 0.076469 0.115059
0.0686383 0.0992838 0.076574 0.115255
0.0688099 0.0994591 0.0766792  0.115451
 0.068981 0.0996342 0.0767845  0.115648
0.0691515 0.0998091 0.0768901  0.115845
0.0693213 0.0999839 0.0769959  0.116043
0.0694906  0.100158 0.0771019   0.11624
0.0696593  0.100333 0.077208 0.116439
0.0698272  0.100507 0.0773144  0.116637
0.0699944  0.100681 0.077421 0.116836
0.0701609  0.100855 0.0775277  0.117036
0.0703268  0.101028 0.0776347  0.117235
0.0704921  0.101202 0.0777419  0.117435
0.0706567  0.101375 0.0778492  0.117636
0.0708207  0.101548 0.0779568  0.117837
0.0709839   0.10172 0.0780645  0.118038
0.0711464  0.101893 0.0781725  0.118239
0.0713081  0.102066 0.0782806  0.118441
0.0714691  0.102238 0.078389 0.118644
0.0716295   0.10241 0.0784976  0.118846
0.0717891  0.102582 0.0786063  0.119049
0.071948 0.102753 0.0787153  0.119253
0.0721063  0.102925 0.0788245  0.119457
0.0722638  0.103096 0.0789338  0.119661
0.0724205  0.103267 0.0790434  0.119865
0.0725766  0.103438 0.0791532   0.12007
0.0727318  0.103609 0.0792632  0.120276
0.0728862  0.103779 0.0793734  0.120481
0.0730399  0.103949 0.0794838  0.120687
0.0731929  0.104119 0.0795944  0.120894
0.073345 0.104289 0.0797052  0.121101
0.0734964  0.104459 0.0798162  0.121308
0.073647 0.104629 0.0799274  0.121516
0.0737968  0.104798 0.0800389  0.121724
0.0739459  0.104967 0.0801505  0.121932
0.0740942  0.105136 0.0802624  0.122141
0.0742417  0.105305 0.0803745   0.12235
0.0743882  0.105474 0.0804868   0.12256
0.074534 0.105642 0.0805993   0.12277
0.0746791   0.10581 0.0807121   0.12298
0.0748233  0.105978 0.080825 0.123191
0.0749667  0.106146 0.0809382  0.123403
0.0751092  0.106314 0.0810516  0.123614
0.0752509  0.106482 0.0811653  0.123826
0.0753918  0.106649 0.0812791  0.124039
0.0755319  0.106816 0.0813932  0.124252
0.0756711  0.106983 0.0815075  0.124465
0.0758094   0.10715 0.0816219  0.124679
0.075947 0.107317 0.0817366  0.124893
0.0760838  0.107484 0.0818515  0.125108
0.0762198   0.10765 0.0819666  0.125322
0.076355 0.107816 0.0820819  0.125537
0.0764894  0.107983 0.0821973  0.125753
0.0766229  0.108149 0.0823128  0.125969
0.0767584  0.108264 0.0824286  0.126185
0.0768933  0.108382 0.0825444  0.126401
0.0770284  0.108502 0.0826603  0.126617
0.0771639  0.108622 0.0827763  0.126834
0.0772995  0.108742 0.0828924   0.12705
0.0774352  0.108862 0.0830085  0.127267
0.0775696  0.108982 0.0831247  0.127483
0.0777045  0.109102 0.0832409    0.1277
0.0778385  0.109222 0.083357 0.127917
0.0779714  0.109342 0.0834732  0.128133
0.0781031  0.109462 0.0835894   0.12835
0.0782333  0.109583 0.0837055  0.128566
0.0783622  0.109703 0.0838216  0.128783
0.0784897  0.109824 0.0839376  0.128999
0.078616 0.109945 0.0840535  0.129215
0.0787411  0.110066 0.0841694  0.129431
0.078865 0.110188 0.0842852  0.129646
0.0789879  0.110309 0.0844009  0.129862
0.0791097   0.11043 0.0845165  0.130077
0.0792304  0.110552 0.084632 0.130292
0.0793502  0.110674 0.0847474  0.130507
0.0794688  0.110795 0.0848627  0.130721
0.0795864  0.110917 0.0849779  0.130935
0.0797029  0.111039 0.0850929  0.131149
0.0798182  0.111161 0.0852079  0.131363
0.0799324  0.111283 0.0853228  0.131577
0.0800456  0.111406 0.0854375   0.13179
0.0801576  0.111528 0.0855522  0.132003
0.0802685  0.111651 0.0856667  0.132216
0.0803784  0.111773 0.0857811  0.132428
0.0804871  0.111896 0.0858955   0.13264
0.0805949   0.11202 0.0860097  0.132852
0.0807002  0.112143 0.0861238  0.133064
0.0808044  0.112267 0.0862378  0.133276
0.080909 0.112391 0.0863517  0.133487
0.0810127  0.112514 0.0864655  0.133698
0.0811156  0.112638 0.0865792  0.133909
0.0812176  0.112762 0.0866928  0.134119
0.0813185  0.112887 0.0868062   0.13433
0.0814184  0.113011 0.0869196   0.13454
0.0815172  0.113136 0.0870329   0.13475
0.0816149  0.113262 0.087146 0.134959
0.0817117  0.113388 0.0872591  0.135169
0.0818075  0.113513 0.0873721  0.135378
0.0819025   0.11364 0.0874849  0.135587
0.0819969  0.113766 0.0875977  0.135795
0.0820906  0.113893 0.0877103  0.136004
0.0821837   0.11402 0.0878229  0.136212
0.0822761  0.114148 0.0879353   0.13642
0.0823678  0.114276 0.0880476  0.136627
0.0824589  0.114404 0.0881599  0.136835
0.0825493  0.114532 0.088272 0.137042
0.082639  0.11466 0.088384 0.137249
0.0827281  0.114789 0.0884959  0.137456
0.0828166  0.114918 0.0886077  0.137662
0.0829044  0.115048 0.0887194  0.137868
0.0829916  0.115177 0.088831 0.138074
0.0830783  0.115307 0.0889425   0.13828
0.0831644  0.115436 0.0890539  0.138485
 0.08325 0.115566 0.0891651  0.138691
0.0833351  0.115696 0.0892763  0.138896
0.0834198  0.115826 0.0893873    0.1391
0.0835039  0.115957 0.0894983  0.139305
0.0835877  0.116087 0.0896091  0.139509
0.0836711  0.116218 0.0897199  0.139713
0.0837541  0.116348 0.0898305  0.139917
0.0838367  0.116479 0.089941  0.14012
0.083919  0.11661 0.0900514  0.140323
0.0840009  0.116741 0.0901617  0.140526
0.0840826  0.116872 0.0902719  0.140729
0.0841639  0.117004 0.090382 0.140932
0.0842451  0.117135 0.0904919  0.141134
0.084326 0.117267 0.0906018  0.141336
0.0844059  0.117399 0.0907115  0.141537
0.0844864   0.11753 0.0908212  0.141739
0.0845667  0.117663 0.0909307   0.14194
0.084647 0.117795 0.0910401  0.142141
0.0847272  0.117927 0.0911494  0.142342
0.0848073  0.118059 0.0912586  0.142542
0.0848873  0.118192 0.0913677  0.142742
0.0849664  0.118325 0.0914767  0.142942
0.0850454  0.118458 0.0915855  0.143142
0.0851251  0.118591 0.0916943  0.143341
0.0852048  0.118725 0.0918029   0.14354
0.0852846  0.118858 0.0919115  0.143739
0.0853645  0.118992 0.0920199  0.143938
0.0854444  0.119126 0.0921282  0.144136
0.0855236   0.11926 0.0922364  0.144334
0.0856028  0.119394 0.0923444  0.144532
0.0856826  0.119528 0.0924524   0.14473
0.0857625  0.119663 0.0925603  0.144927
0.0858426  0.119798 0.092668 0.145124
0.0859229  0.119933 0.0927756  0.145321
0.0860032  0.120068 0.0928831  0.145518
0.086083 0.120204 0.0929905  0.145714
0.0861629  0.120339 0.0930978   0.14591
0.0862429  0.120475 0.093205 0.146106
0.0863236  0.120611 0.093312 0.146301
0.0864046  0.120748 0.0934189  0.146496
0.0864859  0.120884 0.0935258  0.146691
0.0865673  0.121021 0.0936325  0.146886
0.0866489  0.121157 0.0937391   0.14708
0.0867306  0.121295 0.0938455  0.147274
0.0868123  0.121432 0.0939519  0.147468
0.0868942   0.12157 0.0940581  0.147662
0.0869762  0.121708 0.0941643  0.147855
0.0870584  0.121846 0.0942703  0.148048
0.0871409  0.121984 0.0943762  0.148241
0.0872236  0.122123 0.0944819  0.148434
0.0873065  0.122262 0.0945876  0.148626
0.0873897  0.122401 0.0946931  0.148818
0.0874732   0.12254 0.0947986  0.149009
0.087557  0.12268 0.0949039  0.149201
0.087641  0.12282 0.095009 0.149392
0.0877252   0.12296 0.0951141  0.149583
0.0878097    0.1231 0.0952191  0.149774
0.0878944  0.123241 0.0953239  0.149964
0.0879793  0.123382 0.0954286  0.150154
0.0880645  0.123523 0.0955332  0.150344
 0.08815 0.123665 0.0956377  0.150533
0.0882357  0.123806 0.095742 0.150722
0.0883216  0.123949 0.0958462  0.150911
0.0884079  0.124091 0.0959504    0.1511
0.0884943  0.124233 0.0960544  0.151289
0.0885811  0.124376 0.0961582  0.151477
0.0886681   0.12452 0.096262 0.151665
0.0887554  0.124663 0.0963656  0.151852
0.0888429  0.124807 0.0964691  0.152039
0.0889307  0.124951 0.0965725  0.152226
0.0890188  0.125095 0.0966758  0.152413
0.0891071   0.12524 0.0967789    0.1526
0.0891956  0.125385 0.0968819  0.152786
0.0892844   0.12553 0.0969848  0.152972
0.0893734  0.125676 0.0970876  0.153157
0.0894627  0.125822 0.0971903  0.153343
0.0895522  0.125968 0.0972928  0.153528
0.089642 0.126114 0.0973952  0.153712
0.089732 0.126261 0.0974975  0.153897
0.0898222  0.126408 0.0975997  0.154081
0.0899126  0.126555 0.0977017  0.154265
0.0900033  0.126703 0.0978036  0.154448
0.0900942  0.126851 0.0979054  0.154632
0.0901853  0.126999 0.0980071  0.154815
0.0902766  0.127147 0.0981086  0.154997
0.0903682  0.127296 0.09821 0.15518
0.0904599  0.127445 0.0983113  0.155362
0.0905518  0.127595 0.0984125  0.155544
0.0906439  0.127744 0.0985135  0.155726
0.0907362  0.127894 0.0986144  0.155907
0.0908287  0.128045 0.0987152  0.156088
0.0909214  0.128195 0.0988159  0.156269
0.0910143  0.128346 0.0989164  0.156449
0.0911073  0.128498 0.0990168  0.156629
0.0912005  0.128649 0.0991171  0.156809
0.0912938  0.128801 0.0992172  0.156988
0.0913873  0.128953 0.0993173  0.157168
0.091481 0.129105 0.0994172  0.157347
0.0915748  0.129258 0.0995169  0.157525
0.0916687  0.129411 0.0996166  0.157704
0.0917628  0.129564 0.0997161  0.157882
0.091857 0.129718 0.0998155  0.158059
0.0919513  0.129871 0.0999147  0.158237
0.0920457  0.130025 0.100014 0.158414
0.0921403   0.13018 0.100113 0.158591
0.0922349  0.130334 0.100212 0.158768
0.0923297  0.130489  0.10031 0.158944
0.0924245  0.130645 0.100409  0.15912
0.0925195    0.1308 0.100508 0.159295
0.0926145  0.130956 0.100606 0.159471
0.0927096  0.131112 0.100704 0.159646
0.0928048  0.131268 0.100802 0.159821
0.0929001  0.131424   0.1009 0.159995
0.0929954  0.131581 0.100998 0.160169
0.0930908  0.131738 0.101096 0.160343
0.0931862  0.131895 0.101193 0.160517
0.0932817  0.132053 0.101291  0.16069
0.0933772  0.132211 0.101388 0.160863
0.0934728  0.132369 0.101485 0.161035
0.0935683  0.132527 0.101582 0.161208
0.093664 0.132685 0.101679  0.16138
0.0937596  0.132844 0.101776 0.161551
0.0938552  0.133003 0.101872 0.161723
0.0939508  0.133162 0.101969 0.161894
0.0940466  0.133322 0.102065 0.162065
0.0941423  0.133481 0.102162 0.162235
0.094238 0.133641 0.102258 0.162405
0.0943338  0.133802 0.102354 0.162575
0.0944295  0.133962 0.102449 0.162745
0.0945253  0.134123 0.102545 0.162914
0.0946211  0.134284 0.102641 0.163083
0.0947169  0.134445 0.102736 0.163251
0.0948127  0.134607 0.102831  0.16342
0.0949084  0.134768 0.102926 0.163588
0.0950042   0.13493 0.103021 0.163755
  0.0951 0.135093 0.103116 0.163923
0.0951958  0.135255 0.103211  0.16409
0.0952915  0.135418 0.103306 0.164256
0.0953872  0.135581   0.1034 0.164423
0.0954829  0.135745 0.103494 0.164589
0.0955784  0.135908 0.103589 0.164755
0.0956736  0.136072 0.103683  0.16492
0.0957687  0.136236 0.103777 0.165085
0.0958636    0.1364 0.10387 0.16525
0.0959583  0.136564 0.103964 0.165414
0.0960529  0.136728 0.104057 0.165578
0.0961474  0.136892 0.104151 0.165742
0.0962417  0.137057 0.104244 0.165906
0.0963359  0.137221 0.104337 0.166069
 0.09643 0.137386  0.10443 0.166232
0.096524 0.137551 0.104523 0.166394
0.0966178  0.137716 0.104615 0.166557
0.0967114  0.137881 0.104708 0.166718
0.0968048  0.138046  0.1048 0.16688
0.0968981  0.138211 0.104893 0.167041
0.0969911  0.138377 0.104985 0.167202
0.0970839  0.138542 0.105077 0.167363
0.0971765  0.138708 0.105168 0.167523
0.097269 0.138874  0.10526 0.167683
0.0973612   0.13904 0.105352 0.167842
0.0974532  0.139206 0.105443 0.168002
0.0975451  0.139372 0.105534  0.16816
0.0976367  0.139538 0.105625 0.168319
0.0977282  0.139704 0.105716 0.168477
0.0978195   0.13987 0.105807 0.168635
0.0979105  0.140037 0.105898 0.168793
0.0980014  0.140203 0.105988  0.16895
0.0980921   0.14037 0.106078 0.169107
0.0981826  0.140536 0.106169 0.169263
0.0982728  0.140703 0.106259  0.16942
0.0983629  0.140869 0.106349 0.169576
0.0984527  0.141036 0.106438 0.169731
0.0985424  0.141203 0.106528 0.169886
0.0986319   0.14137 0.106618 0.170041
0.0987211  0.141536 0.106707 0.170196
0.0988102  0.141703 0.106796  0.17035
0.0988991   0.14187 0.106885 0.170504
0.0989878  0.142037 0.106974 0.170657
0.0990763  0.142204 0.107063 0.170811
0.0991646  0.142371 0.107151 0.170963
0.0992527  0.142538  0.10724 0.171116
0.0993406  0.142705 0.107328 0.171268
0.0994284  0.142872 0.107416  0.17142
0.099516 0.143039 0.107504 0.171571
0.0996034  0.143206 0.107592 0.171722
0.0996906  0.143373  0.10768 0.171873
0.0997776   0.14354 0.107767 0.172024
0.0998645  0.143707 0.107855 0.172174
0.0999512  0.143874 0.107942 0.172323
0.100038 0.144041 0.108029 0.172473
0.100124 0.144209 0.108116 0.172622
 0.10021 0.144376 0.108203 0.172771
0.100296 0.144543  0.10829 0.172919
0.100382  0.14471 0.108376 0.173067
0.100468 0.144877 0.108462 0.173215
0.100554 0.145044 0.108549 0.173362
0.100639 0.145211 0.108635 0.173509
0.100725 0.145378  0.10872 0.173655
 0.10081 0.145545 0.108806 0.173801
0.100895 0.145712 0.108892 0.173947
 0.10098 0.145879 0.108977 0.174093
0.101065 0.146045 0.109062 0.174238
0.101149 0.146212 0.109148 0.174383
0.101234 0.146379 0.109233 0.174527
0.101318 0.146546 0.109317 0.174671
0.101402 0.146713 0.109402 0.174815
0.101474 0.146874 0.109486 0.174958
0.101545 0.147036 0.109571 0.175101
0.101616 0.147198 0.109655 0.175244
0.101687 0.147359 0.109739 0.175386
0.101755  0.14752 0.109823 0.175528
0.101822  0.14768 0.109907  0.17567
0.101887 0.147841  0.10999 0.175811
0.101951    0.148 0.110074 0.175952
0.102013  0.14816 0.110157 0.176092
0.102074 0.148319  0.11024 0.176232
0.102133 0.148476 0.110323 0.176372
0.102191 0.148633 0.110406 0.176511
0.102248 0.148789 0.110488  0.17665
0.102303 0.148945 0.110571 0.176789
0.102358 0.149099 0.110653 0.176927
0.102412 0.149254 0.110735 0.177065
0.102465 0.149407 0.110817 0.177203
0.102518 0.149561 0.110899  0.17734
0.102571 0.149713  0.11098 0.177476
0.102622 0.149866 0.111062 0.177613
0.102674 0.150018 0.111143 0.177749
0.102725 0.150169 0.111224 0.177884
0.102776 0.150321 0.111305  0.17802
0.102826 0.150471 0.111386 0.178155
0.102877 0.150622 0.111467 0.178289
0.102927 0.150772 0.111547 0.178423
0.102977 0.150922 0.111628 0.178557
0.103027 0.151071 0.111708  0.17869
0.103076  0.15122 0.111788 0.178823
0.103126 0.151369 0.111868 0.178956
0.103175 0.151517 0.111947 0.179088
0.103225 0.151665 0.112027  0.17922
0.103274 0.151813 0.112106 0.179352
0.103324 0.151961 0.112185 0.179483
0.103374 0.152108 0.112264 0.179614
0.103423 0.152255 0.112343 0.179744
0.103473 0.152401 0.112422 0.179874
0.103523 0.152548 0.112501 0.180003
0.103574 0.152694 0.112579 0.180133
0.103624  0.15284 0.112657 0.180261
0.103674 0.152985 0.112735  0.18039
0.103725 0.153131 0.112813 0.180518
0.103776 0.153276 0.112891 0.180645
0.103827  0.15342 0.112968 0.180773
0.103878 0.153565 0.113046   0.1809
 0.10393 0.153709 0.113123 0.181026
0.103982 0.153852   0.1132 0.181152
0.104034 0.153996 0.113277 0.181278
0.104087 0.154139 0.113353 0.181403
 0.10414 0.154282  0.11343 0.181528
0.104193 0.154425 0.113506 0.181652
0.104246 0.154567 0.113582 0.181777
  0.1043 0.154709 0.113658   0.1819
0.104354 0.154851 0.113734 0.182024
0.104408 0.154992  0.11381 0.182146
0.104463 0.155133 0.113885 0.182269
0.104518 0.155274  0.11396 0.182391
0.104573 0.155414 0.114036 0.182513
0.104629 0.155554 0.114111 0.182634
0.104684 0.155694 0.114185 0.182755
0.104741 0.155834  0.11426 0.182876
0.104797 0.155974 0.114334 0.182996
0.104854 0.156113 0.114409 0.183115
0.104911 0.156251 0.114483 0.183235
0.104969  0.15639 0.114557 0.183354
0.105027 0.156529  0.11463 0.183472
0.105085 0.156667 0.114704  0.18359
0.105143 0.156805 0.114777 0.183708
0.105202 0.156942 0.114851 0.183825
0.105261  0.15708 0.114924 0.183942
 0.10532 0.157217 0.114996 0.184059
 0.10538 0.157354 0.115069 0.184175
0.105441  0.15749 0.115142  0.18429
0.105501 0.157627 0.115214 0.184405
0.105562 0.157763 0.115286  0.18452
0.105623 0.157899 0.115358 0.184635
0.105685 0.158034  0.11543 0.184749
0.105747  0.15817 0.115501 0.184862
0.105809 0.158305 0.115573 0.184975
0.105872 0.158439 0.115644 0.185088
0.105935 0.158574 0.115715 0.185201
0.105998 0.158708 0.115786 0.185312
0.106061 0.158842 0.115857 0.185424
0.106125 0.158976 0.115927 0.185535
0.106189  0.15911 0.115998 0.185646
0.106253 0.159243 0.116068 0.185756
0.106318 0.159376 0.116138 0.185866
0.106383 0.159509 0.116208 0.185975
0.106448 0.159641 0.116277 0.186084
0.106513 0.159773 0.116347 0.186193
0.106579 0.159905 0.116416 0.186301
0.106644 0.160037 0.116485 0.186408
 0.10671 0.160168 0.116554 0.186516
0.106777   0.1603 0.116622 0.186623
0.106843 0.160431 0.116691 0.186729
 0.10691 0.160561 0.116759 0.186835
0.106976 0.160692 0.116827 0.186941
0.107043 0.160822 0.116895 0.187046
 0.10711 0.160952 0.116963  0.18715
0.107178 0.161082 0.117031 0.187255
0.107245 0.161211 0.117098 0.187358
0.107313  0.16134 0.117165 0.187462
 0.10738 0.161469 0.117232 0.187565
0.107448 0.161598 0.117299 0.187667
0.107516 0.161727 0.117366  0.18777
0.107584 0.161855 0.117432 0.187871
0.107652 0.161982 0.117498 0.187972
0.107721 0.162106 0.117565 0.188073
0.107789 0.162229  0.11763 0.188174
0.107857  0.16235 0.117696 0.188273
0.107926 0.162471 0.117762 0.188373
0.107994  0.16259 0.117827 0.188472
0.108063 0.162709 0.117892 0.188571
0.108131 0.162829 0.117957 0.188669
  0.1082 0.162948 0.118022 0.188766
0.108269 0.163068 0.118086 0.188864
0.108338 0.163187 0.118151  0.18896
0.108408 0.163307 0.118215 0.189057
0.108477 0.163426 0.118279 0.189153
0.108547 0.163545 0.118342 0.189248
0.108617 0.163664 0.118406 0.189343
0.108686 0.163784 0.118469 0.189438
0.108756 0.163903 0.118533 0.189532
0.108826 0.164021 0.118596 0.189626
0.108896 0.164139 0.118658 0.189719
0.108966 0.164256 0.118721 0.189812
0.109035 0.164373 0.118783 0.189904
0.109105 0.164489 0.118846 0.189996
0.109175 0.164606 0.118908 0.190087
0.109245 0.164723 0.118969 0.190178
0.109315 0.164839 0.119031 0.190269
0.109385 0.164955 0.119092 0.190359
0.109455  0.16507 0.119154 0.190448
0.109524 0.165185 0.119215 0.190537
0.109594   0.1653 0.119275 0.190626
0.109664 0.165413 0.119336 0.190714
0.109733 0.165525 0.119397 0.190802
0.109803 0.165638 0.119457 0.190889
0.109872 0.165749 0.119517 0.190976
0.109942 0.165861 0.119577 0.191063
0.110012 0.165973 0.119636 0.191148
0.110082 0.166085 0.119696 0.191234
0.110151 0.166196 0.119755 0.191319
0.110221 0.166306 0.119814 0.191403
0.110291 0.166416 0.119873 0.191487
0.110361 0.166526 0.119931 0.191571
 0.11043 0.166637  0.11999 0.191654
  0.1105 0.166745 0.120048 0.191737
 0.11057 0.166854 0.120106 0.191819
 0.11064 0.166963 0.120164   0.1919
0.110709 0.167071 0.120221 0.191982
0.110779  0.16718 0.120279 0.192062
0.110849 0.167287 0.120336 0.192143
0.110919 0.167394 0.120393 0.192222
0.110989 0.167502  0.12045 0.192302
0.111058 0.167609 0.120506  0.19238
0.111128 0.167714 0.120563 0.192459
0.111198  0.16782 0.120619 0.192537
0.111267 0.167925 0.120675 0.192614
0.111337 0.168029  0.12073 0.192691
0.111406 0.168133 0.120786 0.192768
0.111476 0.168239 0.120841 0.192843
0.111545 0.168342 0.120896 0.192919
0.111615 0.168446 0.120951 0.192994
0.111684  0.16855 0.121006 0.193068
0.111754 0.168654  0.12106 0.193143
0.111824 0.168758 0.121115 0.193216
0.111893  0.16886 0.121169 0.193289
0.111963 0.168962 0.121223 0.193362
0.112032 0.169065 0.121276 0.193434
0.112102 0.169167  0.12133 0.193505
0.112171 0.169268 0.121383 0.193577
0.112241  0.16937 0.121436 0.193647
 0.11231 0.169472 0.121489 0.193717
0.112379 0.169572 0.121541 0.193787
0.112448 0.169672 0.121594 0.193856
0.112518 0.169772 0.121646 0.193925
0.112587 0.169872 0.121698 0.193993
0.112656 0.169973  0.12175 0.194061
0.112726 0.170073 0.121801 0.194128
0.112795 0.170173 0.121853 0.194194
0.112864 0.170273 0.121904 0.194261
0.112934 0.170372 0.121955 0.194326
0.113003 0.170471 0.122005 0.194392
0.113072  0.17057 0.122056 0.194456
0.113141 0.170669 0.122106  0.19452
 0.11321 0.170767 0.122156 0.194584
0.113279 0.170865 0.122206 0.194647
0.113348 0.170963 0.122255  0.19471
0.113417  0.17106 0.122305 0.194772
0.113486 0.171157 0.122354 0.194834
0.113555 0.171254 0.122403 0.194895
0.113624 0.171351 0.122451 0.194955
0.113693 0.171447   0.1225 0.195016
0.113762 0.171544 0.122548 0.195075
0.11383 0.17164 0.122596 0.195134
0.113899 0.171735 0.122644 0.195193
0.113968 0.171831 0.122692 0.195251
0.114036 0.171926 0.122739 0.195309
0.114105 0.172021 0.122786 0.195366
0.114173 0.172115 0.122833 0.195422
0.114241 0.172209  0.12288 0.195478
 0.11431 0.172303 0.122926 0.195534
0.114378 0.172397 0.122972 0.195589
0.114447 0.172491 0.123019 0.195643
0.114515 0.172585 0.123064 0.195697
0.114583 0.172678 0.12311 0.19575
0.114651 0.172771 0.123155 0.195803
 0.11472 0.172864   0.1232 0.195856
0.114788 0.172956 0.123245 0.195908
0.114856 0.173048  0.12329 0.195959
0.114924  0.17314 0.123334  0.19601
0.114992 0.173231 0.123379  0.19606
 0.11506 0.173322 0.123423  0.19611
0.115128 0.173413 0.123466 0.196159
0.115196 0.173504  0.12351 0.196208
0.115263 0.173594 0.123553 0.196256
0.115331 0.173684 0.123596 0.196303
0.115399 0.173774 0.123639  0.19635
0.115467 0.173863 0.123682 0.196397
0.115534 0.173952 0.123724 0.196443
0.115602 0.174041 0.123766 0.196488
 0.11567 0.174129 0.123808 0.196533
0.115737 0.174217  0.12385 0.196578
0.115805 0.174305 0.123891 0.196622
0.115872 0.174392 0.123932 0.196665
 0.11594 0.174479 0.123973 0.196708
0.116007 0.174566 0.124014  0.19675
0.116074 0.174652 0.124055 0.196792
0.116142 0.174738 0.124095 0.196833
0.116209 0.174823 0.124135 0.196873
0.116276 0.174908 0.124175 0.196913
0.116344 0.174993 0.124214 0.196953
0.116411 0.175077 0.124254 0.196992
0.116478 0.175161 0.124293  0.19703
0.116545 0.175244 0.124332 0.197068
0.116612 0.175327  0.12437 0.197105
0.116679  0.17541 0.124409 0.197142
0.116747 0.175492 0.124447 0.197178
0.116814 0.175574 0.124485 0.197214
0.116881 0.175655 0.124522 0.197249
0.116948 0.175736  0.12456 0.197284
0.117015 0.175816 0.124597 0.197318
0.117082 0.175896 0.124634 0.197351
0.117149 0.175976  0.12467 0.197384
0.117215 0.176055 0.124707 0.197416
0.117282 0.176133 0.124743 0.197448
0.117349 0.176211 0.124779 0.197479
0.117416 0.176289 0.124815  0.19751
0.117483 0.176366 0.12485 0.19754
 0.11755 0.176442 0.124885 0.197569
0.117617 0.176519  0.12492 0.197598
0.117684 0.176594 0.124955 0.197626
0.117751 0.176669  0.12499 0.197654
0.117818 0.176744 0.125024 0.197681
0.117885 0.176818 0.125058 0.197708
0.117951 0.176891 0.125092 0.197734
0.118018 0.176964 0.125125  0.19776
0.118085 0.177036 0.125158 0.197784
0.118152 0.177108 0.125191 0.197809
0.118219 0.177179 0.125224 0.197832
0.118286  0.17725 0.125257 0.197856
0.118353  0.17732 0.125289 0.197878
0.11842 0.17739 0.125321   0.1979
0.118487 0.177459 0.125353 0.197922
0.118554 0.177527 0.125384 0.197943
0.118621 0.177595 0.125415 0.197963
0.118688 0.177662 0.125446 0.197983
 0.11876 0.177773 0.125477 0.198002
0.118833 0.177882 0.125508  0.19802
0.118905  0.17799 0.125538 0.198038
0.118976 0.178096 0.125568 0.198055
0.119045 0.178203 0.125598 0.198072
0.119112 0.178308 0.125627 0.198088
0.119178 0.178412 0.125656 0.198104
0.119241 0.178515 0.125685 0.198119
0.119303 0.178618 0.125714 0.198133
0.119364 0.178719 0.125742 0.198147
0.119423 0.178819 0.12577 0.19816
 0.11948 0.178917 0.125798 0.198173
0.119537 0.179015 0.125826 0.198185
0.119593 0.179111 0.125853 0.198196
0.119647 0.179205 0.125881 0.198207
0.119702 0.179299 0.125908 0.198217
0.119764 0.179403 0.125934 0.198227
0.119825 0.179505  0.12596 0.198236
0.119886 0.179606 0.125987 0.198244
0.119947 0.179707 0.126012 0.198252
0.120006 0.179806 0.126038 0.198259
0.120066 0.179904 0.126063 0.198265
0.120125 0.180001 0.126088 0.198271
0.120183 0.180098 0.126113 0.198277
0.120241 0.180193 0.126138 0.198281
0.120298 0.180288 0.126162 0.198285
0.120354 0.180381 0.126186 0.198289
0.120411 0.180474  0.12621 0.198292
0.120466 0.180565 0.126233 0.198294
0.120522 0.180656 0.126256 0.198296
0.120576 0.180745 0.126279 0.198297
 0.12063 0.180833 0.126302 0.198297
0.120684  0.18092 0.126324 0.198297
0.120738 0.181007 0.126346 0.198296
0.120791 0.181092 0.126368 0.198295
0.120845 0.181176  0.12639 0.198293
0.120897 0.181259 0.126411  0.19829
 0.12095 0.181342 0.126432 0.198287
0.121002 0.181423 0.126453 0.198283
0.121054 0.181503 0.126473 0.198278
0.121106 0.181582 0.126494 0.198273
0.121157  0.18166 0.126514 0.198267
0.121209 0.181737 0.126533  0.19826
 0.12126 0.181813 0.126553 0.198253
 0.12131 0.181888 0.126572 0.198245
0.121361 0.181961 0.126591 0.198237
0.121412 0.182034 0.126609 0.198228
0.121462 0.182106 0.126627 0.198218
0.121511 0.182175 0.126645 0.198208
0.121561 0.182244 0.126663 0.198197
0.121611 0.182312  0.12668 0.198185
0.121661 0.182381 0.126698 0.198173
 0.12171 0.182447 0.126714 0.198159
 0.12176 0.182512 0.126731 0.198146
0.121809 0.182576 0.126747 0.198131
0.121858 0.182638 0.126763 0.198116
0.121907   0.1827 0.126779 0.198101
0.121955  0.18276 0.126794 0.198084
0.122003  0.18282 0.126809 0.198067
0.122051 0.182877 0.126824 0.198049
0.122098 0.182934 0.126839 0.198031
0.122146 0.182989 0.126853 0.198012
0.122193 0.183043 0.126867 0.197993
 0.12224 0.183096 0.126881 0.197973
0.122286 0.183147 0.126894 0.197952
0.122332 0.183197 0.126908 0.197931
0.122378 0.183245 0.126921 0.197909
0.122423 0.183292 0.126934 0.197887
0.122468 0.183339 0.126946 0.197864
0.122513 0.183385 0.126959 0.197841
 0.0251665 -0.0335063  0.0269798 -0.0221638
 0.0252117 -0.0334573  0.0270152 -0.0221367
0.0252552  -0.03341  0.0270609 -0.0220871
0.0252968 -0.033365  0.0271134 -0.0220226
 0.0253385 -0.0333201  0.0271698 -0.0219497
 0.0253805 -0.0332748  0.0272276 -0.0218736
0.0253911 -0.033218  0.0272851 -0.0217982
 0.0254058 -0.0331785  0.0273409 -0.0217268
 0.0254234 -0.0331436   0.027394 -0.0216614
0.0254434 -0.033109  0.0274437 -0.0216037
 0.0254641 -0.0330733  0.0274895 -0.0215545
 0.0254801 -0.0330315  0.0275313 -0.0215142
 0.0254948 -0.0329917   0.027569 -0.0214829
 0.0255093 -0.0329544  0.0276029 -0.0214603
  0.025524 -0.0329266   0.027633 -0.0214461
 0.0255388 -0.0329084  0.0276596 -0.0214394
 0.0255531 -0.0328972  0.0276832 -0.0214398
 0.0255656 -0.0328916   0.027704 -0.0214463
 0.0255775 -0.0328889  0.0277224 -0.0214582
 0.0255893 -0.0328872  0.0277387 -0.0214748
 0.0256015 -0.0328862  0.0277533 -0.0214952
 0.0256139 -0.0328861 0.0277664 -0.021519
 0.0256273 -0.0328854  0.0277784 -0.0215453
 0.0256415 -0.0328837  0.0277896 -0.0215737
 0.0256562 -0.0328817     0.0278 -0.0216037
 0.0256715 -0.0328778    0.02781 -0.0216348
  0.025687 -0.0328748  0.0278196 -0.0216667
 0.0257027 -0.0328716  0.0278291 -0.0216991
 0.0257187 -0.0328681  0.0278385 -0.0217318
 0.0257348 -0.0328644  0.0278479 -0.0217646
 0.0257511 -0.0328606  0.0278574 -0.0217972
 0.0257675 -0.0328565  0.0278671 -0.0218297
 0.0257841 -0.0328521  0.0278769 -0.0218619
 0.0258009 -0.0328465  0.0278869 -0.0218938
 0.0258178 -0.0328406   0.027897 -0.0219254
 0.0258348 -0.0328349  0.0279074 -0.0219566
  0.025852 -0.0328288   0.027918 -0.0219874
 0.0258693 -0.0328222 0.0279288 -0.022018
 0.0258869 -0.0328145  0.0279398 -0.0220482
 0.0259046 -0.0328061  0.0279509 -0.0220782
 0.0259225 -0.0327972 0.0279622 -0.022108
 0.0259406 -0.0327877  0.0279736 -0.0221375
 0.0259589 -0.0327776  0.0279852 -0.0221669
 0.0259774 -0.0327672  0.0279969 -0.0221961
 0.0259961 -0.0327559  0.0280086 -0.0222252
  0.026015 -0.0327441  0.0280205 -0.0222542
 0.0260381 -0.0327283  0.0280324 -0.0222832
 0.0260612 -0.0327122  0.0280444 -0.0223122
 0.0260844 -0.0326955  0.0280564 -0.0223411
 0.0261072 -0.0326784 0.0280685  -0.02237
 0.0261298 -0.0326608 0.0280806 -0.022399
 0.0261519 -0.0326429  0.0280928 -0.0224279
 0.0261736 -0.0326247   0.028105 -0.0224569
 0.0261953 -0.0326061 0.0281172 -0.022486
 0.0262169 -0.0325873  0.0281295 -0.0225151
 0.0262386 -0.0325683  0.0281417 -0.0225442
0.0262605 -0.032549   0.028154 -0.0225734
 0.0262825 -0.0325296  0.0281663 -0.0226027
 0.0263046 -0.0325099 0.0281787 -0.022632
0.026327 -0.03249   0.028191 -0.0226614
 0.0263494 -0.0324698  0.0282034 -0.0226908
 0.0263718 -0.0324493  0.0282158 -0.0227203
 0.0263943 -0.0324284  0.0282283 -0.0227498
 0.0264195 -0.0324079  0.0282407 -0.0227794
 0.0264449 -0.0323871 0.0282532 -0.022809
 0.0264713 -0.0323665  0.0282657 -0.0228387
 0.0264988 -0.0323461  0.0282782 -0.0228685
0.0265275 -0.032326  0.0282908 -0.0228982
0.0265573 -0.032306  0.0283034 -0.0229281
 0.0265883 -0.0322862  0.028316 -0.022958
 0.0266203 -0.0322666  0.0283287 -0.0229879
 0.0266535 -0.0322472  0.0283413 -0.0230179
 0.0266877 -0.0322279   0.028354 -0.0230479
 0.0267229 -0.0322087  0.0283668 -0.0230779
 0.0267592 -0.0321896 0.0283795 -0.023108
 0.0267965 -0.0321707  0.0283923 -0.0231382
 0.0268347 -0.0321519  0.0284052 -0.0231683
  0.026874 -0.0321333   0.028418 -0.0231986
 0.0269142 -0.0321148  0.0284309 -0.0232288
 0.0269554 -0.0320964  0.0284438 -0.0232591
 0.0269975 -0.0320782  0.0284568 -0.0232895
 0.0270405 -0.0320602  0.0284698 -0.0233199
 0.0270844 -0.0320424  0.0284828 -0.0233503
 0.0271293 -0.0320248  0.0284958 -0.0233808
 0.0271751 -0.0320074  0.0285089 -0.0234113
 0.0272217 -0.0319902   0.028522 -0.0234419
 0.0272692 -0.0319733  0.0285351 -0.0234725
 0.0273176 -0.0319566  0.0285483 -0.0235031
 0.0273669 -0.0319401  0.0285615 -0.0235338
  0.027417 -0.0319239  0.0285747 -0.0235645
  0.027468 -0.0319079   0.028588 -0.0235953
 0.0275198 -0.0318922  0.0286013 -0.0236261
 0.0275724 -0.0318767 0.0286146 -0.023657
 0.0276258 -0.0318615   0.028628 -0.0236879
 0.0276801 -0.0318465  0.0286414 -0.0237188
 0.0277351 -0.0318318  0.0286548 -0.0237498
 0.0277909 -0.0318175  0.0286683 -0.0237809
 0.0278475 -0.0318033 0.0286817 -0.023812
 0.0279048 -0.0317895  0.0286953 -0.0238431
0.0279629 -0.031776  0.0287088 -0.0238742
 0.0280217 -0.0317627  0.0287224 -0.0239055
 0.0280813 -0.0317497   0.028736 -0.0239367
 0.0281416 -0.0317371 0.0287496 -0.023968
 0.0282026 -0.0317247  0.0287633 -0.0239994
 0.0282644 -0.0317126   0.028777 -0.0240308
 0.0283268 -0.0317008  0.0287908 -0.0240622
 0.0283928 -0.0316894  0.0288045 -0.0240937
  0.028459 -0.0316782  0.0288183 -0.0241252
 0.0285253 -0.0316673  0.0288322 -0.0241568
 0.0285917 -0.0316568  0.0288461 -0.0241884
 0.0286581 -0.0316465    0.02886 -0.0242201
 0.0287246 -0.0316365  0.0288739 -0.0242518
 0.0287911 -0.0316269  0.0288878 -0.0242835
 0.0288576 -0.0316176  0.0289018 -0.0243153
 0.0289243 -0.0316085  0.0289159 -0.0243472
 0.0289911 -0.0315998  0.0289299 -0.0243791
 0.0290579 -0.0315914  0.028944 -0.024411
 0.0291248 -0.0315833 0.0289582 -0.024443
 0.0291918 -0.0315755 0.0289723 -0.024475
0.0292589 -0.031568  0.0289865 -0.0245071
 0.0293259 -0.0315608  0.0290007 -0.0245392
  0.029393 -0.0315539   0.029015 -0.0245714
 0.0294601 -0.0315473  0.0290293 -0.0246036
0.0295271 -0.031541  0.0290436 -0.0246359
0.0295941 -0.031535   0.029058 -0.0246682
  0.029661 -0.0315293  0.0290724 -0.0247006
 0.029728 -0.031524 0.0290868 -0.024733
 0.0297948 -0.0315189  0.0291012 -0.0247655
 0.0298616 -0.0315142 0.0291157 -0.024798
 0.0299284 -0.0315097  0.0291303 -0.0248305
  0.029995 -0.0315056  0.0291448 -0.0248631
 0.0300615 -0.0315018  0.0291594 -0.0248958
  0.030128 -0.0314983   0.029174 -0.0249285
 0.0301944 -0.0314952  0.0291887 -0.0249612
 0.0302605 -0.0314923 0.0292034 -0.024994
 0.0303266 -0.0314898  0.0292181 -0.0250268
 0.0303925 -0.0314876  0.0292328 -0.0250597
 0.0304583 -0.0314858  0.0292476 -0.0250927
  0.030524 -0.0314842  0.0292625 -0.0251257
0.0305895 -0.031483  0.0292773 -0.0251587
 0.0306548 -0.0314821  0.0292922 -0.0251918
 0.0307199 -0.0314816  0.0293071 -0.0252249
 0.0307847 -0.0314814  0.0293221 -0.0252581
 0.0308493 -0.0314815  0.0293371 -0.0252913
0.0309136 -0.031482  0.0293521 -0.0253246
 0.0309777 -0.0314827  0.0293672 -0.0253579
 0.0310415 -0.0314838  0.0293823 -0.0253913
 0.0311051 -0.0314852  0.0293974 -0.0254248
 0.0311684 -0.0314869  0.0294126 -0.0254582
0.0312315 -0.031489  0.0294277 -0.0254918
 0.0312943 -0.0314913   0.029443 -0.0255254
0.0313568 -0.031494 0.0294582 -0.025559
 0.0314191 -0.0314969  0.0294735 -0.0255927
 0.0314811 -0.0315001  0.0294889 -0.0256264
 0.0315427 -0.0315037  0.0295042 -0.0256602
  0.031604 -0.0315076 0.0295197 -0.025694
 0.0316649 -0.0315118  0.0295351 -0.0257279
 0.0317253 -0.0315163  0.0295506 -0.0257618
 0.0317854 -0.0315211  0.0295661 -0.0257958
 0.0318449 -0.0315262  0.0295816 -0.0258299
  0.031904 -0.0315316 0.0295972 -0.025864
 0.0319627 -0.0315374  0.0296128 -0.0258981
 0.0320209 -0.0315434  0.0296284 -0.0259323
 0.0320786 -0.0315498  0.0296441 -0.0259665
 0.0321359 -0.0315564  0.0296598 -0.0260008
 0.0321928 -0.0315633  0.0296756 -0.0260352
 0.0322493 -0.0315705  0.0296914 -0.0260696
0.0323053 -0.031578 0.0297072 -0.026104
  0.032361 -0.0315858  0.0297231 -0.0261385
 0.0324162 -0.0315939  0.0297389 -0.0261731
 0.0324711 -0.0316023  0.0297549 -0.0262077
 0.0325257 -0.0316109  0.0297708 -0.0262424
 0.0325798 -0.0316198  0.0297868 -0.0262771
0.0326337 -0.031629  0.0298029 -0.0263118
 0.0326872 -0.0316385  0.0298189 -0.0263467
 0.0327404 -0.0316482   0.029835 -0.0263815
 0.0327932 -0.0316582  0.0298512 -0.0264165
 0.0328458 -0.0316685  0.0298674 -0.0264514
  0.032898 -0.0316791  0.0298836 -0.0264865
   0.03295 -0.0316899  0.0298998 -0.0265216
0.0330016 -0.031701  0.0299161 -0.0265567
  0.033053 -0.0317124  0.0299324 -0.0265919
 0.0331041 -0.0317241  0.0299488 -0.0266271
 0.033155 -0.031736  0.0299652 -0.0266624
 0.0332056 -0.0317482  0.0299816 -0.0266978
 0.0332559 -0.0317607  0.0299981 -0.0267332
  0.033306 -0.0317734  0.0300146 -0.0267687
 0.0333559 -0.0317864  0.0300311 -0.0268042
 0.0334056 -0.0317997  0.0300477 -0.0268398
  0.033455 -0.0318132  0.0300643 -0.0268754
0.0335042 -0.031827  0.0300809 -0.0269111
0.0335532 -0.031841  0.0300976 -0.0269468
 0.0336019 -0.0318553  0.0301143 -0.0269826
 0.0336506 -0.0318701  0.0301311 -0.0270185
 0.0336992 -0.0318852  0.0301479 -0.0270544
 0.0337474 -0.0319003  0.0301647 -0.0270903
 0.0337954 -0.0319157  0.0301816 -0.0271263
 0.0338432 -0.0319313  0.0301985 -0.0271624
 0.0338908 -0.0319471  0.0302154 -0.0271985
 0.0339382 -0.0319632  0.0302324 -0.0272347
 0.0339854 -0.0319796 0.0302494 -0.027271
 0.0340323 -0.0319962  0.0302664 -0.0273073
0.0340791 -0.032013  0.0302835 -0.0273436
 0.0341258 -0.0320302 0.0303007  -0.02738
 0.0341723 -0.0320475  0.0303178 -0.0274165
 0.0342186 -0.0320651  0.030335 -0.027453
0.0342648 -0.032083  0.0303523 -0.0274896
 0.0343109 -0.0321011  0.0303695 -0.0275262
 0.0343568 -0.0321194  0.0303868 -0.0275629
 0.0344026 -0.0321381  0.0304042 -0.0275997
 0.0344484 -0.0321571  0.0304216 -0.0276365
 0.0344939 -0.0321762   0.030439 -0.0276734
 0.0345392 -0.0321955  0.0304565 -0.0277103
0.0345843 -0.032215   0.030474 -0.0277473
 0.0346292 -0.0322347  0.0304915 -0.0277843
 0.0346739 -0.0322546  0.0305091 -0.0278214
0.0347186 -0.032275  0.0305267 -0.0278586
 0.0347631 -0.0322956  0.0305443 -0.0278958
 0.0348074 -0.0323163  0.030562 -0.027933
 0.0348515 -0.0323372  0.0305798 -0.0279704
 0.0348954 -0.0323583  0.0305975 -0.0280078
 0.0349392 -0.0323796  0.0306153 -0.0280452
 0.0349829 -0.0324012  0.0306332 -0.0280827
 0.0350265 -0.0324228  0.0306511 -0.0281203
 0.0350699 -0.0324447   0.030669 -0.0281579
 0.0351129 -0.0324665  0.0306869 -0.0281956
 0.0351557 -0.0324886  0.0307049 -0.0282333
 0.0351985 -0.0325108   0.030723 -0.0282711
 0.0352412 -0.0325333  0.030741 -0.028309
 0.0352837 -0.0325561  0.0307592 -0.0283469
 0.035326 -0.032579  0.0307773 -0.0283849
 0.0353682 -0.0326022 0.0307955 -0.028423
 0.0354101 -0.0326255  0.0308137 -0.0284611
 0.0354516 -0.0326489   0.030832 -0.0284992
  0.035493 -0.0326725  0.0308503 -0.0285375
 0.0355343 -0.0326962  0.0308686 -0.0285757
 0.0355754 -0.0327202   0.030887 -0.0286141
 0.0356166 -0.0327445  0.0309055 -0.0286525
0.0356575 -0.032769 0.0309239 -0.028691
 0.0356983 -0.0327937  0.0309424 -0.0287295
 0.0357389 -0.0328186   0.030961 -0.0287681
 0.0357793 -0.0328439  0.0309796 -0.0288067
 0.0358196 -0.0328695  0.0309982 -0.0288455
 0.0358597 -0.0328955  0.0310168 -0.0288842
 0.0358997 -0.0329217  0.0310355 -0.0289231
 0.0359395 -0.0329482 0.0310543 -0.028962
 0.0359792 -0.0329748  0.0310731 -0.0290009
 0.0360187 -0.0330015 0.0310919  -0.02904
  0.036058 -0.0330285 0.0311108 -0.029079
 0.0360971 -0.0330557  0.0311297 -0.0291182
  0.036136 -0.0330831  0.0311486 -0.0291574
 0.0361747 -0.0331106  0.0311676 -0.0291967
 0.0362132 -0.0331382 0.0311866 -0.029236
 0.0362515 -0.0331661  0.0312057 -0.0292754
 0.0362897 -0.0331941  0.0312248 -0.0293149
 0.0363277 -0.0332223  0.0312439 -0.0293544
 0.0363655 -0.0332507 0.0312631 -0.029394
 0.0364032 -0.0332793  0.0312823 -0.0294337
 0.0364406 -0.0333079  0.0313016 -0.0294734
 0.0364778 -0.0333369  0.0313209 -0.0295132
 0.0365148 -0.0333661 0.0313402 -0.029553
 0.0365516 -0.0333954  0.0313596 -0.0295929
 0.0365882 -0.0334247  0.0313791 -0.0296329
 0.0366247 -0.0334541  0.0313985 -0.0296729
 0.0366609 -0.0334837  0.031418 -0.029713
 0.0366969 -0.0335133  0.0314376 -0.0297532
 0.0367327 -0.0335433  0.0314572 -0.0297934
 0.0367683 -0.0335734  0.0314768 -0.0298337
 0.0368037 -0.0336035  0.0314965 -0.0298741
 0.0368388 -0.0336338  0.0315162 -0.0299145
 0.0368738 -0.0336642  0.031536 -0.029955
 0.0369085 -0.0336947  0.0315558 -0.0299956
 0.0369429 -0.0337254  0.0315756 -0.0300362
  0.036977 -0.0337562  0.0315955 -0.0300769
 0.0370109 -0.0337872  0.0316154 -0.0301177
 0.0370444 -0.0338183  0.0316354 -0.0301585
 0.0370777 -0.0338495  0.0316554 -0.0301994
 0.0371107 -0.0338809  0.0316754 -0.0302403
 0.0371434 -0.0339124  0.0316955 -0.0302813
0.0371759 -0.033944  0.0317157 -0.0303224
  0.037208 -0.0339757  0.0317358 -0.0303636
 0.0372398 -0.0340075  0.0317561 -0.0304048
 0.0372712 -0.0340397  0.0317763 -0.0304461
 0.0373023 -0.0340718  0.0317966 -0.0304875
 0.0373332 -0.0341038   0.031817 -0.0305289
0.0373637 -0.034136  0.0318374 -0.0305704
 0.0373939 -0.0341684  0.0318578 -0.0306119
 0.0374237 -0.0342009  0.0318783 -0.0306536
 0.0374529 -0.0342337  0.0318988 -0.0306953
 0.0374817 -0.0342666 0.0319193 -0.030737
 0.0375104 -0.0342995  0.0319399 -0.0307789
 0.0375386 -0.0343324  0.0319606 -0.0308208
 0.0375666 -0.0343653  0.0319813 -0.0308627
 0.0375942 -0.0343984   0.032002 -0.0309048
 0.0376214 -0.0344315  0.0320228 -0.0309469
 0.0376482 -0.0344648  0.0320436 -0.0309891
 0.0376746 -0.0344981  0.0320645 -0.0310313
 0.0377004 -0.0345317  0.0320854 -0.0310736
  0.037726 -0.0345652 0.0321063 -0.031116
 0.0377512 -0.0345988  0.0321273 -0.0311585
 0.0377761 -0.0346324 0.0321483 -0.031201
 0.0378005 -0.0346661  0.0321694 -0.0312436
 0.0378245 -0.0346999  0.0321905 -0.0312862
 0.0378481 -0.0347337 0.0322117 -0.031329
 0.0378713 -0.0347677  0.0322329 -0.0313718
 0.0378938 -0.0348018  0.0322542 -0.0314146
 0.0379159 -0.0348361  0.0322755 -0.0314576
 0.0379375 -0.0348704  0.0322968 -0.0315006
 0.0379586 -0.0349048  0.0323182 -0.0315437
0.0379796 -0.034939  0.0323396 -0.0315869
 0.0380002 -0.0349732  0.0323611 -0.0316301
 0.0380204 -0.0350074  0.0323826 -0.0316734
 0.0380401 -0.0350417  0.0324042 -0.0317168
0.0380594 -0.035076  0.0324258 -0.0317602
 0.0380783 -0.0351103  0.0324474 -0.0318037
 0.0380967 -0.0351448  0.0324691 -0.0318473
 0.0381144 -0.0351794 0.0324909 -0.031891
 0.0381318 -0.0352139  0.0325127 -0.0319347
 0.0381488 -0.0352485  0.0325345 -0.0319785
0.0381654 -0.035283  0.0325564 -0.0320224
 0.0381813 -0.0353178  0.0325783 -0.0320663
  0.038197 -0.0353524  0.0326003 -0.0321103
0.0382122 -0.035387  0.0326223 -0.0321544
  0.038227 -0.0354216  0.0326443 -0.0321986
 0.0382413 -0.0354562  0.0326664 -0.0322428
 0.0382551 -0.0354908  0.0326886 -0.0322872
 0.0382685 -0.0355255  0.0327108 -0.0323315
 0.0382815 -0.0355601  0.032733 -0.032376
  0.038294 -0.0355947  0.0327553 -0.0324205
  0.038306 -0.0356294  0.0327776 -0.0324652
0.0383175 -0.035664     0.0328 -0.0325098
 0.0383286 -0.0356987  0.0328224 -0.0325546
 0.0383392 -0.0357333  0.0328449 -0.0325994
0.0383493 -0.035768  0.0328674 -0.0326443
 0.0383589 -0.0358026    0.03289 -0.0326893
  0.038368 -0.0358372  0.0329126 -0.0327344
 0.0383767 -0.0358718  0.0329352 -0.0327795
 0.0383849 -0.0359063  0.0329579 -0.0328247
 0.0383926 -0.0359408 0.0329807  -0.03287
 0.0383998 -0.0359754  0.0330035 -0.0329154
 0.0384066 -0.0360098  0.0330263 -0.0329608
 0.0384129 -0.0360443  0.0330492 -0.0330063
 0.0384187 -0.0360787  0.0330721 -0.0330519
0.0384241 -0.036113  0.0330951 -0.0330976
 0.0384289 -0.0361474  0.0331181 -0.0331433
  0.038433 -0.0361818  0.0331412 -0.0331891
 0.0384369 -0.0362161 0.0331643 -0.033235
 0.0384402 -0.0362503 0.0331875 -0.033281
 0.0384431 -0.0362844 0.0332107 -0.033327
 0.0384456 -0.0363185   0.033234 -0.0333732
 0.0384475 -0.0363525  0.0332573 -0.0334194
 0.0384489 -0.0363865  0.0332806 -0.0334656
 0.0384498 -0.0364204  0.033304 -0.033512
 0.0384502 -0.0364543  0.0333275 -0.0335584
 0.0384501 -0.0364881  0.033351 -0.033605
 0.0384494 -0.0365219  0.0333745 -0.0336515
 0.0384481 -0.0365556  0.0333981 -0.0336982
 0.0384463 -0.0365893 0.0334218 -0.033745
  0.038444 -0.0366229  0.0334455 -0.0337918
 0.0384412 -0.0366564  0.0334692 -0.0338387
 0.0384377 -0.0366899   0.033493 -0.0338857
 0.0384334 -0.0367235  0.0335168 -0.0339327
 0.0384285 -0.0367571  0.0335407 -0.0339799
 0.0384233 -0.0367904  0.0335646 -0.0340271
 0.0384176 -0.0368236  0.0335886 -0.0340744
 0.0384114 -0.0368567  0.0336126 -0.0341218
 0.0384047 -0.0368897  0.0336367 -0.0341693
 0.0383975 -0.0369226  0.0336608 -0.0342168
 0.0383896 -0.0369555   0.033685 -0.0342644
 0.0383812 -0.0369883  0.0337092 -0.0343121
0.0383722 -0.037021  0.0337335 -0.0343599
 0.0383626 -0.0370537  0.0337578 -0.0344078
 0.0383525 -0.0370863  0.0337822 -0.0344557
 0.0383417 -0.0371188  0.0338066 -0.0345038
 0.0383305 -0.0371513  0.0338311 -0.0345519
 0.0383186 -0.0371837  0.0338556 -0.0346001
 0.0383062 -0.0372159  0.0338802 -0.0346483
 0.0382933 -0.0372482  0.0339048 -0.0346967
 0.0382797 -0.0372803  0.0339295 -0.0347451
 0.0382657 -0.0373123  0.0339542 -0.0347936
 0.0382511 -0.0373443   0.033979 -0.0348422
 0.0382355 -0.0373763  0.0340038 -0.0348909
 0.0382197 -0.0374081  0.0340287 -0.0349397
 0.0382035 -0.0374398  0.0340536 -0.0349885
 0.0381867 -0.0374714  0.0340785 -0.0350375
 0.0381694 -0.0375029  0.0341036 -0.0350865
 0.0381512 -0.0375345  0.0341286 -0.0351356
0.0381323 -0.037566  0.0341538 -0.0351847
 0.0381133 -0.0375973 0.0341789 -0.035234
 0.0380938 -0.0376284  0.0342041 -0.0352834
 0.0380739 -0.0376594  0.0342294 -0.0353328
 0.0380535 -0.0376903  0.0342547 -0.0353823
 0.0380325 -0.0377211  0.0342801 -0.0354319
 0.0380107 -0.0377521  0.0343055 -0.0354816
 0.0379882 -0.0377829   0.034331 -0.0355314
 0.0379655 -0.0378135  0.0343565 -0.0355812
0.0379425 -0.037844  0.0343821 -0.0356311
 0.0379189 -0.0378744  0.0344078 -0.0356812
 0.0378949 -0.0379047  0.0344334 -0.0357313
 0.0378705 -0.0379349  0.0344592 -0.0357815
 0.0378451 -0.0379652  0.0344849 -0.0358318
 0.0378195 -0.0379952  0.0345108 -0.0358821
 0.0377935 -0.0380252  0.0345367 -0.0359326
 0.037767 -0.038055  0.0345626 -0.0359831
 0.0377401 -0.0380848  0.0345886 -0.0360337
 0.0377127 -0.0381145  0.0346146 -0.0360845
0.0376848 -0.038144  0.0346407 -0.0361353
 0.0376565 -0.0381735  0.0346669 -0.0361862
 0.0376277 -0.0382029  0.0346931 -0.0362371
  0.037598 -0.0382323  0.0347193 -0.0362882
 0.0375679 -0.0382613  0.0347456 -0.0363394
 0.0375373 -0.0382899   0.034772 -0.0363906
 0.0375063 -0.0383183 0.0347984 -0.036442
 0.0374753 -0.0383464  0.0348248 -0.0364934
 0.0374441 -0.0383742  0.0348513 -0.0365449
 0.0374125 -0.0384018  0.0348779 -0.0365965
 0.0373801 -0.0384291  0.0349045 -0.0366482
 0.0373473 -0.0384562 0.0349312   -0.0367
 0.037314 -0.038483  0.0349579 -0.0367519
 0.0372803 -0.0385096  0.0349846 -0.0368039
 0.0372467 -0.0385361 0.0350115 -0.036856
 0.0372125 -0.0385624  0.0350383 -0.0369081
  0.037178 -0.0385885  0.0350652 -0.0369604
 0.0371431 -0.0386145  0.0350922 -0.0370127
 0.0371079 -0.0386403  0.0351192 -0.0370652
 0.0370732 -0.0386662  0.0351463 -0.0371177
 0.0370374 -0.0386918  0.0351734 -0.0371704
 0.0370014 -0.0387172  0.0352006 -0.0372231
  0.036965 -0.0387425  0.0352278 -0.0372759
 0.0369284 -0.0387677  0.0352551 -0.0373288
 0.0368919 -0.0387929  0.0352825 -0.0373818
  0.036856 -0.0388182  0.0353099 -0.0374349
 0.0368195 -0.0388433  0.0353373 -0.0374881
  0.036782 -0.0388682  0.0353648 -0.0375414
 0.0367441 -0.0388929  0.0353923 -0.0375948
 0.0367059 -0.0389175  0.0354199 -0.0376483
 0.0366676 -0.0389421  0.0354476 -0.0377019
  0.036629 -0.0389666  0.0354753 -0.0377556
 0.0365904 -0.0389911  0.0355031 -0.0378093
 0.0365524 -0.0390158  0.0355309 -0.0378632
 0.0365143 -0.0390404  0.0355587 -0.0379172
 0.0364753 -0.0390647  0.0355867 -0.0379712
0.0364361 -0.039089  0.0356146 -0.0380254
 0.0363975 -0.0391134  0.0356427 -0.0380797
 0.0363588 -0.0391378 0.0356708 -0.038134
 0.0363199 -0.0391622  0.0356989 -0.0381885
 0.0362808 -0.0391864 0.0357271 -0.038243
 0.0362416 -0.0392106  0.0357553 -0.0382976
 0.0362022 -0.0392348  0.0357836 -0.0383524
 0.0361627 -0.0392589   0.035812 -0.0384072
  0.036123 -0.0392829  0.0358404 -0.0384622
 0.0360833 -0.0393069  0.0358689 -0.0385172
 0.0360433 -0.0393308  0.0358974 -0.0385723
 0.0360034 -0.0393547   0.035926 -0.0386276
 0.0359633 -0.0393785  0.0359546 -0.0386829
 0.0359231 -0.0394023  0.0359833 -0.0387383
 0.0358829 -0.0394261   0.036012 -0.0387939
 0.0358426 -0.0394499  0.0360408 -0.0388495
 0.0358023 -0.0394736  0.0360697 -0.0389052
 0.0357619 -0.0394973 0.0360986 -0.038961
0.0357215 -0.039521 0.0361275 -0.039017
 0.0356811 -0.0395446 0.0361566 -0.039073
 0.0356406 -0.0395682  0.0361856 -0.0391291
 0.0356001 -0.0395918  0.0362148 -0.0391854
 0.0355595 -0.0396154   0.036244 -0.0392417
  0.035519 -0.0396389  0.0362732 -0.0392981
 0.0354785 -0.0396624  0.0363025 -0.0393547
0.0354379 -0.039686  0.0363318 -0.0394113
 0.0353974 -0.0397095 0.0363613 -0.039468
 0.0353568 -0.0397329  0.0363907 -0.0395249
 0.0353163 -0.0397564  0.0364203 -0.0395818
 0.0352758 -0.0397799  0.0364498 -0.0396389
 0.0352354 -0.0398034 0.0364795 -0.039696
  0.035195 -0.0398268  0.0365092 -0.0397532
 0.0351546 -0.0398503  0.0365389 -0.0398106
 0.0351143 -0.0398737 0.0365687 -0.039868
 0.0350741 -0.0398972  0.0365986 -0.0399256
 0.0350339 -0.0399206  0.0366285 -0.0399833
 0.0349937 -0.0399441 0.0366585 -0.040041
 0.0349537 -0.0399676  0.0366885 -0.0400989
 0.0349137 -0.0399911  0.0367186 -0.0401569
 0.0348738 -0.0400145  0.0367488 -0.0402149
  0.034834 -0.0400381   0.036779 -0.0402731
 0.0347943 -0.0400616  0.0368093 -0.0403314
 0.0347548 -0.0400851  0.0368396 -0.0403898
 0.0347153 -0.0401087    0.03687 -0.0404483
 0.0346759 -0.0401323  0.0369004 -0.0405069
 0.0346367 -0.0401559  0.0369309 -0.0405656
 0.0345976 -0.0401795  0.0369615 -0.0406244
 0.0345587 -0.0402032  0.0369921 -0.0406833
 0.0345199 -0.0402269  0.0370228 -0.0407423
 0.0344812 -0.0402507  0.0370535 -0.0408015
 0.0344427 -0.0402745  0.0370843 -0.0408607
 0.0344044 -0.0402983 0.0371152  -0.04092
 0.0343662 -0.0403222  0.0371461 -0.0409795
 0.0343282 -0.0403461 0.0371771 -0.041039
 0.0342904 -0.0403701  0.0372081 -0.0410987
 0.0342528 -0.0403942  0.0372392 -0.0411585
 0.0342153 -0.0404183  0.0372703 -0.0412183
 0.0341781 -0.0404424  0.0373015 -0.0412783
 0.0341411 -0.0404666  0.0373328 -0.0413384
 0.0341043 -0.0404909  0.0373642 -0.0413986
 0.0340677 -0.0405153  0.0373955 -0.0414589
 0.0340314 -0.0405397   0.037427 -0.0415193
 0.0339952 -0.0405642  0.0374585 -0.0415799
 0.0339593 -0.0405888  0.0374901 -0.0416405
 0.0339237 -0.0406134  0.0375217 -0.0417012
 0.0338883 -0.0406381  0.0375534 -0.0417621
 0.0338531 -0.0406629  0.0375852 -0.0418231
 0.0338182 -0.0406878   0.037617 -0.0418841
 0.0337836 -0.0407128  0.0376488 -0.0419453
 0.0337493 -0.0407379  0.0376808 -0.0420066
 0.0337152 -0.0407631 0.0377128 -0.042068
 0.0336814 -0.0407884  0.0377448 -0.0421295
 0.0336479 -0.0408138   0.037777 -0.0421912
 0.0336147 -0.0408393  0.0378091 -0.0422529
 0.0335818 -0.0408649  0.0378414 -0.0423147
 0.0335493 -0.0408906  0.0378737 -0.0423767
  0.033517 -0.0409165   0.037906 -0.0424388
 0.0334851 -0.0409424 0.0379385 -0.042501
 0.0334532 -0.0409684   0.037971 -0.0425633
 0.0334218 -0.0409945  0.0380035 -0.0426257
 0.0333913 -0.0410208  0.0380361 -0.0426882
 0.0333614 -0.0410473  0.0380688 -0.0427508
 0.0333318 -0.0410738  0.0381015 -0.0428136
 0.0333031 -0.0411006  0.0381343 -0.0428764
 0.0332749 -0.0411275  0.0381672 -0.0429394
 0.0332474 -0.0411545  0.0382001 -0.0430025
 0.0332203 -0.0411817  0.0382331 -0.0430657
 0.0331937 -0.0412089 0.0382662 -0.043129
 0.0331676 -0.0412363  0.0382993 -0.0431924
  0.033142 -0.0412638 0.0383325 -0.043256
 0.0331165 -0.0412914  0.0383657 -0.0433196
  0.033092 -0.0413192   0.038399 -0.0433834
 0.0330682 -0.0413471  0.0384324 -0.0434473
 0.0330452 -0.0413752  0.0384658 -0.0435113
 0.0330227 -0.0414035  0.0384993 -0.0435754
0.0330005 -0.041432  0.0385329 -0.0436397
 0.0329787 -0.0414607 0.0385665 -0.043704
 0.0329572 -0.0414896  0.0386002 -0.0437685
  0.032936 -0.0415187  0.0386339 -0.0438331
 0.0329151 -0.0415481  0.0386678 -0.0438978
 0.0328945 -0.0415777  0.0387016 -0.0439626
 0.0328743 -0.0416075  0.0387356 -0.0440275
 0.0328543 -0.0416374  0.0387696 -0.0440926
 0.0328349 -0.0416676  0.0388037 -0.0441578
0.0328157 -0.041698  0.0388378 -0.0442231
  0.032797 -0.0417287   0.038872 -0.0442885
 0.0327789 -0.0417598 0.0389063 -0.044354
 0.0327615 -0.0417912  0.0389406 -0.0444197
 0.0327444 -0.0418229   0.038975 -0.0444854
 0.0327277 -0.0418548  0.0390095 -0.0445513
 0.0327111 -0.0418869   0.039044 -0.0446173
 0.0326949 -0.0419191  0.0390786 -0.0446834
 0.0326792 -0.0419516  0.0391133 -0.0447497
 0.0326638 -0.0419844  0.039148 -0.044816
  0.032649 -0.0420175  0.0391828 -0.0448825
 0.0326348 -0.0420511  0.0392177 -0.0449491
 0.0326212 -0.0420849  0.0392526 -0.0450159
  0.032608 -0.0421191  0.0392876 -0.0450827
 0.0325952 -0.0421535  0.0393227 -0.0451497
 0.0325829 -0.0421881  0.0393578 -0.0452168
0.0325709 -0.042223  0.039393 -0.045284
 0.0325593 -0.0422582  0.0394283 -0.0453513
  0.032548 -0.0422934  0.0394636 -0.0454188
 0.032537 -0.042329   0.039499 -0.0454863
 0.0325266 -0.0423649 0.0395345 -0.045554
 0.0325167 -0.0424012    0.03957 -0.0456218
 0.0325072 -0.0424378  0.0396056 -0.0456898
 0.0324982 -0.0424747  0.0396413 -0.0457579
 0.0324897 -0.0425118   0.039677 -0.0458261
 0.0324817 -0.0425493  0.0397128 -0.0458944
 0.0324746 -0.0425869  0.0397487 -0.0459628
  0.032468 -0.0426249  0.0397846 -0.0460314
  0.032462 -0.0426631  0.0398206 -0.0461001
 0.0324565 -0.0427019  0.0398567 -0.0461689
 0.0324514 -0.0427409  0.0398929 -0.0462378
 0.0324469 -0.0427803  0.0399291 -0.0463069
 0.0324428 -0.0428199  0.0399653 -0.0463761
 0.0324393 -0.0428599  0.0400017 -0.0464454
 0.0324364 -0.0429003  0.0400381 -0.0465148
  0.032434 -0.0429409  0.0400746 -0.0465844
 0.0324321 -0.0429818  0.0401112 -0.0466541
 0.0324308 -0.0430231  0.0401478 -0.0467239
 0.0324301 -0.0430647  0.0401845 -0.0467938
 0.0324298 -0.0431066  0.0402213 -0.0468639
 0.0324301 -0.0431488  0.0402581 -0.0469341
 0.0324309 -0.0431914   0.040295 -0.0470044
 0.0324321 -0.0432343   0.040332 -0.0470749
 0.0324339 -0.0432776   0.040369 -0.0471455
 0.0324361 -0.0433212  0.0404062 -0.0472162
 0.0324389 -0.0433651 0.0404434 -0.047287
 0.0324422 -0.0434093 0.0404806 -0.047358
0.0324459 -0.043454  0.0405179 -0.0474291
 0.0324502 -0.0434989  0.0405553 -0.0475003
 0.0324549 -0.0435442  0.0405928 -0.0475717
 0.0324602 -0.0435898  0.0406304 -0.0476432
 0.0324659 -0.0436358   0.040668 -0.0477148
 0.0324721 -0.0436821  0.0407057 -0.0477865
 0.0324788 -0.0437288  0.0407434 -0.0478584
 0.0324859 -0.0437758  0.0407813 -0.0479304
 0.0324934 -0.0438232  0.0408192 -0.0480025
0.0325014 -0.043871  0.0408571 -0.0480748
 0.0325098 -0.0439191  0.0408952 -0.0481472
 0.0325187 -0.0439676  0.0409333 -0.0482198
 0.0325279 -0.0440164  0.0409715 -0.0482924
 0.0325376 -0.0440657  0.0410097 -0.0483652
 0.0325476 -0.0441153  0.0410481 -0.0484381
 0.0325581 -0.0441654  0.0410865 -0.0485112
0.0325689 -0.044216   0.041125 -0.0485844
0.0325802 -0.044267  0.0411635 -0.0486577
 0.0325919 -0.0443185  0.0412021 -0.0487312
  0.032604 -0.0443705  0.0412408 -0.0488048
 0.0326164 -0.0444229  0.0412796 -0.0488785
 0.0326292 -0.0444757  0.0413185 -0.0489524
0.0326424 -0.044529  0.0413574 -0.0490264
 0.0326559 -0.0445828  0.0413964 -0.0491005
 0.0326699 -0.0446369  0.0414355 -0.0491748
 0.0326841 -0.0446916  0.0414746 -0.0492492
 0.0326988 -0.0447467  0.0415138 -0.0493237
 0.0327138 -0.0448022  0.0415531 -0.0493984
 0.0327291 -0.0448582  0.0415925 -0.0494732
 0.0327447 -0.0449147  0.0416319 -0.0495482
 0.0327606 -0.0449716  0.0416714 -0.0496233
0.0327768 -0.045029   0.041711 -0.0496985
 0.0327933 -0.0450869  0.0417507 -0.0497738
 0.0328101 -0.0451452  0.0417904 -0.0498493
0.0328271 -0.045204 0.0418302 -0.049925
 0.0328445 -0.0452632  0.0418701 -0.0500007
 0.0328621 -0.0453228  0.0419101 -0.0500766
 0.0328799 -0.0453829  0.0419501 -0.0501527
  0.032898 -0.0454434  0.0419902 -0.0502289
 0.0329163 -0.0455043  0.0420304 -0.0503052
 0.0329349 -0.0455657  0.0420707 -0.0503817
 0.0329536 -0.0456275  0.0421111 -0.0504583
 0.0329726 -0.0456897 0.0421515 -0.050535
 0.0329917 -0.0457523   0.042192 -0.0506119
 0.0330111 -0.0458153  0.0422326 -0.0506889
 0.0330306 -0.0458788  0.0422732 -0.0507661
 0.0330503 -0.0459427  0.0423139 -0.0508434
0.0330702 -0.046007  0.0423547 -0.0509209
 0.0330903 -0.0460716  0.0423956 -0.0509984
 0.0331105 -0.0461367  0.0424366 -0.0510762
 0.0331309 -0.0462022 0.0424776 -0.051154
 0.0331513 -0.0462681  0.0425187 -0.0512321
  0.033172 -0.0463343  0.0425599 -0.0513102
 0.0331927 -0.0464009  0.0426012 -0.0513885
 0.0332136 -0.0464679 0.0426426 -0.051467
 0.0332346 -0.0465353   0.042684 -0.0515455
 0.0332556 -0.0466031  0.0427255 -0.0516243
 0.0332768 -0.0466712  0.0427671 -0.0517031
 0.0332981 -0.0467397  0.0428087 -0.0517822
 0.0333195 -0.0468086  0.0428505 -0.0518613
 0.0333409 -0.0468778  0.0428923 -0.0519406
 0.0333624 -0.0469474  0.0429342 -0.0520201
  0.033384 -0.0470174  0.0429762 -0.0520997
 0.0334056 -0.0470876  0.0430182 -0.0521794
 0.0334273 -0.0471583  0.0430604 -0.0522593
  0.033449 -0.0472293  0.0431026 -0.0523393
 0.0334707 -0.0473006  0.0431449 -0.0524195
 0.0334925 -0.0473723  0.0431873 -0.0524998
 0.0335143 -0.0474442  0.0432297 -0.0525803
 0.0335361 -0.0475166  0.0432723 -0.0526609
 0.0335579 -0.0475892  0.0433149 -0.0527417
 0.0335798 -0.0476622  0.0433576 -0.0528226
 0.0336016 -0.0477355  0.0434004 -0.0529037
 0.0336234 -0.0478091  0.0434432 -0.0529849
0.0336452 -0.047883  0.0434862 -0.0530662
 0.0336669 -0.0479573  0.0435292 -0.0531477
 0.0336887 -0.0480318  0.0435723 -0.0532294
 0.0337104 -0.0481067  0.0436155 -0.0533112
  0.033732 -0.0481818  0.0436587 -0.0533932
 0.0337536 -0.0482573  0.0437021 -0.0534753
0.0337751 -0.048333  0.0437455 -0.0535575
0.0337966 -0.048409   0.043789 -0.0536399
  0.033818 -0.0484853  0.0438326 -0.0537225
 0.0338394 -0.0485619  0.0438763 -0.0538052
 0.0338607 -0.0486388 0.0439201 -0.053888
 0.0338819 -0.0487159  0.0439639 -0.0539711
  0.033903 -0.0487933  0.0440078 -0.0540542
 0.0339239 -0.0488708  0.0440518 -0.0541375
 0.0339448 -0.0489488 0.0440959 -0.054221
0.0339656 -0.049027  0.0441401 -0.0543046
 0.0339863 -0.0491054  0.0441844 -0.0543884
0.0340069 -0.049184  0.0442287 -0.0544723
0.0340273 -0.049263  0.0442731 -0.0545564
 0.0340475 -0.0493422  0.0443176 -0.0546406
 0.0340677 -0.0494217 0.0443622 -0.054725
 0.0340881 -0.0495014  0.0444069 -0.0548096
 0.0341083 -0.0495813  0.0444517 -0.0548943
  0.034128 -0.0496616  0.0444965 -0.0549791
 0.0341476 -0.0497422  0.0445414 -0.0550641
 0.0341672 -0.0498229  0.0445865 -0.0551493
0.0341863 -0.049904  0.0446316 -0.0552346
 0.0342051 -0.0499853  0.0446767 -0.0553201
 0.0342242 -0.0500668   0.044722 -0.0554057
 0.0342429 -0.0501484  0.0447674 -0.0554915
 0.0342615 -0.0502303  0.0448128 -0.0555774
 0.0342799 -0.0503124  0.0448583 -0.0556635
  0.034298 -0.0503947   0.044904 -0.0557498
 0.0343155 -0.0504774  0.0449497 -0.0558362
 0.0343328 -0.0505602  0.0449954 -0.0559228
 0.0343498 -0.0506432  0.0450413 -0.0560095
 0.0343669 -0.0507263  0.0450873 -0.0560964
 0.0343838 -0.0508096  0.0451333 -0.0561835
0.0344005 -0.050893  0.0451794 -0.0562707
 0.0344169 -0.0509766  0.0452257 -0.0563581
 0.0344331 -0.0510604   0.045272 -0.0564456
 0.0344491 -0.0511443  0.0453184 -0.0565333
 0.0344647 -0.0512283  0.0453648 -0.0566212
 0.0344798 -0.0513126  0.0454114 -0.0567092
 0.0344949 -0.0513969  0.0454581 -0.0567973
 0.0345099 -0.0514813  0.0455048 -0.0568857
 0.0345241 -0.0515659  0.0455516 -0.0569742
 0.0345386 -0.0516505  0.0455986 -0.0570628
 0.0345527 -0.0517353  0.0456456 -0.0571517
 0.0345667 -0.0518201  0.0456927 -0.0572407
   0.03458 -0.0519051  0.0457399 -0.0573298
 0.0345931 -0.0519901  0.0457871 -0.0574191
 0.0346063 -0.0520752  0.0458345 -0.0575086
 0.0346193 -0.0521604  0.0458819 -0.0575982
 0.0346317 -0.0522456  0.0459295 -0.0576881
 0.0346438 -0.0523309 0.0459771 -0.057778
 0.0346561 -0.0524163  0.0460248 -0.0578682
 0.0346681 -0.0525017  0.0460727 -0.0579585
 0.0346795 -0.0525871  0.0461206 -0.0580489
 0.0346907 -0.0526726  0.0461686 -0.0581396
  0.034702 -0.0527581  0.0462166 -0.0582304
 0.0347127 -0.0528436  0.0462648 -0.0583213
 0.0347232 -0.0529291  0.0463131 -0.0584125
 0.0347334 -0.0530147  0.0463614 -0.0585038
 0.0347434 -0.0531002  0.0464099 -0.0585952
 0.0347533 -0.0531857  0.0464584 -0.0586869
 0.0347629 -0.0532712   0.046507 -0.0587787
 0.0347723 -0.0533568  0.0465558 -0.0588706
 0.0347819 -0.0534423  0.0466046 -0.0589628
 0.0347912 -0.0535278  0.0466535 -0.0590551
 0.0348002 -0.0536132  0.0467025 -0.0591476
 0.0348089 -0.0536985  0.0467516 -0.0592402
 0.0348173 -0.0537838 0.0468007 -0.059333
0.0348255 -0.053869   0.04685 -0.059426
  0.034947 -0.0552312  0.0468994 -0.0595192
 0.0349542 -0.0553163  0.0469488 -0.0596125
 0.0349613 -0.0554015 0.0469984 -0.059706
 0.0349707 -0.0554862   0.047048 -0.0597997
0.0349801 -0.055571  0.0470978 -0.0598936
   0.03499 -0.0556551  0.0471476 -0.0599876
 0.0349988 -0.0557379  0.0471975 -0.0600818
 0.0350048 -0.0558198  0.0472475 -0.0601761
 0.0350088 -0.0559011  0.0472977 -0.0602707
 0.0350105 -0.0559819  0.0473479 -0.0603654
 0.0350098 -0.0560625  0.0473982 -0.0604603
 0.0350067 -0.0561429  0.0474486 -0.0605553
0.0350013 -0.056223  0.0474991 -0.0606506
0.0349939 -0.056303 0.0475496 -0.060746
 0.0349846 -0.0563828  0.0476003 -0.0608416
 0.0349734 -0.0564625  0.0476511 -0.0609373
0.0349606 -0.056542   0.047702 -0.0610333
 0.0349461 -0.0566214  0.0477529 -0.0611294
   0.03493 -0.0567007   0.047804 -0.0612257
 0.0349123 -0.0567799  0.0478552 -0.0613221
 0.034893 -0.056859  0.0479064 -0.0614188
  0.034872 -0.0569379  0.0479578 -0.0615156
 0.0348494 -0.0570167  0.0480092 -0.0616126
 0.0348253 -0.0570954  0.0480608 -0.0617098
 0.0347999 -0.0571739  0.0481124 -0.0618071
 0.0347732 -0.0572523  0.0481642 -0.0619047
 0.0347453 -0.0573305   0.048216 -0.0620024
 0.0347175 -0.0574087  0.0482679 -0.0621003
 0.0346887 -0.0574867    0.04832 -0.0621983
 0.0346587 -0.0575646  0.0483721 -0.0622966
 0.0346277 -0.0576423 0.0484243 -0.062395
 0.0345957 -0.0577198  0.0484767 -0.0624936
 0.0345625 -0.0577972  0.0485291 -0.0625924
 0.0345283 -0.0578745  0.0485816 -0.0626914
  0.034493 -0.0579516  0.0486342 -0.0627906
 0.0344567 -0.0580285  0.0486869 -0.0628899
 0.0344193 -0.0581053  0.0487398 -0.0629894
 0.0343808 -0.0581819  0.0487927 -0.0630892
 0.0343412 -0.0582584 0.0488457 -0.063189
 0.0343006 -0.0583348  0.0488988 -0.0632891
 0.0342578 -0.0584112   0.048952 -0.0633894
 0.0342142 -0.0584874  0.0490054 -0.0634898
 0.0341709 -0.0585635  0.0490588 -0.0635905
 0.0341268 -0.0586394  0.0491123 -0.0636913
  0.034082 -0.0587151  0.0491659 -0.0637923
 0.0340366 -0.0587907  0.0492196 -0.0638935
 0.0339905 -0.0588662  0.0492735 -0.0639948
 0.0339438 -0.0589416  0.0493274 -0.0640964
 0.0338958 -0.0590171  0.0493814 -0.0641981
 0.0338472 -0.0590924  0.0494355 -0.0643001
 0.0337991 -0.0591675  0.0494898 -0.0644022
 0.0337505 -0.0592423  0.0495441 -0.0645045
0.0337015 -0.059317 0.0495985 -0.064607
 0.0336522 -0.0593915  0.0496531 -0.0647097
 0.0336026 -0.0594658  0.0497077 -0.0648125
  0.033552 -0.0595398  0.0497624 -0.0649156
 0.0335013 -0.0596135  0.0498173 -0.0650189
 0.0334511 -0.0596871  0.0498722 -0.0651223
 0.0334007 -0.0597603  0.0499273 -0.0652259
 0.0333501 -0.0598332  0.0499824 -0.0653298
 0.0332994 -0.0599058  0.0500377 -0.0654338
 0.0332487 -0.0599781  0.050093 -0.065538
 0.0331979 -0.0600501  0.0501485 -0.0656424
 0.0331472 -0.0601217 0.0502041 -0.065747
 0.0330966 -0.0601931  0.0502597 -0.0658517
 0.0330461 -0.0602642  0.0503155 -0.0659567
 0.0329958 -0.0603351  0.0503714 -0.0660619
 0.0329458 -0.0604057  0.0504274 -0.0661673
 0.032896 -0.060476  0.0504835 -0.0662728
 0.0328465 -0.0605461  0.0505397 -0.0663786
0.0327974 -0.060616   0.050596 -0.0664845
 0.0327486 -0.0606857  0.0506524 -0.0665907
 0.0327004 -0.0607551 0.0507089 -0.066697
 0.0326526 -0.0608244  0.0507655 -0.0668035
 0.0326054 -0.0608934  0.0508222 -0.0669102
 0.0325587 -0.0609621  0.0508791 -0.0670172
 0.0325128 -0.0610306   0.050936 -0.0671243
 0.0324676 -0.0610989   0.050993 -0.0672316
 0.0324231 -0.0611669  0.0510502 -0.0673391
 0.0323794 -0.0612347  0.0511074 -0.0674468
 0.0323365 -0.0613023  0.0511648 -0.0675548
 0.0322944 -0.0613696  0.0512223 -0.0676629
 0.0322533 -0.0614368  0.0512799 -0.0677712
  0.032213 -0.0615037  0.0513376 -0.0678797
 0.0321738 -0.0615704  0.0513954 -0.0679884
 0.0321355 -0.0616369  0.0514533 -0.0680973
 0.0320983 -0.0617032  0.0515113 -0.0682064
 0.0320622 -0.0617693  0.0515694 -0.0683157
 0.0320272 -0.0618352  0.0516276 -0.0684253
0.0319933 -0.061901  0.051686 -0.068535
 0.0319606 -0.0619665  0.0517444 -0.0686449
 0.0319291 -0.0620318  0.051803 -0.068755
 0.0318988 -0.0620969  0.0518617 -0.0688653
 0.0318699 -0.0621619  0.0519204 -0.0689759
 0.0318422 -0.0622267  0.0519793 -0.0690866
 0.0318159 -0.0622914  0.0520383 -0.0691975
0.0317909 -0.062356  0.0520975 -0.0693087
 0.0317674 -0.0624204 0.0521567  -0.06942
 0.0317452 -0.0624847   0.052216 -0.0695316
 0.0317246 -0.0625489  0.0522755 -0.0696433
 0.0317054 -0.0626131   0.052335 -0.0697553
 0.0316877 -0.0626773  0.0523947 -0.0698674
 0.0316715 -0.0627414  0.0524545 -0.0699798
 0.0316569 -0.0628055  0.0525144 -0.0700924
 0.0316439 -0.0628696  0.0525744 -0.0702052
 0.0316325 -0.0629337  0.0526345 -0.0703182
 0.0316228 -0.0629979  0.0526947 -0.0704314
 0.0316146 -0.0630621  0.0527551 -0.0705448
 0.0316082 -0.0631263  0.0528155 -0.0706584
 0.0316035 -0.0631905  0.0528761 -0.0707723
 0.0316005 -0.0632547  0.0529368 -0.0708863
 0.0315993 -0.0633189  0.0529976 -0.0710005
0.0315998 -0.063383 0.0530585 -0.071115
 0.0316022 -0.0634472  0.0531195 -0.0712297
 0.0316063 -0.0635112  0.0531807 -0.0713446
 0.0316123 -0.0635753  0.0532419 -0.0714597
 0.0316201 -0.0636393 0.0533033 -0.071575
 0.0316297 -0.0637033  0.0533648 -0.0716905
 0.0316412 -0.0637672  0.0534264 -0.0718062
 0.0316545 -0.0638312  0.0534881 -0.0719222
 0.0316697 -0.0638951  0.0535499 -0.0720384
0.0316867 -0.063959  0.0536119 -0.0721547
0.0317055 -0.064023  0.0536739 -0.0722713
 0.0317263 -0.0640869  0.0537361 -0.0723881
 0.0317489 -0.0641509  0.0537984 -0.0725052
 0.0317734 -0.0642149  0.0538608 -0.0726224
 0.0317998 -0.0642789  0.0539233 -0.0727398
 0.031828 -0.064343   0.053986 -0.0728575
 0.0318581 -0.0644071  0.0540488 -0.0729754
 0.0318902 -0.0644713  0.0541116 -0.0730935
 0.0319241 -0.0645356  0.0541746 -0.0732118
   0.03196 -0.0645999  0.0542378 -0.0733304
 0.0319978 -0.0646643   0.054301 -0.0734491
 0.0320376 -0.0647287  0.0543643 -0.0735681
 0.0320795 -0.0647933  0.0544278 -0.0736873
 0.0321234 -0.0648579  0.0544914 -0.0738067
 0.0321694 -0.0649226  0.0545551 -0.0739264
 0.0322173 -0.0649875   0.054619 -0.0740462
 0.0322674 -0.0650524  0.0546829 -0.0741663
 0.0323194 -0.0651175   0.054747 -0.0742866
 0.0323735 -0.0651828  0.0548112 -0.0744072
 0.0324296 -0.0652481  0.0548755 -0.0745279
 0.0324876 -0.0653137  0.0549399 -0.0746489
 0.0325475 -0.0653795  0.0550045 -0.0747701
 0.0326094 -0.0654455  0.0550691 -0.0748915
 0.0326731 -0.0655116  0.0551339 -0.0750131
0.0327387 -0.065578 0.0551988 -0.075135
 0.0328061 -0.0656447  0.0552639 -0.0752571
 0.0328754 -0.0657115   0.055329 -0.0753794
 0.0329465 -0.0657786 0.0553943 -0.075502
0.0330194 -0.065846  0.0554597 -0.0756247
 0.0330942 -0.0659136  0.0555252 -0.0757477
 0.0331707 -0.0659815  0.0555909 -0.0758709
  0.033249 -0.0660496  0.0556567 -0.0759944
 0.0333291 -0.0661179  0.0557226 -0.0761181
 0.0334109 -0.0661866 0.0557886 -0.076242
 0.0334945 -0.0662555  0.0558547 -0.0763661
 0.0335797 -0.0663247   0.055921 -0.0764905
 0.0336667 -0.0663943  0.0559874 -0.0766151
 0.0337553 -0.0664641  0.0560539 -0.0767399
 0.0338456 -0.0665342 0.0561205 -0.076865
 0.0339375 -0.0666046  0.0561873 -0.0769902
 0.0340311 -0.0666754  0.0562542 -0.0771158
 0.0341262 -0.0667465  0.0563212 -0.0772415
 0.0342229 -0.0668179  0.0563883 -0.0773675
 0.0343211 -0.0668897  0.0564556 -0.0774937
 0.0344209 -0.0669619   0.056523 -0.0776202
 0.0345222 -0.0670344  0.0565905 -0.0777468
  0.034625 -0.0671073  0.0566581 -0.0778738
 0.0347293 -0.0671806  0.0567259 -0.0780009
  0.034835 -0.0672542  0.0567938 -0.0781283
 0.0349422 -0.0673283  0.0568618 -0.0782559
 0.0350508 -0.0674027    0.05693 -0.0783838
 0.0351608 -0.0674775  0.0569983 -0.0785119
 0.0352724 -0.0675527  0.0570667 -0.0786402
 0.0353853 -0.0676282  0.0571352 -0.0787688
 0.0354996 -0.0677042  0.0572039 -0.0788976
 0.0356152 -0.0677806  0.0572726 -0.0790266
 0.0357322 -0.0678575  0.0573416 -0.0791559
 0.0358505 -0.0679348  0.0574106 -0.0792854
   0.03597 -0.0680125  0.0574798 -0.0794152
 0.0360907 -0.0680907  0.0575491 -0.0795452
 0.0362127 -0.0681693  0.0576185 -0.0796754
 0.0363359 -0.0682484  0.0576881 -0.0798059
0.0364604 -0.068328  0.0577578 -0.0799366
 0.036586 -0.068408  0.0578276 -0.0800675
 0.0367127 -0.0684885  0.0578976 -0.0801988
 0.0368406 -0.0685695  0.0579677 -0.0803302
 0.0369696 -0.0686509  0.0580379 -0.0804619
 0.0370998 -0.0687328  0.0581082 -0.0805938
  0.037231 -0.0688152 0.0581787 -0.080726
 0.0373632 -0.0688981  0.0582493 -0.0808584
 0.0374965 -0.0689815  0.0583201 -0.0809911
 0.0376308 -0.0690653  0.058391 -0.081124
 0.0377661 -0.0691497   0.058462 -0.0812571
 0.0379023 -0.0692346  0.0585331 -0.0813905
0.0380395  -0.06932  0.0586044 -0.0815242
 0.0381776 -0.0694058  0.0586758 -0.0816581
 0.0383167 -0.0694922  0.0587474 -0.0817922
 0.0384566 -0.0695791   0.058819 -0.0819266
 0.0385974 -0.0696665  0.0588909 -0.0820613
  0.038739 -0.0697543  0.0589628 -0.0821962
 0.0388815 -0.0698417  0.0590349 -0.0823313
 0.0390249 -0.0699282  0.0591071 -0.0824667
 0.0391691 -0.0700138  0.0591795 -0.0826023
 0.0393141 -0.0700988  0.0592519 -0.0827382
 0.0394599 -0.0701833  0.0593246 -0.0828743
 0.0396064 -0.0702674  0.0593973 -0.0830107
 0.0397536 -0.0703513  0.0594702 -0.0831474
 0.0399015 -0.0704351  0.0595433 -0.0832843
   0.04005 -0.0705188  0.0596164 -0.0834214
 0.0401991 -0.0706027  0.0596897 -0.0835588
 0.0403488 -0.0706868  0.0597632 -0.0836965
 0.0404991 -0.0707712  0.0598367 -0.0838344
  0.04065 -0.070856  0.0599105 -0.0839726
 0.0408011 -0.0709414 0.0599843 -0.084111
  0.040953 -0.0710271  0.0600583 -0.0842497
 0.0411056 -0.0711132  0.0601324 -0.0843886
0.0412585   -0.0712  0.0602067 -0.0845278
 0.0414118 -0.0712876  0.0602811 -0.0846672
 0.0415656 -0.0713763 0.0603557 -0.084807
 0.0417198 -0.0714659  0.0604304 -0.0849469
 0.0418744 -0.0715566  0.0605052 -0.0850871
 0.0420294 -0.0716482  0.0605801 -0.0852276
 0.0421847 -0.0717408  0.0606553 -0.0853684
 0.0423405 -0.0718344  0.0607305 -0.0855094
0.0424966 -0.071929  0.0608059 -0.0856506
 0.0426531 -0.0720245  0.0608814 -0.0857922
0.0428099 -0.072121 0.0609571 -0.085934
  0.042967 -0.0722185 0.0610329 -0.086076
 0.0431245 -0.0723169  0.0611089 -0.0862183
 0.0432822 -0.0724162  0.0611849 -0.0863609
 0.0434401 -0.0725164  0.0612612 -0.0865037
 0.0435984 -0.0726176  0.0613376 -0.0866468
 0.0437568 -0.0727196  0.0614141 -0.0867902
 0.0439155 -0.0728226  0.0614908 -0.0869338
 0.0440744 -0.0729265  0.0615676 -0.0870777
 0.0442334 -0.0730313  0.0616445 -0.0872219
 0.0443926 -0.0731368  0.0617216 -0.0873663
  0.044552 -0.0732431 0.0617989 -0.087511
 0.0447114 -0.0733501 0.0618762 -0.087656
 0.0448709 -0.0734579  0.0619538 -0.0878012
 0.0450306 -0.0735663  0.0620314 -0.0879468
 0.0451902 -0.0736754  0.0621093 -0.0880925
 0.0453499 -0.0737851  0.0621872 -0.0882386
 0.0455094 -0.0738955  0.0622653 -0.0883849
 0.0456688 -0.0740064  0.0623436 -0.0885315
 0.0458279 -0.0741178   0.062422 -0.0886783
 0.0459868 -0.0742299  0.0625006 -0.0888255
 0.0461448 -0.0743424  0.0625792 -0.0889729
 0.0463027 -0.0744559  0.0626581 -0.0891205
0.0464607  -0.07457  0.0627371 -0.0892685
 0.0466182 -0.0746852  0.0628162 -0.0894167
 0.0467754 -0.0748014  0.0628955 -0.0895652
 0.0469327 -0.0749183 0.0629749 -0.089714
 0.0470899 -0.0750359 0.0630545 -0.089863
 0.0472467 -0.0751544  0.0631343 -0.0900123
 0.0474032 -0.0752737  0.0632141 -0.0901619
 0.0475595 -0.0753938  0.0632942 -0.0903118
 0.0477159 -0.0755147  0.0633744 -0.0904619
 0.0478723 -0.0756362  0.0634547 -0.0906124
 0.0480287 -0.0757585  0.0635352 -0.0907631
  0.048185 -0.0758816  0.0636158 -0.0909141
 0.0483412 -0.0760053  0.0636966 -0.0910653
 0.0484973 -0.0761298  0.0637775 -0.0912169
0.0486532 -0.076255  0.0638586 -0.0913687
 0.048809 -0.076381  0.0639398 -0.0915208
 0.0489646 -0.0765077  0.0640212 -0.0916732
   0.04912 -0.0766352  0.0641027 -0.0918259
 0.0492751 -0.0767634  0.0641844 -0.0919788
 0.0494303 -0.0768926  0.0642663 -0.0921321
 0.0495849 -0.0770223  0.0643483 -0.0922856
 0.0497393 -0.0771528  0.0644304 -0.0924394
0.0498934 -0.077284  0.0645127 -0.0925935
 0.0500472 -0.0774159  0.0645952 -0.0927479
 0.0502007 -0.0775485  0.0646778 -0.0929025
 0.0503539 -0.0776818  0.0647606 -0.0930575
 0.0505068 -0.0778158  0.0648435 -0.0932127
 0.0506597 -0.0779507  0.0649266 -0.0933682
  0.050812 -0.0780863 0.0650098 -0.093524
 0.0509635 -0.0782226  0.0650932 -0.0936801
 0.0511144 -0.0783596  0.0651767 -0.0938365
 0.0512645 -0.0784972  0.0652604 -0.0939932
 0.0514139 -0.0786352  0.0653443 -0.0941502
 0.0515627 -0.0787731  0.0654283 -0.0943074
 0.0517111 -0.0789118 0.0655124 -0.094465
 0.0518588 -0.0790512  0.0655968 -0.0946228
 0.0520058 -0.0791912  0.0656813 -0.0947809
 0.0521522 -0.0793318  0.0657659 -0.0949394
  0.052298 -0.0794731  0.0658507 -0.0950981
0.0524431 -0.079615  0.0659356 -0.0952571
 0.0525874 -0.0797576  0.0660208 -0.0954164
  0.052731 -0.0799008  0.066106 -0.095576
 0.0528739 -0.0800446  0.0661915 -0.0957359
  0.053016 -0.0801891  0.0662771 -0.0958961
 0.0531576 -0.0803343  0.0663628 -0.0960566
 0.0532988 -0.0804802  0.0664487 -0.0962174
 0.0534396 -0.0806267  0.0665348 -0.0963785
 0.0535799 -0.0807739   0.066621 -0.0965398
 0.0537197 -0.0809218  0.0667074 -0.0967015
 0.0538591 -0.0810703   0.066794 -0.0968635
 0.0539979 -0.0812193  0.0668807 -0.0970258
0.0541363 -0.081369  0.0669676 -0.0971884
 0.0542741 -0.0815192  0.0670546 -0.0973513
 0.0544114 -0.0816701  0.0671418 -0.0975144
 0.0545482 -0.0818214  0.0672292 -0.0976779
 0.0546845 -0.0819733  0.0673167 -0.0978417
 0.0548201 -0.0821257  0.0674044 -0.0980058
 0.0549553 -0.0822787  0.0674923 -0.0981702
 0.0550899 -0.0824322  0.0675803 -0.0983349
 0.0552239 -0.0825862  0.0676685 -0.0984999
 0.0553573 -0.0827407  0.0677568 -0.0986652
 0.0554902 -0.0828956  0.0678453 -0.0988309
 0.0556225 -0.0830511   0.067934 -0.0989968
 0.0557542 -0.0832071 0.0680229 -0.099163
 0.0558853 -0.0833635  0.0681119 -0.0993296
 0.0560159 -0.0835204  0.0682011 -0.0994964
 0.0561459 -0.0836777  0.0682904 -0.0996636
 0.0562752 -0.0838355  0.0683799 -0.0998311
  0.056404 -0.0839938  0.0684696 -0.0999988
 0.0565321 -0.0841525 0.0685594 -0.100167
 0.0566597 -0.0843116 0.0686495 -0.100335
 0.0567867 -0.0844711 0.0687396 -0.100504
  0.056913 -0.0846311   0.06883 -0.100673
 0.0570387 -0.0847914 0.0689205 -0.100842
 0.0571638 -0.0849522 0.0690112 -0.101012
 0.0572882 -0.0851134 0.0691021 -0.101182
  0.057412 -0.0852749 0.0691931 -0.101352
 0.0575352 -0.0854369 0.0692843 -0.101523
 0.0576578 -0.0855992 0.0693757 -0.101694
 0.0577797 -0.0857618 0.0694672 -0.101865
  0.057901 -0.0859249 0.0695589 -0.102037
 0.0580217 -0.0860883 0.0696508 -0.102208
0.0581417 -0.086252 0.0697428 -0.102381
 0.0582611 -0.0864161 0.0698351 -0.102553
 0.0583798 -0.0865805 0.0699275 -0.102726
 0.0584979 -0.0867452   0.07002 -0.102899
 0.0586153 -0.0869102 0.0701128 -0.103073
 0.0587322 -0.0870756 0.0702057 -0.103246
 0.0588483 -0.0872413 0.0702988  -0.10342
 0.0589639 -0.0874072  0.070392 -0.103595
 0.0590788 -0.0875735 0.0704855  -0.10377
0.0591938  -0.08774 0.0705791 -0.103945
 0.0593075 -0.0879068 0.0706729  -0.10412
 0.0594203 -0.0880739 0.0707668 -0.104296
 0.0595326 -0.0882412 0.0708609 -0.104472
 0.0596442 -0.0884088 0.0709553 -0.104648
 0.0597553 -0.0885766 0.0710497 -0.104825
 0.0598657 -0.0887446 0.0711444 -0.105002
0.0599755 -0.088913 0.0712392 -0.105179
 0.0600851 -0.0890817 0.0713343 -0.105357
 0.0601941 -0.0892507 0.0714295 -0.105535
 0.0603022 -0.0894197 0.0715248 -0.105714
0.0604095 -0.089589 0.0716204 -0.105892
 0.0605162 -0.0897583 0.0717161 -0.106071
 0.0606223 -0.0899279  0.071812 -0.106251
 0.0607282 -0.0900979 0.0719081  -0.10643
 0.0608332 -0.0902679 0.0720044  -0.10661
 0.0609376 -0.0904381 0.0721008 -0.106791
 0.0610413 -0.0906084 0.0721974 -0.106971
 0.0611446 -0.0907789 0.0722942 -0.107152
 0.0612473 -0.0909496 0.0723912 -0.107334
 0.0613495 -0.0911204 0.0724884 -0.107515
 0.0614511 -0.0912915 0.0725857 -0.107697
 0.0615523 -0.0914626 0.0726833  -0.10788
 0.0616529 -0.0916339  0.072781 -0.108062
  0.061753 -0.0918054 0.0728789 -0.108245
0.0618526 -0.091977 0.0729769 -0.108429
 0.0619518 -0.0921487 0.0730752 -0.108613
 0.0620504 -0.0923205 0.0731736 -0.108797
 0.0621485 -0.0924925 0.0732723 -0.108981
 0.0622462 -0.0926646 0.0733711 -0.109166
 0.0623434 -0.0928368 0.0734701 -0.109351
 0.0624401 -0.0930091 0.0735692 -0.109536
 0.0625364 -0.0931815 0.0736686 -0.109722
0.0626323 -0.093354 0.0737682 -0.109908
 0.0627277 -0.0935266 0.0738679 -0.110095
 0.0628227 -0.0936993 0.0739678 -0.110281
0.0629172 -0.093872 0.0740679 -0.110469
 0.0630114 -0.0940449 0.0741682 -0.110656
 0.0631051 -0.0942178 0.0742687 -0.110844
 0.0631985 -0.0943907 0.0743694 -0.111032
 0.0632915 -0.0945638 0.0744702 -0.111221
 0.0633841 -0.0947369 0.0745713 -0.111409
0.0634764  -0.09491 0.0746725 -0.111599
 0.0635683 -0.0950832 0.0747739 -0.111788
 0.0636599 -0.0952565 0.0748755 -0.111978
 0.0637512 -0.0954298 0.0749773 -0.112169
 0.0638421 -0.0956031 0.0750793 -0.112359
 0.0639328 -0.0957765 0.0751815  -0.11255
 0.0640232 -0.0959499 0.0752839 -0.112742
 0.0641132 -0.0961233 0.0753864 -0.112933
  0.064203 -0.0962968 0.0754892 -0.113125
 0.0642926 -0.0964703 0.0755921 -0.113318
 0.0643819 -0.0966438 0.0756953 -0.113511
 0.0644709 -0.0968173 0.0757986 -0.113704
 0.0645598 -0.0969908 0.0759021 -0.113897
 0.0646484 -0.0971644 0.0760059 -0.114091
 0.0647369 -0.0973379 0.0761098 -0.114285
 0.0648251 -0.0975115 0.0762139  -0.11448
 0.0649132 -0.0976851 0.0763182 -0.114675
 0.0650011 -0.0978586 0.0764227  -0.11487
 0.0650889 -0.0980322 0.0765273 -0.115066
 0.0651765 -0.0982058 0.0766322 -0.115262
  0.065264 -0.0983793 0.0767373 -0.115458
 0.0653514 -0.0985529 0.0768426 -0.115655
 0.0654387 -0.0987264 0.0769481 -0.115852
0.0655259   -0.0989 0.0770537  -0.11605
 0.0656131 -0.0990735 0.0771596 -0.116247
0.0657001 -0.099247 0.0772656 -0.116446
 0.0657871 -0.0994205 0.0773719 -0.116644
0.0658741 -0.099594 0.0774784 -0.116843
 0.0659611 -0.0997674  0.077585 -0.117042
 0.0660481 -0.0999408 0.0776919 -0.117242
 0.066135 -0.100114 0.0777989 -0.117442
 0.066222 -0.100288 0.0779062 -0.117643
 0.066309 -0.100461 0.0780136 -0.117843
0.0663961 -0.100634 0.0781213 -0.118045
0.0664832 -0.100808 0.0782291 -0.118246
0.0665704 -0.100981 0.0783372 -0.118448
0.0666576 -0.101154 0.0784454  -0.11865
 0.066745 -0.101327 0.0785539 -0.118853
0.0668325 -0.101501 0.0786625 -0.119056
0.0669201 -0.101674 0.0787714 -0.119259
0.0670078 -0.101847 0.0788805 -0.119463
0.0670957  -0.10202 0.0789897 -0.119667
0.0671837 -0.102193 0.0790992 -0.119872
0.0672719 -0.102366 0.0792089 -0.120077
0.0673603 -0.102539 0.0793188 -0.120282
 0.067449 -0.102712 0.0794288 -0.120488
0.0675382 -0.102885 0.0795391 -0.120694
0.0676274 -0.103058 0.0796496   -0.1209
0.0677167 -0.103231 0.0797603 -0.121107
0.0678062 -0.103404 0.0798713 -0.121315
 0.067896 -0.103577 0.0799824 -0.121522
0.067986 -0.10375 0.0800937  -0.12173
0.0680764 -0.103922 0.0802053 -0.121939
 0.068167 -0.104095 0.0803171 -0.122148
 0.068258 -0.104268 0.0804291 -0.122357
0.0683493 -0.104441 0.0805413 -0.122566
0.0684414 -0.104614 0.0806537 -0.122776
0.0685335 -0.104786 0.0807663 -0.122987
0.0686259 -0.104959 0.0808792 -0.123198
0.0687187 -0.105132 0.0809923 -0.123409
0.0688118 -0.105304 0.0811056 -0.123621
0.0689053 -0.105477 0.0812191 -0.123833
0.0689993 -0.105649 0.0813329 -0.124045
0.0690936 -0.105822 0.0814468 -0.124258
0.0691885 -0.105994  0.081561 -0.124472
0.0694281 -0.106104 0.0816754 -0.124685
0.0696626 -0.106216   0.08179 -0.124899
0.0698924 -0.106331 0.0819048 -0.125114
 0.070123 -0.106447 0.0820197 -0.125329
0.0703588 -0.106561 0.0821349 -0.125544
0.0705936 -0.106677 0.0822502 -0.125759
0.0708257 -0.106794 0.0823657 -0.125975
0.0710547 -0.106912 0.0824813 -0.126191
0.0712801 -0.107031  0.082597 -0.126407
0.0715017 -0.107152 0.0827129 -0.126623
0.0717193 -0.107274 0.0828288  -0.12684
 0.071933 -0.107397 0.0829447 -0.127056
0.0721429 -0.107521 0.0830608 -0.127273
0.0723492 -0.107646 0.0831768  -0.12749
0.0725522 -0.107772 0.0832929 -0.127706
0.0727521 -0.107898  0.083409 -0.127923
 0.072949 -0.108024 0.0835251  -0.12814
0.0731424 -0.108151 0.0836412 -0.128356
0.0733339 -0.108278 0.0837572 -0.128573
 0.073523 -0.108405 0.0838732 -0.128789
0.0737101 -0.108532 0.0839891 -0.129005
 0.074078 -0.108787 0.0841049 -0.129221
 0.074259 -0.108916 0.0842207 -0.129437
0.0744382 -0.109047 0.0843364 -0.129653
0.0746153 -0.109175  0.084452 -0.129868
0.0747899 -0.109303 0.0845675 -0.130083
0.0749614 -0.109432 0.0846829 -0.130298
0.0751305  -0.10956 0.0847982 -0.130513
0.0752974 -0.109689 0.0849134 -0.130727
0.0754626 -0.109817 0.0850285 -0.130941
0.0756262 -0.109946 0.0851435 -0.131155
0.0757883 -0.110074 0.0852583 -0.131369
0.0759492 -0.110202 0.0853731 -0.131583
0.0761087  -0.11033 0.0854878 -0.131796
0.0762669 -0.110458 0.0856023 -0.132009
0.0764238 -0.110586 0.0857168 -0.132222
0.0765793 -0.110714 0.0858311 -0.132434
0.0767335 -0.110842 0.0859453 -0.132646
0.0768864  -0.11097 0.0860595 -0.132858
 0.077038 -0.111099 0.0861735  -0.13307
0.0771883 -0.111227 0.0862874 -0.133282
0.0773375 -0.111356 0.0864012 -0.133493
0.0774855 -0.111484 0.0865149 -0.133704
0.0776323 -0.111613 0.0866285 -0.133915
0.0777781 -0.111742  0.086742 -0.134125
0.0779229 -0.111871 0.0868554 -0.134336
0.0780667    -0.112 0.0869686 -0.134546
0.0782095  -0.11213 0.0870818 -0.134756
0.0783512 -0.112259 0.0871949 -0.134965
0.0784921 -0.112388 0.0873079 -0.135174
 0.078632 -0.112518 0.0874207 -0.135384
0.0787709 -0.112648 0.0875335 -0.135592
0.0789089 -0.112778 0.0876462 -0.135801
 0.079046 -0.112908 0.0877587 -0.136009
0.0791822 -0.113038 0.0878712 -0.136218
0.0793175 -0.113168 0.0879835 -0.136426
 0.079452 -0.113299 0.0880958 -0.136633
0.0795856 -0.113429 0.0882079 -0.136841
0.0797184  -0.11356 0.0883199 -0.137048
0.0798504 -0.113691 0.0884318 -0.137255
0.0799817 -0.113822 0.0885437 -0.137461
0.0801121 -0.113953 0.0886554 -0.137668
0.0802418 -0.114084  0.088767 -0.137874
0.0803707 -0.114216 0.0888785  -0.13808
0.0804988 -0.114347 0.0889899 -0.138286
0.0806263 -0.114479 0.0891012 -0.138491
 0.080753 -0.114611 0.0892124 -0.138696
 0.080879 -0.114743 0.0893234 -0.138901
0.0810044 -0.114875 0.0894344 -0.139106
 0.081129 -0.115008 0.0895453  -0.13931
0.081253 -0.11514  0.089656 -0.139515
0.0813763 -0.115273 0.0897667 -0.139719
 0.081499 -0.115406 0.0898772 -0.139922
 0.081621 -0.115539 0.0899876 -0.140126
0.0817425 -0.115672 0.0900979 -0.140329
0.0818633 -0.115805 0.0902081 -0.140532
0.0819835 -0.115939 0.0903182 -0.140735
0.0821031 -0.116072 0.0904282 -0.140937
0.0822222 -0.116206 0.0905381 -0.141139
0.0823407  -0.11634 0.0906479 -0.141341
0.0824586 -0.116474 0.0907576 -0.141543
 0.082576 -0.116609 0.0908671 -0.141744
0.0826929 -0.116743 0.0909765 -0.141946
0.0828092 -0.116878 0.0910859 -0.142147
 0.082925 -0.117013 0.0911951 -0.142347
0.0830403 -0.117148 0.0913042 -0.142548
0.0831552 -0.117283 0.0914132 -0.142748
0.0832695 -0.117419 0.0915221 -0.142948
0.0833834 -0.117554 0.0916309 -0.143147
0.0834968  -0.11769 0.0917395 -0.143347
0.0836098 -0.117827 0.0918481 -0.143546
0.0837223 -0.117963 0.0919565 -0.143745
0.0838345 -0.118099 0.0920649 -0.143943
0.0839462 -0.118236 0.0921731 -0.144142
0.0840575 -0.118373 0.0922812  -0.14434
0.0841684 -0.118511 0.0923892 -0.144538
0.0842789 -0.118648 0.0924971 -0.144735
 0.084389 -0.118786 0.0926048 -0.144932
0.0844987 -0.118924 0.0927125  -0.14513
0.0846081 -0.119062   0.09282 -0.145326
0.0847172 -0.119201 0.0929274 -0.145523
0.0848259 -0.119339 0.0930348 -0.145719
0.0849343 -0.119479  0.093142 -0.145915
0.0850423 -0.119618  0.093249 -0.146111
  0.08515 -0.119757  0.093356 -0.146306
0.0852574 -0.119897 0.0934629 -0.146501
0.0853646 -0.120037 0.0935696 -0.146696
0.0854714 -0.120178 0.0936762 -0.146891
0.0855779 -0.120319 0.0937827 -0.147085
0.0856842  -0.12046 0.0938891  -0.14728
0.0857901 -0.120601 0.0939954 -0.147473
0.0858958 -0.120742 0.0941016 -0.147667
0.0860013 -0.120884 0.0942076  -0.14786
0.0861065 -0.121026 0.0943135 -0.148053
0.0862115 -0.121169 0.0944193 -0.148246
0.0863157 -0.121312  0.094525 -0.148439
0.0864201 -0.121455 0.0946306 -0.148631
0.0865243 -0.121598 0.0947361 -0.148823
0.0866285 -0.121742 0.0948414 -0.149015
0.0867324 -0.121886 0.0949466 -0.149206
0.0868361  -0.12203 0.0950517 -0.149397
0.0869396 -0.122175 0.0951567 -0.149588
0.0870429  -0.12232 0.0952616 -0.149779
0.0871459 -0.122465 0.0953663 -0.149969
0.0872483 -0.122611  0.095471 -0.150159
0.0873504 -0.122757 0.0955755 -0.150349
0.0874527 -0.122904 0.0956799 -0.150538
0.087555 -0.12305 0.0957842 -0.150728
0.0876573 -0.123197 0.0958883 -0.150916
0.0877595 -0.123344 0.0959923 -0.151105
0.0878611 -0.123492 0.0960963 -0.151294
0.0879624  -0.12364    0.0962 -0.151482
0.0880639 -0.123789 0.0963037 -0.151669
0.0881653 -0.123937 0.0964073 -0.151857
0.0882667 -0.124086 0.0965107 -0.152044
0.0883679 -0.124236  0.096614 -0.152231
 0.088469 -0.124385 0.0967172 -0.152418
0.0885699 -0.124535 0.0968203 -0.152604
0.0886707 -0.124686 0.0969232 -0.152791
0.0887713 -0.124837  0.097026 -0.152977
0.0888713 -0.124988 0.0971287 -0.153162
0.0889715 -0.125139 0.0972313 -0.153347
0.0890721 -0.125291 0.0973338 -0.153532
0.0891724 -0.125443 0.0974361 -0.153717
0.0892725 -0.125595 0.0975383 -0.153902
0.0893725 -0.125748 0.0976404 -0.154086
0.0894723 -0.125901 0.0977424  -0.15427
0.0895716 -0.126055 0.0978442 -0.154453
0.0896707 -0.126209 0.0979459 -0.154637
0.0897697 -0.126363 0.0980475  -0.15482
 0.089869 -0.126517  0.098149 -0.155002
0.0899684 -0.126672 0.0982503 -0.155185
0.0900679 -0.126827 0.0983515 -0.155367
0.0901675 -0.126982 0.0984526 -0.155549
0.0902667 -0.127138 0.0985536  -0.15573
0.0903663 -0.127294 0.0986544 -0.155912
0.0904656 -0.127451 0.0987551 -0.156093
0.0905645 -0.127607 0.0988557 -0.156273
 0.090663 -0.127764 0.0989562 -0.156454
0.0907613 -0.127922 0.0990565 -0.156634
0.0908591  -0.12808 0.0991567 -0.156814
0.0909572 -0.128237 0.0992568 -0.156993
0.0910554 -0.128396 0.0993567 -0.157172
0.0911537 -0.128554 0.0994566 -0.157351
0.0912519 -0.128713 0.0995563  -0.15753
0.0913502 -0.128872 0.0996558 -0.157708
0.0914484 -0.129032 0.0997553 -0.157886
0.0915464 -0.129191 0.0998546 -0.158064
0.0916444 -0.129351 0.0999538 -0.158242
0.0917422 -0.129512  0.100053 -0.158419
0.0918399 -0.129672  0.100152 -0.158596
0.0919375 -0.129833  0.100251 -0.158772
0.0920349 -0.129995  0.100349 -0.158948
0.0921324 -0.130156  0.100448 -0.159124
0.0922298 -0.130318 0.100546  -0.1593
0.0923271  -0.13048  0.100644 -0.159475
0.0924244 -0.130642 0.100743 -0.15965
0.0925216 -0.130805  0.100841 -0.159825
0.0926188 -0.130968 0.100938    -0.16
0.0927159 -0.131131  0.101036 -0.160174
0.0928129 -0.131294  0.101134 -0.160348
0.0929099 -0.131458  0.101231 -0.160521
0.0930068 -0.131622  0.101329 -0.160694
0.0931036 -0.131786  0.101426 -0.160867
0.0932004  -0.13195 0.101523 -0.16104
 0.093297 -0.132114   0.10162 -0.161212
0.0933936 -0.132279  0.101717 -0.161384
0.0934901 -0.132444  0.101813 -0.161556
0.0935866  -0.13261   0.10191 -0.161727
 0.093683 -0.132775  0.102006 -0.161898
0.0937794 -0.132941  0.102103 -0.162069
0.0938757 -0.133107 0.102199 -0.16224
0.0939721 -0.133273 0.102295 -0.16241
0.0940684 -0.133439 0.102391 -0.16258
0.0941646 -0.133606  0.102487 -0.162749
0.0942608 -0.133773  0.102582 -0.162918
0.0943569  -0.13394  0.102678 -0.163087
 0.094453 -0.134107  0.102773 -0.163256
 0.094549 -0.134275  0.102868 -0.163424
 0.094645 -0.134443  0.102963 -0.163592
0.0947409 -0.134611 0.103058 -0.16376
0.0948367 -0.134779  0.103153 -0.163927
0.0949324 -0.134947  0.103248 -0.164094
0.0950281 -0.135116  0.103342 -0.164261
0.0951237 -0.135285  0.103437 -0.164427
0.0952192 -0.135454  0.103531 -0.164593
0.0953146 -0.135624  0.103625 -0.164759
0.0954097 -0.135793  0.103719 -0.164924
0.0955045 -0.135963  0.103813 -0.165089
0.0955992 -0.136133  0.103907 -0.165254
0.0956936 -0.136302     0.104 -0.165419
0.0957879 -0.136472  0.104093 -0.165583
0.0958821 -0.136642  0.104187 -0.165747
0.0959762 -0.136812  0.10428 -0.16591
0.0960701 -0.136982  0.104373 -0.166073
0.0961639 -0.137152  0.104466 -0.166236
0.0962577 -0.137322  0.104559 -0.166399
0.0963513 -0.137492  0.104651 -0.166561
0.0964448 -0.137663  0.104744 -0.166723
0.0965385 -0.137833  0.104836 -0.166884
0.0966316 -0.138003  0.104928 -0.167045
0.0967249 -0.138174   0.10502 -0.167206
0.0968179 -0.138345  0.105112 -0.167367
0.0969108 -0.138515  0.105204 -0.167527
0.0970034 -0.138686  0.105295 -0.167687
0.0970959 -0.138857  0.105387 -0.167846
0.0971882 -0.139027  0.105478 -0.168006
0.0972804 -0.139198  0.105569 -0.168165
0.0973726 -0.139369   0.10566 -0.168323
0.0974646  -0.13954  0.105751 -0.168481
0.0975566  -0.13971  0.105842 -0.168639
0.0976484 -0.139881  0.105932 -0.168797
0.0977401 -0.140052  0.106023 -0.168954
0.0978317 -0.140223  0.106113 -0.169111
0.0979232 -0.140394  0.106203 -0.169268
0.0980146 -0.140564  0.106293 -0.169424
0.0981058 -0.140735 0.106383 -0.16958
 0.098197 -0.140906  0.106473 -0.169735
 0.098288 -0.141077 0.106562 -0.16989
0.0983789 -0.141248  0.106652 -0.170045
0.0984694 -0.141418 0.106741  -0.1702
0.0985602 -0.141589   0.10683 -0.170354
0.0986509  -0.14176  0.106919 -0.170508
0.0987415 -0.141931  0.107008 -0.170661
0.0988321 -0.142101  0.107097 -0.170815
0.0989226 -0.142272  0.107185 -0.170967
 0.099013 -0.142443 0.107274 -0.17112
0.0991032 -0.142613  0.107362 -0.171272
0.0991934 -0.142784   0.10745 -0.171424
0.0992835 -0.142954  0.107538 -0.171575
0.0993735 -0.143125  0.107626 -0.171726
0.0994634 -0.143295  0.107713 -0.171877
0.0995531 -0.143466  0.107801 -0.172028
0.0996428 -0.143636  0.107888 -0.172178
0.0997325 -0.143806  0.107975 -0.172327
 0.099822 -0.143977  0.108062 -0.172477
0.0999114 -0.144147  0.108149 -0.172626
 0.100001 -0.144317  0.108236 -0.172775
  0.10009 -0.144487  0.108322 -0.172923
 0.100179 -0.144657  0.108409 -0.173071
 0.100268 -0.144827  0.108495 -0.173218
 0.100357 -0.144997  0.108581 -0.173366
 0.100446 -0.145167  0.108667 -0.173513
 0.100535 -0.145336  0.108753 -0.173659
 0.100623 -0.145506  0.108839 -0.173805
 0.100712 -0.145676  0.108924 -0.173951
   0.1008 -0.145845   0.10901 -0.174097
 0.100889 -0.146014  0.109095 -0.174242
 0.100977 -0.146184   0.10918 -0.174387
 0.101065 -0.146353  0.109265 -0.174531
 0.101153 -0.146522   0.10935 -0.174675
 0.101241 -0.146691  0.109434 -0.174819
0.101329 -0.14686  0.109519 -0.174962
 0.101416 -0.147028  0.109603 -0.175105
 0.101504 -0.147197  0.109687 -0.175248
 0.101592 -0.147366 0.109771 -0.17539
 0.101679 -0.147534  0.109855 -0.175532
 0.101767 -0.147702  0.109938 -0.175673
 0.101854 -0.147871  0.110022 -0.175815
 0.101941 -0.148039  0.110105 -0.175955
 0.102028 -0.148207  0.110188 -0.176096
 0.102115 -0.148374  0.110271 -0.176236
 0.102202 -0.148542  0.110354 -0.176376
0.102289 -0.14871  0.110437 -0.176515
 0.102376 -0.148877   0.11052 -0.176654
 0.102463 -0.149044  0.110602 -0.176793
  0.10255 -0.149211  0.110684 -0.176931
 0.102636 -0.149378  0.110766 -0.177069
 0.102723 -0.149545  0.110848 -0.177206
 0.102809 -0.149712   0.11093 -0.177343
0.102882 -0.14987 0.111011 -0.17748
 0.102955 -0.150028  0.111093 -0.177617
 0.103029 -0.150187  0.111174 -0.177753
 0.103101 -0.150344  0.111255 -0.177888
 0.103173 -0.150502  0.111336 -0.178023
 0.103243 -0.150659  0.111417 -0.178158
 0.103312 -0.150816  0.111498 -0.178293
  0.10338 -0.150973  0.111578 -0.178427
 0.103446 -0.151129  0.111658 -0.178561
 0.103512 -0.151285  0.111738 -0.178694
0.103576 -0.15144  0.111818 -0.178827
 0.103639 -0.151594 0.111898 -0.17896
 0.103701 -0.151748  0.111978 -0.179092
 0.103763 -0.151901  0.112057 -0.179224
 0.103823 -0.152053  0.112137 -0.179355
 0.103883 -0.152205  0.112216 -0.179486
 0.103943 -0.152356  0.112295 -0.179617
 0.104002 -0.152506  0.112373 -0.179747
  0.10406 -0.152657  0.112452 -0.179877
 0.104118 -0.152807  0.112531 -0.180007
 0.104176 -0.152956  0.112609 -0.180136
 0.104234 -0.153105  0.112687 -0.180265
 0.104292 -0.153254  0.112765 -0.180393
 0.104349 -0.153403  0.112843 -0.180521
 0.104407 -0.153551   0.11292 -0.180649
 0.104464 -0.153698  0.112998 -0.180776
 0.104521 -0.153845  0.113075 -0.180903
 0.104578 -0.153992 0.113152 -0.18103
 0.104636 -0.154139  0.113229 -0.181156
 0.104693 -0.154285  0.113306 -0.181281
  0.10475 -0.154431  0.113383 -0.181407
 0.104807 -0.154577  0.113459 -0.181531
 0.104865 -0.154722  0.113535 -0.181656
 0.104922 -0.154867 0.113611 -0.18178
  0.10498 -0.155012  0.113687 -0.181904
 0.105038 -0.155156  0.113763 -0.182027
0.105096  -0.1553 0.113839 -0.18215
 0.105154 -0.155444  0.113914 -0.182272
 0.105212 -0.155588  0.113989 -0.182395
 0.105271 -0.155731  0.114064 -0.182516
  0.10533 -0.155873  0.114139 -0.182638
 0.105389 -0.156016  0.114214 -0.182759
 0.105449 -0.156158  0.114289 -0.182879
 0.105508 -0.156299  0.114363 -0.182999
 0.105568 -0.156441  0.114437 -0.183119
 0.105628 -0.156582  0.114511 -0.183238
 0.105688 -0.156723  0.114585 -0.183357
 0.105749 -0.156864  0.114659 -0.183476
  0.10581 -0.157004  0.114732 -0.183594
 0.105871 -0.157144  0.114806 -0.183711
 0.105932 -0.157284  0.114879 -0.183829
 0.105994 -0.157424  0.114952 -0.183945
 0.106056 -0.157563  0.115025 -0.184062
 0.106118 -0.157702  0.115097 -0.184178
 0.106181 -0.157841   0.11517 -0.184294
0.106243 -0.15798  0.115242 -0.184409
 0.106306 -0.158118  0.115314 -0.184524
 0.106369 -0.158256  0.115386 -0.184638
 0.106433 -0.158394  0.115458 -0.184752
 0.106496 -0.158532  0.115529 -0.184866
 0.10656 -0.15867  0.115601 -0.184979
 0.106624 -0.158807  0.115672 -0.185091
 0.106689 -0.158945  0.115743 -0.185204
 0.106753 -0.159082  0.115814 -0.185316
 0.106818 -0.159219  0.115884 -0.185427
 0.106884 -0.159356  0.115955 -0.185538
 0.106949 -0.159493  0.116025 -0.185649
 0.107015 -0.159629  0.116095 -0.185759
 0.107082 -0.159765  0.116165 -0.185869
0.107149  -0.1599  0.116235 -0.185978
 0.107216 -0.160035  0.116304 -0.186087
 0.107283 -0.160171  0.116374 -0.186196
 0.107351 -0.160305  0.116443 -0.186304
0.107418 -0.16044  0.116512 -0.186412
 0.107487 -0.160574  0.116581 -0.186519
 0.107555 -0.160709  0.116649 -0.186626
 0.107624 -0.160842  0.116718 -0.186732
 0.107693 -0.160976  0.116786 -0.186838
 0.107762 -0.161109  0.116854 -0.186944
 0.107831 -0.161241  0.116922 -0.187049
 0.107901 -0.161371   0.11699 -0.187154
 0.107971 -0.161499  0.117057 -0.187258
 0.108041 -0.161626  0.117125 -0.187362
 0.108112 -0.161752  0.117192 -0.187465
 0.108183 -0.161878  0.117259 -0.187568
 0.108254 -0.162002  0.117326 -0.187671
 0.108326 -0.162126  0.117392 -0.187773
 0.108398 -0.162251  0.117459 -0.187874
 0.108471 -0.162375  0.117525 -0.187976
 0.108544 -0.162499  0.117591 -0.188076
 0.108617 -0.162623  0.117657 -0.188177
  0.10869 -0.162747  0.117722 -0.188277
0.108764 -0.16287  0.117788 -0.188376
 0.108838 -0.162994  0.117853 -0.188475
 0.108912 -0.163117  0.117918 -0.188574
0.108986 -0.16324  0.117983 -0.188672
  0.10906 -0.163363 0.118048 -0.18877
 0.109134 -0.163485  0.118112 -0.188867
 0.109209 -0.163607  0.118176 -0.188964
 0.109283 -0.163728 0.118241 -0.18906
 0.109358 -0.163849  0.118304 -0.189156
 0.109433 -0.163969  0.118368 -0.189251
 0.109507 -0.164089  0.118432 -0.189346
 0.109582 -0.164208  0.118495 -0.189441
 0.109657 -0.164327  0.118558 -0.189535
 0.109732 -0.164445  0.118621 -0.189629
 0.109807 -0.164563  0.118684 -0.189722
 0.109882 -0.164681  0.118746 -0.189815
 0.109957 -0.164798  0.118809 -0.189907
 0.110032 -0.164914  0.118871 -0.189999
0.110108 -0.16503 0.118933 -0.19009
 0.110183 -0.165146  0.118995 -0.190181
 0.110258 -0.165261  0.119056 -0.190272
 0.110334 -0.165376  0.119118 -0.190362
0.110409 -0.16549  0.119179 -0.190451
 0.110484 -0.165603  0.11924 -0.19054
  0.11056 -0.165717    0.1193 -0.190629
 0.110635 -0.165829  0.119361 -0.190717
 0.110711 -0.165942  0.119421 -0.190805
 0.110786 -0.166054  0.119482 -0.190892
 0.110862 -0.166165  0.119542 -0.190979
 0.110937 -0.166276  0.119601 -0.191065
 0.111013 -0.166387  0.119661 -0.191151
 0.111164 -0.166606   0.11972 -0.191237
  0.11124 -0.166717  0.119779 -0.191322
 0.111315 -0.166827  0.119838 -0.191406
 0.111391 -0.166937 0.119897 -0.19149
 0.111467 -0.167046  0.119956 -0.191574
 0.111541 -0.167154  0.120014 -0.191657
 0.111615 -0.167261  0.120072 -0.191739
 0.111688 -0.167367   0.12013 -0.191822
 0.111762 -0.167473  0.120188 -0.191903
 0.111835 -0.167578  0.120246 -0.191984
 0.111908 -0.167682  0.120303 -0.192065
 0.111981 -0.167786   0.12036 -0.192145
 0.112054 -0.167888  0.120417 -0.192225
 0.112127 -0.167991  0.120474 -0.192305
   0.1122 -0.168093   0.12053 -0.192383
 0.112272 -0.168194  0.120587 -0.192462
 0.112345 -0.168295 0.120643 -0.19254
 0.112418 -0.168395  0.120699 -0.192617
  0.11249 -0.168496  0.120754 -0.192694
 0.112563 -0.168596  0.12081 -0.19277
 0.112635 -0.168695  0.120865 -0.192846
 0.112707 -0.168794   0.12092 -0.192922
  0.11278 -0.168893  0.120975 -0.192997
 0.112852 -0.168992   0.12103 -0.193071
 0.112925 -0.169091  0.121084 -0.193145
 0.112997 -0.169189  0.121138 -0.193219
 0.113069 -0.169287  0.121192 -0.193292
 0.113142 -0.169384  0.121246 -0.193365
 0.113214 -0.169482    0.1213 -0.193437
 0.113286 -0.169579  0.121353 -0.193508
 0.113358 -0.169676  0.121406 -0.193579
  0.11343 -0.169772 0.121459 -0.19365
 0.113503 -0.169869 0.121512 -0.19372
 0.113575 -0.169965 0.121565 -0.19379
 0.113647 -0.170061  0.121617 -0.193859
 0.113719 -0.170157  0.121669 -0.193928
  0.11379 -0.170253  0.121721 -0.193996
 0.113862 -0.170348  0.121773 -0.194063
 0.113934 -0.170443  0.121824 -0.194131
 0.114006 -0.170538  0.121876 -0.194197
 0.114078 -0.170633  0.121927 -0.194263
 0.114149 -0.170728  0.121977 -0.194329
 0.114221 -0.170822  0.122028 -0.194394
 0.114293 -0.170917  0.122078 -0.194459
 0.114364 -0.171011  0.122129 -0.194523
 0.114436 -0.171105  0.122179 -0.194587
 0.114507 -0.171199 0.122228 -0.19465
 0.114579 -0.171292  0.122278 -0.194713
  0.11465 -0.171386  0.122327 -0.194775
 0.114721 -0.171479  0.122376 -0.194836
 0.114792 -0.171572  0.122425 -0.194898
 0.114864 -0.171665  0.122474 -0.194958
 0.114935 -0.171758  0.122522 -0.195018
 0.115006 -0.171851   0.12257 -0.195078
 0.115077 -0.171943  0.122618 -0.195137
 0.115148 -0.172036  0.122666 -0.195196
 0.115218 -0.172128  0.122714 -0.195254
0.115289 -0.17222  0.122761 -0.195311
  0.11536 -0.172311  0.122808 -0.195368
  0.11543 -0.172403  0.122855 -0.195425
 0.115501 -0.172494  0.122902 -0.195481
 0.115572 -0.172586  0.122948 -0.195536
 0.115642 -0.172677  0.122994 -0.195591
 0.115712 -0.172767   0.12304 -0.195646
 0.115783 -0.172858 0.123086  -0.1957
 0.115853 -0.172948  0.123132 -0.195753
 0.115923 -0.173038  0.123177 -0.195806
 0.115993 -0.173128  0.123222 -0.195858
 0.116063 -0.173218 0.123267 -0.19591
 0.116133 -0.173307  0.123312 -0.195961
 0.116203 -0.173397  0.123356 -0.196012
 0.116272 -0.173486    0.1234 -0.196063
 0.116342 -0.173574  0.123444 -0.196112
 0.116412 -0.173663  0.123488 -0.196161
 0.116481 -0.173751 0.123531 -0.19621
 0.116551 -0.173839  0.123575 -0.196258
  0.11662 -0.173926  0.123618 -0.196306
 0.116689 -0.174014   0.12366 -0.196353
 0.116759 -0.174101  0.123703 -0.196399
 0.116828 -0.174188  0.123745 -0.196446
 0.116897 -0.174274  0.123787 -0.196491
0.116966 -0.17436  0.123829 -0.196536
 0.117034 -0.174446 0.123871 -0.19658
 0.117103 -0.174532  0.123912 -0.196624
 0.117172 -0.174617  0.123954 -0.196667
 0.117241 -0.174702 0.123994 -0.19671
 0.117309 -0.174786  0.124035 -0.196752
0.117377 -0.17487  0.124076 -0.196794
 0.117446 -0.174954  0.124116 -0.196835
 0.117514 -0.175037  0.124156 -0.196876
0.117582 -0.17512  0.124196 -0.196916
  0.11765 -0.175203  0.124235 -0.196955
 0.117718 -0.175285  0.124274 -0.196994
 0.117786 -0.175367  0.124313 -0.197033
 0.117854 -0.175449  0.124352 -0.197071
0.117922 -0.17553  0.124391 -0.197108
 0.11799 -0.17561  0.124429 -0.197145
0.118057 -0.17569  0.124467 -0.197181
0.118125 -0.17577  0.124505 -0.197216
 0.118192 -0.175849  0.124543 -0.197252
  0.11826 -0.175928   0.12458 -0.197286
 0.118327 -0.176007 0.124617 -0.19732
 0.118395 -0.176084  0.124654 -0.197353
 0.118462 -0.176162  0.124691 -0.197386
 0.118529 -0.176239  0.124727 -0.197419
 0.118596 -0.176315 0.124763 -0.19745
 0.118663 -0.176391  0.124799 -0.197481
  0.11873 -0.176467  0.124835 -0.197512
 0.118797 -0.176542   0.12487 -0.197542
 0.118864 -0.176616  0.124906 -0.197572
0.118931 -0.17669 0.124941  -0.1976
 0.118998 -0.176764  0.124975 -0.197629
 0.119065 -0.176836   0.12501 -0.197657
 0.119132 -0.176909  0.125044 -0.197684
 0.119198 -0.176981 0.125078 -0.19771
 0.119265 -0.177052  0.125112 -0.197736
 0.119331 -0.177123  0.125145 -0.197762
 0.119398 -0.177193  0.125178 -0.197787
 0.119465 -0.177262  0.125211 -0.197811
 0.119531 -0.177331  0.125244 -0.197835
0.119598  -0.1774  0.125276 -0.197858
 0.119664 -0.177467  0.125309 -0.197881
  0.11973 -0.177535  0.125341 -0.197903
 0.119802 -0.177646  0.125372 -0.197924
 0.119874 -0.177755  0.125404 -0.197945
 0.119946 -0.177863  0.125435 -0.197965
0.120016 -0.17797  0.125466 -0.197985
 0.120084 -0.178077  0.125497 -0.198004
 0.120151 -0.178182  0.125527 -0.198022
 0.120215 -0.178287 0.125557 -0.19804
0.120278 -0.17839  0.125587 -0.198058
 0.120339 -0.178493  0.125617 -0.198074
 0.120401 -0.178595  0.125646 -0.198091
 0.120458 -0.178695  0.125675 -0.198106
 0.120515 -0.178793  0.125704 -0.198121
 0.120571 -0.178892  0.125733 -0.198135
 0.120633 -0.178999  0.125761 -0.198149
 0.120693 -0.179103   0.12579 -0.198162
 0.120753 -0.179206  0.125817 -0.198175
 0.120811 -0.179309  0.125845 -0.198187
0.120869 -0.17941  0.125872 -0.198198
 0.120927 -0.179511    0.1259 -0.198209
0.120984 -0.17961  0.125926 -0.198219
  0.12104 -0.179709  0.125953 -0.198229
 0.121095 -0.179806  0.125979 -0.198238
 0.121149 -0.179902  0.126005 -0.198246
 0.121204 -0.179998  0.126031 -0.198254
 0.121258 -0.180092  0.126057 -0.198261
 0.121311 -0.180186  0.126082 -0.198268
 0.121364 -0.180279  0.126107 -0.198274
0.121416 -0.18037  0.126132 -0.198279
 0.121468 -0.180459  0.126156 -0.198284
 0.121519 -0.180548   0.12618 -0.198288
  0.12157 -0.180636  0.126204 -0.198291
  0.12162 -0.180722  0.126228 -0.198294
 0.121671 -0.180809  0.126252 -0.198296
  0.12172 -0.180893  0.126275 -0.198298
  0.12177 -0.180977  0.126298 -0.198299
0.121819 -0.18106   0.12632 -0.198299
 0.121868 -0.181141  0.126343 -0.198299
 0.121917 -0.181221  0.126365 -0.198298
0.121965  -0.1813  0.126386 -0.198297
 0.122014 -0.181379  0.126408 -0.198295
 0.122062 -0.181457  0.126429 -0.198292
  0.12211 -0.181533   0.12645 -0.198289
 0.122158 -0.181608  0.126471 -0.198285
 0.122205 -0.181681 0.126491 -0.19828
 0.122252 -0.181753  0.126512 -0.198275
 0.122299 -0.181825  0.126532 -0.198269
 0.122346 -0.181895  0.126551 -0.198262
 0.122393 -0.181964  0.126571 -0.198255
  0.12244 -0.182031   0.12659 -0.198248
 0.122487 -0.182099  0.126608 -0.198239
 0.122534 -0.182165 0.126627 -0.19823
  0.12258 -0.182229 0.126645 -0.19822
 0.122627 -0.182292 0.126663 -0.19821
 0.122673 -0.182353  0.126681 -0.198199
  0.12272 -0.182415  0.126698 -0.198187
 0.122765 -0.182474  0.126715 -0.198175
 0.122811 -0.182532  0.126732 -0.198162
0.122857 -0.18259  0.126749 -0.198148
 0.122902 -0.182646  0.126765 -0.198133
0.122947  -0.1827  0.126781 -0.198118
 0.122992 -0.182755  0.126796 -0.198103
 0.123037 -0.182808  0.126812 -0.198086
0.123081 -0.18286  0.126827 -0.198069
0.123125 -0.18291  0.126841 -0.198052
 0.12317 -0.18296  0.126856 -0.198033
 0.123214 -0.183009   0.12687 -0.198014
 0.123258 -0.183055  0.126884 -0.197995
 0.123301 -0.183101  0.126898 -0.197975
 0.123344 -0.183146  0.126911 -0.197954
0.123388 -0.18319  0.126925 -0.197933
 0.123431 -0.183234  0.126938 -0.197911
 0.123474 -0.183277  0.126951 -0.197889
 0.123516 -0.183317  0.126963 -0.197866
 0.123766 -0.183556  0.126976 -0.197843
0.0260211 0.0335228 0.0269969 0.0221617
0.0260626 0.0334798 0.0270322 0.0221347
0.0261035 0.0334389 0.0270779  0.022085
0.0261432 0.0333996 0.0271304 0.0220206
0.0261741 0.0333686 0.0271867 0.0219477
0.0262053 0.0333372 0.0272445 0.0218715
0.0262305 0.0333136  0.027302 0.0217962
0.0262614 0.0332984 0.0273578 0.0217248
0.0262948 0.0332878 0.0274108 0.0216594
0.0263273 0.0332744 0.0274604 0.0216017
0.0263594   0.03326 0.0275062 0.0215525
0.0263849 0.0332368  0.027548 0.0215122
0.0264064  0.033216 0.0275857 0.0214809
0.0264248 0.0331979 0.0276195 0.0214584
0.0264406 0.0331818 0.0276496 0.0214441
0.0264553 0.0331707 0.0276762 0.0214375
0.0264696 0.0331661 0.0276998 0.0214378
0.0264944 0.0331504 0.0277205 0.0214443
 0.026524 0.0331412 0.0277389 0.0214562
0.0265529 0.0331361 0.0277552 0.0214728
0.0265798 0.0331349 0.0277697 0.0214933
0.0266036 0.0331356 0.0277828  0.021517
0.0266257 0.0331377 0.0277948 0.0215433
0.0266463  0.033141 0.0278059 0.0215718
0.0266656 0.0331452 0.0278163 0.0216017
0.0266839 0.0331502 0.0278263 0.0216329
0.0267016 0.0331554 0.0278359 0.0216648
0.0267191 0.0331608 0.0278453 0.0216972
0.0267365 0.0331663 0.0278547 0.0217299
0.0267541 0.0331718 0.0278641 0.0217626
0.0267718 0.0331773 0.0278736 0.0217953
0.0267898 0.0331826 0.0278832 0.0218278
0.0268078 0.0331878 0.0278929   0.02186
0.0268258 0.0331926 0.0279029 0.0218919
0.0268438 0.0331971 0.0279131 0.0219235
0.0268617 0.0332012 0.0279234 0.0219547
0.0268793 0.0332047  0.027934 0.0219855
0.0268968 0.0332077 0.0279447 0.0220161
0.0269141 0.0332101 0.0279557 0.0220463
0.0269312 0.0332119 0.0279668 0.0220763
0.0269483 0.0332131  0.027978 0.0221061
0.0269654 0.0332137 0.0279895 0.0221356
0.0269817  0.033215 0.028001 0.022165
0.0269981 0.0332157 0.0280126 0.0221942
0.0270155 0.0332158 0.0280243 0.0222233
0.0270345 0.0332152 0.0280362 0.0222524
0.0270542  0.033214 0.0280481 0.0222813
0.0270748 0.0332122   0.02806 0.0223103
0.0270962 0.0332098  0.028072 0.0223392
0.0271185 0.0332068 0.0280841 0.0223682
0.0271416 0.0332032 0.0280962 0.0223971
0.0271656 0.0331991 0.0281083 0.0224261
0.0271904 0.0331944 0.0281205 0.0224551
 0.027216 0.0331892 0.0281327 0.0224841
0.0272424 0.0331835 0.0281449 0.0225132
0.0272697 0.0331774 0.0281571 0.0225424
0.0272977 0.0331707 0.0281694 0.0225716
0.0273265 0.0331636 0.0281817 0.0226008
0.0273561 0.0331561  0.028194 0.0226302
0.0273865 0.0331481 0.0282063 0.0226595
0.0274176 0.0331397 0.0282187  0.022689
0.0274495 0.0331309 0.0282311 0.0227184
0.0274821 0.0331216 0.0282435  0.022748
0.0276524 0.0330722 0.0282559 0.0227776
0.0276869 0.0330623 0.0282683 0.0228072
0.0277215 0.0330524 0.0282808 0.0228369
0.0277561 0.0330405 0.0282933 0.0228667
0.0277904 0.0330282 0.0283059 0.0228965
0.0278254 0.0330156 0.0283184 0.0229263
0.0278611 0.0330037  0.028331 0.0229562
0.0278976 0.0329924 0.0283436 0.0229861
0.0279348 0.0329814 0.0283563 0.0230161
0.0279727 0.0329709  0.028369 0.0230461
0.0280113 0.0329608 0.0283817 0.0230762
0.0280506 0.0329512 0.0283944 0.0231063
0.0280905 0.0329419 0.0284072 0.0231364
 0.028131 0.0329328   0.02842 0.0231666
0.0281721  0.032924 0.0284328 0.0231968
0.0282138 0.0329152 0.0284457 0.0232271
0.0282561 0.0329065 0.0284585 0.0232574
0.0282989 0.0328977 0.0284715 0.0232877
0.0283424 0.0328888 0.0284844 0.0233181
0.0283865 0.0328798 0.0284974 0.0233486
0.0284312 0.0328707 0.0285104 0.0233791
0.0284766 0.0328615 0.0285235 0.0234096
0.0285225 0.0328521 0.0285366 0.0234401
 0.028569 0.0328427 0.0285497 0.0234707
0.0286162 0.0328333 0.0285628 0.0235014
0.0286788 0.0328246  0.028576 0.0235321
0.0287414  0.032816 0.0285892 0.0235628
0.0288043 0.0328074 0.0286024 0.0235936
0.0288673 0.0327989 0.0286157 0.0236244
0.0289304 0.0327904  0.028629 0.0236553
0.0289937 0.0327819 0.0286423 0.0236862
0.0290571 0.0327736 0.0286557 0.0237171
0.0291206 0.0327653 0.0286691 0.0237481
0.0291842 0.0327572 0.0286825 0.0237792
0.0292479 0.0327491  0.028696 0.0238103
0.0293117 0.0327411 0.0287095 0.0238414
0.0293756 0.0327333  0.028723 0.0238726
0.0294395 0.0327256 0.0287365 0.0239038
0.0295036  0.032718 0.0287501  0.023935
0.0295676 0.0327105 0.0287637 0.0239663
0.0296317 0.0327032 0.0287774 0.0239977
0.0296957  0.032696 0.0287911 0.0240291
0.0297597 0.0326889 0.0288048 0.0240605
0.0298237  0.032682 0.0288185  0.024092
0.0298876 0.0326753 0.0288323 0.0241235
0.0299514 0.0326687 0.0288461 0.0241551
0.0300151 0.0326624   0.02886 0.0241867
0.0300787 0.0326562 0.0288738 0.0242184
0.0301421 0.0326502 0.0288877 0.0242501
0.0302054 0.0326444 0.0289017 0.0242819
0.0302686 0.0326388 0.0289157 0.0243137
0.0303318 0.0326334 0.0289297 0.0243455
0.0303949 0.0326282 0.0289437 0.0243774
 0.030458 0.0326232 0.0289578 0.0244094
0.0305209 0.0326183 0.0289719 0.0244414
0.0305837 0.0326136  0.028986 0.0244734
0.0306463 0.0326092 0.0290002 0.0245055
0.0307086 0.0326049 0.0290144 0.0245376
0.0307708 0.0326008 0.0290286 0.0245698
0.0308327 0.0325969 0.0290429  0.024602
0.0308944 0.0325932 0.0290572 0.0246343
0.0309559 0.0325896 0.0290715 0.0246666
0.0310171 0.0325863 0.0290859  0.024699
0.0310782 0.0325832 0.0291003 0.0247314
0.0311391 0.0325803 0.0291147 0.0247639
0.0315022 0.0325654 0.0291292 0.0247964
0.0315629 0.0325631 0.0291437 0.0248289
0.0316237 0.0325608 0.0291582 0.0248615
0.0316815 0.0325585 0.0291728 0.0248942
0.0317388 0.0325566 0.0291874 0.0249269
0.0317921 0.0325577  0.029202 0.0249596
0.0318429 0.0325598 0.0292166 0.0249924
0.0318924 0.0325628 0.0292313 0.0250253
0.0319409 0.0325661 0.0292461 0.0250582
0.0319888 0.0325698 0.0292608 0.0250911
0.0320362 0.0325737 0.0292756 0.0251241
0.0320832 0.0325778 0.0292905 0.0251571
0.0321298  0.032582 0.0293053 0.0251902
 0.032176 0.0325863 0.0293202 0.0252234
0.0322218 0.0325908 0.0293352 0.0252565
0.0322672 0.0325953 0.0293501 0.0252898
0.0323123    0.0326 0.0293651 0.0253231
0.0323569 0.0326047 0.0293802 0.0253564
0.0324012 0.0326095 0.0293952 0.0253898
0.0324452 0.0326144 0.0294104 0.0254232
0.0324889 0.0326194 0.0294255 0.0254567
0.0325323 0.0326246 0.0294407 0.0254902
0.0325755 0.0326298 0.0294559 0.0255238
0.0326184  0.032635 0.0294711 0.0255575
 0.032661 0.0326404 0.0294864 0.0255911
0.0327032 0.0326459 0.0295017 0.0256249
0.0327452 0.0326515  0.029517 0.0256587
0.0327867 0.0326572 0.0295324 0.0256925
0.0328278  0.032663 0.0295478 0.0257264
0.0328684  0.032669 0.0295633 0.0257603
0.0329085 0.0326751 0.0295788 0.0257943
0.0329481 0.0326813 0.0295943 0.0258284
0.0329872 0.0326877 0.0296098 0.0258624
0.0330258 0.0326942 0.0296254 0.0258966
 0.033064 0.0327008  0.029641 0.0259308
0.0331016 0.0327075 0.0296567  0.025965
0.0331388 0.0327144 0.0296724 0.0259993
0.0331756 0.0327213 0.0296881 0.0260337
0.0332118 0.0327284 0.0297039 0.0260681
0.0332476 0.0327356 0.0297197 0.0261025
 0.033283 0.0327429 0.0297355  0.026137
 0.033318 0.0327503 0.0297514 0.0261716
0.0333526 0.0327578 0.0297673 0.0262062
0.0333868 0.0327655 0.0297832 0.0262409
0.0334207 0.0327732 0.0297992 0.0262756
0.0334543 0.0327811 0.0298152 0.0263104
0.0334875  0.032789 0.0298313 0.0263452
0.0335204 0.0327971 0.0298473 0.0263801
 0.033553 0.0328053 0.0298635  0.026415
0.0335853 0.0328136 0.0298796   0.02645
0.0336172  0.032822 0.0298958  0.026485
0.0336489 0.0328305  0.029912 0.0265201
0.0336803 0.0328391 0.0299283 0.0265552
0.0337115 0.0328479 0.0299446 0.0265904
0.0337424 0.0328568 0.0299609 0.0266257
 0.033773 0.0328658 0.0299773  0.026661
0.0338034 0.0328749 0.0299937 0.0266964
0.0338336 0.0328841 0.0300101 0.0267318
0.0338636 0.0328934 0.0300266 0.0267672
0.0338934 0.0329029 0.0300431 0.0268028
 0.033923 0.0329125 0.0300597 0.0268383
0.0339524 0.0329222 0.0300763  0.026874
0.0339815 0.0329321 0.0300929 0.0269097
0.0340106 0.0329421 0.0301095 0.0269454
0.0340394 0.0329522 0.0301262 0.0269812
0.0341537 0.0329936 0.030143 0.027017
0.0341823  0.033004 0.0301597  0.027053
 0.034211 0.0330145 0.0301765 0.0270889
0.0342376 0.0330248 0.0301934 0.0271249
0.0342635 0.0330351 0.0302103  0.027161
0.0342894 0.0330456 0.0302272 0.0271971
0.0343115 0.0330577 0.0302441 0.0272333
0.0343319 0.0330706 0.0302611 0.0272696
0.0343515 0.0330839 0.0302782 0.0273059
0.0343709 0.0330975 0.0302952 0.0273422
0.0343903 0.0331112 0.0303123 0.0273786
0.0344099  0.033125 0.0303295 0.0274151
0.0344297 0.0331388 0.0303466 0.0274516
0.0344497 0.0331527 0.0303639 0.0274882
0.0344697 0.0331667 0.0303811 0.0275249
0.0344898 0.0331806 0.0303984 0.0275616
  0.03451 0.0331946 0.0304157 0.0275983
0.0345303 0.0332087 0.0304331 0.0276351
0.0345506 0.0332229 0.0304505  0.027672
0.0345711 0.0332371 0.0304679 0.0277089
0.0345915 0.0332516 0.0304854 0.0277459
 0.034612 0.0332661 0.0305029 0.0277829
0.0346327 0.0332807 0.0305205   0.02782
0.0346533 0.0332954 0.0305381 0.0278572
 0.034674 0.0333101 0.0305557 0.0278944
0.0346947 0.0333249 0.0305734 0.0279317
0.0347155 0.0333398 0.0305911  0.027969
0.0347363 0.0333548 0.0306088 0.0280064
0.0347571 0.0333699 0.0306266 0.0280439
 0.034778 0.0333852 0.0306444 0.0280814
0.0347989 0.0334006 0.0306623 0.0281189
0.0348198 0.0334161 0.0306802 0.0281566
0.0348408 0.0334317 0.0306981 0.0281943
0.0348617 0.0334475 0.0307161  0.028232
0.0348827 0.0334633 0.0307341 0.0282698
0.0349037 0.0334793 0.0307522 0.0283077
0.0349248 0.0334953 0.0307703 0.0283456
 0.034946 0.0335115 0.0307884 0.0283836
0.0349672 0.0335278 0.0308066 0.0284216
0.0349886 0.0335443 0.0308248 0.0284597
  0.03501 0.0335609  0.030843 0.0284979
0.0350315 0.0335777 0.0308613 0.0285361
0.0350531 0.0335946 0.0308796 0.0285744
 0.035075 0.0336116  0.030898 0.0286128
0.0350971 0.0336289 0.0309164 0.0286512
0.0351193 0.0336465 0.0309349 0.0286897
0.0351417 0.0336642 0.0309533 0.0287282
0.0351641 0.0336822 0.0309719 0.0287668
0.0351867 0.0337004 0.0309904 0.0288054
0.0352095 0.0337187  0.031009 0.0288442
0.0352324 0.0337373 0.0310277 0.0288829
0.0352554  0.033756 0.0310464 0.0289218
0.0352785 0.0337749 0.0310651 0.0289607
0.0353018  0.033794 0.0310838 0.0289996
0.0353252 0.0338133 0.0311026 0.0290387
0.0353488 0.0338328 0.0311215 0.0290778
0.0353725 0.0338524 0.0311404 0.0291169
0.0353963 0.0338723 0.0311593 0.0291561
0.0354203 0.0338923 0.0311782 0.0291954
0.0354444 0.0339124 0.0311972 0.0292347
0.0354686 0.0339328 0.0312163 0.0292742
0.0354929 0.0339533 0.0312354 0.0293136
0.0355174 0.0339741 0.0312545 0.0293531
0.0355421 0.0339951 0.0312737 0.0293927
0.0355669 0.0340162 0.0312929 0.0294324
0.0355918 0.0340375 0.0313121 0.0294721
0.0356168 0.0340588 0.0313314 0.0295119
 0.035642 0.0340804 0.0313507 0.0295518
0.0356673 0.0341021 0.0313701 0.0295917
0.0356926  0.034124 0.0313895 0.0296316
0.0357181 0.0341461  0.031409 0.0296717
0.0357437 0.0341684 0.0314284 0.0297118
0.0357695 0.0341909 0.031448 0.029752
0.0357954 0.0342135 0.0314676 0.0297922
0.0358214 0.0342363 0.0314872 0.0298325
0.0358475 0.0342593 0.0315068 0.0298729
0.0358738 0.0342825 0.0315265 0.0299133
0.0359002 0.0343058 0.0315463 0.0299538
0.0359267 0.0343294  0.031566 0.0299944
0.0359532 0.0343531 0.0315859  0.030035
0.0359799  0.034377 0.0316057 0.0300757
0.0360067 0.0344011 0.0316256 0.0301164
0.0360335 0.0344254 0.0316456 0.0301573
0.0360605 0.0344499 0.0316656 0.0301982
0.0360876 0.0344745 0.0316856 0.0302391
0.0361147 0.0344994 0.0317057 0.0302801
0.0361419 0.0345244 0.0317258 0.0303212
0.0361692 0.0345496  0.031746 0.0303624
0.0361965  0.034575 0.0317662 0.0304036
0.0362239 0.0346006 0.0317864 0.0304449
0.0362514 0.0346264 0.0318067 0.0304863
0.0362788 0.0346523  0.031827 0.0305277
0.0363064 0.0346785 0.0318474 0.0305692
 0.036334 0.0347048 0.0318678 0.0306108
0.0363616 0.0347314 0.0318882 0.0306524
0.0363893 0.0347581 0.0319087 0.0306941
0.036417 0.034785 0.0319293 0.0307358
0.0364448 0.0348121 0.0319499 0.0307777
0.0364726 0.0348393 0.0319705 0.0308196
0.0365004 0.0348668 0.0319912 0.0308616
0.0365282 0.0348944 0.0320119 0.0309036
0.0365561 0.0349222 0.0320326 0.0309457
0.0365839 0.0349502 0.0320534 0.0309879
0.0366118 0.0349784 0.0320743 0.0310301
0.0366397 0.0350067 0.0320952 0.0310725
0.0366676 0.0350353 0.0321161 0.0311148
0.0366955  0.035064 0.0321371 0.0311573
0.0367234 0.0350929 0.0321581 0.0311998
0.0367514 0.0351219 0.0321791 0.0312424
0.0367793 0.0351512 0.0322002 0.0312851
0.0368072 0.0351806 0.0322214 0.0313278
0.0368351 0.0352102 0.0322426 0.0313706
 0.036863 0.0352399 0.0322638 0.0314135
0.0368909 0.0352699 0.0322851 0.0314564
0.0369187    0.0353 0.0323064 0.0314995
0.0369466 0.0353303 0.0323278 0.0315426
0.0369744 0.0353607 0.0323492 0.0315857
0.0370022 0.0353913 0.0323707 0.0316289
0.0370299 0.0354221 0.0323922 0.0316722
0.0370576  0.035453 0.0324137 0.0317156
0.0370853 0.0354841 0.0324353 0.0317591
 0.037113 0.0355154 0.0324569 0.0318026
0.0371406 0.0355468 0.0324786 0.0318462
0.0371682 0.0355783 0.0325003 0.0318898
0.0371957 0.0356101 0.0325221 0.0319336
0.0372232 0.0356419 0.0325439 0.0319774
0.0372506  0.035674 0.0325658 0.0320212
 0.037278 0.0357062 0.0325877 0.0320652
0.0373053 0.0357385 0.0326096 0.0321092
0.0373326  0.035771 0.0326316 0.0321533
0.0373597 0.0358036 0.0326537 0.0321975
0.0373869 0.0358364 0.0326757 0.0322417
0.0374139 0.0358693 0.0326979 0.0322861
0.0374409 0.0359023   0.03272 0.0323304
0.0374678 0.0359355 0.0327423 0.0323749
0.0374946 0.0359688 0.0327645 0.0324194
0.0375213 0.0360022 0.0327868 0.0324641
 0.037548 0.0360358 0.0328092 0.0325087
0.0375745 0.0360695 0.0328316 0.0325535
 0.037601 0.0361034 0.0328541 0.0325983
0.0376273 0.0361374 0.0328766 0.0326433
0.0376536 0.0361715 0.0328991 0.0326882
0.0376797 0.0362057 0.0329217 0.0327333
0.0377057   0.03624 0.0329443 0.0327784
0.0377317 0.0362745  0.032967 0.0328236
0.0377575 0.0363091 0.0329897 0.0328689
0.0377832 0.0363438 0.0330125 0.0329143
0.0378088 0.0363786 0.0330353 0.0329597
0.0378343 0.0364135 0.0330582 0.0330052
0.0378596 0.0364485 0.0330811 0.0330508
0.0378848 0.0364836 0.0331041 0.0330965
0.0379098 0.0365188 0.0331271 0.0331422
0.0379347 0.0365542 0.0331501 0.0331881
0.0379594 0.0365896 0.0331732  0.033234
 0.037984 0.0366252 0.0331964 0.0332799
0.0380083 0.0366608 0.0332196  0.033326
0.0380325 0.0366965 0.0332428 0.0333721
0.0380564 0.0367323 0.0332661 0.0334183
0.0380802 0.0367683 0.0332895 0.0334646
0.0381037 0.0368043 0.0333129  0.033511
0.0381269 0.0368404 0.0333363 0.0335574
0.0381499 0.0368766 0.0333598 0.0336039
0.0381727 0.0369128 0.0333833 0.0336505
0.0381952 0.0369492 0.0334069 0.0336972
0.0382175 0.0369856 0.0334305 0.0337439
0.0382394 0.0370222 0.0334542 0.0337908
0.0382611 0.0370588 0.0334779 0.0338377
0.0382825 0.0370954 0.0335017 0.0338846
0.0383035 0.0371322 0.0335255 0.0339317
0.0383243  0.037169 0.0335494 0.0339789
0.0383447 0.0372059 0.0335733 0.0340261
0.0383648 0.0372429 0.0335972 0.0340734
0.0383846   0.03728 0.0336213 0.0341208
 0.038404 0.0373171 0.0336453 0.0341682
0.0384231 0.0373542 0.0336694 0.0342158
0.0384418 0.0373915 0.0336936 0.0342634
0.0384602 0.0374288 0.0337178 0.0343111
0.0384782 0.0374661 0.0337421 0.0343589
0.0384958 0.0375035 0.0337664 0.0344068
0.038513 0.037541 0.0337907 0.0344547
0.0385298 0.0375785 0.0338151 0.0345027
0.0385463 0.0376161 0.0338396 0.0345509
0.0385623 0.0376537 0.0338641  0.034599
0.0385779 0.0376914 0.0338886 0.0346473
0.0385931 0.0377291 0.0339132 0.0346957
0.0386079 0.0377669 0.0339379 0.0347441
0.0386222 0.0378047 0.0339626 0.0347926
0.0386361 0.0378425 0.0339874 0.0348412
0.0386496 0.0378804 0.0340122 0.0348899
0.0386627 0.0379183  0.034037 0.0349387
0.0386752 0.0379563 0.0340619 0.0349875
0.0386874 0.0379942 0.0340869 0.0350365
0.0386991 0.0380323 0.0341119 0.0350855
0.0387103 0.0380703 0.0341369 0.0351346
 0.038721 0.0381084  0.034162 0.0351838
0.0387313 0.0381464 0.0341872  0.035233
0.0387411 0.0381846 0.0342124 0.0352824
0.0387504 0.0382227 0.0342376 0.0353318
0.0387597 0.0382609 0.0342629 0.0353813
 0.038768 0.0382991 0.0342883 0.0354309
 0.038776 0.0383372 0.0343137 0.0354806
0.0387842 0.0383751 0.0343392 0.0355304
0.0387914 0.0384132 0.0343647 0.0355802
 0.038798 0.0384515 0.0343903 0.0356302
 0.038804 0.0384897 0.0344159 0.0356802
0.0388094  0.038528 0.0344415 0.0357303
0.0388142 0.0385663 0.0344673 0.0357805
0.0388186 0.0386043  0.034493 0.0358308
0.0388224 0.0386421 0.0345188 0.0358812
0.0388248 0.0386796 0.0345447 0.0359316
0.0388276  0.038717 0.0345706 0.0359822
0.0388289 0.0387542 0.0345966 0.0360328
0.0388306 0.0387912 0.0346226 0.0360835
0.0388318 0.0388282 0.0346487 0.0361343
0.0388325 0.0388649 0.0346749 0.0361852
0.0388326 0.0389016  0.034701 0.0362362
0.0388322 0.0389381 0.0347273 0.0362873
0.0388312 0.0389745 0.0347536 0.0363384
0.0388296 0.0390108 0.0347799 0.0363897
0.0388275  0.039047 0.0348063  0.036441
0.0388248 0.0390831 0.0348327 0.0364924
0.0388216 0.0391191 0.0348592  0.036544
0.0388178  0.039155 0.0348857 0.0365956
0.0388134 0.0391909 0.0349123 0.0366473
0.0388084 0.0392267  0.034939 0.0366991
0.0388029 0.0392625 0.0349657  0.036751
0.0387968 0.0392981 0.0349924  0.036803
0.0387902 0.0393338 0.0350192  0.036855
 0.038783 0.0393694 0.0350461 0.0369072
0.0387753 0.0394049  0.035073 0.0369595
 0.038767 0.0394404 0.0350999 0.0370118
 0.038758 0.0394758 0.0351269 0.0370643
0.0387486 0.0395112  0.035154 0.0371168
0.0387385 0.0395465 0.0351811 0.0371694
0.0387269 0.0395817 0.0352083 0.0372222
0.0387148 0.0396168 0.0352355  0.037275
0.038703 0.039652 0.0352628 0.0373279
0.0386907 0.0396872 0.0352901 0.0373809
 0.038678 0.0397223 0.0353175  0.037434
0.0386647 0.0397574 0.0353449 0.0374872
0.0386508 0.0397924 0.0353724 0.0375405
0.0386364 0.0398274 0.0353999 0.0375939
0.0386204 0.0398621 0.0354275 0.0376474
0.0386048  0.039897 0.0354551  0.037701
0.0385887 0.0399318 0.0354828 0.0377547
 0.038571 0.0399664 0.0355106 0.0378084
0.0385528 0.0400009 0.0355384 0.0378623
0.0385341 0.0400354 0.0355662 0.0379163
0.0385159 0.0400701 0.0355941 0.0379703
0.0384972 0.0401046 0.0356221 0.0380245
0.0384771  0.040139 0.0356501 0.0380788
0.0384564 0.0401733 0.0356782 0.0381331
0.0384362 0.0402077 0.0357063 0.0381876
0.0384145 0.0402419 0.0357345 0.0382421
0.0383923  0.040276 0.0357627 0.0382968
0.0383695 0.0403101  0.035791 0.0383515
0.0383462 0.0403441 0.0358194 0.0384063
0.0383225 0.0403781 0.0358478 0.0384613
0.0382983  0.040412 0.0358762 0.0385163
0.0382736 0.0404458 0.0359047 0.0385715
0.0382495 0.0404798 0.0359333 0.0386267
0.0382239 0.0405135 0.0359619  0.038682
0.0381978 0.0405471 0.0359906 0.0387375
0.0381711 0.0405806 0.0360193  0.038793
0.0381444 0.0406143 0.0360481 0.0388486
0.0381172 0.0406478 0.0360769 0.0389044
0.0380897 0.0406811 0.0361058 0.0389602
0.0380619 0.0407144 0.0361348 0.0390161
0.0380334 0.0407476 0.0361638 0.0390721
 0.038004 0.0407807 0.0361928 0.0391283
0.0379744 0.0408138 0.0362219 0.0391845
0.0379443 0.0408467 0.0362511 0.0392408
0.0379134 0.0408796 0.0362803 0.0392973
0.0378819 0.0409123 0.0363096 0.0393538
0.0378498  0.040945  0.036339 0.0394104
0.0378174 0.0409776 0.0363684 0.0394672
0.0377845 0.0410102 0.0363978  0.039524
0.0377516 0.0410427 0.0364273  0.039581
0.0377184 0.0410752 0.0364569  0.039638
0.0376848 0.0411076 0.0364865 0.0396952
0.0376507   0.04114 0.0365162 0.0397524
0.0376158 0.0411722 0.0365459 0.0398098
0.0375807 0.0412044 0.0365757 0.0398672
0.0375451 0.0412365 0.0366056 0.0399248
0.0375092 0.0412685 0.0366355 0.0399824
0.0374728 0.0413004 0.0366655 0.0400402
0.0374359 0.0413323 0.0366955 0.0400981
0.0373986  0.041364 0.0367256  0.040156
0.0373609 0.0413957 0.0367557 0.0402141
0.0373227 0.0414273 0.0367859 0.0402723
0.0372841 0.0414589 0.0368162 0.0403306
0.0372452 0.0414904 0.0368465  0.040389
0.0372058 0.0415218 0.0368769 0.0404475
 0.037166 0.0415531 0.0369073 0.0405061
0.0371259 0.0415844 0.0369378 0.0405648
0.0370854 0.0416156 0.0369683 0.0406236
0.0370445 0.0416467 0.0369989 0.0406825
0.0370032 0.0416778 0.0370296 0.0407415
0.0369616 0.0417088 0.0370603 0.0408006
0.0369196 0.0417398 0.0370911 0.0408599
0.0368773 0.0417707  0.037122 0.0409192
0.0368347 0.0418015 0.0371529 0.0409787
0.0367917 0.0418323 0.0371838 0.0410382
0.0367483  0.041863 0.0372148 0.0410979
0.0367047 0.0418937 0.0372459 0.0411577
0.0366607 0.0419243 0.0372771 0.0412175
0.0366165 0.0419548 0.0373083 0.0412775
0.0365719 0.0419854 0.0373395 0.0413376
 0.036527 0.0420158 0.0373708 0.0413978
0.0364819 0.0420462 0.0374022 0.0414581
0.0364364 0.0420766 0.0374336 0.0415185
0.0363907 0.0421069 0.0374651 0.0415791
0.0363447 0.0421372 0.0374967 0.0416397
0.0362985 0.0421675 0.0375283 0.0417004
 0.036252 0.0421977   0.03756 0.0417613
0.0362053 0.0422278 0.0375917 0.0418223
0.0361584 0.0422579 0.0376236 0.0418833
0.0361112  0.042288 0.0376554 0.0419445
0.0360638 0.0423181 0.0376873 0.0420058
0.0360162 0.0423481 0.0377193 0.0420672
0.0359684 0.0423781 0.0377514 0.0421287
0.0359204 0.0424081 0.0377835 0.0421904
0.0358723 0.0424381 0.0378156 0.0422521
0.0358239  0.042468 0.0378479  0.042314
0.0357754 0.0424979 0.0378802 0.0423759
0.0357268 0.0425278 0.0379125  0.042438
 0.035678 0.0425577 0.0379449 0.0425002
 0.035629 0.0425876 0.0379774 0.0425625
  0.03558 0.0426174   0.03801 0.0426249
0.0355308 0.0426473 0.0380426 0.0426874
0.0354815 0.0426771 0.0380752 0.0427501
0.0354322  0.042707 0.0381079 0.0428128
0.0353827 0.0427368 0.0381407 0.0428757
0.0353332 0.0427667 0.0381736 0.0429386
0.0352837 0.0427965 0.0382065 0.0430017
0.0352341 0.0428264 0.0382395 0.0430649
0.0351845 0.0428563 0.0382725 0.0431283
0.0351348 0.0428862 0.0383056 0.0431917
0.0350851 0.0429161 0.0383388 0.0432552
0.0350354  0.042946  0.038372 0.0433189
0.0349858  0.042976 0.0384053 0.0433827
0.0349362 0.0430059 0.0384387 0.0434466
0.0348868 0.0430359 0.0384721 0.0435106
0.0348376 0.0430659 0.0385056 0.0435747
0.0347886  0.043096 0.0385391 0.0436389
0.0347398  0.043126 0.0385727 0.0437033
0.0346913 0.0431561 0.0386064 0.0437678
0.0346431 0.0431862 0.0386402 0.0438323
0.0345952 0.0432163  0.038674 0.0438971
0.0345475 0.0432465 0.0387078 0.0439619
0.0345002 0.0432766 0.0387418 0.0440268
0.0344533 0.0433068 0.0387758 0.0440919
0.0344068 0.0433371 0.0388098  0.044157
0.0343607 0.0433674  0.038844 0.0442223
0.0343151 0.0433977 0.0388782 0.0442878
0.0342697 0.0434281 0.0389124 0.0443533
0.0342244 0.0434585 0.0389467 0.0444189
0.0341792 0.0434891 0.0389811 0.0444847
0.0341341 0.0435198 0.0390156 0.0445506
 0.034089 0.0435505 0.0390501 0.0446166
 0.034044 0.0435814 0.0390847 0.0446827
0.0339992 0.0436125 0.0391194  0.044749
0.0339545 0.0436436 0.0391541 0.0448153
0.0339099 0.0436749 0.0391889 0.0448818
0.0338656 0.0437063 0.0392237 0.0449484
0.0338215 0.0437379 0.0392586 0.0450151
0.0337776 0.0437696 0.0392936  0.045082
0.0337339 0.0438015 0.0393287  0.045149
0.0336904 0.0438335 0.0393638  0.045216
0.0336472 0.0438657  0.039399 0.0452833
0.0336043  0.043898 0.0394342 0.0453506
0.0335616 0.0439305 0.0394695  0.045418
0.0335192 0.0439631 0.0395049 0.0454856
 0.033477 0.0439959 0.0395404 0.0455533
0.0334351 0.0440289 0.0395759 0.0456211
0.0333935  0.044062 0.0396115 0.0456891
0.0333522 0.0440953 0.0396471 0.0457572
0.0333112 0.0441288 0.0396829 0.0458254
0.0332706 0.0441625 0.0397187 0.0458937
0.0332302 0.0441963 0.0397545 0.0459621
0.0331902 0.0442303 0.0397905 0.0460307
0.0331505 0.0442645 0.0398265 0.0460994
0.0331112 0.0442989 0.0398625 0.0461682
0.0330723 0.0443335 0.0398987 0.0462371
0.0330337 0.0443682 0.0399349 0.0463062
0.0329955 0.0444032 0.0399711 0.0463754
0.0329577 0.0444383 0.0400075 0.0464447
0.0329203 0.0444737 0.0400439 0.0465141
0.0328836 0.0445092 0.0400804 0.0465837
0.0328476 0.0445449 0.0401169 0.0466534
0.0328121 0.0445809 0.0401535 0.0467232
0.0327772 0.0446171 0.0401902 0.0467932
0.0327429 0.0446536  0.040227 0.0468632
0.0327091 0.0446902 0.0402638 0.0469334
0.0326759 0.0447272 0.0403007 0.0470038
0.0326433 0.0447643 0.0403377 0.0470742
0.0326108 0.0448018 0.0403747 0.0471448
0.0325794 0.0448395 0.0404118 0.0472155
0.0325487 0.0448774  0.040449 0.0472864
0.0325186 0.0449156 0.0404862 0.0473573
0.0324891  0.044954 0.0405236 0.0474284
0.0324601 0.0449928  0.040561 0.0474996
0.0324317 0.0450318 0.0405984  0.047571
0.0324039 0.0450712  0.040636 0.0476425
0.0323768 0.0451108 0.0406736 0.0477141
0.0323502 0.0451507 0.0407112 0.0477859
0.0323244  0.045191  0.040749 0.0478577
0.0322991 0.0452316 0.0407868 0.0479297
0.0322745 0.0452727 0.0408247 0.0480019
0.0322505 0.0453141 0.0408627 0.0480742
0.0322272  0.045356 0.0409007 0.0481466
0.0322045 0.0453982 0.0409388 0.0482191
0.0321824 0.0454408  0.040977 0.0482918
 0.032161 0.0454838 0.0410152 0.0483646
0.0321403 0.0455271 0.0410536 0.0484375
0.0321201 0.0455709  0.041092 0.0485106
0.0321005  0.045615 0.0411304 0.0485838
0.0320814 0.0456595  0.041169 0.0486571
0.0320628 0.0457044 0.0412076 0.0487305
0.0320448 0.0457496 0.0412463 0.0488041
0.0320273 0.0457952  0.041285 0.0488779
0.0320103 0.0458411 0.0413239 0.0489517
0.0319938 0.0458874 0.0413628 0.0490257
 0.031978 0.0459341 0.0414018 0.0490999
0.0319626 0.0459811 0.0414408 0.0491742
0.0319479 0.0460285   0.04148 0.0492486
0.0319337 0.0460764 0.0415192 0.0493231
0.0319202 0.0461246 0.0415585 0.0493978
0.0319072 0.0461732 0.0415978 0.0494726
0.0318949 0.0462222 0.0416372 0.0495475
0.0318832 0.0462716 0.0416767 0.0496226
0.0318721 0.0463214 0.0417163 0.0496978
0.0318616 0.0463716  0.041756 0.0497732
0.0318517 0.0464221 0.0417957 0.0498487
0.0318425 0.0464731 0.0418355 0.0499243
0.0318339 0.0465244 0.0418754 0.0500001
0.0318258 0.0465761 0.0419153  0.050076
0.0318184 0.0466282 0.0419554 0.0501521
0.0318116 0.0466807 0.0419955 0.0502283
0.0318054 0.0467336 0.0420357 0.0503046
0.0317998 0.0467868 0.0420759 0.0503811
0.0317948 0.0468404 0.0421163 0.0504577
0.0317905 0.0468945 0.0421567 0.0505344
0.0317867 0.0469489 0.0421972 0.0506113
0.0317835 0.0470037 0.0422377 0.0506883
0.0317809 0.0470589 0.0422784 0.0507655
0.0317789 0.0471144 0.0423191 0.0508428
0.0317776 0.0471704 0.0423599 0.0509202
0.0317768 0.0472268 0.0424008 0.0509978
0.0317766 0.0472835 0.0424417 0.0510756
 0.031777 0.0473407 0.0424827 0.0511534
 0.031778 0.0473982 0.0425239 0.0512314
0.0317796 0.0474562  0.042565 0.0513096
0.0317818 0.0475145 0.0426063 0.0513879
0.0317846 0.0475732 0.0426476 0.0514663
 0.031788 0.0476323 0.0426891 0.0515449
0.0317919 0.0476918 0.0427306 0.0516237
0.0317965 0.0477517 0.0427721 0.0517025
0.0318016  0.047812 0.0428138 0.0517816
0.0318073 0.0478727 0.0428555 0.0518607
0.0318135 0.0479337 0.0428973   0.05194
0.0318204 0.0479952 0.0429392 0.0520195
0.0318277  0.048057 0.0429812 0.0520991
0.0318357 0.0481192 0.0430232 0.0521788
0.0318442 0.0481818 0.0430654 0.0522587
0.0318533 0.0482448 0.0431076 0.0523387
0.0318629 0.0483082 0.0431499 0.0524189
0.0318731  0.048372 0.0431922 0.0524992
0.0318838 0.0484361 0.0432347 0.0525797
0.0318951 0.0485007 0.0432772 0.0526603
0.0319069 0.0485656 0.0433198 0.0527411
0.0319192 0.0486309 0.0433625  0.052822
0.0319321 0.0486965 0.0434053 0.0529031
0.0319455 0.0487626 0.0434481 0.0529843
0.0319594  0.048829 0.0434911 0.0530657
0.0319738 0.0488958 0.0435341 0.0531472
0.0319888  0.048963 0.0435772 0.0532288
0.0320043 0.0490305 0.0436203 0.0533106
0.0320203 0.0490984 0.0436636 0.0533926
0.0320367 0.0491667 0.0437069 0.0534747
0.0320537 0.0492354 0.0437504 0.0535569
0.0320712 0.0493044 0.0437939 0.0536394
0.0320892 0.0493738 0.0438375 0.0537219
0.0321077 0.0494435 0.0438811 0.0538046
0.0321266 0.0495137 0.0439249 0.0538875
 0.032146 0.0495842 0.0439687 0.0539705
0.0321659 0.0496551 0.0440126 0.0540537
0.0321863 0.0497265 0.0440566  0.054137
0.0322071 0.0497982 0.0441007 0.0542204
0.0322284 0.0498704 0.0441449 0.0543041
0.0322502 0.0499429 0.0441891 0.0543878
0.0322724 0.0500158 0.0442335 0.0544718
 0.032295 0.0500891 0.0442779 0.0545558
0.0323181 0.0501628 0.0443224 0.0546401
0.0323416 0.0502369  0.044367 0.0547245
0.0323656 0.0503113 0.0444116  0.054809
  0.03239 0.0503861 0.0444564 0.0548937
0.0324148 0.0504612 0.0445012 0.0549786
  0.03244 0.0505367 0.0445461 0.0550636
0.0324657 0.0506125 0.0445911 0.0551487
0.0324917 0.0506887 0.0446362  0.055234
0.0325182 0.0507652 0.0446814 0.0553195
 0.032545 0.0508421 0.0447267 0.0554052
0.0325723 0.0509192  0.044772 0.0554909
0.0325999 0.0509967 0.0448174 0.0555769
0.0326278 0.0510745 0.044863 0.055663
0.0326561 0.0511526 0.0449086 0.0557493
0.0326847  0.051231 0.0449543 0.0558357
0.0327136 0.0513097     0.045 0.0559223
0.0327428 0.0513888 0.0450459  0.056009
0.0327723 0.0514681 0.0450918 0.0560959
0.0328021 0.0515476 0.0451379 0.0561829
0.0328322 0.0516275  0.045184 0.0562702
0.0328625 0.0517076 0.0452302 0.0563575
0.0328931  0.051788 0.0452765 0.0564451
 0.032924 0.0518687 0.0453229 0.0565328
0.0329551 0.0519496 0.0453694 0.0566206
0.0329865 0.0520308 0.0454159 0.0567086
0.0330181 0.0521122 0.0454626 0.0567968
  0.03305 0.0521938 0.0455093 0.0568851
0.0330821 0.0522756 0.0455561 0.0569737
0.0331144 0.0523577  0.045603 0.0570623
0.033147  0.05244   0.04565 0.0571511
0.0331798 0.0525225 0.0456971 0.0572401
0.0332128 0.0526052 0.0457443 0.0573293
0.0332461 0.0526882 0.0457916 0.0574186
0.0332794 0.0527711 0.0458389 0.0575081
 0.033313 0.0528544 0.0458864 0.0575977
0.0333469 0.0529378 0.0459339 0.0576875
 0.033381 0.0530213 0.0459815 0.0577775
0.0334152  0.053105 0.0460293 0.0578676
0.0334495 0.0531889 0.0460771 0.0579579
0.0334841  0.053273  0.046125 0.0580484
0.0335188 0.0533572 0.0461729  0.058139
0.0335537 0.0534416  0.046221 0.0582298
0.0335889 0.0535261 0.0462692 0.0583208
0.0336241 0.0536107 0.0463174 0.0584119
0.0336596 0.0536955 0.0463658 0.0585032
0.0336952 0.0537804 0.0464142 0.0585947
 0.033731 0.0538654 0.0464627 0.0586864
0.0337669 0.0539505 0.0465114 0.0587782
 0.033803 0.0540357 0.0465601 0.0588701
0.0338394  0.054121 0.0466089 0.0589623
0.0338759 0.0542064 0.0466578 0.0590546
0.0339126 0.0542919 0.0467068 0.0591471
0.0339495 0.0543774 0.0467558 0.0592397
0.0339865 0.0544631  0.046805 0.0593325
0.0340235 0.0545488 0.0468543 0.0594255
0.0340606 0.0546345 0.0469036 0.0595187
0.0340978 0.0547204 0.0469531  0.059612
 0.034135 0.0548063 0.0470026 0.0597055
0.0341723 0.0548923 0.0470523 0.0597992
0.0342095 0.0549783  0.047102 0.0598931
0.0342468 0.0550643 0.0471518 0.0599871
0.0342841 0.0551504 0.0472017 0.0600813
0.0343213 0.0552366 0.0472518 0.0601756
0.0343586 0.0553228 0.0473019 0.0602702
0.0343959  0.055409 0.0473521 0.0603649
0.0344332 0.0554952 0.0474024 0.0604598
0.0344704 0.0555815 0.0474527 0.0605548
0.0345077 0.0556678 0.0475032 0.0606501
0.0345449 0.0557541 0.0475538 0.0607455
 0.034582 0.0558405 0.0476045 0.0608411
0.0346191 0.0559268 0.0476552 0.0609368
0.0346562 0.0560132 0.0477061 0.0610328
0.0346932 0.0560995 0.0477571 0.0611289
0.0347301 0.0561858 0.0478081 0.0612252
 0.034767 0.0562722 0.0478593 0.0613216
0.0348038 0.0563585 0.0479105 0.0614183
0.0348405 0.0564448 0.0479619 0.0615151
0.0348771  0.056531 0.0480133 0.0616121
0.0349136 0.0566173 0.0480649 0.0617093
0.0349499 0.0567035 0.0481165 0.0618066
0.0349861 0.0567897 0.0481682 0.0619042
0.0350221 0.0568759 0.0482201 0.0620019
0.0350579  0.056962  0.048272 0.0620998
0.0350937 0.0570482  0.048324 0.0621979
0.0351293 0.0571343 0.0483761 0.0622961
0.0351649 0.0572204 0.0484284 0.0623945
0.0352002 0.0573067 0.0484807 0.0624932
0.0352355 0.0573928 0.0485331  0.062592
0.0352708 0.0574787 0.0485856 0.0626909
0.0353059 0.0575646 0.0486382 0.0627901
0.0353408 0.0576505 0.0486909 0.0628894
0.0353757 0.0577362 0.0487438  0.062989
0.0354104 0.0578219 0.0487967 0.0630887
 0.035445 0.0579076 0.0488497 0.0631886
0.0354792 0.0579933 0.0489028 0.0632887
0.0355136 0.0580788  0.048956 0.0633889
 0.035548 0.0581642 0.0490093 0.0634894
0.0355823 0.0582495 0.0490627   0.06359
0.0356167 0.0583347 0.0491162 0.0636908
0.0356511 0.0584198 0.0491699 0.0637918
0.0356854 0.0585047 0.0492236  0.063893
0.0357199 0.0585893 0.0492774 0.0639944
0.0357546 0.0586738 0.0493313 0.0640959
0.0357893 0.0587583 0.0493853 0.0641977
0.0358239 0.0588426 0.0494394 0.0642996
0.0358584 0.0589267 0.0494937 0.0644017
0.0358928 0.0590106 0.049548 0.064504
 0.035927 0.0590942 0.0496024 0.0646065
0.0359605 0.0591775 0.0496569 0.0647092
0.0359938 0.0592606 0.0497116 0.0648121
0.0360274 0.0593436 0.0497663 0.0649151
0.0360608 0.0594264 0.0498211 0.0650184
0.036094 0.059509 0.0498761 0.0651218
 0.036127 0.0595915 0.0499311 0.0652255
0.0361597 0.0596739 0.0499862 0.0653293
0.0361922 0.0597561 0.0500415 0.0654333
0.0362245 0.0598381 0.0500968 0.0655375
0.0362566   0.05992 0.0501523 0.0656419
0.0362877 0.0600015 0.0502079 0.0657465
0.0363192  0.060083 0.0502635 0.0658513
0.0363503 0.0601644 0.0503193 0.0659563
0.0363812 0.0602456 0.0503752 0.0660614
0.0364116 0.0603266 0.0504311 0.0661668
0.0364418 0.0604075 0.0504872 0.0662724
0.0364715 0.0604881 0.0505434 0.0663781
0.0365003 0.0605685 0.0505997 0.0664841
0.0365287 0.0606487 0.0506561 0.0665902
0.0365575 0.0607289 0.0507126 0.0666965
0.0365858 0.0608089 0.0507692 0.0668031
0.0366138 0.0608887 0.0508259 0.0669098
0.0366414 0.0609684 0.0508828 0.0670167
0.0366687 0.0610479 0.0509397 0.0671239
0.0366955 0.0611272 0.0509967 0.0672312
 0.036722 0.0612063 0.0510539 0.0673387
0.0367474 0.0612851 0.0511111 0.0674464
0.0367731 0.0613638 0.0511685 0.0675543
0.0367977 0.0614423  0.051226 0.0676624
0.0368219 0.0615205 0.0512835 0.0677707
0.0368456 0.0615986 0.0513412 0.0678793
0.0368689 0.0616765 0.051399 0.067988
0.0368919 0.0617542 0.0514569 0.0680969
0.0369145 0.0618318 0.0515149  0.068206
0.0369366 0.0619093  0.051573 0.0683153
0.0369585 0.0619865 0.0516313 0.0684248
0.0369799 0.0620636 0.0516896 0.0685345
 0.037001 0.0621406  0.051748 0.0686445
0.0370218 0.0622173 0.0518066 0.0687546
0.0370421 0.0622938 0.0518653 0.0688649
0.0370621 0.0623702  0.051924 0.0689754
0.0370816 0.0624464 0.0519829 0.0690862
0.0371008 0.0625224 0.0520419 0.0691971
0.0371196 0.0625982  0.052101 0.0693082
0.0371381 0.0626738 0.0521602 0.0694196
0.0371561 0.0627493 0.0522196 0.0695311
0.0371738 0.0628246  0.052279 0.0696429
0.0371911 0.0628997 0.0523386 0.0697548
0.0372081 0.0629747 0.0523982  0.069867
0.0372246 0.0630496  0.052458 0.0699794
0.0372409 0.0631243 0.0525179  0.070092
0.0372568 0.0631988 0.0525779 0.0702048
0.0372724 0.0632733  0.052638 0.0703178
0.0372877 0.0633477 0.0526982  0.070431
0.0373025  0.063422 0.0527586 0.0705444
0.0373171 0.0634962 0.052819 0.070658
0.0373313 0.0635704 0.0528796 0.0707718
0.0373455 0.0636444 0.0529402 0.0708859
0.0373591 0.0637185  0.053001 0.0710001
0.0373723 0.0637926 0.0530619 0.0711146
0.0373853 0.0638668  0.053123 0.0712293
 0.037398 0.0639408 0.0531841 0.0713442
0.0374104 0.0640148 0.0532453 0.0714593
0.0374226 0.0640888 0.0533067 0.0715746
0.0374345 0.0641628 0.0533682 0.0716901
0.0374462 0.0642367 0.0534298 0.0718058
0.0374577 0.0643106 0.0534915 0.0719218
 0.037469 0.0643845 0.0535533 0.0720379
0.0374801 0.0644582 0.0536153 0.0721543
 0.037491 0.0645319 0.0536773 0.0722709
0.0375017 0.0646055 0.0537395 0.0723877
0.0375124 0.0646791 0.0538018 0.0725047
0.0375229 0.0647526 0.0538642  0.072622
0.0375332  0.064826 0.0539267 0.0727394
0.0375433 0.0648992 0.0539893 0.0728571
0.0375533 0.0649724 0.0540521  0.072975
0.0375633 0.0650455  0.054115 0.0730931
0.0375731 0.0651185  0.054178 0.0732114
 0.037583 0.0651915 0.0542411   0.07333
0.0375928 0.0652644 0.0543043 0.0734487
0.0376025 0.0653372 0.0543677 0.0735677
0.0376123 0.0654099 0.0544311 0.0736869
 0.037622 0.0654826 0.0544947 0.0738063
0.0376317 0.0655552 0.0545584  0.073926
0.0376417  0.065628 0.0546222 0.0740459
0.0376515 0.0657005 0.0546862 0.0741659
0.0376613 0.0657731 0.0547503 0.0742862
0.0376712 0.0658455 0.0548144 0.0744068
0.0376812  0.065918 0.0548787 0.0745275
0.0376913 0.0659904 0.0549432 0.0746485
0.0377016 0.0660628 0.0550077 0.0747697
0.0377121 0.0661351 0.0550724 0.0748911
0.0377228 0.0662074 0.0551372 0.0750127
0.0377338 0.0662796 0.0552021 0.0751346
 0.037745 0.0663519 0.0552671 0.0752567
0.0377566  0.066424 0.0553323  0.075379
0.0377685 0.0664962 0.0553975 0.0755016
0.0377806 0.0665683 0.0554629 0.0756243
 0.037793 0.0666405 0.0555285 0.0757473
0.0378057 0.0667127 0.0555941 0.0758706
0.0378187 0.0667848 0.0556599  0.075994
0.0378318 0.0668571 0.0557258 0.0761177
0.0378453 0.0669293 0.0557918 0.0762416
 0.037859 0.0670016 0.0558579 0.0763657
0.037873 0.067074 0.0559242 0.0764901
0.0378873 0.0671464 0.0559905 0.0766147
0.0379019 0.0672189  0.056057 0.0767395
0.0379167 0.0672914 0.0561237 0.0768646
0.0379319  0.067364 0.0561904 0.0769899
0.0379471 0.0674365 0.0562573 0.0771154
0.0379629 0.0675092 0.0563243 0.0772411
0.0379791  0.067582 0.0563915 0.0773671
0.0379957 0.0676548 0.0564587 0.0774933
0.0380127 0.0677278 0.0565261 0.0776198
0.0380301 0.0678008 0.0565936 0.0777465
0.0380479 0.0678739 0.0566612 0.0778734
 0.038066 0.0679471  0.056729 0.0780005
0.0380846 0.0680204 0.0567969 0.0781279
0.0381036 0.0680938 0.0568649 0.0782555
 0.038123 0.0681673 0.0569331 0.0783834
0.0381429  0.068241 0.0570013 0.0785115
0.0381632 0.0683147 0.0570697 0.0786398
 0.038184 0.0683886 0.0571383 0.0787684
0.0382052 0.0684627 0.0572069 0.0788972
 0.038227 0.0685368 0.0572757 0.0790262
0.0382492 0.0686111 0.0573446 0.0791555
0.0382719 0.0686856 0.0574137  0.079285
0.0382951 0.0687601 0.0574828 0.0794148
0.0383189 0.0688349 0.0575521 0.0795448
0.0383431 0.0689098 0.0576216  0.079675
0.0383679 0.0689849 0.0576911 0.0798055
0.0383933 0.0690602 0.0577608 0.0799362
0.0384191 0.0691356 0.0578306 0.0800672
0.0384455 0.0692112 0.0579006 0.0801984
0.0384725 0.0692869 0.0579707 0.0803298
0.0385001 0.0693629 0.0580409 0.0804615
0.0385281 0.0694391 0.0581112 0.0805935
0.0385568 0.0695155 0.0581817 0.0807256
0.0385861 0.0695921 0.0582523 0.0808581
0.0386159 0.0696689 0.0583231 0.0809907
0.0386464 0.0697459 0.0583939 0.0811236
0.0386774 0.0698232 0.0584649 0.0812568
0.0387091 0.0699006 0.0585361 0.0813902
0.0387414 0.0699784 0.0586074 0.0815238
0.0387743 0.0700563 0.0586788 0.0816577
0.0388079 0.0701345 0.0587503 0.0817919
0.038842 0.070213  0.058822 0.0819263
0.0388769 0.0702917 0.0588938 0.0820609
0.0389124 0.0703701 0.0589657 0.0821958
0.0389487 0.0704472 0.0590378 0.0823309
0.0389857 0.0705232   0.05911 0.0824663
0.0390234 0.0705982 0.0591824  0.082602
0.0390619 0.0706724 0.0592548 0.0827379
 0.039101 0.0707459 0.0593275  0.082874
0.0391409 0.0708189 0.0594002 0.0830104
0.0391815 0.0708915 0.0594731  0.083147
0.0392228 0.0709639 0.0595461 0.0832839
0.0392648 0.0710362 0.0596193 0.0834211
0.0393075 0.0711085 0.0596926 0.0835585
 0.039351 0.0711809  0.059766 0.0836961
0.0393952 0.0712535 0.0598396 0.0838341
0.0394401 0.0713263 0.0599133 0.0839722
0.0394858 0.0713994 0.0599872 0.0841107
0.0395323  0.071473 0.0600612 0.0842493
0.0395796  0.071547 0.0601353 0.0843883
0.0396277 0.0716217 0.0602095 0.0845275
0.0396766 0.0716973 0.0602839 0.0846669
0.0397264 0.0717738 0.0603585 0.0848066
0.0397769 0.0718511 0.0604332 0.0849466
0.0398283 0.0719293  0.060508 0.0850868
0.0398806 0.0720084  0.060583 0.0852273
0.0399337 0.0720883 0.0606581  0.085368
0.0399882 0.0721693 0.0607333  0.085509
0.0400438 0.0722512 0.0608087 0.0856503
0.0401002 0.0723341 0.0608842 0.0857918
0.0401572 0.0724175 0.0609599 0.0859336
 0.040215 0.0725018 0.0610357 0.0860757
0.0402737 0.0725869 0.0611116  0.086218
0.0403333 0.0726727 0.0611877 0.0863606
0.0403938 0.0727595 0.0612639 0.0865034
0.0404554  0.072847 0.0613403 0.0866465
0.0405186 0.0729356 0.0614168 0.0867899
0.0405823 0.0730249 0.0614935 0.0869335
0.0406471 0.0731149 0.0615703 0.0870774
0.0407128 0.0732058 0.0616473 0.0872216
0.0407795 0.0732975 0.0617243  0.087366
0.0408472 0.0733901 0.0618016 0.0875107
 0.040916 0.0734834  0.061879 0.0876557
0.0409859 0.0735776 0.0619565 0.0878009
0.0410568 0.0736726 0.0620342 0.0879464
0.0411288 0.0737684  0.062112 0.0880922
0.0412019 0.0738649 0.0621899 0.0882382
 0.041276 0.0739621  0.062268 0.0883846
0.0413512 0.0740601 0.0623463 0.0885311
0.0414275 0.0741587 0.0624247  0.088678
0.0415049 0.0742581 0.0625032 0.0888251
0.0415833 0.0743581 0.0625819 0.0889725
0.0416629 0.0744587 0.0626608 0.0891202
0.0417436   0.07456 0.0627397 0.0892682
0.0418254 0.0746619 0.0628189 0.0894164
0.0419083 0.0747645 0.0628982 0.0895649
0.0419924 0.0748677 0.0629776 0.0897136
0.0420776 0.0749716 0.0630572 0.0898627
0.042164 0.075076 0.0631369  0.090012
0.0422515  0.075181 0.0632168 0.0901616
0.0423401 0.0752867 0.0632968 0.0903115
  0.04243 0.0753931  0.063377 0.0904616
0.0425211 0.0755004 0.0634573 0.0906121
0.0426134 0.0756084 0.0635378 0.0907628
 0.042707 0.0757175 0.0636184 0.0909138
0.0428018 0.0758274 0.0636992  0.091065
0.0428978 0.0759382 0.0637801 0.0912166
0.042995  0.07605 0.0638612 0.0913684
0.0430935 0.0761626 0.0639424 0.0915205
0.0431932 0.0762762 0.0640238 0.0916729
0.0432942 0.0763906 0.0641053 0.0918256
0.0433964 0.0765058  0.064187 0.0919785
0.0434998 0.0766219 0.0642689 0.0921318
0.0436044 0.0767389 0.0643508 0.0922853
0.0437102 0.0768567  0.064433 0.0924391
0.0438173 0.0769754 0.0645153 0.0925932
0.0439257 0.0770949 0.0645977 0.0927476
0.0440353 0.0772153 0.0646803 0.0929022
0.0441461 0.0773365 0.0647631 0.0930572
0.0442582 0.0774585  0.064846 0.0932124
0.0443715 0.0775813 0.0649291 0.0933679
0.0444861  0.077705 0.0650123 0.0935237
 0.044602 0.0778296 0.0650957 0.0936798
0.044719 0.077955 0.0651792 0.0938362
0.0448373 0.0780812 0.0652629 0.0939929
0.0449569 0.0782082 0.0653468 0.0941499
0.0450776 0.0783361 0.0654308 0.0943071
0.0451996 0.0784648 0.0655149 0.0944647
0.0453228 0.0785944 0.0655993 0.0946225
0.0454472 0.0787247 0.0656837 0.0947806
0.0455728  0.078856 0.0657684 0.0949391
0.0456997 0.0789881 0.0658532 0.0950978
0.0458277  0.079121 0.0659381 0.0952568
 0.045957 0.0792548 0.0660232 0.0954161
0.0460875 0.0793894 0.0661085 0.0955757
0.0462192 0.0795248 0.0661939 0.0957356
0.0463521 0.0796611 0.0662795 0.0958958
0.0464862 0.0797982 0.0663653 0.0960563
0.0466214 0.0799362 0.0664512 0.0962171
0.0467579  0.080075 0.0665372 0.0963782
0.0468955 0.0802145 0.0666235 0.0965396
0.0470343 0.0803549 0.0667099 0.0967012
0.0471743 0.0804962 0.0667964 0.0968632
0.0473154 0.0806382 0.0668831 0.0970255
0.0474577  0.080781   0.06697 0.0971881
0.0476011 0.0809246 0.067057 0.097351
0.0477457  0.081069 0.0671442 0.0975142
0.0478914 0.0812141 0.0672316 0.0976776
0.0480383 0.0813601 0.0673191 0.0978414
0.0481862 0.0815068 0.0674068 0.0980055
0.0483351 0.0816544 0.0674947 0.0981699
0.0484849 0.0818027 0.0675827 0.0983346
0.0486356 0.0819519 0.0676709 0.0984996
0.0487873 0.0821019 0.0677592  0.098665
0.0489398 0.0822526 0.0678477 0.0988306
0.0490931 0.0824042 0.0679364 0.0989965
0.0492473 0.0825565 0.0680252 0.0991627
0.0494023 0.0827096 0.0681143 0.0993293
0.0495581 0.0828635 0.0682034 0.0994961
0.0497146 0.0830181 0.0682928 0.0996633
0.0498718 0.0831734 0.0683823 0.0998308
0.0500298 0.0833295 0.0684719 0.0999986
0.0501887 0.0834862 0.0685618  0.100167
0.0503485 0.0836436 0.0686518  0.100335
0.0505091 0.0838015 0.068742 0.100504
0.0506706 0.0839599 0.0688323  0.100673
0.0508331  0.084119 0.0689228  0.100842
0.0509964 0.0842785 0.0690135  0.101012
0.0511606 0.0844386 0.0691044  0.101182
0.0513255 0.0845993 0.0691954  0.101352
0.0514912 0.0847606 0.0692866  0.101523
0.0516576 0.0849226 0.069378 0.101694
0.0518246 0.0850851 0.0694695  0.101865
0.0519923 0.0852482 0.0695612  0.102036
0.0521607  0.085412 0.0696531  0.102208
0.0523297 0.0855764 0.0697451   0.10238
0.0524994 0.0857414 0.0698373  0.102553
0.0526696 0.0859071 0.0699297  0.102726
0.0528409 0.0860734 0.0700223  0.102899
0.0530135 0.0862407 0.070115 0.103072
0.0531872 0.0864087 0.0702079  0.103246
0.0533617 0.0865774 0.070301  0.10342
0.0535372 0.0867467 0.0703943  0.103595
 0.053713 0.0869164 0.0704877  0.103769
0.0538895 0.0870867 0.0705813  0.103944
0.0540669 0.0872575 0.0706751   0.10412
0.0542451 0.0874288 0.070769 0.104296
0.0544241 0.0876007 0.0708632  0.104472
0.0546039 0.0877732 0.0709575  0.104648
0.0547847 0.0879462 0.071052 0.104825
0.0549662 0.0881197 0.0711466  0.105002
0.0551485 0.0882938 0.0712415  0.105179
0.0553316 0.0884684 0.0713365  0.105357
0.0555154 0.0886435 0.0714317  0.105535
   0.0557 0.0888191 0.071527 0.105713
0.0558852 0.0889952 0.0716226  0.105892
0.0560712 0.0891718 0.0717183  0.106071
0.0562578 0.0893489 0.0718142   0.10625
 0.056445 0.0895264 0.0719103   0.10643
0.0566329 0.0897045 0.0720065   0.10661
0.0568215 0.0898829 0.072103  0.10679
0.0570106 0.0900619 0.0721996  0.106971
0.0572003 0.0902412 0.0722964  0.107152
 0.057391 0.0904213 0.0723934  0.107333
0.0575819 0.0906015 0.0724905  0.107515
0.0577733 0.0907822 0.0725879  0.107697
0.0579652 0.0909633 0.0726854  0.107879
0.0581576 0.0911447 0.0727831  0.108062
0.0583505 0.0913266 0.072881 0.108245
0.0585439 0.0915088 0.0729791  0.108429
0.0587378 0.0916914 0.0730773  0.108612
0.0589322 0.0918744 0.0731758  0.108796
0.0591273 0.0920579 0.0732744  0.108981
0.0593226 0.0922416 0.0733732  0.109165
0.0595182 0.0924257 0.0734722  0.109351
0.0597142 0.0926101 0.0735714  0.109536
0.0599106 0.0927948 0.0736707  0.109722
0.0601073 0.0929798 0.0737703  0.109908
0.0603044 0.0931652  0.07387 0.110094
0.0605018 0.0933508 0.0739699  0.110281
0.0606996 0.0935368  0.07407 0.110468
0.0608976  0.093723 0.0741703  0.110656
 0.061096 0.0939096 0.0742708  0.110844
0.0612946 0.0940964 0.0743715  0.111032
0.0614935 0.0942835 0.0744723   0.11122
0.0616926 0.0944708 0.0745734  0.111409
0.0618919 0.0946584 0.0746746  0.111598
0.0620918 0.0948464 0.074776 0.111788
0.0622915 0.0950346 0.0748776  0.111978
0.0624913 0.0952229 0.0749794  0.112168
0.0626913 0.0954114 0.0750814  0.112359
0.0628914 0.0956001 0.0751836   0.11255
0.0630916  0.095789 0.0752859  0.112741
 0.063292 0.0959782 0.0753885  0.112933
0.0634924 0.0961674 0.0754912  0.113125
0.0636929 0.0963569 0.0755942  0.113318
0.0638934 0.0965466 0.0756973   0.11351
0.0640938 0.0967362 0.0758007  0.113703
0.0642945 0.0969262 0.0759042  0.113897
0.0644952 0.0971163 0.0760079  0.114091
0.0646962 0.0973068 0.0761118  0.114285
0.0648971 0.0974974 0.0762159   0.11448
 0.065098 0.0976883 0.0763202  0.114675
0.0652987 0.0978792 0.0764247   0.11487
0.0654993 0.0980702 0.0765294  0.115066
0.0656996 0.0982613 0.0766342  0.115262
0.0658997 0.0984524 0.0767393  0.115458
0.0660997 0.0986436 0.0768446  0.115655
0.0662994 0.0988349  0.07695 0.115852
0.0664987  0.099026 0.0770557  0.116049
0.0666979 0.0992171 0.0771616  0.116247
0.0668962 0.0994082 0.0772676  0.116445
0.0670947 0.0995994 0.0773739  0.116644
0.0672929 0.0997908 0.0774803  0.116843
0.0674911 0.0999822 0.077587 0.117042
0.0676891  0.100174 0.0776938  0.117242
0.0678874  0.100365 0.0778009  0.117442
0.0680855  0.100557 0.0779081  0.117642
0.0682829  0.100749 0.0780156  0.117843
0.0684804  0.100941 0.0781232  0.118044
0.0686775  0.101132 0.0782311  0.118246
0.0688738  0.101324 0.0783391  0.118448
0.0690701  0.101516 0.0784474   0.11865
0.0692656  0.101707 0.0785558  0.118853
0.0694611  0.101899 0.0786645  0.119056
0.0696561  0.102091 0.0787733  0.119259
0.0698504  0.102282 0.0788824  0.119463
0.0700442  0.102474 0.0789917  0.119667
0.0702376  0.102665 0.0791011  0.119872
0.0704306  0.102856 0.0792108  0.120077
0.0706231  0.103048 0.0793207  0.120282
0.0708152  0.103239 0.0794308  0.120488
0.0710069   0.10343 0.079541 0.120694
0.0711984  0.103621 0.0796515    0.1209
0.0713892  0.103813 0.0797622  0.121107
0.0715794  0.104004 0.0798732  0.121314
0.0717691  0.104195 0.0799843  0.121522
0.0719584  0.104385 0.0800956   0.12173
0.0721472  0.104576 0.0802072  0.121938
0.0723354  0.104767 0.080319 0.122147
0.0725229  0.104958 0.0804309  0.122357
0.0727096  0.105148 0.0805431  0.122566
0.0728957  0.105338 0.0806556  0.122776
0.0730811  0.105529 0.0807682  0.122987
0.0732658  0.105719 0.0808811  0.123198
 0.07345 0.105909 0.0809941  0.123409
0.0736336  0.106099 0.0811075  0.123621
0.0738165  0.106288 0.081221 0.123833
0.0739988  0.106478 0.0813347  0.124045
0.0741804  0.106667 0.0814487  0.124258
0.0743612  0.106857 0.0815628  0.124471
0.0745413  0.107046 0.0816772  0.124685
0.0747207  0.107235 0.0817918  0.124899
0.0748994  0.107424 0.0819066  0.125114
0.0750774  0.107613 0.0820216  0.125328
0.0752547  0.107802 0.0821367  0.125544
0.0754312   0.10799 0.082252 0.125759
0.0756069  0.108178 0.0823675  0.125975
0.0757905  0.108311 0.0824831  0.126191
0.0759729  0.108446 0.0825988  0.126407
0.076154 0.108583 0.0827147  0.126623
0.0763345   0.10872 0.0828306   0.12684
0.0765142  0.108857 0.0829465  0.127056
0.0766931  0.108993 0.0830626  0.127273
0.0768698   0.10913 0.0831786  0.127489
0.0770457  0.109265 0.0832947  0.127706
0.077221 0.109401 0.0834108  0.127923
0.0773941  0.109536 0.0835269  0.128139
0.0775649  0.109671 0.0836429  0.128356
0.0777335  0.109807 0.083759 0.128572
0.0778999  0.109942 0.0838749  0.128789
0.0780641  0.110077 0.0839909  0.129005
0.0782264  0.110212 0.0841067  0.129221
0.0783869  0.110347 0.0842225  0.129437
0.0785456  0.110482 0.0843382  0.129652
0.0787026  0.110616 0.0844537  0.129868
0.0788581   0.11075 0.0845692  0.130083
0.0790119  0.110884 0.0846846  0.130298
0.079164 0.111018 0.0847999  0.130513
0.0793145  0.111152 0.0849151  0.130727
0.0794634  0.111285 0.0850302  0.130941
0.0796105  0.111419 0.0851452  0.131155
0.079756 0.111552 0.0852601  0.131369
0.0798998  0.111685 0.0853748  0.131582
0.0800421  0.111818 0.0854895  0.131796
0.0801826  0.111951 0.085604 0.132009
0.0803217  0.112084 0.0857185  0.132221
0.0804591  0.112217 0.0858328  0.132434
0.080595  0.11235 0.085947 0.132646
0.0807294  0.112482 0.0860612  0.132858
0.0808622  0.112615 0.0861752   0.13307
0.0809936  0.112747 0.0862891  0.133281
0.0811234  0.112879 0.0864029  0.133493
0.0812518  0.113011 0.0865166  0.133704
0.0813787  0.113143 0.0866302  0.133915
0.0815042  0.113275 0.0867437  0.134125
0.0816283  0.113407 0.0868571  0.134335
0.081751 0.113539 0.0869703  0.134546
0.0818722   0.11367 0.0870835  0.134755
0.0819922  0.113802 0.0871966  0.134965
0.0821108  0.113933 0.0873095  0.135174
0.0822281  0.114065 0.0874224  0.135383
0.0823441  0.114196 0.0875352  0.135592
0.0824589  0.114327 0.0876478  0.135801
0.0825725  0.114458 0.0877604  0.136009
0.0826849  0.114589 0.0878728  0.136217
0.0827961   0.11472 0.0879852  0.136425
0.0829061  0.114851 0.0880974  0.136633
0.083015 0.114982 0.0882095   0.13684
0.0831229  0.115113 0.0883216  0.137048
0.0832297  0.115243 0.0884335  0.137255
0.0833354  0.115374 0.0885453  0.137461
0.0834402  0.115504 0.088657 0.137668
0.0835427  0.115635 0.0887686  0.137874
0.0836455  0.115765 0.0888801   0.13808
0.0837473  0.115895 0.0889915  0.138285
0.0838485  0.116025 0.0891028  0.138491
0.0839488  0.116155 0.089214 0.138696
0.0840483  0.116285 0.0893251  0.138901
0.0841469  0.116415 0.089436 0.139106
0.0842435  0.116545 0.0895469   0.13931
0.0843393  0.116674 0.0896576  0.139514
0.0844355  0.116804 0.0897683  0.139718
0.0845312  0.116934 0.0898788  0.139922
0.0846263  0.117064 0.0899892  0.140126
0.0847197  0.117193 0.0900995  0.140329
0.0848125  0.117322 0.0902097  0.140532
0.0849047  0.117452 0.0903198  0.140734
0.0849963  0.117581 0.0904298  0.140937
0.0850875  0.117711 0.0905397  0.141139
0.0851784   0.11784 0.0906495  0.141341
0.0852698  0.117969 0.0907591  0.141543
0.0853609  0.118099 0.0908687  0.141744
0.0854506  0.118228 0.0909781  0.141945
0.0855398  0.118357 0.0910875  0.142146
0.0856285  0.118486 0.0911967  0.142347
0.0857167  0.118616 0.0913058  0.142547
0.0858046  0.118745 0.0914148  0.142748
0.0858932  0.118875 0.0915237  0.142948
0.0859816  0.119004 0.0916324  0.143147
0.0860699  0.119134 0.0917411  0.143347
0.0861578  0.119264 0.0918497  0.143546
0.0862454  0.119393 0.0919581  0.143745
0.0863318  0.119523 0.0920664  0.143943
0.086418 0.119653 0.0921746  0.144141
0.0865047  0.119783 0.0922827   0.14434
0.0865914  0.119913 0.0923907  0.144537
0.086678 0.120043 0.0924986  0.144735
0.0867646  0.120174 0.0926064  0.144932
0.0868504  0.120304 0.092714 0.145129
0.086936 0.120434 0.0928216  0.145326
0.0870216  0.120565 0.092929 0.145523
0.0871072  0.120695 0.0930363  0.145719
0.0871928  0.120826 0.0931435  0.145915
0.0872792  0.120957 0.0932506  0.146111
0.087365 0.121088 0.0933575  0.146306
0.0874508  0.121219 0.0934644  0.146501
0.0875366   0.12135 0.0935711  0.146696
0.0876224  0.121482 0.0936777  0.146891
0.0877087  0.121613 0.0937842  0.147085
0.0877951  0.121745 0.0938906  0.147279
0.0878817  0.121877 0.0939969  0.147473
0.0879682  0.122009 0.0941031  0.147667
0.0880547  0.122142 0.0942091   0.14786
0.0881412  0.122274 0.094315 0.148053
0.0882278  0.122407 0.0944208  0.148246
0.0883144   0.12254 0.0945265  0.148438
0.0884011  0.122673 0.0946321  0.148631
0.088488 0.122807 0.0947375  0.148823
0.088575 0.122941 0.0948429  0.149014
0.0886622  0.123074 0.0949481  0.149206
0.0887492  0.123209 0.0950532  0.149397
0.0888363  0.123343 0.0951582  0.149588
0.0889235  0.123478 0.0952631  0.149778
0.089011 0.123612 0.0953678  0.149969
0.0890987  0.123748 0.0954724  0.150159
0.0891868  0.123883 0.0955769  0.150349
0.0892751  0.124018 0.0956813  0.150538
0.089364 0.124154 0.0957856  0.150727
0.0894535   0.12429 0.0958898  0.150916
0.0895433  0.124427 0.0959938  0.151105
0.0896328  0.124564 0.0960977  0.151293
0.0897222  0.124701 0.0962015  0.151481
0.0898115  0.124838 0.0963052  0.151669
0.0899006  0.124976 0.0964087  0.151857
0.0899897  0.125115 0.0965121  0.152044
0.0900796  0.125253 0.0966154  0.152231
0.0901699  0.125392 0.0967186  0.152418
0.0902602  0.125531 0.0968217  0.152604
0.0903513   0.12567 0.0969246   0.15279
0.0904426  0.125809 0.0970275  0.152976
0.0905342  0.125949 0.0971302  0.153162
0.0906255  0.126089 0.0972327  0.153347
0.0907169   0.12623 0.0973352  0.153532
0.0908088  0.126371 0.0974375  0.153717
0.0909009  0.126512 0.0975397  0.153901
0.0909932  0.126654 0.0976418  0.154086
0.0910858  0.126796 0.0977438  0.154269
0.0911786  0.126938 0.0978456  0.154453
0.0912715  0.127081 0.0979473  0.154636
0.0913644  0.127224 0.0980489  0.154819
0.0914575  0.127368 0.0981504  0.155002
0.0915511  0.127512 0.0982517  0.155185
0.0916446  0.127656 0.0983529  0.155367
0.0917385  0.127801 0.098454 0.155549
0.0918327  0.127946 0.0985549   0.15573
0.0919272  0.128091 0.0986558  0.155911
0.0920222  0.128237 0.0987565  0.156092
0.0921174  0.128383 0.0988571  0.156273
0.0922125  0.128529 0.0989575  0.156454
0.0923077  0.128676 0.0990579  0.156634
0.0924029  0.128823 0.0991581  0.156814
0.0924985  0.128971 0.0992581  0.156993
0.0925944  0.129118 0.0993581  0.157172
0.0926901  0.129266 0.0994579  0.157351
0.0927862  0.129415 0.0995576   0.15753
0.0928824  0.129564 0.0996572  0.157708
0.0929789  0.129713 0.0997566  0.157886
0.0930754  0.129862 0.0998559  0.158064
0.093172 0.130011 0.0999551  0.158241
0.0932687  0.130161 0.100054 0.158419
0.0933656  0.130312 0.100153 0.158595
0.0934625  0.130462 0.100252 0.158772
0.0935595  0.130613 0.100351 0.158948
0.0936566  0.130764 0.100449 0.159124
0.0937538  0.130916 0.100547   0.1593
0.0938511  0.131067 0.100646 0.159475
0.0939484  0.131219 0.100744  0.15965
0.0940459  0.131372 0.100842 0.159825
0.0941435  0.131524 0.10094    0.16
0.0942411  0.131677 0.101038 0.160174
0.0943388   0.13183 0.101135 0.160348
0.0944361  0.131984 0.101233 0.160521
0.0945335  0.132138  0.10133 0.160694
0.0946313  0.132292 0.101427 0.160867
0.0947292  0.132446 0.101524  0.16104
0.0948271    0.1326 0.101621 0.161212
0.0949248  0.132755 0.101718 0.161384
0.0950228   0.13291 0.101815 0.161556
0.0951208  0.133065 0.101911 0.161727
0.0952187  0.133221 0.102008 0.161898
0.0953166  0.133377 0.102104 0.162069
0.0954145  0.133533  0.1022 0.16224
0.0955125  0.133689 0.102296  0.16241
0.0956104  0.133846 0.102392  0.16258
0.0957085  0.134003 0.102488 0.162749
0.0958065   0.13416 0.102583 0.162918
0.0959046  0.134317 0.102679 0.163087
0.0960027  0.134475 0.102774 0.163256
0.0961006  0.134633  0.10287 0.163424
0.0961987  0.134791 0.102965 0.163592
0.0962966   0.13495 0.10306 0.16376
0.0963947  0.135109 0.103154 0.163927
0.0964926  0.135268 0.103249 0.164094
0.0965905  0.135427 0.103343 0.164261
0.0966882  0.135587 0.103438 0.164427
0.0967861  0.135747 0.103532 0.164593
0.0968835  0.135907 0.103626 0.164759
0.0969811  0.136067  0.10372 0.164924
0.0970786  0.136227 0.103814 0.165089
0.0971756  0.136388 0.103908 0.165254
0.0972726  0.136548 0.104001 0.165418
0.0973694  0.136709 0.104095 0.165583
0.0974662  0.136869 0.104188 0.165746
0.0975632   0.13703 0.104281  0.16591
 0.09766 0.137191 0.104374 0.166073
0.0977567  0.137352 0.104467 0.166236
0.0978533  0.137514  0.10456 0.166398
0.0979497  0.137675 0.104652 0.166561
0.0980461  0.137837 0.104745 0.166722
0.0981423  0.137998 0.104837 0.166884
0.0982386   0.13816 0.104929 0.167045
0.0983347  0.138322 0.105021 0.167206
0.0984305  0.138484 0.105113 0.167367
0.0985262  0.138647 0.105205 0.167527
0.0986217  0.138809 0.105296 0.167687
0.0987171  0.138971 0.105388 0.167846
0.0988123  0.139134 0.105479 0.168006
0.0989076  0.139297  0.10557 0.168164
0.0990032   0.13946 0.105661 0.168323
0.0990984  0.139623 0.105752 0.168481
0.0991934  0.139786 0.105843 0.168639
0.0992881  0.139949 0.105933 0.168797
0.0993826  0.140112 0.106024 0.168954
0.0994768  0.140275 0.106114 0.169111
0.0995707  0.140439 0.106204 0.169267
0.0996645  0.140602 0.106294 0.169424
0.0997581  0.140765 0.106384  0.16958
0.0998515  0.140929 0.106474 0.169735
0.0999447  0.141092 0.106563  0.16989
0.100038 0.141255 0.106653 0.170045
 0.10013 0.141419 0.106742   0.1702
0.100222 0.141582 0.106831 0.170354
0.100314 0.141746  0.10692 0.170508
0.100406 0.141909 0.107009 0.170661
0.100498 0.142073 0.107098 0.170815
 0.10059 0.142236 0.107186 0.170967
0.100681   0.1424 0.107275  0.17112
0.100773 0.142564 0.107363 0.171272
0.100864 0.142728 0.107451 0.171424
0.100954 0.142891 0.107539 0.171575
0.101045 0.143055 0.107627 0.171726
0.101135 0.143219 0.107714 0.171877
0.101225 0.143383 0.107802 0.172028
0.101315 0.143546 0.107889 0.172178
0.101404  0.14371 0.107976 0.172327
0.101494 0.143874 0.108063 0.172477
0.101583 0.144038  0.10815 0.172626
0.101672 0.144201 0.108237 0.172774
0.101743 0.144355 0.108324 0.172923
0.101815 0.144508  0.10841 0.173071
0.101887 0.144662 0.108496 0.173218
0.101957 0.144815 0.108582 0.173366
0.102025 0.144968 0.108668 0.173512
0.102092 0.145121 0.108754 0.173659
0.102157 0.145273  0.10884 0.173805
0.102221 0.145426 0.108925 0.173951
0.102283 0.145578 0.109011 0.174097
0.102343 0.145729 0.109096 0.174242
0.102401  0.14588 0.109181 0.174387
0.102458  0.14603 0.109266 0.174531
0.102514  0.14618 0.109351 0.174675
0.102569 0.146328 0.109435 0.174819
0.102622 0.146476  0.10952 0.174962
0.102675 0.146624 0.109604 0.175105
0.102727 0.146772 0.109688 0.175248
0.102778 0.146919 0.109772  0.17539
0.102829 0.147065 0.109856 0.175532
0.102879 0.147212  0.10994 0.175673
0.102929 0.147358 0.110023 0.175815
0.102978 0.147504 0.110106 0.175955
0.103027  0.14765  0.11019 0.176096
0.103076 0.147795 0.110273 0.176236
0.103124  0.14794 0.110355 0.176376
0.103173 0.148085 0.110438 0.176515
0.103221 0.148229 0.110521 0.176654
0.103269 0.148373 0.110603 0.176793
0.103317 0.148517 0.110685 0.176931
0.103365 0.148661 0.110767 0.177069
0.103413 0.148804 0.110849 0.177206
0.103461 0.148947 0.110931 0.177343
0.103509  0.14909 0.111012  0.17748
0.103557 0.149233 0.111094 0.177616
0.103605 0.149376 0.111175 0.177752
0.103653 0.149518 0.111256 0.177888
0.103701  0.14966 0.111337 0.178023
 0.10375 0.149803 0.111418 0.178158
0.103798 0.149945 0.111499 0.178293
0.103847 0.150087 0.111579 0.178427
0.103895 0.150228 0.111659 0.178561
0.103944  0.15037 0.111739 0.178694
0.103993 0.150512 0.111819 0.178827
0.104042 0.150653 0.111899  0.17896
0.104092 0.150795 0.111979 0.179092
0.104141 0.150936 0.112058 0.179224
0.104191 0.151077 0.112138 0.179355
0.104241 0.151218 0.112217 0.179486
0.104291 0.151358 0.112296 0.179617
0.104342 0.151499 0.112374 0.179747
0.104393 0.151639 0.112453 0.179877
0.104444 0.151779 0.112532 0.180007
0.104495 0.151919  0.11261 0.180136
0.104547 0.152058 0.112688 0.180265
0.104599 0.152197 0.112766 0.180393
0.104651 0.152336 0.112844 0.180521
0.104703 0.152475 0.112921 0.180649
0.104756 0.152614 0.112999 0.180776
0.104809 0.152752 0.113076 0.180903
0.104863 0.152891 0.113153 0.181029
0.104916 0.153029  0.11323 0.181155
0.104971 0.153166 0.113307 0.181281
0.105025 0.153304 0.113384 0.181406
 0.10508 0.153441  0.11346 0.181531
0.105136 0.153578 0.113536 0.181656
0.105191 0.153714 0.113612  0.18178
0.105247 0.153851 0.113688 0.181904
0.105304 0.153987 0.113764 0.182027
0.105361 0.154123 0.11384 0.18215
0.105418 0.154259 0.113915 0.182272
0.105476 0.154394  0.11399 0.182394
0.105534  0.15453 0.114065 0.182516
0.105592 0.154665  0.11414 0.182637
0.105651   0.1548 0.114215 0.182758
 0.10571 0.154935  0.11429 0.182879
0.105769  0.15507 0.114364 0.182999
0.105829 0.155204 0.114438 0.183119
0.105889 0.155338 0.114512 0.183238
0.105949 0.155473 0.114586 0.183357
 0.10601 0.155607  0.11466 0.183475
0.106071  0.15574 0.114733 0.183594
0.106132 0.155874 0.114807 0.183711
0.106193 0.156007  0.11488 0.183828
0.106255  0.15614 0.114953 0.183945
0.106317 0.156273 0.115026 0.184062
 0.10638 0.156406 0.115098 0.184178
0.106442 0.156538 0.115171 0.184293
0.106505 0.156671 0.115243 0.184409
0.106568 0.156803 0.115315 0.184524
0.106631 0.156935 0.115387 0.184638
0.106695 0.157067 0.115459 0.184752
0.106759 0.157198  0.11553 0.184865
0.106823  0.15733 0.115602 0.184979
0.106887 0.157461 0.115673 0.185091
0.106951 0.157592 0.115744 0.185204
0.107016 0.157723 0.115815 0.185316
0.107081 0.157853 0.115885 0.185427
0.107145 0.157984 0.115956 0.185538
0.107211 0.158114 0.116026 0.185649
0.107276 0.158244 0.116096 0.185759
0.107341 0.158374 0.116166 0.185869
0.107407 0.158503 0.116236 0.185978
0.107472 0.158633 0.116305 0.186087
0.107538 0.158762 0.116375 0.186196
0.107604 0.158891 0.116444 0.186304
0.10767 0.15902 0.116513 0.186412
0.107736 0.159149 0.116582 0.186519
0.107803 0.159278  0.11665 0.186626
0.107869 0.159406 0.116719 0.186732
0.107935 0.159534 0.116787 0.186838
0.108002 0.159663 0.116855 0.186944
0.108068 0.159791 0.116923 0.187049
0.108135 0.159918 0.116991 0.187153
0.108202 0.160046 0.117058 0.187258
0.108268 0.160174 0.117126 0.187362
0.108335 0.160301 0.117193 0.187465
0.108402 0.160428  0.11726 0.187568
0.108469 0.160555 0.117326  0.18767
0.108536 0.160682 0.117393 0.187773
0.108602 0.160809 0.117459 0.187874
0.108669 0.160936 0.117526 0.187975
0.108736 0.161062 0.117592 0.188076
0.108803 0.161189 0.117658 0.188177
 0.10887 0.161315 0.117723 0.188276
0.108937 0.161441 0.117789 0.188376
0.109004 0.161567 0.117854 0.188475
 0.10907 0.161693 0.117919 0.188574
0.109137 0.161818 0.117984 0.188672
0.109204 0.161941 0.118049 0.188769
0.109271 0.162061 0.118113 0.188867
0.109337 0.162181 0.118177 0.188963
0.109403 0.162299 0.118241  0.18906
 0.10947 0.162417 0.118305 0.189156
0.109536 0.162536 0.118369 0.189251
0.109602 0.162654 0.118433 0.189346
0.109669 0.162772 0.118496 0.189441
0.109735 0.162891 0.118559 0.189535
0.109801 0.163009 0.118622 0.189629
0.109867 0.163128 0.118685 0.189722
0.109932 0.163246 0.118747 0.189815
0.109975 0.163385  0.11881 0.189907
0.110017 0.163525 0.118872 0.189999
0.110059 0.163665 0.118934  0.19009
0.110101 0.163803 0.118996 0.190181
0.110144 0.163942 0.119057 0.190272
0.110188 0.164079 0.119118 0.190362
0.110233 0.164215  0.11918 0.190451
0.110278 0.164349 0.119241  0.19054
0.110325 0.164483 0.119301 0.190629
0.110372 0.164617 0.119362 0.190717
0.110445 0.164728 0.119422 0.190805
0.110518  0.16484 0.119482 0.190892
0.110591 0.164952 0.119542 0.190979
0.110664 0.165064 0.119602 0.191065
0.110736 0.165177 0.119662 0.191151
0.110809 0.165289 0.119721 0.191237
0.110881 0.165401  0.11978 0.191322
0.110952 0.165514 0.119839 0.191406
0.111023 0.165626 0.119898  0.19149
0.111094 0.165739 0.119957 0.191574
0.111164  0.16585 0.120015 0.191657
0.111233 0.165961 0.120073 0.191739
0.111303 0.166073 0.120131 0.191821
0.111372 0.166185 0.120189 0.191903
0.111441 0.166296 0.120246 0.191984
0.111509 0.166407 0.120304 0.192065
0.111578 0.166518 0.120361 0.192145
0.111646 0.166627 0.120418 0.192225
0.111714 0.166737 0.120475 0.192304
0.111782 0.166844 0.120531 0.192383
 0.11185 0.166951 0.120587 0.192462
0.111918 0.167059 0.120643 0.192539
0.111986 0.167166 0.120699 0.192617
0.112053 0.167273 0.120755 0.192694
0.112121  0.16738 0.120811  0.19277
0.112189 0.167487 0.120866 0.192846
0.112256 0.167592 0.120921 0.192922
0.112324 0.167698 0.120976 0.192997
0.112391 0.167802  0.12103 0.193071
0.112458 0.167907 0.121085 0.193145
0.112525 0.168012 0.121139 0.193219
0.112593 0.168117 0.121193 0.193292
 0.11266 0.168221 0.121247 0.193364
0.112727 0.168325 0.121301 0.193437
0.112794 0.168429 0.121354 0.193508
0.112861 0.168532 0.121407 0.193579
0.112928 0.168635 0.12146 0.19365
0.112995 0.168739 0.121513  0.19372
0.113062 0.168841 0.121565  0.19379
0.113129 0.168944 0.121618 0.193859
0.113196 0.169046  0.12167 0.193927
0.113264  0.16915 0.121722 0.193996
0.113331 0.169253 0.121774 0.194063
0.113399 0.169356 0.121825  0.19413
0.113465 0.169457 0.121876 0.194197
0.113532 0.169558 0.121927 0.194263
0.113599 0.169658 0.121978 0.194329
0.113666 0.169759 0.122029 0.194394
0.113733  0.16986 0.122079 0.194459
0.113801 0.169961 0.122129 0.194523
0.113868 0.170062 0.122179 0.194587
0.113935 0.170163 0.122229  0.19465
0.114002 0.170263 0.122279 0.194712
0.114069 0.170363 0.122328 0.194775
0.114136 0.170463 0.122377 0.194836
0.114203 0.170562 0.122426 0.194897
 0.11427 0.170661 0.122475 0.194958
0.114337  0.17076 0.122523 0.195018
0.114404 0.170859 0.122571 0.195078
0.114471 0.170957 0.122619 0.195137
0.114538 0.171055 0.122667 0.195195
0.114605 0.171153 0.122715 0.195254
0.114671 0.171249 0.122762 0.195311
0.114738 0.171346 0.122809 0.195368
0.114805 0.171443 0.122856 0.195425
0.114872  0.17154 0.122903 0.195481
0.114938 0.171635 0.122949 0.195536
0.115005 0.171731 0.122995 0.195591
0.115072 0.171827 0.123041 0.195646
0.115139 0.171923 0.123087   0.1957
0.115205 0.172018 0.123132 0.195753
0.115272 0.172113 0.123178 0.195806
0.115339 0.172208 0.123223 0.195858
0.115405 0.172301 0.123268  0.19591
0.115472 0.172395 0.123312 0.195961
0.115539 0.172489 0.123357 0.196012
0.115605 0.172583 0.123401 0.196062
0.115672 0.172676 0.123445 0.196112
0.115738 0.172769 0.123489 0.196161
0.115805 0.172862 0.123532  0.19621
0.115872 0.172954 0.123575 0.196258
0.115938 0.173046 0.123618 0.196306
0.116005 0.173138 0.123661 0.196353
0.116071 0.173229 0.123704 0.196399
0.116138  0.17332 0.123746 0.196445
0.116204 0.173411 0.123788 0.196491
0.116271 0.173501  0.12383 0.196536
0.116337 0.173591 0.123872  0.19658
0.116403 0.173681 0.123913 0.196624
0.11647 0.17377 0.123954 0.196667
0.116536 0.173859 0.123995  0.19671
0.116603 0.173947 0.124036 0.196752
0.116669 0.174034 0.124076 0.196794
0.116734 0.174121 0.124117 0.196835
  0.1168 0.174207 0.124157 0.196876
0.116867 0.174294 0.124196 0.196916
0.116933 0.174379 0.124236 0.196955
0.116999 0.174466 0.124275 0.196994
0.117065 0.174552 0.124314 0.197033
0.117132 0.174638 0.124353 0.197071
0.117198 0.174722 0.124392 0.197108
0.117264 0.174806  0.12443 0.197145
 0.11733 0.174889 0.124468 0.197181
0.117395 0.174971 0.124506 0.197216
0.117462 0.175055 0.124543 0.197251
0.117528 0.175138 0.124581 0.197286
0.117594 0.175221 0.124618  0.19732
 0.11766 0.175303 0.124655 0.197353
0.117726 0.175383 0.124692 0.197386
0.117792 0.175463 0.124728 0.197419
0.117858 0.175543 0.124764  0.19745
0.117924 0.175623   0.1248 0.197481
 0.11799 0.175702 0.124836 0.197512
0.118056 0.175782 0.124871 0.197542
0.118122  0.17586 0.124906 0.197571
0.118187 0.175937 0.124941   0.1976
0.118253 0.176015 0.124976 0.197629
 0.11832 0.176093  0.12501 0.197656
0.118386  0.17617 0.125045 0.197684
0.118452 0.176247 0.125079  0.19771
0.118518 0.176323 0.125112 0.197736
0.118584 0.176398 0.125146 0.197762
 0.11865 0.176473 0.125179 0.197787
0.118716 0.176547 0.125212 0.197811
0.118782 0.176621 0.125245 0.197835
0.118848 0.176694 0.125277 0.197858
0.118914 0.176767 0.125309 0.197881
 0.11898 0.176839 0.125341 0.197903
0.119046  0.17691 0.125373 0.197924
0.119112 0.176981 0.125404 0.197945
0.119178 0.177051 0.125436 0.197965
0.119244 0.177121 0.125467 0.197985
0.11931 0.17719 0.125497 0.198004
0.119376 0.177258 0.125528 0.198022
0.119447 0.177371 0.125558  0.19804
0.119519 0.177481 0.125588 0.198058
0.11959 0.17759 0.125618 0.198074
 0.11966 0.177699 0.125647  0.19809
0.119728 0.177806 0.125676 0.198106
0.119794 0.177913 0.125705 0.198121
0.119858 0.178019 0.125734 0.198135
0.119921 0.178124 0.125762 0.198149
0.119982 0.178228  0.12579 0.198162
0.120041 0.178331 0.125818 0.198175
0.120098 0.178432 0.125846 0.198187
0.120155 0.178532 0.125873 0.198198
 0.12021 0.178631   0.1259 0.198209
0.120265 0.178729 0.125927 0.198219
0.120318 0.178826 0.125954 0.198229
0.120371 0.178921  0.12598 0.198238
0.120423 0.179015 0.126006 0.198246
0.120474 0.179108 0.126032 0.198254
0.120535 0.179211 0.126057 0.198261
0.120594 0.179314 0.126083 0.198268
0.120654 0.179415 0.126108 0.198273
0.120712 0.179516 0.126132 0.198279
0.120771 0.179615 0.126157 0.198284
0.120829 0.179713 0.126181 0.198288
0.120886 0.179811 0.126205 0.198291
0.120943 0.179907 0.126229 0.198294
   0.121 0.180003 0.126252 0.198296
0.121056 0.180098 0.126275 0.198298
0.121112 0.180191 0.126298 0.198299
0.121167 0.180284 0.126321 0.198299
0.121222 0.180375 0.126343 0.198299
0.121276 0.180466 0.126365 0.198298
 0.12133 0.180555 0.126387 0.198297
0.121384 0.180644 0.126409 0.198295
0.121438 0.180731  0.12643 0.198292
0.121491 0.180817 0.126451 0.198289
0.121544 0.180902 0.126472 0.198285
0.121597 0.180986 0.126492  0.19828
0.121649 0.181069 0.126512 0.198275
0.121702 0.181151 0.126532 0.198269
0.121754 0.181232 0.126552 0.198262
0.121806 0.181311 0.126571 0.198255
0.121858  0.18139  0.12659 0.198247
0.121909 0.181468 0.126609 0.198239
0.121961 0.181544 0.126628  0.19823
0.122012  0.18162 0.126646  0.19822
0.122063 0.181694 0.126664  0.19821
0.122114 0.181767 0.126681 0.198199
0.122165 0.181839 0.126699 0.198187
0.122215  0.18191 0.126716 0.198175
0.122265  0.18198 0.126733 0.198162
0.122316 0.182049 0.126749 0.198148
0.122366 0.182117 0.126765 0.198133
0.122416 0.182183 0.126781 0.198118
0.122465 0.182248 0.126797 0.198103
0.122515 0.182313 0.126812 0.198086
0.122564 0.182376 0.126827 0.198069
0.122614 0.182438 0.126842 0.198052
0.122663 0.182498 0.126857 0.198033
0.122711 0.182558 0.126871 0.198014
 0.12276 0.182616 0.126885 0.197995
0.122808 0.182673 0.126899 0.197975
0.122856 0.182729 0.126912 0.197954
0.122904 0.182784 0.126925 0.197933
0.122951 0.182837 0.126938 0.197911
0.122998 0.182889 0.126951 0.197889
0.123045  0.18294 0.126964 0.197866
0.123092 0.182989 0.126977 0.197843
 0.0259259 -0.0337866  0.0269974 -0.0221618
 0.0259723 -0.0337365  0.0270328 -0.0221348
  0.026018 -0.0336873  0.0270785 -0.0220851
  0.026063 -0.0336391   0.027131 -0.0220206
 0.0261074 -0.0335917  0.0271873 -0.0219477
 0.0261201 -0.0335472  0.0272451 -0.0218716
 0.0261322 -0.0335028  0.0273026 -0.0217963
 0.0261516 -0.0334679  0.0273584 -0.0217248
 0.0261747 -0.0334339  0.0274114 -0.0216595
  0.026199 -0.0333993   0.027461 -0.0216018
 0.0262199 -0.0333554  0.0275068 -0.0215525
 0.0262378 -0.0333147  0.0275486 -0.0215123
0.0262525 -0.033277 0.0275863 -0.021481
 0.0262659 -0.0332449  0.0276201 -0.0214584
 0.0262788 -0.0332223  0.0276502 -0.0214441
 0.0262909 -0.0332077  0.0276768 -0.0214375
0.0263016 -0.033198  0.0277003 -0.0214379
 0.0263114 -0.0331917  0.0277211 -0.0214444
 0.0263209 -0.0331877  0.0277394 -0.0214563
 0.0263303 -0.0331851  0.0277557 -0.0214729
 0.0263402 -0.0331833  0.0277703 -0.0214934
 0.0263505 -0.0331818  0.0277834 -0.0215171
 0.0263614 -0.0331805  0.0277954 -0.0215434
0.0263731 -0.033179  0.0278065 -0.0215718
 0.0263855 -0.0331772  0.0278169 -0.0216018
 0.0263987 -0.0331751  0.0278268 -0.0216329
 0.0264125 -0.0331727  0.0278364 -0.0216648
 0.0264265 -0.0331702  0.0278459 -0.0216973
 0.0264409 -0.0331674 0.0278553  -0.02173
 0.0264556 -0.0331644  0.0278647 -0.0217627
 0.0264705 -0.0331613  0.0278741 -0.0217954
 0.0264856 -0.0331578  0.0278837 -0.0218278
 0.0265009 -0.0331541  0.0278935 -0.0218601
 0.0265164 -0.0331499 0.0279034 -0.021892
  0.026532 -0.0331454  0.0279136 -0.0219235
 0.0265478 -0.0331404   0.027924 -0.0219547
 0.0265638 -0.0331348  0.0279345 -0.0219856
 0.0265801 -0.0331287  0.0279453 -0.0220162
0.0265965 -0.033122  0.0279562 -0.0220464
 0.0266131 -0.0331146  0.0279673 -0.0220764
   0.02663 -0.0331065  0.0279786 -0.0221061
  0.026647 -0.0330978    0.02799 -0.0221357
 0.0266643 -0.0330884 0.0280015 -0.022165
 0.0266818 -0.0330784  0.0280132 -0.0221943
 0.0266995 -0.0330676  0.0280249 -0.0222234
 0.0267174 -0.0330562  0.0280367 -0.0222524
 0.0267355 -0.0330442  0.0280486 -0.0222814
 0.0267538 -0.0330314  0.0280606 -0.0223104
0.0267723 -0.033018  0.0280726 -0.0223393
 0.026791 -0.033004  0.0280846 -0.0223682
   0.02681 -0.0329894  0.0280967 -0.0223972
 0.0268291 -0.0329741  0.0281088 -0.0224261
 0.0268485 -0.0329582   0.028121 -0.0224551
  0.026868 -0.0329417  0.0281332 -0.0224842
 0.0268877 -0.0329246  0.0281454 -0.0225133
  0.026912 -0.0329033  0.0281577 -0.0225424
 0.0269364 -0.0328816  0.0281699 -0.0225716
 0.0269608 -0.0328595  0.0281822 -0.0226009
 0.0269863 -0.0328373  0.0281945 -0.0226302
 0.0270128 -0.0328154  0.0282068 -0.0226596
 0.0270403 -0.0327938 0.0282192 -0.022689
 0.0270689 -0.0327724  0.0282316 -0.0227185
 0.0270984 -0.0327514   0.028244 -0.0227481
 0.0271289 -0.0327306  0.0282564 -0.0227776
 0.0271603 -0.0327099  0.0282689 -0.0228073
 0.0271927 -0.0326894 0.0282813 -0.022837
 0.027226 -0.032669  0.0282938 -0.0228667
 0.0272601 -0.0326487  0.0283064 -0.0228965
 0.0272952 -0.0326283  0.0283189 -0.0229264
 0.0273311 -0.0326081  0.0283315 -0.0229562
  0.027368 -0.0325878  0.0283441 -0.0229862
 0.0274057 -0.0325676  0.0283568 -0.0230161
 0.0274444 -0.0325473  0.0283695 -0.0230462
 0.0274839 -0.0325272  0.0283822 -0.0230762
 0.0275244 -0.0325071  0.0283949 -0.0231063
 0.0275657 -0.0324871  0.0284077 -0.0231365
 0.0276079 -0.0324671  0.0284205 -0.0231666
  0.027651 -0.0324473  0.0284333 -0.0231969
 0.0276949 -0.0324276  0.0284462 -0.0232271
 0.0277396 -0.0324081  0.0284591 -0.0232575
 0.0277852 -0.0323886   0.028472 -0.0232878
 0.0278316 -0.0323694  0.0284849 -0.0233182
 0.0278789 -0.0323503  0.0284979 -0.0233486
 0.0279269 -0.0323314  0.0285109 -0.0233791
 0.0279759 -0.0323127   0.028524 -0.0234096
 0.0280256 -0.0322942  0.0285371 -0.0234402
 0.0280761 -0.0322759  0.0285502 -0.0234708
 0.0281274 -0.0322578  0.0285633 -0.0235014
 0.0281796 -0.0322399  0.0285765 -0.0235321
 0.0282325 -0.0322223  0.0285897 -0.0235629
 0.0282861 -0.0322049  0.0286029 -0.0235937
 0.0283406 -0.0321877  0.0286162 -0.0236245
 0.0283958 -0.0321707  0.0286295 -0.0236553
0.0284517 -0.032154  0.0286428 -0.0236862
 0.0285084 -0.0321376  0.0286562 -0.0237172
 0.0285658 -0.0321214  0.0286696 -0.0237482
  0.028624 -0.0321055   0.028683 -0.0237792
 0.0286828 -0.0320898  0.0286965 -0.0238103
 0.0287424 -0.0320744    0.02871 -0.0238414
 0.0288027 -0.0320593  0.0287235 -0.0238726
 0.0288636 -0.0320444   0.028737 -0.0239038
 0.0289278 -0.0320299  0.0287506 -0.0239351
 0.0289921 -0.0320157  0.0287642 -0.0239664
 0.0290565 -0.0320018  0.0287779 -0.0239977
 0.0291211 -0.0319881  0.0287916 -0.0240291
 0.0291858 -0.0319747  0.0288053 -0.0240606
 0.0292506 -0.0319615   0.028819 -0.0240921
 0.0293154 -0.0319487  0.0288328 -0.0241236
 0.0293802 -0.0319361  0.0288466 -0.0241552
 0.0294451 -0.0319238  0.0288604 -0.0241868
   0.02951 -0.0319119  0.0288743 -0.0242185
 0.0295749 -0.0319002  0.0288882 -0.0242502
 0.0296399 -0.0318888  0.0289022 -0.0242819
 0.0297049 -0.0318777  0.0289161 -0.0243137
   0.02977 -0.0318669  0.0289301 -0.0243456
 0.0298351 -0.0318564  0.0289442 -0.0243775
 0.0299002 -0.0318463  0.0289582 -0.0244094
 0.0299655 -0.0318364  0.0289723 -0.0244414
 0.0300307 -0.0318268  0.0289865 -0.0244735
 0.0300959 -0.0318174  0.0290006 -0.0245056
 0.0301611 -0.0318084  0.0290148 -0.0245377
 0.0302262 -0.0317997  0.0290291 -0.0245699
 0.0302914 -0.0317913  0.0290433 -0.0246021
 0.0303564 -0.0317832  0.0290576 -0.0246344
 0.0304214 -0.0317754   0.029072 -0.0246667
 0.0304864 -0.0317679 0.0290863 -0.024699
 0.0305513 -0.0317607  0.0291007 -0.0247314
 0.0306161 -0.0317538  0.0291152 -0.0247639
 0.0306808 -0.0317472  0.0291296 -0.0247964
 0.0307455 -0.0317409 0.0291441 -0.024829
   0.03081 -0.0317349  0.0291586 -0.0248616
 0.0308744 -0.0317293  0.0291732 -0.0248942
0.0309388 -0.031724  0.0291878 -0.0249269
 0.031003 -0.031719  0.0292024 -0.0249597
 0.0310672 -0.0317143  0.0292171 -0.0249925
 0.0311312 -0.0317099  0.0292318 -0.0250253
 0.0311951 -0.0317058  0.0292465 -0.0250582
 0.0312589 -0.0317021  0.0292613 -0.0250912
 0.0313225 -0.0316987  0.0292761 -0.0251241
  0.031386 -0.0316956  0.0292909 -0.0251572
 0.0314493 -0.0316928  0.0293058 -0.0251903
 0.0315124 -0.0316903  0.0293207 -0.0252234
 0.0315753 -0.0316882  0.0293356 -0.0252566
  0.031638 -0.0316864  0.0293506 -0.0252898
0.0317004 -0.031685  0.0293656 -0.0253231
 0.0317626 -0.0316839  0.0293806 -0.0253565
 0.0318245 -0.0316831  0.0293957 -0.0253898
 0.0318862 -0.0316826  0.0294108 -0.0254233
 0.0319476 -0.0316824  0.0294259 -0.0254568
 0.0320088 -0.0316825  0.0294411 -0.0254903
0.0320697 -0.031683  0.0294563 -0.0255239
 0.0321304 -0.0316837  0.0294716 -0.0255575
 0.0321908 -0.0316848  0.0294868 -0.0255912
 0.0322509 -0.0316861  0.0295021 -0.0256249
 0.0323108 -0.0316878  0.0295175 -0.0256587
 0.0323704 -0.0316898  0.0295329 -0.0256926
 0.0324298 -0.0316921  0.0295483 -0.0257264
  0.032489 -0.0316946  0.0295637 -0.0257604
 0.0325479 -0.0316975  0.0295792 -0.0257944
 0.0326064 -0.0317007  0.0295947 -0.0258284
 0.0326645 -0.0317041  0.0296103 -0.0258625
 0.0327222 -0.0317079  0.0296259 -0.0258966
0.0327794 -0.031712  0.0296415 -0.0259308
 0.0328362 -0.0317164  0.0296571 -0.0259651
 0.0328925 -0.0317211  0.0296728 -0.0259994
 0.0329484 -0.0317262  0.0296886 -0.0260337
 0.0330039 -0.0317315  0.0297043 -0.0260681
 0.0330591 -0.0317371  0.0297201 -0.0261026
0.0331138 -0.031743  0.0297359 -0.0261371
 0.0331682 -0.0317492  0.0297518 -0.0261717
 0.0332222 -0.0317557  0.0297677 -0.0262063
  0.033276 -0.0317624  0.0297837 -0.0262409
 0.0333293 -0.0317695  0.0297996 -0.0262756
 0.0333824 -0.0317768  0.0298156 -0.0263104
 0.0334352 -0.0317844  0.0298317 -0.0263452
 0.0334876 -0.0317923  0.0298478 -0.0263801
 0.0335398 -0.0318005 0.0298639 -0.026415
0.0335917 -0.031809  0.02988 -0.02645
 0.0336434 -0.0318177  0.0298962 -0.0264851
 0.0336947 -0.0318267  0.0299124 -0.0265202
0.0337459 -0.031836  0.0299287 -0.0265553
 0.0337969 -0.0318456   0.029945 -0.0265905
 0.0338476 -0.0318555  0.0299613 -0.0266257
 0.0338981 -0.0318656 0.0299777 -0.026661
0.0339485 -0.031876  0.0299941 -0.0266964
 0.0339986 -0.0318867  0.0300105 -0.0267318
 0.0340485 -0.0318976   0.030027 -0.0267673
 0.0340983 -0.0319088  0.0300435 -0.0268028
 0.0341479 -0.0319203  0.0300601 -0.0268384
 0.0341974 -0.0319321 0.0300767 -0.026874
 0.0342466 -0.0319441  0.0300933 -0.0269097
 0.0342958 -0.0319564    0.03011 -0.0269454
0.0343448 -0.031969  0.0301266 -0.0269812
 0.0343936 -0.0319818  0.0301434 -0.0270171
 0.0344424 -0.0319949 0.0301601 -0.027053
  0.034491 -0.0320083  0.030177 -0.027089
 0.0345395 -0.0320219 0.0301938 -0.027125
 0.0345879 -0.0320358  0.0302107 -0.0271611
 0.0346362 -0.0320499  0.0302276 -0.0271972
 0.0346843 -0.0320643  0.0302445 -0.0272334
0.0347324 -0.032079  0.0302615 -0.0272696
 0.0347804 -0.0320939  0.0302786 -0.0273059
 0.0348283 -0.0321091  0.0302956 -0.0273423
 0.0348761 -0.0321245  0.0303127 -0.0273787
 0.0349238 -0.0321402  0.0303299 -0.0274152
 0.0349714 -0.0321562   0.030347 -0.0274517
  0.035019 -0.0321724  0.0303643 -0.0274883
 0.0350664 -0.0321888  0.0303815 -0.0275249
 0.0351138 -0.0322055  0.0303988 -0.0275616
  0.035161 -0.0322224  0.0304161 -0.0275984
 0.0352083 -0.0322396  0.0304335 -0.0276352
0.0352554 -0.032257 0.0304509 -0.027672
 0.0353024 -0.0322747 0.0304683 -0.027709
 0.0353494 -0.0322926  0.0304858 -0.0277459
 0.0353963 -0.0323108 0.0305033 -0.027783
 0.0354431 -0.0323292  0.0305209 -0.0278201
 0.0354898 -0.0323478  0.0305385 -0.0278572
 0.0355365 -0.0323667  0.0305561 -0.0278945
 0.0355831 -0.0323858  0.0305738 -0.0279317
 0.0356296 -0.0324052  0.0305915 -0.0279691
  0.035676 -0.0324248  0.0306092 -0.0280065
 0.0357223 -0.0324446   0.030627 -0.0280439
 0.0357686 -0.0324647  0.0306448 -0.0280814
 0.0358149 -0.0324849 0.0306627 -0.028119
 0.0358611 -0.0325053  0.0306806 -0.0281566
 0.0359072 -0.0325259  0.0306985 -0.0281943
 0.0359532 -0.0325467  0.0307165 -0.0282321
  0.035999 -0.0325676  0.0307345 -0.0282699
 0.0360447 -0.0325888  0.0307526 -0.0283077
 0.0360904 -0.0326101  0.0307707 -0.0283457
 0.0361359 -0.0326316  0.0307888 -0.0283836
 0.0361812 -0.0326532   0.030807 -0.0284217
 0.0362265 -0.0326751  0.0308252 -0.0284598
 0.0362716 -0.0326971 0.0308434 -0.028498
 0.0363166 -0.0327194  0.0308617 -0.0285362
 0.0363614 -0.0327418    0.03088 -0.0285745
 0.0364061 -0.0327644  0.0308984 -0.0286128
 0.0364508 -0.0327873  0.0309168 -0.0286512
 0.0364953 -0.0328103  0.0309352 -0.0286897
 0.0365396 -0.0328336  0.0309537 -0.0287282
0.0365841 -0.032857  0.0309722 -0.0287668
 0.0366284 -0.0328808  0.0309908 -0.0288055
 0.0366727 -0.0329049  0.0310094 -0.0288442
 0.0367169 -0.0329292  0.031028 -0.028883
  0.036761 -0.0329539  0.0310467 -0.0289218
 0.0368049 -0.0329788  0.0310654 -0.0289607
 0.0368488 -0.0330039  0.0310842 -0.0289997
 0.0368926 -0.0330293   0.031103 -0.0290387
 0.0369363 -0.0330549  0.0311218 -0.0290778
 0.0369798 -0.0330808 0.0311407 -0.029117
 0.0370233 -0.0331068  0.0311597 -0.0291562
 0.0370667 -0.0331331  0.0311786 -0.0291955
 0.0371099 -0.0331596  0.0311976 -0.0292348
  0.037153 -0.0331862  0.0312167 -0.0292742
  0.037196 -0.0332131  0.0312357 -0.0293137
 0.0372388 -0.0332402  0.0312549 -0.0293532
 0.0372815 -0.0332674   0.031274 -0.0293928
  0.037324 -0.0332949  0.0312932 -0.0294324
 0.0373663 -0.0333225  0.0313125 -0.0294722
 0.0374085 -0.0333503  0.0313318 -0.0295119
 0.0374506 -0.0333783  0.0313511 -0.0295518
 0.0374924 -0.0334064  0.0313705 -0.0295917
 0.0375342 -0.0334347  0.0313899 -0.0296317
 0.0375757 -0.0334632  0.0314093 -0.0296717
 0.0376171 -0.0334919  0.0314288 -0.0297118
 0.0376583 -0.0335207 0.0314483 -0.029752
 0.0376993 -0.0335497  0.0314679 -0.0297922
 0.0377402 -0.0335788  0.0314875 -0.0298325
 0.0377808 -0.0336081  0.0315072 -0.0298729
 0.0378212 -0.0336376  0.0315269 -0.0299133
 0.0378614 -0.0336672  0.0315466 -0.0299538
0.0379014 -0.033697  0.0315664 -0.0299944
0.0379412 -0.033727 0.0315862 -0.030035
 0.0379807 -0.0337571  0.0316061 -0.0300757
   0.03802 -0.0337873   0.031626 -0.0301165
  0.038059 -0.0338177  0.0316459 -0.0301573
 0.0380978 -0.0338483  0.0316659 -0.0301982
0.0381363 -0.033879   0.031686 -0.0302392
 0.0381745 -0.0339098   0.031706 -0.0302802
 0.0382124 -0.0339408  0.0317261 -0.0303213
 0.0382501 -0.0339719  0.0317463 -0.0303624
 0.0382875 -0.0340032  0.0317665 -0.0304037
 0.0383246 -0.0340346  0.0317867 -0.0304449
 0.0383613 -0.0340661   0.031807 -0.0304863
 0.0383978 -0.0340978  0.0318274 -0.0305277
  0.038434 -0.0341296  0.0318477 -0.0305692
 0.0384698 -0.0341615  0.0318681 -0.0306108
 0.0385053 -0.0341935  0.0318886 -0.0306524
 0.0385405 -0.0342257  0.0319091 -0.0306941
0.0385754 -0.034258  0.0319296 -0.0307359
 0.0386098 -0.0342904  0.0319502 -0.0307777
  0.038644 -0.0343229  0.0319708 -0.0308196
 0.0386778 -0.0343555  0.0319915 -0.0308616
 0.0387112 -0.0343882  0.0320122 -0.0309036
 0.0387443 -0.0344211   0.032033 -0.0309457
 0.038777 -0.034454  0.0320538 -0.0309879
 0.0388093 -0.0344871  0.0320746 -0.0310302
 0.0388413 -0.0345202  0.0320955 -0.0310725
 0.0388728 -0.0345535  0.0321164 -0.0311149
 0.0389039 -0.0345868  0.0321374 -0.0311573
 0.0389347 -0.0346202  0.0321584 -0.0311999
 0.0389651 -0.0346538  0.0321795 -0.0312425
  0.038995 -0.0346874  0.0322006 -0.0312851
 0.0390246 -0.0347211  0.0322217 -0.0313279
 0.0390537 -0.0347548  0.0322429 -0.0313707
 0.0390824 -0.0347887  0.0322641 -0.0314135
 0.0391107 -0.0348226  0.0322854 -0.0314565
 0.0391385 -0.0348566  0.0323067 -0.0314995
 0.0391659 -0.0348907  0.0323281 -0.0315426
 0.0391929 -0.0349249  0.0323495 -0.0315857
 0.0392194 -0.0349591  0.032371 -0.031629
 0.0392455 -0.0349934  0.0323925 -0.0316723
 0.0392712 -0.0350277   0.032414 -0.0317157
 0.0392964 -0.0350621  0.0324356 -0.0317591
 0.0393211 -0.0350965  0.0324573 -0.0318026
0.0393454 -0.035131  0.0324789 -0.0318462
 0.0393692 -0.0351656  0.0325007 -0.0318899
 0.0393926 -0.0352001  0.0325224 -0.0319336
 0.0394155 -0.0352348  0.0325442 -0.0319774
 0.0394379 -0.0352694  0.0325661 -0.0320213
 0.0394599 -0.0353042   0.032588 -0.0320652
 0.0394814 -0.0353389  0.0326099 -0.0321093
 0.0395023 -0.0353737  0.0326319 -0.0321534
 0.0395229 -0.0354085   0.032654 -0.0321975
 0.0395429 -0.0354433  0.0326761 -0.0322418
 0.0395625 -0.0354781  0.0326982 -0.0322861
0.0395815 -0.035513  0.0327204 -0.0323305
 0.0396001 -0.0355479  0.0327426 -0.0323749
 0.0396182 -0.0355828  0.0327649 -0.0324195
 0.0396358 -0.0356177  0.0327872 -0.0324641
 0.0396529 -0.0356527  0.0328095 -0.0325088
 0.0396694 -0.0356876  0.0328319 -0.0325535
 0.0396855 -0.0357225  0.0328544 -0.0325984
 0.0397011 -0.0357575  0.0328769 -0.0326433
 0.0397161 -0.0357924  0.0328994 -0.0326883
 0.0397307 -0.0358274   0.032922 -0.0327333
 0.0397447 -0.0358623  0.0329446 -0.0327785
 0.0397582 -0.0358972  0.0329673 -0.0328237
 0.0397712 -0.0359322 0.0329901 -0.032869
 0.0397837 -0.0359671  0.0330128 -0.0329143
 0.0397957 -0.0360019  0.0330356 -0.0329598
 0.0398071 -0.0360368  0.0330585 -0.0330053
  0.039818 -0.0360716  0.0330814 -0.0330509
 0.0398284 -0.0361064  0.0331044 -0.0330965
 0.0398383 -0.0361412  0.0331274 -0.0331423
0.0398476 -0.036176  0.0331505 -0.0331881
 0.0398565 -0.0362107 0.0331736 -0.033234
 0.0398648 -0.0362453 0.0331967  -0.03328
0.0398725  -0.03628 0.0332199 -0.033326
 0.0398798 -0.0363146  0.0332431 -0.0333721
 0.0398865 -0.0363491  0.0332664 -0.0334183
 0.0398926 -0.0363836  0.0332898 -0.0334646
 0.0398982 -0.0364181 0.0333132 -0.033511
 0.0399032 -0.0364525  0.0333366 -0.0335574
 0.0399076 -0.0364869  0.0333601 -0.0336039
 0.0399115 -0.0365212  0.0333836 -0.0336505
 0.0399148 -0.0365554  0.0334072 -0.0336972
 0.0399175 -0.0365897 0.0334308 -0.033744
 0.0399196 -0.0366238  0.0334545 -0.0337908
 0.0399211 -0.0366579  0.0334782 -0.0338377
0.0399219 -0.036692   0.033502 -0.0338847
 0.0399222 -0.0367259  0.0335258 -0.0339317
 0.0399219 -0.0367599  0.0335497 -0.0339789
  0.039921 -0.0367937  0.0335736 -0.0340261
 0.0399194 -0.0368275  0.0335975 -0.0340734
 0.0399172 -0.0368613  0.0336216 -0.0341208
 0.0399144 -0.0368949  0.0336456 -0.0341683
  0.039911 -0.0369285  0.0336697 -0.0342158
 0.0399069 -0.0369621  0.0336939 -0.0342634
 0.0399022 -0.0369956  0.0337181 -0.0343111
 0.0398969 -0.0370289  0.0337424 -0.0343589
  0.039891 -0.0370623  0.0337667 -0.0344068
 0.0398844 -0.0370955   0.033791 -0.0344547
 0.0398772 -0.0371287  0.0338154 -0.0345028
 0.0398693 -0.0371618  0.0338399 -0.0345509
 0.0398608 -0.0371948  0.0338644 -0.0345991
 0.0398517 -0.0372277  0.0338889 -0.0346474
  0.039842 -0.0372606  0.0339135 -0.0346957
 0.0398316 -0.0372934  0.0339382 -0.0347441
 0.0398206 -0.0373261  0.0339629 -0.0347927
 0.0398089 -0.0373587  0.0339876 -0.0348413
 0.0397966 -0.0373912  0.0340124 -0.0348899
 0.0397837 -0.0374236  0.0340373 -0.0349387
0.0397702 -0.037456  0.0340622 -0.0349876
 0.0397561 -0.0374883  0.0340871 -0.0350365
 0.0397409 -0.0375206  0.0341122 -0.0350855
 0.0397255 -0.0375527  0.0341372 -0.0351346
 0.0397094 -0.0375847  0.0341623 -0.0351838
 0.0396928 -0.0376166  0.0341875 -0.0352331
 0.0396757 -0.0376484  0.0342127 -0.0352824
 0.0396579 -0.0376801  0.0342379 -0.0353318
 0.0396395 -0.0377117  0.0342632 -0.0353814
 0.0396205 -0.0377432 0.0342886 -0.035431
 0.0396009 -0.0377746   0.034314 -0.0354806
0.0395807 -0.037806  0.0343395 -0.0355304
 0.0395599 -0.0378372   0.034365 -0.0355803
 0.0395385 -0.0378684  0.0343905 -0.0356302
 0.0395166 -0.0378994  0.0344161 -0.0356802
  0.039494 -0.0379304  0.0344418 -0.0357304
 0.0394709 -0.0379613  0.0344675 -0.0357805
 0.0394472 -0.0379921  0.0344933 -0.0358308
 0.0394229 -0.0380228  0.0345191 -0.0358812
 0.0393976 -0.0380536   0.034545 -0.0359317
 0.0393722 -0.0380841  0.0345709 -0.0359822
 0.0393461 -0.0381145  0.0345969 -0.0360328
 0.0393196 -0.0381448  0.0346229 -0.0360835
0.0392926 -0.038175   0.034649 -0.0361343
 0.0392651 -0.0382051  0.0346751 -0.0361852
  0.039237 -0.0382351  0.0347013 -0.0362362
0.0392084 -0.038265  0.0347275 -0.0362873
 0.0391792 -0.0382948  0.0347538 -0.0363385
 0.0391495 -0.0383245  0.0347802 -0.0363897
 0.0391193 -0.0383539 0.0348065 -0.036441
 0.0390886 -0.0383831   0.034833 -0.0364925
 0.0390574 -0.0384119 0.0348595 -0.036544
 0.0390257 -0.0384404   0.034886 -0.0365956
 0.0389936 -0.0384686  0.0349126 -0.0366473
 0.0389609 -0.0384965  0.0349393 -0.0366991
 0.0389278 -0.0385241 0.0349659 -0.036751
 0.0388943 -0.0385516 0.0349927 -0.036803
 0.0388603 -0.0385788  0.0350195 -0.0368551
  0.038826 -0.0386058  0.0350463 -0.0369072
 0.0387911 -0.0386326  0.0350733 -0.0369595
 0.0387559 -0.0386592  0.0351002 -0.0370119
 0.0387203 -0.0386856  0.0351272 -0.0370643
 0.0386843 -0.0387119  0.0351543 -0.0371168
0.0386479 -0.038738  0.0351814 -0.0371695
0.0386112 -0.038764  0.0352085 -0.0372222
 0.0385741 -0.0387899 0.0352358 -0.037275
 0.0385366 -0.0388156   0.035263 -0.0373279
 0.0384988 -0.0388412 0.0352904 -0.037381
 0.0384607 -0.0388667  0.0353177 -0.0374341
0.0384223 -0.038892  0.0353452 -0.0374873
 0.0383835 -0.0389173  0.0353726 -0.0375406
 0.0383445 -0.0389425 0.0354002 -0.037594
 0.0383052 -0.0389676  0.0354278 -0.0376474
 0.0382656 -0.0389926 0.0354554 -0.037701
 0.0382257 -0.0390176  0.0354831 -0.0377547
 0.0381855 -0.0390424  0.0355108 -0.0378085
 0.0381451 -0.0390672  0.0355386 -0.0378624
 0.0381045 -0.0390919  0.0355665 -0.0379163
 0.0380636 -0.0391165  0.0355944 -0.0379704
 0.0380225 -0.0391411  0.0356224 -0.0380245
 0.0379812 -0.0391656  0.0356504 -0.0380788
0.0379397  -0.03919  0.0356785 -0.0381331
 0.0378979 -0.0392144  0.0357066 -0.0381876
  0.037856 -0.0392387  0.0357348 -0.0382421
0.0378139 -0.039263   0.035763 -0.0382968
 0.0377713 -0.0392871  0.0357913 -0.0383515
 0.0377293 -0.0393115  0.0358196 -0.0384064
 0.0376871 -0.0393358   0.035848 -0.0384613
0.0376448  -0.03936  0.0358765 -0.0385164
 0.0376023 -0.0393841   0.035905 -0.0385715
 0.0375597 -0.0394082  0.0359335 -0.0386267
  0.037517 -0.0394323  0.0359621 -0.0386821
 0.0374741 -0.0394562  0.0359908 -0.0387375
  0.037431 -0.0394801 0.0360195 -0.038793
0.0373879 -0.039504  0.0360483 -0.0388487
 0.0373446 -0.0395278  0.0360772 -0.0389044
 0.0373012 -0.0395516  0.0361061 -0.0389602
 0.0372577 -0.0395753   0.036135 -0.0390161
0.0372141 -0.039599   0.036164 -0.0390722
 0.0371704 -0.0396226  0.0361931 -0.0391283
 0.0371267 -0.0396462  0.0362222 -0.0391845
 0.0370828 -0.0396698  0.0362514 -0.0392409
 0.0370389 -0.0396933  0.0362806 -0.0392973
  0.036995 -0.0397168  0.0363099 -0.0393538
  0.036951 -0.0397402  0.0363392 -0.0394105
  0.036907 -0.0397637  0.0363686 -0.0394672
0.0368629 -0.039787  0.0363981 -0.0395241
 0.0368189 -0.0398104 0.0364276 -0.039581
 0.0367748 -0.0398337 0.0364571 -0.039638
0.0367306 -0.039857  0.0364868 -0.0396952
 0.0366865 -0.0398803  0.0365164 -0.0397524
 0.0366424 -0.0399036  0.0365462 -0.0398098
 0.0365983 -0.0399268   0.036576 -0.0398672
0.0365542  -0.03995  0.0366058 -0.0399248
 0.0365095 -0.0399729  0.0366357 -0.0399825
 0.0364655 -0.0399961  0.0366657 -0.0400402
 0.0364215 -0.0400193  0.0366957 -0.0400981
 0.0363776 -0.0400425  0.0367258 -0.0401561
 0.0363338 -0.0400657   0.036756 -0.0402141
 0.0362894 -0.0400886  0.0367862 -0.0402723
 0.0362451 -0.0401115  0.0368164 -0.0403306
 0.0362008 -0.0401344 0.0368467 -0.040389
 0.0361567 -0.0401573  0.0368771 -0.0404475
  0.036113 -0.0401804  0.0369075 -0.0405061
 0.0360696 -0.0402035   0.036938 -0.0405648
  0.036026 -0.0402266  0.0369686 -0.0406236
 0.0359828 -0.0402498  0.0369992 -0.0406825
 0.0359394 -0.0402729  0.0370298 -0.0407415
0.0358961 -0.040296  0.0370606 -0.0408007
  0.035853 -0.0403191  0.0370913 -0.0408599
 0.0358107 -0.0403426  0.0371222 -0.0409192
 0.0357685 -0.0403661  0.0371531 -0.0409787
 0.0357259 -0.0403893   0.037184 -0.0410382
 0.0356835 -0.0404125  0.0372151 -0.0410979
 0.0356413 -0.0404358  0.0372461 -0.0411577
 0.0355993 -0.0404592  0.0372773 -0.0412176
 0.0355577 -0.0404826  0.0373085 -0.0412775
 0.0355165 -0.0405062  0.0373397 -0.0413376
 0.0354754 -0.0405299  0.0373711 -0.0413978
 0.0354343 -0.0405535  0.0374024 -0.0414581
 0.0353933 -0.0405772  0.0374339 -0.0415186
 0.0353529 -0.0406009  0.0374654 -0.0415791
 0.0353126 -0.0406248  0.0374969 -0.0416397
 0.0352727 -0.0406487  0.0375286 -0.0417005
 0.0352327 -0.0406726  0.0375602 -0.0417613
 0.0351932 -0.0406967   0.037592 -0.0418223
 0.0351539 -0.0407208  0.0376238 -0.0418834
 0.035115 -0.040745  0.0376556 -0.0419446
 0.0350763 -0.0407693  0.0376876 -0.0420059
 0.0350378 -0.0407936  0.0377195 -0.0420673
 0.0349997 -0.0408181  0.0377516 -0.0421288
 0.0349618 -0.0408426  0.0377837 -0.0421904
 0.0349242 -0.0408672  0.0378159 -0.0422521
  0.034887 -0.0408919 0.0378481 -0.042314
   0.03485 -0.0409167 0.0378804 -0.042376
 0.0348134 -0.0409416 0.0379127 -0.042438
 0.0347771 -0.0409666  0.0379452 -0.0425002
 0.0347413 -0.0409917  0.0379776 -0.0425625
0.0347059 -0.041017  0.0380102 -0.0426249
 0.0346711 -0.0410423  0.0380428 -0.0426874
 0.0346368 -0.0410678  0.0380754 -0.0427501
  0.034603 -0.0410933  0.0381082 -0.0428128
0.0345698 -0.041119   0.038141 -0.0428757
 0.0345372 -0.0411448  0.0381738 -0.0429387
 0.0345051 -0.0411707  0.0382067 -0.0430018
 0.0344736 -0.0411967 0.0382397 -0.043065
 0.0344427 -0.0412229  0.0382727 -0.0431283
 0.0344124 -0.0412491  0.0383058 -0.0431917
 0.0343828 -0.0412755   0.038339 -0.0432553
 0.0343539 -0.0413021  0.0383722 -0.0433189
 0.0343256 -0.0413288  0.0384055 -0.0433827
 0.0342981 -0.0413556  0.0384389 -0.0434466
 0.0342712 -0.0413826  0.0384723 -0.0435106
 0.0342447 -0.0414097  0.0385058 -0.0435747
 0.0342186 -0.0414371 0.0385393 -0.043639
 0.0341928 -0.0414647   0.038573 -0.0437033
 0.0341674 -0.0414925  0.0386066 -0.0437678
 0.0341423 -0.0415205  0.0386404 -0.0438324
 0.0341176 -0.0415487  0.0386742 -0.0438971
 0.0340933 -0.0415772   0.038708 -0.0439619
 0.0340695 -0.0416059   0.038742 -0.0440268
 0.0340461 -0.0416349   0.038776 -0.0440919
 0.0340231 -0.0416641    0.03881 -0.0441571
 0.0340006 -0.0416935  0.0388442 -0.0442224
 0.0339786 -0.0417232  0.0388784 -0.0442878
  0.033957 -0.0417532  0.0389126 -0.0443533
 0.0339359 -0.0417834  0.038947 -0.044419
 0.0339153 -0.0418138  0.0389813 -0.0444847
 0.0338951 -0.0418446  0.0390158 -0.0445506
 0.0338754 -0.0418755  0.0390503 -0.0446166
 0.0338562 -0.0419068  0.0390849 -0.0446827
 0.0338374 -0.0419383 0.0391196 -0.044749
 0.0338191 -0.0419701  0.0391543 -0.0448153
 0.0338013 -0.0420022  0.0391891 -0.0448818
  0.033784 -0.0420345  0.0392239 -0.0449484
 0.0337671 -0.0420671  0.0392588 -0.0450152
0.0337508   -0.0421 0.0392938 -0.045082
 0.0337349 -0.0421332 0.0393289 -0.045149
 0.0337195 -0.0421666   0.039364 -0.0452161
 0.0337046 -0.0422004  0.0393992 -0.0452833
 0.0336902 -0.0422344  0.0394344 -0.0453506
 0.0336763 -0.0422687  0.0394697 -0.0454181
  0.033663 -0.0423033  0.0395051 -0.0454856
 0.0336501 -0.0423381  0.0395406 -0.0455533
 0.0336377 -0.0423733  0.0395761 -0.0456212
 0.0336259 -0.0424087  0.0396117 -0.0456891
 0.0336145 -0.0424445  0.0396474 -0.0457572
 0.0336037 -0.0424805  0.0396831 -0.0458254
 0.0335935 -0.0425169  0.0397189 -0.0458937
 0.0335841 -0.0425535  0.0397547 -0.0459621
 0.0335754 -0.0425905  0.0397907 -0.0460307
 0.0335673 -0.0426278  0.0398267 -0.0460994
 0.0335598 -0.0426654  0.0398627 -0.0461682
 0.0335529 -0.0427033  0.0398989 -0.0462371
 0.0335467 -0.0427416  0.0399351 -0.0463062
  0.033541 -0.0427802  0.0399713 -0.0463754
  0.033536 -0.0428191  0.0400077 -0.0464447
 0.0335316 -0.0428584  0.0400441 -0.0465141
0.0335279 -0.042898  0.0400806 -0.0465837
0.0335247 -0.042938  0.0401171 -0.0466534
 0.0335222 -0.0429783  0.0401537 -0.0467232
 0.0335202 -0.0430189  0.0401904 -0.0467932
 0.0335189 -0.0430599  0.0402272 -0.0468632
 0.0335182 -0.0431013   0.040264 -0.0469335
0.0335181 -0.043143  0.0403009 -0.0470038
0.0335186 -0.043185  0.0403379 -0.0470742
 0.0335197 -0.0432274  0.0403749 -0.0471448
 0.0335214 -0.0432702   0.040412 -0.0472155
 0.0335237 -0.0433133  0.0404492 -0.0472864
 0.0335266 -0.0433567  0.0404864 -0.0473573
   0.03353 -0.0434005  0.0405238 -0.0474284
 0.0335341 -0.0434447  0.0405612 -0.0474997
 0.0335387 -0.0434892 0.0405986 -0.047571
0.0335439 -0.043534  0.0406361 -0.0476425
 0.0335497 -0.0435793  0.0406738 -0.0477141
  0.033556 -0.0436249  0.0407114 -0.0477859
 0.0335629 -0.0436708  0.0407492 -0.0478578
 0.0335703 -0.0437171   0.040787 -0.0479298
 0.0335783 -0.0437638  0.0408249 -0.0480019
 0.0335868 -0.0438109  0.0408628 -0.0480742
 0.0335958 -0.0438583  0.0409009 -0.0481466
 0.0336053 -0.0439061   0.040939 -0.0482191
 0.0336153 -0.0439543  0.0409772 -0.0482918
 0.0336258 -0.0440029  0.0410154 -0.0483646
 0.0336368 -0.0440519  0.0410537 -0.0484375
 0.0336483 -0.0441013  0.0410921 -0.0485106
 0.0336603 -0.0441512  0.0411306 -0.0485838
 0.0336727 -0.0442015  0.0411692 -0.0486571
 0.0336857 -0.0442524  0.0412078 -0.0487306
 0.0336991 -0.0443037  0.0412465 -0.0488042
  0.033713 -0.0443554  0.0412852 -0.0488779
 0.0337273 -0.0444077  0.0413241 -0.0489518
 0.0337421 -0.0444604   0.041363 -0.0490258
 0.0337573 -0.0445135   0.041402 -0.0490999
 0.0337731 -0.0445671   0.041441 -0.0491742
 0.0337891 -0.0446212  0.0414801 -0.0492486
 0.0338056 -0.0446757  0.0415194 -0.0493231
 0.0338224 -0.0447307  0.0415586 -0.0493978
 0.0338396 -0.0447862   0.041598 -0.0494726
 0.0338572 -0.0448422  0.0416374 -0.0495476
 0.0338752 -0.0448986  0.0416769 -0.0496226
 0.0338936 -0.0449555  0.0417165 -0.0496979
 0.0339123 -0.0450129  0.0417562 -0.0497732
 0.0339314 -0.0450708  0.0417959 -0.0498487
 0.0339509 -0.0451291  0.0418357 -0.0499244
 0.0339707 -0.0451879  0.0418756 -0.0500001
 0.0339909 -0.0452472 0.0419155 -0.050076
 0.0340114 -0.0453069  0.0419556 -0.0501521
0.0340322 -0.045367  0.0419957 -0.0502283
 0.0340533 -0.0454276  0.0420358 -0.0503046
 0.0340747 -0.0454886  0.0420761 -0.0503811
 0.0340964 -0.0455501  0.0421164 -0.0504577
0.0341184 -0.045612  0.0421569 -0.0505344
 0.0341406 -0.0456744  0.0421973 -0.0506113
 0.0341631 -0.0457372  0.0422379 -0.0506883
 0.0341859 -0.0458004  0.0422786 -0.0507655
 0.0342089 -0.0458641  0.0423193 -0.0508428
 0.0342322 -0.0459282  0.0423601 -0.0509203
 0.0342557 -0.0459927  0.0424009 -0.0509978
 0.0342794 -0.0460576  0.0424419 -0.0510756
0.0343033 -0.046123  0.0424829 -0.0511535
 0.0343274 -0.0461887   0.042524 -0.0512315
 0.0343517 -0.0462549  0.0425652 -0.0513096
 0.0343762 -0.0463214  0.0426065 -0.0513879
 0.0344009 -0.0463884  0.0426478 -0.0514664
 0.0344258 -0.0464557 0.0426892 -0.051545
 0.0344508 -0.0465235  0.0427307 -0.0516237
  0.034476 -0.0465916  0.0427723 -0.0517026
 0.0345013 -0.0466601   0.042814 -0.0517816
0.0345268 -0.046729  0.0428557 -0.0518607
 0.0345524 -0.0467983 0.0428975  -0.05194
 0.0345781 -0.0468679  0.0429394 -0.0520195
 0.0346039 -0.0469379  0.0429814 -0.0520991
 0.0346299 -0.0470083  0.0430234 -0.0521788
 0.0346559 -0.0470791  0.0430655 -0.0522587
  0.034682 -0.0471502  0.0431077 -0.0523388
 0.0347082 -0.0472217    0.04315 -0.0524189
 0.0347345 -0.0472935  0.0431924 -0.0524993
 0.0347609 -0.0473657  0.0432349 -0.0525797
 0.0347873 -0.0474382  0.0432774 -0.0526604
 0.0348137 -0.0475111    0.04332 -0.0527411
 0.0348402 -0.0475843 0.0433627 -0.052822
 0.0348668 -0.0476578  0.0434054 -0.0529031
 0.0348933 -0.0477317  0.0434483 -0.0529843
 0.0349199 -0.0478059  0.0434912 -0.0530657
 0.0349465 -0.0478804  0.0435342 -0.0531472
 0.0349731 -0.0479553  0.0435773 -0.0532288
 0.0349996 -0.0480305  0.0436205 -0.0533106
 0.0350262 -0.0481059  0.0436638 -0.0533926
 0.0350528 -0.0481817  0.0437071 -0.0534747
 0.0350793 -0.0482578 0.0437505 -0.053557
 0.0351058 -0.0483342   0.043794 -0.0536394
0.0351322 -0.048411  0.0438376 -0.0537219
0.0351587 -0.048488  0.0438813 -0.0538046
  0.035185 -0.0485653   0.043925 -0.0538875
 0.0352113 -0.0486428  0.0439689 -0.0539705
 0.0352375 -0.0487207  0.0440128 -0.0540537
 0.0352637 -0.0487988 0.0440568 -0.054137
 0.0352898 -0.0488772  0.0441009 -0.0542205
 0.0353158 -0.0489559   0.044145 -0.0543041
 0.0353416 -0.0490349  0.0441893 -0.0543878
0.0353674 -0.049114  0.0442336 -0.0544718
 0.0353932 -0.0491935   0.044278 -0.0545559
 0.0354187 -0.0492732  0.0443225 -0.0546401
 0.0354442 -0.0493531  0.0443671 -0.0547245
 0.0354695 -0.0494333 0.0444118 -0.054809
 0.0354947 -0.0495138  0.0444565 -0.0548937
 0.0355198 -0.0495946  0.0445014 -0.0549786
 0.0355446 -0.0496756  0.0445463 -0.0550636
 0.0355693 -0.0497569  0.0445913 -0.0551487
 0.0355938 -0.0498385  0.0446364 -0.0552341
 0.0356181 -0.0499203  0.0446816 -0.0553195
 0.0356422 -0.0500024  0.0447268 -0.0554052
  0.035666 -0.0500848 0.0447722 -0.055491
 0.0356896 -0.0501673  0.0448176 -0.0555769
  0.035713 -0.0502501 0.0448631 -0.055663
 0.0357361 -0.0503331  0.0449087 -0.0557493
  0.035759 -0.0504163  0.0449544 -0.0558357
 0.0357817 -0.0504998  0.0450002 -0.0559223
 0.0358041 -0.0505834 0.0450461 -0.056009
 0.0358262 -0.0506672   0.045092 -0.0560959
 0.0358481 -0.0507512  0.045138 -0.056183
 0.0358697 -0.0508354  0.0451842 -0.0562702
  0.035891 -0.0509198  0.0452304 -0.0563575
 0.0359121 -0.0510043  0.0452767 -0.0564451
 0.035933 -0.051089  0.0453231 -0.0565328
 0.0359536 -0.0511738  0.0453695 -0.0566206
 0.0359739 -0.0512588  0.0454161 -0.0567087
 0.0359939 -0.0513439  0.0454627 -0.0567968
 0.0360136 -0.0514291  0.0455095 -0.0568852
 0.0360331 -0.0515144  0.0455563 -0.0569737
 0.0360523 -0.0515999  0.0456032 -0.0570623
 0.0360713 -0.0516855  0.0456502 -0.0571512
   0.03609 -0.0517712  0.0456973 -0.0572401
 0.0361084 -0.0518569  0.0457445 -0.0573293
 0.0361265 -0.0519428  0.0457917 -0.0574186
 0.0361443 -0.0520288  0.0458391 -0.0575081
 0.0361619 -0.0521148  0.0458865 -0.0575977
 0.0361792 -0.0522009  0.0459341 -0.0576875
0.0361962 -0.052287  0.0459817 -0.0577775
  0.036213 -0.0523732  0.0460294 -0.0578677
 0.0362294 -0.0524595 0.0460772 -0.057958
 0.0362456 -0.0525458  0.0461251 -0.0580484
 0.0362615 -0.0526321  0.0461731 -0.0581391
 0.0362771 -0.0527185  0.0462212 -0.0582299
 0.0362925 -0.0528049  0.0462693 -0.0583208
 0.0363076 -0.0528913 0.0463176 -0.058412
 0.0363224 -0.0529777  0.0463659 -0.0585033
 0.0363369 -0.0530642  0.0464144 -0.0585947
 0.0363511 -0.0531506  0.0464629 -0.0586864
 0.0363651 -0.0532371  0.0465115 -0.0587782
 0.0363789 -0.0533235  0.0465602 -0.0588702
 0.0363924 -0.0534099   0.046609 -0.0589623
 0.0364057 -0.0534963  0.0466579 -0.0590546
 0.0364188 -0.0535826  0.0467069 -0.0591471
 0.0364316 -0.0536689   0.046756 -0.0592397
 0.0364442 -0.0537551  0.0468052 -0.0593326
 0.0364563 -0.0538414  0.0468544 -0.0594255
 0.0364682 -0.0539275  0.0469038 -0.0595187
 0.0364797 -0.0540136 0.0469532 -0.059612
 0.0364909 -0.0540996  0.0470028 -0.0597055
 0.0365017 -0.0541856  0.0470524 -0.0597992
 0.0365122 -0.0542714  0.0471021 -0.0598931
 0.0365224 -0.0543572   0.047152 -0.0599871
 0.0365322 -0.0544429  0.0472019 -0.0600813
 0.0365417 -0.0545284  0.0472519 -0.0601756
 0.0365509 -0.0546139   0.047302 -0.0602702
 0.0365597 -0.0546993  0.0473522 -0.0603649
 0.0365682 -0.0547846  0.0474025 -0.0604598
 0.0365764 -0.0548698  0.0474529 -0.0605548
 0.0365842 -0.0549548  0.0475034 -0.0606501
 0.0365916 -0.0550398  0.0475539 -0.0607455
 0.0365988 -0.0551246  0.0476046 -0.0608411
 0.0366056 -0.0552093  0.0476554 -0.0609368
  0.036612 -0.0552939  0.0477063 -0.0610328
 0.0366182 -0.0553784  0.0477572 -0.0611289
  0.036624 -0.0554628  0.0478083 -0.0612252
0.0366295 -0.055547  0.0478594 -0.0613217
 0.0366347 -0.0556311  0.0479107 -0.0614183
 0.0366395 -0.0557151   0.047962 -0.0615151
 0.0366441 -0.0557989  0.0480135 -0.0616121
 0.0366483 -0.0558826   0.048065 -0.0617093
 0.0366522 -0.0559661  0.0481166 -0.0618067
 0.0366558 -0.0560495  0.0481684 -0.0619042
 0.0366591 -0.0561328  0.0482202 -0.0620019
 0.0366621 -0.0562159  0.0482721 -0.0620998
 0.0366648 -0.0562989  0.0483242 -0.0621979
 0.0366672 -0.0563817  0.0483763 -0.0622961
 0.0366693 -0.0564644  0.0484285 -0.0623946
 0.0366711 -0.0565469  0.0484808 -0.0624932
 0.0366726 -0.0566293 0.0485332 -0.062592
 0.0366738 -0.0567115 0.0485858 -0.062691
 0.0366748 -0.0567936  0.0486384 -0.0627901
 0.0366754 -0.0568755  0.0486911 -0.0628895
 0.0366757 -0.0569573 0.0487439 -0.062989
 0.0366758 -0.0570389  0.0487968 -0.0630887
 0.0366756 -0.0571203  0.0488498 -0.0631886
 0.0366753 -0.0572017  0.0489029 -0.0632887
 0.0366751 -0.0572829  0.0489561 -0.0633889
 0.0366749 -0.0573641  0.0490095 -0.0634894
 0.0366747 -0.0574451 0.0490629  -0.06359
0.0366746 -0.057526  0.0491164 -0.0636908
 0.0366744 -0.0576068    0.04917 -0.0637918
 0.0366742 -0.0576874 0.0492237 -0.063893
  0.036674 -0.0577679  0.0492775 -0.0639944
 0.0366738 -0.0578483  0.0493314 -0.0640959
 0.0366735 -0.0579285  0.0493854 -0.0641977
 0.0366732 -0.0580085  0.0494396 -0.0642996
 0.0366727 -0.0580884  0.0494938 -0.0644017
0.0366723 -0.058168 0.0495481 -0.064504
 0.0366717 -0.0582473  0.0496025 -0.0646065
 0.0366709 -0.0583263  0.0496571 -0.0647092
  0.03667 -0.058405  0.0497117 -0.0648121
 0.0366689 -0.0584835  0.0497664 -0.0649152
 0.0366676 -0.0585616  0.0498212 -0.0650184
 0.0366661 -0.0586395  0.0498762 -0.0651219
 0.0366644 -0.0587171  0.0499312 -0.0652255
 0.0366625 -0.0587944  0.0499864 -0.0653293
 0.0366604 -0.0588716  0.0500416 -0.0654333
 0.0366581 -0.0589486   0.050097 -0.0655375
 0.0366557 -0.0590253  0.0501524 -0.0656419
 0.0366531 -0.0591019   0.050208 -0.0657465
 0.0366503 -0.0591782  0.0502636 -0.0658513
 0.0366473 -0.0592544  0.0503194 -0.0659563
 0.0366442 -0.0593304  0.0503753 -0.0660615
 0.0366409 -0.0594061  0.0504313 -0.0661668
 0.0366374 -0.0594817  0.0504873 -0.0662724
 0.0366338 -0.0595571  0.0505435 -0.0663781
   0.03663 -0.0596324  0.0505998 -0.0664841
  0.036626 -0.0597074  0.0506562 -0.0665902
 0.0366219 -0.0597823  0.0507127 -0.0666966
 0.0366177 -0.0598569  0.0507693 -0.0668031
 0.0366133 -0.0599314  0.0508261 -0.0669098
 0.0366088 -0.0600057  0.0508829 -0.0670167
 0.0366042 -0.0600798  0.0509398 -0.0671239
 0.0365994 -0.0601538  0.0509969 -0.0672312
 0.0365945 -0.0602276   0.051054 -0.0673387
 0.0365894 -0.0603012  0.0511113 -0.0674464
 0.0365843 -0.0603746  0.0511686 -0.0675543
 0.0365791 -0.0604478  0.0512261 -0.0676624
 0.0365738 -0.0605209  0.0512837 -0.0677708
 0.0365683 -0.0605938  0.0513413 -0.0678793
 0.0365628 -0.0606666 0.0513991 -0.067988
 0.0365572 -0.0607392   0.051457 -0.0680969
 0.0365516 -0.0608116  0.051515 -0.068206
 0.0365459 -0.0608838  0.0515732 -0.0683153
0.0365401 -0.060956  0.0516314 -0.0684248
 0.0365343 -0.0610279  0.0516897 -0.0685346
 0.0365285 -0.0610997  0.0517482 -0.0686445
 0.0365226 -0.0611713  0.0518067 -0.0687546
 0.0365167 -0.0612428  0.0518654 -0.0688649
 0.0365108 -0.0613142  0.0519242 -0.0689754
 0.0365049 -0.0613854   0.051983 -0.0690862
  0.036499 -0.0614566   0.052042 -0.0691971
 0.0364932 -0.0615276  0.0521011 -0.0693083
 0.0364874 -0.0615985  0.0521604 -0.0694196
 0.0364817 -0.0616693  0.0522197 -0.0695311
  0.036476 -0.0617401  0.0522791 -0.0696429
 0.0364703 -0.0618108  0.0523387 -0.0697549
 0.0364647 -0.0618815 0.0523983 -0.069867
 0.0364591 -0.0619521  0.0524581 -0.0699794
 0.0364536 -0.0620228  0.052518 -0.070092
 0.0364481 -0.0620935   0.052578 -0.0702048
 0.0364427 -0.0621641  0.0526381 -0.0703178
 0.0364375 -0.0622348 0.0526983 -0.070431
 0.0364323 -0.0623055  0.0527587 -0.0705444
 0.0364274 -0.0623763 0.0528191 -0.070658
0.0364226 -0.062447  0.0528797 -0.0707719
  0.036418 -0.0625178  0.0529404 -0.0708859
 0.0364136 -0.0625886  0.0530012 -0.0710001
 0.0364095 -0.0626594  0.0530621 -0.0711146
 0.0364056 -0.0627301  0.0531231 -0.0712293
 0.0364019 -0.0628008  0.0531842 -0.0713442
 0.0363985 -0.0628715  0.0532455 -0.0714593
 0.0363954 -0.0629421  0.0533068 -0.0715746
 0.0363927 -0.0630127  0.0533683 -0.0716901
 0.0363902 -0.0630833  0.0534299 -0.0718058
 0.0363881 -0.0631538  0.0534916 -0.0719218
 0.0363863 -0.0632242 0.0535534 -0.072038
 0.0363849 -0.0632947  0.0536154 -0.0721543
 0.0363838 -0.0633651  0.0536774 -0.0722709
 0.0363832 -0.0634355  0.0537396 -0.0723877
 0.0363829 -0.0635059  0.0538019 -0.0725048
  0.036383 -0.0635762 0.0538643 -0.072622
 0.0363836 -0.0636466  0.0539268 -0.0727395
 0.0363846 -0.0637169  0.0539895 -0.0728571
  0.036386 -0.0637873 0.0540522 -0.072975
 0.0363879 -0.0638577  0.0541151 -0.0730931
0.0363903 -0.063928  0.0541781 -0.0732115
 0.0363932 -0.0639984 0.0542412  -0.07333
 0.0363966 -0.0640688  0.0543044 -0.0734488
 0.0364006 -0.0641392  0.0543678 -0.0735677
  0.036405 -0.0642097  0.0544312 -0.0736869
   0.03641 -0.0642802  0.0544948 -0.0738064
 0.0364157 -0.0643507 0.0545585 -0.073926
  0.036422 -0.0644213  0.0546224 -0.0740459
 0.0364289 -0.0644919  0.0546863 -0.0741659
 0.0364365 -0.0645626  0.0547504 -0.0742863
 0.0364449 -0.0646333  0.0548146 -0.0744068
  0.036454 -0.0647041  0.0548789 -0.0745275
 0.0364639 -0.0647749  0.0549433 -0.0746485
 0.0364746 -0.0648458  0.0550078 -0.0747697
  0.036486 -0.0649167  0.0550725 -0.0748911
 0.0364983 -0.0649878  0.0551373 -0.0750128
 0.0365113 -0.0650589  0.0552022 -0.0751346
 0.0365251 -0.0651302  0.0552672 -0.0752567
 0.0365396 -0.0652015 0.0553324 -0.075379
0.0365549 -0.065273  0.0553976 -0.0755016
 0.0365709 -0.0653447   0.055463 -0.0756244
 0.0365877 -0.0654164  0.0555286 -0.0757473
 0.0366053 -0.0654883  0.0555942 -0.0758706
 0.0366236 -0.0655604   0.05566 -0.075994
 0.0366428 -0.0656327  0.0557259 -0.0761177
 0.0366627 -0.0657051  0.0557919 -0.0762416
 0.0366836 -0.0657777   0.055858 -0.0763658
 0.0367052 -0.0658504  0.0559243 -0.0764901
 0.0367277 -0.0659233  0.0559906 -0.0766147
 0.0367511 -0.0659965  0.0560572 -0.0767395
 0.0367753 -0.0660698  0.0561238 -0.0768646
 0.0368004 -0.0661432  0.0561905 -0.0769899
 0.0368264 -0.0662169  0.0562574 -0.0771154
 0.0368533 -0.0662908  0.0563244 -0.0772412
 0.0368811 -0.0663649  0.0563916 -0.0773671
 0.0369098 -0.0664392  0.0564588 -0.0774933
 0.0369394 -0.0665138  0.0565262 -0.0776198
 0.0369699 -0.0665886  0.0565937 -0.0777465
 0.0370014 -0.0666636  0.0566614 -0.0778734
 0.0370338 -0.0667388  0.0567291 -0.0780005
 0.0370671 -0.0668143   0.056797 -0.0781279
0.0371014  -0.06689   0.056865 -0.0782556
0.0371366 -0.066966  0.0569332 -0.0783834
 0.0371727 -0.0670423  0.0570014 -0.0785115
 0.0372098 -0.0671188  0.0570698 -0.0786398
 0.0372479 -0.0671956  0.0571384 -0.0787684
  0.037287 -0.0672727   0.057207 -0.0788972
  0.037327 -0.0673501  0.0572758 -0.0790262
 0.0373679 -0.0674277  0.0573447 -0.0791555
 0.0374099 -0.0675056 0.0574138 -0.079285
 0.0374528 -0.0675839  0.0574829 -0.0794148
 0.0374966 -0.0676624  0.0575522 -0.0795448
 0.0375415 -0.0677412 0.0576217 -0.079675
 0.0375873 -0.0678204  0.0576912 -0.0798055
  0.037634 -0.0678999  0.0577609 -0.0799362
 0.0376818 -0.0679796  0.0578307 -0.0800672
 0.0377305 -0.0680597  0.0579007 -0.0801984
 0.0377803 -0.0681401  0.0579708 -0.0803299
  0.037831 -0.0682209   0.058041 -0.0804615
0.0378827 -0.068302  0.0581113 -0.0805935
 0.0379353 -0.0683834  0.0581818 -0.0807257
  0.037989 -0.0684653  0.0582524 -0.0808581
 0.0380436 -0.0685474  0.0583232 -0.0809907
0.0380992  -0.06863   0.058394 -0.0811236
 0.0381558 -0.0687129  0.0584651 -0.0812568
 0.0382134 -0.0687961  0.0585362 -0.0813902
  0.038272 -0.0688798  0.0586075 -0.0815239
 0.0383316 -0.0689638  0.0586789 -0.0816578
 0.0383922 -0.0690482  0.0587504 -0.0817919
0.0384537 -0.069133  0.0588221 -0.0819263
 0.0385163 -0.0692182  0.0588939 -0.0820609
 0.0385798 -0.0693038  0.0589658 -0.0821958
 0.0386444 -0.0693898 0.0590379 -0.082331
 0.0387099 -0.0694763  0.0591101 -0.0824663
 0.0387765 -0.0695631 0.0591825 -0.082602
  0.038844 -0.0696503  0.0592549 -0.0827379
 0.0389126 -0.0697379 0.0593276 -0.082874
 0.0389822 -0.0698244  0.0594003 -0.0830104
 0.0390529 -0.0699099  0.0594732 -0.0831471
 0.0391247 -0.0699945  0.0595462 -0.0832839
 0.0391976 -0.0700783  0.0596194 -0.0834211
 0.0392716 -0.0701616  0.0596927 -0.0835585
 0.0393467 -0.0702444  0.0597661 -0.0836962
 0.0394228 -0.0703269  0.0598397 -0.0838341
 0.0394999 -0.0704093  0.0599134 -0.0839722
  0.039578 -0.0704916  0.0599873 -0.0841107
0.0396571 -0.070574  0.0600613 -0.0842493
 0.0397372 -0.0706565  0.0601354 -0.0843883
 0.0398183 -0.0707393  0.0602096 -0.0845275
 0.0399004 -0.0708225   0.060284 -0.0846669
0.0399835 -0.070906  0.0603586 -0.0848066
 0.0400676 -0.0709901  0.0604333 -0.0849466
 0.0401528 -0.0710746  0.0605081 -0.0850868
 0.0402389 -0.0711598  0.0605831 -0.0852273
0.0403261 -0.071246  0.0606582 -0.0853681
 0.0404144 -0.0713332  0.0607334 -0.0855091
 0.0405036 -0.0714213  0.0608088 -0.0856503
 0.0405939 -0.0715104  0.0608843 -0.0857918
 0.0406852 -0.0716004    0.06096 -0.0859336
 0.0407776 -0.0716914  0.0610358 -0.0860757
  0.040871 -0.0717833 0.0611117 -0.086218
 0.0409655 -0.0718762  0.0611878 -0.0863606
0.041061 -0.07197   0.061264 -0.0865034
 0.0411576 -0.0720648  0.0613404 -0.0866465
 0.0412552 -0.0721605  0.0614169 -0.0867899
 0.041354 -0.072257  0.0614936 -0.0869335
 0.0414538 -0.0723546  0.0615704 -0.0870774
0.0415546 -0.072453  0.0616473 -0.0872216
 0.0416566 -0.0725523 0.0617244 -0.087366
 0.0417595 -0.0726525  0.0618017 -0.0875107
 0.0418636 -0.0727536  0.0618791 -0.0876557
 0.0419687 -0.0728557  0.0619566 -0.0878009
 0.0420749 -0.0729586  0.0620342 -0.0879464
 0.0421821 -0.0730622  0.0621121 -0.0880922
 0.0422903 -0.0731667    0.06219 -0.0882383
 0.0423996 -0.0732719  0.0622681 -0.0883846
 0.0425099 -0.0733779  0.0623464 -0.0885312
 0.0426212 -0.0734846 0.0624248 -0.088678
0.0427336 -0.073592  0.0625033 -0.0888251
0.0428469   -0.0737   0.062582 -0.0889725
 0.0429613 -0.0738087  0.0626609 -0.0891202
0.0430767 -0.073918  0.0627398 -0.0892682
0.0431931 -0.074028   0.062819 -0.0894164
 0.0433105 -0.0741386  0.0628983 -0.0895649
 0.0434289 -0.0742498  0.0629777 -0.0897137
 0.0435484 -0.0743616  0.0630573 -0.0898627
 0.0436688 -0.0744739  0.063137 -0.090012
0.0437903 -0.074587  0.0632169 -0.0901616
 0.0439128 -0.0747009  0.0632969 -0.0903115
 0.0440363 -0.0748156  0.0633771 -0.0904616
  0.044161 -0.0749312  0.0634574 -0.0906121
 0.0442866 -0.0750478  0.0635379 -0.0907628
 0.0444133 -0.0751652  0.0636185 -0.0909138
 0.0445411 -0.0752836 0.0636993 -0.091065
 0.0446699 -0.0754028  0.0637802 -0.0912166
0.0447997 -0.075523  0.0638613 -0.0913684
0.0449305 -0.075644  0.0639425 -0.0915205
 0.0450624 -0.0757658  0.0640239 -0.0916729
 0.0451952 -0.0758885  0.0641054 -0.0918256
  0.045329 -0.0760121  0.0641871 -0.0919785
 0.0454638 -0.0761364  0.0642689 -0.0921318
 0.0455995 -0.0762616  0.0643509 -0.0922853
 0.0457363 -0.0763875  0.0644331 -0.0924391
 0.0458739 -0.0765143  0.0645154 -0.0925932
 0.0460125 -0.0766419  0.0645978 -0.0927476
  0.046152 -0.0767703  0.0646804 -0.0929022
 0.0462925 -0.0768995  0.0647632 -0.0930572
 0.0464339 -0.0770295  0.0648461 -0.0932124
 0.0465762 -0.0771603  0.0649292 -0.0933679
 0.0467193 -0.0772919  0.0650124 -0.0935237
 0.0468634 -0.0774243  0.0650958 -0.0936798
 0.0470084 -0.0775575  0.0651793 -0.0938362
 0.0471541 -0.0776914   0.065263 -0.0939929
 0.0473008 -0.0778262  0.0653469 -0.0941499
 0.0474483 -0.0779616  0.0654309 -0.0943071
 0.0475965 -0.0780979   0.065515 -0.0944647
0.0477456 -0.078235  0.0655994 -0.0946225
 0.0478955 -0.0783728  0.0656838 -0.0947807
 0.0480462 -0.0785114  0.0657685 -0.0949391
 0.0481975 -0.0786509  0.0658533 -0.0950978
 0.0483495 -0.0787911  0.0659382 -0.0952568
 0.0485021 -0.0789322  0.0660233 -0.0954161
0.0486552 -0.079074  0.0661086 -0.0955757
 0.0488089 -0.0792167   0.066194 -0.0957356
 0.0489631 -0.0793602  0.0662796 -0.0958958
 0.0491179 -0.0795044  0.0663653 -0.0960563
 0.0492732 -0.0796495  0.0664513 -0.0962171
 0.0494289 -0.0797953  0.0665373 -0.0963782
 0.0495851 -0.0799418  0.0666236 -0.0965396
 0.0497417 -0.0800891  0.0667099 -0.0967012
 0.0498986 -0.0802372  0.0667965 -0.0968632
0.0500559 -0.080386  0.0668832 -0.0970255
 0.0502138 -0.0805354  0.0669701 -0.0971881
 0.0503723 -0.0806854 0.0670571 -0.097351
0.0505316 -0.080836  0.0671443 -0.0975142
 0.0506917 -0.0809872  0.0672317 -0.0976777
0.0508524 -0.081139  0.0673192 -0.0978415
 0.0510139 -0.0812914  0.0674069 -0.0980055
  0.051176 -0.0814444  0.0674948 -0.0981699
 0.0513388 -0.0815981  0.0675828 -0.0983346
 0.0515019 -0.0817523   0.067671 -0.0984997
 0.0516652 -0.0819071 0.0677593 -0.098665
  0.051829 -0.0820626  0.0678478 -0.0988306
  0.051993 -0.0822186  0.0679365 -0.0989965
 0.0521574 -0.0823751  0.0680253 -0.0991628
  0.052322 -0.0825322  0.0681143 -0.0993293
  0.052487 -0.0826899  0.0682035 -0.0994962
 0.0526522 -0.0828481  0.0682928 -0.0996633
 0.0528177 -0.0830069  0.0683824 -0.0998308
 0.0529834 -0.0831663   0.068472 -0.0999986
 0.0531493 -0.0833262 0.0685619 -0.100167
 0.0533154 -0.0834867 0.0686519 -0.100335
 0.0534818 -0.0836477 0.0687421 -0.100504
 0.0536484 -0.0838094 0.0688324 -0.100673
 0.0538156 -0.0839717 0.0689229 -0.100842
 0.0539832 -0.0841346 0.0690136 -0.101012
 0.0541514 -0.0842982 0.0691045 -0.101182
   0.05432 -0.0844623 0.0691955 -0.101352
 0.0544891 -0.0846271 0.0692867 -0.101523
 0.0546587 -0.0847923  0.069378 -0.101694
 0.0548286 -0.0849582 0.0694696 -0.101865
 0.0549989 -0.0851245 0.0695613 -0.102036
 0.0551697 -0.0852914 0.0696531 -0.102208
 0.0553407 -0.0854588 0.0697452  -0.10238
 0.0555122 -0.0856266 0.0698374 -0.102553
0.0556839 -0.085795 0.0699298 -0.102726
  0.055856 -0.0859638 0.0700224 -0.102899
 0.0560284 -0.0861331 0.0701151 -0.103072
 0.0562011 -0.0863029  0.070208 -0.103246
 0.0563741 -0.0864731 0.0703011  -0.10342
 0.0565474 -0.0866437 0.0703944 -0.103595
 0.0567209 -0.0868148 0.0704878 -0.103769
 0.0568946 -0.0869864 0.0705814 -0.103945
 0.0570686 -0.0871583 0.0706752  -0.10412
 0.0572428 -0.0873307 0.0707691 -0.104296
 0.0574172 -0.0875035 0.0708633 -0.104472
 0.0575918 -0.0876766 0.0709576 -0.104648
 0.0577666 -0.0878502  0.071052 -0.104825
 0.0579415 -0.0880242 0.0711467 -0.105002
 0.0581166 -0.0881986 0.0712415 -0.105179
 0.0582919 -0.0883733 0.0713365 -0.105357
 0.0584673 -0.0885484 0.0714317 -0.105535
 0.0586428 -0.0887238 0.0715271 -0.105713
 0.0588185 -0.0888996 0.0716227 -0.105892
 0.0589942 -0.0890758 0.0717184 -0.106071
   0.05917 -0.0892523 0.0718143  -0.10625
 0.0593459 -0.0894291 0.0719104  -0.10643
 0.0595219 -0.0896062 0.0720066  -0.10661
 0.0596979 -0.0897837 0.0721031  -0.10679
 0.0598739 -0.0899614 0.0721997 -0.106971
   0.06005 -0.0901395 0.0722965 -0.107152
 0.0602261 -0.0903178 0.0723935 -0.107333
 0.0604022 -0.0904965 0.0724906 -0.107515
 0.0605783 -0.0906754  0.072588 -0.107697
 0.0607544 -0.0908546 0.0726855 -0.107879
0.0609304 -0.091034 0.0727832 -0.108062
 0.0611064 -0.0912137 0.0728811 -0.108245
 0.0612824 -0.0913937 0.0729792 -0.108429
 0.0614583 -0.0915739 0.0730774 -0.108612
 0.0616341 -0.0917543 0.0731758 -0.108796
 0.0618099 -0.0919349 0.0732745 -0.108981
 0.0619855 -0.0921158 0.0733733 -0.109165
  0.062161 -0.0922969 0.0734723 -0.109351
 0.0623364 -0.0924782 0.0735714 -0.109536
 0.0625117 -0.0926597 0.0736708 -0.109722
 0.0626869 -0.0928413 0.0737703 -0.109908
 0.0628619 -0.0930232 0.0738701 -0.110094
 0.0630367 -0.0932052   0.07397 -0.110281
 0.0632114 -0.0933874 0.0740701 -0.110468
 0.0633859 -0.0935698 0.0741704 -0.110656
 0.0635601 -0.0937523 0.0742709 -0.110844
0.0637342 -0.093935 0.0743715 -0.111032
 0.0639081 -0.0941179 0.0744724  -0.11122
 0.0640818 -0.0943008 0.0745734 -0.111409
 0.0642552 -0.0944839 0.0746747 -0.111598
 0.0644283 -0.0946671 0.0747761 -0.111788
 0.0646013 -0.0948505 0.0748777 -0.111978
 0.0647739 -0.0950339 0.0749795 -0.112168
 0.0649463 -0.0952175 0.0750815 -0.112359
 0.0651184 -0.0954011 0.0751836  -0.11255
 0.0652902 -0.0955849  0.075286 -0.112741
 0.0654617 -0.0957687 0.0753886 -0.112933
 0.0656329 -0.0959526 0.0754913 -0.113125
 0.0658038 -0.0961366 0.0755943 -0.113318
 0.0659744 -0.0963207 0.0756974  -0.11351
 0.0661446 -0.0965048 0.0758007 -0.113703
0.0663145 -0.096689 0.0759042 -0.113897
  0.066484 -0.0968733  0.076008 -0.114091
 0.0666531 -0.0970576 0.0761119 -0.114285
 0.0668219 -0.0972419 0.076216 -0.11448
 0.0669903 -0.0974263 0.0763203 -0.114675
 0.0671583 -0.0976106 0.0764247  -0.11487
  0.067326 -0.0977951 0.0765294 -0.115066
 0.0674932 -0.0979795 0.0766343 -0.115262
  0.06766 -0.098164 0.0767394 -0.115458
 0.0678264 -0.0983485 0.0768446 -0.115655
 0.0679923 -0.0985329 0.0769501 -0.115852
 0.0681579 -0.0987174 0.0770558 -0.116049
  0.068323 -0.0989019 0.0771616 -0.116247
 0.0684876 -0.0990864 0.0772677 -0.116445
 0.0686518 -0.0992708 0.0773739 -0.116644
 0.0688155 -0.0994553 0.0774804 -0.116843
 0.0689788 -0.0996397 0.0775871 -0.117042
 0.0691416 -0.0998241 0.0776939 -0.117242
0.0693039 -0.100008  0.077801 -0.117442
0.0694657 -0.100193 0.0779082 -0.117642
 0.069627 -0.100377 0.0780156 -0.117843
0.0697878 -0.100561 0.0781233 -0.118044
0.0699481 -0.100746 0.0782311 -0.118246
0.0701079  -0.10093 0.0783392 -0.118448
0.0702672 -0.101114 0.0784474  -0.11865
 0.070426 -0.101298 0.0785559 -0.118853
0.0705843 -0.101482 0.0786645 -0.119056
 0.070742 -0.101666 0.0787734 -0.119259
0.0708991  -0.10185 0.0788825 -0.119463
0.0710558 -0.102033 0.0789917 -0.119667
0.0712119 -0.102217 0.0791012 -0.119872
0.0713674 -0.102401 0.0792109 -0.120077
0.0715224 -0.102584 0.0793207 -0.120282
0.0716768 -0.102768 0.0794308 -0.120488
0.0718307 -0.102951 0.0795411 -0.120694
 0.071984 -0.103134 0.0796516   -0.1209
0.0721367 -0.103318 0.0797623 -0.121107
0.0722889 -0.103501 0.0798732 -0.121314
0.0724404 -0.103684 0.0799844 -0.121522
0.0725914 -0.103867 0.0800957  -0.12173
0.0727418  -0.10405 0.0802072 -0.121938
0.0728917 -0.104232  0.080319 -0.122147
0.0730409 -0.104415  0.080431 -0.122357
0.0731895 -0.104597 0.0805432 -0.122566
0.0733376  -0.10478 0.0806556 -0.122776
0.0734851 -0.104962 0.0807683 -0.122987
0.0736319 -0.105144 0.0808811 -0.123198
0.0737782 -0.105327 0.0809942 -0.123409
0.0739238 -0.105509 0.0811075 -0.123621
0.0740688  -0.10569  0.081221 -0.123833
0.0742133 -0.105872 0.0813348 -0.124045
0.0743571 -0.106054 0.0814487 -0.124258
0.0745003 -0.106235 0.0815629 -0.124471
0.0746429 -0.106417 0.0816773 -0.124685
0.0747849 -0.106598 0.0817919 -0.124899
0.0749263 -0.106779 0.0819067 -0.125114
0.0750671 -0.106961 0.0820216 -0.125328
0.0752073 -0.107142 0.0821368 -0.125544
0.0753469 -0.107322 0.0822521 -0.125759
0.0754859 -0.107503 0.0823676 -0.125975
0.0756243 -0.107684 0.0824832 -0.126191
0.0757621 -0.107864 0.0825989 -0.126407
0.0758993 -0.108045 0.0827147 -0.126623
0.0760359 -0.108225 0.0828306  -0.12684
0.0762073 -0.108351 0.0829466 -0.127056
0.0763771  -0.10848 0.0830626 -0.127273
0.076545 -0.10861 0.0831787 -0.127489
0.0767123 -0.108741 0.0832948 -0.127706
 0.076879 -0.108873 0.0834109 -0.127923
 0.077045 -0.109004 0.0835269 -0.128139
0.0772098 -0.109134  0.083643 -0.128356
0.0773733 -0.109265  0.083759 -0.128572
 0.077535 -0.109395  0.083875 -0.128789
0.0776948 -0.109526 0.0839909 -0.129005
0.0778525 -0.109656 0.0841068 -0.129221
0.0780081 -0.109787 0.0842225 -0.129437
0.0781617 -0.109918 0.0843382 -0.129652
0.0783134 -0.110049 0.0844538 -0.129868
0.0784633 -0.110181 0.0845693 -0.130083
0.0786114 -0.110312 0.0846847 -0.130298
0.0787579 -0.110444    0.0848 -0.130513
0.0789029 -0.110575 0.0849152 -0.130727
0.0790464 -0.110707 0.0850303 -0.130941
0.0791884 -0.110838 0.0851453 -0.131155
0.079329 -0.11097 0.0852601 -0.131369
0.0794683 -0.111102 0.0853749 -0.131582
0.0796061 -0.111233 0.0854896 -0.131796
0.0797426 -0.111365 0.0856041 -0.132009
0.0798777 -0.111497 0.0857185 -0.132221
0.0800115 -0.111629 0.0858329 -0.132434
0.0801439 -0.111761 0.0859471 -0.132646
0.0802751 -0.111893 0.0860612 -0.132858
 0.080405 -0.112024 0.0861752  -0.13307
0.0805337 -0.112156 0.0862891 -0.133281
0.0806611 -0.112288 0.0864029 -0.133493
0.0807874  -0.11242 0.0865166 -0.133704
0.0809124 -0.112553 0.0866302 -0.133915
0.0810364 -0.112685 0.0867437 -0.134125
0.0811591 -0.112817 0.0868571 -0.134335
0.0812807 -0.112949 0.0869704 -0.134546
0.0814013 -0.113081 0.0870836 -0.134755
0.0815207 -0.113213 0.0871966 -0.134965
0.0816391 -0.113346 0.0873096 -0.135174
0.0817564 -0.113478 0.0874225 -0.135383
0.0818727  -0.11361 0.0875352 -0.135592
0.0819879 -0.113743 0.0876479 -0.135801
0.0821022 -0.113875 0.0877604 -0.136009
0.0822155 -0.114008 0.0878729 -0.136217
0.0823279  -0.11414 0.0879852 -0.136425
0.0824394 -0.114273 0.0880975 -0.136633
0.0825499 -0.114405 0.0882096  -0.13684
0.0826596 -0.114538 0.0883216 -0.137048
0.0827685 -0.114671 0.0884336 -0.137255
0.0828765 -0.114803 0.0885454 -0.137461
0.0829837 -0.114936 0.0886571 -0.137668
0.0830901 -0.115069 0.0887687 -0.137874
0.0831957 -0.115202 0.0888802  -0.13808
0.0833006 -0.115335 0.0889916 -0.138285
0.0834048 -0.115467 0.0891029 -0.138491
0.0835083   -0.1156  0.089214 -0.138696
0.0836111 -0.115733 0.0893251 -0.138901
0.0837133 -0.115867 0.0894361 -0.139106
0.0838148    -0.116 0.0895469  -0.13931
0.0839157 -0.116133 0.0896577 -0.139514
0.0840161 -0.116266 0.0897683 -0.139718
0.0841158 -0.116399 0.0898789 -0.139922
0.0842151 -0.116533 0.0899893 -0.140126
0.0843137 -0.116666 0.0900996 -0.140329
0.0844119   -0.1168 0.0902098 -0.140532
0.0845096 -0.116933 0.0903199 -0.140735
0.0846068 -0.117067 0.0904299 -0.140937
0.0847036   -0.1172 0.0905398 -0.141139
0.0847999 -0.117334 0.0906495 -0.141341
 0.084896 -0.117468 0.0907592 -0.141543
0.0849917 -0.117602 0.0908687 -0.141744
0.0850871 -0.117737 0.0909782 -0.141945
0.0851823 -0.117871 0.0910875 -0.142146
0.0852771 -0.118006 0.0911967 -0.142347
0.0853717 -0.118141 0.0913058 -0.142547
0.0854661 -0.118276 0.0914148 -0.142748
0.0855602 -0.118411 0.0915237 -0.142948
0.0856542 -0.118546 0.0916325 -0.143147
 0.085748 -0.118682 0.0917412 -0.143347
0.0858415 -0.118817 0.0918497 -0.143546
0.0859348 -0.118953 0.0919581 -0.143745
0.0860279 -0.119089 0.0920665 -0.143943
0.0861209 -0.119225 0.0921747 -0.144141
0.0862137 -0.119361 0.0922828  -0.14434
0.0863063 -0.119497 0.0923908 -0.144537
0.0863989 -0.119633 0.0924987 -0.144735
0.0864912  -0.11977 0.0926064 -0.144932
0.0865835 -0.119907 0.0927141 -0.145129
0.0866757 -0.120044 0.0928216 -0.145326
0.0867678 -0.120181  0.092929 -0.145523
0.0868598 -0.120318 0.0930363 -0.145719
0.0869518 -0.120455 0.0931435 -0.145915
0.0870437 -0.120593 0.0932506 -0.146111
0.0871356  -0.12073 0.0933576 -0.146306
0.0872274 -0.120868 0.0934644 -0.146501
0.0873192 -0.121006 0.0935712 -0.146696
 0.087411 -0.121144 0.0936778 -0.146891
0.0875028 -0.121283 0.0937843 -0.147085
0.0875946 -0.121421 0.0938907 -0.147279
0.0876865  -0.12156 0.0939969 -0.147473
0.0877784 -0.121699 0.0941031 -0.147667
0.0878703 -0.121838 0.0942091  -0.14786
0.0879622 -0.121977 0.0943151 -0.148053
0.0880542 -0.122117 0.0944209 -0.148246
0.0881463 -0.122257 0.0945266 -0.148438
0.0882384 -0.122397 0.0946321 -0.148631
0.0883306 -0.122537 0.0947376 -0.148823
0.0884229 -0.122678 0.0948429 -0.149014
0.0885153 -0.122818 0.0949482 -0.149206
0.0886077 -0.122959 0.0950533 -0.149397
0.0887003 -0.123101 0.0951582 -0.149588
0.0887929 -0.123242 0.0952631 -0.149778
0.0888857 -0.123384 0.0953679 -0.149969
0.0889785 -0.123526 0.0954725 -0.150159
0.0890715 -0.123668  0.095577 -0.150349
0.0891646 -0.123811 0.0956814 -0.150538
0.0892578 -0.123954 0.0957857 -0.150727
0.0893511 -0.124097 0.0958898 -0.150916
0.0894445  -0.12424 0.0959938 -0.151105
0.0895381 -0.124384 0.0960977 -0.151293
0.0896317 -0.124527 0.0962015 -0.151481
0.0897255 -0.124672 0.0963052 -0.151669
0.0898194 -0.124816 0.0964088 -0.151857
0.0899135 -0.124961 0.0965122 -0.152044
0.0900076 -0.125105 0.0966155 -0.152231
0.0901019 -0.125251 0.0967187 -0.152418
0.0901963 -0.125396 0.0968217 -0.152604
0.0902908 -0.125542 0.0969247  -0.15279
0.0903854 -0.125688 0.0970275 -0.152976
0.0904802 -0.125834 0.0971302 -0.153162
0.090575 -0.12598 0.0972328 -0.153347
  0.09067 -0.126127 0.0973352 -0.153532
0.0907652 -0.126274 0.0974376 -0.153717
0.0908604 -0.126421 0.0975398 -0.153901
0.0909558 -0.126569 0.0976418 -0.154086
0.0910512 -0.126717 0.0977438  -0.15427
0.0911468 -0.126865 0.0978456 -0.154453
0.0912425 -0.127014 0.0979474 -0.154636
0.0913383 -0.127162 0.0980489 -0.154819
0.0914343 -0.127311 0.0981504 -0.155002
0.0915303 -0.127461 0.0982517 -0.155185
0.0916265  -0.12761 0.0983529 -0.155367
0.0917227  -0.12776  0.098454 -0.155549
0.0918191  -0.12791 0.098555 -0.15573
0.0919156 -0.128061 0.0986558 -0.155911
0.0920121 -0.128211 0.0987565 -0.156092
0.0921088 -0.128362 0.0988571 -0.156273
0.0922055 -0.128514 0.0989576 -0.156454
0.0923024 -0.128665 0.0990579 -0.156634
0.0923993 -0.128817 0.0991581 -0.156814
0.0924963 -0.128969 0.0992582 -0.156993
0.0925934 -0.129122 0.0993581 -0.157172
0.0926906 -0.129274  0.099458 -0.157351
0.0927878 -0.129427 0.0995577  -0.15753
0.0928852 -0.129581 0.0996572 -0.157708
0.0929825 -0.129734 0.0997567 -0.157886
  0.09308 -0.129888  0.099856 -0.158064
0.0931775 -0.130042 0.0999552 -0.158241
 0.093275 -0.130197  0.100054 -0.158419
0.0933726 -0.130351  0.100153 -0.158595
0.0934703 -0.130506  0.100252 -0.158772
 0.093568 -0.130661  0.100351 -0.158948
0.0936658 -0.130817  0.100449 -0.159124
0.0937636 -0.130972 0.100548  -0.1593
0.0938614 -0.131128  0.100646 -0.159475
0.0939592 -0.131285 0.100744 -0.15965
0.0940571 -0.131441  0.100842 -0.159825
 0.094155 -0.131598 0.10094   -0.16
0.0942529 -0.131755  0.101038 -0.160174
0.0943509 -0.131912  0.101135 -0.160348
0.0944488 -0.132069  0.101233 -0.160521
0.0945468 -0.132227   0.10133 -0.160694
0.0946447 -0.132385  0.101427 -0.160867
0.0947427 -0.132543 0.101524 -0.16104
0.0948406 -0.132702  0.101621 -0.161212
0.0949386  -0.13286  0.101718 -0.161384
0.0950365 -0.133019  0.101815 -0.161556
0.0951344 -0.133178  0.101911 -0.161727
0.0952323 -0.133338  0.102008 -0.161898
0.0953302 -0.133497  0.102104 -0.162069
0.0954281 -0.133657   0.1022 -0.16224
 0.095526 -0.133817 0.102296 -0.16241
0.0956239 -0.133978 0.102392 -0.16258
0.0957218 -0.134138  0.102488 -0.162749
0.0958196 -0.134299  0.102584 -0.162918
0.0959175  -0.13446  0.102679 -0.163087
0.0960154 -0.134622  0.102774 -0.163256
0.0961132 -0.134783   0.10287 -0.163424
 0.096211 -0.134945  0.102965 -0.163592
0.0963088 -0.135107  0.10306 -0.16376
0.0964066  -0.13527  0.103154 -0.163927
0.0965044 -0.135433  0.103249 -0.164094
0.0966021 -0.135595  0.103344 -0.164261
0.0966998 -0.135759  0.103438 -0.164427
0.0967974 -0.135922  0.103532 -0.164593
0.0968948 -0.136086  0.103626 -0.164759
 0.096992 -0.136249   0.10372 -0.164924
0.0970889 -0.136413  0.103814 -0.165089
0.0971857 -0.136577  0.103908 -0.165254
0.0972824 -0.136741  0.104001 -0.165419
0.0973788 -0.136906  0.104095 -0.165583
0.0974752  -0.13707  0.104188 -0.165746
0.0975715 -0.137234 0.104281 -0.16591
0.0976676 -0.137399  0.104374 -0.166073
0.0977636 -0.137564  0.104467 -0.166236
0.0978595 -0.137728   0.10456 -0.166398
0.0979552 -0.137893  0.104652 -0.166561
0.0980508 -0.138058  0.104745 -0.166722
0.0981462 -0.138223  0.104837 -0.166884
0.0982414 -0.138388  0.104929 -0.167045
0.0983364 -0.138554  0.105021 -0.167206
0.0984311 -0.138719  0.105113 -0.167367
0.0985257 -0.138885  0.105205 -0.167527
0.0986201 -0.139051  0.105296 -0.167687
0.0987144 -0.139216  0.105388 -0.167846
0.0988084 -0.139382  0.105479 -0.168006
0.0989023 -0.139548   0.10557 -0.168164
 0.098996 -0.139714  0.105661 -0.168323
0.0990895  -0.13988  0.105752 -0.168481
0.0991828 -0.140046  0.105843 -0.168639
0.0992759 -0.140212  0.105934 -0.168797
0.0993688 -0.140379  0.106024 -0.168954
0.0994616 -0.140545  0.106114 -0.169111
0.0995541 -0.140711  0.106204 -0.169267
0.0996465 -0.140878  0.106294 -0.169424
0.0997386 -0.141044 0.106384 -0.16958
0.0998306 -0.141211  0.106474 -0.169735
0.0999224 -0.141377 0.106564 -0.16989
 0.100014 -0.141544  0.106653 -0.170045
0.100105 -0.14171 0.106742  -0.1702
 0.100197 -0.141877  0.106831 -0.170354
 0.100288 -0.142044   0.10692 -0.170508
0.100379 -0.14221  0.107009 -0.170661
 0.100469 -0.142377  0.107098 -0.170815
  0.10056 -0.142544  0.107186 -0.170967
  0.10065 -0.142711 0.107275 -0.17112
  0.10074 -0.142877  0.107363 -0.171272
  0.10083 -0.143044  0.107451 -0.171424
  0.10092 -0.143211  0.107539 -0.171575
  0.10101 -0.143378  0.107627 -0.171726
 0.101099 -0.143545  0.107714 -0.171877
 0.101189 -0.143712  0.107802 -0.172028
 0.101278 -0.143878  0.107889 -0.172178
 0.101367 -0.144045  0.107976 -0.172327
 0.101456 -0.144212  0.108063 -0.172477
 0.101545 -0.144379   0.10815 -0.172626
 0.101633 -0.144546  0.108237 -0.172774
 0.101722 -0.144712  0.108324 -0.172923
  0.10181 -0.144879   0.10841 -0.173071
 0.101898 -0.145046  0.108496 -0.173218
 0.101986 -0.145213  0.108583 -0.173366
 0.102074 -0.145379  0.108668 -0.173512
 0.102161 -0.145546  0.108754 -0.173659
 0.102249 -0.145713   0.10884 -0.173805
 0.102321 -0.145871  0.108925 -0.173951
0.102393 -0.14603  0.109011 -0.174097
 0.102465 -0.146189  0.109096 -0.174242
 0.102536 -0.146347  0.109181 -0.174387
 0.102605 -0.146504  0.109266 -0.174531
 0.102672 -0.146662  0.109351 -0.174675
 0.102738 -0.146819  0.109435 -0.174819
 0.102803 -0.146976   0.10952 -0.174962
 0.102866 -0.147132  0.109604 -0.175105
 0.102927 -0.147288  0.109688 -0.175248
 0.102988 -0.147444 0.109772 -0.17539
 0.103046 -0.147599  0.109856 -0.175532
 0.103104 -0.147754   0.10994 -0.175673
  0.10316 -0.147907  0.110023 -0.175815
0.103215 -0.14806  0.110106 -0.175955
 0.103269 -0.148212   0.11019 -0.176096
 0.103323 -0.148364  0.110273 -0.176236
 0.103375 -0.148516  0.110355 -0.176376
 0.103427 -0.148667  0.110438 -0.176515
 0.103479 -0.148818  0.110521 -0.176654
 0.103529 -0.148968  0.110603 -0.176793
  0.10358 -0.149119  0.110685 -0.176931
  0.10363 -0.149269  0.110767 -0.177069
  0.10368 -0.149418  0.110849 -0.177206
 0.103729 -0.149568  0.110931 -0.177343
 0.103779 -0.149717 0.111013 -0.17748
 0.103828 -0.149866  0.111094 -0.177616
 0.103877 -0.150015  0.111175 -0.177752
 0.103926 -0.150163  0.111256 -0.177888
 0.103974 -0.150311  0.111337 -0.178023
 0.104023 -0.150459  0.111418 -0.178158
 0.104072 -0.150606  0.111499 -0.178293
  0.10412 -0.150753  0.111579 -0.178427
0.104169  -0.1509  0.111659 -0.178561
 0.104218 -0.151047  0.111739 -0.178694
 0.104267 -0.151194  0.111819 -0.178827
0.104316 -0.15134 0.111899 -0.17896
 0.104365 -0.151486  0.111979 -0.179092
 0.104414 -0.151631  0.112058 -0.179224
 0.104464 -0.151776  0.112138 -0.179355
 0.104514 -0.151921  0.112217 -0.179486
 0.104564 -0.152065  0.112296 -0.179617
0.104614 -0.15221  0.112374 -0.179747
 0.104665 -0.152353  0.112453 -0.179877
 0.104716 -0.152497  0.112532 -0.180007
0.104767 -0.15264   0.11261 -0.180136
 0.104819 -0.152783  0.112688 -0.180265
 0.104871 -0.152925  0.112766 -0.180393
 0.104923 -0.153067  0.112844 -0.180521
 0.104976 -0.153209  0.112921 -0.180649
 0.105029 -0.153351  0.112999 -0.180776
 0.105083 -0.153492  0.113076 -0.180903
 0.105138 -0.153633  0.113153 -0.181029
 0.105192 -0.153773   0.11323 -0.181155
 0.105247 -0.153914  0.113307 -0.181281
 0.105302 -0.154054  0.113384 -0.181406
 0.105358 -0.154194   0.11346 -0.181531
 0.105414 -0.154333  0.113536 -0.181656
 0.105471 -0.154472 0.113612 -0.18178
 0.105528 -0.154612  0.113688 -0.181904
0.105585 -0.15475  0.113764 -0.182027
 0.105642 -0.154889  0.11384 -0.18215
   0.1057 -0.155027  0.113915 -0.182272
 0.105759 -0.155166   0.11399 -0.182394
 0.105818 -0.155304  0.114066 -0.182516
 0.105877 -0.155441   0.11414 -0.182637
 0.105936 -0.155579  0.114215 -0.182758
 0.105996 -0.155716   0.11429 -0.182879
 0.106056 -0.155853  0.114364 -0.182999
0.106117 -0.15599  0.114438 -0.183119
 0.106178 -0.156126  0.114512 -0.183238
 0.106239 -0.156263  0.114586 -0.183357
 0.106301 -0.156399   0.11466 -0.183475
 0.106363 -0.156535  0.114733 -0.183594
0.106425 -0.15667  0.114807 -0.183711
 0.106488 -0.156805   0.11488 -0.183828
0.106551 -0.15694  0.114953 -0.183945
 0.106614 -0.157075  0.115026 -0.184062
0.106678 -0.15721  0.115098 -0.184178
 0.106742 -0.157344  0.115171 -0.184293
 0.106806 -0.157478  0.115243 -0.184409
 0.106871 -0.157612  0.115315 -0.184524
 0.106935 -0.157745  0.115387 -0.184638
 0.107001 -0.157878  0.115459 -0.184752
 0.107066 -0.158011   0.11553 -0.184865
 0.107131 -0.158144  0.115602 -0.184979
 0.107197 -0.158277  0.115673 -0.185091
 0.107263 -0.158409  0.115744 -0.185204
  0.10733 -0.158541  0.115815 -0.185316
 0.107396 -0.158673  0.115885 -0.185427
 0.107463 -0.158804  0.115956 -0.185538
  0.10753 -0.158935  0.116026 -0.185649
 0.107597 -0.159066  0.116096 -0.185759
 0.107664 -0.159197  0.116166 -0.185869
 0.107732 -0.159327  0.116236 -0.185978
 0.107799 -0.159458  0.116305 -0.186087
 0.107867 -0.159588  0.116375 -0.186196
 0.107935 -0.159717  0.116444 -0.186304
 0.108003 -0.159847  0.116513 -0.186412
 0.108071 -0.159976  0.116582 -0.186519
  0.10814 -0.160105   0.11665 -0.186626
 0.108208 -0.160234  0.116719 -0.186732
 0.108277 -0.160362  0.116787 -0.186838
 0.108346 -0.160491  0.116855 -0.186944
 0.108415 -0.160619  0.116923 -0.187049
 0.108483 -0.160747  0.116991 -0.187153
 0.108553 -0.160875  0.117058 -0.187258
 0.108622 -0.161002  0.117126 -0.187362
 0.108691 -0.161129  0.117193 -0.187465
  0.10876 -0.161255   0.11726 -0.187568
0.108829 -0.16138 0.117327 -0.18767
 0.108899 -0.161505  0.117393 -0.187773
 0.108968 -0.161627   0.11746 -0.187874
 0.109037 -0.161747  0.117526 -0.187975
 0.109106 -0.161866  0.117592 -0.188076
 0.109176 -0.161985  0.117658 -0.188177
 0.109245 -0.162104  0.117723 -0.188276
 0.109313 -0.162223  0.117789 -0.188376
 0.109382 -0.162342  0.117854 -0.188475
 0.109451 -0.162461  0.117919 -0.188574
  0.10952 -0.162581  0.117984 -0.188672
0.109589  -0.1627  0.118049 -0.188769
0.109657 -0.16282  0.118113 -0.188867
 0.109726 -0.162939  0.118177 -0.188963
 0.109795 -0.163059 0.118241 -0.18906
 0.109863 -0.163178  0.118305 -0.189156
 0.109932 -0.163297  0.118369 -0.189251
 0.109977 -0.163435  0.118433 -0.189346
 0.110022 -0.163573  0.118496 -0.189441
 0.110066 -0.163712  0.118559 -0.189535
 0.110111 -0.163849  0.118622 -0.189629
 0.110157 -0.163985  0.118685 -0.189722
 0.110204 -0.164121  0.118747 -0.189815
 0.110277 -0.164233   0.11881 -0.189907
 0.110349 -0.164345  0.118872 -0.189999
 0.110422 -0.164458 0.118934 -0.19009
 0.110495 -0.164571  0.118996 -0.190181
 0.110567 -0.164683  0.119057 -0.190272
  0.11064 -0.164795  0.119118 -0.190362
 0.110713 -0.164908   0.11918 -0.190451
0.110786 -0.16502 0.119241 -0.19054
 0.110859 -0.165132  0.119301 -0.190629
 0.110932 -0.165244  0.119362 -0.190717
 0.111004 -0.165356  0.119422 -0.190805
 0.111077 -0.165468  0.119483 -0.190892
 0.111149 -0.165579  0.119542 -0.190979
0.111221 -0.16569  0.119602 -0.191065
0.111293  -0.1658  0.119662 -0.191151
0.111365 -0.16591  0.119721 -0.191237
 0.111437 -0.166019   0.11978 -0.191322
 0.111509 -0.166128  0.119839 -0.191406
 0.111581 -0.166237 0.119898 -0.19149
 0.111653 -0.166345  0.119957 -0.191574
 0.111724 -0.166453  0.120015 -0.191657
0.111795 -0.16656  0.120073 -0.191739
 0.111867 -0.166668  0.120131 -0.191822
 0.111938 -0.166775  0.120189 -0.191903
 0.112009 -0.166882  0.120246 -0.191984
  0.11208 -0.166988  0.120304 -0.192065
 0.112151 -0.167094  0.120361 -0.192145
0.112222  -0.1672  0.120418 -0.192225
 0.112293 -0.167306  0.120475 -0.192304
 0.112364 -0.167411  0.120531 -0.192383
 0.112435 -0.167516  0.120587 -0.192462
 0.112505 -0.167621  0.120643 -0.192539
 0.112576 -0.167726  0.120699 -0.192617
0.112647 -0.16783  0.120755 -0.192694
 0.112717 -0.167935 0.120811 -0.19277
 0.112788 -0.168039  0.120866 -0.192846
 0.112858 -0.168142  0.120921 -0.192922
 0.112929 -0.168246  0.120976 -0.192997
 0.112999 -0.168349   0.12103 -0.193071
 0.113069 -0.168452  0.121085 -0.193145
  0.11314 -0.168555  0.121139 -0.193219
  0.11321 -0.168657  0.121193 -0.193292
  0.11328 -0.168759  0.121247 -0.193364
  0.11335 -0.168861  0.121301 -0.193437
  0.11342 -0.168963  0.121354 -0.193508
  0.11349 -0.169065  0.121407 -0.193579
  0.11356 -0.169166  0.12146 -0.19365
  0.11363 -0.169267 0.121513 -0.19372
   0.1137 -0.169368 0.121565 -0.19379
  0.11377 -0.169469  0.121618 -0.193859
  0.11384 -0.169569   0.12167 -0.193927
 0.113909 -0.169669  0.121722 -0.193996
 0.113979 -0.169769  0.121774 -0.194063
 0.114049 -0.169869 0.121825 -0.19413
 0.114118 -0.169969  0.121876 -0.194197
 0.114188 -0.170068  0.121927 -0.194263
 0.114257 -0.170167  0.121978 -0.194329
 0.114326 -0.170266  0.122029 -0.194394
 0.114396 -0.170365  0.122079 -0.194459
 0.114465 -0.170463  0.122129 -0.194523
 0.114534 -0.170561  0.122179 -0.194587
 0.114603 -0.170659 0.122229 -0.19465
 0.114672 -0.170757  0.122279 -0.194712
 0.114741 -0.170855  0.122328 -0.194775
  0.11481 -0.170952  0.122377 -0.194836
 0.114879 -0.171049  0.122426 -0.194897
 0.114947 -0.171146  0.122475 -0.194958
 0.115016 -0.171243  0.122523 -0.195018
 0.115085 -0.171339  0.122571 -0.195078
 0.115153 -0.171436  0.122619 -0.195137
 0.115222 -0.171532  0.122667 -0.195195
  0.11529 -0.171628  0.122715 -0.195254
 0.115358 -0.171723  0.122762 -0.195311
 0.115427 -0.171818  0.122809 -0.195368
 0.115495 -0.171914  0.122856 -0.195425
 0.115563 -0.172008  0.122903 -0.195481
 0.115631 -0.172103  0.122949 -0.195536
 0.115699 -0.172197  0.122995 -0.195591
 0.115767 -0.172291  0.123041 -0.195646
 0.115835 -0.172385 0.123087  -0.1957
 0.115903 -0.172479  0.123133 -0.195753
  0.11597 -0.172572  0.123178 -0.195806
 0.116038 -0.172665  0.123223 -0.195858
 0.116106 -0.172758 0.123268 -0.19591
0.116173 -0.17285  0.123312 -0.195961
 0.116241 -0.172943  0.123357 -0.196012
 0.116308 -0.173035  0.123401 -0.196062
 0.116376 -0.173126  0.123445 -0.196112
 0.116443 -0.173218  0.123489 -0.196161
  0.11651 -0.173309 0.123532 -0.19621
 0.116578 -0.173399  0.123575 -0.196258
0.116645 -0.17349  0.123618 -0.196306
0.116712 -0.17358  0.123661 -0.196353
0.116779 -0.17367  0.123704 -0.196399
 0.116846 -0.173759  0.123746 -0.196445
 0.116913 -0.173848  0.123788 -0.196491
  0.11698 -0.173937   0.12383 -0.196536
 0.117046 -0.174025 0.123872 -0.19658
 0.117113 -0.174114  0.123913 -0.196624
  0.11718 -0.174201  0.123954 -0.196667
 0.117247 -0.174289 0.123995 -0.19671
 0.117313 -0.174376  0.124036 -0.196752
  0.11738 -0.174462  0.124076 -0.196794
 0.117447 -0.174548  0.124117 -0.196835
 0.117513 -0.174634  0.124157 -0.196876
0.117579 -0.17472  0.124196 -0.196916
 0.117646 -0.174805  0.124236 -0.196955
0.117712 -0.17489  0.124275 -0.196994
 0.117779 -0.174974  0.124314 -0.197033
 0.117845 -0.175058  0.124353 -0.197071
 0.117911 -0.175141  0.124392 -0.197108
 0.117977 -0.175224   0.12443 -0.197145
 0.118043 -0.175307  0.124468 -0.197181
  0.11811 -0.175389  0.124506 -0.197216
0.118176 -0.17547  0.124544 -0.197251
 0.118242 -0.175552  0.124581 -0.197286
 0.118308 -0.175632 0.124618 -0.19732
 0.118374 -0.175713  0.124655 -0.197353
  0.11844 -0.175792  0.124692 -0.197386
 0.118506 -0.175872  0.124728 -0.197419
 0.118571 -0.175951 0.124764 -0.19745
 0.118637 -0.176029    0.1248 -0.197481
 0.118703 -0.176107  0.124836 -0.197512
 0.118769 -0.176184  0.124871 -0.197542
 0.118835 -0.176261  0.124906 -0.197571
   0.1189 -0.176337 0.124941  -0.1976
 0.118966 -0.176413  0.124976 -0.197629
 0.119032 -0.176488   0.12501 -0.197656
 0.119098 -0.176563  0.125045 -0.197684
 0.119163 -0.176637 0.125079 -0.19771
 0.119229 -0.176711  0.125112 -0.197736
 0.119295 -0.176784  0.125146 -0.197762
  0.11936 -0.176857  0.125179 -0.197787
 0.119426 -0.176929  0.125212 -0.197811
 0.119496 -0.177043  0.125245 -0.197835
 0.119567 -0.177155  0.125277 -0.197858
 0.119638 -0.177266  0.125309 -0.197881
 0.119707 -0.177377  0.125341 -0.197903
 0.119774 -0.177487  0.125373 -0.197924
  0.11984 -0.177595  0.125404 -0.197945
 0.119904 -0.177703  0.125436 -0.197965
0.119966 -0.17781  0.125467 -0.197985
 0.120027 -0.177916  0.125497 -0.198004
 0.120086 -0.178021  0.125528 -0.198022
 0.120143 -0.178125 0.125558 -0.19804
   0.1202 -0.178227  0.125588 -0.198058
 0.120255 -0.178328  0.125618 -0.198074
 0.120309 -0.178428 0.125647 -0.19809
 0.120362 -0.178527  0.125676 -0.198106
 0.120414 -0.178625  0.125705 -0.198121
 0.120466 -0.178721  0.125734 -0.198135
 0.120517 -0.178816  0.125762 -0.198149
 0.120576 -0.178922   0.12579 -0.198162
 0.120634 -0.179027  0.125818 -0.198175
0.120692 -0.17913  0.125846 -0.198187
 0.120749 -0.179233  0.125873 -0.198198
 0.120806 -0.179334    0.1259 -0.198209
 0.120863 -0.179435  0.125927 -0.198219
 0.120919 -0.179534  0.125954 -0.198229
 0.120974 -0.179633   0.12598 -0.198238
 0.121029 -0.179731  0.126006 -0.198246
 0.121083 -0.179828  0.126032 -0.198254
 0.121137 -0.179924  0.126057 -0.198261
 0.121191 -0.180018  0.126083 -0.198268
 0.121244 -0.180112  0.126108 -0.198274
 0.121297 -0.180205  0.126132 -0.198279
 0.121349 -0.180296  0.126157 -0.198284
 0.121401 -0.180387  0.126181 -0.198288
 0.121453 -0.180477  0.126205 -0.198291
 0.121505 -0.180565  0.126229 -0.198294
 0.121556 -0.180653  0.126252 -0.198296
 0.121607 -0.180739  0.126275 -0.198298
 0.121658 -0.180824  0.126298 -0.198299
 0.121708 -0.180909  0.126321 -0.198299
 0.121759 -0.180992  0.126343 -0.198299
 0.121809 -0.181074  0.126365 -0.198298
  0.12186 -0.181155  0.126387 -0.198297
  0.12191 -0.181235  0.126409 -0.198295
  0.12196 -0.181314   0.12643 -0.198292
 0.122009 -0.181392  0.126451 -0.198289
 0.122059 -0.181469  0.126472 -0.198285
 0.122109 -0.181545 0.126492 -0.19828
0.122158 -0.18162  0.126512 -0.198275
 0.122208 -0.181694  0.126532 -0.198269
 0.122257 -0.181766  0.126552 -0.198262
 0.122306 -0.181838  0.126571 -0.198255
 0.122355 -0.181909   0.12659 -0.198247
 0.122405 -0.181978  0.126609 -0.198239
 0.122454 -0.182046 0.126628 -0.19823
 0.122503 -0.182114 0.126646 -0.19822
0.122552 -0.18218 0.126664 -0.19821
 0.122601 -0.182245  0.126681 -0.198199
 0.122649 -0.182309  0.126699 -0.198187
 0.122698 -0.182372  0.126716 -0.198175
 0.122747 -0.182433  0.126733 -0.198162
 0.122796 -0.182494  0.126749 -0.198148
 0.122844 -0.182553  0.126765 -0.198133
 0.122893 -0.182612  0.126781 -0.198118
 0.122941 -0.182669  0.126797 -0.198103
  0.12299 -0.182725  0.126812 -0.198086
 0.123038 -0.182779  0.126827 -0.198069
 0.123086 -0.182833  0.126842 -0.198052
 0.123133 -0.182885  0.126857 -0.198033
 0.123181 -0.182936  0.126871 -0.198014
 0.123228 -0.182986  0.126885 -0.197995
 0.123275 -0.183035  0.126899 -0.197975
 0.123322 -0.183082  0.126912 -0.197954
 0.123368 -0.183128  0.126925 -0.197933
 0.123415 -0.183174  0.126938 -0.197911
 0.123461 -0.183218  0.126951 -0.197889
 0.123507 -0.183261  0.126964 -0.197866
 0.123553 -0.183303  0.126977 -0.197843
0.0262259 0.0340371 0.0269975 0.0221618
0.0262696 0.0339944 0.0270328 0.0221348
0.0263124 0.0339531 0.0270785 0.0220851
0.0263555 0.0339119  0.027131 0.0220206
0.0263979 0.0338718 0.0271873 0.0219477
0.0264407 0.0338311 0.0272451 0.0218716
0.0264621 0.0337925 0.0273026 0.0217963
0.0264892 0.0337607 0.0273584 0.0217248
 0.026519 0.0337334 0.0274114 0.0216595
0.0265494 0.0337048  0.027461 0.0216018
0.0265791 0.0336731 0.0275068 0.0215525
0.0266041 0.0336362 0.0275486 0.0215123
0.0266261  0.033602 0.0275863  0.021481
0.0266449 0.0335727 0.0276201 0.0214584
 0.026662 0.0335522 0.0276502 0.0214441
 0.026678 0.0335394 0.0276768 0.0214375
0.0266923 0.0335321 0.0277004 0.0214379
0.0267056 0.0335286 0.0277211 0.0214444
0.0267185 0.0335277 0.0277395 0.0214563
0.0267313  0.033528 0.0277558 0.0214729
0.0267446 0.0335288 0.0277703 0.0214934
0.0267588 0.0335292 0.0277834 0.0215171
0.0267739 0.0335288 0.0277954 0.0215434
  0.02679 0.0335272 0.0278065 0.0215718
0.0268067 0.0335249 0.0278169 0.0216018
0.0268239 0.0335219 0.0278268 0.0216329
0.0268414 0.0335184 0.0278365 0.0216648
0.0268591 0.0335147 0.0278459 0.0216973
0.0268771 0.0335107 0.0278553 0.0217299
0.0268952 0.0335067 0.0278647 0.0217627
0.0269134 0.0335025 0.0278741 0.0217954
0.0269317 0.0334981 0.0278837 0.0218278
0.0269502 0.0334936 0.0278935 0.0218601
0.0269688 0.0334887 0.0279035  0.021892
0.0269875 0.0334835 0.0279136 0.0219235
0.0270064 0.0334777  0.027924 0.0219547
0.0270254 0.0334714 0.0279345 0.0219856
0.0270447 0.0334645 0.0279453 0.0220162
0.0270641  0.033457 0.0279562 0.0220464
0.0270837 0.0334487 0.0279673 0.0220764
0.0271035 0.0334399 0.0279786 0.0221061
0.0271234 0.0334303   0.02799 0.0221357
0.0271436 0.0334201 0.0280015  0.022165
0.0271639 0.0334093 0.0280132 0.0221943
0.0271844 0.0333978 0.0280249 0.0222234
 0.027205 0.0333856 0.0280367 0.0222524
0.0272256 0.0333729 0.0280486 0.0222814
0.0272465 0.0333596 0.0280606 0.0223104
0.0272676 0.0333456 0.0280726 0.0223393
0.0272947 0.0333262 0.0280846 0.0223682
0.0273217 0.0333064 0.0280967 0.0223972
0.0273488 0.0332862 0.0281089 0.0224261
0.0273753 0.0332655  0.028121 0.0224551
0.0274018 0.0332445 0.0281332 0.0224842
0.0274298 0.0332239 0.0281454 0.0225133
0.0274587 0.0332035 0.0281577 0.0225424
0.0274883 0.0331833 0.0281699 0.0225716
0.0275186 0.0331634 0.0281822 0.0226009
0.0275498 0.0331437 0.0281945 0.0226302
0.0275818 0.0331241 0.0282069 0.0226596
0.0276145 0.0331046 0.0282192  0.022689
 0.027648 0.0330851 0.0282316 0.0227185
0.0276822 0.0330655 0.028244 0.022748
0.0277172  0.033046 0.0282564 0.0227776
 0.027753 0.0330263 0.0282689 0.0228073
0.0277895 0.0330067 0.0282814  0.022837
0.0278268 0.0329869 0.0282939 0.0228667
0.0278649 0.0329671 0.0283064 0.0228965
0.0279038 0.0329473  0.028319 0.0229264
0.0279434 0.0329275 0.0283315 0.0229562
0.0279838 0.0329077 0.0283442 0.0229862
 0.028025 0.0328879 0.0283568 0.0230161
0.0280668 0.0328681 0.0283695 0.0230462
0.0281094 0.0328484 0.0283822 0.0230762
0.0281528 0.0328288 0.0283949 0.0231063
0.0281969 0.0328092 0.0284077 0.0231365
0.0282417 0.0327897 0.0284205 0.0231666
0.0282872 0.0327703 0.0284333 0.0231969
0.0283334  0.032751 0.0284462 0.0232271
0.0283804 0.0327318 0.0284591 0.0232574
0.0284281 0.0327128  0.028472 0.0232878
0.0284765 0.0326939 0.0284849 0.0233182
0.0285257 0.0326751 0.0284979 0.0233486
0.0285755 0.0326564 0.0285109 0.0233791
 0.028626 0.0326379  0.028524 0.0234096
0.0286772 0.0326196 0.0285371 0.0234402
0.0287291 0.0326015 0.0285502 0.0234708
0.0287817 0.0325835 0.0285633 0.0235014
 0.028835 0.0325657 0.0285765 0.0235321
0.0288889 0.0325481 0.0285897 0.0235629
0.0289435 0.0325308 0.0286029 0.0235936
0.0289988 0.0325136 0.0286162 0.0236245
0.0290547 0.0324967 0.0286295 0.0236553
0.0291113 0.0324799 0.0286428 0.0236862
0.0291686 0.0324634 0.0286562 0.0237172
0.0292264 0.0324472 0.0286696 0.0237482
0.0292849 0.0324311  0.028683 0.0237792
0.0293503 0.0324155 0.0286965 0.0238103
0.0294158 0.0324001   0.02871 0.0238414
0.0294813 0.0323849 0.0287235 0.0238726
 0.029547 0.0323699  0.028737 0.0239038
0.0296128 0.0323552 0.0287506 0.0239351
0.0296787 0.0323408 0.0287642 0.0239664
0.0297446 0.0323266 0.0287779 0.0239977
0.0298106 0.0323126 0.0287916 0.0240291
0.0298767  0.032299 0.0288053 0.0240606
0.0299428 0.0322856  0.028819 0.0240921
0.0300089 0.0322725 0.0288328 0.0241236
 0.030075 0.0322596 0.0288466 0.0241552
0.0301411 0.0322471 0.0288605 0.0241868
0.0302072 0.0322348 0.0288743 0.0242185
0.0302732 0.0322228 0.0288882 0.0242502
0.0303392 0.0322112 0.0289022 0.0242819
0.0304051 0.0321998 0.0289162 0.0243137
0.0304711 0.0321887 0.0289302 0.0243456
0.0305371 0.0321779 0.0289442 0.0243775
0.0306031 0.0321674 0.0289583 0.0244094
 0.030669 0.0321572 0.0289724 0.0244414
0.0307349 0.0321473 0.0289865 0.0244735
0.0308007 0.0321377 0.0290007 0.0245055
0.0308665 0.0321284 0.0290149 0.0245377
0.0309322 0.0321195 0.0290291 0.0245699
0.0309978 0.0321108 0.0290434 0.0246021
0.0310634 0.0321025 0.0290577 0.0246344
0.0311289 0.0320944  0.029072 0.0246667
0.0311944 0.0320867 0.0290863  0.024699
0.0312597 0.0320793 0.0291007 0.0247314
0.0313249 0.0320722 0.0291152 0.0247639
  0.03139 0.0320654 0.0291296 0.0247964
 0.031455 0.0320589 0.0291441  0.024829
0.0315198 0.0320527 0.0291587 0.0248616
0.0315844 0.0320469 0.0291732 0.0248942
0.0316489 0.0320413 0.0291878 0.0249269
0.0317132 0.0320361 0.0292025 0.0249597
0.0317774 0.0320312 0.0292171 0.0249925
0.0318414 0.0320266 0.0292318 0.0250253
0.0319052 0.0320224 0.0292465 0.0250582
0.0319688 0.0320184 0.0292613 0.0250912
0.0320322 0.0320148 0.0292761 0.0251241
0.0320954 0.0320115 0.0292909 0.0251572
0.0321583 0.0320085 0.0293058 0.0251903
 0.032221 0.0320058 0.0293207 0.0252234
0.0322833 0.0320035 0.0293356 0.0252566
0.0323454 0.0320015 0.0293506 0.0252898
0.0324071 0.0319998 0.0293656 0.0253231
0.0324686 0.0319985 0.0293806 0.0253564
0.0325297 0.0319975 0.0293957 0.0253898
0.0325905 0.0319968 0.0294108 0.0254233
 0.032651 0.0319964 0.0294259 0.0254568
0.0327112 0.0319963 0.0294411 0.0254903
0.0327711 0.0319965 0.0294563 0.0255239
0.0328306 0.0319971 0.0294716 0.0255575
0.0328898 0.0319979 0.0294868 0.0255912
0.0329487  0.031999 0.0295022 0.0256249
0.0330073 0.0320005 0.0295175 0.0256587
0.0330655 0.0320022 0.0295329 0.0256925
0.0331235 0.0320043 0.0295483 0.0257264
0.0331811 0.0320066 0.0295637 0.0257604
0.0332385 0.0320093 0.0295792 0.0257944
0.0332955 0.0320122 0.0295947 0.0258284
 0.033352 0.0320155 0.0296103 0.0258625
0.0334081  0.032019 0.0296259 0.0258966
0.0334637 0.0320229 0.0296415 0.0259308
0.0335187 0.0320271 0.0296572 0.0259651
0.0335733 0.0320316 0.0296728 0.0259994
0.0336273 0.0320364 0.0296886 0.0260337
0.0336808 0.0320415 0.0297043 0.0260681
0.0337339 0.0320469 0.0297201 0.0261026
0.0337865 0.0320526  0.029736 0.0261371
0.0338387 0.0320586 0.0297518 0.0261717
0.0338904 0.0320649 0.0297677 0.0262063
0.0339418 0.0320715 0.0297837 0.0262409
0.0339927 0.0320783 0.0297996 0.0262756
0.0340433 0.0320855 0.0298157 0.0263104
0.0340935 0.0320929 0.0298317 0.0263452
0.0341434 0.0321006 0.0298478 0.0263801
0.0341928 0.0321086 0.0298639  0.026415
 0.034242 0.0321169 0.02988 0.02645
0.0342908 0.0321254 0.0298962 0.0264851
0.0343394 0.0321342 0.0299125 0.0265202
0.0343876 0.0321433 0.0299287 0.0265553
0.0344355 0.0321527  0.029945 0.0265905
0.0344832 0.0321624 0.0299613 0.0266257
0.0345307 0.0321723 0.0299777  0.026661
0.0345778 0.0321825 0.0299941 0.0266964
0.0346247 0.0321929 0.0300106 0.0267318
0.0346714 0.0322037  0.030027 0.0267673
0.0347179 0.0322147 0.0300436 0.0268028
0.0347641  0.032226 0.0300601 0.0268384
0.0348101 0.0322375 0.0300767  0.026874
0.0348559 0.0322493 0.0300933 0.0269097
0.0349016 0.0322614   0.03011 0.0269454
 0.034947 0.0322738 0.0301267 0.0269812
0.0349923 0.0322864 0.0301434 0.0270171
0.0350373 0.0322993 0.0301602  0.027053
0.0350823 0.0323125 0.030177 0.027089
 0.035127 0.0323259 0.0301938  0.027125
0.0351717 0.0323396 0.0302107 0.0271611
0.0352161 0.0323536 0.0302276 0.0271972
0.0352604 0.0323678 0.0302446 0.0272334
0.0353046 0.0323823 0.0302616 0.0272696
0.0353487 0.0323971 0.0302786 0.0273059
0.0353926 0.0324121 0.0302956 0.0273423
0.0354364 0.0324274 0.0303127 0.0273787
0.0354801 0.0324429 0.0303299 0.0274152
0.0355237 0.0324587 0.0303471 0.0274517
0.0355671 0.0324748 0.0303643 0.0274883
0.0356105 0.0324911 0.0303815 0.0275249
0.0356537 0.0325077 0.0303988 0.0275616
0.0356969 0.0325245 0.0304161 0.0275984
0.0357399 0.0325416 0.0304335 0.0276352
0.0357829  0.032559 0.0304509  0.027672
0.0358258 0.0325766 0.0304683  0.027709
0.0358686 0.0325945 0.0304858 0.0277459
0.0359112 0.0326126 0.0305033  0.027783
0.0359538 0.0326309 0.0305209 0.0278201
0.0359964 0.0326496 0.0305385 0.0278572
0.0360388 0.0326684 0.0305561 0.0278945
0.0360812 0.0326875 0.0305738 0.0279317
0.0361235 0.0327069 0.0305915 0.0279691
0.0361657 0.0327265 0.0306092 0.0280065
0.0362078 0.0327464  0.030627 0.0280439
  0.03625 0.0327664 0.0306448 0.0280814
 0.036292 0.0327866 0.0306627  0.028119
 0.036334 0.0328071 0.0306806 0.0281566
0.0363758 0.0328277 0.0306985 0.0281943
0.0364176 0.0328485 0.0307165 0.0282321
0.0364592 0.0328695 0.0307345 0.0282699
0.0365007 0.0328907 0.0307526 0.0283077
0.0365421 0.0329121 0.0307707 0.0283457
0.0365834 0.0329336 0.0307888 0.0283836
0.0366245 0.0329554  0.030807 0.0284217
0.0366655 0.0329774 0.0308252 0.0284598
0.0367064 0.0329996 0.0308434  0.028498
0.0367473  0.033022 0.0308617 0.0285362
 0.036788 0.0330446   0.03088 0.0285745
0.0368286 0.0330674 0.0308984 0.0286128
 0.036869 0.0330905 0.0309168 0.0286512
0.0369094 0.0331137 0.0309352 0.0286897
0.0369498 0.0331372 0.0309537 0.0287282
0.0369902 0.0331609 0.0309723 0.0287668
0.0370305  0.033185 0.0309908 0.0288055
0.0370708 0.0332093 0.0310094 0.0288442
0.037111 0.033234 0.0310281  0.028883
0.0371511 0.0332589 0.0310467 0.0289218
0.0371911 0.0332841 0.0310655 0.0289607
0.0372311 0.0333095 0.0310842 0.0289997
0.0372711 0.0333352  0.031103 0.0290387
0.0373109 0.0333611 0.0311219 0.0290778
0.0373506 0.0333873 0.0311407  0.029117
0.0373903 0.0334137 0.0311597 0.0291562
0.0374298 0.0334403 0.0311786 0.0291955
0.0374693 0.0334671 0.0311976 0.0292348
0.0375087 0.0334941 0.0312167 0.0292742
0.0375479 0.0335214 0.0312358 0.0293137
 0.037587 0.0335488 0.0312549 0.0293532
 0.037626 0.0335765  0.031274 0.0293928
0.0376649 0.0336043 0.0312932 0.0294324
0.0377037 0.0336323 0.0313125 0.0294722
0.0377423 0.0336606 0.0313318 0.0295119
0.0377809  0.033689 0.0313511 0.0295518
0.0378192 0.0337176 0.0313705 0.0295917
0.0378575 0.0337464 0.0313899 0.0296317
0.0378956 0.0337753 0.0314093 0.0296717
0.0379336 0.0338045 0.0314288 0.0297118
0.0379714 0.0338338 0.0314483  0.029752
0.0380092 0.0338634 0.0314679 0.0297922
0.0380468  0.033893 0.0314875 0.0298325
0.0380843 0.0339229 0.0315072 0.0298729
0.0381217 0.0339529 0.0315269 0.0299133
 0.038159 0.0339831 0.0315466 0.0299538
0.0381961 0.0340135 0.0315664 0.0299944
0.0382331  0.034044 0.0315862  0.030035
0.0382699 0.0340747 0.0316061 0.0300757
0.0383066 0.0341055  0.031626 0.0301165
0.0383431 0.0341365 0.0316459 0.0301573
0.0383794 0.0341677 0.0316659 0.0301982
0.0384155 0.0341991  0.031686 0.0302392
0.0384515 0.0342305  0.031706 0.0302802
0.0384872 0.0342622 0.0317262 0.0303213
0.0385228  0.034294 0.0317463 0.0303624
0.0385582 0.0343259 0.0317665 0.0304037
0.0385933  0.034358 0.0317868 0.0304449
0.0386283 0.0343903  0.031807 0.0304863
 0.038663 0.0344227 0.0318274 0.0305277
0.0386975 0.0344552 0.0318477 0.0305692
0.0387317 0.0344879 0.0318681 0.0306108
0.0387658 0.0345207 0.0318886 0.0306524
0.0387995 0.0345536 0.0319091 0.0306941
 0.038833 0.0345867 0.0319296 0.0307359
0.0388663 0.0346199 0.0319502 0.0307777
0.0388993 0.0346533 0.0319708 0.0308196
0.0389321 0.0346867 0.0319915 0.0308616
0.0389645 0.0347203 0.0320122 0.0309036
0.0389967  0.034754  0.032033 0.0309457
0.0390286 0.0347878 0.0320538 0.0309879
0.0390603 0.0348218 0.0320746 0.0310302
0.0390916 0.0348558 0.0320955 0.0310725
0.0391227   0.03489 0.0321164 0.0311149
0.0391534 0.0349242 0.0321374 0.0311573
0.0391838 0.0349586 0.0321584 0.0311999
0.0392139 0.0349931 0.0321795 0.0312425
0.0392438 0.0350277 0.0322006 0.0312851
0.0392733 0.0350623 0.0322217 0.0313279
0.0393024 0.0350971 0.0322429 0.0313707
0.0393313 0.0351319 0.0322642 0.0314135
0.0393598 0.0351669 0.0322854 0.0314565
 0.039388 0.0352019 0.0323068 0.0314995
0.0394158  0.035237 0.0323281 0.0315426
0.0394433 0.0352722 0.0323495 0.0315857
0.0394705 0.0353074 0.032371 0.031629
0.0394973 0.0353428 0.0323925 0.0316723
0.0395238 0.0353782  0.032414 0.0317157
0.0395499 0.0354137 0.0324356 0.0317591
0.0395756 0.0354492 0.0324573 0.0318026
 0.039601 0.0354848 0.0324789 0.0318462
 0.039626 0.0355204 0.0325007 0.0318899
0.0396507 0.0355562 0.0325224 0.0319336
 0.039675 0.0355919 0.0325442 0.0319774
0.0396989 0.0356277 0.0325661 0.0320213
0.0397224 0.0356636  0.032588 0.0320652
0.0397456 0.0356995   0.03261 0.0321093
 0.039768 0.0357357 0.0326319 0.0321534
0.0397904 0.0357717  0.032654 0.0321975
0.0398123 0.0358077 0.0326761 0.0322418
0.0398339 0.0358437 0.0326982 0.0322861
0.0398551 0.0358798 0.0327204 0.0323305
0.0398759 0.0359159 0.0327426 0.0323749
0.0398964  0.035952 0.0327649 0.0324195
0.0399164 0.0359881 0.0327872 0.0324641
 0.039936 0.0360243 0.0328095 0.0325088
0.0399552 0.0360605 0.0328319 0.0325535
 0.039974 0.0360967 0.0328544 0.0325984
0.0399923 0.0361329 0.0328769 0.0326433
0.0400103 0.0361691 0.0328994 0.0326883
0.0400278 0.0362053  0.032922 0.0327333
0.0400449 0.0362415 0.0329447 0.0327785
0.0400616 0.0362777 0.0329673 0.0328237
0.0400778 0.0363139 0.0329901  0.032869
0.0400936 0.0363501 0.0330128 0.0329143
 0.040109 0.0363863 0.0330357 0.0329598
 0.040124 0.0364224 0.0330585 0.0330053
0.0401385 0.0364586 0.0330814 0.0330509
0.0401526 0.0364947 0.0331044 0.0330965
0.0401662 0.0365308 0.0331274 0.0331423
0.0401795 0.0365669 0.0331505 0.0331881
0.0401922 0.0366029 0.0331736  0.033234
0.0402046 0.0366389 0.0331967   0.03328
0.0402165 0.0366748 0.0332199  0.033326
 0.040228 0.0367108 0.0332432 0.0333721
 0.040239 0.0367466 0.0332664 0.0334183
0.0402495 0.0367825 0.0332898 0.0334646
0.0402596 0.0368183 0.0333132  0.033511
0.0402692  0.036854 0.0333366 0.0335574
0.0402783 0.0368897 0.0333601 0.0336039
0.0402869 0.0369254 0.0333836 0.0336505
0.0402951  0.036961 0.0334072 0.0336972
0.0403027 0.0369965 0.0334308  0.033744
0.0403098  0.037032 0.0334545 0.0337908
0.0403164 0.0370674 0.0334782 0.0338377
0.0403225 0.0371028  0.033502 0.0338847
 0.040328 0.0371381 0.0335258 0.0339317
 0.040333 0.0371734 0.0335497 0.0339789
0.0403375 0.0372085 0.0335736 0.0340261
0.0403415 0.0372437 0.0335976 0.0340734
0.0403448 0.0372787 0.0336216 0.0341208
0.0403477 0.0373137 0.0336456 0.0341683
0.0403499 0.0373486 0.0336697 0.0342158
0.0403517 0.0373835 0.0336939 0.0342634
0.0403528 0.0374182 0.0337181 0.0343111
0.0403534 0.0374529 0.0337424 0.0343589
0.0403534 0.0374875 0.0337667 0.0344068
0.0403529  0.037522  0.033791 0.0344547
0.0403517 0.0375565 0.0338154 0.0345028
0.0403501 0.0375909 0.0338399 0.0345509
0.0403478 0.0376251 0.0338644 0.0345991
0.0403449 0.0376594 0.0338889 0.0346473
0.0403415 0.0376935 0.0339135 0.0346957
0.0403375 0.0377275 0.0339382 0.0347441
0.0403329 0.0377614 0.0339629 0.0347927
0.0403277 0.0377953 0.0339876 0.0348413
0.0403219 0.0378291 0.0340125 0.0348899
0.0403156 0.0378627 0.0340373 0.0349387
0.0403087 0.0378963 0.0340622 0.0349876
0.0403012 0.0379298 0.0340872 0.0350365
0.0402931 0.0379632 0.0341122 0.0350855
0.0402844 0.0379965 0.0341372 0.0351346
0.0402752 0.0380297 0.0341623 0.0351838
0.0402653 0.0380628 0.0341875 0.0352331
0.0402549 0.0380959 0.0342127 0.0352824
 0.040244 0.0381288 0.0342379 0.0353318
0.0402324 0.0381616 0.0342632 0.0353814
0.0402203 0.0381943 0.0342886  0.035431
0.0402076 0.0382269  0.034314 0.0354806
0.0401943 0.0382594 0.0343395 0.0355304
0.0401805 0.0382919  0.034365 0.0355803
0.0401661 0.0383242 0.0343905 0.0356302
0.0401511 0.0383564 0.0344162 0.0356802
0.0401355 0.0383885 0.0344418 0.0357303
0.0401194 0.0384205 0.0344675 0.0357805
0.0401027 0.0384523 0.0344933 0.0358308
0.0400855 0.0384841 0.0345191 0.0358812
0.0400677 0.0385158  0.034545 0.0359317
0.0400493 0.0385473 0.0345709 0.0359822
0.0400305 0.0385787 0.0345969 0.0360328
 0.040011 0.0386101 0.0346229 0.0360835
0.0399911 0.0386412  0.034649 0.0361343
0.0399706 0.0386723 0.0346751 0.0361852
0.0399496 0.0387033 0.0347013 0.0362362
0.0399282 0.0387341 0.0347275 0.0362873
0.0399061 0.0387648 0.0347538 0.0363384
0.0398837 0.0387953 0.0347802 0.0363897
0.0398607 0.0388254 0.0348066  0.036441
0.0398372 0.0388551  0.034833 0.0364925
0.0398132 0.0388845 0.0348595  0.036544
0.0397888 0.0389136  0.034886 0.0365956
0.0397639 0.0389424 0.0349126 0.0366473
0.0397386 0.0389708 0.0349393 0.0366991
0.0397127 0.0389991 0.034966 0.036751
0.0396864  0.039027 0.0349927  0.036803
0.0396596 0.0390547 0.0350195 0.0368551
0.0396324 0.0390822 0.0350464 0.0369072
0.0396047 0.0391095 0.0350733 0.0369595
0.0395766 0.0391365 0.0351002 0.0370118
0.0395481 0.0391634 0.0351272 0.0370643
0.0395191 0.0391901 0.0351543 0.0371168
0.0394898 0.0392166 0.0351814 0.0371695
  0.03946 0.0392429 0.0352086 0.0372222
0.0394298  0.039269 0.0352358  0.037275
0.0393993  0.039295  0.035263 0.0373279
0.0393684 0.0393209 0.0352904  0.037381
0.0393371 0.0393466 0.0353177 0.0374341
0.0393054 0.0393722 0.0353452 0.0374873
0.0392734 0.0393976 0.0353726 0.0375406
0.0392411 0.0394229 0.0354002  0.037594
0.0392084 0.0394481 0.0354278 0.0376474
0.0391754 0.0394731 0.0354554  0.037701
 0.039142 0.0394981 0.0354831 0.0377547
0.0391084  0.039523 0.0355109 0.0378085
0.0390744 0.0395477 0.0355387 0.0378623
0.0390401 0.0395724 0.0355665 0.0379163
0.0390056 0.0395969 0.0355944 0.0379704
0.0389707 0.0396214 0.0356224 0.0380245
0.0389356 0.0396458 0.0356504 0.0380788
0.0389002 0.0396701 0.0356785 0.0381331
0.0388645 0.0396943 0.0357066 0.0381876
0.0388286 0.0397184 0.0357348 0.0382421
0.0387924 0.0397425  0.035763 0.0382968
0.0387559 0.0397664 0.0357913 0.0383515
0.0387192 0.0397903 0.0358196 0.0384064
0.0386823 0.0398141  0.035848 0.0384613
0.0386452 0.0398378 0.0358765 0.0385164
0.0386078 0.0398615  0.035905 0.0385715
0.0385702  0.039885 0.0359335 0.0386267
0.0385324 0.0399085 0.0359622 0.0386821
0.0384944  0.039932 0.0359908 0.0387375
0.0384562 0.0399553 0.0360196  0.038793
0.0384178 0.0399786 0.0360483 0.0388487
0.0383792 0.0400019 0.0360772 0.0389044
0.0383405 0.0400251 0.0361061 0.0389602
0.0383015 0.0400482  0.036135 0.0390161
0.0382624 0.0400712  0.036164 0.0390722
0.0382232 0.0400942 0.0361931 0.0391283
0.0381837 0.0401172 0.0362222 0.0391845
0.0381441 0.0401401 0.0362514 0.0392409
0.0381044 0.0401629 0.0362806 0.0392973
0.0380645 0.0401857 0.0363099 0.0393538
0.0380246 0.0402084 0.0363392 0.0394105
0.0379844 0.0402311 0.0363686 0.0394672
0.0379442 0.0402538 0.0363981 0.0395241
0.0379038 0.0402764 0.0364276  0.039581
0.0378634 0.0402989 0.0364571  0.039638
0.0378228 0.0403215 0.0364868 0.0396952
0.0377822  0.040344 0.0365165 0.0397524
0.0377414 0.0403664 0.0365462 0.0398098
0.0377006 0.0403889  0.036576 0.0398672
0.0376597 0.0404113 0.0366058 0.0399248
0.0376187 0.0404336 0.0366358 0.0399825
0.0375777  0.040456 0.0366657 0.0400402
0.0375365 0.0404783 0.0366957 0.0400981
0.0374954 0.0405006 0.0367258 0.0401561
0.0374542 0.0405229  0.036756 0.0402141
 0.037413 0.0405452 0.0367862 0.0402723
0.0373717 0.0405675 0.0368164 0.0403306
0.0373304 0.0405898 0.0368467  0.040389
0.0372891  0.040612 0.0368771 0.0404475
0.0372477 0.0406343 0.0369075 0.0405061
0.0372064 0.0406565  0.036938 0.0405648
0.0371651 0.0406788 0.0369686 0.0406236
0.0371237  0.040701 0.0369992 0.0406825
0.0370824 0.0407233 0.0370298 0.0407415
0.0370411 0.0407456 0.0370606 0.0408007
0.0369999 0.0407679 0.0370914 0.0408599
0.0369586 0.0407902 0.0371222 0.0409192
0.0369174 0.0408125 0.0371531 0.0409787
0.0368763 0.0408348 0.0371841 0.0410382
0.0368352 0.0408572 0.0372151 0.0410979
0.0367941 0.0408796 0.0372462 0.0411577
0.0367531 0.0409021 0.0372773 0.0412176
0.0367123 0.0409245 0.0373085 0.0412775
0.0366714  0.040947 0.0373398 0.0413376
0.0366307 0.0409696 0.0373711 0.0413978
0.0365901 0.0409922 0.0374024 0.0414581
0.0365495 0.0410149 0.0374339 0.0415186
0.0365091 0.0410376 0.0374654 0.0415791
0.0364688 0.0410603 0.0374969 0.0416397
0.0364286 0.0410832 0.0375286 0.0417005
0.0363886  0.041106 0.0375602 0.0417613
0.0363487  0.041129  0.037592 0.0418223
0.0363089  0.041152 0.0376238 0.0418834
0.0362693 0.0411751 0.0376556 0.0419446
0.0362298 0.0411983 0.0376876 0.0420059
0.0361905 0.0412215 0.0377196 0.0420673
0.0361514 0.0412449 0.0377516 0.0421288
0.0361125 0.0412683 0.0377837 0.0421904
0.0360737 0.0412918 0.0378159 0.0422521
0.0360351 0.0413154 0.0378481  0.042314
0.0359968 0.0413392 0.0378804  0.042376
0.0359587  0.041363 0.0379128  0.042438
0.0359208 0.0413869 0.0379452 0.0425002
0.0358831 0.0414109 0.0379776 0.0425625
0.0358457 0.0414351 0.0380102 0.0426249
0.0358085 0.0414593 0.0380428 0.0426874
0.0357715 0.0414837 0.0380754 0.0427501
0.0357349 0.0415082 0.0381082 0.0428128
0.0356987 0.0415328  0.038141 0.0428757
0.0356629 0.0415575 0.0381738 0.0429387
0.0356275 0.0415824 0.0382067 0.0430018
0.0355925 0.0416074 0.0382397  0.043065
0.0355579 0.0416325 0.0382727 0.0431283
0.0355239 0.0416577 0.0383058 0.0431917
0.0354903 0.0416831  0.038339 0.0432553
0.0354572 0.0417086 0.0383722 0.0433189
0.0354246 0.0417342 0.0384055 0.0433827
0.0353926 0.0417599 0.0384389 0.0434466
0.0353611 0.0417858 0.0384723 0.0435106
0.0353302 0.0418119 0.0385058 0.0435747
0.0352999 0.0418381 0.0385393  0.043639
0.0352702 0.0418644  0.038573 0.0437033
0.0352411 0.0418909 0.0386066 0.0437678
0.0352124 0.0419177 0.0386404 0.0438324
 0.035184 0.0419446 0.0386742 0.0438971
0.0351558 0.0419717 0.0387081 0.0439619
0.0351279  0.041999  0.038742 0.0440268
0.0351003 0.0420266  0.038776 0.0440919
0.0350729 0.0420544 0.0388101 0.0441571
0.0350459 0.0420825 0.0388442 0.0442224
0.0350192 0.0421108 0.0388784 0.0442878
0.0349928 0.0421394 0.0389126 0.0443533
0.0349668 0.0421682 0.038947 0.044419
0.0349412 0.0421973 0.0389813 0.0444847
 0.034916 0.0422266 0.0390158 0.0445506
0.0348911 0.0422562 0.0390503 0.0446166
0.0348666 0.0422861 0.0390849 0.0446827
0.0348425 0.0423162 0.0391196  0.044749
0.0348188 0.0423467 0.0391543 0.0448153
0.0347955 0.0423774 0.0391891 0.0448818
0.0347726 0.0424083 0.0392239 0.0449484
  0.03475 0.0424396 0.0392588 0.0450152
0.0347279 0.0424711 0.0392938  0.045082
0.0347061  0.042503 0.0393289  0.045149
0.0346848 0.0425351  0.039364 0.0452161
0.0346639 0.0425675 0.0393992 0.0452833
0.0346434 0.0426002 0.0394344 0.0453506
0.0346233 0.0426332 0.0394698 0.0454181
0.0346036 0.0426665 0.0395051 0.0454856
0.0345844    0.0427 0.0395406 0.0455533
0.0345656 0.0427339 0.0395761 0.0456212
0.0345472 0.0427681 0.0396117 0.0456891
0.0345292 0.0428026 0.0396474 0.0457572
0.0345117 0.0428374 0.0396831 0.0458254
0.0344947 0.0428725 0.0397189 0.0458937
0.0344781 0.0429079 0.0397547 0.0459621
0.0344619 0.0429436 0.0397907 0.0460307
0.0344462 0.0429796 0.0398267 0.0460994
0.0344309  0.043016 0.0398627 0.0461682
0.0344162 0.0430526 0.0398989 0.0462371
0.0344019 0.0430896 0.0399351 0.0463062
0.0343884  0.043127 0.0399713 0.0463754
0.0343755 0.0431646 0.0400077 0.0464447
0.0343632 0.0432026 0.0400441 0.0465141
0.0343515 0.0432409 0.0400806 0.0465837
0.0343403 0.0432796 0.0401171 0.0466534
0.0343297 0.0433186 0.0401537 0.0467232
0.0343196  0.043358 0.0401904 0.0467932
0.0343101 0.0433978 0.0402272 0.0468632
0.0343012 0.0434379  0.040264 0.0469334
0.0342928 0.0434784 0.0403009 0.0470038
 0.034285 0.0435193 0.0403379 0.0470742
0.0342778 0.0435605 0.0403749 0.0471448
0.0342712 0.0436021  0.040412 0.0472155
0.0342651 0.0436441 0.0404492 0.0472864
0.0342596 0.0436865 0.0404864 0.0473573
0.0342547 0.0437292 0.0405238 0.0474284
0.0342503 0.0437723 0.0405612 0.0474997
0.0342464 0.0438158 0.0405986  0.047571
0.0342432 0.0438596 0.0406362 0.0476425
0.0342404 0.0439038 0.0406738 0.0477141
0.0342382 0.0439485 0.0407114 0.0477859
0.0342365 0.0439935 0.0407492 0.0478578
0.0342354 0.0440389  0.040787 0.0479298
0.0342348 0.0440847 0.0408249 0.0480019
0.0342346 0.0441309 0.0408629 0.0480742
 0.034235 0.0441776 0.0409009 0.0481466
0.0342359 0.0442246  0.040939 0.0482191
0.0342373 0.0442722 0.0409772 0.0482918
0.0342393 0.0443202 0.0410154 0.0483646
0.0342417 0.0443688 0.0410538 0.0484375
0.0342447 0.0444178 0.0410922 0.0485106
0.0342481 0.0444673 0.0411306 0.0485838
 0.034252 0.0445173 0.0411692 0.0486571
0.0342564 0.0445677 0.0412078 0.0487306
0.0342612 0.0446187 0.0412465 0.0488042
0.0342665 0.0446701 0.0412852 0.0488779
0.0342722 0.0447221 0.0413241 0.0489518
0.0342785 0.0447744  0.041363 0.0490258
0.0342851 0.0448273  0.041402 0.0490999
0.0342923 0.0448805  0.041441 0.0491742
0.0342999 0.0449343 0.0414802 0.0492486
 0.034308 0.0449886 0.0415194 0.0493231
0.0343165 0.0450433 0.0415586 0.0493978
0.0343254 0.0450986  0.041598 0.0494726
0.0343349 0.0451543 0.0416374 0.0495476
0.0343447 0.0452106 0.0416769 0.0496226
0.0343551 0.0452673 0.0417165 0.0496979
0.0343659 0.0453245 0.0417562 0.0497732
0.0343771 0.0453822 0.0417959 0.0498487
0.0343886 0.0454403 0.0418357 0.0499244
0.0344006 0.0454989 0.0418756 0.0500001
0.0344129  0.045558 0.0419155  0.050076
0.0344255 0.0456175 0.0419556 0.0501521
0.0344385 0.0456775 0.0419957 0.0502283
0.0344519 0.0457379 0.0420359 0.0503046
0.0344656 0.0457988 0.0420761 0.0503811
0.0344796 0.0458601 0.0421165 0.0504577
 0.034494 0.0459218 0.0421569 0.0505344
0.0345086  0.045984 0.0421974 0.0506113
0.0345236 0.0460467 0.0422379 0.0506883
0.0345389 0.0461097 0.0422786 0.0507655
0.0345545 0.0461732 0.0423193 0.0508428
0.0345704 0.0462372 0.0423601 0.0509203
0.0345866 0.0463016 0.0424009 0.0509978
0.0346031 0.0463664 0.0424419 0.0510756
0.0346199 0.0464316 0.0424829 0.0511535
 0.034637 0.0464972  0.042524 0.0512315
0.0346543 0.0465633 0.0425652 0.0513096
0.0346719 0.0466298 0.0426065 0.0513879
0.0346898 0.0466967 0.0426478 0.0514664
0.0347079  0.046764 0.0426892  0.051545
0.0347263 0.0468317 0.0427307 0.0516237
0.0347449 0.0468998 0.0427723 0.0517026
0.0347637 0.0469683  0.042814 0.0517816
0.0347828 0.0470372 0.0428557 0.0518607
0.0348021 0.0471065 0.0428975   0.05194
0.0348216 0.0471762 0.0429394 0.0520195
0.0348413 0.0472463 0.0429814 0.0520991
0.0348613 0.0473167 0.0430234 0.0521788
0.0348813 0.0473876 0.0430655 0.0522587
0.0349017 0.0474588 0.0431078 0.0523388
0.0349222 0.0475304   0.04315 0.0524189
0.0349428 0.0476024 0.0431924 0.0524993
0.0349636 0.0476747 0.0432349 0.0525797
0.0349846 0.0477474 0.0432774 0.0526604
0.0350058 0.0478205   0.04332 0.0527411
0.0350271  0.047894 0.0433627  0.052822
0.0350485 0.0479678 0.0434055 0.0529031
0.0350701 0.0480419 0.0434483 0.0529843
0.0350918 0.0481164 0.0434912 0.0530657
0.0351136 0.0481912 0.0435343 0.0531472
0.0351356 0.0482664 0.0435773 0.0532288
0.0351577  0.048342 0.0436205 0.0533106
0.0351798 0.0484178 0.0436638 0.0533926
0.0352021  0.048494 0.0437071 0.0534747
0.0352245 0.0485705 0.0437505  0.053557
 0.035247 0.0486473  0.043794 0.0536394
0.0352695 0.0487245 0.0438376 0.0537219
0.0352922  0.048802 0.0438813 0.0538046
0.0353149 0.0488798  0.043925 0.0538875
0.0353376 0.0489579 0.0439689 0.0539705
0.0353605 0.0490363 0.0440128 0.0540537
0.0353834  0.049115 0.0440568  0.054137
0.0354063  0.049194 0.0441009 0.0542205
0.0354293 0.0492732  0.044145 0.0543041
0.0354523 0.0493528 0.0441893 0.0543878
0.0354754 0.0494326 0.0442336 0.0544718
0.0354985 0.0495128  0.044278 0.0545559
0.0355216 0.0495931 0.0443225 0.0546401
0.0355448 0.0496738 0.0443671 0.0547245
0.0355679 0.0497547 0.0444118  0.054809
0.0355911 0.0498359 0.0444565 0.0548937
0.0356143 0.0499175 0.0445014 0.0549786
0.0356374 0.0499993 0.0445463 0.0550636
0.0356605 0.0500814 0.0445913 0.0551487
0.0356836 0.0501638 0.0446364 0.0552341
0.0357067 0.0502465 0.0446816 0.0553195
0.0357296 0.0503295 0.0447268 0.0554052
0.0357525 0.0504127 0.0447722  0.055491
0.0357753 0.0504961 0.0448176 0.0555769
 0.035798 0.0505798 0.0448631  0.055663
0.0358206 0.0506638 0.0449087 0.0557493
0.0358431  0.050748 0.0449544 0.0558357
0.0358655 0.0508324 0.0450002 0.0559223
0.0358878  0.050917 0.0450461  0.056009
  0.03591 0.0510019  0.045092 0.0560959
 0.035932 0.0510869 0.045138 0.056183
 0.035954 0.0511721 0.0451842 0.0562702
0.0359757 0.0512575 0.0452304 0.0563575
0.0359974 0.0513431 0.0452767 0.0564451
 0.036019 0.0514289 0.0453231 0.0565328
0.0360404 0.0515148 0.0453695 0.0566206
0.0360617 0.0516009 0.0454161 0.0567086
0.0360828 0.0516872 0.0454627 0.0567968
0.0361038 0.0517736 0.0455095 0.0568852
0.0361247 0.0518601 0.0455563 0.0569737
0.0361454 0.0519467 0.0456032 0.0570623
 0.036166 0.0520335 0.0456502 0.0571512
0.0361864 0.0521204 0.0456973 0.0572401
0.0362067 0.0522073 0.0457445 0.0573293
0.0362269 0.0522944 0.0457917 0.0574186
0.0362469 0.0523816 0.0458391 0.0575081
0.0362668 0.0524689 0.0458865 0.0575977
0.0362865 0.0525563 0.0459341 0.0576875
0.0363061 0.0526437 0.0459817 0.0577775
0.0363255 0.0527312 0.0460294 0.0578677
0.0363448 0.0528188 0.0460772  0.057958
0.0363639 0.0529064 0.0461251 0.0580484
0.0363829  0.052994 0.0461731 0.0581391
0.0364017 0.0530818 0.0462212 0.0582299
0.0364204 0.0531695 0.0462693 0.0583208
0.0364389 0.0532572 0.0463176  0.058412
0.0364572  0.053345 0.0463659 0.0585033
0.0364754 0.0534328 0.0464144 0.0585947
0.0364934 0.0535206 0.0464629 0.0586864
0.0365113 0.0536084 0.0465115 0.0587782
0.0365291 0.0536962 0.0465602 0.0588702
0.0365467 0.0537839  0.046609 0.0589623
0.0365643 0.0538716 0.0466579 0.0590546
0.0365817 0.0539593 0.0467069 0.0591471
 0.036599 0.0540469  0.046756 0.0592397
0.0366161 0.0541345 0.0468052 0.0593326
0.036633 0.054222 0.0468544 0.0594255
0.0366497 0.0543095 0.0469038 0.0595187
0.0366661  0.054397 0.0469532  0.059612
0.0366824 0.0544843 0.0470028 0.0597055
0.0366984 0.0545717 0.0470524 0.0597992
0.0367141 0.0546589 0.0471021 0.0598931
0.0367296  0.054746  0.047152 0.0599871
0.0367449 0.0548331 0.0472019 0.0600813
0.0367599 0.0549201 0.0472519 0.0601756
0.0367747 0.0550071  0.047302 0.0602702
0.0367893 0.0550939 0.0473522 0.0603649
0.0368037 0.0551807 0.0474025 0.0604598
0.0368178 0.0552674 0.0474529 0.0605548
0.0368316 0.0553539 0.0475034 0.0606501
0.0368453 0.0554404  0.047554 0.0607455
0.0368587 0.0555268 0.0476046 0.0608411
0.0368718 0.0556131 0.0476554 0.0609368
0.0368848 0.0556993 0.0477063 0.0610328
0.0368974 0.0557853 0.0477572 0.0611289
0.0369099 0.0558713 0.0478083 0.0612252
0.0369221 0.0559571 0.0478594 0.0613217
 0.036934 0.0560428 0.0479107 0.0614183
0.0369458 0.0561284  0.047962 0.0615151
0.0369573 0.0562138 0.0480135 0.0616121
0.0369685 0.0562992  0.048065 0.0617093
0.0369795 0.0563843 0.0481166 0.0618067
0.0369903 0.0564694 0.0481684 0.0619042
0.0370009 0.0565543 0.0482202 0.0620019
0.0370112  0.056639 0.0482721 0.0620998
0.0370213 0.0567237 0.0483242 0.0621979
0.0370311 0.0568081 0.0483763 0.0622961
0.0370408 0.0568924 0.0484285 0.0623946
0.0370501 0.0569766 0.0484808 0.0624932
0.0370592 0.0570606 0.0485332  0.062592
 0.037068 0.0571445 0.0485858  0.062691
0.0370764 0.0572282 0.0486384 0.0627901
0.0370846 0.0573118 0.0486911 0.0628895
0.0370926 0.0573952 0.0487439  0.062989
0.0371003 0.0574786 0.0487968 0.0630887
 0.037108 0.0575618 0.0488498 0.0631886
0.0371156 0.0576449 0.0489029 0.0632887
0.0371233 0.0577278 0.0489561 0.0633889
0.0371309 0.0578106 0.0490095 0.0634894
0.0371386 0.0578933 0.0490629   0.06359
0.0371464 0.0579758 0.0491164 0.0636908
0.0371542 0.0580581   0.04917 0.0637918
0.0371621 0.0581404 0.0492237  0.063893
  0.03717 0.0582224 0.0492775 0.0639944
0.0371779 0.0583042 0.0493314 0.0640959
0.0371858 0.0583859 0.0493855 0.0641977
0.0371937 0.0584674 0.0494396 0.0642996
0.0372016 0.0585487 0.0494938 0.0644017
0.0372094 0.0586296 0.0495481  0.064504
0.0372171 0.0587102 0.0496025 0.0646065
0.0372247 0.0587904 0.0496571 0.0647092
0.0372321 0.0588704 0.0497117 0.0648121
0.0372394   0.05895 0.0497664 0.0649152
0.0372465 0.0590294 0.0498213 0.0650184
0.0372534 0.0591085 0.0498762 0.0651219
0.0372602 0.0591873 0.0499312 0.0652255
0.0372668 0.0592659 0.0499864 0.0653293
0.0372733 0.0593443 0.0500416 0.0654333
0.0372795 0.0594224  0.050097 0.0655375
0.0372856 0.0595004 0.0501524 0.0656419
0.0372915 0.0595781  0.050208 0.0657465
0.0372972 0.0596556 0.0502637 0.0658513
0.0373027 0.0597329 0.0503194 0.0659563
0.0373081   0.05981 0.0503753 0.0660615
0.0373133 0.0598869 0.0504313 0.0661668
0.0373182 0.0599635 0.0504874 0.0662724
0.037323  0.06004 0.0505435 0.0663781
0.0373276 0.0601163 0.0505998 0.0664841
 0.037332 0.0601923 0.0506562 0.0665902
0.0373363 0.0602682 0.0507127 0.0666966
0.0373403 0.0603438 0.0507693 0.0668031
0.0373442 0.0604193 0.0508261 0.0669098
0.0373478 0.0604945 0.0508829 0.0670167
0.0373513 0.0605696 0.0509398 0.0671239
0.0373547 0.0606445 0.0509969 0.0672312
0.0373578 0.0607191  0.051054 0.0673387
0.0373608 0.0607936 0.0511113 0.0674464
0.0373636 0.0608678 0.0511686 0.0675543
0.0373663 0.0609419 0.0512261 0.0676624
0.0373689 0.0610158 0.0512837 0.0677708
0.0373712 0.0610895 0.0513413 0.0678793
0.0373735  0.061163 0.0513991  0.067988
0.0373756 0.0612363  0.051457 0.0680969
0.0373776 0.0613094 0.051515 0.068206
0.0373795 0.0613823 0.0515732 0.0683153
0.0373812  0.061455 0.0516314 0.0684248
0.0373828 0.0615276 0.0516897 0.0685346
0.0373842 0.0615999 0.0517482 0.0686445
0.0373855 0.0616722 0.0518067 0.0687546
0.0373867 0.0617442 0.0518654 0.0688649
0.0373879 0.0618162 0.0519242 0.0689754
 0.037389 0.0618879  0.051983 0.0690862
  0.03739 0.0619596  0.052042 0.0691971
0.0373909 0.0620311 0.0521011 0.0693083
0.0373919 0.0621025 0.0521604 0.0694196
0.0373928 0.0621738 0.0522197 0.0695311
0.0373936  0.062245 0.0522791 0.0696429
0.0373944 0.0623162 0.0523387 0.0697549
0.0373951 0.0623873 0.0523983  0.069867
0.0373958 0.0624584 0.0524581 0.0699794
0.0373965 0.0625294 0.052518 0.070092
0.0373972 0.0626004  0.052578 0.0702048
 0.037398 0.0626714 0.0526381 0.0703178
0.0373987 0.0627424 0.0526983  0.070431
0.0373994 0.0628134 0.0527587 0.0705444
0.0374002 0.0628844 0.0528191  0.070658
0.0374011 0.0629554 0.0528797 0.0707719
 0.037402 0.0630264 0.0529404 0.0708859
0.0374029 0.0630973 0.0530012 0.0710001
 0.037404 0.0631682 0.0530621 0.0711146
0.0374052  0.063239 0.0531231 0.0712293
0.0374066 0.0633097 0.0531842 0.0713442
0.0374081 0.0633804 0.0532455 0.0714593
0.0374098  0.063451 0.0533068 0.0715746
0.0374116 0.0635215 0.0533683 0.0716901
0.0374137  0.063592 0.0534299 0.0718058
0.0374159 0.0636624 0.0534916 0.0719218
0.0374184 0.0637327 0.0535534  0.072038
0.0374211  0.063803 0.0536154 0.0721543
0.0374241 0.0638732 0.0536774 0.0722709
0.0374273 0.0639434 0.0537396 0.0723877
0.0374308 0.0640135 0.0538019 0.0725048
0.0374345 0.0640836 0.0538643  0.072622
0.0374386 0.0641537 0.0539268 0.0727395
 0.037443 0.0642237 0.0539895 0.0728571
0.0374477 0.0642937 0.0540522  0.072975
0.0374527 0.0643637 0.0541151 0.0730931
 0.037458 0.0644337 0.0541781 0.0732115
0.0374638 0.0645037 0.0542412   0.07333
0.0374699 0.0645737 0.0543044 0.0734488
0.0374764 0.0646436 0.0543678 0.0735677
0.0374834 0.0647136 0.0544313 0.0736869
0.0374907 0.0647836 0.0544948 0.0738064
0.0374985 0.0648536 0.0545585  0.073926
0.0375068 0.0649237 0.0546224 0.0740459
0.0375156 0.0649937 0.0546863 0.0741659
0.0375249 0.0650638 0.0547504 0.0742863
0.0375348  0.065134 0.0548146 0.0744068
0.0375452 0.0652041 0.0548789 0.0745275
0.0375563 0.0652743 0.0549433 0.0746485
 0.037568 0.0653446 0.0550078 0.0747697
0.0375804 0.0654149 0.0550725 0.0748911
0.0375935 0.0654852 0.0551373 0.0750128
0.0376073 0.0655556 0.0552022 0.0751346
0.0376217  0.065626 0.0552672 0.0752567
0.0376368 0.0656966 0.0553324  0.075379
0.0376525 0.0657672 0.0553977 0.0755016
0.0376688  0.065838  0.055463 0.0756244
0.0376857 0.0659089 0.0555286 0.0757473
0.0377033 0.0659799 0.0555942 0.0758706
0.0377215  0.066051  0.05566 0.075994
0.0377403 0.0661223 0.0557259 0.0761177
0.0377598 0.0661937 0.0557919 0.0762416
  0.03778 0.0662652  0.055858 0.0763658
0.0378009  0.066337 0.0559243 0.0764901
0.0378224 0.0664088 0.0559907 0.0766147
0.0378447 0.0664809 0.0560572 0.0767395
0.0378677 0.0665531 0.0561238 0.0768646
0.0378915 0.0666255 0.0561905 0.0769899
0.0379159  0.066698 0.0562574 0.0771154
0.0379411 0.0667708 0.0563244 0.0772412
0.0379671 0.0668437 0.0563916 0.0773671
0.0379938 0.0669168 0.0564588 0.0774933
0.0380213 0.0669901 0.0565262 0.0776198
0.0380496 0.0670636 0.0565937 0.0777465
0.0380787 0.0671374 0.0566614 0.0778734
0.0381085 0.0672113 0.0567291 0.0780005
0.0381391 0.0672855  0.056797 0.0781279
0.0381706 0.0673599  0.056865 0.0782556
0.0382028 0.0674345 0.0569332 0.0783834
0.0382358 0.0675094 0.0570014 0.0785115
0.0382697 0.0675845 0.0570698 0.0786398
0.0383044 0.0676599 0.0571384 0.0787684
0.0383399 0.0677355  0.057207 0.0788972
0.0383762 0.0678114 0.0572758 0.0790262
0.0384133 0.0678876 0.0573447 0.0791555
0.0384514  0.067964 0.0574138  0.079285
0.0384902 0.0680408 0.0574829 0.0794148
0.0385299 0.0681178 0.0575522 0.0795448
0.0385704 0.0681951 0.0576217  0.079675
0.0386118 0.0682726 0.0576912 0.0798055
 0.038654 0.0683505 0.0577609 0.0799362
 0.038697 0.0684287 0.0578308 0.0800672
0.0387409 0.0685071 0.0579007 0.0801984
0.0387857  0.068586 0.0579708 0.0803299
0.0388313 0.0686651  0.058041 0.0804615
0.0388777 0.0687445 0.0581113 0.0805935
 0.038925 0.0688243 0.0581818 0.0807257
0.0389732 0.0689045 0.0582524 0.0808581
0.0390222  0.068985 0.0583232 0.0809907
0.0390721 0.0690658  0.058394 0.0811236
0.0391229  0.069147 0.0584651 0.0812568
0.0391746 0.0692285 0.0585362 0.0813902
0.0392271 0.0693104 0.0586075 0.0815239
0.0392805 0.0693927 0.0586789 0.0816578
0.0393348 0.0694754 0.0587504 0.0817919
0.0393899 0.0695584 0.0588221 0.0819263
0.0394459 0.0696418 0.0588939 0.0820609
0.0395028 0.0697256 0.0589658 0.0821958
0.0395607 0.0698098 0.0590379  0.082331
0.0396194 0.0698944 0.0591101 0.0824663
0.0396789 0.0699793 0.0591825  0.082602
0.0397394 0.0700647  0.059255 0.0827379
0.0398008 0.0701495 0.0593276  0.082874
0.0398633 0.0702333 0.0594003 0.0830104
0.0399267 0.0703161 0.0594732 0.0831471
0.0399911 0.0703981 0.0595462 0.0832839
0.0400566 0.0704793 0.0596194 0.0834211
0.0401229 0.0705601 0.0596927 0.0835585
0.0401903 0.0706405 0.0597661 0.0836962
0.0402585 0.0707207 0.0598397 0.0838341
0.0403277 0.0708008 0.0599134 0.0839722
0.0403977 0.0708809 0.0599873 0.0841107
0.0404687 0.0709612 0.0600613 0.0842493
0.0405406 0.0710416 0.0601354 0.0843883
0.0406135 0.0711224 0.0602096 0.0845275
0.0406872 0.0712036  0.060284 0.0846669
 0.040762 0.0712852 0.0603586 0.0848066
0.0408376 0.0713673 0.0604333 0.0849466
0.0409142   0.07145 0.0605081 0.0850868
0.0409918 0.0715336 0.0605831 0.0852273
0.0410703 0.0716183 0.0606582 0.0853681
0.0411498 0.0717039 0.0607334 0.0855091
0.0412303 0.0717904 0.0608088 0.0856503
0.0413117  0.071878 0.0608843 0.0857918
0.0413941 0.0719665   0.06096 0.0859336
0.0414775 0.0720559 0.0610358 0.0860757
0.0415618 0.0721463 0.0611117  0.086218
0.0416472 0.0722376 0.0611878 0.0863606
0.0417336 0.0723299  0.061264 0.0865034
 0.041821 0.0724231 0.0613404 0.0866465
0.0419094 0.0725173 0.0614169 0.0867899
0.0419988 0.0726124 0.0614936 0.0869335
0.0420893 0.0727083 0.0615704 0.0870774
0.0421808 0.0728053 0.0616473 0.0872216
0.0422733 0.0729031 0.0617244  0.087366
0.0423668 0.0730018 0.0618017 0.0875107
0.0424613 0.0731015 0.0618791 0.0876557
0.0425569  0.073202 0.0619566 0.0878009
0.0426536 0.0733034 0.0620343 0.0879464
0.0427512 0.0734058 0.0621121 0.0880922
 0.04285 0.073509   0.06219 0.0882383
0.0429497  0.073613 0.0622681 0.0883846
0.0430504 0.0737178 0.0623464 0.0885312
0.0431522 0.0738234 0.0624248  0.088678
 0.043255 0.0739297 0.0625033 0.0888251
0.0433588 0.0740368  0.062582 0.0889725
0.0434636 0.0741445 0.0626609 0.0891202
0.0435694 0.0742529 0.0627398 0.0892682
0.0436763  0.074362  0.062819 0.0894164
0.0437842 0.0744717 0.0628983 0.0895649
 0.043893 0.0745821 0.0629777 0.0897137
0.0440029 0.0746932 0.0630573 0.0898627
0.0441139 0.0748048 0.063137 0.090012
0.0442258 0.0749171 0.0632169 0.0901616
0.0443388 0.0750299 0.0632969 0.0903115
0.0444528 0.0751435 0.0633771 0.0904616
0.0445679  0.075258 0.0634574 0.0906121
 0.044684 0.0753732 0.0635379 0.0907628
0.0448012 0.0754894 0.0636185 0.0909138
0.0449195 0.0756066 0.0636993  0.091065
0.0450388 0.0757246 0.0637802 0.0912166
0.0451592 0.0758437 0.0638613 0.0913684
0.0452807 0.0759636 0.0639425 0.0915205
0.0454032 0.0760844 0.0640239 0.0916729
0.0455267 0.0762061 0.0641054 0.0918256
0.0456512 0.0763286 0.0641871 0.0919785
0.0457768 0.0764521 0.0642689 0.0921318
0.0459033 0.0765764 0.0643509 0.0922853
0.0460309 0.0767015 0.0644331 0.0924391
0.0461595 0.0768274 0.0645154 0.0925932
0.0462891 0.0769542 0.0645978 0.0927476
0.0464197 0.0770818 0.0646804 0.0929022
0.0465513 0.0772103 0.0647632 0.0930572
0.0466839 0.0773395 0.0648461 0.0932124
0.0468174 0.0774696 0.0649292 0.0933679
 0.046952 0.0776005 0.0650124 0.0935237
0.0470875 0.0777321 0.0650958 0.0936798
 0.047224 0.0778646 0.0651793 0.0938362
0.0473614  0.077998  0.065263 0.0939929
0.0474997 0.0781321 0.0653469 0.0941499
0.047639 0.078267 0.0654309 0.0943071
0.0477792 0.0784027  0.065515 0.0944647
0.0479203 0.0785393 0.0655994 0.0946225
0.0480623 0.0786766 0.0656838 0.0947807
0.0482053 0.0788148 0.0657685 0.0949391
0.0483491 0.0789538 0.0658533 0.0950978
0.0484942 0.0790938 0.0659382 0.0952568
0.0486399 0.0792345 0.0660233 0.0954161
0.0487863 0.0793759 0.0661086 0.0955757
0.0489335 0.0795181  0.066194 0.0957356
0.0490814 0.0796611 0.0662796 0.0958958
0.0492299 0.0798049 0.0663654 0.0960563
0.0493791 0.0799496 0.0664513 0.0962171
0.0495289  0.080095 0.0665373 0.0963782
0.0496794 0.0802412 0.0666236 0.0965396
0.0498305 0.0803882 0.0667099 0.0967012
0.0499821  0.080536 0.0667965 0.0968632
0.0501343 0.0806846 0.0668832 0.0970255
 0.050287 0.0808339 0.0669701 0.0971881
0.0504401 0.0809839 0.0670571  0.097351
0.0505937 0.0811347 0.0671443 0.0975142
0.0507478 0.0812862 0.0672317 0.0976777
0.0509024 0.0814384 0.0673192 0.0978415
0.0510579 0.0815911 0.0674069 0.0980055
0.0512142 0.0817445 0.0674948 0.0981699
0.0513714 0.0818985 0.0675828 0.0983346
0.0515293  0.082053  0.067671 0.0984997
0.0516881 0.0822082 0.0677593  0.098665
0.0518476 0.0823639 0.0678478 0.0988306
0.0520076 0.0825203 0.0679365 0.0989965
0.0521679 0.0826772 0.0680253 0.0991628
0.0523287 0.0828348 0.0681143 0.0993293
0.0524899 0.0829929 0.0682035 0.0994962
0.0526516 0.0831515 0.0682929 0.0996633
0.0528137 0.0833108 0.0683824 0.0998308
0.0529762 0.0834706  0.068472 0.0999986
0.053139 0.083631 0.0685619  0.100167
0.0533023 0.0837919 0.0686519  0.100335
0.0534658 0.0839534 0.0687421  0.100504
0.0536297 0.0841155 0.0688324  0.100673
 0.053794 0.0842782 0.0689229  0.100842
0.0539585 0.0844414 0.0690136  0.101012
0.0541234 0.0846052 0.0691045  0.101182
 0.054289 0.0847697 0.0691955  0.101352
0.0544551 0.0849348 0.0692867  0.101523
0.0546219 0.0851006 0.069378 0.101694
0.0547893 0.0852669 0.0694696  0.101865
0.0549572 0.0854338 0.0695613  0.102036
0.0551257 0.0856013 0.0696532  0.102208
0.0552947 0.0857694 0.0697452   0.10238
0.0554642 0.0859379 0.0698374  0.102553
0.0556342  0.086107 0.0699298  0.102726
0.0558047 0.0862766 0.0700224  0.102899
0.0559757 0.0864467 0.0701151  0.103072
0.0561471 0.0866172 0.070208 0.103246
0.0563189 0.0867883 0.0703011   0.10342
0.0564912 0.0869598 0.0703944  0.103595
0.0566639 0.0871317 0.0704878  0.103769
 0.056837 0.0873042 0.0705814  0.103945
0.0570105  0.087477 0.0706752   0.10412
0.0571844 0.0876503 0.0707691  0.104296
0.0573586 0.0878241 0.0708633  0.104472
0.0575332 0.0879983 0.0709576  0.104648
0.0577081 0.0881728 0.071052 0.104825
0.0578834 0.0883478 0.0711467  0.105002
 0.058059 0.0885232 0.0712415  0.105179
0.0582348  0.088699 0.0713366  0.105357
 0.058411 0.0888752 0.0714317  0.105535
0.0585875 0.0890518 0.0715271  0.105713
0.0587642 0.0892287 0.0716227  0.105892
0.0589412 0.0894061 0.0717184  0.106071
0.0591184 0.0895837 0.0718143   0.10625
0.0592959 0.0897618 0.0719104   0.10643
0.0594735 0.0899401 0.0720066   0.10661
0.0596514 0.0901188 0.0721031   0.10679
0.0598294 0.0902979 0.0721997  0.106971
0.0600077 0.0904772 0.0722965  0.107152
0.0601861 0.0906569 0.0723935  0.107333
0.0603647 0.0908369 0.0724906  0.107515
0.0605434 0.0910171 0.072588 0.107697
0.0607222 0.0911977 0.0726855  0.107879
0.0609012 0.0913785 0.0727832  0.108062
0.0610802 0.0915597 0.0728811  0.108245
0.0612594 0.0917411 0.0729792  0.108429
0.0614386 0.0919227 0.0730774  0.108612
 0.061618 0.0921046 0.0731759  0.108796
0.0617973 0.0922868 0.0732745  0.108981
0.0619768 0.0924691 0.0733733  0.109165
0.0621562 0.0926518 0.0734723  0.109351
0.0623357 0.0928346 0.0735714  0.109536
0.0625152 0.0930177 0.0736708  0.109722
0.0626947 0.0932009 0.0737703  0.109908
0.0628742 0.0933844 0.0738701  0.110094
0.0630536 0.0935681  0.07397 0.110281
 0.063233 0.0937519 0.0740701  0.110468
0.0634124 0.0939359 0.0741704  0.110656
0.0635917 0.0941201 0.0742709  0.110844
0.0637709 0.0943045 0.0743715  0.111032
0.0639501  0.094489 0.0744724   0.11122
0.0641292 0.0946737 0.0745734  0.111409
0.0643081 0.0948585 0.0746747  0.111598
 0.064487 0.0950435 0.0747761  0.111788
0.0646657 0.0952286 0.0748777  0.111978
0.0648443 0.0954138 0.0749795  0.112168
0.0650227 0.0955992 0.0750815  0.112359
 0.065201 0.0957846 0.0751836   0.11255
0.0653791 0.0959702 0.075286 0.112741
 0.065557 0.0961558 0.0753886  0.112933
0.0657347 0.0963416 0.0754913  0.113125
0.0659122 0.0965274 0.0755943  0.113318
0.0660896 0.0967133 0.0756974   0.11351
0.0662666 0.0968993 0.0758007  0.113703
0.0664435 0.0970854 0.0759042  0.113897
0.0666201 0.0972715 0.076008 0.114091
0.0667964 0.0974577 0.0761119  0.114285
0.0669725 0.0976439 0.076216  0.11448
0.0671483 0.0978301 0.0763203  0.114675
0.0673238 0.0980165 0.0764247   0.11487
 0.067499 0.0982028 0.0765294  0.115066
0.0676739 0.0983892 0.0766343  0.115262
0.0678485 0.0985755 0.0767394  0.115458
0.0680228 0.0987619 0.0768446  0.115655
0.0681967 0.0989483 0.0769501  0.115852
0.0683703 0.0991348 0.0770558  0.116049
0.0685436 0.0993212 0.0771616  0.116247
0.0687164 0.0995076 0.0772677  0.116445
0.068889 0.099694 0.077374 0.116644
0.0690611 0.0998804 0.0774804  0.116843
0.0692328  0.100067 0.0775871  0.117042
0.0694042  0.100253 0.0776939  0.117242
0.0695751  0.100439 0.077801 0.117442
0.0697456  0.100626 0.0779082  0.117642
0.0699157  0.100812 0.0780156  0.117843
0.0700853  0.100998 0.0781233  0.118044
0.0702545  0.101184 0.0782311  0.118246
0.0704233   0.10137 0.0783392  0.118448
0.0705915  0.101556 0.0784474   0.11865
0.0707594  0.101742 0.0785559  0.118853
0.0709267  0.101928 0.0786645  0.119056
0.0710936  0.102114 0.0787734  0.119259
0.07126  0.1023 0.0788825  0.119463
0.0714259  0.102485 0.0789917  0.119667
0.0715913  0.102671 0.0791012  0.119872
0.0717561  0.102857 0.0792109  0.120077
0.0719205  0.103042 0.0793207  0.120282
0.0720844  0.103227 0.0794308  0.120488
0.0722477  0.103413 0.0795411  0.120694
0.0724105  0.103598 0.0796516    0.1209
0.0725728  0.103783 0.0797623  0.121107
0.0727345  0.103968 0.0798732  0.121314
0.0728957  0.104153 0.0799844  0.121522
0.0730563  0.104337 0.0800957   0.12173
0.0732163  0.104522 0.0802072  0.121938
0.0733758  0.104707 0.080319 0.122147
0.0735348  0.104891 0.080431 0.122357
0.0736931  0.105075 0.0805432  0.122566
0.0738509  0.105259 0.0806556  0.122776
0.0740081  0.105443 0.0807683  0.122987
0.0741647  0.105627 0.0808811  0.123198
0.0743208  0.105811 0.0809942  0.123409
0.0744762  0.105995 0.0811075  0.123621
0.074631 0.106178 0.081221 0.123833
0.0747853  0.106362 0.0813348  0.124045
0.0749389  0.106545 0.0814487  0.124258
0.075092 0.106728 0.0815629  0.124471
0.0752444  0.106911 0.0816773  0.124685
0.0753962  0.107094 0.0817919  0.124899
0.0755474  0.107277 0.0819067  0.125114
0.075698 0.107459 0.0820216  0.125328
0.075848 0.107642 0.0821368  0.125544
0.0759974  0.107824 0.0822521  0.125759
0.0761461  0.108007 0.0823676  0.125975
0.0763262  0.108132 0.0824832  0.126191
0.0765044  0.108259 0.0825989  0.126407
0.0766808  0.108389 0.0827147  0.126623
0.0768564   0.10852 0.0828306   0.12684
0.0770312   0.10865 0.0829466  0.127056
0.0772052   0.10878 0.0830626  0.127273
0.0773782   0.10891 0.0831787  0.127489
0.0775499  0.109041 0.0832948  0.127706
 0.07772 0.109171 0.0834109  0.127923
0.0778882  0.109301 0.0835269  0.128139
0.0780543  0.109432 0.083643 0.128356
0.0782181  0.109562 0.083759 0.128572
0.0783798  0.109693 0.083875 0.128789
0.0785395  0.109823 0.0839909  0.129005
0.0786971  0.109954 0.0841068  0.129221
0.0788529  0.110085 0.0842225  0.129437
0.079007 0.110215 0.0843382  0.129652
0.0791594  0.110346 0.0844538  0.129868
0.0793102  0.110476 0.0845693  0.130083
0.0794594  0.110607 0.0846847  0.130298
0.079607 0.110737   0.0848 0.130513
0.0797531  0.110867 0.0849152  0.130727
0.0798977  0.110998 0.0850303  0.130941
0.0800407  0.111128 0.0851453  0.131155
0.0801822  0.111258 0.0852601  0.131369
0.0803222  0.111388 0.0853749  0.131582
0.0804607  0.111519 0.0854896  0.131796
0.0805977  0.111649 0.0856041  0.132009
0.0807333  0.111779 0.0857186  0.132221
0.0808675  0.111909 0.0858329  0.132434
0.0810003  0.112039 0.0859471  0.132646
0.0811317   0.11217 0.0860612  0.132858
0.0812618    0.1123 0.0861752   0.13307
0.0813905   0.11243 0.0862891  0.133281
0.0815179   0.11256 0.0864029  0.133493
0.081644 0.112691 0.0865166  0.133704
0.0817688  0.112821 0.0866302  0.133915
0.0818916  0.112951 0.0867437  0.134125
0.0820136  0.113082 0.0868571  0.134335
0.0821338  0.113212 0.0869704  0.134546
0.0822535  0.113342 0.0870836  0.134755
0.0823715  0.113473 0.0871966  0.134965
0.0824884  0.113603 0.0873096  0.135174
0.082604 0.113733 0.0874225  0.135383
0.0827193  0.113863 0.0875352  0.135592
0.082833 0.113993 0.0876479  0.135801
0.0829457  0.114123 0.0877604  0.136009
0.0830578  0.114253 0.0878729  0.136217
0.083169 0.114383 0.0879852  0.136425
0.0832793  0.114513 0.0880975  0.136633
0.0833886  0.114643 0.0882096   0.13684
0.0834969  0.114773 0.0883216  0.137048
0.0836034  0.114904 0.0884336  0.137255
0.0837088  0.115034 0.0885454  0.137461
0.0838133  0.115165 0.0886571  0.137668
0.0839175  0.115295 0.0887687  0.137874
0.0840213  0.115425 0.0888802   0.13808
0.084124 0.115555 0.0889916  0.138285
0.0842265  0.115685 0.0891029  0.138491
0.0843283  0.115815 0.089214 0.138696
0.0844295  0.115945 0.0893251  0.138901
0.0845294  0.116076 0.0894361  0.139106
0.0846288  0.116206 0.0895469   0.13931
0.0847276  0.116336 0.0896577  0.139514
0.0848258  0.116466 0.0897683  0.139718
0.0849234  0.116597 0.0898789  0.139922
0.0850204  0.116727 0.0899893  0.140126
0.0851168  0.116858 0.0900996  0.140329
0.0852122  0.116989 0.0902098  0.140532
0.085307 0.117119 0.0903199  0.140735
0.0854017   0.11725 0.0904299  0.140937
0.0854962  0.117381 0.0905398  0.141139
0.0855904  0.117511 0.0906495  0.141341
0.0856844  0.117642 0.0907592  0.141543
0.0857774  0.117773 0.0908687  0.141744
0.0858698  0.117904 0.0909782  0.141945
0.0859617  0.118035 0.0910875  0.142146
0.0860537  0.118166 0.0911967  0.142347
0.0861457  0.118297 0.0913058  0.142547
0.0862374  0.118428 0.0914148  0.142748
0.0863289  0.118559 0.0915237  0.142948
0.0864201   0.11869 0.0916325  0.143147
0.0865105  0.118822 0.0917412  0.143347
0.0866004  0.118954 0.0918497  0.143546
0.0866905  0.119085 0.0919581  0.143745
0.0867805  0.119217 0.0920665  0.143943
 0.08687 0.119349 0.0921747  0.144141
0.0869593  0.119481 0.0922828   0.14434
0.0870486  0.119614 0.0923908  0.144537
0.0871385  0.119746 0.0924987  0.144735
0.0872284  0.119879 0.0926064  0.144932
0.0873177  0.120012 0.0927141  0.145129
0.0874069  0.120145 0.0928216  0.145326
0.087496 0.120279 0.092929 0.145523
0.0875851  0.120412 0.0930363  0.145719
0.0876743  0.120546 0.0931435  0.145915
0.087764  0.12068 0.0932506  0.146111
0.0878543  0.120814 0.0933576  0.146306
0.0879444  0.120949 0.0934644  0.146501
0.0880344  0.121084 0.0935712  0.146696
0.0881242  0.121219 0.0936778  0.146891
0.0882139  0.121354 0.0937843  0.147085
0.0883035   0.12149 0.0938907  0.147279
0.0883926  0.121626 0.0939969  0.147473
0.0884822  0.121762 0.0941031  0.147667
0.088572 0.121898 0.0942091   0.14786
0.0886621  0.122035 0.0943151  0.148053
0.0887524  0.122172 0.0944209  0.148246
0.0888428  0.122308 0.0945266  0.148438
0.0889333  0.122446 0.0946321  0.148631
0.0890239  0.122583 0.0947376  0.148823
0.0891141  0.122721 0.0948429  0.149014
0.0892043  0.122859 0.0949482  0.149206
0.0892951  0.122997 0.0950533  0.149397
0.089386 0.123136 0.0951582  0.149588
0.0894772  0.123274 0.0952631  0.149778
0.0895685  0.123413 0.0953679  0.149969
 0.08966 0.123553 0.0954725  0.150159
0.0897516  0.123692 0.095577 0.150349
0.0898428  0.123832 0.0956814  0.150538
0.0899346  0.123972 0.0957857  0.150727
0.0900265  0.124113 0.0958898  0.150916
0.0901186  0.124254 0.0959938  0.151105
0.0902108  0.124395 0.0960977  0.151293
0.0903033  0.124536 0.0962015  0.151481
0.0903959  0.124678 0.0963052  0.151669
0.0904883   0.12482 0.0964088  0.151857
0.0905808  0.124962 0.0965122  0.152044
0.0906738  0.125105 0.0966155  0.152231
0.0907672  0.125248 0.0967187  0.152418
0.0908607  0.125391 0.0968217  0.152604
0.0909544  0.125534 0.0969247   0.15279
0.0910479  0.125678 0.0970275  0.152976
0.0911419  0.125822 0.0971302  0.153162
0.0912359  0.125966 0.0972328  0.153347
0.0913298  0.126111 0.0973352  0.153532
0.0914241  0.126256 0.0974376  0.153717
0.0915186  0.126402 0.0975398  0.153901
0.091613 0.126547 0.0976418  0.154086
0.0917075  0.126693 0.0977438   0.15427
0.0918021  0.126839 0.0978456  0.154453
0.0918969  0.126986 0.0979474  0.154636
0.0919919  0.127133 0.0980489  0.154819
0.0920872   0.12728 0.0981504  0.155002
0.0921829  0.127427 0.0982517  0.155185
0.0922789  0.127575 0.098353 0.155367
0.0923746  0.127723 0.098454 0.155549
0.0924704  0.127871 0.098555  0.15573
0.0925665   0.12802 0.0986558  0.155911
0.0926627  0.128169 0.0987565  0.156092
0.092759 0.128318 0.0988571  0.156273
0.0928553  0.128468 0.0989576  0.156454
0.0929518  0.128618 0.0990579  0.156634
0.0930484  0.128768 0.0991581  0.156814
0.093145 0.128918 0.0992582  0.156993
0.0932418  0.129069 0.0993581  0.157172
0.0933386   0.12922 0.099458 0.157351
0.0934356  0.129372 0.0995577   0.15753
0.0935324  0.129523 0.0996572  0.157708
0.0936296  0.129675 0.0997567  0.157886
0.0937265  0.129828 0.099856 0.158064
0.093824  0.12998 0.0999552  0.158241
0.0939215  0.130133 0.100054 0.158419
0.0940191  0.130286 0.100153 0.158595
0.0941169  0.130439 0.100252 0.158772
0.0942143  0.130593 0.100351 0.158948
0.094312 0.130747 0.100449 0.159124
0.0944098  0.130901 0.100548   0.1593
0.0945073  0.131056 0.100646 0.159475
0.0946051  0.131211 0.100744  0.15965
0.094703 0.131366 0.100842 0.159825
0.0948007  0.131521 0.10094    0.16
0.0948984  0.131677 0.101038 0.160174
0.0949961  0.131833 0.101135 0.160348
0.0950942  0.131989 0.101233 0.160521
0.0951922  0.132145  0.10133 0.160694
0.0952901  0.132302 0.101427 0.160867
0.0953881  0.132459 0.101524  0.16104
0.0954864  0.132616 0.101621 0.161212
0.0955843  0.132774 0.101718 0.161384
0.0956826  0.132931 0.101815 0.161556
0.0957808  0.133089 0.101911 0.161727
0.0958787  0.133248 0.102008 0.161898
0.0959767  0.133406 0.102104 0.162069
0.0960748  0.133565  0.1022 0.16224
0.0961728  0.133724 0.102296  0.16241
0.0962708  0.133884 0.102392  0.16258
0.0963689  0.134043 0.102488 0.162749
0.0964671  0.134203 0.102584 0.162918
0.0965652  0.134363 0.102679 0.163087
0.0966634  0.134523 0.102774 0.163256
0.0967615  0.134684  0.10287 0.163424
0.0968595  0.134844 0.102965 0.163592
0.0969574  0.135006 0.10306 0.16376
0.0970555  0.135167 0.103154 0.163927
0.0971536  0.135329 0.103249 0.164094
0.0972516   0.13549 0.103344 0.164261
0.0973496  0.135652 0.103438 0.164427
0.0974476  0.135815 0.103532 0.164593
0.0975454  0.135977 0.103626 0.164759
0.097643  0.13614  0.10372 0.164924
0.0977404  0.136303 0.103814 0.165089
0.0978377  0.136466 0.103908 0.165254
0.0979349  0.136629 0.104001 0.165419
0.098032 0.136792 0.104095 0.165583
0.098129 0.136956 0.104188 0.165746
0.0982259  0.137119 0.104281  0.16591
0.0983228  0.137283 0.104374 0.166073
0.0984196  0.137446 0.104467 0.166236
0.0985164   0.13761  0.10456 0.166398
0.0986131  0.137774 0.104652 0.166561
0.0987096  0.137938 0.104745 0.166722
0.0988061  0.138102 0.104837 0.166884
0.0989024  0.138267 0.104929 0.167045
0.0989982  0.138431 0.105021 0.167206
0.0990938  0.138596 0.105113 0.167367
0.0991892   0.13876 0.105205 0.167527
0.0992846  0.138925 0.105296 0.167687
0.0993802   0.13909 0.105388 0.167846
0.0994757  0.139255 0.105479 0.168006
0.0995711   0.13942  0.10557 0.168164
0.0996663  0.139586 0.105661 0.168323
0.0997613  0.139751 0.105752 0.168481
0.0998561  0.139916 0.105843 0.168639
0.0999506  0.140082 0.105934 0.168797
0.100045 0.140248 0.106024 0.168954
0.100139 0.140413 0.106114 0.169111
0.100233 0.140579 0.106204 0.169267
0.100327 0.140745 0.106294 0.169424
0.10042 0.14091 0.106384  0.16958
0.100513 0.141076 0.106474 0.169735
0.100605 0.141242 0.106564  0.16989
0.100698 0.141408 0.106653 0.170045
0.100791 0.141574 0.106742   0.1702
0.100883  0.14174 0.106831 0.170354
0.100976 0.141906  0.10692 0.170508
0.101068 0.142072 0.107009 0.170661
 0.10116 0.142238 0.107098 0.170815
0.101251 0.142404 0.107186 0.170967
0.101342  0.14257 0.107275  0.17112
0.101915   0.1437 0.107363 0.171272
0.101991 0.143859 0.107451 0.171424
0.102069 0.144018 0.107539 0.171575
0.102135 0.144174 0.107627 0.171726
0.102199 0.144329 0.107714 0.171877
0.102251 0.144477 0.107802 0.172028
0.102302 0.144624 0.107889 0.172178
0.102349 0.144768 0.107976 0.172327
0.102392  0.14491 0.108063 0.172477
0.102434  0.14505  0.10815 0.172626
0.102475 0.145188 0.108237 0.172774
0.102516 0.145325 0.108324 0.172923
0.102555  0.14546  0.10841 0.173071
0.102593 0.145594 0.108496 0.173218
 0.10263 0.145725 0.108583 0.173366
0.102666 0.145856 0.108668 0.173512
0.102701 0.145985 0.108754 0.173659
0.102736 0.146114  0.10884 0.173805
 0.10277 0.146241 0.108925 0.173951
0.102805 0.146369 0.109011 0.174097
0.102839 0.146496 0.109096 0.174242
0.102873 0.146622 0.109181 0.174387
0.102907 0.146748 0.109266 0.174531
0.102941 0.146874 0.109351 0.174675
0.102976 0.146999 0.109435 0.174819
0.103011 0.147125  0.10952 0.174962
0.103045  0.14725 0.109604 0.175105
 0.10308 0.147374 0.109688 0.175248
0.103116 0.147499 0.109772  0.17539
0.103151 0.147623 0.109856 0.175532
0.103187 0.147748  0.10994 0.175673
0.103224 0.147872 0.110023 0.175815
 0.10326 0.147997 0.110106 0.175955
0.103297 0.148121  0.11019 0.176096
0.103334 0.148246 0.110273 0.176236
0.103372 0.148371 0.110355 0.176376
 0.10341 0.148496 0.110438 0.176515
0.103449 0.148621 0.110521 0.176654
0.103488 0.148746 0.110603 0.176793
0.103527 0.148871 0.110685 0.176931
0.103567 0.148997 0.110767 0.177069
0.103608 0.149122 0.110849 0.177206
0.103649 0.149248 0.110931 0.177343
0.103691 0.149374 0.111013  0.17748
0.103733   0.1495 0.111094 0.177616
0.103776 0.149626 0.111175 0.177752
0.103819 0.149752 0.111256 0.177888
0.103863 0.149879 0.111337 0.178023
0.103907 0.150006 0.111418 0.178158
0.103952 0.150133 0.111499 0.178293
0.103998  0.15026 0.111579 0.178427
0.104044 0.150387 0.111659 0.178561
0.104091 0.150514 0.111739 0.178694
0.104139 0.150641 0.111819 0.178827
0.104187 0.150769 0.111899  0.17896
0.104236 0.150896 0.111979 0.179092
0.104285 0.151024 0.112058 0.179224
0.104335 0.151152 0.112138 0.179355
0.104385  0.15128 0.112217 0.179486
0.104436 0.151408 0.112296 0.179617
0.104488 0.151536 0.112374 0.179747
 0.10454 0.151665 0.112453 0.179877
0.104593 0.151793 0.112532 0.180007
0.104646 0.151922  0.11261 0.180136
  0.1047 0.152051 0.112688 0.180265
0.104754  0.15218 0.112766 0.180393
0.104809 0.152309 0.112844 0.180521
0.104864 0.152438 0.112921 0.180649
 0.10492 0.152568 0.112999 0.180776
0.104977 0.152698 0.113076 0.180903
0.105033 0.152827 0.113153 0.181029
0.105091 0.152957  0.11323 0.181155
0.105149 0.153087 0.113307 0.181281
0.105207 0.153218 0.113384 0.181406
0.105266 0.153348  0.11346 0.181531
0.105325 0.153478 0.113536 0.181656
0.105385 0.153609 0.113612  0.18178
0.105445  0.15374 0.113688 0.181904
0.105506  0.15387 0.113764 0.182027
0.105567 0.154001 0.11384 0.18215
0.105629 0.154132 0.113915 0.182272
0.105691 0.154263  0.11399 0.182394
0.105754 0.154395 0.114066 0.182516
0.105816 0.154526  0.11414 0.182637
0.105879 0.154657 0.114215 0.182758
0.105943 0.154789  0.11429 0.182879
0.106006  0.15492 0.114364 0.182999
 0.10607 0.155052 0.114438 0.183119
0.106135 0.155183 0.114512 0.183238
0.106199 0.155315 0.114586 0.183357
0.106264 0.155447  0.11466 0.183475
0.106329 0.155578 0.114733 0.183594
0.106395  0.15571 0.114807 0.183711
0.106461 0.155841  0.11488 0.183828
0.106526 0.155973 0.114953 0.183945
0.106592 0.156105 0.115026 0.184062
0.106659 0.156236 0.115098 0.184178
0.106725 0.156368 0.115171 0.184293
0.106792 0.156499 0.115243 0.184409
0.106859  0.15663 0.115315 0.184524
0.106926 0.156762 0.115387 0.184638
0.106993 0.156893 0.115459 0.184752
 0.10706 0.157024  0.11553 0.184865
0.107127 0.157156 0.115602 0.184979
0.107195 0.157287 0.115673 0.185091
0.107262 0.157418 0.115744 0.185204
 0.10733 0.157549 0.115815 0.185316
0.107397  0.15768 0.115885 0.185427
0.107465  0.15781 0.115956 0.185538
0.107533 0.157941 0.116026 0.185649
0.107601 0.158072 0.116096 0.185759
0.107668 0.158202 0.116166 0.185869
0.107736 0.158333 0.116236 0.185978
0.107804 0.158463 0.116305 0.186087
0.107871 0.158594 0.116375 0.186196
0.107939 0.158724 0.116444 0.186304
0.108007 0.158854 0.116513 0.186412
0.108075 0.158985 0.116582 0.186519
0.108142 0.159114  0.11665 0.186626
 0.10821 0.159244 0.116719 0.186732
0.108277 0.159374 0.116787 0.186838
0.108345 0.159503 0.116855 0.186944
0.108412 0.159633 0.116923 0.187049
 0.10848 0.159762 0.116991 0.187153
0.108547 0.159891 0.117058 0.187258
0.108614  0.16002 0.117126 0.187362
0.108682 0.160149 0.117193 0.187465
0.108749 0.160278  0.11726 0.187568
0.108815 0.160406 0.117327  0.18767
0.108882 0.160535 0.117393 0.187773
0.108949 0.160663  0.11746 0.187874
0.109016 0.160792 0.117526 0.187975
0.109082  0.16092 0.117592 0.188076
0.109149 0.161048 0.117658 0.188177
0.109215 0.161176 0.117723 0.188276
0.109281 0.161303 0.117789 0.188376
0.109347 0.161431 0.117854 0.188475
0.109413 0.161558 0.117919 0.188574
0.109479 0.161685 0.117984 0.188672
0.109544 0.161812 0.118049 0.188769
 0.10961 0.161938 0.118113 0.188867
0.109675 0.162061 0.118177 0.188963
 0.10974 0.162184 0.118241  0.18906
0.109805 0.162305 0.118305 0.189156
0.109869 0.162425 0.118369 0.189251
0.109934 0.162544 0.118433 0.189346
0.109998 0.162663 0.118496 0.189441
0.110062 0.162781 0.118559 0.189535
0.110126   0.1629 0.118622 0.189629
0.110167 0.163038 0.118685 0.189722
0.110208 0.163177 0.118747 0.189815
0.110249 0.163315  0.11881 0.189907
 0.11029 0.163454 0.118872 0.189999
0.110332 0.163592 0.118934  0.19009
0.110375 0.163729 0.118996 0.190181
0.110418 0.163865 0.119057 0.190272
0.110462 0.164001 0.119118 0.190362
0.110507 0.164136  0.11918 0.190451
0.110553  0.16427 0.119241  0.19054
  0.1106 0.164403 0.119301 0.190629
0.110647 0.164536 0.119362 0.190717
0.110718 0.164648 0.119422 0.190805
0.110788  0.16476 0.119483 0.190892
0.110859 0.164872 0.119542 0.190979
0.110929 0.164984 0.119602 0.191065
0.110999 0.165096 0.119662 0.191151
0.111068 0.165209 0.119721 0.191237
0.111137 0.165321  0.11978 0.191322
0.111206 0.165434 0.119839 0.191406
0.111274 0.165546 0.119898  0.19149
0.111341 0.165659 0.119957 0.191574
0.111408 0.165771 0.120015 0.191657
0.111475 0.165883 0.120073 0.191739
0.111541 0.165995 0.120131 0.191822
0.111606 0.166106 0.120189 0.191903
0.111672 0.166217 0.120246 0.191984
0.111737 0.166327 0.120304 0.192065
0.111802 0.166436 0.120361 0.192145
0.111867 0.166545 0.120418 0.192225
0.111932 0.166653 0.120475 0.192304
0.111997 0.166761 0.120531 0.192383
0.112062 0.166868 0.120587 0.192462
0.112127 0.166975 0.120643 0.192539
0.112191 0.167081 0.120699 0.192617
0.112256 0.167187 0.120755 0.192694
 0.11232 0.167293 0.120811  0.19277
0.112384 0.167398 0.120866 0.192846
0.112449 0.167503 0.120921 0.192922
0.112513 0.167608 0.120976 0.192997
0.112577 0.167712  0.12103 0.193071
0.112641 0.167816 0.121085 0.193145
0.112705  0.16792 0.121139 0.193219
0.112769 0.168023 0.121193 0.193292
0.112833 0.168127 0.121247 0.193364
0.112897 0.168229 0.121301 0.193437
0.112961 0.168332 0.121354 0.193508
0.113025 0.168434 0.121407 0.193579
0.113089 0.168536 0.12146 0.19365
0.113153 0.168638 0.121513  0.19372
0.113217 0.168739 0.121565  0.19379
0.113281  0.16884 0.121618 0.193859
0.113345 0.168941  0.12167 0.193927
0.113409 0.169042 0.121722 0.193996
0.113473 0.169142 0.121774 0.194063
0.113537 0.169242 0.121825  0.19413
0.113601 0.169341 0.121876 0.194197
0.113665 0.169441 0.121927 0.194263
0.113729  0.16954 0.121978 0.194329
0.113793 0.169638 0.122029 0.194394
0.113857 0.169737 0.122079 0.194459
0.113921 0.169835 0.122129 0.194523
0.113985 0.169933 0.122179 0.194587
0.114049  0.17003 0.122229  0.19465
0.114113 0.170128 0.122279 0.194712
0.114177 0.170225 0.122328 0.194775
0.114241 0.170321 0.122377 0.194836
0.114305 0.170418 0.122426 0.194897
0.114369 0.170514 0.122475 0.194958
0.114433  0.17061 0.122523 0.195018
0.114497 0.170705 0.122571 0.195078
0.114561 0.170801 0.122619 0.195137
0.114625 0.170896 0.122667 0.195195
0.114689 0.170991 0.122715 0.195254
0.114753 0.171085 0.122762 0.195311
0.114817  0.17118 0.122809 0.195368
0.114881 0.171274 0.122856 0.195425
0.114945 0.171367 0.122903 0.195481
0.115009 0.171461 0.122949 0.195536
0.115073 0.171554 0.122995 0.195591
0.115137 0.171647 0.123041 0.195646
0.115202 0.171739 0.123087   0.1957
0.115266 0.171832 0.123133 0.195753
 0.11533 0.171924 0.123178 0.195806
0.115394 0.172016 0.123223 0.195858
0.115458 0.172107 0.123268  0.19591
0.115522 0.172199 0.123312 0.195961
0.115587  0.17229 0.123357 0.196012
0.115651  0.17238 0.123401 0.196062
0.115715 0.172471 0.123445 0.196112
0.115779 0.172561 0.123489 0.196161
0.115844 0.172651 0.123532  0.19621
0.115908  0.17274 0.123575 0.196258
0.115972 0.172829 0.123618 0.196306
0.116036 0.172918 0.123661 0.196353
0.116101 0.173007 0.123704 0.196399
0.116165 0.173095 0.123746 0.196445
0.116229 0.173183 0.123788 0.196491
0.116294 0.173271  0.12383 0.196536
0.116358 0.173358 0.123872  0.19658
0.116423 0.173446 0.123913 0.196624
0.116487 0.173532 0.123954 0.196667
0.116552 0.173619 0.123995  0.19671
0.116616 0.173705 0.124036 0.196752
0.116681 0.173791 0.124076 0.196794
0.116745 0.173876 0.124117 0.196835
 0.11681 0.173961 0.124157 0.196876
0.116874 0.174046 0.124196 0.196916
0.116939  0.17413 0.124236 0.196955
0.117003 0.174214 0.124275 0.196994
0.117068 0.174298 0.124314 0.197033
0.117133 0.174382 0.124353 0.197071
0.117197 0.174465 0.124392 0.197108
0.117262 0.174547  0.12443 0.197145
0.117327 0.174629 0.124468 0.197181
0.117391 0.174711 0.124506 0.197216
0.117456 0.174793 0.124544 0.197251
0.117521 0.174874 0.124581 0.197286
0.117586 0.174954 0.124618  0.19732
0.117651 0.175035 0.124655 0.197353
0.117715 0.175115 0.124692 0.197386
 0.11778 0.175194 0.124728 0.197419
0.117845 0.175273 0.124764  0.19745
 0.11791 0.175352   0.1248 0.197481
0.117975  0.17543 0.124836 0.197512
 0.11804 0.175508 0.124871 0.197542
0.118105 0.175585 0.124906 0.197571
 0.11817 0.175662 0.124941   0.1976
0.118235 0.175738 0.124976 0.197629
  0.1183 0.175814  0.12501 0.197656
0.118365 0.175889 0.125045 0.197684
 0.11843 0.175964 0.125079  0.19771
0.118495 0.176039 0.125112 0.197736
 0.11856 0.176113 0.125146 0.197762
0.118625 0.176186 0.125179 0.197787
0.11869 0.17626 0.125212 0.197811
0.118755 0.176332 0.125245 0.197835
 0.11882 0.176404 0.125277 0.197858
0.118886 0.176476 0.125309 0.197881
0.118951 0.176547 0.125341 0.197903
0.119016 0.176617 0.125373 0.197924
0.119081 0.176687 0.125404 0.197945
0.119147 0.176757 0.125436 0.197965
0.119212 0.176826 0.125467 0.197985
0.119277 0.176894 0.125497 0.198004
0.119343 0.176962 0.125528 0.198022
0.119414 0.177072 0.125558  0.19804
0.119484 0.177182 0.125588 0.198058
0.119555 0.177289 0.125618 0.198074
0.119624 0.177396 0.125647  0.19809
0.119692 0.177503 0.125676 0.198106
0.119758 0.177608 0.125705 0.198121
0.119821 0.177713 0.125734 0.198135
0.119884 0.177817 0.125762 0.198149
0.119944 0.177919  0.12579 0.198162
0.120003 0.178021 0.125818 0.198175
0.120061 0.178121 0.125846 0.198187
0.120117 0.178221 0.125873 0.198198
0.120172 0.178319   0.1259 0.198209
0.120227 0.178416 0.125927 0.198219
 0.12028 0.178511 0.125954 0.198229
0.120333 0.178605  0.12598 0.198238
0.120385 0.178699 0.126006 0.198246
0.120446 0.178803 0.126032 0.198254
0.120506 0.178905 0.126057 0.198261
0.120565 0.179007 0.126083 0.198268
0.120624 0.179107 0.126108 0.198274
0.120683 0.179207 0.126132 0.198279
0.120741 0.179305 0.126157 0.198284
0.120799 0.179403 0.126181 0.198288
0.120857   0.1795 0.126205 0.198291
0.120914 0.179596 0.126229 0.198294
 0.12097 0.179691 0.126252 0.198296
0.121026 0.179785 0.126275 0.198298
0.121082 0.179878 0.126298 0.198299
0.121138  0.17997 0.126321 0.198299
0.121193  0.18006 0.126343 0.198299
0.121247  0.18015 0.126365 0.198298
0.121301 0.180239 0.126387 0.198297
0.121356 0.180327 0.126409 0.198295
0.121409 0.180414  0.12643 0.198292
0.121463 0.180499 0.126451 0.198289
0.121516 0.180584 0.126472 0.198285
0.121569 0.180668 0.126492  0.19828
0.121622  0.18075 0.126512 0.198275
0.121675 0.180832 0.126532 0.198269
0.121728 0.180912 0.126552 0.198262
 0.12178 0.180992 0.126571 0.198255
0.121832  0.18107  0.12659 0.198247
0.121884 0.181147 0.126609 0.198239
0.121936 0.181224 0.126628  0.19823
0.121988 0.181299 0.126646  0.19822
0.122039 0.181373 0.126664  0.19821
 0.12209 0.181446 0.126681 0.198199
0.122142 0.181518 0.126699 0.198187
0.122193 0.181589 0.126716 0.198175
0.122243 0.181659 0.126733 0.198162
0.122294 0.181728 0.126749 0.198148
0.122345 0.181796 0.126765 0.198133
0.122395 0.181862 0.126781 0.198118
0.122445 0.181928 0.126797 0.198103
0.122495 0.181992 0.126812 0.198086
0.122545 0.182056 0.126827 0.198069
0.122595 0.182118 0.126842 0.198052
0.122645 0.182179 0.126857 0.198033
0.122695 0.182239 0.126871 0.198014
0.122744 0.182298 0.126885 0.197995
0.122793 0.182355 0.126899 0.197975
0.122842 0.182412 0.126912 0.197954
0.122891 0.182467 0.126925 0.197933
 0.12294 0.182521 0.126938 0.197911
0.122988 0.182574 0.126951 0.197889
0.123036 0.182625 0.126964 0.197866
0.123084 0.182675 0.126977 0.197843
 0.0258757 -0.0344476  0.0269975 -0.0221618
 0.0259235 -0.0343972  0.0270328 -0.0221348
0.0259711 -0.034348  0.0270785 -0.0220851
 0.0260182 -0.0342998   0.027131 -0.0220206
 0.0260647 -0.0342527  0.0271873 -0.0219477
 0.0260835 -0.0342104  0.0272451 -0.0218716
 0.0261019 -0.0341681  0.0273026 -0.0217963
 0.0261276 -0.0341336  0.0273584 -0.0217248
 0.0261561 -0.0340981  0.0274114 -0.0216595
 0.0261858 -0.0340618   0.027461 -0.0216018
 0.0262115 -0.0340188  0.0275068 -0.0215525
 0.0262342 -0.0339789  0.0275486 -0.0215123
 0.0262537 -0.0339418 0.0275863 -0.021481
 0.0262709 -0.0339112  0.0276201 -0.0214584
 0.0262873 -0.0338898  0.0276502 -0.0214441
0.0263024 -0.033876  0.0276768 -0.0214375
  0.026316 -0.0338673  0.0277004 -0.0214379
 0.0263286 -0.0338621  0.0277211 -0.0214444
0.0263407 -0.033859  0.0277395 -0.0214563
 0.0263529 -0.0338574  0.0277558 -0.0214729
 0.0263652 -0.0338564  0.0277703 -0.0214934
 0.0263781 -0.0338557  0.0277834 -0.0215171
0.0263915 -0.033855  0.0277954 -0.0215434
 0.0264058 -0.0338538  0.0278065 -0.0215718
 0.0264208 -0.0338521  0.0278169 -0.0216018
 0.0264366 -0.0338499  0.0278268 -0.0216329
  0.026453 -0.0338472  0.0278365 -0.0216648
 0.0264698 -0.0338441  0.0278459 -0.0216973
  0.026487 -0.0338396  0.0278553 -0.0217299
 0.0265042 -0.0338353  0.0278647 -0.0217627
 0.0265215 -0.0338308  0.0278741 -0.0217954
 0.026539 -0.033826  0.0278837 -0.0218278
 0.0265568 -0.0338208  0.0278935 -0.0218601
 0.0265747 -0.0338153 0.0279035 -0.021892
 0.0265929 -0.0338096  0.0279136 -0.0219235
 0.0266113 -0.0338034   0.027924 -0.0219547
 0.0266299 -0.0337967  0.0279345 -0.0219856
 0.0266488 -0.0337896  0.0279453 -0.0220162
 0.0266678 -0.0337819  0.0279562 -0.0220464
  0.026687 -0.0337736  0.0279673 -0.0220764
 0.0267065 -0.0337646  0.0279786 -0.0221061
0.0267261 -0.033755    0.02799 -0.0221357
  0.026746 -0.0337447 0.0280015 -0.022165
 0.0267661 -0.0337338  0.0280132 -0.0221943
 0.0267863 -0.0337222  0.0280249 -0.0222234
 0.0268068 -0.0337099  0.0280367 -0.0222524
 0.0268274 -0.0336969  0.0280486 -0.0222814
 0.0268483 -0.0336833  0.0280606 -0.0223104
0.0268694 -0.033669  0.0280726 -0.0223393
0.0268907 -0.033654  0.0280846 -0.0223682
 0.0269124 -0.0336386  0.0280967 -0.0223972
 0.0269351 -0.0336228  0.0281089 -0.0224261
 0.0269587 -0.0336067   0.028121 -0.0224551
 0.0269831 -0.0335903  0.0281332 -0.0224842
 0.0270083 -0.0335734  0.0281454 -0.0225133
 0.0270343 -0.0335563  0.0281577 -0.0225424
 0.0270612 -0.0335389  0.0281699 -0.0225716
 0.0270889 -0.0335212  0.0281822 -0.0226009
 0.0271175 -0.0335032  0.0281945 -0.0226302
  0.027147 -0.0334849  0.0282069 -0.0226596
 0.0271774 -0.0334664 0.0282192 -0.022689
 0.0272087 -0.0334476  0.0282316 -0.0227185
 0.0272408 -0.0334285  0.028244 -0.022748
 0.0272762 -0.0334049  0.0282564 -0.0227776
 0.0273124 -0.0333814  0.0282689 -0.0228073
 0.0273495 -0.0333579 0.0282814 -0.022837
 0.0273875 -0.0333345  0.0282939 -0.0228667
 0.0274263 -0.0333113  0.0283064 -0.0228965
 0.0274659 -0.0332883   0.028319 -0.0229264
 0.0275064 -0.0332655  0.0283315 -0.0229562
 0.0275476 -0.0332428  0.0283442 -0.0229862
 0.0275897 -0.0332202  0.0283568 -0.0230161
 0.0276324 -0.0331978  0.0283695 -0.0230462
 0.0276759 -0.0331755  0.0283822 -0.0230762
 0.0277201 -0.0331533  0.0283949 -0.0231063
  0.027765 -0.0331311  0.0284077 -0.0231365
 0.0278106 -0.0331091  0.0284205 -0.0231666
 0.0278571 -0.0330872  0.0284333 -0.0231969
 0.0279042 -0.0330654  0.0284462 -0.0232271
 0.0279521 -0.0330437  0.0284591 -0.0232574
 0.0280008 -0.0330222   0.028472 -0.0232878
 0.0280502 -0.0330008  0.0284849 -0.0233182
 0.0281004 -0.0329796  0.0284979 -0.0233486
 0.0281514 -0.0329586   0.028511 -0.0233791
 0.0282031 -0.0329378   0.028524 -0.0234096
 0.0282556 -0.0329172  0.0285371 -0.0234402
 0.0283088 -0.0328969  0.0285502 -0.0234708
 0.0283628 -0.0328767  0.0285633 -0.0235014
 0.0284175 -0.0328568  0.0285765 -0.0235321
 0.0284729 -0.0328371  0.0285897 -0.0235629
  0.028529 -0.0328177  0.0286029 -0.0235936
 0.0285858 -0.0327985  0.0286162 -0.0236245
 0.0286434 -0.0327795  0.0286295 -0.0236553
 0.0287017 -0.0327609  0.0286428 -0.0236862
 0.0287607 -0.0327425  0.0286562 -0.0237172
 0.0288203 -0.0327244  0.0286696 -0.0237482
 0.0288807 -0.0327065   0.028683 -0.0237792
0.0289417 -0.032689  0.0286965 -0.0238103
 0.0290034 -0.0326717    0.02871 -0.0238414
 0.0290678 -0.0326549  0.0287235 -0.0238726
 0.0291324 -0.0326384   0.028737 -0.0239038
  0.029197 -0.0326221  0.0287506 -0.0239351
0.0292618 -0.032606  0.0287642 -0.0239664
 0.0293266 -0.0325902  0.0287779 -0.0239977
 0.0293916 -0.0325747  0.0287916 -0.0240291
 0.0294566 -0.0325594  0.0288053 -0.0240606
 0.0295216 -0.0325443   0.028819 -0.0240921
 0.0295867 -0.0325296  0.0288328 -0.0241236
 0.0296518 -0.0325151  0.0288466 -0.0241552
 0.0297169 -0.0325009  0.0288605 -0.0241868
 0.0297819 -0.0324869  0.0288743 -0.0242185
 0.0298469 -0.0324732  0.0288882 -0.0242502
  0.029912 -0.0324599  0.0289022 -0.0242819
 0.0299771 -0.0324467  0.0289162 -0.0243137
 0.0300422 -0.0324339  0.0289302 -0.0243456
 0.0301074 -0.0324213  0.0289442 -0.0243775
 0.0301726 -0.0324091  0.0289583 -0.0244094
0.0302377 -0.032397  0.0289724 -0.0244414
 0.0303029 -0.0323853  0.0289865 -0.0244735
  0.030368 -0.0323738  0.0290007 -0.0245055
 0.0304331 -0.0323627  0.0290149 -0.0245377
 0.0304982 -0.0323518  0.0290291 -0.0245699
 0.0305632 -0.0323411  0.0290434 -0.0246021
 0.0306281 -0.0323308  0.0290577 -0.0246344
  0.030693 -0.0323207   0.029072 -0.0246667
 0.0307578 -0.0323109 0.0290863 -0.024699
 0.0308225 -0.0323015  0.0291007 -0.0247314
 0.0308871 -0.0322923  0.0291152 -0.0247639
 0.0309517 -0.0322834  0.0291296 -0.0247964
 0.0310163 -0.0322749 0.0291441 -0.024829
 0.0310807 -0.0322666  0.0291587 -0.0248616
 0.0311451 -0.0322586  0.0291732 -0.0248942
 0.0312094 -0.0322509  0.0291878 -0.0249269
 0.0312736 -0.0322435  0.0292025 -0.0249597
 0.0313377 -0.0322365  0.0292171 -0.0249925
 0.0314017 -0.0322297  0.0292318 -0.0250253
 0.0314656 -0.0322232  0.0292465 -0.0250582
0.0315293 -0.032217  0.0292613 -0.0250912
  0.031593 -0.0322111  0.0292761 -0.0251241
 0.0316565 -0.0322055  0.0292909 -0.0251572
 0.0317198 -0.0322002  0.0293058 -0.0251903
  0.031783 -0.0321953  0.0293207 -0.0252234
 0.0318459 -0.0321906  0.0293356 -0.0252566
 0.0319086 -0.0321862  0.0293506 -0.0252898
 0.0319711 -0.0321822  0.0293656 -0.0253231
 0.0320334 -0.0321784  0.0293806 -0.0253564
0.0320954 -0.032175  0.0293957 -0.0253898
 0.0321572 -0.0321719  0.0294108 -0.0254233
 0.0322188 -0.0321691  0.0294259 -0.0254568
 0.0322801 -0.0321665  0.0294411 -0.0254903
 0.0323412 -0.0321643  0.0294563 -0.0255239
 0.0324021 -0.0321623  0.0294716 -0.0255575
 0.0324627 -0.0321607  0.0294868 -0.0255912
  0.032523 -0.0321593  0.0295022 -0.0256249
 0.0325832 -0.0321582  0.0295175 -0.0256587
 0.0326431 -0.0321574  0.0295329 -0.0256925
 0.0327028 -0.0321569  0.0295483 -0.0257264
 0.0327624 -0.0321567  0.0295637 -0.0257604
 0.0328217 -0.0321567  0.0295792 -0.0257944
 0.0328807 -0.0321571  0.0295947 -0.0258284
 0.0329394 -0.0321577  0.0296103 -0.0258625
 0.0329977 -0.0321586  0.0296259 -0.0258966
 0.0330556 -0.0321598  0.0296415 -0.0259308
 0.0331131 -0.0321613  0.0296572 -0.0259651
 0.0331701 -0.0321631  0.0296728 -0.0259994
 0.0332268 -0.0321652  0.0296886 -0.0260337
 0.0332831 -0.0321676  0.0297043 -0.0260681
  0.033339 -0.0321702  0.0297201 -0.0261026
 0.0333946 -0.0321732   0.029736 -0.0261371
 0.0334498 -0.0321764  0.0297518 -0.0261717
 0.0335048 -0.0321799  0.0297677 -0.0262063
 0.0335594 -0.0321837  0.0297837 -0.0262409
 0.0336137 -0.0321877  0.0297996 -0.0262756
0.0336678 -0.032192  0.0298157 -0.0263104
 0.0337216 -0.0321966  0.0298317 -0.0263452
 0.0337751 -0.0322015  0.0298478 -0.0263801
 0.0338284 -0.0322066 0.0298639 -0.026415
0.0338814 -0.032212  0.02988 -0.02645
 0.0339343 -0.0322177  0.0298962 -0.0264851
 0.0339869 -0.0322237  0.0299125 -0.0265202
 0.0340393 -0.0322299  0.0299287 -0.0265553
 0.0340916 -0.0322364   0.029945 -0.0265905
 0.0341437 -0.0322431  0.0299613 -0.0266257
 0.0341957 -0.0322501 0.0299777 -0.026661
 0.0342474 -0.0322574  0.0299941 -0.0266964
0.0342991 -0.032265  0.0300106 -0.0267318
 0.0343506 -0.0322728   0.030027 -0.0267673
  0.034402 -0.0322809  0.0300436 -0.0268028
 0.0344533 -0.0322893  0.0300601 -0.0268384
 0.0345044 -0.0322979 0.0300767 -0.026874
 0.0345555 -0.0323068  0.0300933 -0.0269097
 0.0346065 -0.0323159    0.03011 -0.0269454
 0.0346574 -0.0323253  0.0301267 -0.0269812
0.0347082 -0.032335  0.0301434 -0.0270171
0.0347589 -0.032345 0.0301602 -0.027053
 0.0348096 -0.0323552  0.030177 -0.027089
 0.0348602 -0.0323656 0.0301938 -0.027125
 0.0349108 -0.0323764  0.0302107 -0.0271611
 0.0349613 -0.0323874  0.0302276 -0.0271972
 0.0350118 -0.0323986  0.0302446 -0.0272334
 0.0350622 -0.0324101  0.0302616 -0.0272696
 0.0351126 -0.0324219  0.0302786 -0.0273059
 0.0351629 -0.0324339  0.0302956 -0.0273423
 0.0352132 -0.0324462  0.0303127 -0.0273787
 0.0352635 -0.0324588  0.0303299 -0.0274152
 0.0353138 -0.0324716  0.0303471 -0.0274517
  0.035364 -0.0324846  0.0303643 -0.0274883
 0.0354143 -0.0324979  0.0303815 -0.0275249
 0.0354645 -0.0325115  0.0303988 -0.0275616
 0.0355146 -0.0325253  0.0304161 -0.0275984
 0.0355648 -0.0325394  0.0304335 -0.0276352
  0.035615 -0.0325537 0.0304509 -0.027672
 0.0356651 -0.0325683 0.0304683 -0.027709
 0.0357152 -0.0325831  0.0304858 -0.0277459
 0.0357653 -0.0325982 0.0305033 -0.027783
 0.0358154 -0.0326135  0.0305209 -0.0278201
 0.0358654 -0.0326291  0.0305385 -0.0278572
 0.0359155 -0.0326449  0.0305561 -0.0278945
0.0359655 -0.032661  0.0305738 -0.0279317
 0.0360155 -0.0326773  0.0305915 -0.0279691
 0.0360654 -0.0326939  0.0306092 -0.0280065
 0.0361154 -0.0327107   0.030627 -0.0280439
 0.0361654 -0.0327277  0.0306448 -0.0280814
 0.0362153 -0.0327451 0.0306627 -0.028119
 0.0362652 -0.0327626  0.0306806 -0.0281566
 0.0363152 -0.0327803  0.0306985 -0.0281943
 0.0363652 -0.0327983  0.0307165 -0.0282321
 0.0364151 -0.0328164  0.0307345 -0.0282699
 0.0364649 -0.0328347  0.0307526 -0.0283077
 0.0365147 -0.0328532  0.0307707 -0.0283457
 0.0365644 -0.0328719  0.0307888 -0.0283836
 0.0366141 -0.0328908   0.030807 -0.0284217
 0.0366637 -0.0329099  0.0308252 -0.0284598
 0.0367132 -0.0329292 0.0308434 -0.028498
 0.0367626 -0.0329486  0.0308617 -0.0285362
  0.036812 -0.0329683    0.03088 -0.0285745
 0.0368613 -0.0329882  0.0308984 -0.0286128
 0.0369105 -0.0330083  0.0309168 -0.0286512
 0.0369596 -0.0330287  0.0309352 -0.0286897
 0.0370086 -0.0330492  0.0309537 -0.0287282
 0.0370576 -0.0330699  0.0309723 -0.0287668
 0.0371065 -0.0330909  0.0309908 -0.0288055
 0.0371555 -0.0331121  0.0310094 -0.0288442
 0.0372044 -0.0331339 0.0310281 -0.028883
 0.0372533 -0.0331558  0.0310467 -0.0289218
0.0373022 -0.033178  0.0310655 -0.0289607
  0.037351 -0.0332005  0.0310842 -0.0289997
 0.0373997 -0.0332232   0.031103 -0.0290387
 0.0374484 -0.0332463  0.0311219 -0.0290778
  0.037497 -0.0332698 0.0311407 -0.029117
 0.0375456 -0.0332935  0.0311597 -0.0291562
 0.0375941 -0.0333174  0.0311786 -0.0291955
 0.0376425 -0.0333414  0.0311976 -0.0292348
 0.0376909 -0.0333657  0.0312167 -0.0292742
 0.0377392 -0.0333902  0.0312358 -0.0293137
 0.0377873 -0.0334149  0.0312549 -0.0293532
 0.0378354 -0.0334398   0.031274 -0.0293928
 0.0378833 -0.0334649  0.0312932 -0.0294324
  0.037931 -0.0334905  0.0313125 -0.0294722
 0.0379788 -0.0335161  0.0313318 -0.0295119
0.0380264 -0.033542  0.0313511 -0.0295518
 0.0380739 -0.0335679  0.0313705 -0.0295917
 0.0381212 -0.0335941  0.0313899 -0.0296317
 0.0381685 -0.0336205  0.0314093 -0.0296717
 0.0382155 -0.0336471  0.0314288 -0.0297118
 0.0382625 -0.0336739 0.0314484 -0.029752
 0.0383093 -0.0337009  0.0314679 -0.0297922
0.0383559 -0.033728  0.0314875 -0.0298325
 0.0384024 -0.0337554  0.0315072 -0.0298729
 0.0384488 -0.0337829  0.0315269 -0.0299133
 0.0384949 -0.0338107  0.0315466 -0.0299538
 0.0385409 -0.0338386  0.0315664 -0.0299944
 0.0385868 -0.0338667 0.0315862 -0.030035
0.0386324 -0.033895  0.0316061 -0.0300757
 0.0386778 -0.0339235   0.031626 -0.0301165
 0.0387229 -0.0339522  0.0316459 -0.0301573
0.0387679 -0.033981  0.0316659 -0.0301982
 0.0388126 -0.0340101   0.031686 -0.0302392
  0.038857 -0.0340393   0.031706 -0.0302802
 0.0389012 -0.0340686  0.0317262 -0.0303213
 0.0389452 -0.0340982  0.0317463 -0.0303624
 0.0389889 -0.0341279  0.0317665 -0.0304037
 0.0390324 -0.0341578  0.0317868 -0.0304449
 0.0390755 -0.0341878   0.031807 -0.0304863
 0.0391184 -0.0342181  0.0318274 -0.0305277
 0.0391609 -0.0342484  0.0318477 -0.0305692
0.0392032 -0.034279  0.0318681 -0.0306108
 0.0392451 -0.0343097  0.0318886 -0.0306524
 0.0392867 -0.0343405  0.0319091 -0.0306941
  0.039328 -0.0343715  0.0319296 -0.0307359
  0.039369 -0.0344027  0.0319502 -0.0307777
0.0394096 -0.034434  0.0319708 -0.0308196
 0.0394499 -0.0344655  0.0319915 -0.0308616
 0.0394898 -0.0344971  0.0320122 -0.0309036
 0.0395294 -0.0345288   0.032033 -0.0309457
 0.0395686 -0.0345607  0.0320538 -0.0309879
 0.0396074 -0.0345927  0.0320746 -0.0310302
 0.0396459 -0.0346248  0.0320955 -0.0310725
 0.0396839 -0.0346571  0.0321164 -0.0311149
 0.0397216 -0.0346895  0.0321374 -0.0311573
0.0397589 -0.034722  0.0321584 -0.0311999
 0.0397957 -0.0347547  0.0321795 -0.0312425
 0.0398322 -0.0347875  0.0322006 -0.0312851
 0.0398682 -0.0348204  0.0322217 -0.0313279
 0.0399039 -0.0348534  0.0322429 -0.0313707
 0.0399391 -0.0348865  0.0322642 -0.0314135
 0.0399738 -0.0349197  0.0322854 -0.0314565
 0.0400082 -0.0349531  0.0323068 -0.0314995
 0.0400421 -0.0349865  0.0323281 -0.0315426
0.0400755  -0.03502  0.0323495 -0.0315857
 0.0401085 -0.0350537  0.032371 -0.031629
  0.040141 -0.0350874  0.0323925 -0.0316723
 0.0401731 -0.0351212   0.032414 -0.0317157
 0.0402048 -0.0351551  0.0324356 -0.0317591
 0.0402359 -0.0351891  0.0324573 -0.0318026
 0.0402666 -0.0352232  0.0324789 -0.0318462
 0.0402968 -0.0352573  0.0325007 -0.0318899
 0.0403265 -0.0352916  0.0325224 -0.0319336
 0.0403558 -0.0353259  0.0325442 -0.0319774
 0.0403845 -0.0353602  0.0325661 -0.0320213
 0.0404128 -0.0353947   0.032588 -0.0320652
 0.0404406 -0.0354292    0.03261 -0.0321093
 0.0404679 -0.0354637  0.0326319 -0.0321534
 0.0404946 -0.0354984   0.032654 -0.0321975
0.0405209 -0.035533  0.0326761 -0.0322418
 0.0405467 -0.0355678  0.0326982 -0.0322861
 0.0405719 -0.0356025  0.0327204 -0.0323305
 0.0405966 -0.0356373  0.0327426 -0.0323749
 0.0406208 -0.0356722  0.0327649 -0.0324195
 0.0406445 -0.0357071  0.0327872 -0.0324641
 0.0406676 -0.0357421  0.0328095 -0.0325088
0.0406903 -0.035777  0.0328319 -0.0325535
0.0407123 -0.035812  0.0328544 -0.0325984
 0.0407339 -0.0358471  0.0328769 -0.0326433
 0.0407549 -0.0358821  0.0328994 -0.0326883
 0.0407753 -0.0359172   0.032922 -0.0327333
 0.0407952 -0.0359523  0.0329447 -0.0327785
 0.0408146 -0.0359875  0.0329673 -0.0328237
 0.0408334 -0.0360226 0.0329901 -0.032869
 0.0408516 -0.0360577  0.0330128 -0.0329143
 0.0408693 -0.0360929  0.0330357 -0.0329598
0.0408864 -0.036128  0.0330585 -0.0330053
  0.040903 -0.0361632  0.0330814 -0.0330509
  0.040919 -0.0361983  0.0331044 -0.0330965
 0.0409344 -0.0362335  0.0331274 -0.0331423
 0.0409493 -0.0362686  0.0331505 -0.0331881
 0.0409636 -0.0363037 0.0331736 -0.033234
 0.0409773 -0.0363388 0.0331967  -0.03328
 0.0409905 -0.0363739 0.0332199 -0.033326
0.0410031 -0.036409  0.0332432 -0.0333721
 0.041015 -0.036444  0.0332664 -0.0334183
0.0410264 -0.036479  0.0332898 -0.0334646
0.0410372 -0.036514 0.0333132 -0.033511
0.0410474 -0.036549  0.0333366 -0.0335574
 0.0410569 -0.0365839  0.0333601 -0.0336039
 0.0410658 -0.0366188  0.0333836 -0.0336505
 0.0410741 -0.0366537  0.0334072 -0.0336972
 0.0410817 -0.0366885 0.0334308 -0.033744
 0.0410887 -0.0367233  0.0334545 -0.0337908
  0.041095 -0.0367581  0.0334782 -0.0338377
 0.0411007 -0.0367928   0.033502 -0.0338847
 0.0411057 -0.0368275  0.0335258 -0.0339317
   0.04111 -0.0368621  0.0335497 -0.0339789
 0.0411137 -0.0368967  0.0335736 -0.0340261
 0.0411166 -0.0369313  0.0335976 -0.0340734
  0.041119 -0.0369657  0.0336216 -0.0341208
 0.0411206 -0.0370002  0.0336456 -0.0341683
 0.0411215 -0.0370346  0.0336697 -0.0342158
 0.0411218 -0.0370689  0.0336939 -0.0342634
 0.0411213 -0.0371032  0.0337181 -0.0343111
 0.0411202 -0.0371374  0.0337424 -0.0343589
 0.0411183 -0.0371715  0.0337667 -0.0344068
 0.0411158 -0.0372056   0.033791 -0.0344547
 0.0411126 -0.0372396  0.0338154 -0.0345028
 0.0411086 -0.0372736  0.0338399 -0.0345509
  0.041104 -0.0373074  0.0338644 -0.0345991
 0.0410987 -0.0373412  0.0338889 -0.0346473
0.0410927 -0.037375  0.0339135 -0.0346957
  0.041086 -0.0374087  0.0339382 -0.0347441
 0.0410785 -0.0374422  0.0339629 -0.0347927
 0.0410704 -0.0374758  0.0339876 -0.0348413
 0.0410616 -0.0375092  0.0340125 -0.0348899
 0.0410521 -0.0375425  0.0340373 -0.0349387
 0.0410419 -0.0375758  0.0340622 -0.0349876
 0.041031 -0.037609  0.0340872 -0.0350365
 0.0410195 -0.0376421  0.0341122 -0.0350855
 0.0410072 -0.0376751  0.0341372 -0.0351346
0.0409943 -0.037708  0.0341623 -0.0351838
 0.0409806 -0.0377409  0.0341875 -0.0352331
 0.0409663 -0.0377736  0.0342127 -0.0352824
 0.0409513 -0.0378063  0.0342379 -0.0353318
 0.0409357 -0.0378388  0.0342632 -0.0353814
 0.0409193 -0.0378713 0.0342886 -0.035431
 0.0409023 -0.0379037   0.034314 -0.0354806
0.0408847 -0.037936  0.0343395 -0.0355304
 0.0408663 -0.0379682   0.034365 -0.0355803
 0.0408473 -0.0380003  0.0343905 -0.0356302
 0.0408276 -0.0380323  0.0344162 -0.0356802
 0.0408073 -0.0380643  0.0344418 -0.0357303
 0.0407864 -0.0380961  0.0344675 -0.0357805
 0.0407648 -0.0381278  0.0344933 -0.0358308
 0.0407425 -0.0381595  0.0345191 -0.0358812
0.0407196 -0.038191   0.034545 -0.0359317
  0.040696 -0.0382224  0.0345709 -0.0359822
 0.0406718 -0.0382538  0.0345969 -0.0360328
 0.040647 -0.038285  0.0346229 -0.0360835
 0.0406216 -0.0383161   0.034649 -0.0361343
 0.0405955 -0.0383471  0.0346751 -0.0361852
0.0405689 -0.038378  0.0347013 -0.0362362
 0.0405416 -0.0384088  0.0347275 -0.0362873
 0.0405137 -0.0384395  0.0347538 -0.0363384
 0.0404852 -0.0384701  0.0347802 -0.0363897
 0.0404562 -0.0385006 0.0348066 -0.036441
 0.0404266 -0.0385308   0.034833 -0.0364925
 0.0403963 -0.0385607 0.0348595 -0.036544
 0.0403656 -0.0385903   0.034886 -0.0365956
 0.0403343 -0.0386195  0.0349126 -0.0366473
 0.0403024 -0.0386484  0.0349393 -0.0366991
   0.04027 -0.0386771  0.034966 -0.036751
  0.040237 -0.0387054 0.0349927 -0.036803
 0.0402036 -0.0387336  0.0350195 -0.0368551
 0.0401696 -0.0387614  0.0350464 -0.0369072
 0.0401352 -0.0387891  0.0350733 -0.0369595
 0.0401003 -0.0388166  0.0351002 -0.0370118
 0.0400648 -0.0388438  0.0351272 -0.0370643
  0.040029 -0.0388709  0.0351543 -0.0371168
 0.0399926 -0.0388977  0.0351814 -0.0371695
 0.0399559 -0.0389245  0.0352086 -0.0372222
0.0399186 -0.038951 0.0352358 -0.037275
  0.039881 -0.0389774   0.035263 -0.0373279
  0.039843 -0.0390036 0.0352904 -0.037381
 0.0398045 -0.0390297  0.0353177 -0.0374341
 0.0397657 -0.0390557  0.0353452 -0.0374873
 0.0397265 -0.0390816  0.0353726 -0.0375406
 0.0396869 -0.0391073 0.0354002 -0.037594
 0.0396466 -0.0391329  0.0354278 -0.0376474
 0.0396062 -0.0391584 0.0354554 -0.037701
 0.0395656 -0.0391838  0.0354831 -0.0377547
 0.0395246 -0.0392091  0.0355109 -0.0378085
 0.0394834 -0.0392343  0.0355387 -0.0378623
 0.0394418 -0.0392595  0.0355665 -0.0379163
 0.0393996 -0.0392844  0.0355944 -0.0379704
 0.0393574 -0.0393094  0.0356224 -0.0380245
 0.0393149 -0.0393342  0.0356504 -0.0380788
 0.0392722 -0.0393589  0.0356785 -0.0381331
 0.0392292 -0.0393836  0.0357066 -0.0381876
  0.039186 -0.0394082  0.0357348 -0.0382421
 0.0391425 -0.0394327   0.035763 -0.0382968
 0.0390987 -0.0394571  0.0357913 -0.0383515
 0.0390547 -0.0394814  0.0358196 -0.0384064
 0.0390105 -0.0395056   0.035848 -0.0384613
  0.038966 -0.0395298  0.0358765 -0.0385164
 0.0389213 -0.0395538   0.035905 -0.0385715
 0.0388764 -0.0395778  0.0359335 -0.0386267
  0.038831 -0.0396016  0.0359622 -0.0386821
 0.0387862 -0.0396257  0.0359908 -0.0387375
 0.0387416 -0.0396498 0.0360196 -0.038793
 0.0386965 -0.0396737  0.0360483 -0.0388487
 0.0386512 -0.0396975  0.0360772 -0.0389044
 0.0386057 -0.0397213  0.0361061 -0.0389602
 0.0385592 -0.0397446   0.036135 -0.0390161
 0.0385125 -0.0397678   0.036164 -0.0390722
 0.0384661 -0.0397911  0.0361931 -0.0391283
 0.0384204 -0.0398146  0.0362222 -0.0391845
 0.0383747 -0.0398382  0.0362514 -0.0392409
 0.0383277 -0.0398612  0.0362806 -0.0392973
 0.0382814 -0.0398845  0.0363099 -0.0393538
  0.038234 -0.0399074  0.0363392 -0.0394105
 0.0381867 -0.0399302  0.0363686 -0.0394672
0.0381392 -0.039953  0.0363981 -0.0395241
 0.0380918 -0.0399758 0.0364276 -0.039581
 0.0380451 -0.0399989 0.0364571 -0.039638
 0.0379977 -0.0400216  0.0364868 -0.0396952
 0.0379503 -0.0400442  0.0365165 -0.0397524
 0.0379037 -0.0400672  0.0365462 -0.0398098
  0.037857 -0.0400901   0.036576 -0.0398672
0.0378103 -0.040113  0.0366058 -0.0399248
 0.0377629 -0.0401354  0.0366358 -0.0399825
 0.0377154 -0.0401578  0.0366657 -0.0400402
 0.0376678 -0.0401802  0.0366957 -0.0400981
 0.0376203 -0.0402025  0.0367258 -0.0401561
 0.0375728 -0.0402248   0.036756 -0.0402141
 0.0375261 -0.0402475  0.0367862 -0.0402723
 0.0374795 -0.0402701  0.0368164 -0.0403306
  0.037433 -0.0402927 0.0368467 -0.040389
 0.0373858 -0.0403149  0.0368771 -0.0404475
 0.0373386 -0.0403371  0.0369075 -0.0405061
 0.0372922 -0.0403596   0.036938 -0.0405648
 0.0372451 -0.0403817  0.0369686 -0.0406236
 0.0371982 -0.0404039  0.0369992 -0.0406825
  0.037152 -0.0404263  0.0370298 -0.0407415
  0.037106 -0.0404488  0.0370606 -0.0408007
 0.0370595 -0.0404709  0.0370914 -0.0408599
 0.037013 -0.040493  0.0371222 -0.0409192
 0.0369667 -0.0405151  0.0371531 -0.0409787
 0.0369205 -0.0405373  0.0371841 -0.0410382
 0.0368745 -0.0405594  0.0372151 -0.0410979
 0.0368291 -0.0405817  0.0372462 -0.0411577
0.0367835 -0.040604  0.0372773 -0.0412176
 0.0367381 -0.0406263  0.0373085 -0.0412775
  0.036693 -0.0406485  0.0373398 -0.0413376
  0.036648 -0.0406708  0.0373711 -0.0413978
 0.0366035 -0.0406933  0.0374024 -0.0414581
 0.0365592 -0.0407158  0.0374339 -0.0415186
 0.0365152 -0.0407383  0.0374654 -0.0415791
 0.0364711 -0.0407608  0.0374969 -0.0416397
 0.0364274 -0.0407834  0.0375286 -0.0417005
0.0363839 -0.040806  0.0375602 -0.0417613
 0.0363407 -0.0408287   0.037592 -0.0418223
 0.0362977 -0.0408514  0.0376238 -0.0418834
  0.036255 -0.0408742  0.0376556 -0.0419446
0.0362124 -0.040897  0.0376876 -0.0420059
 0.0361699 -0.0409197  0.0377196 -0.0420673
 0.0361279 -0.0409426  0.0377516 -0.0421288
 0.0360862 -0.0409656  0.0377837 -0.0421904
 0.0360449 -0.0409887  0.0378159 -0.0422521
  0.036004 -0.0410119 0.0378481 -0.042314
 0.0359633 -0.0410351 0.0378804 -0.042376
  0.035923 -0.0410584 0.0379128 -0.042438
 0.0358831 -0.0410819  0.0379452 -0.0425002
 0.0358434 -0.0411053  0.0379776 -0.0425625
 0.0358045 -0.0411288  0.0380102 -0.0426249
  0.035766 -0.0411525  0.0380428 -0.0426874
 0.0357282 -0.0411763  0.0380754 -0.0427501
  0.035691 -0.0412001  0.0381082 -0.0428128
 0.0356545 -0.0412241   0.038141 -0.0428757
 0.0356184 -0.0412481  0.0381738 -0.0429387
 0.0355829 -0.0412723  0.0382067 -0.0430018
 0.0355481 -0.0412965 0.0382397 -0.043065
 0.0355138 -0.0413208  0.0382727 -0.0431283
 0.0354802 -0.0413453  0.0383058 -0.0431917
 0.0354469 -0.0413697   0.038339 -0.0432553
 0.0354143 -0.0413943  0.0383722 -0.0433189
 0.0353824 -0.0414189  0.0384055 -0.0433827
 0.0353514 -0.0414438  0.0384389 -0.0434466
 0.0353213 -0.0414691  0.0384723 -0.0435106
 0.0352914 -0.0414943  0.0385058 -0.0435747
0.0352622  -0.04152 0.0385393 -0.043639
 0.0352334 -0.0415459   0.038573 -0.0437033
  0.035205 -0.0415721  0.0386066 -0.0437678
 0.0351769 -0.0415984  0.0386404 -0.0438324
  0.035149 -0.0416246  0.0386742 -0.0438971
 0.0351215 -0.0416511  0.0387081 -0.0439619
 0.0350944 -0.0416777   0.038742 -0.0440268
 0.0350681 -0.0417049   0.038776 -0.0440919
 0.035042 -0.041732  0.0388101 -0.0441571
 0.0350165 -0.0417595  0.0388442 -0.0442224
 0.0349914 -0.0417872  0.0388784 -0.0442878
 0.0349669 -0.0418152  0.0389126 -0.0443533
 0.0349431 -0.0418435  0.038947 -0.044419
 0.0349201 -0.0418724  0.0389814 -0.0444847
 0.0348973 -0.0419014  0.0390158 -0.0445506
 0.0348751 -0.0419305  0.0390503 -0.0446166
 0.0348533 -0.0419599  0.0390849 -0.0446827
  0.034832 -0.0419895 0.0391196 -0.044749
 0.0348111 -0.0420193  0.0391543 -0.0448153
 0.0347907 -0.0420493  0.0391891 -0.0448818
 0.0347708 -0.0420795  0.0392239 -0.0449484
 0.0347514 -0.0421101  0.0392588 -0.0450152
 0.0347325 -0.0421409 0.0392938 -0.045082
 0.0347141 -0.0421719 0.0393289 -0.045149
 0.0346963 -0.0422033   0.039364 -0.0452161
  0.034679 -0.0422349  0.0393992 -0.0452833
 0.0346623 -0.0422668  0.0394344 -0.0453506
 0.0346461 -0.0422989  0.0394698 -0.0454181
 0.0346305 -0.0423314  0.0395051 -0.0454856
 0.0346154 -0.0423641  0.0395406 -0.0455533
  0.034601 -0.0423971  0.0395761 -0.0456212
  0.034587 -0.0424304  0.0396117 -0.0456891
0.0345737 -0.042464  0.0396474 -0.0457572
 0.0345609 -0.0424979  0.0396831 -0.0458254
0.0345489 -0.042532  0.0397189 -0.0458937
 0.0345377 -0.0425665  0.0397547 -0.0459621
 0.0345273 -0.0426013  0.0397907 -0.0460307
 0.0345175 -0.0426364  0.0398267 -0.0460994
 0.0345083 -0.0426718  0.0398627 -0.0461682
 0.0344999 -0.0427076  0.0398989 -0.0462371
 0.0344921 -0.0427437  0.0399351 -0.0463062
 0.0344851 -0.0427802  0.0399713 -0.0463754
0.0344787 -0.042817  0.0400077 -0.0464447
  0.034473 -0.0428541  0.0400441 -0.0465141
  0.034468 -0.0428916  0.0400806 -0.0465837
 0.0344636 -0.0429294  0.0401171 -0.0466534
   0.03446 -0.0429676  0.0401537 -0.0467232
  0.034457 -0.0430061  0.0401904 -0.0467932
0.0344548 -0.043045  0.0402272 -0.0468632
 0.0344532 -0.0430842   0.040264 -0.0469334
 0.0344522 -0.0431238  0.0403009 -0.0470038
  0.034452 -0.0431638  0.0403379 -0.0470742
 0.0344524 -0.0432041  0.0403749 -0.0471448
 0.0344535 -0.0432448   0.040412 -0.0472155
 0.0344553 -0.0432858  0.0404492 -0.0472864
 0.0344577 -0.0433272  0.0404864 -0.0473573
 0.0344607 -0.0433689  0.0405238 -0.0474284
 0.0344645 -0.0434111  0.0405612 -0.0474997
 0.0344689 -0.0434536 0.0405986 -0.047571
 0.0344739 -0.0434964  0.0406362 -0.0476425
 0.0344795 -0.0435397  0.0406738 -0.0477141
 0.0344858 -0.0435833  0.0407114 -0.0477859
 0.0344928 -0.0436273  0.0407492 -0.0478578
 0.0345004 -0.0436716   0.040787 -0.0479298
 0.0345085 -0.0437164  0.0408249 -0.0480019
 0.0345174 -0.0437615  0.0408629 -0.0480742
0.0345268 -0.043807  0.0409009 -0.0481466
 0.0345367 -0.0438529   0.040939 -0.0482191
 0.0345473 -0.0438992  0.0409772 -0.0482918
 0.0345584 -0.0439459  0.0410154 -0.0483646
0.0345701 -0.043993  0.0410538 -0.0484375
 0.0345823 -0.0440404  0.0410922 -0.0485106
 0.0345951 -0.0440883  0.0411306 -0.0485838
 0.0346084 -0.0441367  0.0411692 -0.0486571
 0.0346223 -0.0441854  0.0412078 -0.0487306
 0.0346367 -0.0442346  0.0412465 -0.0488042
 0.0346516 -0.0442843  0.0412852 -0.0488779
 0.0346671 -0.0443345  0.0413241 -0.0489518
 0.0346829 -0.0443851   0.041363 -0.0490258
 0.0346992 -0.0444362   0.041402 -0.0490999
  0.034716 -0.0444878   0.041441 -0.0491742
 0.0347331 -0.0445399  0.0414802 -0.0492486
 0.0347507 -0.0445925  0.0415194 -0.0493231
 0.0347688 -0.0446455  0.0415586 -0.0493978
 0.0347873 -0.0446991   0.041598 -0.0494726
 0.0348063 -0.0447532  0.0416374 -0.0495476
 0.0348258 -0.0448078  0.0416769 -0.0496226
 0.0348457 -0.0448629  0.0417165 -0.0496979
  0.034866 -0.0449185  0.0417562 -0.0497732
 0.0348868 -0.0449746  0.0417959 -0.0498487
 0.0349082 -0.0450312  0.0418357 -0.0499244
   0.03493 -0.0450885  0.0418756 -0.0500001
 0.0349522 -0.0451461 0.0419155 -0.050076
 0.0349747 -0.0452043  0.0419556 -0.0501521
 0.0349977 -0.0452631  0.0419957 -0.0502283
  0.035021 -0.0453223  0.0420359 -0.0503046
0.0350447 -0.045382  0.0420761 -0.0503811
 0.0350688 -0.0454422  0.0421165 -0.0504577
 0.0350933 -0.0455029  0.0421569 -0.0505344
 0.0351181 -0.0455642  0.0421974 -0.0506113
 0.0351432 -0.0456259  0.0422379 -0.0506883
 0.0351686 -0.0456882  0.0422786 -0.0507655
0.0351944 -0.045751  0.0423193 -0.0508428
0.0352204 -0.045814  0.0423601 -0.0509203
 0.0352466 -0.0458775  0.0424009 -0.0509978
 0.0352732 -0.0459413  0.0424419 -0.0510756
 0.0353001 -0.0460058  0.0424829 -0.0511535
 0.0353271 -0.0460706   0.042524 -0.0512315
 0.0353544 -0.0461358  0.0425652 -0.0513096
 0.0353819 -0.0462015  0.0426065 -0.0513879
 0.0354096 -0.0462676  0.0426478 -0.0514664
0.0354375 -0.046334 0.0426892 -0.051545
 0.0354657 -0.0464008  0.0427307 -0.0516237
 0.035494 -0.046468  0.0427723 -0.0517026
 0.0355225 -0.0465356   0.042814 -0.0517816
 0.0355512 -0.0466035  0.0428557 -0.0518607
 0.0355801 -0.0466718 0.0428975  -0.05194
 0.0356092 -0.0467406  0.0429394 -0.0520195
 0.0356383 -0.0468098  0.0429814 -0.0520991
 0.0356677 -0.0468794  0.0430234 -0.0521788
 0.0356972 -0.0469494  0.0430655 -0.0522587
 0.0357268 -0.0470199  0.0431078 -0.0523388
 0.0357566 -0.0470908    0.04315 -0.0524189
0.0357865 -0.047162  0.0431924 -0.0524993
 0.0358165 -0.0472337  0.0432349 -0.0525797
 0.0358466 -0.0473058  0.0432774 -0.0526604
 0.0358769 -0.0473783    0.04332 -0.0527411
 0.0359072 -0.0474513 0.0433627 -0.052822
 0.0359376 -0.0475246  0.0434055 -0.0529031
 0.0359682 -0.0475982  0.0434483 -0.0529843
 0.0359987 -0.0476722  0.0434912 -0.0530657
 0.0360293 -0.0477465  0.0435343 -0.0531472
 0.0360599 -0.0478212  0.0435773 -0.0532288
 0.0360905 -0.0478962  0.0436205 -0.0533106
 0.0361213 -0.0479717  0.0436638 -0.0533926
  0.036152 -0.0480476  0.0437071 -0.0534747
 0.0361829 -0.0481238 0.0437505 -0.053557
 0.0362136 -0.0482002   0.043794 -0.0536394
 0.0362443 -0.0482769  0.0438376 -0.0537219
 0.0362749 -0.0483538  0.0438813 -0.0538046
0.0363054 -0.048431   0.043925 -0.0538875
 0.0363361 -0.0485087  0.0439689 -0.0539705
 0.0363667 -0.0485867  0.0440128 -0.0540537
 0.0363972 -0.0486651 0.0440568 -0.054137
 0.0364277 -0.0487438  0.0441009 -0.0542205
  0.036458 -0.0488227   0.044145 -0.0543041
 0.0364884 -0.0489019  0.0441893 -0.0543878
 0.0365186 -0.0489813  0.0442336 -0.0544718
 0.0365488 -0.0490611   0.044278 -0.0545559
 0.0365789 -0.0491411  0.0443225 -0.0546401
 0.0366089 -0.0492213  0.0443671 -0.0547245
 0.0366388 -0.0493018 0.0444118 -0.054809
 0.0366685 -0.0493825  0.0444565 -0.0548937
 0.0366981 -0.0494635  0.0445014 -0.0549786
 0.0367276 -0.0495447  0.0445463 -0.0550636
 0.0367569 -0.0496263  0.0445913 -0.0551487
  0.036786 -0.0497082  0.0446364 -0.0552341
 0.0368149 -0.0497903  0.0446816 -0.0553195
 0.0368436 -0.0498727  0.0447268 -0.0554052
  0.036872 -0.0499554 0.0447722 -0.055491
 0.0369002 -0.0500383  0.0448176 -0.0555769
 0.0369281 -0.0501215 0.0448631 -0.055663
0.0369559 -0.050205  0.0449087 -0.0557493
 0.0369834 -0.0502886  0.0449544 -0.0558357
 0.0370107 -0.0503725  0.0450002 -0.0559223
 0.0370377 -0.0504567 0.0450461 -0.056009
0.0370645 -0.050541   0.045092 -0.0560959
  0.037091 -0.0506256  0.045138 -0.056183
 0.0371173 -0.0507103  0.0451842 -0.0562702
 0.0371432 -0.0507953  0.0452304 -0.0563575
 0.0371689 -0.0508804  0.0452767 -0.0564451
 0.0371943 -0.0509657  0.0453231 -0.0565328
 0.0372194 -0.0510512  0.0453695 -0.0566206
 0.0372443 -0.0511368  0.0454161 -0.0567086
 0.0372688 -0.0512226  0.0454627 -0.0567968
 0.0372931 -0.0513086  0.0455095 -0.0568852
 0.0373171 -0.0513946  0.0455563 -0.0569737
 0.0373408 -0.0514809  0.0456032 -0.0570623
 0.0373642 -0.0515672  0.0456502 -0.0571512
 0.0373873 -0.0516537  0.0456973 -0.0572401
 0.0374101 -0.0517403  0.0457445 -0.0573293
 0.0374327 -0.0518269  0.0457917 -0.0574186
 0.0374549 -0.0519137  0.0458391 -0.0575081
 0.0374768 -0.0520006  0.0458865 -0.0575977
 0.0374984 -0.0520876  0.0459341 -0.0576875
 0.0375197 -0.0521747  0.0459817 -0.0577775
 0.0375407 -0.0522618  0.0460294 -0.0578677
0.0375614 -0.052349 0.0460772 -0.057958
 0.0375818 -0.0524362  0.0461251 -0.0580484
 0.0376019 -0.0525235  0.0461731 -0.0581391
 0.0376217 -0.0526109  0.0462212 -0.0582299
 0.0376411 -0.0526983  0.0462693 -0.0583208
 0.0376603 -0.0527857 0.0463176 -0.058412
 0.0376791 -0.0528732  0.0463659 -0.0585033
 0.0376976 -0.0529607  0.0464144 -0.0585947
 0.0377158 -0.0530482  0.0464629 -0.0586864
 0.0377337 -0.0531357  0.0465115 -0.0587782
 0.0377514 -0.0532232  0.0465602 -0.0588702
 0.0377687 -0.0533107   0.046609 -0.0589623
 0.0377858 -0.0533982  0.0466579 -0.0590546
 0.0378027 -0.0534856  0.0467069 -0.0591471
0.0378192 -0.053573   0.046756 -0.0592397
 0.0378354 -0.0536605  0.0468052 -0.0593326
 0.0378512 -0.0537479  0.0468544 -0.0594255
 0.0378667 -0.0538352  0.0469038 -0.0595187
 0.0378817 -0.0539225 0.0469532 -0.059612
 0.0378964 -0.0540097  0.0470028 -0.0597055
 0.0379107 -0.0540969  0.0470524 -0.0597992
0.0379246 -0.054184  0.0471021 -0.0598931
0.0379381 -0.054271   0.047152 -0.0599871
 0.0379513 -0.0543579  0.0472019 -0.0600813
  0.037964 -0.0544447  0.0472519 -0.0601756
 0.0379764 -0.0545315   0.047302 -0.0602702
 0.0379884 -0.0546181  0.0473522 -0.0603649
 0.0379999 -0.0547047  0.0474025 -0.0604598
 0.0380111 -0.0547911  0.0474529 -0.0605548
 0.0380219 -0.0548774  0.0475034 -0.0606501
 0.0380323 -0.0549637   0.047554 -0.0607455
 0.0380423 -0.0550498  0.0476046 -0.0608411
 0.0380519 -0.0551358  0.0476554 -0.0609368
 0.0380611 -0.0552216  0.0477063 -0.0610328
   0.03807 -0.0553074  0.0477572 -0.0611289
0.0380784 -0.055393  0.0478083 -0.0612252
 0.0380865 -0.0554785  0.0478594 -0.0613217
 0.0380941 -0.0555638  0.0479107 -0.0614183
 0.0381014 -0.0556491   0.047962 -0.0615151
 0.0381082 -0.0557342  0.0480135 -0.0616121
 0.0381147 -0.0558191   0.048065 -0.0617093
 0.0381209 -0.0559039  0.0481166 -0.0618067
 0.0381267 -0.0559886  0.0481684 -0.0619042
 0.0381321 -0.0560731  0.0482202 -0.0620019
 0.0381372 -0.0561575  0.0482721 -0.0620998
 0.0381418 -0.0562417  0.0483242 -0.0621979
 0.0381461 -0.0563258  0.0483763 -0.0622961
 0.0381501 -0.0564097  0.0484285 -0.0623946
 0.0381536 -0.0564935  0.0484808 -0.0624932
 0.0381569 -0.0565771 0.0485332 -0.062592
 0.0381597 -0.0566606 0.0485858 -0.062691
 0.0381622 -0.0567438  0.0486384 -0.0627901
 0.0381644 -0.0568269  0.0486911 -0.0628895
0.0381659  -0.05691 0.0487439 -0.062989
 0.0381673 -0.0569928  0.0487968 -0.0630887
 0.0381685 -0.0570754  0.0488498 -0.0631886
 0.0381696 -0.0571578  0.0489029 -0.0632887
 0.0381705 -0.0572401  0.0489561 -0.0633889
 0.0381713 -0.0573223  0.0490095 -0.0634894
 0.0381721 -0.0574044 0.0490629  -0.06359
 0.0381729 -0.0574864  0.0491164 -0.0636908
 0.0381735 -0.0575683    0.04917 -0.0637918
0.0381741  -0.05765 0.0492237 -0.063893
 0.0381746 -0.0577316  0.0492775 -0.0639944
  0.038175 -0.0578131  0.0493314 -0.0640959
 0.0381753 -0.0578944  0.0493855 -0.0641977
 0.0381754 -0.0579755  0.0494396 -0.0642996
 0.0381753 -0.0580565  0.0494938 -0.0644017
  0.038175 -0.0581373 0.0495481 -0.064504
 0.0381746 -0.0582178  0.0496025 -0.0646065
 0.0381741 -0.0582981  0.0496571 -0.0647092
 0.0381732 -0.0583781  0.0497117 -0.0648121
 0.0381721 -0.0584577  0.0497664 -0.0649152
 0.0381707 -0.0585371  0.0498213 -0.0650184
  0.038169 -0.0586161  0.0498762 -0.0651219
 0.0381671 -0.0586949  0.0499312 -0.0652255
 0.0381649 -0.0587734  0.0499864 -0.0653293
 0.0381624 -0.0588516  0.0500416 -0.0654333
 0.0381597 -0.0589296   0.050097 -0.0655375
 0.0381568 -0.0590075  0.0501524 -0.0656419
0.0381536 -0.059085   0.050208 -0.0657465
 0.0381502 -0.0591624  0.0502637 -0.0658513
 0.0381464 -0.0592395  0.0503194 -0.0659563
 0.0381425 -0.0593164  0.0503753 -0.0660615
 0.0381382 -0.0593931  0.0504313 -0.0661668
 0.0381336 -0.0594695  0.0504874 -0.0662724
 0.0381289 -0.0595458  0.0505435 -0.0663781
 0.0381239 -0.0596219  0.0505998 -0.0664841
 0.0381186 -0.0596978  0.0506562 -0.0665902
 0.0381132 -0.0597735  0.0507127 -0.0666966
0.0381075 -0.059849  0.0507693 -0.0668031
 0.0381015 -0.0599243  0.0508261 -0.0669098
 0.0380953 -0.0599994  0.0508829 -0.0670167
  0.038089 -0.0600743  0.0509398 -0.0671239
0.0380823 -0.060149  0.0509969 -0.0672312
 0.0380755 -0.0602235   0.051054 -0.0673387
 0.0380685 -0.0602978  0.0511113 -0.0674464
0.0380613 -0.060372  0.0511686 -0.0675543
  0.038054 -0.0604459  0.0512261 -0.0676624
 0.0380464 -0.0605197  0.0512837 -0.0677708
 0.0380387 -0.0605933  0.0513413 -0.0678793
 0.0380309 -0.0606667 0.0513991 -0.067988
0.0380229  -0.06074   0.051457 -0.0680969
 0.0380147 -0.0608131  0.051515 -0.068206
0.0380065 -0.060886  0.0515732 -0.0683153
 0.0379981 -0.0609587  0.0516314 -0.0684248
 0.0379896 -0.0610312  0.0516897 -0.0685346
  0.037981 -0.0611036  0.0517482 -0.0686445
 0.0379723 -0.0611758  0.0518067 -0.0687546
 0.0379635 -0.0612479  0.0518654 -0.0688649
 0.0379547 -0.0613198  0.0519242 -0.0689754
 0.0379458 -0.0613916   0.051983 -0.0690862
 0.0379369 -0.0614632   0.052042 -0.0691971
 0.0379279 -0.0615347  0.0521011 -0.0693083
 0.0379189 -0.0616061  0.0521604 -0.0694196
 0.0379099 -0.0616774  0.0522197 -0.0695311
 0.0379009 -0.0617486  0.0522791 -0.0696429
 0.0378753 -0.0619608  0.0523387 -0.0697549
 0.0378736 -0.0619618 0.0523983 -0.069867
 0.0378644 -0.0620327  0.0524581 -0.0699794
 0.0378559 -0.0621038  0.052518 -0.070092
 0.0378479 -0.0621749   0.052578 -0.0702048
0.0378399 -0.062246  0.0526381 -0.0703178
  0.037833 -0.0623169 0.0526983 -0.070431
0.0378258 -0.062388  0.0527587 -0.0705444
0.0378187 -0.062459 0.0528191 -0.070658
 0.0378115 -0.0625301  0.0528797 -0.0707719
 0.0378042 -0.0626011  0.0529404 -0.0708859
0.0377968 -0.062672  0.0530012 -0.0710001
 0.0377894 -0.0627429  0.0530621 -0.0711146
  0.037782 -0.0628137  0.0531231 -0.0712293
 0.0377746 -0.0628844  0.0531842 -0.0713442
 0.0377674 -0.0629551  0.0532455 -0.0714593
 0.0377602 -0.0630258  0.0533068 -0.0715746
 0.0377532 -0.0630964  0.0533683 -0.0716901
 0.0377463 -0.0631669  0.0534299 -0.0718058
 0.0377397 -0.0632374  0.0534916 -0.0719218
 0.0377334 -0.0633079 0.0535534 -0.072038
 0.0377272 -0.0633782  0.0536154 -0.0721543
 0.0377213 -0.0634486  0.0536774 -0.0722709
 0.0377157 -0.0635189  0.0537396 -0.0723877
 0.0377103 -0.0635892  0.0538019 -0.0725048
 0.0377052 -0.0636595 0.0538643 -0.072622
 0.0377004 -0.0637297  0.0539268 -0.0727395
  0.037696 -0.0637999  0.0539895 -0.0728571
 0.0376919 -0.0638701 0.0540522 -0.072975
 0.0376881 -0.0639403  0.0541151 -0.0730931
 0.0376847 -0.0640105  0.0541781 -0.0732115
 0.0376817 -0.0640807 0.0542412  -0.07333
 0.0376792 -0.0641509  0.0543044 -0.0734488
  0.037677 -0.0642212  0.0543678 -0.0735677
 0.0376754 -0.0642914  0.0544313 -0.0736869
 0.0376742 -0.0643617  0.0544948 -0.0738064
0.0376736 -0.064432 0.0545585 -0.073926
 0.0376736 -0.0645023  0.0546224 -0.0740459
 0.0376742 -0.0645726  0.0546863 -0.0741659
0.0376754 -0.064643  0.0547504 -0.0742863
 0.0376772 -0.0647135  0.0548146 -0.0744068
 0.0376798 -0.0647839  0.0548789 -0.0745275
 0.0376831 -0.0648544  0.0549433 -0.0746485
0.0376871 -0.064925  0.0550078 -0.0747697
 0.0376919 -0.0649956  0.0550725 -0.0748911
 0.0376974 -0.0650663  0.0551373 -0.0750128
 0.0377036 -0.0651371  0.0552022 -0.0751346
0.0377104 -0.065208  0.0552672 -0.0752567
 0.037718 -0.065279 0.0553324 -0.075379
 0.0377263 -0.0653501  0.0553977 -0.0755016
 0.0377353 -0.0654213  0.0554631 -0.0756244
 0.0377451 -0.0654927  0.0555286 -0.0757473
 0.0377556 -0.0655642  0.0555942 -0.0758706
 0.0377668 -0.0656359   0.05566 -0.075994
 0.0377789 -0.0657077  0.0557259 -0.0761177
 0.0377917 -0.0657796  0.0557919 -0.0762416
 0.0378053 -0.0658517   0.055858 -0.0763658
 0.0378198 -0.0659239  0.0559243 -0.0764901
 0.0378351 -0.0659963  0.0559907 -0.0766147
 0.0378512 -0.0660689  0.0560572 -0.0767395
 0.0378682 -0.0661416  0.0561238 -0.0768646
 0.0378861 -0.0662146  0.0561905 -0.0769899
 0.0379049 -0.0662876  0.0562574 -0.0771154
 0.0379246 -0.0663609  0.0563244 -0.0772412
 0.0379453 -0.0664344  0.0563916 -0.0773671
0.0379668 -0.066508  0.0564588 -0.0774933
 0.0379893 -0.0665819  0.0565262 -0.0776198
0.0380128 -0.066656  0.0565937 -0.0777465
 0.0380625 -0.0668048  0.0566614 -0.0778734
  0.038088 -0.0668791  0.0567291 -0.0780005
0.0381135 -0.066953   0.056797 -0.0781279
 0.0381413 -0.0670279   0.056865 -0.0782556
  0.03817 -0.067103  0.0569332 -0.0783834
 0.0382004 -0.0671783  0.0570014 -0.0785115
 0.0382322 -0.0672539  0.0570698 -0.0786398
 0.0382651 -0.0673298  0.0571384 -0.0787684
 0.0382989 -0.0674059   0.057207 -0.0788972
 0.0383341 -0.0674824  0.0572758 -0.0790262
 0.0383704 -0.0675593  0.0573447 -0.0791555
 0.0384071 -0.0676362 0.0574138 -0.079285
 0.0384447 -0.0677134  0.0574829 -0.0794148
 0.0384832 -0.0677909  0.0575522 -0.0795448
 0.0385225 -0.0678687 0.0576217 -0.079675
 0.0385627 -0.0679467  0.0576912 -0.0798055
  0.038604 -0.0680251  0.0577609 -0.0799362
 0.0386462 -0.0681038  0.0578308 -0.0800672
 0.0386894 -0.0681828  0.0579007 -0.0801984
 0.0387337 -0.0682621  0.0579708 -0.0803299
  0.038779 -0.0683418   0.058041 -0.0804615
 0.0388253 -0.0684218  0.0581113 -0.0805935
 0.0388726 -0.0685021  0.0581818 -0.0807257
  0.038921 -0.0685828  0.0582524 -0.0808581
 0.0389704 -0.0686639  0.0583232 -0.0809907
 0.0390208 -0.0687453   0.058394 -0.0811236
 0.0390727 -0.0688274  0.0584651 -0.0812568
 0.0391254 -0.0689097  0.0585362 -0.0813902
 0.0391791 -0.0689924  0.0586075 -0.0815239
 0.0392338 -0.0690754  0.0586789 -0.0816578
 0.0392895 -0.0691588  0.0587504 -0.0817919
 0.0393463 -0.0692426  0.0588221 -0.0819263
 0.0394043 -0.0693268  0.0588939 -0.0820609
 0.0394633 -0.0694115  0.0589658 -0.0821958
 0.0395234 -0.0694965 0.0590379 -0.082331
0.0395846 -0.069582  0.0591101 -0.0824663
 0.0396469 -0.0696678 0.0591825 -0.082602
 0.0397103 -0.0697541   0.059255 -0.0827379
 0.0397749 -0.0698408 0.0593276 -0.082874
 0.0398405 -0.0699274  0.0594003 -0.0830104
0.0399073 -0.070013  0.0594732 -0.0831471
 0.0399753 -0.0700975  0.0595462 -0.0832839
 0.0400445 -0.0701813  0.0596194 -0.0834211
 0.0401153 -0.0702641  0.0596927 -0.0835585
 0.0401874 -0.0703464  0.0597661 -0.0836962
 0.0402597 -0.0704284  0.0598397 -0.0838341
 0.0403343 -0.0705101  0.0599134 -0.0839722
 0.0404099 -0.0705919  0.0599873 -0.0841107
 0.0404857 -0.0706737  0.0600613 -0.0842493
 0.0405636 -0.0707556  0.0601354 -0.0843883
 0.0406427 -0.0708379  0.0602096 -0.0845275
 0.0407218 -0.0709204   0.060284 -0.0846669
 0.0408031 -0.0710034  0.0603586 -0.0848066
 0.0408855 -0.0710869  0.0604333 -0.0849466
 0.0409692 -0.0711709  0.0605081 -0.0850868
 0.0410529 -0.0712555  0.0605831 -0.0852273
 0.0411377 -0.0713407  0.0606582 -0.0853681
 0.0412238 -0.0714267  0.0607334 -0.0855091
  0.041311 -0.0715137  0.0608088 -0.0856503
 0.0413994 -0.0716017  0.0608843 -0.0857918
 0.0414901 -0.0716912    0.06096 -0.0859336
  0.041582 -0.0717818  0.0610358 -0.0860757
 0.0416752 -0.0718733 0.0611117 -0.086218
 0.0417695 -0.0719657  0.0611878 -0.0863606
  0.041865 -0.0720591   0.061264 -0.0865034
 0.0419605 -0.0721529  0.0613404 -0.0866465
 0.0420583 -0.0722482  0.0614169 -0.0867899
 0.0421568 -0.0723442  0.0614936 -0.0869335
 0.0423574 -0.0725388  0.0615704 -0.0870774
 0.0424585 -0.0726371  0.0616474 -0.0872216
 0.0425599 -0.0727361 0.0617244 -0.087366
 0.0426633 -0.0728359  0.0618017 -0.0875107
 0.0427677 -0.0729365  0.0618791 -0.0876557
  0.042874 -0.0730379  0.0619566 -0.0878009
0.0429818  -0.07314  0.0620343 -0.0879464
0.0430908 -0.073243  0.0621121 -0.0880922
  0.043201 -0.0733467    0.06219 -0.0882383
 0.0433123 -0.0734511  0.0622681 -0.0883846
 0.0434246 -0.0735561  0.0623464 -0.0885312
  0.043538 -0.0736616 0.0624248 -0.088678
 0.0436523 -0.0737676  0.0625033 -0.0888251
 0.0437677 -0.0738743   0.062582 -0.0889725
 0.0438842 -0.0739817  0.0626609 -0.0891202
 0.0440017 -0.0740897  0.0627398 -0.0892682
 0.0441203 -0.0741985   0.062819 -0.0894164
   0.04424 -0.0743079  0.0628983 -0.0895649
0.0443608 -0.074418  0.0629777 -0.0897137
 0.0444827 -0.0745287  0.0630573 -0.0898627
 0.0446058 -0.0746402  0.063137 -0.090012
   0.04473 -0.0747525  0.0632169 -0.0901616
 0.0448554 -0.0748656  0.0632969 -0.0903115
  0.044982 -0.0749797  0.0633771 -0.0904616
 0.0451098 -0.0750946  0.0634574 -0.0906121
 0.0452387 -0.0752106  0.0635379 -0.0907628
 0.0453688 -0.0753274  0.0636185 -0.0909138
    0.0455 -0.0754452 0.0636993 -0.091065
 0.0456324 -0.0755639  0.0637802 -0.0912166
  0.045766 -0.0756835  0.0638613 -0.0913684
0.0459007 -0.075804  0.0639425 -0.0915205
 0.0460365 -0.0759253  0.0640239 -0.0916729
 0.0461734 -0.0760475  0.0641054 -0.0918256
 0.0463115 -0.0761705  0.0641871 -0.0919785
 0.0464506 -0.0762944  0.0642689 -0.0921318
 0.0465909 -0.0764191  0.0643509 -0.0922853
 0.0467322 -0.0765447  0.0644331 -0.0924391
0.0468746 -0.076671  0.0645154 -0.0925932
  0.047018 -0.0767983  0.0645978 -0.0927476
 0.0471625 -0.0769263  0.0646804 -0.0929022
 0.0473081 -0.0770552  0.0647632 -0.0930572
 0.0474547 -0.0771849  0.0648461 -0.0932124
 0.0476023 -0.0773154  0.0649292 -0.0933679
 0.0477508 -0.0774467  0.0650124 -0.0935237
 0.0479004 -0.0775788  0.0650958 -0.0936798
  0.048051 -0.0777118  0.0651793 -0.0938362
 0.0482025 -0.0778455   0.065263 -0.0939929
0.0483549  -0.07798  0.0653469 -0.0941499
 0.0485083 -0.0781153  0.0654309 -0.0943071
 0.0486626 -0.0782515   0.065515 -0.0944647
 0.0488178 -0.0783884  0.0655994 -0.0946225
  0.048974 -0.0785261  0.0656838 -0.0947807
 0.0491313 -0.0786648  0.0657685 -0.0949391
 0.0492892 -0.0788042  0.0658533 -0.0950978
 0.0494479 -0.0789443  0.0659382 -0.0952568
 0.0496073 -0.0790852  0.0660233 -0.0954161
0.0497674 -0.079227  0.0661086 -0.0955757
 0.0499282 -0.0793695   0.066194 -0.0957356
 0.0500895 -0.0795128  0.0662796 -0.0958958
0.0502515 -0.079657  0.0663654 -0.0960563
 0.0504141 -0.0798019  0.0664513 -0.0962171
 0.0505773 -0.0799476  0.0665373 -0.0963782
 0.0507409 -0.0800941  0.0666236 -0.0965396
  0.050905 -0.0802414  0.0667099 -0.0967012
 0.0510696 -0.0803894  0.0667965 -0.0968632
 0.0512345 -0.0805382  0.0668832 -0.0970255
 0.0513999 -0.0806877  0.0669701 -0.0971881
 0.0515659 -0.0808378 0.0670571 -0.097351
 0.0518956 -0.0811399  0.0671443 -0.0975142
 0.0518998 -0.0811396  0.0672317 -0.0976777
0.0520672 -0.081291  0.0673192 -0.0978415
 0.0522363 -0.0814434  0.0674069 -0.0980055
  0.052405 -0.0815958  0.0674948 -0.0981699
 0.0525745 -0.0817487  0.0675828 -0.0983346
 0.0527437 -0.0819017   0.067671 -0.0984997
 0.0529138 -0.0820558 0.0677593 -0.098665
 0.0530845 -0.0822106  0.0678478 -0.0988306
 0.0532558 -0.0823661  0.0679365 -0.0989965
 0.0534274 -0.0825222  0.0680253 -0.0991628
 0.0535993 -0.0826789  0.0681143 -0.0993293
 0.0537716 -0.0828362  0.0682035 -0.0994962
 0.0539442 -0.0829941  0.0682929 -0.0996633
 0.0541171 -0.0831525  0.0683824 -0.0998308
 0.0542902 -0.0833116   0.068472 -0.0999986
 0.0544636 -0.0834712 0.0685619 -0.100167
 0.0546372 -0.0836314 0.0686519 -0.100335
 0.0548111 -0.0837922 0.0687421 -0.100504
 0.0549855 -0.0839536 0.0688324 -0.100673
 0.0551605 -0.0841157 0.0689229 -0.100842
 0.0553361 -0.0842784 0.0690136 -0.101012
 0.0555121 -0.0844417 0.0691045 -0.101182
 0.0556887 -0.0846056 0.0691955 -0.101352
 0.0558661 -0.0847704 0.0692867 -0.101523
 0.0560436 -0.0849355  0.069378 -0.101694
 0.0562219 -0.0851013 0.0694696 -0.101865
 0.0563996 -0.0852671 0.0695613 -0.102036
 0.0565776 -0.0854334 0.0696532 -0.102208
  0.056756 -0.0856002 0.0697452  -0.10238
 0.0569347 -0.0857675 0.0698374 -0.102553
 0.0571138 -0.0859353 0.0699298 -0.102726
 0.0572933 -0.0861037 0.0700224 -0.102899
  0.057473 -0.0862725 0.0701151 -0.103072
 0.0576531 -0.0864418  0.070208 -0.103246
 0.0578335 -0.0866115 0.0703011  -0.10342
 0.0580143 -0.0867817 0.0703944 -0.103595
 0.0581952 -0.0869524 0.0704878 -0.103769
 0.0583764 -0.0871235 0.0705814 -0.103945
0.0585579 -0.087295 0.0706752  -0.10412
 0.0587396 -0.0874669 0.0707691 -0.104296
 0.0589214 -0.0876393 0.0708633 -0.104472
 0.0591035 -0.0878121 0.0709576 -0.104648
 0.0592857 -0.0879853  0.071052 -0.104825
 0.0594681 -0.0881588 0.0711467 -0.105002
 0.0596506 -0.0883328 0.0712415 -0.105179
 0.0598333 -0.0885071 0.0713366 -0.105357
  0.060016 -0.0886818 0.0714317 -0.105535
 0.0601989 -0.0888569 0.0715271 -0.105713
 0.0603818 -0.0890323 0.0716227 -0.105892
0.0605647 -0.089208 0.0717184 -0.106071
 0.0607478 -0.0893841 0.0718143  -0.10625
 0.0609308 -0.0895605 0.0719104  -0.10643
 0.0611139 -0.0897373 0.0720066  -0.10661
  0.061297 -0.0899143 0.0721031  -0.10679
   0.06148 -0.0900917 0.0721997 -0.106971
 0.0616631 -0.0902693 0.0722965 -0.107152
 0.0618461 -0.0904472 0.0723935 -0.107333
  0.062029 -0.0906255 0.0724906 -0.107515
0.0622118 -0.090804  0.072588 -0.107697
 0.0623946 -0.0909827 0.0726855 -0.107879
 0.0625773 -0.0911617 0.0727832 -0.108062
0.0627598 -0.091341 0.0728811 -0.108245
 0.0629423 -0.0915205 0.0729792 -0.108429
 0.0631245 -0.0917002 0.0730774 -0.108612
 0.0633067 -0.0918802 0.0731759 -0.108796
 0.0634887 -0.0920604 0.0732745 -0.108981
 0.0636704 -0.0922408 0.0733733 -0.109165
 0.0640334 -0.0926023 0.0734723 -0.109351
  0.064215 -0.0927834 0.0735714 -0.109536
 0.0643969 -0.0929648 0.0736708 -0.109722
 0.0645771 -0.0931458 0.0737703 -0.109908
 0.0647567 -0.0933271 0.0738701 -0.110094
 0.0649359 -0.0935079   0.07397 -0.110281
 0.0651146 -0.0936886 0.0740701 -0.110468
  0.065293 -0.0938694 0.0741704 -0.110656
  0.065471 -0.0940503 0.0742709 -0.110844
 0.0656486 -0.0942312 0.0743715 -0.111032
 0.0658259 -0.0944123 0.0744724  -0.11122
 0.0660029 -0.0945935 0.0745734 -0.111409
 0.0661795 -0.0947748 0.0746747 -0.111598
 0.0663556 -0.0949562 0.0747761 -0.111788
 0.0665314 -0.0951377 0.0748777 -0.111978
 0.0667068 -0.0953193 0.0749795 -0.112168
0.0668817 -0.095501 0.0750815 -0.112359
 0.0670562 -0.0956828 0.0751836  -0.11255
 0.0672303 -0.0958646  0.075286 -0.112741
 0.0674039 -0.0960466 0.0753886 -0.112933
 0.0675771 -0.0962286 0.0754913 -0.113125
 0.0677498 -0.0964107 0.0755943 -0.113318
 0.0679221 -0.0965929 0.0756974  -0.11351
  0.068094 -0.0967751 0.0758007 -0.113703
 0.0682653 -0.0969574 0.0759042 -0.113897
 0.0684362 -0.0971397  0.076008 -0.114091
 0.0686066 -0.0973222 0.0761119 -0.114285
 0.0687765 -0.0975046 0.076216 -0.11448
 0.0689459 -0.0976871 0.0763203 -0.114675
 0.0691148 -0.0978696 0.0764247  -0.11487
 0.0692831 -0.0980522 0.0765294 -0.115066
 0.0694509 -0.0982348 0.0766343 -0.115262
 0.0696182 -0.0984174 0.0767394 -0.115458
0.0697849   -0.0986 0.0768446 -0.115655
 0.0699511 -0.0987826 0.0769501 -0.115852
 0.0701167 -0.0989652 0.0770558 -0.116049
 0.0702817 -0.0991479 0.0771616 -0.116247
 0.0704461 -0.0993305 0.0772677 -0.116445
 0.0706099 -0.0995131  0.077374 -0.116644
 0.0707732 -0.0996958 0.0774804 -0.116843
 0.0709358 -0.0998784 0.0775871 -0.117042
0.0710978 -0.100061 0.0776939 -0.117242
0.0712592 -0.100244  0.077801 -0.117442
0.0714199 -0.100426 0.0779082 -0.117642
  0.07158 -0.100609 0.0780156 -0.117843
0.0717394 -0.100791 0.0781233 -0.118044
0.0718982 -0.100973 0.0782311 -0.118246
0.0720564 -0.101156 0.0783392 -0.118448
0.0722138 -0.101338 0.0784474  -0.11865
0.0723706  -0.10152 0.0785559 -0.118853
0.0725267 -0.101703 0.0786645 -0.119056
0.0726821 -0.101885 0.0787734 -0.119259
0.0728368 -0.102067 0.0788825 -0.119463
0.0729909 -0.102249 0.0789917 -0.119667
0.0731442 -0.102431 0.0791012 -0.119872
0.0732968 -0.102613 0.0792109 -0.120077
0.0734488 -0.102794 0.0793207 -0.120282
   0.0736 -0.102976 0.0794308 -0.120488
0.0737505 -0.103158 0.0795411 -0.120694
0.0739005 -0.103339 0.0796516   -0.1209
0.0740498 -0.103521 0.0797623 -0.121107
0.0741983 -0.103703 0.0798732 -0.121314
 0.074346 -0.103884 0.0799844 -0.121522
0.0744929 -0.104065 0.0800957  -0.12173
0.0746387 -0.104246 0.0802072 -0.121938
 0.074784 -0.104427  0.080319 -0.122147
0.0749286 -0.104608  0.080431 -0.122357
0.0750724 -0.104789 0.0805432 -0.122566
0.0753576 -0.105151 0.0806556 -0.122776
0.0755001 -0.105331 0.0807683 -0.122987
0.0756428 -0.105513 0.0808811 -0.123198
0.0757827 -0.105693 0.0809942 -0.123409
0.0759216 -0.105873 0.0811075 -0.123621
0.0760598 -0.106053  0.081221 -0.123833
0.0761967 -0.106232 0.0813348 -0.124045
0.0763329 -0.106411 0.0814487 -0.124258
0.0764683 -0.106589 0.0815629 -0.124471
 0.076603 -0.106768 0.0816773 -0.124685
0.0767368 -0.106946 0.0817919 -0.124899
0.0768699 -0.107124 0.0819067 -0.125114
0.0770025 -0.107302 0.0820216 -0.125328
0.0771343  -0.10748 0.0821368 -0.125544
0.0772653 -0.107658 0.0822521 -0.125759
0.0773956 -0.107835 0.0823676 -0.125975
0.0775489 -0.107957 0.0824832 -0.126191
0.0777016 -0.108082 0.0825989 -0.126407
 0.077853 -0.108208 0.0827147 -0.126623
 0.078004 -0.108335 0.0828306  -0.12684
0.0781545 -0.108462 0.0829466 -0.127056
0.0783047 -0.108589 0.0830626 -0.127273
0.0784543 -0.108715 0.0831787 -0.127489
0.0786031 -0.108842 0.0832948 -0.127706
0.0787507 -0.108969 0.0834109 -0.127923
0.0788969 -0.109095 0.0835269 -0.128139
0.0790416 -0.109222  0.083643 -0.128356
0.0791847 -0.109349  0.083759 -0.128572
0.0793261 -0.109476  0.083875 -0.128789
 0.079466 -0.109603 0.0839909 -0.129005
0.0796044  -0.10973 0.0841068 -0.129221
0.0797413 -0.109857 0.0842225 -0.129437
0.0798769 -0.109984 0.0843382 -0.129652
0.0800111 -0.110111 0.0844538 -0.129868
0.0801441 -0.110238 0.0845693 -0.130083
0.0802758 -0.110365 0.0846847 -0.130298
0.0804063 -0.110492    0.0848 -0.130513
0.0805356 -0.110619 0.0849152 -0.130727
0.0806637 -0.110746 0.0850303 -0.130941
0.0807906 -0.110873 0.0851453 -0.131155
0.0809164 -0.111001 0.0852601 -0.131369
 0.081041 -0.111128 0.0853749 -0.131582
0.0811644 -0.111255 0.0854896 -0.131796
0.0812867 -0.111382 0.0856041 -0.132009
0.0814078 -0.111509 0.0857186 -0.132221
0.0815279 -0.111637 0.0858329 -0.132434
0.0816468 -0.111764 0.0859471 -0.132646
0.0817647 -0.111891 0.0860612 -0.132858
0.0818814 -0.112019 0.0861752  -0.13307
0.0819971 -0.112146 0.0862891 -0.133281
0.0821118 -0.112274 0.0864029 -0.133493
0.0822255 -0.112401 0.0865166 -0.133704
0.0823381 -0.112529 0.0866302 -0.133915
0.0824497 -0.112656 0.0867437 -0.134125
0.0825604 -0.112784 0.0868571 -0.134335
  0.08267 -0.112912 0.0869704 -0.134546
0.0827788  -0.11304 0.0870836 -0.134755
0.0828866 -0.113168 0.0871966 -0.134965
0.0829935 -0.113295 0.0873096 -0.135174
0.0830995 -0.113423 0.0874225 -0.135383
0.0832047 -0.113552 0.0875352 -0.135592
0.083309 -0.11368 0.0876479 -0.135801
0.0834126 -0.113808 0.0877604 -0.136009
0.0835153 -0.113936 0.0878729 -0.136217
0.0836172 -0.114065 0.0879852 -0.136425
0.0837184 -0.114193 0.0880975 -0.136633
0.0838188 -0.114322 0.0882096  -0.13684
0.0839186  -0.11445 0.0883216 -0.137048
 0.084116 -0.114708 0.0884336 -0.137255
0.0842143 -0.114837 0.0885454 -0.137461
0.0843126 -0.114967 0.0886571 -0.137668
0.0844097 -0.115096 0.0887687 -0.137874
0.0845061 -0.115225 0.0888802  -0.13808
0.0846011 -0.115354 0.0889916 -0.138285
0.0846951 -0.115483 0.0891029 -0.138491
0.0847883 -0.115611  0.089214 -0.138696
0.0848808  -0.11574 0.0893251 -0.138901
0.0849726 -0.115868 0.0894361 -0.139106
 0.085064 -0.115996 0.0895469  -0.13931
 0.085155 -0.116124 0.0896577 -0.139514
0.0852456 -0.116252 0.0897683 -0.139718
0.0853359  -0.11638 0.0898789 -0.139922
0.0854259 -0.116508 0.0899893 -0.140126
0.0855155 -0.116636 0.0900996 -0.140329
 0.085605 -0.116764 0.0902098 -0.140532
0.0856941 -0.116892 0.0903199 -0.140735
0.085783 -0.11702 0.0904299 -0.140937
0.0858717 -0.117148 0.0905398 -0.141139
0.0859602 -0.117277 0.0906495 -0.141341
0.0860484 -0.117406 0.0907592 -0.141543
0.0861365 -0.117535 0.0908687 -0.141744
0.0862244 -0.117664 0.0909782 -0.141945
0.0863122 -0.117793 0.0910875 -0.142146
0.0863998 -0.117923 0.0911967 -0.142347
0.0864873 -0.118052 0.0913058 -0.142547
0.0865747 -0.118182 0.0914148 -0.142748
0.0866621 -0.118312 0.0915237 -0.142948
0.0867494 -0.118442 0.0916325 -0.143147
0.0868366 -0.118572 0.0917412 -0.143347
0.0869238 -0.118703 0.0918497 -0.143546
 0.087011 -0.118833 0.0919581 -0.143745
0.0870981 -0.118964 0.0920665 -0.143943
0.0871853 -0.119095 0.0921747 -0.144141
0.0872725 -0.119227 0.0922828  -0.14434
0.0873597 -0.119358 0.0923908 -0.144537
0.087447 -0.11949 0.0924987 -0.144735
0.0875343 -0.119622 0.0926064 -0.144932
0.0876216 -0.119754 0.0927141 -0.145129
 0.087709 -0.119886 0.0928216 -0.145326
0.0877966 -0.120019  0.092929 -0.145523
0.0878842 -0.120152 0.0930363 -0.145719
0.0879719 -0.120285 0.0931435 -0.145915
0.0880597 -0.120419 0.0932506 -0.146111
0.0881476 -0.120553 0.0933576 -0.146306
0.0882357 -0.120687 0.0934644 -0.146501
0.0883239 -0.120821 0.0935712 -0.146696
0.0884122 -0.120955 0.0936778 -0.146891
0.0885006  -0.12109 0.0937843 -0.147085
0.0885892 -0.121225 0.0938907 -0.147279
 0.088678 -0.121361 0.0939969 -0.147473
0.0887669 -0.121497 0.0941031 -0.147667
0.0888559 -0.121633 0.0942091  -0.14786
0.0889452 -0.121769 0.0943151 -0.148053
0.0890346 -0.121906 0.0944209 -0.148246
0.0891241 -0.122043 0.0945266 -0.148438
0.0892139  -0.12218 0.0946321 -0.148631
0.0893038 -0.122318 0.0947376 -0.148823
 0.089394 -0.122456 0.0948429 -0.149014
0.0894843 -0.122594 0.0949482 -0.149206
0.0895747 -0.122733 0.0950533 -0.149397
0.0896654 -0.122872 0.0951582 -0.149588
0.0897563 -0.123011 0.0952631 -0.149778
0.0898474 -0.123151 0.0953679 -0.149969
0.0899386 -0.123291 0.0954725 -0.150159
0.0900301 -0.123431  0.095577 -0.150349
0.0901217 -0.123572 0.0956814 -0.150538
0.0903055 -0.123854 0.0957857 -0.150727
0.0903977 -0.123995 0.0958898 -0.150916
  0.09049 -0.124137 0.0959938 -0.151105
0.0905829 -0.124279 0.0960977 -0.151293
0.0906758 -0.124422 0.0962015 -0.151481
0.0907683 -0.124565 0.0963052 -0.151669
0.0908605 -0.124707 0.0964088 -0.151857
0.0909527  -0.12485 0.0965122 -0.152044
0.0910448 -0.124993 0.0966155 -0.152231
0.0911371 -0.125136 0.0967187 -0.152418
0.0912294 -0.125279 0.0968217 -0.152604
0.0913219 -0.125422 0.0969247  -0.15279
0.0914145 -0.125565 0.0970275 -0.152976
0.0915074 -0.125708 0.0971302 -0.153162
0.0916004 -0.125852 0.0972328 -0.153347
0.0916936 -0.125995 0.0973352 -0.153532
0.0917869 -0.126139 0.0974376 -0.153717
0.0918804 -0.126283 0.0975398 -0.153901
 0.091974 -0.126428 0.0976418 -0.154086
0.0920677 -0.126573 0.0977438  -0.15427
0.0921616 -0.126718 0.0978456 -0.154453
0.0922557 -0.126863 0.0979474 -0.154636
0.0923499 -0.127009 0.0980489 -0.154819
0.0924442 -0.127155 0.0981504 -0.155002
0.0925387 -0.127301 0.0982517 -0.155185
0.0926334 -0.127448  0.098353 -0.155367
0.0927282 -0.127595  0.098454 -0.155549
0.0928232 -0.127742 0.098555 -0.15573
0.0929183  -0.12789 0.0986558 -0.155911
0.0930136 -0.128038 0.0987565 -0.156092
 0.093109 -0.128186 0.0988571 -0.156273
0.0932046 -0.128335 0.0989576 -0.156454
0.0933002 -0.128484 0.0990579 -0.156634
 0.093396 -0.128633 0.0991581 -0.156814
0.0934919 -0.128783 0.0992582 -0.156993
 0.093588 -0.128933 0.0993581 -0.157172
0.0936841 -0.129083  0.099458 -0.157351
0.0937803 -0.129234 0.0995577  -0.15753
0.0938767 -0.129385 0.0996572 -0.157708
0.0939731 -0.129537 0.0997567 -0.157886
0.0940697 -0.129688  0.099856 -0.158064
0.0941663  -0.12984 0.0999552 -0.158241
 0.094263 -0.129993  0.100054 -0.158419
0.0943598 -0.130146  0.100153 -0.158595
0.0944566 -0.130299  0.100252 -0.158772
0.0945535 -0.130452  0.100351 -0.158948
0.0946505 -0.130606  0.100449 -0.159124
0.0947476  -0.13076 0.100548  -0.1593
0.0948447 -0.130914  0.100646 -0.159475
0.0949418 -0.131069 0.100744 -0.15965
 0.095039 -0.131224  0.100842 -0.159825
0.0951362  -0.13138 0.10094   -0.16
0.0952334 -0.131535  0.101038 -0.160174
0.0953307 -0.131691  0.101135 -0.160348
 0.095428 -0.131848  0.101233 -0.160521
0.0955253 -0.132004   0.10133 -0.160694
0.0956226 -0.132161  0.101427 -0.160867
0.0957199 -0.132318 0.101524 -0.16104
0.0958172 -0.132476  0.101621 -0.161212
0.0959145 -0.132634  0.101718 -0.161384
0.0960119 -0.132792  0.101815 -0.161556
0.0961092  -0.13295  0.101911 -0.161727
0.0962066 -0.133109  0.102008 -0.161898
0.0963039 -0.133268  0.102104 -0.162069
0.0964013 -0.133428   0.1022 -0.16224
0.0964987 -0.133587 0.102296 -0.16241
 0.096596 -0.133747 0.102392 -0.16258
0.0966934 -0.133908  0.102488 -0.162749
0.0967907 -0.134068  0.102584 -0.162918
0.0968881 -0.134229  0.102679 -0.163087
0.0969856 -0.134391  0.102774 -0.163256
0.0970829 -0.134552   0.10287 -0.163424
0.0971801 -0.134714  0.102965 -0.163592
0.0972773 -0.134877  0.10306 -0.16376
0.0973744 -0.135039  0.103154 -0.163927
0.0974715 -0.135202  0.103249 -0.164094
0.0975682 -0.135365  0.103344 -0.164261
0.0976648 -0.135529  0.103438 -0.164427
0.0977611 -0.135692  0.103532 -0.164593
0.0978573 -0.135856  0.103626 -0.164759
0.0979533 -0.136019   0.10372 -0.164924
0.0980491 -0.136183  0.103814 -0.165089
0.0981448 -0.136347  0.103908 -0.165254
0.0982404 -0.136512  0.104001 -0.165419
0.0983359 -0.136676  0.104095 -0.165583
0.0984312  -0.13684  0.104188 -0.165746
0.0985264 -0.137005 0.104281 -0.16591
0.0986214  -0.13717  0.104374 -0.166073
0.0987162 -0.137335  0.104467 -0.166236
0.0988109   -0.1375   0.10456 -0.166398
0.0989053 -0.137665  0.104652 -0.166561
0.0989995  -0.13783  0.104745 -0.166722
0.0990935 -0.137996  0.104837 -0.166884
0.0991874 -0.138162  0.104929 -0.167045
 0.099281 -0.138327  0.105021 -0.167206
0.0993744 -0.138493  0.105113 -0.167367
0.0994676 -0.138659  0.105205 -0.167527
0.0995607 -0.138825  0.105296 -0.167687
0.0996535 -0.138992  0.105388 -0.167846
0.0997462 -0.139158  0.105479 -0.168006
0.0998387 -0.139324   0.10557 -0.168164
0.0999309 -0.139491  0.105661 -0.168323
 0.100023 -0.139657  0.105752 -0.168481
 0.100115 -0.139824  0.105843 -0.168639
 0.100207 -0.139991  0.105934 -0.168797
 0.100298 -0.140157  0.106024 -0.168954
 0.100389 -0.140324  0.106114 -0.169111
  0.10048 -0.140491  0.106204 -0.169267
 0.100571 -0.140658  0.106294 -0.169424
 0.100662 -0.140825 0.106384 -0.16958
 0.100752 -0.140992  0.106474 -0.169735
 0.100843 -0.141159 0.106564 -0.16989
 0.100933 -0.141326  0.106653 -0.170045
 0.101023 -0.141493 0.106742  -0.1702
 0.101113 -0.141661  0.106831 -0.170354
0.101185 -0.14182   0.10692 -0.170508
0.101258 -0.14198  0.107009 -0.170661
 0.101332 -0.142139  0.107098 -0.170815
 0.101403 -0.142298  0.107186 -0.170967
 0.101473 -0.142456 0.107275 -0.17112
  0.10154 -0.142614  0.107363 -0.171272
 0.101606 -0.142772  0.107451 -0.171424
 0.10167 -0.14293  0.107539 -0.171575
 0.101732 -0.143087  0.107627 -0.171726
 0.101793 -0.143244  0.107714 -0.171877
0.101851  -0.1434  0.107802 -0.172028
 0.101908 -0.143556  0.107889 -0.172178
0.101964 -0.14371  0.107976 -0.172327
 0.102018 -0.143864  0.108063 -0.172477
  0.10207 -0.144017   0.10815 -0.172626
 0.102122 -0.144169  0.108237 -0.172774
 0.102173 -0.144321  0.108324 -0.172923
 0.102223 -0.144472   0.10841 -0.173071
 0.102273 -0.144623  0.108496 -0.173218
 0.102322 -0.144774  0.108583 -0.173366
  0.10237 -0.144924  0.108668 -0.173512
 0.102465 -0.145223  0.108754 -0.173659
 0.102512 -0.145373   0.10884 -0.173805
  0.10256 -0.145522  0.108925 -0.173951
 0.102606 -0.145671  0.109011 -0.174097
 0.102652 -0.145818  0.109096 -0.174242
 0.102698 -0.145966  0.109181 -0.174387
 0.102742 -0.146113  0.109266 -0.174531
 0.102786 -0.146259  0.109351 -0.174675
 0.102829 -0.146405  0.109435 -0.174819
0.102873 -0.14655   0.10952 -0.174962
 0.102916 -0.146695  0.109604 -0.175105
 0.102959 -0.146839  0.109688 -0.175248
 0.103002 -0.146983 0.109772 -0.17539
 0.103045 -0.147126  0.109856 -0.175532
 0.103088 -0.147269   0.10994 -0.175673
 0.103131 -0.147412  0.110023 -0.175815
 0.103174 -0.147554  0.110106 -0.175955
 0.103217 -0.147696   0.11019 -0.176096
 0.103261 -0.147838  0.110273 -0.176236
0.103304 -0.14798  0.110355 -0.176376
 0.103348 -0.148121  0.110438 -0.176515
 0.103392 -0.148262  0.110521 -0.176654
 0.103437 -0.148403  0.110603 -0.176793
 0.103482 -0.148544  0.110685 -0.176931
 0.103527 -0.148685  0.110767 -0.177069
 0.103572 -0.148825  0.110849 -0.177206
 0.103618 -0.148965  0.110931 -0.177343
 0.103665 -0.149104 0.111013 -0.17748
 0.103711 -0.149244  0.111094 -0.177616
 0.103759 -0.149383  0.111175 -0.177752
 0.103807 -0.149521  0.111256 -0.177888
 0.103855 -0.149659  0.111337 -0.178023
 0.103904 -0.149797  0.111418 -0.178158
 0.103953 -0.149935  0.111499 -0.178293
 0.104003 -0.150072  0.111579 -0.178427
 0.104053 -0.150209  0.111659 -0.178561
 0.104104 -0.150346  0.111739 -0.178694
 0.104155 -0.150483  0.111819 -0.178827
 0.104207 -0.150619 0.111899 -0.17896
 0.104259 -0.150755  0.111979 -0.179092
 0.104312 -0.150891  0.112058 -0.179224
 0.104365 -0.151027  0.112138 -0.179355
 0.104419 -0.151162  0.112217 -0.179486
 0.104473 -0.151297  0.112296 -0.179617
 0.104528 -0.151432  0.112374 -0.179747
 0.104583 -0.151567  0.112453 -0.179877
 0.104638 -0.151701  0.112532 -0.180007
 0.104694 -0.151836   0.11261 -0.180136
0.104751 -0.15197  0.112688 -0.180265
 0.104808 -0.152104  0.112766 -0.180393
 0.104865 -0.152238  0.112844 -0.180521
 0.104923 -0.152372  0.112921 -0.180649
 0.104981 -0.152506  0.112999 -0.180776
  0.10504 -0.152639  0.113076 -0.180903
 0.105099 -0.152773  0.113153 -0.181029
 0.105158 -0.152906   0.11323 -0.181155
 0.105218 -0.153039  0.113307 -0.181281
 0.105278 -0.153172  0.113384 -0.181406
 0.105339 -0.153304   0.11346 -0.181531
 0.105399 -0.153437  0.113536 -0.181656
 0.105461 -0.153569 0.113612 -0.18178
 0.105522 -0.153701  0.113688 -0.181904
 0.105584 -0.153834  0.113764 -0.182027
 0.105646 -0.153965  0.11384 -0.18215
 0.105709 -0.154097  0.113915 -0.182272
 0.105772 -0.154229   0.11399 -0.182394
0.105835 -0.15436  0.114066 -0.182516
 0.105899 -0.154491   0.11414 -0.182637
 0.106026 -0.154753  0.114215 -0.182758
  0.10609 -0.154884   0.11429 -0.182879
 0.106155 -0.155015  0.114364 -0.182999
 0.106219 -0.155146  0.114438 -0.183119
 0.106284 -0.155277  0.114512 -0.183238
 0.106348 -0.155406  0.114586 -0.183357
 0.106411 -0.155535   0.11466 -0.183475
 0.106475 -0.155664  0.114733 -0.183594
 0.106538 -0.155792  0.114807 -0.183711
0.106602 -0.15592   0.11488 -0.183828
 0.106666 -0.156047  0.114953 -0.183945
  0.10673 -0.156173  0.115026 -0.184062
0.106794  -0.1563  0.115098 -0.184178
 0.106858 -0.156425  0.115171 -0.184293
 0.106922 -0.156551  0.115243 -0.184409
 0.106987 -0.156676  0.115315 -0.184524
 0.107052 -0.156801  0.115387 -0.184638
 0.107116 -0.156926  0.115459 -0.184752
 0.107181 -0.157051   0.11553 -0.184865
 0.107246 -0.157176  0.115602 -0.184979
0.107312  -0.1573  0.115673 -0.185091
 0.107377 -0.157425  0.115744 -0.185204
 0.107442 -0.157549  0.115815 -0.185316
 0.107508 -0.157673  0.115885 -0.185427
 0.107574 -0.157797  0.115956 -0.185538
0.107639 -0.15792  0.116026 -0.185649
 0.107705 -0.158044  0.116096 -0.185759
 0.107771 -0.158168  0.116166 -0.185869
 0.107837 -0.158292  0.116236 -0.185978
 0.107903 -0.158415  0.116305 -0.186087
 0.107969 -0.158539  0.116375 -0.186196
 0.108036 -0.158662  0.116444 -0.186304
 0.108102 -0.158785  0.116513 -0.186412
 0.108168 -0.158908  0.116582 -0.186519
 0.108235 -0.159032   0.11665 -0.186626
 0.108301 -0.159155  0.116719 -0.186732
 0.108368 -0.159278  0.116787 -0.186838
 0.108434 -0.159401  0.116855 -0.186944
   0.1085 -0.159523  0.116923 -0.187049
 0.108567 -0.159646  0.116991 -0.187153
 0.108633 -0.159769  0.117058 -0.187258
 0.108681 -0.159908  0.117126 -0.187362
  0.10873 -0.160047  0.117193 -0.187465
 0.108778 -0.160186   0.11726 -0.187568
 0.108827 -0.160324 0.117327 -0.18767
 0.108876 -0.160462  0.117393 -0.187773
 0.108927 -0.160599   0.11746 -0.187874
 0.108979 -0.160735  0.117526 -0.187975
 0.109032 -0.160871  0.117592 -0.188076
 0.109087 -0.161006  0.117658 -0.188177
0.109142 -0.16114  0.117723 -0.188276
 0.109198 -0.161273  0.117789 -0.188376
 0.109254 -0.161406  0.117854 -0.188475
 0.109311 -0.161537  0.117919 -0.188574
 0.109368 -0.161666  0.117984 -0.188672
 0.109425 -0.161794  0.118049 -0.188769
 0.109482 -0.161922  0.118113 -0.188867
0.109539 -0.16205  0.118177 -0.188963
 0.109597 -0.162178 0.118241 -0.18906
 0.109654 -0.162307  0.118305 -0.189156
 0.109711 -0.162436  0.118369 -0.189251
 0.109769 -0.162565  0.118433 -0.189346
 0.109826 -0.162695  0.118496 -0.189441
 0.109884 -0.162825  0.118559 -0.189535
 0.109941 -0.162955  0.118622 -0.189629
 0.109999 -0.163086  0.118685 -0.189722
 0.110056 -0.163216  0.118747 -0.189815
 0.110114 -0.163346   0.11881 -0.189907
  0.11046 -0.164131  0.118872 -0.189999
 0.110518 -0.164263 0.118934 -0.19009
 0.110576 -0.164396  0.118996 -0.190181
 0.110636 -0.164529  0.119057 -0.190272
 0.110695 -0.164661  0.119118 -0.190362
 0.110746 -0.164789   0.11918 -0.190451
 0.110817 -0.164894 0.119241 -0.19054
0.110886   -0.165  0.119301 -0.190629
 0.110954 -0.165104  0.119362 -0.190717
 0.111022 -0.165208  0.119422 -0.190805
0.111089 -0.16531  0.119483 -0.190892
0.111154 -0.16541  0.119542 -0.190979
  0.11122 -0.165509  0.119602 -0.191065
 0.111284 -0.165608  0.119662 -0.191151
 0.111348 -0.165705  0.119721 -0.191237
 0.111411 -0.165801   0.11978 -0.191322
 0.111474 -0.165897  0.119839 -0.191406
 0.111536 -0.165992 0.119898 -0.19149
 0.111597 -0.166087  0.119957 -0.191574
 0.111659 -0.166182  0.120015 -0.191657
 0.111719 -0.166276  0.120073 -0.191739
  0.11178 -0.166371  0.120131 -0.191822
 0.111841 -0.166465  0.120189 -0.191903
 0.111901 -0.166559  0.120246 -0.191984
 0.111962 -0.166652  0.120304 -0.192065
 0.112023 -0.166745  0.120361 -0.192145
 0.112083 -0.166837  0.120418 -0.192225
0.112144 -0.16693  0.120475 -0.192304
 0.112205 -0.167023  0.120531 -0.192383
 0.112266 -0.167115  0.120587 -0.192462
 0.112327 -0.167208  0.120643 -0.192539
0.112388  -0.1673  0.120699 -0.192617
 0.112449 -0.167393  0.120755 -0.192694
  0.11251 -0.167486 0.120811 -0.19277
 0.112572 -0.167578  0.120866 -0.192846
 0.112634 -0.167671  0.120921 -0.192922
 0.112695 -0.167764  0.120976 -0.192997
 0.112757 -0.167857   0.12103 -0.193071
  0.11282 -0.167951  0.121085 -0.193145
 0.112882 -0.168044  0.121139 -0.193219
 0.112945 -0.168138  0.121193 -0.193292
 0.113007 -0.168231  0.121247 -0.193364
  0.11307 -0.168325  0.121301 -0.193437
 0.113134 -0.168419  0.121354 -0.193508
 0.113197 -0.168513  0.121407 -0.193579
  0.11326 -0.168607  0.12146 -0.19365
 0.113324 -0.168702 0.121513 -0.19372
 0.113388 -0.168796 0.121565 -0.19379
 0.113452 -0.168891  0.121618 -0.193859
 0.113516 -0.168985   0.12167 -0.193927
 0.11358 -0.16908  0.121722 -0.193996
 0.113644 -0.169175  0.121774 -0.194063
0.113709 -0.16927 0.121825 -0.19413
 0.113774 -0.169366  0.121876 -0.194197
 0.113838 -0.169461  0.121927 -0.194263
 0.113903 -0.169556  0.121978 -0.194329
 0.113968 -0.169652  0.122029 -0.194394
 0.114033 -0.169747  0.122079 -0.194459
 0.114099 -0.169843  0.122129 -0.194523
 0.114164 -0.169939  0.122179 -0.194587
  0.11423 -0.170034 0.122229 -0.19465
0.114295 -0.17013  0.122279 -0.194712
 0.114361 -0.170226  0.122328 -0.194775
 0.114427 -0.170322  0.122377 -0.194836
 0.114958 -0.171096  0.122426 -0.194897
 0.115025 -0.171194  0.122475 -0.194958
 0.115093 -0.171292  0.122523 -0.195018
 0.115161 -0.171394  0.122571 -0.195078
 0.115229 -0.171497  0.122619 -0.195137
 0.115289 -0.171592  0.122667 -0.195195
 0.115346 -0.171684  0.122715 -0.195254
 0.115401 -0.171776  0.122762 -0.195311
 0.115455 -0.171866  0.122809 -0.195368
 0.115508 -0.171953  0.122856 -0.195425
 0.115561 -0.172037  0.122903 -0.195481
 0.115613 -0.172119  0.122949 -0.195536
 0.115665 -0.172199  0.122995 -0.195591
 0.115716 -0.172277  0.123041 -0.195646
 0.115767 -0.172354 0.123087  -0.1957
0.115818 -0.17243  0.123133 -0.195753
 0.115868 -0.172505  0.123178 -0.195806
0.115919 -0.17258  0.123223 -0.195858
  0.11597 -0.172655 0.123268 -0.19591
 0.116021 -0.172729  0.123312 -0.195961
 0.116073 -0.172804  0.123357 -0.196012
 0.116124 -0.172878  0.123401 -0.196062
 0.116177 -0.172953  0.123445 -0.196112
 0.116229 -0.173027  0.123489 -0.196161
 0.116282 -0.173102 0.123532 -0.19621
 0.116335 -0.173176  0.123575 -0.196258
0.116388 -0.17325  0.123618 -0.196306
 0.116442 -0.173324  0.123661 -0.196353
 0.116496 -0.173398  0.123704 -0.196399
 0.116551 -0.173472  0.123746 -0.196445
 0.116605 -0.173546  0.123788 -0.196491
 0.11666 -0.17362   0.12383 -0.196536
 0.116716 -0.173693 0.123872 -0.19658
 0.116772 -0.173767  0.123913 -0.196624
 0.116828 -0.173841  0.123954 -0.196667
 0.116884 -0.173914 0.123995 -0.19671
 0.116941 -0.173988  0.124036 -0.196752
 0.116998 -0.174062  0.124076 -0.196794
 0.117055 -0.174136  0.124117 -0.196835
 0.117113 -0.174209  0.124157 -0.196876
 0.117171 -0.174283  0.124196 -0.196916
 0.117229 -0.174357  0.124236 -0.196955
 0.117288 -0.174431  0.124275 -0.196994
 0.117347 -0.174504  0.124314 -0.197033
 0.117406 -0.174578  0.124353 -0.197071
 0.117465 -0.174652  0.124392 -0.197108
 0.117525 -0.174725   0.12443 -0.197145
 0.117584 -0.174799  0.124468 -0.197181
 0.117645 -0.174872  0.124506 -0.197216
 0.117705 -0.174946  0.124544 -0.197251
 0.117765 -0.175019  0.124581 -0.197286
 0.117826 -0.175093 0.124618 -0.19732
 0.117887 -0.175166  0.124655 -0.197353
 0.117948 -0.175239  0.124692 -0.197386
  0.11801 -0.175312  0.124728 -0.197419
 0.118071 -0.175385 0.124764 -0.19745
 0.118133 -0.175458    0.1248 -0.197481
0.118195 -0.17553  0.124836 -0.197512
 0.118257 -0.175603  0.124871 -0.197542
 0.118319 -0.175675  0.124906 -0.197571
 0.118382 -0.175747 0.124941  -0.1976
 0.118444 -0.175819  0.124976 -0.197629
0.118507 -0.17589   0.12501 -0.197656
  0.11857 -0.175962  0.125045 -0.197684
 0.118633 -0.176033 0.125079 -0.19771
 0.118701 -0.176143  0.125112 -0.197736
 0.118769 -0.176251  0.125146 -0.197762
 0.118837 -0.176359  0.125179 -0.197787
 0.118904 -0.176466  0.125212 -0.197811
 0.118969 -0.176572  0.125245 -0.197835
 0.119033 -0.176678  0.125277 -0.197858
 0.119096 -0.176784  0.125309 -0.197881
 0.119157 -0.176888  0.125341 -0.197903
 0.119216 -0.176992  0.125373 -0.197924
 0.119274 -0.177096  0.125404 -0.197945
 0.119331 -0.177198  0.125436 -0.197965
 0.119387 -0.177299  0.125467 -0.197985
0.119442  -0.1774  0.125497 -0.198004
 0.119497 -0.177499  0.125528 -0.198022
  0.11955 -0.177597 0.125558 -0.19804
 0.119603 -0.177695  0.125588 -0.198058
 0.119655 -0.177791  0.125618 -0.198074
 0.119706 -0.177887 0.125647 -0.19809
 0.119757 -0.177982  0.125676 -0.198106
 0.119808 -0.178075  0.125705 -0.198121
 0.119858 -0.178168  0.125734 -0.198135
0.119908 -0.17826  0.125762 -0.198149
 0.119966 -0.178363   0.12579 -0.198162
 0.120024 -0.178465  0.125818 -0.198175
 0.120081 -0.178566  0.125846 -0.198187
 0.120138 -0.178666  0.125873 -0.198198
 0.120195 -0.178766    0.1259 -0.198209
 0.120251 -0.178864  0.125927 -0.198219
 0.120307 -0.178962  0.125954 -0.198229
 0.120363 -0.179059   0.12598 -0.198238
 0.120418 -0.179155  0.126006 -0.198246
0.120473 -0.17925  0.126032 -0.198254
 0.120527 -0.179344  0.126057 -0.198261
 0.120581 -0.179438  0.126083 -0.198268
0.120635 -0.17953  0.126108 -0.198274
 0.120688 -0.179621  0.126132 -0.198279
 0.120742 -0.179711  0.126157 -0.198284
0.120794  -0.1798  0.126181 -0.198288
 0.120847 -0.179888  0.126205 -0.198291
 0.120899 -0.179975  0.126229 -0.198294
 0.120952 -0.180061  0.126252 -0.198296
 0.121004 -0.180146  0.126275 -0.198298
0.121055 -0.18023  0.126298 -0.198299
 0.121107 -0.180313  0.126321 -0.198299
 0.121159 -0.180395  0.126343 -0.198299
  0.12121 -0.180476  0.126365 -0.198298
 0.121261 -0.180555  0.126387 -0.198297
 0.121312 -0.180634  0.126409 -0.198295
 0.121363 -0.180711   0.12643 -0.198292
 0.121414 -0.180787  0.126451 -0.198289
 0.121464 -0.180863  0.126472 -0.198285
 0.121515 -0.180937 0.126492 -0.19828
0.121565 -0.18101  0.126512 -0.198275
 0.121615 -0.181082  0.126532 -0.198269
 0.121665 -0.181153  0.126552 -0.198262
 0.121715 -0.181223  0.126571 -0.198255
 0.121765 -0.181291   0.12659 -0.198247
 0.121815 -0.181359  0.126609 -0.198239
 0.121865 -0.181425 0.126628 -0.19823
 0.121914 -0.181491 0.126646 -0.19822
 0.121964 -0.181555 0.126664 -0.19821
 0.122013 -0.181618  0.126681 -0.198199
0.122063 -0.18168  0.126699 -0.198187
 0.122112 -0.181741  0.126716 -0.198175
 0.122161 -0.181801  0.126733 -0.198162
 0.122505 -0.182209  0.126749 -0.198148
 0.122555 -0.182268  0.126765 -0.198133
 0.122604 -0.182327  0.126781 -0.198118
 0.122654 -0.182384  0.126797 -0.198103
 0.122705 -0.182439  0.126812 -0.198086
 0.122747 -0.182483  0.126827 -0.198069
 0.122787 -0.182522  0.126842 -0.198052
 0.122826 -0.182558  0.126857 -0.198033
 0.122864 -0.182593  0.126871 -0.198014
 0.122901 -0.182627  0.126885 -0.197995
 0.122939 -0.182659  0.126899 -0.197975
0.122977 -0.18269  0.126912 -0.197954
0.123014 -0.18272  0.126925 -0.197933
 0.123051 -0.182748  0.126938 -0.197911
 0.123088 -0.182775  0.126951 -0.197889
0.123125  -0.1828  0.126964 -0.197866
 0.123161 -0.182824  0.126977 -0.197843
0.0260394  0.034872 0.0269975 0.0221618
0.0260759 0.0348469 0.0270328 0.0221348
 0.026112 0.0348227 0.0270785 0.0220851
0.0261477 0.0347996  0.027131 0.0220206
0.0261829 0.0347775 0.0271873 0.0219477
0.0262184 0.0347548 0.0272451 0.0218716
0.0262377 0.0347347 0.0273026 0.0217963
 0.026264 0.0347229 0.0273584 0.0217248
0.0262927 0.0347149 0.0274114 0.0216595
0.0263213 0.0347034  0.027461 0.0216018
0.0263461  0.034682 0.0275068 0.0215525
0.0263702 0.0346637 0.0275486 0.0215123
0.0263907  0.034648 0.0275863  0.021481
 0.026408 0.0346342 0.0276201 0.0214584
0.0264222 0.0346222 0.0276502 0.0214441
0.0264331 0.0346197 0.0276768 0.0214375
 0.026442 0.0346239 0.0277004 0.0214379
0.0264494 0.0346326 0.0277211 0.0214444
0.0264559 0.0346442 0.0277395 0.0214563
0.0264623 0.0346564 0.0277558 0.0214729
0.0264688 0.0346697 0.0277703 0.0214934
0.0264762 0.0346811 0.0277834 0.0215171
0.0264843 0.0346924 0.0277954 0.0215434
0.0264927 0.0347043 0.0278065 0.0215718
0.0265022 0.0347153 0.0278169 0.0216018
0.0265126 0.0347251 0.0278268 0.0216329
0.0265238 0.0347338 0.0278365 0.0216648
0.0265355 0.0347416 0.0278459 0.0216973
0.0265478 0.0347485 0.0278553 0.0217299
0.0265606 0.0347539 0.0278647 0.0217627
0.0265738 0.0347586 0.0278741 0.0217954
0.0265875 0.0347626 0.0278837 0.0218278
0.0266015 0.0347659 0.0278935 0.0218601
 0.026616 0.0347686 0.0279035  0.021892
 0.026631 0.0347706 0.0279136 0.0219235
0.0266465 0.0347719  0.027924 0.0219547
0.0266625 0.0347724 0.0279345 0.0219856
0.0266792 0.0347722 0.0279453 0.0220162
0.0266966 0.0347713 0.0279562 0.0220464
0.0267146 0.0347695 0.0279673 0.0220764
0.0267334  0.034767 0.0279786 0.0221061
0.0267528 0.0347638   0.02799 0.0221357
0.0267729 0.0347599 0.0280015  0.022165
0.0267937 0.0347553 0.0280132 0.0221943
 0.026815 0.0347501 0.0280249 0.0222234
 0.026837 0.0347442 0.0280367 0.0222524
0.0268596 0.0347376 0.0280486 0.0222814
0.0268829 0.0347304 0.0280606 0.0223104
0.0269068 0.0347224 0.0280726 0.0223393
0.0269313 0.0347138 0.0280846 0.0223682
0.0269566 0.0347045 0.0280967 0.0223972
0.0269826 0.0346945 0.0281089 0.0224261
0.0270092 0.0346838  0.028121 0.0224551
0.0270365 0.0346725 0.0281332 0.0224842
0.0270645 0.0346606 0.0281454 0.0225133
0.0270931 0.0346482 0.0281577 0.0225424
0.0271225 0.0346351 0.0281699 0.0225716
0.0271526 0.0346215 0.0281822 0.0226009
0.0271834 0.0346074 0.0281945 0.0226302
0.0272149 0.0345928 0.0282069 0.0226596
0.0272471 0.0345777 0.0282192  0.022689
  0.02728 0.0345622 0.0282316 0.0227185
0.0273137 0.0345463 0.028244 0.022748
 0.027348 0.0345299 0.0282564 0.0227776
0.0273831 0.0345132 0.0282689 0.0228073
0.0274188 0.0344962 0.0282814  0.022837
0.0274591  0.034475 0.0282939 0.0228667
0.0274999 0.0344538 0.0283064 0.0228965
0.0275414 0.0344324  0.028319 0.0229264
0.0275835 0.0344111 0.0283315 0.0229562
0.0276262 0.0343897 0.0283442 0.0229862
0.0276695 0.0343684 0.0283568 0.0230161
0.0277135  0.034347 0.0283695 0.0230462
0.0277579 0.0343257 0.0283822 0.0230762
0.0278029 0.0343044 0.0283949 0.0231063
0.0278484 0.0342832 0.0284077 0.0231365
0.0278945 0.0342619 0.0284205 0.0231666
 0.027941 0.0342408 0.0284333 0.0231969
0.0279881 0.0342196 0.0284462 0.0232271
0.0280356 0.0341985 0.0284591 0.0232574
0.0280838 0.0341775  0.028472 0.0232878
0.0281325 0.0341565 0.0284849 0.0233182
0.0281818 0.0341357 0.0284979 0.0233486
0.0282316 0.0341149  0.028511 0.0233791
 0.028282 0.0340943  0.028524 0.0234096
 0.028333 0.0340739 0.0285371 0.0234402
0.0283909 0.0340549 0.0285502 0.0234708
 0.028449 0.0340359 0.0285633 0.0235014
0.0285071 0.0340171 0.0285765 0.0235321
0.0285653 0.0339983 0.0285897 0.0235629
0.0286237 0.0339797 0.0286029 0.0235936
0.0286821 0.0339611 0.0286162 0.0236245
0.0287406 0.0339427 0.0286295 0.0236553
0.0287992 0.0339245 0.0286428 0.0236862
0.0288579 0.0339063 0.0286562 0.0237172
0.0289167 0.0338884 0.0286696 0.0237482
0.0289755 0.0338705  0.028683 0.0237792
0.0290344 0.0338529 0.0286965 0.0238103
0.0290933 0.0338354   0.02871 0.0238414
0.0291523  0.033818 0.0287235 0.0238726
0.0292113 0.0338009  0.028737 0.0239038
0.0292703 0.0337839 0.0287506 0.0239351
0.0293294 0.0337671 0.0287642 0.0239664
0.0293884 0.0337505 0.0287779 0.0239977
0.0294474 0.0337341 0.0287916 0.0240291
0.0295064 0.0337178 0.0288053 0.0240606
0.0295653 0.0337018  0.028819 0.0240921
0.0296241  0.033686 0.0288328 0.0241236
0.0296828 0.0336706 0.0288466 0.0241552
0.0297416 0.0336555 0.0288605 0.0241868
0.0298004 0.0336406 0.0288743 0.0242185
0.0298591  0.033626 0.0288882 0.0242502
0.0299178 0.0336116 0.0289022 0.0242819
 0.030152 0.0335551 0.0289162 0.0243137
0.0302106 0.0335411 0.0289302 0.0243456
0.0302694 0.0335272 0.0289442 0.0243775
0.0303268 0.0335133 0.0289583 0.0244094
 0.030384 0.0334995 0.0289724 0.0244414
 0.030441 0.0334859 0.0289865 0.0244735
0.0304955 0.0334754 0.0290007 0.0245055
0.0305497 0.0334649 0.0290149 0.0245377
0.0306034 0.0334551 0.0290291 0.0245699
0.0306568 0.0334456 0.0290434 0.0246021
0.0307099 0.0334365 0.0290577 0.0246344
0.0307629 0.0334276  0.029072 0.0246667
0.0308157 0.0334188 0.0290863  0.024699
0.0308683 0.0334103 0.0291007 0.0247314
0.0309208  0.033402 0.0291152 0.0247639
0.0309732  0.033394 0.0291296 0.0247964
0.0310254 0.0333861 0.0291441  0.024829
0.0310777 0.0333783 0.0291587 0.0248616
0.0311298 0.0333708 0.0291732 0.0248942
 0.031182 0.0333635 0.0291878 0.0249269
0.0312341 0.0333565 0.0292025 0.0249597
0.0312862 0.0333496 0.0292171 0.0249925
0.0313382 0.0333429 0.0292318 0.0250253
0.0313902 0.0333364 0.0292465 0.0250582
0.0314421 0.0333302 0.0292613 0.0250912
0.0314939 0.0333241 0.0292761 0.0251241
0.0315456 0.0333183 0.0292909 0.0251572
0.0315971 0.0333127 0.0293058 0.0251903
0.0316484 0.0333073 0.0293207 0.0252234
0.0316996 0.0333021 0.0293356 0.0252566
0.0317506 0.0332972 0.0293506 0.0252898
0.0318015 0.0332925 0.0293656 0.0253231
0.0318522  0.033288 0.0293806 0.0253564
0.0319027 0.0332838 0.0293957 0.0253898
0.0319532 0.0332797 0.0294108 0.0254233
0.0320034 0.0332759 0.0294259 0.0254568
0.0320536 0.0332722 0.0294411 0.0254903
0.0321035 0.0332688 0.0294563 0.0255239
0.0321534 0.0332656 0.0294716 0.0255575
 0.032203 0.0332626 0.0294868 0.0255912
0.0322525 0.0332599 0.0295022 0.0256249
0.0323018 0.0332573 0.0295175 0.0256587
0.0323511  0.033255 0.0295329 0.0256925
0.0324001 0.0332529 0.0295483 0.0257264
0.0324491 0.0332509 0.0295637 0.0257604
0.0324978 0.0332493 0.0295792 0.0257944
0.0325462 0.0332478 0.0295947 0.0258284
0.0325944 0.0332466 0.0296103 0.0258625
0.0326423 0.0332457 0.0296259 0.0258966
0.0326898 0.0332449 0.0296415 0.0259308
 0.032737 0.0332444 0.0296572 0.0259651
0.0327839 0.0332442 0.0296728 0.0259994
0.0328304 0.0332442 0.0296886 0.0260337
0.0328767 0.0332444 0.0297043 0.0260681
0.0329227 0.0332448 0.0297201 0.0261026
0.0329685 0.0332455  0.029736 0.0261371
 0.033014 0.0332464 0.0297518 0.0261717
0.0330594 0.0332475 0.0297677 0.0262063
0.0331045 0.0332489 0.0297837 0.0262409
0.0331495 0.0332505 0.0297996 0.0262756
0.0331942 0.0332523 0.0298157 0.0263104
0.0332389 0.0332544 0.0298317 0.0263452
0.0332833 0.0332566 0.0298478 0.0263801
0.0333277 0.0332591 0.0298639  0.026415
0.0333719 0.0332619 0.02988 0.02645
 0.033416 0.0332648 0.0298962 0.0264851
0.0335919 0.0332784 0.0299125 0.0265202
 0.033636 0.0332819 0.0299287 0.0265553
0.0336801 0.0332855  0.029945 0.0265905
0.0337225 0.0332893 0.0299613 0.0266257
0.0337643  0.033293 0.0299777  0.026661
0.0338059 0.0332969 0.0299941 0.0266964
0.0338441 0.0333028 0.0300106 0.0267318
 0.033881 0.0333095  0.030027 0.0267673
0.0339173 0.0333167 0.0300436 0.0268028
0.0339536 0.0333243 0.0300601 0.0268384
0.0339898 0.0333322 0.0300767  0.026874
0.0340264 0.0333404 0.0300933 0.0269097
0.0340631 0.0333487   0.03011 0.0269454
   0.0341 0.0333571 0.0301267 0.0269812
0.0341371 0.0333658 0.0301434 0.0270171
0.0341743 0.0333746 0.0301602  0.027053
0.0342117 0.0333836 0.030177 0.027089
0.0342493 0.0333928 0.0301938  0.027125
0.0342871 0.0334022 0.0302107 0.0271611
0.0343252 0.0334119 0.0302276 0.0271972
0.0343634 0.0334218 0.0302446 0.0272334
0.0344019 0.0334319 0.0302616 0.0272696
0.0344406 0.0334422 0.0302786 0.0273059
0.0344795 0.0334528 0.0302956 0.0273423
0.0345185 0.0334636 0.0303127 0.0273787
0.0345577 0.0334746 0.0303299 0.0274152
 0.034597 0.0334858 0.0303471 0.0274517
0.0346364 0.0334973 0.0303643 0.0274883
0.0346759  0.033509 0.0303815 0.0275249
0.0347155  0.033521 0.0303988 0.0275616
0.0347554 0.0335332 0.0304161 0.0275984
0.0347954 0.0335456 0.0304335 0.0276352
0.0348356 0.0335583 0.0304509  0.027672
 0.034876 0.0335712 0.0304683  0.027709
0.0349165 0.0335844 0.0304858 0.0277459
0.0349573 0.0335978 0.0305033  0.027783
0.0349983 0.0336115 0.0305209 0.0278201
0.0350394 0.0336254 0.0305385 0.0278572
0.0350807 0.0336396 0.0305561 0.0278945
0.0351222  0.033654 0.0305738 0.0279317
0.0351639 0.0336687 0.0305915 0.0279691
0.0352058 0.0336836 0.0306092 0.0280065
0.0352479 0.0336987  0.030627 0.0280439
0.0352901 0.0337141 0.0306448 0.0280814
0.0353325 0.0337298 0.0306627  0.028119
0.0353752 0.0337457 0.0306806 0.0281566
 0.035418 0.0337618 0.0306985 0.0281943
0.0354611 0.0337782 0.0307165 0.0282321
0.0355044 0.0337947 0.0307345 0.0282699
0.0355478 0.0338115 0.0307526 0.0283077
0.0355913 0.0338284 0.0307707 0.0283457
0.0356349 0.0338456 0.0307888 0.0283836
0.0356788  0.033863  0.030807 0.0284217
0.0357227 0.0338805 0.0308252 0.0284598
0.0357668 0.0338983 0.0308434  0.028498
0.0358109 0.0339163 0.0308617 0.0285362
0.0358552 0.0339346   0.03088 0.0285745
0.0358996 0.0339531 0.0308984 0.0286128
0.0359442 0.0339718 0.0309168 0.0286512
0.0359888 0.0339907 0.0309352 0.0286897
0.0360336 0.0340099 0.0309537 0.0287282
0.0360784 0.0340293 0.0309723 0.0287668
0.0361234 0.0340489 0.0309908 0.0288055
0.0361685 0.0340688 0.0310094 0.0288442
0.0362137  0.034089 0.0310281  0.028883
0.0362593 0.0341094 0.0310467 0.0289218
0.0363049 0.0341302 0.0310655 0.0289607
0.0363507 0.0341513 0.0310842 0.0289997
0.0363966 0.0341728  0.031103 0.0290387
0.0364426 0.0341946 0.0311219 0.0290778
0.0364886 0.0342166 0.0311407  0.029117
0.0365348 0.0342387 0.0311597 0.0291562
 0.036581 0.0342614 0.0311786 0.0291955
0.0366274 0.0342843 0.0311976 0.0292348
0.0366738 0.0343075 0.0312167 0.0292742
0.0367203 0.0343309 0.0312358 0.0293137
0.0367669 0.0343547 0.0312549 0.0293532
0.0368135 0.0343787  0.031274 0.0293928
0.0368601  0.034403 0.0312932 0.0294324
0.0369068 0.0344275 0.0313125 0.0294722
0.0369535 0.0344522 0.0313318 0.0295119
0.0370002 0.0344773 0.0313511 0.0295518
 0.037047 0.0345025 0.0313705 0.0295917
0.0370937  0.034528 0.0313899 0.0296317
0.0371405 0.0345538 0.0314093 0.0296717
0.0371873 0.0345797 0.0314288 0.0297118
0.0372342  0.034606 0.0314484  0.029752
 0.037281 0.0346324 0.0314679 0.0297922
0.0373279 0.0346591 0.0314875 0.0298325
0.0373748  0.034686 0.0315072 0.0298729
0.0374217 0.0347132 0.0315269 0.0299133
0.0374686 0.0347405 0.0315466 0.0299538
0.0375155 0.0347681 0.0315664 0.0299944
0.0375623  0.034796 0.0315862  0.030035
0.0376091  0.034824 0.0316061 0.0300757
0.0376559 0.0348523  0.031626 0.0301165
0.0377025 0.0348808 0.0316459 0.0301573
0.0377492 0.0349096 0.0316659 0.0301982
0.0377957 0.0349385  0.031686 0.0302392
0.0378422 0.0349677  0.031706 0.0302802
0.0378886 0.0349971 0.0317262 0.0303213
0.0379349 0.0350267 0.0317463 0.0303624
0.0379812 0.0350565 0.0317665 0.0304037
0.0380273 0.0350866 0.0317868 0.0304449
0.0380733 0.0351168  0.031807 0.0304863
0.0381192 0.0351473 0.0318274 0.0305277
0.0381649 0.0351779 0.0318477 0.0305692
0.0382106 0.0352088 0.0318681 0.0306108
 0.038256 0.0352398 0.0318886 0.0306524
0.0383014 0.0352711 0.0319091 0.0306941
0.0383465 0.0353026 0.0319296 0.0307359
0.0383915 0.0353342 0.0319502 0.0307777
0.0384364  0.035366 0.0319708 0.0308196
0.0384811 0.0353981 0.0319915 0.0308616
0.0385256 0.0354303 0.0320122 0.0309036
0.0385699 0.0354627  0.032033 0.0309457
 0.038614 0.0354953 0.0320538 0.0309879
0.0386579  0.035528 0.0320746 0.0310302
0.0387016 0.0355609 0.0320955 0.0310725
0.0387451  0.035594 0.0321164 0.0311149
0.0387883 0.0356273 0.0321374 0.0311573
0.0388314 0.0356607 0.0321584 0.0311999
0.0388742 0.0356943 0.0321795 0.0312425
0.0389168 0.0357281 0.0322006 0.0312851
0.0389592  0.035762 0.0322217 0.0313279
0.0390012 0.0357961 0.0322429 0.0313707
0.0390431 0.0358303 0.0322642 0.0314135
0.0390847 0.0358647 0.0322854 0.0314565
 0.039126 0.0358992 0.0323068 0.0314995
0.0391671 0.0359338 0.0323281 0.0315426
0.0392079 0.0359686 0.0323495 0.0315857
0.0392484 0.0360035 0.032371 0.031629
0.0392886 0.0360386 0.0323925 0.0316723
0.0393285 0.0360738  0.032414 0.0317157
0.0393682 0.0361091 0.0324356 0.0317591
0.0394076 0.0361445 0.0324573 0.0318026
0.0394466   0.03618 0.0324789 0.0318462
0.0394854 0.0362157 0.0325007 0.0318899
0.0395238 0.0362515 0.0325224 0.0319336
0.0395619 0.0362873 0.0325442 0.0319774
0.0396001 0.0363233 0.0325661 0.0320213
0.0396375 0.0363593  0.032588 0.0320652
0.0396749 0.0363952   0.03261 0.0321093
 0.039712 0.0364312 0.0326319 0.0321534
0.0397485 0.0364674  0.032654 0.0321975
0.0397846 0.0365038 0.0326761 0.0322418
0.0398203 0.0365403 0.0326982 0.0322861
0.0398555  0.036577 0.0327204 0.0323305
0.0398904 0.0366137 0.0327426 0.0323749
0.0399249 0.0366504 0.0327649 0.0324195
0.0399591 0.0366872 0.0327872 0.0324641
0.0399929 0.0367241 0.0328095 0.0325088
0.0400262  0.036761 0.0328319 0.0325535
0.0400592  0.036798 0.0328544 0.0325984
0.0400919  0.036835 0.0328769 0.0326433
0.0401241 0.0368721 0.0328994 0.0326883
0.0401559 0.0369092  0.032922 0.0327333
0.0401874 0.0369463 0.0329447 0.0327785
0.0402184 0.0369835 0.0329673 0.0328237
 0.040249 0.0370207 0.0329901  0.032869
0.0402791 0.0370579 0.0330128 0.0329143
0.0403089 0.0370951 0.0330357 0.0329598
0.0403381 0.0371323 0.0330585 0.0330053
 0.040367 0.0371695 0.0330814 0.0330509
0.0403955 0.0372067 0.0331044 0.0330965
0.0404235 0.0372439 0.0331274 0.0331423
 0.040451 0.0372811 0.0331505 0.0331881
0.0404781 0.0373184 0.0331736  0.033234
0.0405043 0.0373558 0.0331967   0.03328
0.0405305  0.037393 0.0332199  0.033326
0.0405563 0.0374302 0.0332432 0.0333721
0.0405815 0.0374673 0.0332664 0.0334183
0.0406063 0.0375045 0.0332898 0.0334646
0.0406306 0.0375416 0.0333132  0.033511
0.0406544 0.0375787 0.0333366 0.0335574
0.0406776 0.0376158 0.0333601 0.0336039
0.0407003 0.0376529 0.0333836 0.0336505
0.0407225   0.03769 0.0334072 0.0336972
0.0407441 0.0377271 0.0334308  0.033744
0.0407651 0.0377642 0.0334545 0.0337908
0.0407856 0.0378013 0.0334782 0.0338377
0.0408055 0.0378383  0.033502 0.0338847
0.0408249 0.0378753 0.0335258 0.0339317
0.0408436 0.0379123 0.0335497 0.0339789
0.0408617 0.0379493 0.0335736 0.0340261
0.0408793 0.0379862 0.0335976 0.0340734
0.0408962 0.0380231 0.0336216 0.0341208
0.0409125   0.03806 0.0336456 0.0341683
0.0409282 0.0380968 0.0336697 0.0342158
0.0409433 0.0381336 0.0336939 0.0342634
0.0409578 0.0381704 0.0337181 0.0343111
0.0409716 0.0382071 0.0337424 0.0343589
0.0409847 0.0382438 0.0337667 0.0344068
0.0409972 0.0382804  0.033791 0.0344547
0.0410091  0.038317 0.0338154 0.0345028
0.0410203 0.0383535 0.0338399 0.0345509
0.0410308   0.03839 0.0338644 0.0345991
0.0410407 0.0384264 0.0338889 0.0346473
0.0410498 0.0384628 0.0339135 0.0346957
0.0410575 0.0384993 0.0339382 0.0347441
0.0410645 0.0385357 0.0339629 0.0347927
0.0410716 0.0385718 0.0339876 0.0348413
0.0410772 0.0386081 0.0340125 0.0348899
0.0410827  0.038644 0.0340373 0.0349387
0.0410871   0.03868 0.0340622 0.0349876
0.0410908  0.038716 0.0340872 0.0350365
 0.041096 0.0387876 0.0341122 0.0350855
0.0410982 0.0388235 0.0341372 0.0351346
0.0411004 0.0388594 0.0341623 0.0351838
 0.041102 0.0388946 0.0341875 0.0352331
0.0411039 0.0389296 0.0342127 0.0352824
0.0411054 0.0389643 0.0342379 0.0353318
0.0411039 0.0389996 0.0342632 0.0353814
0.0411005 0.0390349 0.0342886  0.035431
0.0410958 0.0390702  0.034314 0.0354806
  0.04109 0.0391055 0.0343395 0.0355304
0.0410834 0.0391408  0.034365 0.0355803
0.0410762 0.0391759 0.0343905 0.0356302
0.0410682 0.0392109 0.0344162 0.0356802
0.0410596 0.0392456 0.0344418 0.0357303
0.0410505   0.03928 0.0344675 0.0357805
0.0410407 0.0393141 0.0344933 0.0358308
0.0410303 0.0393477 0.0345191 0.0358812
0.0410192 0.0393811  0.034545 0.0359317
0.0410074 0.0394142 0.0345709 0.0359822
0.0409949 0.0394469 0.0345969 0.0360328
0.0409818 0.0394793 0.0346229 0.0360835
 0.040968 0.0395114  0.034649 0.0361343
0.0409536 0.0395432 0.0346751 0.0361852
0.0409385 0.0395748 0.0347013 0.0362362
0.0409227 0.0396061 0.0347275 0.0362873
0.0409062 0.0396371 0.0347538 0.0363384
 0.040889 0.0396679 0.0347802 0.0363897
0.0408711 0.0396984 0.0348066  0.036441
0.0408524 0.0397288  0.034833 0.0364925
0.0408331  0.039759 0.0348595  0.036544
 0.040813 0.0397889  0.034886 0.0365956
0.0407923 0.0398187 0.0349126 0.0366473
0.0407708 0.0398482 0.0349393 0.0366991
0.0407487 0.0398776 0.034966 0.036751
0.0407258 0.0399067 0.0349927  0.036803
0.0407023 0.0399357 0.0350195 0.0368551
0.0406781 0.0399645 0.0350464 0.0369072
0.0406532 0.0399931 0.0350733 0.0369595
0.0406277 0.0400215 0.0351002 0.0370118
0.0406015 0.0400498 0.0351272 0.0370643
0.0405746 0.0400779 0.0351543 0.0371168
0.0405471 0.0401059 0.0351814 0.0371695
 0.040519 0.0401337 0.0352086 0.0372222
0.0404902 0.0401613 0.0352358  0.037275
0.0404608 0.0401888  0.035263 0.0373279
0.0404308 0.0402161 0.0352904  0.037381
0.0404002 0.0402432 0.0353177 0.0374341
 0.040369 0.0402703 0.0353452 0.0374873
0.0403372 0.0402971 0.0353726 0.0375406
0.0403048 0.0403238 0.0354002  0.037594
0.0402719 0.0403504 0.0354278 0.0376474
0.0402384 0.0403768 0.0354554  0.037701
0.0402043 0.0404031 0.0354831 0.0377547
0.0401697 0.0404293 0.0355109 0.0378085
0.0401346 0.0404553 0.0355387 0.0378623
0.0400989 0.0404812 0.0355665 0.0379163
0.0400626 0.0405069 0.0355944 0.0379704
0.0400259 0.0405326 0.0356224 0.0380245
0.0399886 0.0405581 0.0356504 0.0380788
0.0399509 0.0405835 0.0356785 0.0381331
0.0399126 0.0406087 0.0357066 0.0381876
0.0398739 0.0406338 0.0357348 0.0382421
0.0398346 0.0406588  0.035763 0.0382968
0.0397949 0.0406837 0.0357913 0.0383515
0.0397548 0.0407085 0.0358196 0.0384064
0.0397141 0.0407331  0.035848 0.0384613
 0.039673 0.0407576 0.0358765 0.0385164
0.0396315  0.040782  0.035905 0.0385715
0.0395471 0.0408304 0.0359335 0.0386267
0.0395046 0.0408547 0.0359622 0.0386821
 0.039462 0.0408792 0.0359908 0.0387375
0.0394187  0.040903 0.0360196  0.038793
0.0393753 0.0409266 0.0360483 0.0388487
  0.03933 0.0409501 0.0360772 0.0389044
0.0392836 0.0409735 0.0361061 0.0389602
0.0392363 0.0409967  0.036135 0.0390161
0.0391884 0.0410199  0.036164 0.0390722
  0.03914 0.0410431 0.0361931 0.0391283
0.0390912 0.0410662 0.0362222 0.0391845
0.0390421 0.0410892 0.0362514 0.0392409
0.0389927 0.0411122 0.0362806 0.0392973
0.038943 0.041135 0.0363099 0.0393538
0.0388931 0.0411579 0.0363392 0.0394105
0.0388428 0.0411806 0.0363686 0.0394672
0.0387923 0.0412032 0.0363981 0.0395241
0.0387416 0.0412257 0.0364276  0.039581
0.0386906 0.0412481 0.0364571  0.039638
0.0386393 0.0412704 0.0364868 0.0396952
0.0385878 0.0412925 0.0365165 0.0397524
 0.038536 0.0413146 0.0365462 0.0398098
0.0384839 0.0413366  0.036576 0.0398672
0.0384316 0.0413585 0.0366058 0.0399248
0.0383791 0.0413803 0.0366358 0.0399825
0.0383262  0.041402 0.0366657 0.0400402
0.0382732 0.0414237 0.0366957 0.0400981
0.0382199 0.0414452 0.0367258 0.0401561
0.0381663 0.0414667  0.036756 0.0402141
0.0381125 0.0414882 0.0367862 0.0402723
0.0380585 0.0415095 0.0368164 0.0403306
0.0380043 0.0415308 0.0368467  0.040389
 0.03795 0.041552 0.0368771 0.0404475
0.0378954 0.0415732 0.0369075 0.0405061
0.0378407 0.0415943  0.036938 0.0405648
0.0377858 0.0416154 0.0369686 0.0406236
0.0377308 0.0416364 0.0369992 0.0406825
0.0376757 0.0416574 0.0370298 0.0407415
0.0376205 0.0416783 0.0370606 0.0408007
0.0375651 0.0416992 0.0370914 0.0408599
0.0375097   0.04172 0.0371222 0.0409192
0.0374542 0.0417409 0.0371531 0.0409787
0.0373986 0.0417617 0.0371841 0.0410382
 0.037343 0.0417824 0.0372151 0.0410979
0.0372873 0.0418032 0.0372462 0.0411577
0.0372316  0.041824 0.0372773 0.0412176
0.0371759 0.0418447 0.0373085 0.0412775
0.0371202 0.0418655 0.0373398 0.0413376
0.0370645 0.0418862 0.0373711 0.0413978
0.0370089  0.041907 0.0374024 0.0414581
0.0369533 0.0419277 0.0374339 0.0415186
0.0368977 0.0419485 0.0374654 0.0415791
0.0368422 0.0419693 0.0374969 0.0416397
0.0367868 0.0419901 0.0375286 0.0417005
0.0367314 0.0420109 0.0375602 0.0417613
0.0366762 0.0420318  0.037592 0.0418223
0.0366211 0.0420527 0.0376238 0.0418834
0.0365661 0.0420737 0.0376556 0.0419446
0.0365113 0.0420947 0.0376876 0.0420059
0.0364567 0.0421157 0.0377196 0.0420673
0.0364022 0.0421368 0.0377516 0.0421288
 0.036348 0.0421579 0.0377837 0.0421904
0.0362939 0.0421791 0.0378159 0.0422521
  0.03624 0.0422004 0.0378481  0.042314
0.0361864 0.0422218 0.0378804  0.042376
 0.036133 0.0422432 0.0379128  0.042438
0.0360799 0.0422646 0.0379452 0.0425002
0.0360271 0.0422862 0.0379776 0.0425625
0.0359229 0.0423295 0.0380102 0.0426249
0.0358712 0.0423515 0.0380428 0.0426874
0.0358195 0.0423737 0.0380754 0.0427501
0.0357698 0.0423959 0.0381082 0.0428128
0.0357205  0.042418  0.038141 0.0428757
  0.03567 0.0424402 0.0381738 0.0429387
0.0356193 0.0424625 0.0382067 0.0430018
0.0355686 0.0424848 0.0382397  0.043065
0.0355185 0.0425073 0.0382727 0.0431283
0.0354693 0.0425298 0.0383058 0.0431917
 0.035421 0.0425524  0.038339 0.0432553
0.0353737 0.0425752 0.0383722 0.0433189
0.0353273  0.042598 0.0384055 0.0433827
0.0352814 0.0426211 0.0384389 0.0434466
0.0352358 0.0426443 0.0384723 0.0435106
0.0351905 0.0426676 0.0385058 0.0435747
0.0351455 0.0426912 0.0385393  0.043639
0.0351009 0.0427149  0.038573 0.0437033
0.0350566 0.0427388 0.0386066 0.0437678
0.0350128 0.0427629 0.0386404 0.0438324
0.0349693 0.0427872 0.0386742 0.0438971
0.0349263 0.0428116 0.0387081 0.0439619
0.0348837 0.0428363  0.038742 0.0440268
0.0348416 0.0428612  0.038776 0.0440919
0.0347999 0.0428863 0.0388101 0.0441571
0.0347588 0.0429116 0.0388442 0.0442224
 0.034718 0.0429371 0.0388784 0.0442878
0.0346778 0.0429628 0.0389126 0.0443533
0.0346381 0.0429888 0.038947 0.044419
0.0345988  0.043015 0.0389814 0.0444847
0.0345601 0.0430414 0.0390158 0.0445506
0.0345218 0.0430681 0.0390503 0.0446166
0.0344841  0.043095 0.0390849 0.0446827
0.0344469 0.0431221 0.0391196  0.044749
0.0344102 0.0431495 0.0391543 0.0448153
0.0343741 0.0431772 0.0391891 0.0448818
0.0343385 0.0432051 0.0392239 0.0449484
0.0343036 0.0432332 0.0392588 0.0450152
0.0342692 0.0432616 0.0392938  0.045082
0.0342354 0.0432903 0.0393289  0.045149
0.0342021 0.0433192  0.039364 0.0452161
0.0341695 0.0433484 0.0393992 0.0452833
0.0341376 0.0433779 0.0394344 0.0453506
0.0341062 0.0434076 0.0394698 0.0454181
0.0340756 0.0434376 0.0395051 0.0454856
0.0340455 0.0434679 0.0395406 0.0455533
0.0340163 0.0434985 0.0395761 0.0456212
 0.033988 0.0435293 0.0396117 0.0456891
0.0339606 0.0435605 0.0396474 0.0457572
0.033934 0.043592 0.0396831 0.0458254
0.0339082 0.0436237 0.0397189 0.0458937
0.0338832 0.0436559 0.0397547 0.0459621
0.0338591 0.0436883 0.0397907 0.0460307
0.0338359 0.0437211 0.0398267 0.0460994
0.0338135 0.0437542 0.0398627 0.0461682
 0.033792 0.0437877 0.0398989 0.0462371
0.0337714 0.0438215 0.0399351 0.0463062
0.0337516 0.0438556 0.0399713 0.0463754
0.0337328 0.0438901 0.0400077 0.0464447
0.0337148 0.0439249 0.0400441 0.0465141
0.0336977 0.0439601 0.0400806 0.0465837
0.0336815 0.0439956 0.0401171 0.0466534
0.0336663 0.0440315 0.0401537 0.0467232
0.0336519 0.0440677 0.0401904 0.0467932
0.0336384 0.0441043 0.0402272 0.0468632
0.0336259 0.0441413  0.040264 0.0469334
0.0336142 0.0441786 0.0403009 0.0470038
0.0336035 0.0442163 0.0403379 0.0470742
0.0335937 0.0442543 0.0403749 0.0471448
0.0335848 0.0442927  0.040412 0.0472155
 0.033576 0.0443314 0.0404492 0.0472864
0.0335689 0.0443706 0.0404864 0.0473573
0.0335626   0.04441 0.0405238 0.0474284
0.0335571 0.0444498 0.0405612 0.0474997
0.0335524   0.04449 0.0405986  0.047571
0.0335484 0.0445306 0.0406362 0.0476425
0.0335452 0.0445715 0.0406738 0.0477141
0.0335428 0.0446128 0.0407114 0.0477859
0.0335412 0.0446544 0.0407492 0.0478578
0.0335404 0.0446965  0.040787 0.0479298
0.0335404 0.0447389 0.0408249 0.0480019
0.0335413 0.0447817 0.0408629 0.0480742
0.0335429 0.0448249 0.0409009 0.0481466
0.0335454 0.0448685  0.040939 0.0482191
0.0335487 0.0449125 0.0409772 0.0482918
0.0335528 0.0449569 0.0410154 0.0483646
0.0335576 0.0450017 0.0410538 0.0484375
0.0335633 0.0450469 0.0410922 0.0485106
0.0335697 0.0450925 0.0411306 0.0485838
 0.033577 0.0451385 0.0411692 0.0486571
0.0335851  0.045185 0.0412078 0.0487306
0.0335939 0.0452319 0.0412465 0.0488042
0.0336035 0.0452793 0.0412852 0.0488779
 0.033614 0.0453271 0.0413241 0.0489518
0.0336251 0.0453754  0.041363 0.0490258
 0.033637 0.0454243  0.041402 0.0490999
0.0336496 0.0454736  0.041441 0.0491742
 0.033663 0.0455235 0.0414802 0.0492486
0.0336772 0.0455739 0.0415194 0.0493231
0.0336921 0.0456248 0.0415586 0.0493978
0.0337079 0.0456763  0.041598 0.0494726
0.0337243 0.0457284 0.0416374 0.0495476
0.0337416  0.045781 0.0416769 0.0496226
0.0337596 0.0458339 0.0417165 0.0496979
0.0337784 0.0458876 0.0417562 0.0497732
 0.033798 0.0459418 0.0417959 0.0498487
0.0338182 0.0459965 0.0418357 0.0499244
0.0338392 0.0460518 0.0418756 0.0500001
0.0338609 0.0461076 0.0419155  0.050076
0.0338833 0.0461639 0.0419556 0.0501521
0.0339064 0.0462207 0.0419957 0.0502283
0.0339302  0.046278 0.0420359 0.0503046
0.0339547 0.0463358 0.0420761 0.0503811
0.0339798 0.0463941 0.0421165 0.0504577
0.0340056 0.0464529 0.0421569 0.0505344
 0.034032 0.0465122 0.0421974 0.0506113
0.0340591  0.046572 0.0422379 0.0506883
0.0340868 0.0466323 0.0422786 0.0507655
0.0341152 0.0466932 0.0423193 0.0508428
0.0341441 0.0467545 0.0423601 0.0509203
0.0341737 0.0468163 0.0424009 0.0509978
0.0342039 0.0468786 0.0424419 0.0510756
0.0342347 0.0469413 0.0424829 0.0511535
0.0342661 0.0470046  0.042524 0.0512315
 0.034298 0.0470683 0.0425652 0.0513096
0.0343305 0.0471325 0.0426065 0.0513879
0.0343636 0.0471972 0.0426478 0.0514664
0.0343972 0.0472623 0.0426892  0.051545
0.0344314 0.0473278 0.0427307 0.0516237
0.0344661 0.0473939 0.0427723 0.0517026
0.0345013 0.0474604  0.042814 0.0517816
 0.034537 0.0475273 0.0428557 0.0518607
0.0345732 0.0475947 0.0428975   0.05194
0.0346099 0.0476625 0.0429394 0.0520195
 0.034647 0.0477308 0.0429814 0.0520991
0.0346846 0.0477995 0.0430234 0.0521788
0.0347227 0.0478686 0.0430655 0.0522587
0.0347612 0.0479382 0.0431078 0.0523388
0.0347997  0.048008   0.04315 0.0524189
0.0348391 0.0480784 0.0431924 0.0524993
 0.034879 0.0481491 0.0432349 0.0525797
0.0349192 0.0482204 0.0432774 0.0526604
0.0349598  0.048292   0.04332 0.0527411
0.0350008  0.048364 0.0433627  0.052822
0.0350421 0.0484365 0.0434055 0.0529031
0.0350837 0.0485093 0.0434483 0.0529843
0.0351257 0.0485825 0.0434912 0.0530657
 0.035168 0.0486561 0.0435343 0.0531472
0.0352107 0.0487301 0.0435773 0.0532288
0.0352536 0.0488045 0.0436205 0.0533106
0.0352968 0.0488793 0.0436638 0.0533926
0.0353404 0.0489544 0.0437071 0.0534747
0.0353842 0.0490299 0.0437505  0.053557
0.0354282 0.0491058  0.043794 0.0536394
0.0354725  0.049182 0.0438376 0.0537219
 0.035517 0.0492586 0.0438813 0.0538046
0.0355618 0.0493355  0.043925 0.0538875
0.0356068 0.0494128 0.0439689 0.0539705
 0.035652 0.0494904 0.0440128 0.0540537
0.0356973 0.0495683 0.0440568  0.054137
0.0357429 0.0496466 0.0441009 0.0542205
0.0357886 0.0497253  0.044145 0.0543041
0.0358345 0.0498044 0.0441893 0.0543878
0.0358806 0.0498838 0.0442336 0.0544718
0.0359267 0.0499636  0.044278 0.0545559
 0.035973 0.0500437 0.0443225 0.0546401
0.0360194 0.0501242 0.0443671 0.0547245
0.0360659 0.0502049 0.0444118  0.054809
0.0361125 0.0502861 0.0444565 0.0548937
0.0361592 0.0503675 0.0445014 0.0549786
0.0362059 0.0504492 0.0445463 0.0550636
0.0362527 0.0505313 0.0445913 0.0551487
0.0362996 0.0506136 0.0446364 0.0552341
0.0363464 0.0506963 0.0446816 0.0553195
0.0363932 0.0507792 0.0447268 0.0554052
  0.03644 0.0508624 0.0447722  0.055491
0.0364867 0.0509459 0.0448176 0.0555769
0.0365334 0.0510296 0.0448631  0.055663
0.0365799 0.0511136 0.0449087 0.0557493
0.0366264 0.0511979 0.0449544 0.0558357
0.0366728 0.0512824 0.0450002 0.0559223
 0.036719 0.0513671 0.0450461  0.056009
0.0367652 0.0514521  0.045092 0.0560959
0.0368112 0.0515372 0.045138 0.056183
 0.036857 0.0516226 0.0451842 0.0562702
0.0369027 0.0517082 0.0452304 0.0563575
0.0369482  0.051794 0.0452767 0.0564451
0.0369936   0.05188 0.0453231 0.0565328
0.0370387 0.0519661 0.0453695 0.0566206
0.0370837 0.0520524 0.0454161 0.0567086
0.0371285 0.0521389 0.0454627 0.0567968
 0.037173 0.0522256 0.0455095 0.0568852
0.0372174 0.0523123 0.0455563 0.0569737
0.0372615 0.0523993 0.0456032 0.0570623
0.0373055 0.0524863 0.0456502 0.0571512
0.0373491 0.0525735 0.0456973 0.0572401
0.0373926 0.0526608 0.0457445 0.0573293
0.0374358 0.0527483 0.0457917 0.0574186
0.0374787 0.0528358 0.0458391 0.0575081
0.0375214 0.0529234 0.0458865 0.0575977
0.0375637 0.0530111 0.0459341 0.0576875
0.0376059 0.0530989 0.0459817 0.0577775
 0.037648 0.0531867 0.0460294 0.0578677
0.0376898 0.0532746 0.0460772  0.057958
0.0377312 0.0533626 0.0461251 0.0580484
0.0377723 0.0534507 0.0461731 0.0581391
0.0378133 0.0535387 0.0462212 0.0582299
0.0378536 0.0536269 0.0462693 0.0583208
0.0378939  0.053715 0.0463176  0.058412
0.0379338 0.0538032 0.0463659 0.0585033
0.0379733 0.0538914 0.0464144 0.0585947
0.0380125 0.0539796 0.0464629 0.0586864
0.0380514 0.0540679 0.0465115 0.0587782
  0.03809 0.0541561 0.0465602 0.0588702
0.0381283 0.0542443  0.046609 0.0589623
0.0381659 0.0543325 0.0466579 0.0590546
 0.038203 0.0544207 0.0467069 0.0591471
0.0382403 0.0545089  0.046756 0.0592397
 0.038277 0.0545971 0.0468052 0.0593326
0.0383134 0.0546852 0.0468544 0.0594255
0.0383494 0.0547733 0.0469038 0.0595187
0.0383848 0.0548613 0.0469532  0.059612
0.0384198 0.0549493 0.0470028 0.0597055
0.0384544 0.0550372 0.0470524 0.0597992
0.0384884  0.055125 0.0471021 0.0598931
 0.038522 0.0552127  0.047152 0.0599871
0.0385551 0.0553003 0.0472019 0.0600813
0.0385876 0.0553878 0.0472519 0.0601756
0.0386197 0.0554752  0.047302 0.0602702
0.0386513 0.0555625 0.0473522 0.0603649
0.0386823 0.0556497 0.0474025 0.0604598
0.0387129 0.0557368 0.0474529 0.0605548
0.0387429 0.0558238 0.0475034 0.0606501
0.0387724 0.0559107  0.047554 0.0607455
0.0388015 0.0559974 0.0476046 0.0608411
0.0388299  0.056084 0.0476554 0.0609368
0.0388579 0.0561705 0.0477063 0.0610328
0.0388853 0.0562569 0.0477572 0.0611289
0.0389122 0.0563431 0.0478083 0.0612252
0.0389385 0.0564292 0.0478594 0.0613217
0.0389643 0.0565151 0.0479107 0.0614183
0.0389889 0.0566008  0.047962 0.0615151
0.0390136 0.0566864 0.0480135 0.0616121
0.0390377 0.0567719  0.048065 0.0617093
0.0390613 0.0568572 0.0481166 0.0618067
0.0390843 0.0569424 0.0481684 0.0619042
0.0391067 0.0570275 0.0482202 0.0620019
0.0391286 0.0571123 0.0482721 0.0620998
 0.03915 0.057197 0.0483242 0.0621979
0.0391708 0.0572815 0.0483763 0.0622961
 0.039191 0.0573659 0.0484285 0.0623946
0.0392106   0.05745 0.0484808 0.0624932
0.0392297  0.057534 0.0485332  0.062592
0.0392481 0.0576178 0.0485858  0.062691
0.0392661 0.0577014 0.0486384 0.0627901
0.0392835 0.0577848 0.0486911 0.0628895
0.0392995 0.0578678 0.0487439  0.062989
 0.039316 0.0579508 0.0487968 0.0630887
 0.039332 0.0580335 0.0488498 0.0631886
0.0393477  0.058116 0.0489029 0.0632887
0.0393629 0.0581984 0.0489561 0.0633889
0.0393776 0.0582805 0.0490095 0.0634894
 0.039392 0.0583625 0.0490629   0.06359
 0.039406 0.0584444 0.0491164 0.0636908
0.0394197 0.0585261   0.04917 0.0637918
0.0394331 0.0586077 0.0492237  0.063893
0.0394461 0.0586891 0.0492775 0.0639944
0.0394586 0.0587704 0.0493314 0.0640959
0.0394708 0.0588514 0.0493855 0.0641977
0.0394825 0.0589322 0.0494396 0.0642996
0.0394938 0.0590129 0.0494938 0.0644017
0.0395046 0.0590933 0.0495481  0.064504
0.0395249 0.0592535 0.0496025 0.0646065
0.0395347 0.0593334 0.0496571 0.0647092
0.0395446 0.0594132 0.0497117 0.0648121
 0.039553 0.0594923 0.0497664 0.0649152
0.0395616  0.059571 0.0498213 0.0650184
0.0395699 0.0596494 0.0498762 0.0651219
0.0395779 0.0597277 0.0499312 0.0652255
0.0395853 0.0598056 0.0499864 0.0653293
 0.039592 0.0598832 0.0500416 0.0654333
 0.039598 0.0599605  0.050097 0.0655375
0.0396031 0.0600374 0.0501524 0.0656419
0.0396074 0.0601141  0.050208 0.0657465
0.0396109 0.0601904 0.0502637 0.0658513
0.0396136 0.0602664 0.0503194 0.0659563
0.0396156 0.0603421 0.0503753 0.0660615
0.0396169 0.0604176 0.0504313 0.0661668
0.0396174 0.0604928 0.0504874 0.0662724
0.0396173 0.0605677 0.0505435 0.0663781
0.0396166 0.0606424 0.0505998 0.0664841
0.0396152 0.0607168 0.0506562 0.0665902
0.0396132 0.0607909 0.0507127 0.0666966
0.0396105 0.0608648 0.0507693 0.0668031
0.0396072 0.0609385 0.0508261 0.0669098
0.0396033 0.0610119 0.0508829 0.0670167
0.0395988 0.0610851 0.0509398 0.0671239
0.0395936 0.0611581 0.0509969 0.0672312
0.0395878 0.0612308  0.051054 0.0673387
0.0395815 0.0613032 0.0511113 0.0674464
0.0395745 0.0613755 0.0511686 0.0675543
0.0395669 0.0614475 0.0512261 0.0676624
0.0395587 0.0615193 0.0512837 0.0677708
  0.03955 0.0615909 0.0513413 0.0678793
0.0395407 0.0616623 0.0513991  0.067988
0.0395309 0.0617334  0.051457 0.0680969
0.0395205 0.0618043 0.051515 0.068206
0.0395096 0.0618751 0.0515732 0.0683153
0.0394982 0.0619456 0.0516314 0.0684248
0.0394863 0.0620158 0.0516897 0.0685346
0.0394739 0.0620859 0.0517482 0.0686445
0.0394611 0.0621557 0.0518067 0.0687546
0.0394477 0.0622254 0.0518654 0.0688649
0.0394339 0.0622948 0.0519242 0.0689754
0.0394196 0.0623641  0.051983 0.0690862
0.0394049 0.0624333  0.052042 0.0691971
0.0393897 0.0625023 0.0521011 0.0693083
0.0393742 0.0625711 0.0521604 0.0694196
0.0393583 0.0626398 0.0522197 0.0695311
 0.039342 0.0627084 0.0522791 0.0696429
0.0393253 0.0627769 0.0523387 0.0697549
0.0393084 0.0628453 0.0523983  0.069867
0.0392911 0.0629136 0.0524581 0.0699794
0.0392734 0.0629818 0.052518 0.070092
0.0392555   0.06305  0.052578 0.0702048
0.0392374 0.0631181 0.0526381 0.0703178
0.0392189 0.0631862 0.0526983  0.070431
0.0392003 0.0632543 0.0527587 0.0705444
0.0391814 0.0633223 0.0528191  0.070658
0.0391623 0.0633903 0.0528797 0.0707719
 0.039143 0.0634582 0.0529404 0.0708859
0.0391236 0.0635261 0.0530012 0.0710001
 0.039104 0.0635939 0.0530621 0.0711146
0.0390843 0.0636616 0.0531231 0.0712293
0.0390645 0.0637291 0.0531842 0.0713442
0.0390447 0.0637966 0.0532455 0.0714593
0.0390248  0.063864 0.0533068 0.0715746
0.0390049 0.0639313 0.0533683 0.0716901
 0.038985 0.0639984 0.0534299 0.0718058
0.0389651 0.0640655 0.0534916 0.0719218
 0.038866 0.0643989 0.0535534  0.072038
0.0388461  0.064465 0.0536154 0.0721543
0.0388262 0.0645309 0.0536774 0.0722709
0.0388081 0.0645973 0.0537396 0.0723877
0.0387905 0.0646637 0.0538019 0.0725048
0.0387728 0.0647299 0.0538643  0.072622
0.0387585 0.0647962 0.0539268 0.0727395
0.0387451 0.0648624 0.0539895 0.0728571
0.0387321 0.0649284 0.0540522  0.072975
0.0387189 0.0649942 0.0541151 0.0730931
0.0387054 0.0650599 0.0541781 0.0732115
0.0386915 0.0651254 0.0542412   0.07333
0.0386771 0.0651908 0.0543044 0.0734488
0.0386624 0.0652561 0.0543678 0.0735677
0.0386473 0.0653213 0.0544313 0.0736869
0.0386322 0.0653865 0.0544948 0.0738064
0.0386169 0.0654516 0.0545585  0.073926
0.0386018 0.0655167 0.0546224 0.0740459
0.0385869 0.0655818 0.0546863 0.0741659
0.0385723 0.0656469 0.0547504 0.0742863
0.0385579  0.065712 0.0548146 0.0744068
0.0385439 0.0657772 0.0548789 0.0745275
0.0385302 0.0658424 0.0549433 0.0746485
0.0385168 0.0659077 0.0550078 0.0747697
0.0385038 0.0659731 0.0550725 0.0748911
0.0384911 0.0660386 0.0551373 0.0750128
0.0384787 0.0661042 0.0552022 0.0751346
0.0384668 0.0661699 0.0552672 0.0752567
0.0384552 0.0662357 0.0553324  0.075379
 0.038444 0.0663017 0.0553977 0.0755016
0.0384333 0.0663679 0.0554631 0.0756244
0.0384232 0.0664342 0.0555286 0.0757473
0.0384135 0.0665007 0.0555942 0.0758706
0.0384044 0.0665673  0.05566 0.075994
0.0383959 0.0666341 0.0557259 0.0761177
 0.038388 0.0667011 0.0557919 0.0762416
0.0383808 0.0667682  0.055858 0.0763658
0.0383742 0.0668355 0.0559243 0.0764901
0.0383684  0.066903 0.0559907 0.0766147
0.0383631 0.0669707 0.0560572 0.0767395
0.0383587 0.0670386 0.0561238 0.0768646
0.0383549 0.0671067 0.0561905 0.0769899
0.0383519  0.067175 0.0562574 0.0771154
0.0383497 0.0672435 0.0563244 0.0772412
0.0383483 0.0673122 0.0563916 0.0773671
0.0383476 0.0673812 0.0564588 0.0774933
0.0383479 0.0674504 0.0565262 0.0776198
 0.038349 0.0675198 0.0565937 0.0777465
0.0383509 0.0675895 0.0566614 0.0778734
0.0383538 0.0676594 0.0567291 0.0780005
0.0383576 0.0677295  0.056797 0.0781279
0.0383623 0.0677999  0.056865 0.0782556
 0.038368 0.0678706 0.0569332 0.0783834
0.0383746 0.0679416 0.0570014 0.0785115
0.0383823 0.0680128 0.0570698 0.0786398
0.0383909 0.0680842 0.0571384 0.0787684
0.0384006  0.068156  0.057207 0.0788972
0.0384114  0.068228 0.0572758 0.0790262
0.0384232 0.0683004 0.0573447 0.0791555
0.0384361  0.068373 0.0574138  0.079285
0.0384501 0.0684459 0.0574829 0.0794148
0.0384652 0.0685191 0.0575522 0.0795448
0.0384816 0.0685927 0.0576217  0.079675
0.0384991 0.0686665 0.0576912 0.0798055
0.0385778 0.0689633 0.0577609 0.0799362
0.0384875 0.0691673 0.0578308 0.0800672
0.0384466 0.0692704 0.0579007 0.0801984
0.0384568 0.0694511 0.0579708 0.0803299
 0.038482 0.0695241  0.058041 0.0804615
0.0385096 0.0695977 0.0581113 0.0805935
0.0385391 0.0696718 0.0581818 0.0807257
0.0385768 0.0697471 0.0582524 0.0808581
0.0386217 0.0698237 0.0583232 0.0809907
0.0386699  0.069901  0.058394 0.0811236
0.0387182 0.0699778 0.0584651 0.0812568
0.0387682 0.0700557 0.0585362 0.0813902
0.0388183 0.0701337 0.0586075 0.0815239
0.0388678 0.0702114 0.0586789 0.0816578
0.0389173 0.0702893 0.0587504 0.0817919
0.0389669 0.0703667 0.0588221 0.0819263
0.0390168 0.0704432 0.0588939 0.0820609
0.0390669 0.0705189 0.0589658 0.0821958
0.0391177 0.0705941 0.0590379  0.082331
0.0391692  0.070669 0.0591101 0.0824663
0.0392215 0.0707436 0.0591825  0.082602
0.0392757 0.0708181  0.059255 0.0827379
0.0393299 0.0708926 0.0593276  0.082874
0.0396671 0.0713405 0.0594003 0.0830104
0.0397239 0.0714154 0.0594732 0.0831471
0.0397808 0.0714905 0.0595462 0.0832839
0.0398399 0.0715688 0.0596194 0.0834211
0.0398995 0.0716478 0.0596927 0.0835585
0.0399593 0.0717273 0.0597661 0.0836962
0.0400246 0.0718085 0.0598397 0.0838341
0.0400927 0.0718905 0.0599134 0.0839722
0.0401628 0.0719731 0.0599873 0.0841107
0.0402342  0.072056 0.0600613 0.0842493
0.0403068 0.0721391 0.0601354 0.0843883
0.0403803 0.0722226 0.0602096 0.0845275
0.0404547 0.0723065  0.060284 0.0846669
0.0405298  0.072391 0.0603586 0.0848066
0.0406058 0.0724763 0.0604333 0.0849466
0.0406826 0.0725625 0.0605081 0.0850868
0.0407604 0.0726496 0.0605831 0.0852273
0.0408393 0.0727378 0.0606582 0.0853681
0.0409195  0.072827 0.0607334 0.0855091
0.0410009 0.0729172 0.0608088 0.0856503
0.0410837 0.0730085 0.0608843 0.0857918
0.0411679 0.0731009   0.06096 0.0859336
0.0412536 0.0731946 0.0610358 0.0860757
0.0413408 0.0732894 0.0611117  0.086218
0.0414295 0.0733853 0.0611878 0.0863606
0.0415197 0.0734824  0.061264 0.0865034
0.0416113 0.0735807 0.0613404 0.0866465
0.0417046 0.0736801 0.0614169 0.0867899
0.0417993 0.0737806 0.0614936 0.0869335
0.0418957 0.0738822 0.0615704 0.0870774
0.0419937  0.073985 0.0616474 0.0872216
0.0420933 0.0740888 0.0617244  0.087366
0.0421946 0.0741937 0.0618017 0.0875107
0.0422975 0.0742996 0.0618791 0.0876557
0.0424022 0.0744065 0.0619566 0.0878009
0.0425085 0.0745143 0.0620343 0.0879464
0.0426164 0.0746231 0.0621121 0.0880922
0.0427261 0.0747328   0.06219 0.0882383
0.0428374 0.0748433 0.0622681 0.0883846
0.0429504 0.0749545 0.0623464 0.0885312
0.0430651 0.0750665 0.0624248  0.088678
0.0431815 0.0751792 0.0625033 0.0888251
0.0432997 0.0752927  0.062582 0.0889725
0.0434195 0.0754069 0.0626609 0.0891202
0.0435411 0.0755217 0.0627398 0.0892682
0.0436644 0.0756372  0.062819 0.0894164
0.0437894 0.0757534 0.0628983 0.0895649
0.0439162 0.0758704 0.0629777 0.0897137
0.0440449 0.0759882 0.0630573 0.0898627
0.0441753 0.0761069 0.063137 0.090012
0.0443076 0.0762266 0.0632169 0.0901616
0.0444417 0.0763473 0.0632969 0.0903115
0.0445776 0.0764689 0.0633771 0.0904616
0.0447153 0.0765915 0.0634574 0.0906121
0.0448548  0.076715 0.0635379 0.0907628
0.0449962 0.0768393 0.0636185 0.0909138
0.0451393 0.0769645 0.0636993  0.091065
0.0452843 0.0770906 0.0637802 0.0912166
 0.045431 0.0772175 0.0638613 0.0913684
0.0455796 0.0773452 0.0639425 0.0915205
0.0457299 0.0774737 0.0640239 0.0916729
0.045882 0.077603 0.0641054 0.0918256
0.0460358 0.0777331 0.0641871 0.0919785
0.0461915  0.077864 0.0642689 0.0921318
0.0463489 0.0779956 0.0643509 0.0922853
 0.046508 0.0781279 0.0644331 0.0924391
0.0466689  0.078261 0.0645154 0.0925932
0.0468316 0.0783948 0.0645978 0.0927476
0.0469959 0.0785294 0.0646804 0.0929022
 0.047162 0.0786646 0.0647632 0.0930572
0.0473297 0.0788006 0.0648461 0.0932124
0.0474992 0.0789373 0.0649292 0.0933679
0.0476703 0.0790746 0.0650124 0.0935237
 0.047843 0.0792127 0.0650958 0.0936798
0.0480174 0.0793514 0.0651793 0.0938362
0.0481933 0.0794908  0.065263 0.0939929
0.0483709 0.0796309 0.0653469 0.0941499
0.0485501 0.0797716 0.0654309 0.0943071
0.0487309  0.079913  0.065515 0.0944647
0.0489132 0.0800551 0.0655994 0.0946225
 0.049097 0.0801979 0.0656838 0.0947807
0.0492824 0.0803412 0.0657685 0.0949391
0.0494694 0.0804853 0.0658533 0.0950978
0.0496578 0.0806299 0.0659382 0.0952568
0.0498477 0.0807752 0.0660233 0.0954161
 0.050039 0.0809211 0.0661086 0.0955757
0.0502317 0.0810676  0.066194 0.0957356
0.0504259 0.0812146 0.0662796 0.0958958
0.0506214 0.0813623 0.0663654 0.0960563
0.0508183 0.0815105 0.0664513 0.0962171
0.0510164 0.0816594 0.0665373 0.0963782
0.0512155 0.0818088 0.0666236 0.0965396
0.0514157 0.0819589 0.0667099 0.0967012
0.0516169 0.0821096 0.0667965 0.0968632
0.0518189 0.0822608 0.0668832 0.0970255
0.0520219 0.0824127 0.0669701 0.0971881
0.0522257 0.0825652 0.0670571  0.097351
0.0524303 0.0827183 0.0671443 0.0975142
0.0526356 0.0828719 0.0672317 0.0976777
0.0528416 0.0830261 0.0673192 0.0978415
0.0530485 0.0831807 0.0674069 0.0980055
0.0532564 0.0833357 0.0674948 0.0981699
0.0534652 0.0834911 0.0675828 0.0983346
0.0536748 0.0836469  0.067671 0.0984997
0.0538853 0.0838029 0.0677593  0.098665
0.0540966 0.0839593 0.0678478 0.0988306
0.0543086 0.0841159 0.0679365 0.0989965
0.0545225 0.0842733 0.0680253 0.0991628
0.0547358 0.0844306 0.0681143 0.0993293
0.0549497 0.0845883 0.0682035 0.0994962
0.0551641 0.0847463 0.0682929 0.0996633
0.0553789 0.0849047 0.0683824 0.0998308
0.0555942 0.0850635  0.068472 0.0999986
0.0558098 0.0852227 0.0685619  0.100167
0.0560257 0.0853822 0.0686519  0.100335
0.0562435 0.0855428 0.0687421  0.100504
0.0564617 0.0857036 0.0688324  0.100673
0.0566808  0.085865 0.0689229  0.100842
0.0568993 0.0860264 0.0690136  0.101012
0.0571195 0.0861887 0.0691045  0.101182
0.0573391 0.0863509 0.0691955  0.101352
0.0575603 0.0865139 0.0692867  0.101523
0.0577818 0.0866773 0.069378 0.101694
0.0580038 0.0868411 0.0694696  0.101865
0.0582261 0.0870052 0.0695613  0.102036
0.0584477 0.0871691 0.0696532  0.102208
0.0602385 0.0884929 0.0697452   0.10238
 0.060464 0.0886595 0.0698374  0.102553
0.0606899 0.0888264 0.0699298  0.102726
0.0609083 0.0889908 0.0700224  0.102899
 0.061126 0.0891553 0.0701151  0.103072
0.0613434 0.0893171 0.070208 0.103246
0.0615601 0.0894778 0.0703011   0.10342
0.0617763 0.0896381 0.0703944  0.103595
0.0619922 0.0897983 0.0704878  0.103769
0.0622075 0.0899584 0.0705814  0.103945
0.0624223 0.0901188 0.0706752   0.10412
0.0626364 0.0902792 0.0707691  0.104296
0.0628497 0.0904395 0.0708633  0.104472
0.0630625 0.0906001 0.0709576  0.104648
0.0632746 0.0907608 0.071052 0.104825
 0.063486 0.0909214 0.0711467  0.105002
0.0636969 0.0910824 0.0712415  0.105179
0.0639074 0.0912435 0.0713366  0.105357
0.0641172 0.0914047 0.0714317  0.105535
0.0643267  0.091566 0.0715271  0.105713
0.0645359 0.0917277 0.0716227  0.105892
0.0647446 0.0918895 0.0717184  0.106071
0.0649531 0.0920517 0.0718143   0.10625
 0.065161 0.0922141 0.0719104   0.10643
0.0653687 0.0923768 0.0720066   0.10661
0.0655758 0.0925398 0.0721031   0.10679
0.0657824 0.0927031 0.0721997  0.106971
0.0659883 0.0928664 0.0722965  0.107152
0.0661938 0.0930301 0.0723935  0.107333
0.0663985 0.0931938 0.0724906  0.107515
0.0666027 0.0933577 0.072588 0.107697
0.0668064 0.0935218 0.0726855  0.107879
0.0670095 0.0936863 0.0727832  0.108062
0.0672118 0.0938508 0.0728811  0.108245
0.0674135 0.0940155 0.0729792  0.108429
0.0676146 0.0941804 0.0730774  0.108612
0.0678149 0.0943455 0.0731759  0.108796
0.0680146  0.094511 0.0732745  0.108981
0.0682134 0.0946767 0.0733733  0.109165
0.0684114 0.0948424 0.0734723  0.109351
0.0686083 0.0950079 0.0735714  0.109536
0.0688044 0.0951738 0.0736708  0.109722
0.0689997 0.0953399 0.0737703  0.109908
0.0691939 0.0955064 0.0738701  0.110094
0.0693872 0.0956731  0.07397 0.110281
0.0695796 0.0958398 0.0740701  0.110468
0.0697709 0.0960067 0.0741704  0.110656
0.0699611 0.0961736 0.0742709  0.110844
0.0701504 0.0963404 0.0743715  0.111032
0.0703386 0.0965073 0.0744724   0.11122
0.0705255 0.0966744 0.0745734  0.111409
0.0707114 0.0968416 0.0746747  0.111598
0.0708961 0.0970088 0.0747761  0.111788
0.0710798  0.097176 0.0748777  0.111978
0.0712625 0.0973432 0.0749795  0.112168
0.0714441 0.0975104 0.0750815  0.112359
0.0716246 0.0976775 0.0751836   0.11255
0.0718036 0.0978449 0.075286 0.112741
0.0719818 0.0980121 0.0753886  0.112933
0.0721589 0.0981794 0.0754913  0.113125
0.0723348 0.0983466 0.0755943  0.113318
0.0725092  0.098514 0.0756974   0.11351
0.0726824 0.0986814 0.0758007  0.113703
0.0728544 0.0988487 0.0759042  0.113897
0.0730251  0.099016 0.076008 0.114091
0.0731949 0.0991832 0.0761119  0.114285
 0.073363 0.0993503 0.076216  0.11448
0.0735298 0.0995174 0.0763203  0.114675
0.0736953 0.0996845 0.0764247   0.11487
0.0738594 0.0998515 0.0765294  0.115066
0.0740222  0.100018 0.0766343  0.115262
0.0741842  0.100185 0.0767394  0.115458
0.0743443  0.100352 0.0768446  0.115655
0.0745035  0.100519 0.0769501  0.115852
0.0746615  0.100685 0.0770558  0.116049
0.0748176  0.100852 0.0771616  0.116247
0.0749724  0.101018 0.0772677  0.116445
0.0751259  0.101184 0.077374 0.116644
0.075278 0.101351 0.0774804  0.116843
0.0754286  0.101517 0.0775871  0.117042
0.075578 0.101683 0.0776939  0.117242
0.075726 0.101848 0.077801 0.117442
0.0758725  0.102014 0.0779082  0.117642
0.0760177   0.10218 0.0780156  0.117843
0.0761613  0.102345 0.0781233  0.118044
0.0763036  0.102511 0.0782311  0.118246
0.0764446  0.102676 0.0783392  0.118448
0.076584 0.102841 0.0784474   0.11865
0.0767221  0.103006 0.0785559  0.118853
0.0768596  0.103171 0.0786645  0.119056
0.0769956  0.103336 0.0787734  0.119259
0.0771296  0.103501 0.0788825  0.119463
0.0772621  0.103665 0.0789917  0.119667
0.0773933   0.10383 0.0791012  0.119872
0.0775238  0.103994 0.0792109  0.120077
0.0776528  0.104158 0.0793207  0.120282
0.0777797  0.104322 0.0794308  0.120488
0.0779052  0.104486 0.0795411  0.120694
0.0780293   0.10465 0.0796516    0.1209
0.0781518  0.104813 0.0797623  0.121107
0.078273 0.104977 0.0798732  0.121314
0.0783929   0.10514 0.0799844  0.121522
0.0785112  0.105303 0.0800957   0.12173
0.0786281  0.105466 0.0802072  0.121938
0.0787438  0.105629 0.080319 0.122147
0.0788596  0.105792 0.080431 0.122357
0.0789724  0.105955 0.0805432  0.122566
0.0790845  0.106117 0.0806556  0.122776
0.0791604  0.106231 0.0807683  0.122987
0.0792365  0.106349 0.0808811  0.123198
0.0793151  0.106468 0.0809942  0.123409
0.0793954  0.106587 0.0811075  0.123621
0.0794779  0.106706 0.081221 0.123833
0.0795613  0.106824 0.0813348  0.124045
0.0796463  0.106942 0.0814487  0.124258
0.0797338  0.107059 0.0815629  0.124471
0.0798226  0.107175 0.0816773  0.124685
0.0799123  0.107291 0.0817919  0.124899
0.0800026  0.107407 0.0819067  0.125114
0.0800931  0.107523 0.0820216  0.125328
0.0801837  0.107638 0.0821368  0.125544
0.0802744  0.107754 0.0822521  0.125759
0.080365  0.10787 0.0823676  0.125975
0.0804556  0.107986 0.0824832  0.126191
0.0805463  0.108101 0.0825989  0.126407
0.080637 0.108217 0.0827147  0.126623
0.0807277  0.108333 0.0828306   0.12684
0.0808176  0.108448 0.0829466  0.127056
0.0809074  0.108563 0.0830626  0.127273
0.0809958  0.108679 0.0831787  0.127489
0.0810853  0.108794 0.0832948  0.127706
0.0811752  0.108908 0.0834109  0.127923
0.0812643  0.109023 0.0835269  0.128139
0.0813527  0.109138 0.083643 0.128356
0.0814403  0.109252 0.083759 0.128572
0.0815271  0.109366 0.083875 0.128789
0.081613 0.109481 0.0839909  0.129005
0.0816983  0.109595 0.0841068  0.129221
0.0817827  0.109709 0.0842225  0.129437
0.0818665  0.109823 0.0843382  0.129652
0.0819495  0.109937 0.0844538  0.129868
0.0820319   0.11005 0.0845693  0.130083
0.0821136  0.110164 0.0846847  0.130298
0.0821946  0.110277   0.0848 0.130513
0.0822748   0.11039 0.0849152  0.130727
0.0823543  0.110503 0.0850303  0.130941
0.082433 0.110616 0.0851453  0.131155
0.082511  0.11073 0.0852601  0.131369
0.0825882  0.110843 0.0853749  0.131582
0.0826648  0.110956 0.0854896  0.131796
0.0827407  0.111069 0.0856041  0.132009
0.0828159  0.111182 0.0857186  0.132221
0.0828904  0.111295 0.0858329  0.132434
0.0829644  0.111408 0.0859471  0.132646
0.0830378  0.111521 0.0860612  0.132858
0.0831107  0.111634 0.0861752   0.13307
0.0831829  0.111747 0.0862891  0.133281
0.0832547  0.111861 0.0864029  0.133493
0.0833259  0.111974 0.0865166  0.133704
0.0833967  0.112087 0.0866302  0.133915
0.0834671    0.1122 0.0867437  0.134125
0.083537 0.112314 0.0868571  0.134335
0.0836065  0.112427 0.0869704  0.134546
0.0836757  0.112541 0.0870836  0.134755
0.0837446  0.112655 0.0871966  0.134965
0.0838133  0.112769 0.0873096  0.135174
0.0838818  0.112883 0.0874225  0.135383
 0.08395 0.112997 0.0875352  0.135592
0.0840181  0.113111 0.0876479  0.135801
0.0840859  0.113226 0.0877604  0.136009
0.0841536  0.113341 0.0878729  0.136217
0.0842211  0.113456 0.0879852  0.136425
0.0842886  0.113571 0.0880975  0.136633
0.0843559  0.113686 0.0882096   0.13684
0.0844232  0.113801 0.0883216  0.137048
0.0844905  0.113917 0.0884336  0.137255
0.0845578  0.114032 0.0885454  0.137461
0.0846251  0.114148 0.0886571  0.137668
0.0846924  0.114264 0.0887687  0.137874
0.0847598   0.11438 0.0888802   0.13808
0.0848272  0.114496 0.0889916  0.138285
0.0848947  0.114613 0.0891029  0.138491
0.0849624   0.11473 0.089214 0.138696
0.0850301  0.114846 0.0893251  0.138901
0.085098 0.114963 0.0894361  0.139106
0.0851661  0.115081 0.0895469   0.13931
0.0852344  0.115198 0.0896577  0.139514
0.0853028  0.115316 0.0897683  0.139718
0.0853715  0.115433 0.0898789  0.139922
0.0854404  0.115551 0.0899893  0.140126
0.0855095   0.11567 0.0900996  0.140329
0.0855789  0.115788 0.0902098  0.140532
0.0856486  0.115907 0.0903199  0.140735
0.0857186  0.116026 0.0904299  0.140937
0.0857889  0.116145 0.0905398  0.141139
0.0858595  0.116264 0.0906495  0.141341
0.0859303  0.116384 0.0907592  0.141543
0.0860016  0.116503 0.0908687  0.141744
0.0860731  0.116623 0.0909782  0.141945
0.086145 0.116743 0.0910875  0.142146
0.0862172  0.116864 0.0911967  0.142347
0.0862898  0.116985 0.0913058  0.142547
0.0863628  0.117105 0.0914148  0.142748
0.0864361  0.117227 0.0915237  0.142948
0.0865098  0.117348 0.0916325  0.143147
0.0865839  0.117469 0.0917412  0.143347
0.0866585  0.117591 0.0918497  0.143546
0.0867334  0.117713 0.0919581  0.143745
0.0868087  0.117836 0.0920665  0.143943
0.0868844  0.117958 0.0921747  0.144141
0.0869606  0.118081 0.0922828   0.14434
0.0870372  0.118205 0.0923908  0.144537
0.0871142  0.118328 0.0924987  0.144735
0.0871916  0.118452 0.0926064  0.144932
0.0872695  0.118576 0.0927141  0.145129
0.0873479    0.1187 0.0928216  0.145326
0.0874267  0.118825 0.092929 0.145523
0.0875059   0.11895 0.0930363  0.145719
0.0875856  0.119075 0.0931435  0.145915
0.0876658  0.119201 0.0932506  0.146111
0.0877464  0.119327 0.0933576  0.146306
0.0878274  0.119453 0.0934644  0.146501
0.0879089   0.11958 0.0935712  0.146696
0.0879909  0.119707 0.0936778  0.146891
0.0880733  0.119834 0.0937843  0.147085
0.0881561  0.119962 0.0938907  0.147279
0.0882394   0.12009 0.0939969  0.147473
0.0883232  0.120218 0.0941031  0.147667
0.0884074  0.120347 0.0942091   0.14786
0.088492 0.120477 0.0943151  0.148053
0.0885771  0.120606 0.0944209  0.148246
0.0886626  0.120736 0.0945266  0.148438
0.0887486  0.120866 0.0946321  0.148631
0.0888349  0.120997 0.0947376  0.148823
0.0889217  0.121128 0.0948429  0.149014
0.0890089   0.12126 0.0949482  0.149206
0.0890965  0.121392 0.0950533  0.149397
0.0891846  0.121524 0.0951582  0.149588
0.089273 0.121657 0.0952631  0.149778
0.0893618   0.12179 0.0953679  0.149969
0.089451 0.121923 0.0954725  0.150159
0.0895406  0.122057 0.095577 0.150349
0.0896306  0.122192 0.0956814  0.150538
0.089721 0.122326 0.0957857  0.150727
0.0898117  0.122462 0.0958898  0.150916
0.0899028  0.122597 0.0959938  0.151105
0.0899942  0.122733 0.0960977  0.151293
0.090086  0.12287 0.0962015  0.151481
0.0901781  0.123006 0.0963052  0.151669
0.0902706  0.123144 0.0964088  0.151857
0.0903634  0.123281 0.0965122  0.152044
0.0911135  0.124395 0.0966155  0.152231
0.091208 0.124536 0.0967187  0.152418
0.0913026  0.124677 0.0968217  0.152604
0.0913995  0.124818 0.0969247   0.15279
0.0914967  0.124959 0.0970275  0.152976
0.0915938  0.125101 0.0971302  0.153162
0.091686 0.125243 0.0972328  0.153347
0.0917758  0.125383 0.0973352  0.153532
0.0918638  0.125523 0.0974376  0.153717
0.091951 0.125661 0.0975398  0.153901
0.0920379  0.125797 0.0976418  0.154086
0.0921251  0.125932 0.0977438   0.15427
0.0922126  0.126065 0.0978456  0.154453
0.0923005  0.126197 0.0979474  0.154636
0.0923887  0.126328 0.0980489  0.154819
0.092477 0.126458 0.0981504  0.155002
0.0925654  0.126587 0.0982517  0.155185
0.0926538  0.126717 0.098353 0.155367
0.0927421  0.126846 0.098454 0.155549
0.0928303  0.126976 0.098555  0.15573
0.0929186  0.127106 0.0986558  0.155911
0.093007 0.127236 0.0987565  0.156092
0.0930955  0.127367 0.0988571  0.156273
0.0931844  0.127498 0.0989576  0.156454
0.0932735  0.127629 0.0990579  0.156634
0.0933631  0.127761 0.0991581  0.156814
0.0934531  0.127893 0.0992582  0.156993
0.0935435  0.128026 0.0993581  0.157172
0.0936343  0.128159 0.099458 0.157351
0.0937255  0.128292 0.0995577   0.15753
0.0938169  0.128426 0.0996572  0.157708
0.0939087   0.12856 0.0997567  0.157886
0.0940007  0.128695 0.099856 0.158064
0.094093 0.128831 0.0999552  0.158241
0.0941855  0.128967 0.100054 0.158419
0.0942783  0.129104 0.100153 0.158595
0.0943714  0.129241 0.100252 0.158772
0.0944647  0.129379 0.100351 0.158948
0.0945583  0.129518 0.100449 0.159124
0.0946522  0.129657 0.100548   0.1593
0.0947462  0.129797 0.100646 0.159475
0.0948406  0.129937 0.100744  0.15965
0.0949352  0.130078 0.100842 0.159825
0.09503 0.13022 0.10094    0.16
0.095125 0.130363 0.101038 0.160174
0.0952202  0.130506 0.101135 0.160348
0.0953156   0.13065 0.101233 0.160521
0.0954113  0.130795  0.10133 0.160694
0.0955071   0.13094 0.101427 0.160867
0.095603 0.131087 0.101524  0.16104
0.0956992  0.131234 0.101621 0.161212
0.0957954  0.131381 0.101718 0.161384
0.0958919   0.13153 0.101815 0.161556
0.0959885  0.131679 0.101911 0.161727
0.0960852   0.13183 0.102008 0.161898
0.096182 0.131981 0.102104 0.162069
0.096279 0.132133  0.1022 0.16224
0.0963761  0.132285 0.102296  0.16241
0.0964732  0.132438 0.102392  0.16258
0.0965702  0.132593 0.102488 0.162749
0.0966672  0.132747 0.102584 0.162918
0.0967641  0.132903 0.102679 0.163087
0.0968608  0.133059 0.102774 0.163256
0.0969574  0.133215  0.10287 0.163424
0.0970539  0.133372 0.102965 0.163592
0.0971506   0.13353 0.10306 0.16376
0.0972473  0.133688 0.103154 0.163927
0.0973439  0.133847 0.103249 0.164094
0.0974408  0.134007 0.103344 0.164261
0.0975376  0.134167 0.103438 0.164427
0.0976346  0.134327 0.103532 0.164593
0.097731 0.134489 0.103626 0.164759
0.0978271  0.134651  0.10372 0.164924
0.0979231  0.134813 0.103814 0.165089
0.0980188  0.134976 0.103908 0.165254
0.0981148   0.13514 0.104001 0.165419
0.0982106  0.135304 0.104095 0.165583
0.0983065  0.135469 0.104188 0.165746
0.0984022  0.135634 0.104281  0.16591
0.0984979  0.135799 0.104374 0.166073
0.0985933  0.135965 0.104467 0.166236
0.0986886  0.136132  0.10456 0.166398
0.0987836  0.136299 0.104652 0.166561
0.0988612   0.13646 0.104745 0.166722
0.0989393  0.136622 0.104837 0.166884
0.0990178  0.136784 0.104929 0.167045
0.0990953  0.136947 0.105021 0.167206
0.0991719  0.137111 0.105113 0.167367
0.099246 0.137275 0.105205 0.167527
0.0993179  0.137439 0.105296 0.167687
0.0993877  0.137603 0.105388 0.167846
0.0994551  0.137767 0.105479 0.168006
0.0995203  0.137929  0.10557 0.168164
0.0995833  0.138092 0.105661 0.168323
0.0996444  0.138253 0.105752 0.168481
0.0997038  0.138414 0.105843 0.168639
0.0997616  0.138574 0.105934 0.168797
0.099818 0.138734 0.106024 0.168954
0.0998732  0.138893 0.106114 0.169111
0.0999272  0.139052 0.106204 0.169267
0.0999803   0.13921 0.106294 0.169424
0.100032 0.139368 0.106384  0.16958
0.100084 0.139525 0.106474 0.169735
0.100135 0.139682 0.106564  0.16989
0.100185 0.139839 0.106653 0.170045
0.100234 0.139995 0.106742   0.1702
0.100283 0.140151 0.106831 0.170354
0.100332 0.140307  0.10692 0.170508
 0.10038 0.140462 0.107009 0.170661
0.100428 0.140617 0.107098 0.170815
0.100476 0.140771 0.107186 0.170967
0.100523 0.140925 0.107275  0.17112
0.100571 0.141079 0.107363 0.171272
0.100618 0.141232 0.107451 0.171424
0.100665 0.141386 0.107539 0.171575
0.100712 0.141538 0.107627 0.171726
0.100759 0.141691 0.107714 0.171877
0.100805 0.141843 0.107802 0.172028
0.100852 0.141995 0.107889 0.172178
0.100899 0.142147 0.107976 0.172327
0.100946 0.142298 0.108063 0.172477
0.100993  0.14245  0.10815 0.172626
 0.10104 0.142601 0.108237 0.172774
0.101086 0.142752 0.108324 0.172923
0.101133 0.142903  0.10841 0.173071
 0.10118 0.143053 0.108496 0.173218
0.101228 0.143204 0.108583 0.173366
0.101275 0.143354 0.108668 0.173512
0.101322 0.143504 0.108754 0.173659
 0.10137 0.143654  0.10884 0.173805
0.101417 0.143804 0.108925 0.173951
0.101465 0.143953 0.109011 0.174097
0.101513 0.144103 0.109096 0.174242
0.101561 0.144252 0.109181 0.174387
0.101609 0.144401 0.109266 0.174531
0.101658 0.144549 0.109351 0.174675
0.101706 0.144697 0.109435 0.174819
0.101755 0.144845  0.10952 0.174962
0.101804 0.144993 0.109604 0.175105
0.101853 0.145141 0.109688 0.175248
0.101903 0.145288 0.109772  0.17539
0.101952 0.145435 0.109856 0.175532
0.102002 0.145582  0.10994 0.175673
0.102052 0.145728 0.110023 0.175815
0.102103 0.145874 0.110106 0.175955
0.102154  0.14602  0.11019 0.176096
0.102204 0.146166 0.110273 0.176236
0.102256 0.146311 0.110355 0.176376
0.102307 0.146455 0.110438 0.176515
0.102359 0.146599 0.110521 0.176654
0.102411 0.146743 0.110603 0.176793
0.102464 0.146886 0.110685 0.176931
0.102517 0.147029 0.110767 0.177069
 0.10257 0.147172 0.110849 0.177206
0.102624 0.147313 0.110931 0.177343
0.102678 0.147455 0.111013  0.17748
0.102732 0.147596 0.111094 0.177616
0.102787 0.147736 0.111175 0.177752
0.102842 0.147877 0.111256 0.177888
0.102898 0.148016 0.111337 0.178023
0.102954 0.148156 0.111418 0.178158
 0.10301 0.148294 0.111499 0.178293
0.103067 0.148433 0.111579 0.178427
0.103123 0.148571 0.111659 0.178561
0.103181 0.148709 0.111739 0.178694
0.103238 0.148846 0.111819 0.178827
0.103296 0.148983 0.111899  0.17896
0.103354  0.14912 0.111979 0.179092
0.103413 0.149256 0.112058 0.179224
0.103472 0.149392 0.112138 0.179355
0.103531 0.149528 0.112217 0.179486
 0.10359 0.149663 0.112296 0.179617
0.103649 0.149798 0.112374 0.179747
0.103709 0.149933 0.112453 0.179877
0.103769 0.150068 0.112532 0.180007
0.103829 0.150202  0.11261 0.180136
 0.10389 0.150336 0.112688 0.180265
0.103951 0.150469 0.112766 0.180393
0.104011 0.150603 0.112844 0.180521
0.104073 0.150736 0.112921 0.180649
0.104134 0.150868 0.112999 0.180776
0.104196 0.151001 0.113076 0.180903
0.104257 0.151133 0.113153 0.181029
0.104319 0.151265  0.11323 0.181155
0.104381 0.151396 0.113307 0.181281
0.104444 0.151528 0.113384 0.181406
0.104506 0.151659  0.11346 0.181531
0.104569  0.15179 0.113536 0.181656
0.104632  0.15192 0.113612  0.18178
0.104694  0.15205 0.113688 0.181904
0.104757  0.15218 0.113764 0.182027
0.104821  0.15231 0.11384 0.18215
0.104884  0.15244 0.113915 0.182272
0.104947 0.152569  0.11399 0.182394
0.105011 0.152698 0.114066 0.182516
0.105075 0.152827  0.11414 0.182637
0.105138 0.152956 0.114215 0.182758
0.105202 0.153084  0.11429 0.182879
0.105266 0.153212 0.114364 0.182999
0.10533 0.15334 0.114438 0.183119
0.105394 0.153468 0.114512 0.183238
0.105458 0.153596 0.114586 0.183357
0.105523 0.153723  0.11466 0.183475
0.105587  0.15385 0.114733 0.183594
0.105651 0.153977 0.114807 0.183711
0.105716 0.154104  0.11488 0.183828
 0.10578 0.154231 0.114953 0.183945
0.105845 0.154357 0.115026 0.184062
0.105909 0.154484 0.115098 0.184178
0.105974  0.15461 0.115171 0.184293
0.106038 0.154736 0.115243 0.184409
0.106103 0.154862 0.115315 0.184524
0.106168 0.154988 0.115387 0.184638
0.106232 0.155114 0.115459 0.184752
0.106297  0.15524  0.11553 0.184865
0.106362 0.155365 0.115602 0.184979
0.106427 0.155491 0.115673 0.185091
0.106491 0.155616 0.115744 0.185204
0.106556 0.155741 0.115815 0.185316
0.106621 0.155866 0.115885 0.185427
0.106685 0.155991 0.115956 0.185538
 0.10675 0.156116 0.116026 0.185649
0.106815 0.156241 0.116096 0.185759
0.106879 0.156366 0.116166 0.185869
0.106944 0.156491 0.116236 0.185978
0.107009 0.156616 0.116305 0.186087
0.107073 0.156741 0.116375 0.186196
0.107138 0.156865 0.116444 0.186304
0.107202  0.15699 0.116513 0.186412
0.107267 0.157115 0.116582 0.186519
0.107331 0.157239  0.11665 0.186626
0.107396 0.157364 0.116719 0.186732
 0.10746 0.157489 0.116787 0.186838
0.107525 0.157613 0.116855 0.186944
0.107589 0.157738 0.116923 0.187049
0.107653 0.157863 0.116991 0.187153
0.107699 0.158004 0.117058 0.187258
0.107745 0.158145 0.117126 0.187362
 0.10779 0.158286 0.117193 0.187465
0.107837 0.158426  0.11726 0.187568
0.107884 0.158566 0.117327  0.18767
0.107933 0.158705 0.117393 0.187773
0.107982 0.158844  0.11746 0.187874
0.108033 0.158982 0.117526 0.187975
0.108085 0.159119 0.117592 0.188076
0.108138 0.159256 0.117658 0.188177
0.108191 0.159392 0.117723 0.188276
0.108246 0.159529 0.117789 0.188376
0.108301 0.159665 0.117854 0.188475
0.108357 0.159801 0.117919 0.188574
0.108414 0.159936 0.117984 0.188672
0.108471 0.160072 0.118049 0.188769
0.108529 0.160208 0.118113 0.188867
0.108587 0.160344 0.118177 0.188963
0.108645  0.16048 0.118241  0.18906
0.108703 0.160615 0.118305 0.189156
0.108762 0.160751 0.118369 0.189251
0.108821 0.160887 0.118433 0.189346
0.108881 0.161023 0.118496 0.189441
 0.10894 0.161158 0.118559 0.189535
   0.109 0.161294 0.118622 0.189629
 0.10906 0.161429 0.118685 0.189722
 0.10912 0.161565 0.118747 0.189815
 0.10918 0.161701  0.11881 0.189907
 0.10924 0.161835 0.118872 0.189999
0.109299 0.161968 0.118934  0.19009
0.109358 0.162099 0.118996 0.190181
0.109417  0.16223 0.119057 0.190272
0.109475  0.16236 0.119118 0.190362
0.109534 0.162489  0.11918 0.190451
0.109592 0.162619 0.119241  0.19054
0.109649 0.162749 0.119301 0.190629
0.109707  0.16288 0.119362 0.190717
0.109765 0.163012 0.119422 0.190805
0.109822 0.163144 0.119483 0.190892
 0.10988 0.163276 0.119542 0.190979
0.109937 0.163409 0.119602 0.191065
0.109995 0.163542 0.119662 0.191151
0.110052 0.163675 0.119721 0.191237
0.110109 0.163808  0.11978 0.191322
0.110166  0.16394 0.119839 0.191406
0.110223 0.164073 0.119898  0.19149
 0.11028 0.164206 0.119957 0.191574
0.110337 0.164339 0.120015 0.191657
0.110394 0.164471 0.120073 0.191739
0.110451 0.164604 0.120131 0.191822
0.110564 0.164868 0.120189 0.191903
0.110621 0.165001 0.120246 0.191984
0.110678 0.165135 0.120304 0.192065
0.110735 0.165267 0.120361 0.192145
0.110793   0.1654 0.120418 0.192225
 0.11085 0.165534 0.120475 0.192304
0.110904 0.165664 0.120531 0.192383
0.110959 0.165796 0.120587 0.192462
0.111014 0.165927 0.120643 0.192539
0.111068 0.166058 0.120699 0.192617
0.111123 0.166188 0.120755 0.192694
0.111177 0.166317 0.120811  0.19277
0.111256 0.166425 0.120866 0.192846
0.111335 0.166533 0.120921 0.192922
0.111413 0.166641 0.120976 0.192997
 0.11149 0.166749  0.12103 0.193071
0.111567 0.166857 0.121085 0.193145
0.111644 0.166966 0.121139 0.193219
