0.473023 0.110942 0.974289  0.472997 -0.316114  0.974295
0.473023 0.110941 0.974289  0.472997 -0.316114  0.974295
0.473023 0.110941 0.974289  0.472997 -0.316114  0.974295
0.473023 0.110941 0.974288  0.472998 -0.316114  0.974295
0.473024 0.110941 0.974286  0.472998 -0.316114  0.974293
0.473024 0.110941 0.974282  0.472998 -0.316114  0.974289
0.473024 0.110941 0.974277  0.472998 -0.316114  0.974283
0.473025 0.110941 0.974269  0.472999 -0.316114  0.974276
0.473025 0.110941 0.974261  0.472999 -0.316114  0.974267
0.473025 0.110941 0.974251  0.472999 -0.316114  0.974258
0.473025 0.110941 0.974241     0.473 -0.316114  0.974247
0.473026 0.110941  0.97423     0.473 -0.316114  0.974236
0.473026 0.110941 0.974219     0.473 -0.316114  0.974225
0.473026 0.110941 0.974207     0.473 -0.316114  0.974213
0.473026 0.110941 0.974194     0.473 -0.316114  0.974201
0.473026 0.110941 0.974182     0.473 -0.316114  0.974188
0.473026 0.110941 0.974169  0.472999 -0.316114  0.974175
0.473025 0.110941 0.974155  0.472999 -0.316115  0.974162
0.473025 0.110941 0.974142  0.472999 -0.316115  0.974148
0.473024 0.110941 0.974129  0.472998 -0.316115  0.974135
0.473024 0.110941 0.974115  0.472997 -0.316115  0.974121
0.473023 0.110942 0.974102  0.472997 -0.316115  0.974108
0.473022 0.110942 0.974088  0.472996 -0.316116  0.974094
0.473021 0.110942 0.974075  0.472995 -0.316116  0.974081
 0.47302 0.110942 0.974062  0.472993 -0.316116  0.974068
0.473018 0.110942 0.974049  0.472992 -0.316116  0.974055
0.473017 0.110942 0.974035  0.472991 -0.316116  0.974041
0.473016 0.110942 0.974022  0.472989 -0.316116  0.974028
0.473014 0.110943 0.974009  0.472988 -0.316117  0.974015
0.473013 0.110943 0.973996  0.472987 -0.316117  0.974002
0.473011 0.110943 0.973983  0.472985 -0.316117  0.973989
 0.47301 0.110943  0.97397  0.472984 -0.316117  0.973976
0.473009 0.110943 0.973957  0.472982 -0.316117  0.973963
0.473007 0.110943 0.973945  0.472981 -0.316117   0.97395
0.473006 0.110943 0.973932   0.47298 -0.316118  0.973937
0.473005 0.110944 0.973919  0.472978 -0.316118  0.973925
0.473003 0.110944 0.973906  0.472977 -0.316118  0.973912
0.473002 0.110944 0.973893  0.472975 -0.316118  0.973899
   0.473 0.110944 0.973881  0.472974 -0.316118  0.973887
0.472999 0.110944 0.973868  0.472973 -0.316119  0.973874
0.472998 0.110944 0.973856  0.472971 -0.316119  0.973861
0.472997 0.110945 0.973843   0.47297 -0.316119  0.973849
0.472995 0.110945 0.973831  0.472969 -0.316119  0.973837
0.472994 0.110945 0.973819  0.472967 -0.316119  0.973824
0.472993 0.110945 0.973807 0.472966 -0.31612 0.973812
0.472992 0.110945 0.973794 0.472965 -0.31612   0.9738
 0.47299 0.110945 0.973782 0.472964 -0.31612 0.973787
0.472989 0.110946  0.97377 0.472962 -0.31612 0.973775
0.472988 0.110946 0.973758 0.472961 -0.31612 0.973763
0.472987 0.110946 0.973746  0.47296 -0.31612 0.973751
0.472986 0.110946 0.973734  0.472959 -0.316121  0.973739
0.472985 0.110946 0.973722  0.472958 -0.316121  0.973727
0.472984 0.110946  0.97371  0.472957 -0.316121  0.973715
0.472983 0.110947 0.973699  0.472956 -0.316121  0.973703
0.472983 0.110947 0.973687  0.472956 -0.316121  0.973692
0.472982 0.110947 0.973675  0.472955 -0.316122   0.97368
0.472981 0.110947 0.973664  0.472954 -0.316122  0.973668
 0.47298 0.110947 0.973652  0.472953 -0.316122  0.973657
 0.47298 0.110948 0.973641  0.472953 -0.316122  0.973645
0.472979 0.110948 0.973629  0.472952 -0.316122  0.973634
0.472979 0.110948 0.973618  0.472951 -0.316122  0.973623
0.472978 0.110948 0.973607  0.472951 -0.316123  0.973611
0.472978 0.110948 0.973596  0.472951 -0.316123    0.9736
0.472977 0.110948 0.973585   0.47295 -0.316123  0.973589
0.472977 0.110949 0.973574   0.47295 -0.316123  0.973578
0.472977 0.110949 0.973563   0.47295 -0.316123  0.973567
0.472977 0.110949 0.973552  0.472949 -0.316124  0.973556
0.472976 0.110949 0.973541  0.472949 -0.316124  0.973545
0.472976 0.110949 0.973531  0.472949 -0.316124  0.973535
0.472976  0.11095  0.97352  0.472949 -0.316124  0.973524
0.472976  0.11095 0.973509  0.472949 -0.316124  0.973513
0.472976  0.11095 0.973499  0.472949 -0.316125  0.973503
0.472977  0.11095 0.973489  0.472949 -0.316125  0.973493
0.472977  0.11095 0.973479   0.47295 -0.316125  0.973482
0.472977 0.110951 0.973468   0.47295 -0.316125  0.973472
0.472977 0.110951 0.973458   0.47295 -0.316125  0.973462
0.472978 0.110951 0.973448  0.472951 -0.316126  0.973452
0.472978 0.110951 0.973439  0.472951 -0.316126  0.973442
0.472979 0.110951 0.973429  0.472952 -0.316126  0.973432
 0.47298 0.110952 0.973419  0.472952 -0.316126  0.973423
 0.47298 0.110952 0.973409  0.472953 -0.316126  0.973413
0.472981 0.110952   0.9734  0.472954 -0.316126  0.973403
0.472982 0.110952 0.973391  0.472955 -0.316127  0.973394
0.472983 0.110952 0.973381  0.472955 -0.316127  0.973384
0.472984 0.110952 0.973372  0.472956 -0.316127  0.973375
0.472985 0.110953 0.973363  0.472957 -0.316127  0.973366
0.472986 0.110953 0.973354  0.472958 -0.316127  0.973357
0.472987 0.110953 0.973345   0.47296 -0.316127  0.973348
0.472988 0.110953 0.973336  0.472961 -0.316128  0.973339
0.472989 0.110953 0.973327  0.472962 -0.316128   0.97333
0.472991 0.110953 0.973318  0.472963 -0.316128  0.973321
0.472992 0.110954  0.97331  0.472965 -0.316128  0.973313
0.472994 0.110954 0.973301  0.472966 -0.316128  0.973304
0.472995 0.110954 0.973293  0.472968 -0.316128  0.973296
0.472997 0.110954 0.973285  0.472969 -0.316129  0.973287
0.472998 0.110954 0.973276  0.472971 -0.316129  0.973279
   0.473 0.110954 0.973268  0.472973 -0.316129  0.973271
0.473002 0.110955  0.97326  0.472974 -0.316129  0.973263
0.473004 0.110955 0.973252  0.472976 -0.316129  0.973254
0.473006 0.110955 0.973244  0.472978 -0.316129  0.973247
0.473008 0.110955 0.973237  0.47298 -0.31613 0.973239
 0.47301 0.110955 0.973229 0.472982 -0.31613 0.973231
0.473012 0.110956 0.973221 0.472984 -0.31613 0.973223
0.473014 0.110956 0.973214 0.472986 -0.31613 0.973216
0.473016 0.110956 0.973206 0.472989 -0.31613 0.973208
0.473018 0.110956 0.973199 0.472991 -0.31613   0.9732
0.473021 0.110956 0.973192  0.472993 -0.316131  0.973193
0.473023 0.110956 0.973184  0.472996 -0.316131  0.973186
0.473026 0.110957 0.973177  0.472998 -0.316131  0.973179
0.473028 0.110957  0.97317  0.473001 -0.316131  0.973171
0.473031 0.110957 0.973163  0.473003 -0.316131  0.973164
0.473033 0.110957 0.973156  0.473006 -0.316131  0.973157
0.473036 0.110957  0.97315  0.473009 -0.316132   0.97315
0.473039 0.110957 0.973143  0.473011 -0.316132  0.973144
0.473042 0.110957 0.973136  0.473014 -0.316132  0.973137
0.473044 0.110958  0.97313  0.473017 -0.316132   0.97313
0.473047 0.110958 0.973123   0.47302 -0.316132  0.973124
 0.47305 0.110958 0.973117  0.473023 -0.316132  0.973117
0.473053 0.110958  0.97311  0.473026 -0.316133   0.97311
0.473056 0.110958 0.973104  0.473029 -0.316133  0.973104
0.473059 0.110958 0.973098  0.473032 -0.316133  0.973098
0.473063 0.110959 0.973092  0.473035 -0.316133  0.973091
0.473066 0.110959 0.973086  0.473038 -0.316133  0.973085
0.473069 0.110959  0.97308  0.473042 -0.316133  0.973079
0.473072 0.110959 0.973074  0.473045 -0.316133  0.973073
0.473076 0.110959 0.973068  0.473048 -0.316134  0.973067
0.473079 0.110959 0.973062  0.473052 -0.316134  0.973061
0.473083 0.110959 0.973056  0.473055 -0.316134  0.973055
0.473086  0.11096 0.973051  0.473059 -0.316134  0.973049
 0.47309  0.11096 0.973045  0.473062 -0.316134  0.973043
0.473093  0.11096 0.973039  0.473066 -0.316134  0.973038
0.473097  0.11096 0.973034  0.473069 -0.316135  0.973032
  0.4731  0.11096 0.973029  0.473073 -0.316135  0.973026
0.473104  0.11096 0.973023  0.473077 -0.316135  0.973021
0.473108  0.11096 0.973018   0.47308 -0.316135  0.973015
0.473112 0.110961 0.973013  0.473084 -0.316135   0.97301
0.473116 0.110961 0.973007  0.473088 -0.316135  0.973004
0.473119 0.110961 0.973002  0.473092 -0.316135  0.972999
0.473123 0.110961 0.972997  0.473096 -0.316136  0.972994
0.473127 0.110961 0.972992    0.4731 -0.316136  0.972988
0.473131 0.110961 0.972987  0.473104 -0.316136  0.972983
0.473135 0.110961 0.972982  0.473108 -0.316136  0.972978
0.473139 0.110962 0.972977  0.473112 -0.316136  0.972973
0.473144 0.110962 0.972972  0.473116 -0.316136  0.972968
0.473148 0.110962 0.972968   0.47312 -0.316137  0.972963
0.473152 0.110962 0.972963  0.473124 -0.316137  0.972958
0.473156 0.110962 0.972958  0.473129 -0.316137  0.972953
 0.47316 0.110962 0.972954  0.473133 -0.316137  0.972948
0.473165 0.110963 0.972949  0.473137 -0.316137  0.972943
0.473169 0.110963 0.972944  0.473141 -0.316137  0.972938
0.473173 0.110963  0.97294  0.473146 -0.316137  0.972933
0.473178 0.110963 0.972935   0.47315 -0.316138  0.972929
0.473182 0.110963 0.972931  0.473154 -0.316138  0.972924
0.473187 0.110963 0.972927  0.473159 -0.316138  0.972919
0.473191 0.110963 0.972922  0.473163 -0.316138  0.972915
0.473196 0.110964 0.972918  0.473168 -0.316138   0.97291
  0.4732 0.110964 0.972914  0.473172 -0.316138  0.972905
0.473205 0.110964  0.97291  0.473177 -0.316138  0.972901
0.473209 0.110964 0.972905  0.473181 -0.316139  0.972896
0.473214 0.110964 0.972901  0.473186 -0.316139  0.972892
0.473218 0.110964 0.972897  0.473191 -0.316139  0.972888
0.473223 0.110964 0.972893  0.473195 -0.316139  0.972883
0.473228 0.110965 0.972889    0.4732 -0.316139  0.972879
0.473233 0.110965 0.972885  0.473205 -0.316139  0.972874
0.473237 0.110965 0.972881  0.473209 -0.316139   0.97287
0.473242 0.110965 0.972877  0.473214 -0.316139  0.972866
0.473247 0.110965 0.972873 0.473219 -0.31614 0.972861
0.473252 0.110965 0.972869 0.473224 -0.31614 0.972857
0.473256 0.110965 0.972865 0.473229 -0.31614 0.972853
0.473261 0.110965 0.972861 0.473233 -0.31614 0.972849
0.473266 0.110966 0.972857 0.473238 -0.31614 0.972845
0.473271 0.110966 0.972853 0.473243 -0.31614  0.97284
0.473276 0.110966 0.972849 0.473248 -0.31614 0.972836
0.473281 0.110966 0.972845  0.473253 -0.316141  0.972832
0.473286 0.110966 0.972841  0.473258 -0.316141  0.972828
0.473291 0.110966 0.972837  0.473263 -0.316141  0.972824
0.473296 0.110966 0.972834  0.473268 -0.316141   0.97282
0.473301 0.110967  0.97283  0.473273 -0.316141  0.972816
0.473306 0.110967 0.972826  0.473278 -0.316141  0.972812
0.473311 0.110967 0.972822  0.473283 -0.316141  0.972808
0.473316 0.110967 0.972819  0.473288 -0.316142  0.972804
0.473321 0.110967 0.972815  0.473293 -0.316142    0.9728
0.473326 0.110967 0.972811  0.473298 -0.316142  0.972796
0.473331 0.110967 0.972807  0.473303 -0.316142  0.972792
0.473336 0.110967 0.972804  0.473308 -0.316142  0.972788
0.473341 0.110968   0.9728  0.473313 -0.316142  0.972784
0.473346 0.110968 0.972796  0.473319 -0.316142   0.97278
0.473351 0.110968 0.972793  0.473324 -0.316142  0.972776
0.473356 0.110968 0.972789  0.473329 -0.316143  0.972772
0.473361 0.110968 0.972785  0.473334 -0.316143  0.972769
0.473367 0.110968 0.972782  0.473339 -0.316143  0.972765
0.473372 0.110968 0.972778  0.473344 -0.316143  0.972761
0.473377 0.110969 0.972774   0.47335 -0.316143  0.972757
0.473382 0.110969 0.972771  0.473355 -0.316143  0.972753
0.473387 0.110969 0.972767   0.47336 -0.316143  0.972749
0.473392 0.110969 0.972764  0.473365 -0.316144  0.972745
0.473398 0.110969  0.97276   0.47337 -0.316144  0.972742
0.473403 0.110969 0.972757  0.473376 -0.316144  0.972738
0.473408 0.110969 0.972753  0.473381 -0.316144  0.972734
0.473413 0.110969 0.972749  0.473386 -0.316144   0.97273
0.473419  0.11097 0.972746  0.473391 -0.316144  0.972726
0.473424  0.11097 0.972742  0.473397 -0.316144  0.972723
0.473429  0.11097 0.972739  0.473402 -0.316144  0.972719
0.473434  0.11097 0.972735  0.473407 -0.316145  0.972715
 0.47344  0.11097 0.972732  0.473413 -0.316145  0.972711
0.473445  0.11097 0.972728  0.473418 -0.316145  0.972708
 0.47345  0.11097 0.972725  0.473423 -0.316145  0.972704
0.473455 0.110971 0.972721  0.473429 -0.316145    0.9727
0.473461 0.110971 0.972718  0.473434 -0.316145  0.972696
0.473466 0.110971 0.972714  0.473439 -0.316145  0.972693
0.473471 0.110971 0.972711  0.473445 -0.316146  0.972689
0.473477 0.110971 0.972707   0.47345 -0.316146  0.972685
0.473482 0.110971 0.972704  0.473455 -0.316146  0.972681
0.473487 0.110971   0.9727  0.473461 -0.316146  0.972678
0.473492 0.110972 0.972697  0.473466 -0.316146  0.972674
0.473498 0.110972 0.972694  0.473471 -0.316146   0.97267
0.473503 0.110972  0.97269  0.473477 -0.316146  0.972666
0.473508 0.110972 0.972687  0.473482 -0.316146  0.972663
0.473514 0.110972 0.972683  0.473488 -0.316147  0.972659
0.473519 0.110972  0.97268  0.473493 -0.316147  0.972655
0.473525 0.110972 0.972677  0.473498 -0.316147  0.972652
 0.47353 0.110972 0.972673  0.473504 -0.316147  0.972648
0.473535 0.110973  0.97267  0.473509 -0.316147  0.972644
0.473541 0.110973 0.972666  0.473515 -0.316147   0.97264
0.473546 0.110973 0.972663   0.47352 -0.316147  0.972637
0.473551 0.110973  0.97266  0.473525 -0.316148  0.972633
0.473557 0.110973 0.972656  0.473531 -0.316148  0.972629
0.473562 0.110973 0.972653  0.473536 -0.316148  0.972626
0.473567 0.110973 0.972649  0.473542 -0.316148  0.972622
0.473573 0.110974 0.972646  0.473547 -0.316148  0.972618
0.473578 0.110974 0.972643  0.473553 -0.316148  0.972614
0.473584 0.110974 0.972639  0.473558 -0.316148  0.972611
0.473589 0.110974 0.972636  0.473563 -0.316149  0.972607
0.473594 0.110974 0.972633  0.473569 -0.316149  0.972603
  0.4736 0.110974 0.972629  0.473574 -0.316149    0.9726
0.473605 0.110974 0.972626   0.47358 -0.316149  0.972596
0.473611 0.110975 0.972623  0.473585 -0.316149  0.972592
0.473616 0.110975 0.972619  0.473591 -0.316149  0.972588
0.473621 0.110975 0.972616  0.473596 -0.316149  0.972585
0.473627 0.110975 0.972613 0.473601 -0.31615 0.972581
0.473632 0.110975 0.972609 0.473607 -0.31615 0.972577
0.473638 0.110975 0.972606 0.473612 -0.31615 0.972573
0.473643 0.110975 0.972603 0.473618 -0.31615 0.972569
0.473648 0.110976   0.9726 0.473623 -0.31615 0.972566
0.473654 0.110976 0.972596 0.473629 -0.31615 0.972562
0.473659 0.110976 0.972593 0.473634 -0.31615 0.972558
0.473665 0.110976  0.97259  0.473639 -0.316151  0.972554
 0.47367 0.110976 0.972586  0.473645 -0.316151   0.97255
0.473676 0.110976 0.972583   0.47365 -0.316151  0.972547
0.473681 0.110976  0.97258  0.473656 -0.316151  0.972543
0.473686 0.110977 0.972577  0.473661 -0.316151  0.972539
0.473692 0.110977 0.972573  0.473667 -0.316151  0.972535
0.473697 0.110977  0.97257  0.473672 -0.316151  0.972531
0.473703 0.110977 0.972567  0.473677 -0.316151  0.972527
0.473708 0.110977 0.972563  0.473683 -0.316152  0.972523
0.473713 0.110977  0.97256  0.473688 -0.316152  0.972519
0.473719 0.110977 0.972557  0.473694 -0.316152  0.972516
0.473724 0.110978 0.972554  0.473699 -0.316152  0.972512
 0.47373 0.110978  0.97255  0.473704 -0.316152  0.972508
0.473735 0.110978 0.972547   0.47371 -0.316152  0.972504
0.473741 0.110978 0.972544  0.473715 -0.316152    0.9725
0.473746 0.110978 0.972541   0.47372 -0.316153  0.972496
0.473751 0.110978 0.972537  0.473726 -0.316153  0.972492
0.473757 0.110978 0.972534  0.473731 -0.316153  0.972488
0.473762 0.110979 0.972531  0.473736 -0.316153  0.972484
0.473768 0.110979 0.972528  0.473742 -0.316153   0.97248
0.473773 0.110979 0.972525  0.473747 -0.316153  0.972476
0.473779 0.110979 0.972521  0.473752 -0.316153  0.972472
0.473784 0.110979 0.972518  0.473758 -0.316154  0.972468
0.473789 0.110979 0.972515  0.473763 -0.316154  0.972464
0.473795 0.110979 0.972512  0.473768 -0.316154  0.972459
  0.4738  0.11098 0.972508  0.473774 -0.316154  0.972455
0.473806  0.11098 0.972505  0.473779 -0.316154  0.972451
0.473811  0.11098 0.972502  0.473784 -0.316154  0.972447
0.473816  0.11098 0.972499  0.473789 -0.316154  0.972443
0.473822  0.11098 0.972496  0.473795 -0.316155  0.972439
0.473827  0.11098 0.972493    0.4738 -0.316155  0.972435
0.473833  0.11098 0.972489  0.473805 -0.316155   0.97243
0.473838 0.110981 0.972486   0.47381 -0.316155  0.972426
0.473843 0.110981 0.972483  0.473816 -0.316155  0.972422
0.473849 0.110981  0.97248  0.473821 -0.316155  0.972418
0.473854 0.110981 0.972477  0.473826 -0.316155  0.972413
0.473859 0.110981 0.972473  0.473831 -0.316156  0.972409
0.473865 0.110981  0.97247  0.473836 -0.316156  0.972405
 0.47387 0.110981 0.972467  0.473841 -0.316156  0.972401
0.473875 0.110982 0.972464  0.473846 -0.316156  0.972396
0.473881 0.110982 0.972461  0.473852 -0.316156  0.972392
0.473886 0.110982 0.972458  0.473857 -0.316156  0.972388
0.473891 0.110982 0.972454  0.473862 -0.316156  0.972383
0.473897 0.110982 0.972451  0.473867 -0.316157  0.972379
0.473902 0.110982 0.972448  0.473872 -0.316157  0.972375
0.473907 0.110983 0.972445  0.473877 -0.316157   0.97237
0.473912 0.110983 0.972442  0.473882 -0.316157  0.972366
0.473918 0.110983 0.972439  0.473887 -0.316157  0.972361
0.473923 0.110983 0.972436  0.473892 -0.316157  0.972357
0.473928 0.110983 0.972432  0.473897 -0.316157  0.972352
0.473933 0.110983 0.972429  0.473902 -0.316158  0.972348
0.473939 0.110983 0.972426  0.473907 -0.316158  0.972344
0.473944 0.110984 0.972423  0.473912 -0.316158  0.972339
0.473949 0.110984  0.97242  0.473917 -0.316158  0.972335
0.473954 0.110984 0.972417  0.473922 -0.316158   0.97233
 0.47396 0.110984 0.972414  0.473926 -0.316158  0.972325
0.473965 0.110984 0.972411  0.473931 -0.316158  0.972321
 0.47397 0.110984 0.972408  0.473936 -0.316159  0.972316
0.473975 0.110984 0.972405  0.473941 -0.316159  0.972312
 0.47398 0.110985 0.972402  0.473946 -0.316159  0.972307
0.473985 0.110985 0.972398   0.47395 -0.316159  0.972302
 0.47399 0.110985 0.972395  0.473955 -0.316159  0.972298
0.473995 0.110985 0.972392   0.47396 -0.316159  0.972293
   0.474 0.110985 0.972389  0.473965 -0.316159  0.972289
0.474005 0.110985 0.972386 0.473969 -0.31616 0.972284
 0.47401 0.110985 0.972383 0.473974 -0.31616 0.972279
0.474015 0.110986  0.97238 0.473978 -0.31616 0.972274
 0.47402 0.110986 0.972377 0.473983 -0.31616  0.97227
0.474025 0.110986 0.972374 0.473988 -0.31616 0.972265
 0.47403 0.110986 0.972371 0.473992 -0.31616  0.97226
0.474035 0.110986 0.972368 0.473997 -0.31616 0.972255
 0.47404 0.110986 0.972365  0.474001 -0.316161  0.972251
0.474045 0.110987 0.972362  0.474006 -0.316161  0.972246
 0.47405 0.110987 0.972359   0.47401 -0.316161  0.972241
0.474055 0.110987 0.972356  0.474014 -0.316161  0.972236
 0.47406 0.110987 0.972353  0.474019 -0.316161  0.972231
0.474064 0.110987  0.97235  0.474023 -0.316161  0.972226
0.474069 0.110987 0.972348  0.474027 -0.316162  0.972222
0.474074 0.110987 0.972345  0.474032 -0.316162  0.972217
0.474079 0.110988 0.972342  0.474036 -0.316162  0.972212
0.474084 0.110988 0.972339   0.47404 -0.316162  0.972207
0.474088 0.110988 0.972336  0.474044 -0.316162  0.972202
0.474093 0.110988 0.972333  0.474049 -0.316162  0.972197
0.474098 0.110988  0.97233  0.474053 -0.316163  0.972192
0.474102 0.110988 0.972327  0.474057 -0.316163  0.972187
0.474107 0.110989 0.972324  0.474061 -0.316163  0.972182
0.474112 0.110989 0.972321  0.474065 -0.316163  0.972177
0.474116 0.110989 0.972319  0.474069 -0.316163  0.972172
0.474121 0.110989 0.972316  0.474073 -0.316163  0.972167
0.474126 0.110989 0.972313  0.474077 -0.316163  0.972161
 0.47413 0.110989  0.97231  0.474081 -0.316164  0.972156
0.474135  0.11099 0.972307  0.474085 -0.316164  0.972151
0.474139  0.11099 0.972304  0.474089 -0.316164  0.972146
0.474144  0.11099 0.972302  0.474093 -0.316164  0.972141
0.474149  0.11099 0.972299  0.474097 -0.316164  0.972136
0.474153  0.11099 0.972296  0.474101 -0.316164   0.97213
0.474158  0.11099 0.972293  0.474104 -0.316165  0.972125
0.474162  0.11099  0.97229  0.474108 -0.316165   0.97212
0.474167 0.110991 0.972288  0.474112 -0.316165  0.972115
0.474171 0.110991 0.972285  0.474116 -0.316165  0.972109
0.474176 0.110991 0.972282  0.474119 -0.316165  0.972104
 0.47418 0.110991 0.972279  0.474123 -0.316165  0.972099
0.474184 0.110991 0.972277  0.474127 -0.316166  0.972093
0.474189 0.110991 0.972274   0.47413 -0.316166  0.972088
0.474193 0.110991 0.972271  0.474134 -0.316166  0.972082
0.474198 0.110992 0.972268  0.474138 -0.316166  0.972077
0.474202 0.110992 0.972266  0.474141 -0.316166  0.972071
0.474206 0.110992 0.972263  0.474145 -0.316166  0.972066
0.474211 0.110992  0.97226  0.474148 -0.316166  0.972061
0.474215 0.110992 0.972258  0.474152 -0.316167  0.972055
0.474219 0.110992 0.972255  0.474155 -0.316167  0.972049
0.474224 0.110992 0.972252  0.474159 -0.316167  0.972044
0.474228 0.110993  0.97225  0.474162 -0.316167  0.972038
0.474232 0.110993 0.972247  0.474166 -0.316167  0.972033
0.474236 0.110993 0.972244  0.474169 -0.316167  0.972027
0.474241 0.110993 0.972242  0.474172 -0.316168  0.972021
0.474245 0.110993 0.972239  0.474176 -0.316168  0.972016
0.474249 0.110993 0.972236  0.474179 -0.316168   0.97201
0.474253 0.110993 0.972234  0.474182 -0.316168  0.972004
0.474257 0.110994 0.972231  0.474185 -0.316168  0.971998
0.474262 0.110994 0.972229  0.474189 -0.316168  0.971993
0.474266 0.110994 0.972226  0.474192 -0.316168  0.971987
 0.47427 0.110994 0.972223  0.474195 -0.316169  0.971981
0.474274 0.110994 0.972221  0.474198 -0.316169  0.971975
0.474278 0.110994 0.972218  0.474201 -0.316169  0.971969
0.474282 0.110994 0.972216  0.474204 -0.316169  0.971963
0.474286 0.110994 0.972213  0.474207 -0.316169  0.971957
 0.47429 0.110995 0.972211   0.47421 -0.316169  0.971951
0.474294 0.110995 0.972208 0.474213 -0.31617 0.971945
0.474298 0.110995 0.972205 0.474216 -0.31617 0.971939
0.474302 0.110995 0.972203 0.474219 -0.31617 0.971933
0.474306 0.110995   0.9722 0.474222 -0.31617 0.971927
 0.47431 0.110995 0.972198 0.474225 -0.31617 0.971921
0.474314 0.110995 0.972195 0.474228 -0.31617 0.971915
0.474318 0.110995 0.972193   0.47423 -0.316171  0.971909
0.474322 0.110996  0.97219  0.474233 -0.316171  0.971903
0.474326 0.110996 0.972188  0.474236 -0.316171  0.971897
 0.47433 0.110996 0.972185  0.474239 -0.316171   0.97189
0.474334 0.110996 0.972183  0.474241 -0.316171  0.971884
0.474338 0.110996  0.97218  0.474244 -0.316171  0.971878
0.474342 0.110996 0.972178  0.474247 -0.316171  0.971871
0.474346 0.110996 0.972176  0.474249 -0.316172  0.971865
0.474349 0.110996 0.972173  0.474252 -0.316172  0.971859
0.474353 0.110996 0.972171  0.474254 -0.316172  0.971852
0.474357 0.110997 0.972168  0.474257 -0.316172  0.971846
0.474361 0.110997 0.972166  0.474259 -0.316172   0.97184
0.474365 0.110997 0.972163  0.474262 -0.316172  0.971833
0.474368 0.110997 0.972161  0.474264 -0.316173  0.971826
0.474372 0.110997 0.972159  0.474267 -0.316173   0.97182
0.474376 0.110997 0.972156  0.474269 -0.316173  0.971813
0.474379 0.110997 0.972154  0.474271 -0.316173  0.971807
0.474383 0.110997 0.972151  0.474273 -0.316173    0.9718
0.474387 0.110997 0.972149  0.474276 -0.316173  0.971793
 0.47439 0.110998 0.972147  0.474278 -0.316174  0.971787
0.474394 0.110998 0.972144   0.47428 -0.316174   0.97178
0.474398 0.110998 0.972142  0.474282 -0.316174  0.971773
0.474401 0.110998  0.97214  0.474284 -0.316174  0.971766
0.474405 0.110998 0.972137  0.474287 -0.316174   0.97176
0.474408 0.110998 0.972135  0.474289 -0.316174  0.971753
0.474412 0.110998 0.972132  0.474291 -0.316174  0.971746
0.474415 0.110998  0.97213  0.474293 -0.316175  0.971739
0.474419 0.110998 0.972128  0.474295 -0.316175  0.971732
0.474422 0.110998 0.972126  0.474296 -0.316175  0.971725
0.474426 0.110998 0.972123  0.474298 -0.316175  0.971718
0.474429 0.110999 0.972121    0.4743 -0.316175  0.971711
0.474433 0.110999 0.972119  0.474302 -0.316175  0.971704
0.474436 0.110999 0.972116  0.474304 -0.316176  0.971697
 0.47444 0.110999 0.972114  0.474306 -0.316176   0.97169
0.474443 0.110999 0.972112  0.474307 -0.316176  0.971683
0.474446 0.110999  0.97211  0.474309 -0.316176  0.971675
 0.47445 0.110999 0.972107  0.474311 -0.316176  0.971668
0.474453 0.110999 0.972105  0.474312 -0.316176  0.971661
0.474456 0.110999 0.972103  0.474314 -0.316176  0.971653
 0.47446 0.110999 0.972101  0.474315 -0.316177  0.971646
0.474463 0.110999 0.972098  0.474317 -0.316177  0.971638
0.474466 0.110999 0.972096  0.474318 -0.316177  0.971631
0.474469    0.111 0.972094   0.47432 -0.316177  0.971624
0.474473    0.111 0.972092  0.474321 -0.316177  0.971616
0.474476    0.111  0.97209  0.474323 -0.316177  0.971609
0.474479    0.111 0.972087  0.474324 -0.316177  0.971601
0.474482    0.111 0.972085  0.474325 -0.316178  0.971593
0.474485    0.111 0.972083  0.474326 -0.316178  0.971586
0.474489    0.111 0.972081  0.474328 -0.316178  0.971578
0.474492    0.111 0.972079  0.474329 -0.316178   0.97157
0.474495    0.111 0.972077   0.47433 -0.316178  0.971562
0.474498    0.111 0.972075  0.474331 -0.316178  0.971555
0.474501    0.111 0.972072  0.474332 -0.316179  0.971547
0.474504    0.111  0.97207  0.474333 -0.316179  0.971539
0.474507    0.111 0.972068  0.474334 -0.316179  0.971531
 0.47451    0.111 0.972066  0.474335 -0.316179  0.971523
0.474513 0.111001 0.972064  0.474336 -0.316179  0.971515
0.474516 0.111001 0.972062  0.474337 -0.316179  0.971507
0.474519 0.111001  0.97206 0.474338 -0.31618 0.971499
0.474522 0.111001 0.972058 0.474339 -0.31618 0.971491
0.474525 0.111001 0.972056 0.474339 -0.31618 0.971483
0.474528 0.111001 0.972054  0.47434 -0.31618 0.971475
0.474531 0.111001 0.972052 0.474341 -0.31618 0.971466
0.474534 0.111001  0.97205 0.474341 -0.31618 0.971458
0.474536 0.111001 0.972047 0.474342 -0.31618  0.97145
0.474539 0.111001 0.972045  0.474342 -0.316181  0.971442
0.474542 0.111001 0.972043  0.474343 -0.316181  0.971433
0.474545 0.111001 0.972041  0.474343 -0.316181  0.971425
0.474548 0.111001 0.972039  0.474344 -0.316181  0.971417
 0.47455 0.111001 0.972037  0.474344 -0.316181  0.971408
0.474553 0.111001 0.972035  0.474345 -0.316181  0.971399
0.474556 0.111001 0.972033  0.474345 -0.316182  0.971391
0.474559 0.111001 0.972032  0.474345 -0.316182  0.971382
0.474561 0.111002  0.97203  0.474346 -0.316182  0.971374
0.474564 0.111002 0.972028  0.474346 -0.316182  0.971365
0.474567 0.111002 0.972026  0.474346 -0.316182  0.971357
0.474569 0.111002 0.972024  0.474346 -0.316182  0.971348
0.474572 0.111002 0.972022  0.474346 -0.316182  0.971339
0.474574 0.111002  0.97202  0.474346 -0.316183   0.97133
0.474577 0.111002 0.972018  0.474346 -0.316183  0.971321
 0.47458 0.111002 0.972016  0.474346 -0.316183  0.971312
0.474582 0.111002 0.972014  0.474346 -0.316183  0.971303
0.474585 0.111002 0.972012  0.474346 -0.316183  0.971294
0.474587 0.111002  0.97201  0.474346 -0.316183  0.971285
 0.47459 0.111002 0.972009  0.474346 -0.316184  0.971276
0.474592 0.111002 0.972007  0.474345 -0.316184  0.971267
0.474595 0.111002 0.972005  0.474345 -0.316184  0.971258
0.474597 0.111002 0.972003  0.474345 -0.316184  0.971249
0.474599 0.111002 0.972001  0.474344 -0.316184   0.97124
0.474602 0.111002 0.971999  0.474344 -0.316184   0.97123
0.474604 0.111002 0.971997  0.474344 -0.316185  0.971221
0.474606 0.111002 0.971996  0.474343 -0.316185  0.971212
0.474609 0.111002 0.971994  0.474343 -0.316185  0.971202
0.474611 0.111002 0.971992  0.474342 -0.316185  0.971193
0.474613 0.111002  0.97199  0.474341 -0.316185  0.971183
0.474616 0.111002 0.971988  0.474341 -0.316185  0.971174
0.474618 0.111002 0.971987   0.47434 -0.316185  0.971164
 0.47462 0.111002 0.971985  0.474339 -0.316186  0.971155
0.474622 0.111003 0.971983  0.474339 -0.316186  0.971145
0.474625 0.111003 0.971982  0.474338 -0.316186  0.971135
0.474627 0.111003  0.97198  0.474337 -0.316186  0.971125
0.474629 0.111003 0.971979  0.474336 -0.316186  0.971116
0.474631 0.111002 0.971978  0.474335 -0.316186  0.971106
0.474633 0.111002 0.971977  0.474334 -0.316187  0.971096
0.474635 0.111002 0.971976  0.474333 -0.316187  0.971086
0.474637 0.111002 0.971976  0.474332 -0.316187  0.971076
0.474639 0.111002 0.971975  0.474331 -0.316187  0.971066
0.474641 0.111002 0.971975   0.47433 -0.316187  0.971056
0.474642 0.111002 0.971975  0.474328 -0.316187  0.971046
0.474644 0.111002 0.971975  0.474327 -0.316187  0.971036
0.474646 0.111002 0.971975  0.474326 -0.316188  0.971025
0.474648 0.111002 0.971976  0.474324 -0.316188  0.971015
0.474649 0.111002 0.971976  0.474323 -0.316188  0.971005
0.474651 0.111001 0.971977  0.474322 -0.316188  0.970994
0.474652 0.111001 0.971978   0.47432 -0.316188  0.970984
0.474654 0.111001 0.971979  0.474319 -0.316188  0.970973
0.474655 0.111001 0.971981  0.474317 -0.316189  0.970963
0.474657 0.111001 0.971982  0.474316 -0.316189  0.970952
0.474658    0.111 0.971984  0.474314 -0.316189  0.970942
 0.47466    0.111 0.971985  0.474312 -0.316189  0.970931
0.474661    0.111 0.971987  0.474311 -0.316189   0.97092
0.474662    0.111 0.971989  0.474309 -0.316189   0.97091
0.474664 0.110999 0.971991  0.474307 -0.316189  0.970899
0.474665 0.110999 0.971994 0.474305 -0.31619 0.970888
0.474666 0.110999 0.971996 0.474303 -0.31619 0.970877
0.474667 0.110999 0.971999 0.474302 -0.31619 0.970866
0.474668 0.110998 0.972002   0.4743 -0.31619 0.970855
0.474669 0.110998 0.972005 0.474298 -0.31619 0.970844
0.474671 0.110998 0.972008 0.474296 -0.31619 0.970833
0.474672 0.110997 0.972012 0.474293 -0.31619 0.970822
0.474673 0.110997 0.972015  0.474291 -0.316191  0.970811
0.474674 0.110996 0.972019  0.474289 -0.316191  0.970799
0.474674 0.110996 0.972023  0.474287 -0.316191  0.970788
0.474675 0.110996 0.972027  0.474285 -0.316191  0.970777
0.474676 0.110995 0.972031  0.474282 -0.316191  0.970765
0.474677 0.110995 0.972035   0.47428 -0.316191  0.970754
0.474678 0.110994  0.97204  0.474278 -0.316191  0.970742
0.474678 0.110994 0.972044  0.474275 -0.316192  0.970731
0.474679 0.110994 0.972049  0.474273 -0.316192  0.970719
 0.47468 0.110993 0.972054   0.47427 -0.316192  0.970708
0.474681 0.110993 0.972059  0.474267 -0.316192  0.970696
0.474681 0.110992 0.972064  0.474265 -0.316192  0.970684
0.474682 0.110992 0.972069  0.474262 -0.316192  0.970672
0.474682 0.110991 0.972075  0.474259 -0.316192  0.970661
0.474683 0.110991 0.972081  0.474256 -0.316193  0.970649
0.474683  0.11099 0.972086  0.474254 -0.316193  0.970636
0.474684  0.11099 0.972092  0.474251 -0.316193  0.970624
0.474684 0.110989 0.972099  0.474248 -0.316193  0.970612
0.474684 0.110989 0.972105  0.474245 -0.316193    0.9706
0.474685 0.110988 0.972111  0.474242 -0.316193  0.970588
0.474685 0.110987 0.972118  0.474239 -0.316193  0.970576
0.474685 0.110987 0.972125  0.474236 -0.316194  0.970564
0.474686 0.110986 0.972131  0.474232 -0.316194  0.970551
0.474686 0.110986 0.972138  0.474229 -0.316194  0.970539
0.474686 0.110985 0.972145  0.474226 -0.316194  0.970526
0.474686 0.110984 0.972152  0.474223 -0.316194  0.970514
0.474686 0.110984  0.97216  0.474219 -0.316194  0.970501
0.474686 0.110983 0.972168  0.474216 -0.316194  0.970488
0.474686 0.110983 0.972175  0.474212 -0.316194  0.970476
0.474686 0.110982 0.972183  0.474209 -0.316195  0.970463
0.474686 0.110981 0.972191  0.474205 -0.316195   0.97045
0.474686 0.110981 0.972199  0.474202 -0.316195  0.970438
0.474686  0.11098 0.972207  0.474198 -0.316195  0.970425
0.474686 0.110979 0.972216  0.474194 -0.316195  0.970412
0.474686 0.110978 0.972224   0.47419 -0.316195  0.970399
0.474685 0.110978 0.972233  0.474187 -0.316195  0.970386
0.474685 0.110977 0.972241  0.474183 -0.316195  0.970372
0.474685 0.110976  0.97225  0.474179 -0.316196  0.970359
0.474685 0.110976  0.97226  0.474175 -0.316196  0.970346
0.474684 0.110975 0.972269  0.474171 -0.316196  0.970332
0.474684 0.110974 0.972278  0.474167 -0.316196  0.970319
0.474683 0.110973 0.972288  0.474163 -0.316196  0.970306
0.474683 0.110972 0.972297  0.474158 -0.316196  0.970292
0.474683 0.110972 0.972307  0.474154 -0.316196  0.970279
0.474682 0.110971 0.972317   0.47415 -0.316196  0.970265
0.474682  0.11097 0.972327  0.474146 -0.316197  0.970251
0.474681 0.110969 0.972337  0.474141 -0.316197  0.970238
 0.47468 0.110968 0.972347  0.474137 -0.316197  0.970224
 0.47468 0.110968 0.972358  0.474132 -0.316197   0.97021
0.474679 0.110967 0.972368  0.474128 -0.316197  0.970196
0.474678 0.110966 0.972379  0.474123 -0.316197  0.970182
0.474677 0.110965  0.97239  0.474118 -0.316197  0.970168
0.474677 0.110964 0.972401  0.474114 -0.316197  0.970154
0.474676 0.110963 0.972412  0.474109 -0.316197  0.970139
0.474675 0.110962 0.972423  0.474104 -0.316198  0.970125
0.474674 0.110961 0.972434  0.474099 -0.316198  0.970111
0.474673  0.11096 0.972446  0.474094 -0.316198  0.970097
0.474672  0.11096 0.972457  0.474089 -0.316198  0.970082
0.474671 0.110959 0.972469  0.474084 -0.316198  0.970067
 0.47467 0.110958 0.972481  0.474079 -0.316198  0.970053
0.474669 0.110957 0.972493  0.474074 -0.316198  0.970038
0.474668 0.110956 0.972505  0.474069 -0.316198  0.970023
0.474667 0.110955 0.972518  0.474064 -0.316198  0.970009
0.474666 0.110954  0.97253  0.474058 -0.316199  0.969994
0.474665 0.110953 0.972542  0.474053 -0.316199  0.969979
0.474664 0.110952 0.972555  0.474047 -0.316199  0.969964
0.474662 0.110951 0.972568  0.474042 -0.316199  0.969949
0.474661  0.11095  0.97258  0.474036 -0.316199  0.969934
 0.47466 0.110949 0.972593  0.474031 -0.316199  0.969919
0.474659 0.110948 0.972607  0.474025 -0.316199  0.969904
0.474657 0.110947  0.97262  0.474019 -0.316199  0.969888
0.474656 0.110946 0.972634  0.474014 -0.316199  0.969873
0.474654 0.110945 0.972647 0.474008  -0.3162 0.969857
0.474653 0.110944 0.972661 0.474002  -0.3162 0.969842
0.474651 0.110943 0.972675 0.473996  -0.3162 0.969826
 0.47465 0.110941 0.972689  0.47399  -0.3162 0.969811
0.474648  0.11094 0.972703 0.473984  -0.3162 0.969795
0.474647 0.110939 0.972717 0.473978  -0.3162  0.96978
0.474645 0.110938 0.972731 0.473972  -0.3162 0.969764
0.474643 0.110937 0.972746 0.473966  -0.3162 0.969748
0.474642 0.110936  0.97276 0.473959  -0.3162 0.969732
 0.47464 0.110935 0.972775 0.473953  -0.3162 0.969715
0.474638 0.110934 0.972791 0.473947  -0.3162 0.969699
0.474636 0.110933 0.972806   0.47394 -0.316201  0.969683
0.474634 0.110931 0.972821  0.473934 -0.316201  0.969667
0.474633  0.11093 0.972836  0.473927 -0.316201  0.969651
0.474631 0.110929 0.972852   0.47392 -0.316201  0.969634
0.474629 0.110928 0.972867  0.473914 -0.316201  0.969618
0.474627 0.110927 0.972883  0.473907 -0.316201  0.969601
0.474625 0.110926 0.972898    0.4739 -0.316201  0.969585
0.474623 0.110925 0.972914  0.473893 -0.316201  0.969568
0.474621 0.110923  0.97293  0.473886 -0.316201  0.969551
0.474619 0.110922 0.972947   0.47388 -0.316201  0.969534
0.474616 0.110921 0.972963  0.473872 -0.316201  0.969517
0.474614  0.11092  0.97298  0.473865 -0.316201    0.9695
0.474612  0.11092 0.972997  0.473858 -0.316201  0.969483
 0.47461 0.110919 0.973014  0.473851 -0.316201  0.969466
0.474607 0.110918  0.97303  0.473844 -0.316202  0.969449
0.474605 0.110917 0.973047  0.473836 -0.316202  0.969432
0.474603 0.110917 0.973064  0.473829 -0.316202  0.969415
  0.4746 0.110916 0.973081  0.473822 -0.316202  0.969397
0.474598 0.110916 0.973099  0.473814 -0.316202   0.96938
0.474595 0.110915 0.973116  0.473807 -0.316202  0.969362
0.474593 0.110915 0.973134  0.473799 -0.316202  0.969344
 0.47459 0.110915 0.973152  0.473791 -0.316202  0.969326
0.474587 0.110914  0.97317  0.473784 -0.316202  0.969308
0.474584 0.110914 0.973189  0.473776 -0.316202  0.969291
0.474581 0.110914 0.973207  0.473768 -0.316202  0.969273
0.474579 0.110914 0.973225   0.47376 -0.316202  0.969255
0.474576 0.110914 0.973243  0.473752 -0.316203  0.969237
0.474573 0.110914 0.973262  0.473744 -0.316203  0.969219
0.474569 0.110914  0.97328  0.473736 -0.316203    0.9692
0.474566 0.110915 0.973299  0.473728 -0.316203  0.969182
0.474563 0.110915 0.973317   0.47372 -0.316203  0.969163
0.474559 0.110915 0.973337  0.473712 -0.316203  0.969145
0.474556 0.110915 0.973356  0.473703 -0.316203  0.969126
0.474552 0.110915 0.973375  0.473695 -0.316203  0.969108
0.474548 0.110916 0.973395  0.473687 -0.316203  0.969089
0.474544 0.110916 0.973414  0.473678 -0.316203   0.96907
0.474541 0.110916 0.973434   0.47367 -0.316203  0.969051
0.474537 0.110917 0.973453  0.473661 -0.316203  0.969033
0.474533 0.110917 0.973473  0.473653 -0.316204  0.969014
0.474528 0.110918 0.973492  0.473644 -0.316204  0.968995
0.474524 0.110918 0.973512  0.473635 -0.316204  0.968975
 0.47452 0.110919 0.973532  0.473626 -0.316204  0.968956
0.474515 0.110919 0.973552  0.473618 -0.316204  0.968936
0.474511  0.11092 0.973573  0.473609 -0.316204  0.968917
0.474506  0.11092 0.973594    0.4736 -0.316204  0.968897
0.474501 0.110921 0.973614  0.473591 -0.316204  0.968878
0.474496 0.110922 0.973635  0.473582 -0.316204  0.968858
0.474491 0.110922 0.973655  0.473572 -0.316204  0.968838
0.474486 0.110923 0.973676  0.473563 -0.316204  0.968819
0.474481 0.110924 0.973696  0.473554 -0.316205  0.968799
0.474476 0.110924 0.973717  0.473545 -0.316205  0.968779
0.474471 0.110925 0.973738  0.473535 -0.316205  0.968759
0.474465 0.110926 0.973759  0.473526 -0.316205  0.968738
 0.47446 0.110927  0.97378  0.473517 -0.316205  0.968718
0.474454 0.110928 0.973801  0.473507 -0.316205  0.968697
0.474448 0.110929 0.973823  0.473497 -0.316205  0.968677
0.474442 0.110929 0.973845  0.473488 -0.316205  0.968657
0.474436  0.11093 0.973866  0.473478 -0.316205  0.968636
 0.47443 0.110931 0.973888  0.473468 -0.316205  0.968616
0.474424 0.110932 0.973909  0.473458 -0.316206  0.968595
0.474418 0.110933 0.973931  0.473448 -0.316206  0.968574
0.474412 0.110934 0.973952  0.473438 -0.316206  0.968553
0.474405 0.110935 0.973974  0.473428 -0.316206  0.968532
0.474399 0.110936 0.973995  0.473418 -0.316206  0.968511
0.474392 0.110937 0.974018  0.473408 -0.316206   0.96849
0.474385 0.110938  0.97404  0.473398 -0.316206  0.968468
0.474378 0.110939 0.974062  0.473388 -0.316206  0.968447
0.474371  0.11094 0.974085  0.473378 -0.316206  0.968426
0.474364 0.110942 0.974107  0.473367 -0.316206  0.968404
0.474357 0.110943  0.97413  0.473357 -0.316207  0.968383
 0.47435 0.110944 0.974152  0.473346 -0.316207  0.968361
0.474342 0.110945 0.974174  0.473336 -0.316207  0.968339
0.474335 0.110946 0.974197  0.473325 -0.316207  0.968318
0.474327 0.110947 0.974219  0.473314 -0.316207  0.968296
 0.47432 0.110949 0.974242  0.473304 -0.316207  0.968273
0.474312  0.11095 0.974265  0.473293 -0.316207  0.968251
0.474304 0.110951 0.974288  0.473282 -0.316207  0.968229
0.474296 0.110952 0.974311  0.473271 -0.316207  0.968206
0.474288 0.110954 0.974335   0.47326 -0.316207  0.968184
 0.47428 0.110955 0.974358  0.473249 -0.316207  0.968162
0.474271 0.110956 0.974381  0.473238 -0.316208  0.968139
0.474263 0.110958 0.974404  0.473227 -0.316208  0.968117
0.474255 0.110959 0.974427  0.473215 -0.316208  0.968094
0.474246  0.11096  0.97445  0.473204 -0.316208  0.968071
0.474237 0.110962 0.974474  0.473193 -0.316208  0.968048
0.474229 0.110963 0.974497  0.473181 -0.316208  0.968025
 0.47422 0.110965 0.974521   0.47317 -0.316208  0.968002
0.474211 0.110966 0.974545  0.473158 -0.316208  0.967979
0.474202 0.110968 0.974569  0.473147 -0.316208  0.967955
0.474192 0.110969 0.974593  0.473135 -0.316208  0.967932
0.474183 0.110971 0.974618  0.473123 -0.316208  0.967909
0.474174 0.110972 0.974642  0.473111 -0.316209  0.967885
0.474164 0.110974 0.974666  0.473099 -0.316209  0.967862
0.474155 0.110975  0.97469  0.473087 -0.316209  0.967838
0.474145 0.110977 0.974714  0.473075 -0.316209  0.967814
0.474135 0.110978 0.974738  0.473063 -0.316209   0.96779
0.474126  0.11098 0.974762  0.473051 -0.316209  0.967766
0.474116 0.110981 0.974787  0.473039 -0.316209  0.967742
0.474106 0.110983 0.974812  0.473027 -0.316209  0.967718
0.474095 0.110985 0.974837  0.473014 -0.316209  0.967693
0.474085 0.110986 0.974862  0.473002 -0.316209  0.967669
0.474075 0.110988 0.974887  0.472989 -0.316209  0.967645
0.474064  0.11099 0.974912  0.472977 -0.316209   0.96762
0.474054 0.110991 0.974937  0.472964 -0.316209  0.967596
0.474043 0.110993 0.974962 0.472951 -0.31621 0.967571
0.474032 0.110995 0.974987 0.472939 -0.31621 0.967546
0.474022 0.110996 0.975012 0.472926 -0.31621 0.967521
0.474011 0.110998 0.975037 0.472913 -0.31621 0.967496
   0.474    0.111 0.975063   0.4729 -0.31621 0.967471
0.473989 0.111001 0.975088 0.472887 -0.31621 0.967446
0.473977 0.111003 0.975114 0.472874 -0.31621  0.96742
0.473966 0.111005  0.97514 0.472861 -0.31621 0.967395
0.473954 0.111007 0.975166 0.472847 -0.31621 0.967369
0.473943 0.111009 0.975192 0.472834 -0.31621 0.967344
0.473931  0.11101 0.975218 0.472821 -0.31621 0.967319
 0.47392 0.111012 0.975244 0.472807 -0.31621 0.967293
0.473908 0.111014  0.97527 0.472794 -0.31621 0.967267
0.473896 0.111016 0.975296  0.47278 -0.31621 0.967241
0.473884 0.111018 0.975322 0.472767 -0.31621 0.967215
0.473872  0.11102 0.975348 0.472753 -0.31621 0.967188
 0.47386 0.111021 0.975375  0.472739 -0.316211  0.967162
0.473848 0.111023 0.975402  0.472725 -0.316211  0.967136
0.473835 0.111025 0.975429  0.472711 -0.316211  0.967109
0.473823 0.111027 0.975456  0.472697 -0.316211  0.967083
 0.47381 0.111029 0.975483  0.472683 -0.316211  0.967056
0.473798 0.111031  0.97551  0.472669 -0.316211   0.96703
0.473785 0.111033 0.975537  0.472655 -0.316211  0.967003
0.473772 0.111035 0.975564   0.47264 -0.316211  0.966976
 0.47376 0.111037 0.975591  0.472626 -0.316211  0.966949
0.473747 0.111039 0.975618  0.472612 -0.316211  0.966922
0.473734 0.111041 0.975645  0.472597 -0.316211  0.966894
0.473721 0.111043 0.975673  0.472583 -0.316211  0.966867
0.473707 0.111045 0.975701  0.472568 -0.316211   0.96684
0.473694 0.111047 0.975729  0.472553 -0.316211  0.966812
 0.47368 0.111049 0.975757  0.472538 -0.316211  0.966785
0.473667 0.111051 0.975785  0.472523 -0.316211  0.966757
0.473653 0.111053 0.975813  0.472508 -0.316211   0.96673
0.473639 0.111055 0.975841  0.472493 -0.316211  0.966702
0.473626 0.111057 0.975869  0.472478 -0.316211  0.966674
0.473612 0.111059 0.975897  0.472463 -0.316211  0.966646
0.473598 0.111061 0.975925  0.472448 -0.316211  0.966617
0.473584 0.111063 0.975953  0.472433 -0.316211  0.966589
 0.47357 0.111065 0.975982  0.472417 -0.316211   0.96656
0.473555 0.111067 0.976011  0.472402 -0.316211  0.966532
0.473541 0.111069  0.97604  0.472386 -0.316211  0.966503
0.473526 0.111072 0.976069  0.472371 -0.316211  0.966474
0.473512 0.111074 0.976098  0.472355 -0.316211  0.966446
0.473497 0.111076 0.976127  0.472339 -0.316211  0.966417
0.473483 0.111078 0.976156  0.472323 -0.316211  0.966388
0.473468  0.11108 0.976185  0.472307 -0.316211  0.966359
0.473453 0.111082 0.976214  0.472291 -0.316211   0.96633
0.473438 0.111084 0.976243  0.472275 -0.316211    0.9663
0.473423 0.111086 0.976272  0.472259 -0.316211  0.966271
0.473408 0.111089 0.976302  0.472243 -0.316211  0.966241
0.473393 0.111091 0.976332  0.472227 -0.316211  0.966211
0.473377 0.111093 0.976362   0.47221 -0.316211  0.966182
0.473362 0.111095 0.976393  0.472194 -0.316211  0.966152
0.473346 0.111098 0.976423  0.472177 -0.316211  0.966122
 0.47333   0.1111 0.976453   0.47216 -0.316211  0.966093
0.473315 0.111102 0.976483  0.472144 -0.316211  0.966063
0.473299 0.111104 0.976513  0.472127 -0.316211  0.966032
0.473283 0.111106 0.976543   0.47211 -0.316211  0.966002
0.473267 0.111109 0.976573  0.472093 -0.316211  0.965971
0.473251 0.111111 0.976604  0.472076 -0.316211   0.96594
0.473235 0.111113 0.976634  0.472059 -0.316211   0.96591
0.473219 0.111115 0.976665  0.472042 -0.316211  0.965879
0.473202 0.111118 0.976697  0.472025 -0.316211  0.965848
0.473186  0.11112 0.976728  0.472008 -0.316211  0.965817
0.473169 0.111122  0.97676   0.47199 -0.316211  0.965786
0.473152 0.111125 0.976791  0.471973 -0.316211  0.965756
0.473136 0.111127 0.976822  0.471955 -0.316211  0.965724
0.473119 0.111129 0.976853  0.471937 -0.316211  0.965693
0.473102 0.111132 0.976884   0.47192 -0.316211  0.965661
0.473085 0.111134 0.976916  0.471902 -0.316211   0.96563
0.473068 0.111136 0.976947  0.471884 -0.316211  0.965598
0.473051 0.111139 0.976979  0.471866 -0.316211  0.965566
0.473034 0.111141 0.977011 0.471848 -0.31621 0.965534
0.473016 0.111143 0.977043  0.47183 -0.31621 0.965502
0.472999 0.111146 0.977076 0.471812 -0.31621  0.96547
0.472981 0.111148 0.977109 0.471793 -0.31621 0.965438
0.472963  0.11115 0.977141 0.471775 -0.31621 0.965406
0.472946 0.111153 0.977173 0.471756 -0.31621 0.965373
0.472928 0.111155 0.977206 0.471738 -0.31621 0.965341
 0.47291 0.111158 0.977238 0.471719 -0.31621 0.965308
0.472892  0.11116  0.97727 0.471701 -0.31621 0.965275
0.472874 0.111162 0.977303 0.471682 -0.31621 0.965242
0.472856 0.111165 0.977336 0.471663 -0.31621 0.965209
0.472838 0.111167 0.977369 0.471644 -0.31621 0.965176
0.472819  0.11117 0.977403  0.471625 -0.316209  0.965143
  0.4728 0.111172 0.977436  0.471606 -0.316209   0.96511
0.472782 0.111175  0.97747  0.471586 -0.316209  0.965077
0.472763 0.111177 0.977504  0.471567 -0.316209  0.965043
0.472744  0.11118 0.977538  0.471548 -0.316209   0.96501
0.472725 0.111182 0.977571  0.471528 -0.316209  0.964976
0.472707 0.111184 0.977605  0.471509 -0.316209  0.964942
0.472688 0.111187 0.977638  0.471489 -0.316209  0.964908
0.472669 0.111189 0.977672  0.471469 -0.316209  0.964874
0.472649 0.111192 0.977706   0.47145 -0.316208   0.96484
 0.47263 0.111194  0.97774   0.47143 -0.316208  0.964805
 0.47261 0.111197 0.977775   0.47141 -0.316208  0.964771
0.472591 0.111199  0.97781   0.47139 -0.316208  0.964737
0.472571 0.111202 0.977845  0.471369 -0.316208  0.964703
0.472551 0.111205  0.97788  0.471349 -0.316208  0.964668
0.472531 0.111207 0.977915  0.471329 -0.316207  0.964634
0.472512  0.11121  0.97795  0.471308 -0.316207  0.964599
0.472492 0.111212 0.977984  0.471288 -0.316207  0.964564
0.472472 0.111215 0.978019  0.471267 -0.316207  0.964528
0.472452 0.111217 0.978054  0.471247 -0.316207  0.964493
0.472431  0.11122 0.978089  0.471226 -0.316207  0.964458
0.472411 0.111222 0.978125  0.471205 -0.316206  0.964422
0.472391 0.111225 0.978161  0.471184 -0.316206  0.964387
 0.47237 0.111227 0.978197  0.471163 -0.316206  0.964351
0.472349  0.11123 0.978233  0.471142 -0.316206  0.964316
0.472328 0.111233  0.97827  0.471121 -0.316206   0.96428
0.472307 0.111235 0.978306    0.4711 -0.316205  0.964245
0.472287 0.111238 0.978342  0.471078 -0.316205  0.964209
0.472266  0.11124 0.978378  0.471057 -0.316205  0.964172
0.472245 0.111243 0.978414  0.471036 -0.316205  0.964136
0.472224 0.111246  0.97845  0.471014 -0.316204  0.964099
0.472202 0.111248 0.978486  0.470992 -0.316204  0.964063
0.472181 0.111251 0.978523  0.470971 -0.316204  0.964026
 0.47216 0.111254  0.97856  0.470949 -0.316204   0.96399
0.472138 0.111256 0.978597  0.470927 -0.316204  0.963953
0.472116 0.111259 0.978635  0.470905 -0.316203  0.963916
0.472094 0.111262 0.978673  0.470883 -0.316203   0.96388
0.472072 0.111264  0.97871   0.47086 -0.316203  0.963843
 0.47205 0.111267 0.978747  0.470838 -0.316202  0.963806
0.472028  0.11127 0.978785  0.470816 -0.316202  0.963768
0.472006 0.111272 0.978822  0.470793 -0.316202  0.963731
0.471984 0.111275 0.978859  0.470771 -0.316202  0.963693
0.471962 0.111278 0.978897  0.470748 -0.316201  0.963655
 0.47194  0.11128 0.978935  0.470726 -0.316201  0.963617
0.471917 0.111283 0.978973  0.470703 -0.316201   0.96358
0.471895 0.111286 0.979012  0.47068  -0.3162 0.963542
0.471872 0.111289  0.97905 0.470657  -0.3162 0.963504
0.471849 0.111291 0.979089 0.470634  -0.3162 0.963466
0.471826 0.111294 0.979128   0.47061 -0.316199  0.963428
0.471803 0.111297 0.979167  0.470587 -0.316199   0.96339
 0.47178   0.1113 0.979205  0.470564 -0.316199  0.963351
0.471757 0.111303 0.979244  0.470541 -0.316198  0.963312
0.471734 0.111305 0.979282  0.470517 -0.316198  0.963273
0.471711 0.111308 0.979321  0.470494 -0.316197  0.963234
0.471687 0.111311  0.97936   0.47047 -0.316197  0.963195
0.471664 0.111314 0.979399  0.470446 -0.316197  0.963156
 0.47164 0.111317 0.979439  0.470422 -0.316196  0.963117
0.471616  0.11132  0.97948  0.470398 -0.316196  0.963078
0.471592 0.111323  0.97952  0.470374 -0.316195  0.963039
0.471568 0.111325  0.97956   0.47035 -0.316195     0.963
0.471544 0.111328   0.9796  0.470326 -0.316195   0.96296
 0.47152 0.111331  0.97964  0.470302 -0.316194   0.96292
0.471496 0.111334 0.979679  0.470277 -0.316194   0.96288
0.471472 0.111337 0.979719  0.470253 -0.316193   0.96284
0.471447  0.11134 0.979759  0.470228 -0.316193    0.9628
0.471423 0.111343 0.979799  0.470204 -0.316192   0.96276
0.471398 0.111346  0.97984  0.470179 -0.316192   0.96272
0.471373 0.111349 0.979881  0.470154 -0.316191  0.962679
0.471348 0.111352 0.979922  0.470129 -0.316191  0.962639
0.471323 0.111355 0.979964 0.470104 -0.31619 0.962599
0.471298 0.111358 0.980005 0.470079 -0.31619 0.962558
0.471273 0.111361 0.980046  0.470053 -0.316189  0.962517
0.471248 0.111363 0.980088  0.470028 -0.316189  0.962476
0.471223 0.111366 0.980129  0.470003 -0.316188  0.962435
0.471197 0.111369  0.98017  0.469977 -0.316188  0.962394
0.471172 0.111372 0.980211  0.469952 -0.316187  0.962352
0.471147 0.111375 0.980252  0.469926 -0.316187  0.962311
0.471121 0.111378 0.980294    0.4699 -0.316186  0.962269
0.471095 0.111382 0.980336  0.469874 -0.316186  0.962228
0.471069 0.111385 0.980379  0.469848 -0.316185  0.962186
0.471043 0.111388 0.980422  0.469822 -0.316184  0.962145
0.471016 0.111391 0.980464  0.469796 -0.316184  0.962103
 0.47099 0.111394 0.980507   0.46977 -0.316183  0.962061
0.470964 0.111397 0.980549  0.469743 -0.316183  0.962019
0.470938   0.1114 0.980592  0.469717 -0.316182  0.961976
0.470911 0.111403 0.980634   0.46969 -0.316181  0.961933
0.470885 0.111406 0.980676  0.469664 -0.316181  0.961891
0.470858 0.111409 0.980719 0.469637 -0.31618 0.961848
0.470831 0.111412 0.980762   0.46961 -0.316179  0.961805
0.470804 0.111415 0.980805  0.469583 -0.316179  0.961763
0.470777 0.111419 0.980849  0.469556 -0.316178   0.96172
 0.47075 0.111422 0.980893  0.469529 -0.316177  0.961677
0.470722 0.111425 0.980937  0.469502 -0.316177  0.961634
0.470695 0.111428 0.980981  0.469474 -0.316176  0.961591
0.470668 0.111431 0.981025  0.469447 -0.316175  0.961547
 0.47064 0.111434 0.981068   0.46942 -0.316175  0.961503
0.470613 0.111438 0.981112  0.469392 -0.316174  0.961459
0.470585 0.111441 0.981155  0.469364 -0.316173  0.961415
0.470557 0.111444 0.981199  0.469337 -0.316172  0.961371
0.470529 0.111447 0.981243  0.469309 -0.316172  0.961328
0.470501  0.11145 0.981288  0.469281 -0.316171  0.961284
0.470473 0.111454 0.981333 0.469252 -0.31617  0.96124
0.470445 0.111457 0.981378  0.469224 -0.316169  0.961195
0.470416  0.11146 0.981424  0.469196 -0.316168  0.961151
0.470387 0.111463 0.981469  0.469167 -0.316168  0.961107
0.470359 0.111466 0.981514  0.469139 -0.316167  0.961062
 0.47033  0.11147 0.981559   0.46911 -0.316166  0.961017
0.470302 0.111473 0.981604  0.469082 -0.316165  0.960971
0.470273 0.111476 0.981648  0.469053 -0.316164  0.960926
0.470244 0.111479 0.981693  0.469024 -0.316164  0.960881
0.470215 0.111482 0.981739  0.468995 -0.316163  0.960836
0.470186 0.111485 0.981784  0.468966 -0.316162   0.96079
0.470156 0.111489 0.981831  0.468937 -0.316161  0.960745
0.470127 0.111492 0.981877 0.468907 -0.31616   0.9607
0.470097 0.111495 0.981924  0.468878 -0.316159  0.960654
0.470067 0.111498 0.981971  0.468848 -0.316158  0.960608
0.470037 0.111501 0.982017  0.468819 -0.316157  0.960562
0.470007 0.111504 0.982063  0.468789 -0.316156  0.960515
0.469978 0.111507 0.982109  0.468759 -0.316155  0.960469
0.469948  0.11151 0.982156   0.46873 -0.316154  0.960422
0.469918 0.111513 0.982202    0.4687 -0.316153  0.960376
0.469887 0.111516 0.982248  0.468669 -0.316152  0.960329
0.469857 0.111519 0.982295  0.468639 -0.316151  0.960283
0.469826 0.111522 0.982343 0.468609 -0.31615 0.960236
0.469795 0.111525 0.982391  0.468578 -0.316149  0.960189
0.469765 0.111528 0.982439  0.468548 -0.316148  0.960142
0.469733 0.111531 0.982487  0.468517 -0.316147  0.960095
0.469702 0.111534 0.982535  0.468486 -0.316146  0.960047
0.469671 0.111537 0.982583  0.468456 -0.316145      0.96
0.46964 0.11154 0.98263  0.468425 -0.316144  0.959952
0.469609 0.111542 0.982678  0.468394 -0.316143  0.959904
0.469578 0.111545 0.982725  0.468363 -0.316142  0.959856
0.469546 0.111548 0.982773  0.468331 -0.316141  0.959808
0.469515  0.11155 0.982821   0.4683 -0.31614  0.95976
0.469483 0.111553  0.98287  0.468268 -0.316139  0.959712
0.469451 0.111556  0.98292  0.468237 -0.316138  0.959664
0.469419 0.111558 0.982969  0.468205 -0.316137  0.959616
0.469386 0.111561 0.983019  0.468173 -0.316136  0.959567
0.469354 0.111563 0.983068  0.468142 -0.316134  0.959518
0.469322 0.111566 0.983117   0.46811 -0.316133  0.959469
0.469289 0.111568 0.983166  0.468078 -0.316132   0.95942
0.469257 0.111571 0.983215  0.468045 -0.316131  0.959371
0.469224 0.111573 0.983264 0.468013 -0.31613 0.959322
0.469192 0.111575 0.983313  0.467981 -0.316129  0.959272
0.469159 0.111578 0.983362  0.467948 -0.316128  0.959223
0.469126  0.11158 0.983412  0.467915 -0.316127  0.959174
0.469092 0.111582 0.983463  0.467883 -0.316126  0.959124
0.469059 0.111584 0.983514   0.46785 -0.316125  0.959074
0.469025 0.111587 0.983565  0.467817 -0.316124  0.959025
0.468991 0.111589 0.983616  0.467784 -0.316123  0.958974
0.468958 0.111591 0.983666  0.467751 -0.316122  0.958924
0.468924 0.111593 0.983716  0.467717 -0.316121  0.958873
 0.46889 0.111595 0.983767 0.467684 -0.31612 0.958823
0.468857 0.111597 0.983817  0.467651 -0.316119  0.958772
0.468823 0.111599 0.983867  0.467617 -0.316119  0.958722
0.468789 0.111601 0.983918  0.467583 -0.316118  0.958671
0.468754 0.111602 0.983969  0.467549 -0.316117   0.95862
 0.46872 0.111604 0.984021  0.467516 -0.316116  0.958569
0.468685 0.111606 0.984074  0.467482 -0.316115  0.958518
 0.46865 0.111608 0.984126  0.467447 -0.316115  0.958467
0.468615  0.11161 0.984178  0.467413 -0.316114  0.958415
 0.46858 0.111612  0.98423  0.467379 -0.316113  0.958363
0.468545 0.111613 0.984282  0.467344 -0.316112  0.958311
 0.46851 0.111615 0.984333   0.46731 -0.316112  0.958259
0.468475 0.111617 0.984385  0.467275 -0.316111  0.958207
 0.46844 0.111618 0.984437   0.46724 -0.316111  0.958155
0.468404  0.11162 0.984488 0.467205 -0.31611 0.958103
0.468368 0.111621 0.984541   0.46717 -0.316109   0.95805
0.468333 0.111623 0.984594  0.467135 -0.316109  0.957998
0.468296 0.111624 0.984648    0.4671 -0.316108  0.957945
 0.46826 0.111626 0.984701  0.467065 -0.316108  0.957893
0.468224 0.111627 0.984755  0.467029 -0.316107   0.95784
0.468188 0.111629 0.984808  0.466994 -0.316107  0.957786
0.468151  0.11163 0.984861  0.466958 -0.316106  0.957733
0.468115 0.111631 0.984914  0.466922 -0.316106   0.95768
0.468078 0.111633 0.984967  0.466886 -0.316106  0.957626
0.468042 0.111634  0.98502   0.46685 -0.316105  0.957572
0.468005 0.111635 0.985073  0.466814 -0.316105  0.957519
0.467968 0.111637 0.985127  0.466778 -0.316105  0.957465
0.467931 0.111638 0.985181  0.466742 -0.316104  0.957411
0.467893 0.111639 0.985236  0.466705 -0.316104  0.957357
0.467856  0.11164 0.985291  0.466669 -0.316104  0.957303
0.467818 0.111641 0.985346  0.466632 -0.316103  0.957248
0.467781 0.111642 0.985401  0.466595 -0.316103  0.957193
0.467743 0.111643 0.985455  0.466558 -0.316103  0.957139
0.467705 0.111644  0.98551  0.466521 -0.316103  0.957084
0.467667 0.111645 0.985564  0.466484 -0.316103  0.957029
0.467629 0.111646 0.985618  0.466447 -0.316103  0.956973
0.467591 0.111647 0.985672  0.466409 -0.316103  0.956918
0.467553 0.111648 0.985727  0.466372 -0.316102  0.956863
0.467514 0.111649 0.985783  0.466334 -0.316102  0.956807
0.467476  0.11165 0.985839  0.466297 -0.316102  0.956752
0.467437 0.111651 0.985895  0.466259 -0.316102  0.956696
0.467398 0.111652 0.985951  0.466221 -0.316102   0.95664
0.467359 0.111653 0.986007  0.466183 -0.316102  0.956583
0.467319 0.111654 0.986063  0.466145 -0.316102  0.956527
 0.46728 0.111654 0.986119  0.466106 -0.316102   0.95647
0.467241 0.111655 0.986175  0.466068 -0.316102  0.956414
0.467202 0.111656  0.98623   0.46603 -0.316103  0.956357
0.467162 0.111656 0.986286  0.465991 -0.316103    0.9563
0.467123 0.111657 0.986342  0.465952 -0.316103  0.956243
0.467083 0.111658 0.986398  0.465914 -0.316103  0.956186
0.467043 0.111658 0.986455  0.465875 -0.316103  0.956129
0.467002 0.111659 0.986513  0.465836 -0.316103  0.956071
0.466962  0.11166 0.986571  0.465796 -0.316103  0.956013
0.466921  0.11166 0.986628  0.465757 -0.316104  0.955955
0.466881 0.111661 0.986685  0.465718 -0.316104  0.955897
 0.46684 0.111662 0.986742  0.465678 -0.316104  0.955839
  0.4668 0.111662 0.986799  0.465639 -0.316104   0.95578
0.466759 0.111663 0.986856  0.465599 -0.316105  0.955722
0.466718 0.111663 0.986913  0.465559 -0.316105  0.955663
0.466677 0.111664  0.98697  0.465519 -0.316105  0.955605
0.466636 0.111664 0.987028  0.465479 -0.316106  0.955546
0.466594 0.111664 0.987086  0.465439 -0.316106  0.955486
0.466553 0.111665 0.987145  0.465399 -0.316106  0.955427
0.466511 0.111666 0.987204  0.465358 -0.316107  0.955368
0.466469 0.111666 0.987262  0.465318 -0.316107  0.955308
0.466427 0.111666 0.987321  0.465277 -0.316107  0.955248
0.466385 0.111667 0.987379  0.465236 -0.316108  0.955188
0.466343 0.111667 0.987438  0.465196 -0.316108  0.955128
  0.4663 0.111668 0.987496  0.465155 -0.316109  0.955067
0.466258 0.111668 0.987554  0.465114 -0.316109  0.955007
0.466216 0.111668 0.987612 0.465072 -0.31611 0.954946
0.466173 0.111669 0.987671 0.465031 -0.31611 0.954885
 0.46613 0.111669  0.98773   0.46499 -0.316111  0.954825
0.466087 0.111669  0.98779  0.464948 -0.316111  0.954763
0.466044  0.11167  0.98785  0.464906 -0.316112  0.954702
  0.466 0.11167 0.98791  0.464865 -0.316112   0.95464
0.465957  0.11167  0.98797  0.464823 -0.316113  0.954579
0.465913  0.11167  0.98803  0.464781 -0.316113  0.954517
 0.46587 0.111671 0.988089  0.464739 -0.316114  0.954455
0.465826 0.111671 0.988149  0.464696 -0.316114  0.954392
0.465782 0.111671 0.988208  0.464654 -0.316115   0.95433
0.465739 0.111671 0.988267  0.464612 -0.316116  0.954268
0.465695 0.111672 0.988327  0.464569 -0.316116  0.954205
 0.46565 0.111672 0.988387  0.464526 -0.316117  0.954142
0.465606 0.111672 0.988448  0.464484 -0.316118  0.954079
0.465561 0.111673  0.98851  0.464441 -0.316118  0.954016
0.465516 0.111673 0.988571  0.464398 -0.316119  0.953952
0.465471 0.111673 0.988633  0.464354 -0.316119  0.953889
0.465426 0.111673 0.988693 0.464311 -0.31612 0.953825
0.465381 0.111673 0.988754  0.464268 -0.316121  0.953761
0.465336 0.111673 0.988815  0.464224 -0.316122  0.953697
0.465291 0.111673 0.988875   0.46418 -0.316122  0.953633
0.465245 0.111673 0.988936  0.464137 -0.316123  0.953568
  0.4652 0.111673 0.988997  0.464093 -0.316124  0.953504
0.465154 0.111674 0.989058  0.464049 -0.316124  0.953439
0.465108 0.111674  0.98912  0.464005 -0.316125  0.953374
0.465062 0.111674 0.989183   0.46396 -0.316126  0.953309
0.465015 0.111674 0.989245  0.463916 -0.316127  0.953243
0.464968 0.111674 0.989308  0.463872 -0.316127  0.953178
0.464922 0.111674  0.98937  0.463827 -0.316128  0.953112
0.464875 0.111674 0.989432  0.463782 -0.316129  0.953046
0.464829 0.111674 0.989494 0.463737 -0.31613  0.95298
0.464782 0.111674 0.989556  0.463692 -0.316131  0.952914
0.464735 0.111674 0.989617  0.463647 -0.316131  0.952848
0.464688 0.111674 0.989679  0.463602 -0.316132  0.952781
0.464641 0.111674 0.989741  0.463557 -0.316133  0.952715
0.464594 0.111674 0.989805  0.463511 -0.316134  0.952648
0.464546 0.111674 0.989868  0.463466 -0.316135  0.952581
0.464498 0.111674 0.989932   0.46342 -0.316135  0.952513
0.464449 0.111674 0.989996  0.463374 -0.316136  0.952446
0.464401 0.111674 0.990059  0.463328 -0.316137  0.952378
0.464353 0.111674 0.990123  0.463282 -0.316137   0.95231
0.464305 0.111674 0.990186  0.463236 -0.316138  0.952243
0.464257 0.111674 0.990249  0.463189 -0.316138  0.952174
0.464209 0.111674 0.990311  0.463143 -0.316139  0.952106
 0.46416 0.111674 0.990374  0.463096 -0.316139  0.952038
0.464111 0.111674 0.990438   0.46305 -0.316139  0.951969
0.464062 0.111675 0.990502 0.463003 -0.31614   0.9519
0.464013 0.111675 0.990566 0.462955 -0.31614 0.951831
0.463963 0.111674 0.990631 0.462908 -0.31614 0.951762
0.463914 0.111674 0.990696 0.462861 -0.31614 0.951692
0.463864 0.111675 0.990761 0.462813 -0.31614 0.951623
0.463814 0.111675 0.990826 0.462766 -0.31614 0.951553
0.463764 0.111675  0.99089 0.462718 -0.31614 0.951483
0.463714 0.111675 0.990954  0.46267 -0.31614 0.951413
0.463665 0.111675 0.991018  0.462622 -0.316139  0.951343
0.463615 0.111675 0.991082  0.462574 -0.316139  0.951272
0.463564 0.111675 0.991146  0.462525 -0.316138  0.951202
0.463514 0.111675 0.991211  0.462477 -0.316138  0.951131
0.463463 0.111675 0.991277  0.462428 -0.316137   0.95106
0.463412 0.111675 0.991343  0.462379 -0.316137  0.950988
 0.46336 0.111676 0.991409  0.462331 -0.316136  0.950917
0.463309 0.111676 0.991475  0.462281 -0.316136  0.950845
0.463258 0.111676 0.991541  0.462232 -0.316135  0.950774
0.463206 0.111676 0.991606  0.462183 -0.316134  0.950702
0.463155 0.111676 0.991671  0.462133 -0.316133   0.95063
0.463103 0.111676 0.991736  0.462084 -0.316132  0.950557
0.463052 0.111676 0.991801  0.462034 -0.316131  0.950485
   0.463 0.111676 0.991867 0.461984 -0.31613 0.950412
0.462948 0.111676 0.991932  0.461934 -0.316128  0.950339
0.462895 0.111676 0.991999  0.461884 -0.316127  0.950266
0.462843 0.111676 0.992066  0.461834 -0.316126  0.950193
 0.46279 0.111676 0.992133  0.461783 -0.316124   0.95012
0.462737 0.111676 0.992201  0.461732 -0.316123  0.950046
0.462684 0.111677 0.992268  0.461682 -0.316121  0.949972
0.462631 0.111677 0.992334 0.461631 -0.31612 0.949898
0.462578 0.111677   0.9924   0.46158 -0.316118  0.949824
0.462524 0.111677 0.992467  0.461529 -0.316116   0.94975
0.462471 0.111677 0.992533  0.461477 -0.316114  0.949676
0.462418 0.111677 0.992599  0.461426 -0.316113  0.949601
0.462364 0.111677 0.992666  0.461374 -0.316111  0.949526
 0.46231 0.111677 0.992733  0.461322 -0.316109  0.949451
0.462256 0.111677 0.992801   0.46127 -0.316107  0.949376
0.462201 0.111678 0.992869  0.461218 -0.316104    0.9493
0.462147 0.111678 0.992938  0.461166 -0.316102  0.949225
0.462092 0.111678 0.993006 0.461114  -0.3161 0.949149
0.462037 0.111678 0.993074  0.461061 -0.316098  0.949073
0.461982 0.111678 0.993141  0.461009 -0.316095  0.948997
0.461928 0.111678 0.993208  0.460956 -0.316093  0.948921
0.461873 0.111679 0.993275 0.460903 -0.31609 0.948844
0.461818 0.111679 0.993343   0.46085 -0.316088  0.948768
0.461762 0.111679  0.99341  0.460797 -0.316085  0.948691
0.461707 0.111679 0.993478  0.460743 -0.316082  0.948614
0.461651 0.111679 0.993547  0.46069 -0.31608 0.948537
0.461595  0.11168 0.993617  0.460636 -0.316077  0.948459
0.461538  0.11168 0.993686  0.460582 -0.316074  0.948382
0.461482  0.11168 0.993756  0.460528 -0.316071  0.948304
0.461425  0.11168 0.993824  0.460474 -0.316068  0.948226
0.461369  0.11168 0.993893   0.46042 -0.316065  0.948148
0.461313 0.111681 0.993961  0.460366 -0.316062   0.94807
0.461256 0.111681  0.99403  0.460311 -0.316058  0.947991
0.461199 0.111681 0.994098  0.460256 -0.316055  0.947913
0.461142 0.111681 0.994166  0.460202 -0.316052  0.947834
0.461085 0.111682 0.994235  0.460147 -0.316048  0.947755
0.461028 0.111682 0.994305  0.460091 -0.316045  0.947676
 0.46097 0.111683 0.994375  0.460036 -0.316041  0.947596
0.460912 0.111683 0.994446  0.459981 -0.316038  0.947517
0.460853 0.111683 0.994516  0.459925 -0.316034  0.947437
0.460795 0.111683 0.994586  0.459869 -0.316031  0.947357
0.460737 0.111684 0.994656  0.459814 -0.316027  0.947277
0.460679 0.111684 0.994726  0.459758 -0.316023  0.947197
0.460621 0.111684 0.994795  0.459701 -0.316019  0.947117
0.460562 0.111684 0.994864  0.459645 -0.316016  0.947036
0.460504 0.111684 0.994933  0.459589 -0.316012  0.946956
0.460445 0.111685 0.995003  0.459532 -0.316008  0.946875
0.460386 0.111685 0.995074  0.459475 -0.316004  0.946794
0.460326 0.111685 0.995145 0.459418   -0.316 0.946712
0.460266 0.111686 0.995216  0.459361 -0.315996  0.946631
0.460206 0.111686 0.995288  0.459304 -0.315993   0.94655
0.460147 0.111686 0.995359  0.459246 -0.315989  0.946468
0.460087 0.111687  0.99543  0.459188 -0.315985  0.946386
0.460027 0.111687 0.995501  0.459131 -0.315981  0.946304
0.459967 0.111687 0.995571  0.459073 -0.315977  0.946222
0.459907 0.111687 0.995641  0.459015 -0.315973   0.94614
0.459847 0.111687 0.995711 0.458956 -0.31597 0.946058
0.459786 0.111688 0.995782  0.458898 -0.315966  0.945975
0.459725 0.111688 0.995853  0.458839 -0.315962  0.945892
0.459664 0.111688 0.995925   0.45878 -0.315959  0.945809
0.459602 0.111689 0.995998  0.458722 -0.315955  0.945726
0.459541 0.111689  0.99607  0.458662 -0.315951  0.945643
0.459479 0.111689 0.996142  0.458603 -0.315948   0.94556
0.459417 0.111689 0.996214  0.458544 -0.315944  0.945476
0.459356  0.11169 0.996286  0.458484 -0.315941  0.945393
0.459294  0.11169 0.996357  0.458424 -0.315937  0.945309
0.459232  0.11169 0.996428  0.458364 -0.315934  0.945226
0.45917 0.11169  0.9965 0.458304 -0.31593 0.945142
0.459108 0.111691 0.996571  0.458244 -0.315927  0.945058
0.459046 0.111691 0.996643  0.458183 -0.315924  0.944974
0.458983 0.111691 0.996716 0.458122 -0.31592  0.94489
 0.45892 0.111691 0.996789  0.458061 -0.315917  0.944806
0.458857 0.111691 0.996863     0.458 -0.315914  0.944722
0.458793 0.111692 0.996936  0.457938 -0.315911  0.944638
 0.45873 0.111692 0.997009  0.457876 -0.315908  0.944555
0.458666 0.111692 0.997082  0.457814 -0.315905  0.944472
0.458603 0.111692 0.997154  0.457752 -0.315902  0.944388
0.458539 0.111693 0.997226   0.45769 -0.315899  0.944305
0.458476 0.111693 0.997298  0.457627 -0.315896  0.944221
0.458412 0.111693 0.997371  0.457565 -0.315893  0.944136
0.458348 0.111693 0.997443 0.457502 -0.31589 0.944052
0.458283 0.111694 0.997517  0.457439 -0.315887  0.943968
0.458219 0.111694 0.997591  0.457375 -0.315884  0.943884
0.458153 0.111694 0.997665  0.457312 -0.315882    0.9438
0.458088 0.111694  0.99774  0.457248 -0.315879  0.943716
0.458023 0.111694 0.997814  0.457184 -0.315877  0.943632
0.457958 0.111694 0.997888   0.45712 -0.315874  0.943549
0.457893 0.111694 0.997961  0.457055 -0.315872  0.943465
0.457827 0.111694 0.998034  0.456991 -0.315869  0.943381
0.457762 0.111694 0.998107  0.456926 -0.315867  0.943297
0.457697 0.111694  0.99818  0.456861 -0.315865  0.943213
0.457631 0.111694 0.998254  0.456796 -0.315862  0.943129
0.457565 0.111695 0.998328 0.456731 -0.31586 0.943044
0.457498 0.111695 0.998403  0.456665 -0.315858   0.94296
0.457432 0.111695 0.998479    0.4566 -0.315856  0.942876
0.457365 0.111695 0.998554  0.456534 -0.315854  0.942792
0.457298 0.111695 0.998629  0.456468 -0.315852  0.942708
0.457231 0.111695 0.998704 0.456401 -0.31585 0.942624
0.457164 0.111694 0.998779  0.456335 -0.315848  0.942541
0.457097 0.111694 0.998853  0.456268 -0.315847  0.942457
 0.45703 0.111694 0.998927  0.456201 -0.315845  0.942373
0.456962 0.111694 0.999001  0.456134 -0.315843  0.942288
0.456895 0.111694 0.999075  0.456067 -0.315841  0.942204
0.456827 0.111694  0.99915    0.456 -0.31584 0.942119
0.456759 0.111694 0.999226  0.455932 -0.315838  0.942034
0.456691 0.111694 0.999302  0.455864 -0.315837   0.94195
0.456622 0.111694 0.999379  0.455796 -0.315835  0.941866
0.456553 0.111694 0.999455  0.455728 -0.315834  0.941782
0.456484 0.111693 0.999531  0.455659 -0.315833  0.941698
0.456415 0.111693 0.999606  0.455591 -0.315831  0.941614
0.456347 0.111693 0.999682 0.455522 -0.31583  0.94153
0.456278 0.111692 0.999757  0.455453 -0.315829  0.941446
0.456209 0.111692 0.999832  0.455384 -0.315828  0.941361
 0.45614 0.111692 0.999907  0.455314 -0.315826  0.941276
 0.45607 0.111692 0.999982  0.455245 -0.315825  0.941191
   0.456 0.111691  1.00006  0.455175 -0.315824  0.941107
 0.45593 0.111691  1.00014  0.455106 -0.315823  0.941022
 0.45586 0.111691  1.00021  0.455035 -0.315822  0.940938
0.455789 0.111691  1.00029  0.454965 -0.315822  0.940853
0.455718  0.11169  1.00037  0.454894 -0.315821  0.940769
0.455648  0.11169  1.00044 0.454824 -0.31582 0.940685
0.455577  0.11169  1.00052  0.454753 -0.315819  0.940601
0.455506 0.111689   1.0006  0.454682 -0.315819  0.940516
0.455435 0.111689  1.00067  0.454611 -0.315818  0.940431
0.455365 0.111689  1.00075  0.454539 -0.315817  0.940346
0.455293 0.111688  1.00082  0.454468 -0.315817  0.940261
0.455222 0.111688   1.0009  0.454396 -0.315816  0.940176
 0.45515 0.111688  1.00098  0.454324 -0.315816  0.940091
0.455078 0.111687  1.00106  0.454252 -0.315815  0.940006
0.455005 0.111687  1.00114  0.454179 -0.315815  0.939922
0.454932 0.111686  1.00121  0.454107 -0.315814  0.939838
 0.45486 0.111686  1.00129  0.454034 -0.315814  0.939753
0.454787 0.111685  1.00137  0.453961 -0.315814  0.939669
0.454715 0.111685  1.00145  0.453888 -0.315813  0.939584
0.454642 0.111684  1.00152  0.453815 -0.315813  0.939498
0.454569 0.111684   1.0016  0.453741 -0.315813  0.939413
0.454496 0.111683  1.00168  0.453667 -0.315813  0.939327
0.454423 0.111683  1.00175  0.453594 -0.315813  0.939242
0.454349 0.111682  1.00183   0.45352 -0.315812  0.939157
0.454275 0.111682  1.00191  0.453445 -0.315812  0.939072
0.454201 0.111681  1.00199  0.453371 -0.315812  0.938987
0.454126 0.111681  1.00207  0.453296 -0.315812  0.938902
0.454052  0.11168  1.00215  0.453221 -0.315812  0.938818
0.453977 0.111679  1.00223  0.453146 -0.315812  0.938733
0.453903 0.111679  1.00231  0.453071 -0.315812  0.938648
0.453828 0.111678  1.00238  0.452995 -0.315813  0.938562
0.453754 0.111677  1.00246   0.45292 -0.315813  0.938476
0.453679 0.111676  1.00254  0.452844 -0.315813   0.93839
0.453604 0.111676  1.00262  0.452768 -0.315813  0.938304
0.453528 0.111675   1.0027  0.452692 -0.315813  0.938219
0.453452 0.111675  1.00278  0.452616 -0.315813  0.938134
0.453376 0.111674  1.00286  0.452539 -0.315814  0.938048
0.453299 0.111673  1.00294  0.452462 -0.315814  0.937963
0.453223 0.111672  1.00302  0.452385 -0.315814  0.937878
0.453146 0.111672   1.0031  0.452308 -0.315815  0.937793
 0.45307 0.111671  1.00318  0.452231 -0.315815  0.937707
0.452994  0.11167  1.00325  0.452153 -0.315816  0.937621
0.452917 0.111669  1.00333  0.452075 -0.315816  0.937535
 0.45284 0.111668  1.00341  0.451998 -0.315816  0.937449
0.452763 0.111667  1.00349   0.45192 -0.315817  0.937363
0.452686 0.111667  1.00357  0.451841 -0.315817  0.937277
0.452608 0.111666  1.00365  0.451763 -0.315818  0.937191
 0.45253 0.111665  1.00373  0.451684 -0.315818  0.937106
0.452451 0.111664  1.00381  0.451605 -0.315819   0.93702
0.452373 0.111663  1.00389 0.451526 -0.31582 0.936935
0.452295 0.111663  1.00397 0.451447 -0.31582 0.936849
0.452216 0.111662  1.00405  0.451367 -0.315821  0.936763
0.452138 0.111661  1.00413  0.451288 -0.315822  0.936677
0.452059  0.11166  1.00421  0.451208 -0.315822   0.93659
0.451981 0.111659  1.00429  0.451128 -0.315823  0.936503
0.451902 0.111658  1.00437  0.451048 -0.315824  0.936417
0.451822 0.111657  1.00445  0.450968 -0.315824  0.936331
0.451743 0.111656  1.00453  0.450887 -0.315825  0.936245
0.451663 0.111655  1.00461  0.450806 -0.315826  0.936159
0.451582 0.111654   1.0047  0.450725 -0.315827  0.936073
0.451502 0.111653  1.00478  0.450644 -0.315827  0.935987
0.451421 0.111652  1.00486  0.450562 -0.315828  0.935901
0.451341 0.111651  1.00494  0.450481 -0.315829  0.935815
0.45126 0.11165 1.00502 0.450399 -0.31583 0.935728
 0.45118 0.111649   1.0051  0.450317 -0.315831  0.935641
0.451099 0.111648  1.00518  0.450235 -0.315832  0.935554
0.451019 0.111647  1.00526  0.450153 -0.315833  0.935467
0.450937 0.111647  1.00534  0.450071 -0.315833   0.93538
0.450856 0.111646  1.00542  0.449988 -0.315834  0.935294
0.450774 0.111645  1.00551  0.449905 -0.315835  0.935207
0.450691 0.111644  1.00559  0.449822 -0.315836  0.935121
0.450609 0.111643  1.00567  0.449738 -0.315837  0.935035
0.450526 0.111641  1.00575  0.449655 -0.315838  0.934948
0.450444  0.11164  1.00584  0.449571 -0.315839  0.934862
0.450361 0.111639  1.00592 0.449487 -0.31584 0.934774
0.450279 0.111638    1.006  0.449403 -0.315841  0.934687
0.450196 0.111637  1.00608  0.449319 -0.315842  0.934599
0.450114 0.111636  1.00616  0.449235 -0.315843  0.934512
 0.45003 0.111635  1.00624   0.44915 -0.315845  0.934425
0.449947 0.111634  1.00632  0.449065 -0.315846  0.934338
0.449863 0.111633  1.00641   0.44898 -0.315847  0.934251
0.449778 0.111632  1.00649  0.448895 -0.315848  0.934165
0.449694 0.111631  1.00657  0.448809 -0.315849  0.934078
0.449609 0.111629  1.00666 0.448723 -0.31585 0.933991
0.449525 0.111628  1.00674  0.448638 -0.315851  0.933904
 0.44944 0.111627  1.00682  0.448552 -0.315852  0.933816
0.449356 0.111626   1.0069  0.448466 -0.315854  0.933728
0.449271 0.111625  1.00699  0.448379 -0.315855   0.93364
0.449186 0.111623  1.00707  0.448293 -0.315856  0.933552
0.449101 0.111622  1.00715  0.448206 -0.315857  0.933465
0.449016 0.111621  1.00723  0.448119 -0.315858  0.933377
0.44893 0.11162 1.00731 0.448032 -0.31586  0.93329
0.448843 0.111619   1.0074  0.447944 -0.315861  0.933203
0.448757 0.111618  1.00748  0.447856 -0.315862  0.933116
 0.44867 0.111617  1.00757  0.447768 -0.315864  0.933028
0.448583 0.111616  1.00765   0.44768 -0.315865  0.932941
0.448496 0.111614  1.00773  0.447592 -0.315866  0.932853
 0.44841 0.111613  1.00782  0.447504 -0.315867  0.932764
0.448323 0.111612   1.0079  0.447415 -0.315869  0.932676
0.448236 0.111611  1.00798 0.447327 -0.31587 0.932587
0.448149  0.11161  1.00806  0.447238 -0.315871  0.932499
0.448062 0.111608  1.00814  0.447148 -0.315873  0.932411
0.447974 0.111607  1.00823  0.447059 -0.315874  0.932324
0.447885 0.111606  1.00831  0.446969 -0.315875  0.932236
0.447797 0.111605   1.0084  0.446879 -0.315877  0.932148
0.447708 0.111603  1.00848  0.446789 -0.315878   0.93206
0.447619 0.111602  1.00857 0.446699 -0.31588 0.931972
 0.44753 0.111601  1.00865  0.446609 -0.315881  0.931883
0.447441   0.1116  1.00873  0.446518 -0.315882  0.931794
0.447352 0.111598  1.00882  0.446428 -0.315884  0.931705
0.447263 0.111597   1.0089  0.446337 -0.315885  0.931617
0.447174 0.111596  1.00898  0.446245 -0.315887  0.931528
0.447084 0.111595  1.00906  0.446154 -0.315888  0.931439
0.446995 0.111594  1.00915 0.446062 -0.31589 0.931351
0.446904 0.111593  1.00923   0.44597 -0.315891  0.931263
0.446813 0.111591  1.00932  0.445878 -0.315893  0.931175
0.446722  0.11159   1.0094  0.445786 -0.315894  0.931086
0.446631 0.111589  1.00949  0.445693 -0.315896  0.930998
 0.44654 0.111587  1.00957  0.445601 -0.315897  0.930908
0.446449 0.111586  1.00966  0.445508 -0.315898  0.930819
0.446358 0.111584  1.00974 0.445415  -0.3159 0.930729
0.446267 0.111583  1.00982  0.445322 -0.315902   0.93064
0.446175 0.111582   1.0099  0.445229 -0.315903  0.930551
0.446084  0.11158  1.00999  0.445135 -0.315905  0.930462
0.445992 0.111579  1.01007  0.445041 -0.315906  0.930373
  0.4459 0.111578  1.01016  0.444947 -0.315908  0.930285
0.445807 0.111577  1.01024  0.444853 -0.315909  0.930196
0.445713 0.111575  1.01033  0.444758 -0.315911  0.930107
 0.44562 0.111574  1.01041  0.444663 -0.315913  0.930018
0.445527 0.111572   1.0105  0.444569 -0.315914  0.929928
0.445434 0.111571  1.01058  0.444474 -0.315916  0.929838
 0.44534 0.111569  1.01067  0.444378 -0.315917  0.929748
0.445247 0.111568  1.01075  0.444283 -0.315919  0.929658
0.445154 0.111566  1.01083  0.444187 -0.315921  0.929569
 0.44506 0.111565  1.01092  0.444091 -0.315922  0.929479
0.444966 0.111564    1.011  0.443995 -0.315924   0.92939
0.444871 0.111563  1.01109  0.443899 -0.315926  0.929301
0.444776 0.111561  1.01117  0.443802 -0.315927  0.929212
0.444681  0.11156  1.01126  0.443706 -0.315929  0.929122
0.444586 0.111558  1.01134  0.443609 -0.315931  0.929032
 0.44449 0.111557  1.01143  0.443512 -0.315932  0.928942
0.444394 0.111556  1.01151  0.443415 -0.315934  0.928852
0.444299 0.111554   1.0116  0.443317 -0.315936  0.928761
0.444203 0.111553  1.01168  0.443219 -0.315937  0.928671
0.444108 0.111551  1.01177  0.443122 -0.315939  0.928581
0.444012  0.11155  1.01185  0.443023 -0.315941  0.928491
0.443916 0.111548  1.01194  0.442925 -0.315943  0.928402
 0.44382 0.111547  1.01202  0.442826 -0.315944  0.928312
0.443723 0.111545  1.01211  0.442728 -0.315946  0.928222
0.443625 0.111544  1.01219  0.442629 -0.315948  0.928133
0.443527 0.111542  1.01228  0.44253 -0.31595 0.928042
0.443429 0.111541  1.01237   0.44243 -0.315951  0.927952
0.443332 0.111539  1.01245  0.442331 -0.315953  0.927861
0.443234 0.111538  1.01254  0.442231 -0.315955   0.92777
0.443136 0.111536  1.01262  0.442131 -0.315957   0.92768
0.443038 0.111535  1.01271  0.442031 -0.315958  0.927589
 0.44294 0.111534  1.01279 0.441931 -0.31596 0.927499
0.442842 0.111532  1.01287   0.44183 -0.315962  0.927409
0.442744 0.111531  1.01296  0.441729 -0.315964  0.927319
0.442645 0.111529  1.01304  0.441628 -0.315966  0.927229
0.442545 0.111528  1.01313  0.441527 -0.315968  0.927139
0.442445 0.111526  1.01322 0.441425 -0.31597 0.927048
0.442345 0.111525   1.0133  0.441324 -0.315971  0.926957
0.442245 0.111523  1.01339  0.441222 -0.315973  0.926866
0.442145 0.111521  1.01348   0.44112 -0.315975  0.926775
0.442045  0.11152  1.01356  0.441018 -0.315977  0.926684
0.441945 0.111518  1.01365  0.440916 -0.315979  0.926593
0.441844 0.111517  1.01373  0.440813 -0.315981  0.926502
0.441744 0.111515  1.01382   0.44071 -0.315983  0.926412
0.441643 0.111514   1.0139  0.440607 -0.315984  0.926322
0.441542 0.111513  1.01399  0.440504 -0.315986  0.926231
0.441441 0.111511  1.01407    0.4404 -0.315988  0.926141
0.441338  0.11151  1.01416 0.440297 -0.31599  0.92605
0.441236 0.111508  1.01425  0.440193 -0.315992  0.925959
0.441134 0.111506  1.01433  0.440089 -0.315994  0.925867
0.441031 0.111505  1.01442  0.439985 -0.315996  0.925776
0.440929 0.111503  1.01451   0.43988 -0.315998  0.925684
0.440827 0.111501  1.01459 0.439776   -0.316 0.925593
0.440724   0.1115  1.01468  0.439671 -0.316002  0.925502
0.440622 0.111498  1.01476  0.439565 -0.316004  0.925412
0.440519 0.111497  1.01485   0.43946 -0.316006  0.925321
0.440416 0.111495  1.01493  0.439355 -0.316008   0.92523
0.440312 0.111494  1.01502 0.439249 -0.31601  0.92514
0.440208 0.111492  1.01511  0.439143 -0.316012  0.925048
0.440103  0.11149  1.01519  0.439037 -0.316013  0.924957
0.439998 0.111489  1.01528  0.438931 -0.316015  0.924865
0.439894 0.111487  1.01537  0.438824 -0.316017  0.924773
0.439789 0.111485  1.01545  0.438717 -0.316019  0.924682
0.439684 0.111484  1.01554   0.43861 -0.316021   0.92459
 0.43958 0.111482  1.01562  0.438503 -0.316023  0.924499
0.439475  0.11148  1.01571  0.438396 -0.316025  0.924408
 0.43937 0.111479  1.01579  0.438288 -0.316028  0.924317
0.439265 0.111477  1.01588  0.43818 -0.31603 0.924227
0.439159 0.111475  1.01597  0.438072 -0.316032  0.924136
0.439052 0.111474  1.01605  0.437964 -0.316034  0.924044
0.438945 0.111472  1.01614  0.437856 -0.316036  0.923952
0.438838  0.11147  1.01623  0.437747 -0.316038   0.92386
0.438731 0.111469  1.01632 0.437638 -0.31604 0.923768
0.438624 0.111467   1.0164   0.43753 -0.316042  0.923677
0.438517 0.111465  1.01649   0.43742 -0.316044  0.923585
 0.43841 0.111464  1.01657  0.437311 -0.316046  0.923494
0.438303 0.111462  1.01666  0.437201 -0.316048  0.923402
0.438196 0.111461  1.01674 0.437091 -0.31605 0.923311
0.438089 0.111459  1.01683  0.436981 -0.316052   0.92322
0.437981 0.111457  1.01692  0.436871 -0.316054  0.923129
0.437872 0.111456    1.017   0.43676 -0.316056  0.923038
0.437763 0.111454  1.01709   0.43665 -0.316058  0.922946
0.437654 0.111452  1.01718  0.436539 -0.316061  0.922854
0.437545  0.11145  1.01727  0.436428 -0.316063  0.922761
0.437435 0.111448  1.01735  0.436317 -0.316065  0.922669
0.437326 0.111447  1.01744  0.436205 -0.316067  0.922578
0.437217 0.111445  1.01753  0.436093 -0.316069  0.922486
0.437107 0.111443  1.01761  0.435981 -0.316071  0.922395
0.436998 0.111442   1.0177  0.435869 -0.316073  0.922304
0.436888  0.11144  1.01778  0.435757 -0.316076  0.922213
0.436778 0.111439  1.01787  0.435644 -0.316078  0.922121
0.436667 0.111437  1.01795 0.435531 -0.31608  0.92203
0.436556 0.111435  1.01804  0.435419 -0.316082  0.921937
0.436445 0.111433  1.01813  0.435305 -0.316084  0.921845
0.436333 0.111431  1.01822  0.435192 -0.316086  0.921753
0.436221 0.111429  1.01831  0.435079 -0.316088  0.921661
 0.43611 0.111427  1.01839  0.434965 -0.316091  0.921569
0.435998 0.111426  1.01848  0.434851 -0.316093  0.921477
0.435886 0.111424  1.01856  0.434737 -0.316095  0.921386
0.435775 0.111422  1.01865  0.434622 -0.316097  0.921295
0.435663  0.11142  1.01873 0.434507  -0.3161 0.921204
 0.43555 0.111419  1.01882  0.434392 -0.316102  0.921112
0.435438 0.111417  1.01891  0.434277 -0.316104   0.92102
0.435324 0.111415  1.01899  0.434162 -0.316106  0.920928
 0.43521 0.111414  1.01908  0.434047 -0.316108  0.920836
0.435096 0.111412  1.01917  0.433931 -0.316111  0.920744
0.434982  0.11141  1.01926  0.433815 -0.316113  0.920651
0.434868 0.111408  1.01935  0.433699 -0.316115   0.92056
0.434754 0.111406  1.01943  0.433583 -0.316117  0.920468
 0.43464 0.111404  1.01952 0.433467 -0.31612 0.920377
0.434526 0.111402   1.0196   0.43335 -0.316122  0.920285
0.434412   0.1114  1.01969  0.433233 -0.316124  0.920194
0.434298 0.111398  1.01977  0.433116 -0.316126  0.920103
0.434183 0.111396  1.01986  0.432998 -0.316129  0.920011
0.434067 0.111395  1.01995  0.432881 -0.316131  0.919919
0.433951 0.111393  1.02004  0.432763 -0.316133  0.919826
0.433835 0.111391  1.02012  0.432645 -0.316135  0.919734
0.433718 0.111389  1.02021  0.432527 -0.316138  0.919642
0.433602 0.111387   1.0203 0.432409 -0.31614  0.91955
0.433486 0.111385  1.02039   0.43229 -0.316142  0.919458
0.433369 0.111383  1.02047  0.432171 -0.316145  0.919367
0.433253 0.111381  1.02056  0.432052 -0.316147  0.919276
0.433137 0.111379  1.02064  0.431933 -0.316149  0.919185
 0.43302 0.111377  1.02073  0.431814 -0.316152  0.919093
0.432903 0.111375  1.02082  0.431694 -0.316154  0.919002
0.432786 0.111373   1.0209  0.431574 -0.316156   0.91891
0.432667 0.111371  1.02099  0.431454 -0.316158  0.918817
0.432549 0.111368  1.02108  0.431334 -0.316161  0.918725
 0.43243 0.111366  1.02117  0.431214 -0.316163  0.918633
0.432311 0.111364  1.02125  0.431093 -0.316165  0.918541
0.432192 0.111362  1.02134  0.430972 -0.316168   0.91845
0.432073  0.11136  1.02143 0.430851 -0.31617 0.918358
0.431955 0.111358  1.02151   0.43073 -0.316172  0.918267
0.431836 0.111357   1.0216  0.430608 -0.316175  0.918176
0.431717 0.111355  1.02168  0.430487 -0.316177  0.918085
0.431598 0.111353  1.02177 0.430365 -0.31618 0.917993
0.431478 0.111351  1.02186  0.430243 -0.316182  0.917901
0.431358 0.111349  1.02194  0.430121 -0.316184  0.917809
0.431237 0.111346  1.02203  0.429998 -0.316187  0.917717
0.431116 0.111344  1.02212  0.429875 -0.316189  0.917625
0.430995 0.111342  1.02221  0.429753 -0.316191  0.917534
0.430874 0.111339   1.0223  0.429629 -0.316194  0.917442
0.430753 0.111337  1.02238  0.429506 -0.316196  0.917351
0.430632 0.111335  1.02247  0.429382 -0.316199   0.91726
 0.43051 0.111333  1.02255  0.429259 -0.316201  0.917169
0.430389 0.111331  1.02264  0.429135 -0.316203  0.917078
0.430268 0.111329  1.02273  0.429011 -0.316206  0.916987
0.430146 0.111326  1.02281  0.428886 -0.316208  0.916895
0.430024 0.111324   1.0229  0.428762 -0.316211  0.916803
0.429901 0.111322  1.02299  0.428637 -0.316213  0.916711
0.429777  0.11132  1.02307  0.428512 -0.316215  0.916619
0.429654 0.111317  1.02316  0.428387 -0.316218  0.916528
 0.42953 0.111315  1.02325 0.428261 -0.31622 0.916437
0.429407 0.111312  1.02334  0.428136 -0.316223  0.916346
0.429283  0.11131  1.02342   0.42801 -0.316225  0.916255
 0.42916 0.111307  1.02351  0.427884 -0.316227  0.916165
0.429036 0.111305  1.02359 0.427758 -0.31623 0.916074
0.428913 0.111303  1.02368  0.427631 -0.316232  0.915983
0.428789 0.111301  1.02376  0.427505 -0.316234  0.915891
0.428664 0.111299  1.02385  0.427378 -0.316237  0.915799
0.428539 0.111297  1.02394  0.427251 -0.316239  0.915708
0.428413 0.111294  1.02403  0.427124 -0.316241  0.915616
0.428287 0.111292  1.02411  0.426996 -0.316243  0.915525
0.428161  0.11129   1.0242  0.426869 -0.316245  0.915434
0.428035 0.111288  1.02429  0.426741 -0.316247  0.915343
 0.42791 0.111286  1.02438  0.426612 -0.316249  0.915253
0.427784 0.111284  1.02446  0.426484 -0.316251  0.915163
0.427658 0.111282  1.02455  0.426356 -0.316253  0.915072
0.427533  0.11128  1.02463  0.426227 -0.316255  0.914981
0.427406 0.111279  1.02472  0.426098 -0.316257   0.91489
 0.42728 0.111277   1.0248  0.425969 -0.316258  0.914799
0.427152 0.111275  1.02489  0.42584 -0.31626 0.914707
0.427024 0.111273  1.02498   0.42571 -0.316262  0.914616
0.426896 0.111271  1.02507  0.425581 -0.316263  0.914525
0.426768 0.111269  1.02515  0.425451 -0.316265  0.914435
0.426639 0.111268  1.02524  0.425321 -0.316267  0.914345
0.426511 0.111266  1.02533   0.42519 -0.316268  0.914254
0.426383 0.111265  1.02541  0.42506 -0.31627 0.914164
0.426255 0.111263   1.0255  0.424929 -0.316271  0.914074
0.426127 0.111262  1.02558  0.424798 -0.316273  0.913984
0.425999  0.11126  1.02567  0.424667 -0.316274  0.913893
 0.42587 0.111259  1.02575  0.424535 -0.316275  0.913802
0.425741 0.111257  1.02584  0.424404 -0.316277  0.913711
0.425611 0.111256  1.02593  0.424272 -0.316278   0.91362
 0.42548 0.111254  1.02601   0.42414 -0.316279   0.91353
0.425349 0.111252   1.0261  0.424008 -0.316281   0.91344
0.425219  0.11125  1.02619  0.423876 -0.316282   0.91335
0.425088 0.111249  1.02627  0.423743 -0.316283  0.913261
0.424958 0.111247  1.02636   0.42361 -0.316285  0.913171
0.424827 0.111246  1.02644  0.423477 -0.316286  0.913082
0.424697 0.111244  1.02653  0.423344 -0.316287  0.912992
0.424566 0.111243  1.02661  0.423211 -0.316288  0.912901
0.424435 0.111242   1.0267 0.423077 -0.31629 0.912811
0.424304  0.11124  1.02678  0.422943 -0.316291   0.91272
0.424172 0.111239  1.02687  0.422809 -0.316292   0.91263
0.424039 0.111237  1.02696  0.422675 -0.316293   0.91254
0.423906 0.111235  1.02705  0.422541 -0.316295  0.912451
0.423773 0.111234  1.02713  0.422406 -0.316296  0.912362
 0.42364 0.111232  1.02722  0.422271 -0.316297  0.912273
0.423507  0.11123   1.0273  0.422136 -0.316298  0.912184
0.423375 0.111228  1.02739 0.422001  -0.3163 0.912094
0.423242 0.111226  1.02747  0.421865 -0.316301  0.912005
0.423109 0.111225  1.02756   0.42173 -0.316302  0.911915
0.422976 0.111223  1.02764  0.421594 -0.316303  0.911825
0.422843 0.111222  1.02773  0.421458 -0.316304  0.911736
0.422708  0.11122  1.02781  0.421322 -0.316306  0.911646
0.422574 0.111219   1.0279  0.421186 -0.316307  0.911557
0.422438 0.111217  1.02799  0.421049 -0.316308  0.911468
0.422303 0.111215  1.02807 0.420912 -0.31631 0.911379
0.422167 0.111213  1.02816  0.420775 -0.316311   0.91129
0.422032 0.111211  1.02825  0.420638 -0.316312  0.911202
0.421897 0.111209  1.02833    0.4205 -0.316313  0.911113
0.421762 0.111207  1.02842  0.420363 -0.316315  0.911025
0.421627 0.111206   1.0285  0.420225 -0.316316  0.910936
0.421492 0.111204  1.02858  0.420087 -0.316317  0.910846
0.421356 0.111202  1.02867  0.419949 -0.316318  0.910757
0.42122  0.1112 1.02875  0.41981 -0.31632 0.910668
0.421083 0.111198  1.02884  0.419672 -0.316321  0.910579
0.420946 0.111196  1.02893  0.419533 -0.316322  0.910491
0.420808 0.111193  1.02901  0.419394 -0.316324  0.910403
 0.42067 0.111191   1.0291  0.419255 -0.316325  0.910315
0.420533 0.111189  1.02918  0.419115 -0.316326  0.910227
0.420395 0.111187  1.02927  0.418976 -0.316328  0.910139
0.420258 0.111185  1.02935  0.418836 -0.316329  0.910051
0.420121 0.111183  1.02944 0.418696 -0.31633 0.909963
0.419983 0.111181  1.02952  0.418556 -0.316331  0.909874
0.419846 0.111179  1.02961  0.418415 -0.316333  0.909785
0.419707 0.111177  1.02969  0.418275 -0.316334  0.909697
0.419568 0.111175  1.02978  0.418134 -0.316335  0.909609
0.419429 0.111172  1.02986  0.417993 -0.316337  0.909521
0.419289  0.11117  1.02995  0.417852 -0.316338  0.909434
0.419149 0.111167  1.03003  0.41771 -0.31634 0.909347
0.419009 0.111164  1.03012  0.417569 -0.316341  0.909259
0.418869 0.111162   1.0302  0.417427 -0.316342  0.909172
0.418729 0.111159  1.03029  0.417285 -0.316344  0.909085
 0.41859 0.111157  1.03037  0.417143 -0.316345  0.908997
 0.41845 0.111155  1.03046     0.417 -0.316346  0.908909
 0.41831 0.111152  1.03054  0.416858 -0.316348  0.908821
0.41817 0.11115 1.03062  0.416715 -0.316349  0.908733
0.418029 0.111148  1.03071  0.416572 -0.316351  0.908646
0.417887 0.111145  1.03079  0.416429 -0.316352  0.908559
0.417745 0.111142  1.03088  0.416286 -0.316354  0.908472
0.417603 0.111139  1.03096  0.416142 -0.316355  0.908386
0.417461 0.111136  1.03105  0.415998 -0.316357    0.9083
0.417319 0.111133  1.03113  0.415854 -0.316358  0.908213
0.417177 0.111131  1.03122   0.41571 -0.316359  0.908126
0.417035 0.111128   1.0313  0.415566 -0.316361  0.908039
0.416893 0.111125  1.03138  0.415421 -0.316362  0.907952
0.416751 0.111122  1.03147  0.415277 -0.316364  0.907865
0.416609 0.111119  1.03155  0.415132 -0.316365  0.907778
0.416466 0.111117  1.03163  0.414987 -0.316367  0.907692
0.416322 0.111114  1.03172  0.414842 -0.316368  0.907605
0.416178 0.111111   1.0318 0.414696 -0.31637 0.907519
0.416033 0.111108  1.03189   0.41455 -0.316371  0.907434
0.415889 0.111105  1.03198  0.414404 -0.316373  0.907348
0.415744 0.111102  1.03206  0.414258 -0.316374  0.907262
  0.4156 0.111099  1.03214  0.414112 -0.316376  0.907177
0.415456 0.111096  1.03223  0.413966 -0.316377   0.90709
0.415312 0.111093  1.03231  0.413819 -0.316379  0.907004
0.415168  0.11109  1.03239 0.413672 -0.31638 0.906918
0.415023 0.111087  1.03247  0.413525 -0.316382  0.906832
0.414878 0.111084  1.03256  0.413378 -0.316383  0.906746
0.414733  0.11108  1.03264  0.413231 -0.316385   0.90666
0.414587 0.111077  1.03273  0.413083 -0.316386  0.906575
 0.41444 0.111073  1.03281  0.412935 -0.316388  0.906491
0.414293  0.11107   1.0329  0.412787 -0.316389  0.906406
0.414146 0.111066  1.03298  0.412639 -0.316391  0.906321
   0.414 0.111063  1.03306  0.412491 -0.316393  0.906236
0.413853  0.11106  1.03315  0.412342 -0.316394  0.906151
0.413707 0.111056  1.03323  0.412194 -0.316396  0.906065
0.413561 0.111053  1.03331  0.412045 -0.316397   0.90598
0.413414  0.11105  1.03339  0.411896 -0.316399  0.905895
0.413267 0.111047  1.03347 0.411746  -0.3164  0.90581
 0.41312 0.111043  1.03356  0.411597 -0.316402  0.905725
0.412972 0.111039  1.03364  0.411447 -0.316403  0.905641
0.412823 0.111036  1.03373  0.411297 -0.316405  0.905557
0.412674 0.111032  1.03381  0.411147 -0.316407  0.905474
0.412525 0.111028  1.03389  0.410997 -0.316408   0.90539
0.412376 0.111024  1.03398 0.410846 -0.31641 0.905306
0.412228 0.111021  1.03406  0.410696 -0.316411  0.905221
0.412079 0.111017  1.03414  0.410545 -0.316413  0.905137
0.411931 0.111013  1.03422  0.410394 -0.316414  0.905053
0.411782  0.11101   1.0343  0.410243 -0.316416  0.904968
0.411633 0.111007  1.03438  0.410092 -0.316418  0.904884
0.411484 0.111003  1.03447   0.40994 -0.316419  0.904801
0.411334 0.110999  1.03455  0.409788 -0.316421  0.904718
0.411183 0.110995  1.03463  0.409637 -0.316422  0.904635
0.411032 0.110991  1.03472  0.409484 -0.316424  0.904552
0.410881 0.110987   1.0348  0.409332 -0.316426  0.904469
 0.41073 0.110983  1.03488   0.40918 -0.316427  0.904386
0.410579 0.110979  1.03496  0.409027 -0.316429  0.904303
0.410428 0.110975  1.03505 0.408874 -0.31643  0.90422
0.410277 0.110971  1.03513  0.408721 -0.316432  0.904136
0.410127 0.110968  1.03521  0.408568 -0.316434  0.904053
0.409976 0.110964  1.03529  0.408415 -0.316435   0.90397
0.409825  0.11096  1.03537  0.408261 -0.316437  0.903888
0.409673 0.110956  1.03545  0.408107 -0.316439  0.903806
 0.40952 0.110952  1.03553 0.407953 -0.31644 0.903724
0.409367 0.110948  1.03562  0.407799 -0.316442  0.903642
0.409213 0.110944   1.0357  0.407645 -0.316443   0.90356
 0.40906 0.110939  1.03578  0.407491 -0.316445  0.903478
0.408907 0.110935  1.03586  0.407336 -0.316447  0.903396
0.408754 0.110931  1.03594  0.407181 -0.316448  0.903314
0.408602 0.110927  1.03602 0.407026 -0.31645 0.903232
0.408449 0.110923  1.03611  0.406871 -0.316451   0.90315
0.408296 0.110919  1.03618  0.406716 -0.316453  0.903068
0.408143 0.110915  1.03626   0.40656 -0.316455  0.902987
0.407989 0.110911  1.03635  0.406404 -0.316456  0.902906
0.407835 0.110907  1.03643  0.406248 -0.316458  0.902825
0.407679 0.110902  1.03651 0.406092 -0.31646 0.902745
0.407524 0.110898  1.03659  0.405936 -0.316461  0.902664
0.407369 0.110893  1.03667   0.40578 -0.316463  0.902583
0.407213 0.110889  1.03675  0.405623 -0.316464  0.902502
0.407058 0.110885  1.03683  0.405466 -0.316466  0.902421
0.406904 0.110881  1.03691  0.405309 -0.316468   0.90234
0.406749 0.110876  1.03699  0.405152 -0.316469  0.902259
0.406594 0.110872  1.03707  0.404995 -0.316471  0.902179
0.406439 0.110868  1.03715  0.404838 -0.316472  0.902099
0.406283 0.110864  1.03723   0.40468 -0.316474  0.902019
0.406127 0.110859  1.03731  0.404522 -0.316476  0.901939
 0.40597 0.110855  1.03739  0.404364 -0.316477   0.90186
0.405813  0.11085  1.03747  0.404206 -0.316479  0.901781
0.405655 0.110845  1.03756 0.404048 -0.31648 0.901701
0.405498  0.11084  1.03764  0.403889 -0.316482  0.901621
0.405341 0.110836  1.03772   0.40373 -0.316484  0.901541
0.405184 0.110831  1.03779  0.403572 -0.316485  0.901462
0.405027 0.110827  1.03787  0.403413 -0.316487  0.901382
 0.40487 0.110822  1.03795  0.403253 -0.316488  0.901303
0.404713 0.110818  1.03803 0.403094 -0.31649 0.901224
0.404556 0.110814  1.03811  0.402934 -0.316491  0.901146
0.404398 0.110809  1.03819  0.402775 -0.316493  0.901067
0.404239 0.110804  1.03827  0.402615 -0.316494  0.900989
 0.40408 0.110799  1.03835  0.402455 -0.316496  0.900911
 0.40392 0.110794  1.03843  0.402294 -0.316498  0.900833
0.403761 0.110789  1.03851  0.402134 -0.316499  0.900755
0.403602 0.110785  1.03859  0.401974 -0.316501  0.900676
0.403443  0.11078  1.03867  0.401813 -0.316502  0.900598
0.403284 0.110775  1.03874  0.401652 -0.316504  0.900519
0.403125 0.110771  1.03882  0.401491 -0.316505  0.900442
0.402966 0.110766   1.0389   0.40133 -0.316507  0.900364
0.402807 0.110762  1.03898  0.401168 -0.316508  0.900287
0.402647 0.110757  1.03905 0.401007 -0.31651  0.90021
0.402487 0.110752  1.03913  0.400845 -0.316511  0.900133
0.402326 0.110747  1.03921  0.400683 -0.316513  0.900057
0.402164 0.110742  1.03929  0.400521 -0.316514   0.89998
0.402003 0.110737  1.03937  0.400359 -0.316516  0.899903
0.401842 0.110731  1.03945  0.400196 -0.316517  0.899826
0.401681 0.110726  1.03953  0.400034 -0.316519  0.899749
 0.40152 0.110722   1.0396 0.399871 -0.31652 0.899672
0.401359 0.110717  1.03968  0.399708 -0.316522  0.899595
0.401198 0.110712  1.03976  0.399545 -0.316523  0.899519
0.401037 0.110708  1.03983  0.399382 -0.316525  0.899444
0.400876 0.110703  1.03991  0.399219 -0.316526  0.899368
0.400714 0.110698  1.03999  0.399055 -0.316527  0.899293
0.400551 0.110693  1.04007  0.398892 -0.316529  0.899218
0.400388 0.110687  1.04014 0.398728 -0.31653 0.899142
0.400225 0.110682  1.04022  0.398564 -0.316532  0.899067
0.400061 0.110677   1.0403    0.3984 -0.316533  0.898991
0.399898 0.110672  1.04038  0.398235 -0.316535  0.898915
0.399736 0.110667  1.04045  0.398071 -0.316536   0.89884
0.399573 0.110662  1.04053  0.397906 -0.316538  0.898765
 0.39941 0.110657  1.04061  0.397741 -0.316539   0.89869
0.399248 0.110652  1.04068 0.397576 -0.31654 0.898616
0.399085 0.110647  1.04076  0.397411 -0.316542  0.898542
0.398921 0.110642  1.04083  0.397246 -0.316543  0.898469
0.398757 0.110637  1.04091  0.397081 -0.316544  0.898395
0.398592 0.110632  1.04099  0.396915 -0.316546  0.898321
0.398426 0.110626  1.04106  0.396749 -0.316547  0.898247
0.398261 0.110621  1.04114  0.396584 -0.316548  0.898173
0.398096 0.110615  1.04122 0.396418 -0.31655 0.898099
0.397932  0.11061  1.04129  0.396251 -0.316551  0.898025
0.397767 0.110605  1.04137  0.396085 -0.316553  0.897951
0.397603   0.1106  1.04144  0.395919 -0.316554  0.897878
0.397438 0.110595  1.04152  0.395752 -0.316555  0.897806
0.397274  0.11059  1.04159  0.395585 -0.316557  0.897733
0.397108 0.110585  1.04166  0.395418 -0.316558  0.897661
0.396943  0.11058  1.04174  0.395251 -0.316559  0.897589
0.396776 0.110574  1.04182  0.395084 -0.316561  0.897517
0.396609 0.110569  1.04189  0.394916 -0.316562  0.897444
0.396442 0.110563  1.04197  0.394749 -0.316563  0.897372
0.396275 0.110558  1.04204  0.394581 -0.316565  0.897299
0.396109 0.110552  1.04212  0.394414 -0.316566  0.897227
0.395942 0.110547  1.04219  0.394246 -0.316567  0.897155
0.395776 0.110542  1.04227  0.394077 -0.316569  0.897084
 0.39561 0.110537  1.04234 0.393909 -0.31657 0.897013
0.395443 0.110532  1.04241  0.393741 -0.316571  0.896942
0.395277 0.110527  1.04249  0.393572 -0.316572  0.896871
0.395109 0.110522  1.04256  0.393403 -0.316574  0.896801
0.394941 0.110516  1.04263  0.393235 -0.316575   0.89673
0.394773 0.110511  1.04271  0.393066 -0.316576  0.896659
0.394604 0.110505  1.04278  0.392896 -0.316577  0.896588
0.394435 0.110499  1.04286  0.392727 -0.316579  0.896518
0.394267 0.110493  1.04293 0.392558 -0.31658 0.896447
0.394099 0.110488    1.043  0.392388 -0.316581  0.896377
0.393931 0.110483  1.04308  0.392219 -0.316582  0.896307
0.393763 0.110478  1.04315  0.392049 -0.316583  0.896238
0.393595 0.110473  1.04322  0.391879 -0.316584  0.896169
0.393427 0.110467  1.04329  0.391709 -0.316586    0.8961
0.393258 0.110462  1.04337  0.391538 -0.316587  0.896031
0.393089 0.110457  1.04344  0.391368 -0.316588  0.895962
0.392919 0.110451  1.04351  0.391197 -0.316589  0.895893
0.392748 0.110445  1.04359 0.391027 -0.31659 0.895824
0.392578 0.110439  1.04366  0.390856 -0.316591  0.895755
0.392408 0.110434  1.04373  0.390685 -0.316593  0.895686
0.392238 0.110428   1.0438  0.390514 -0.316594  0.895618
0.392068 0.110423  1.04387  0.390343 -0.316595   0.89555
0.391898 0.110418  1.04395  0.390171 -0.316596  0.895482
0.391729 0.110413  1.04402      0.39 -0.316597  0.895415
0.391559 0.110408  1.04409  0.389828 -0.316598  0.895348
0.391389 0.110403  1.04416  0.389656 -0.316599  0.895281
0.391218 0.110397  1.04423 0.389485  -0.3166 0.895213
0.391047 0.110391   1.0443  0.389313 -0.316601  0.895146
0.390875 0.110385  1.04437   0.38914 -0.316602  0.895079
0.390703 0.110379  1.04445  0.388968 -0.316603  0.895012
0.390531 0.110373  1.04452  0.388796 -0.316605  0.894945
 0.39036 0.110368  1.04459  0.388623 -0.316606  0.894878
0.390188 0.110362  1.04466  0.388451 -0.316607  0.894812
0.390017 0.110357  1.04473  0.388278 -0.316608  0.894746
0.389846 0.110351   1.0448  0.388105 -0.316609   0.89468
0.389675 0.110346  1.04487 0.387932 -0.31661 0.894615
0.389503 0.110341  1.04494  0.387758 -0.316611   0.89455
0.389331 0.110336  1.04501  0.387585 -0.316612  0.894485
0.389159  0.11033  1.04508  0.387412 -0.316613  0.894419
0.388985 0.110324  1.04515  0.387238 -0.316614  0.894354
0.388812 0.110318  1.04522  0.387065 -0.316615  0.894288
0.388638 0.110312  1.04529  0.386891 -0.316616  0.894223
0.388465 0.110306  1.04536  0.386717 -0.316617  0.894158
0.388292 0.110301  1.04543  0.386543 -0.316618  0.894094
0.388119 0.110295   1.0455  0.386369 -0.316619   0.89403
0.387947  0.11029  1.04556 0.386194 -0.31662 0.893966
0.387774 0.110285  1.04563   0.38602 -0.316621  0.893903
0.387601 0.110279   1.0457  0.385845 -0.316622   0.89384
0.387428 0.110274  1.04577  0.385671 -0.316623  0.893776
0.387254 0.110268  1.04584  0.385496 -0.316623  0.893713
 0.38708 0.110262  1.04591  0.385321 -0.316624  0.893649
0.386905 0.110256  1.04597  0.385146 -0.316625  0.893586
0.38673 0.11025 1.04604  0.384971 -0.316626  0.893523
0.386555 0.110245  1.04611  0.384796 -0.316627   0.89346
 0.38638 0.110239  1.04618   0.38462 -0.316628  0.893397
0.386206 0.110234  1.04625  0.384445 -0.316628  0.893335
0.386032 0.110228  1.04631  0.384269 -0.316629  0.893273
0.385857 0.110223  1.04638 0.384094 -0.31663 0.893212
0.385683 0.110218  1.04645  0.383918 -0.316631  0.893151
0.385509 0.110213  1.04651  0.383742 -0.316632  0.893089
0.385334 0.110208  1.04658  0.383566 -0.316632  0.893028
0.385158 0.110202  1.04665   0.38339 -0.316633  0.892966
0.384982 0.110196  1.04672  0.383213 -0.316634  0.892905
0.384805  0.11019  1.04678  0.383037 -0.316635  0.892843
0.384629 0.110185  1.04685   0.38286 -0.316636  0.892783
0.384453 0.110179  1.04692  0.382684 -0.316636  0.892722
0.384277 0.110174  1.04698  0.382507 -0.316637  0.892662
0.384101 0.110169  1.04705   0.38233 -0.316638  0.892602
0.383925 0.110164  1.04711  0.382153 -0.316638  0.892543
 0.38375 0.110159  1.04718  0.381976 -0.316639  0.892483
0.383574 0.110154  1.04724  0.381799 -0.316639  0.892424
0.383398 0.110149  1.04731 0.381622 -0.31664 0.892364
0.383221 0.110144  1.04737  0.381445 -0.316641  0.892305
0.383043 0.110139  1.04744  0.381267 -0.316641  0.892246
0.382865 0.110133   1.0475   0.38109 -0.316642  0.892186
0.382688 0.110128  1.04757  0.380912 -0.316643  0.892128
 0.38251 0.110123  1.04763  0.380734 -0.316643  0.892069
0.382333 0.110118   1.0477  0.380556 -0.316644  0.892011
0.382155 0.110114  1.04776  0.380379 -0.316645  0.891953
0.381978 0.110109  1.04782    0.3802 -0.316645  0.891896
0.381801 0.110105  1.04788  0.380022 -0.316646  0.891839
0.381624 0.110101  1.04795  0.379844 -0.316646  0.891781
0.381447 0.110097  1.04801  0.379666 -0.316647  0.891724
0.381269 0.110092  1.04807  0.379487 -0.316648  0.891667
 0.38109 0.110088  1.04813  0.379309 -0.316648  0.891609
0.380911 0.110083   1.0482   0.37913 -0.316649  0.891552
0.380732 0.110078  1.04826  0.378951 -0.316649  0.891495
0.380553 0.110073  1.04832 0.378773 -0.31665 0.891439
0.380374 0.110069  1.04839 0.378594 -0.31665 0.891383
0.380196 0.110065  1.04845  0.378415 -0.316651  0.891328
0.380017 0.110061  1.04851  0.378236 -0.316651  0.891272
0.379839 0.110057  1.04857  0.378056 -0.316652  0.891217
0.379661 0.110053  1.04863  0.377877 -0.316652  0.891162
0.379482  0.11005  1.04869  0.377698 -0.316653  0.891107
0.379303 0.110046  1.04875  0.377518 -0.316653  0.891051
0.379124 0.110043  1.04881  0.377339 -0.316653  0.890996
0.378944 0.110038  1.04887  0.377159 -0.316654  0.890941
0.378763 0.110034  1.04893  0.376979 -0.316654  0.890887
0.378583  0.11003  1.04899    0.3768 -0.316655  0.890832
0.378403 0.110026  1.04905   0.37662 -0.316655  0.890778
0.378223 0.110023  1.04911   0.37644 -0.316655  0.890725
0.378044  0.11002  1.04917   0.37626 -0.316656  0.890672
0.377864 0.110017  1.04923  0.376079 -0.316656  0.890619
0.377685 0.110014  1.04929  0.375899 -0.316656  0.890566
0.377505 0.110011  1.04935  0.375719 -0.316657  0.890513
0.377325 0.110008   1.0494  0.375538 -0.316657   0.89046
0.377145 0.110005  1.04946  0.375358 -0.316657  0.890407
0.376964 0.110002  1.04952  0.375177 -0.316658  0.890354
0.376782 0.109998  1.04958  0.374997 -0.316658  0.890301
0.376601 0.109995  1.04964  0.374816 -0.316658  0.890249
0.376419 0.109992   1.0497  0.374635 -0.316658  0.890198
0.376238 0.109989  1.04975  0.374454 -0.316659  0.890146
0.376058 0.109986  1.04981  0.374273 -0.316659  0.890095
0.375877 0.109984  1.04987  0.374092 -0.316659  0.890044
0.375696 0.109981  1.04992  0.373911 -0.316659  0.889994
0.375516 0.109979  1.04998   0.37373 -0.316659  0.889943
0.375335 0.109977  1.05003 0.373549 -0.31666 0.889892
0.375154 0.109975  1.05009 0.373367 -0.31666 0.889841
0.374972 0.109972  1.05015 0.373186 -0.31666 0.889791
0.374789 0.109969   1.0502 0.373005 -0.31666 0.889741
0.374607 0.109967  1.05026 0.372823 -0.31666 0.889691
0.374424 0.109964  1.05032  0.372641 -0.316661  0.889641
0.374242 0.109962  1.05037   0.37246 -0.316661  0.889592
0.37406 0.10996 1.05043  0.372278 -0.316661  0.889543
0.373879 0.109958  1.05048  0.372096 -0.316661  0.889495
0.373697 0.109956  1.05053  0.371914 -0.316661  0.889446
0.373516 0.109955  1.05059  0.371732 -0.316661  0.889398
0.373334 0.109953  1.05064   0.37155 -0.316661  0.889349
0.373152 0.109952  1.05069  0.371368 -0.316661  0.889301
0.37297 0.10995 1.05075  0.371186 -0.316661  0.889252
0.372786 0.109948   1.0508  0.371004 -0.316661  0.889204
0.372603 0.109945  1.05086  0.370822 -0.316661  0.889157
 0.37242 0.109943  1.05091   0.37064 -0.316661   0.88911
0.372236 0.109941  1.05096  0.370457 -0.316661  0.889063
0.372054 0.109939  1.05102  0.370275 -0.316661  0.889017
0.371871 0.109938  1.05107  0.370092 -0.316661   0.88897
0.371688 0.109937  1.05112   0.36991 -0.316661  0.888924
0.371506 0.109936  1.05117  0.369727 -0.316661  0.888878
0.371323 0.109935  1.05122  0.369544 -0.316661  0.888831
0.371141 0.109934  1.05127  0.369362 -0.316661  0.888785
0.370958 0.109933  1.05132  0.369179 -0.316661  0.888739
0.370774 0.109932  1.05138  0.368996 -0.316661  0.888694
0.37059 0.10993 1.05143  0.368813 -0.316661  0.888649
0.370405 0.109928  1.05148   0.36863 -0.316661  0.888604
0.370221 0.109927  1.05153  0.368447 -0.316661  0.888559
0.370037 0.109925  1.05158 0.368264 -0.31666 0.888515
0.369854 0.109924  1.05163 0.368081 -0.31666 0.888471
 0.36967 0.109924  1.05168 0.367898 -0.31666 0.888427
0.369487 0.109923  1.05173 0.367715 -0.31666 0.888383
0.369304 0.109923  1.05178 0.367532 -0.31666 0.888339
0.369121 0.109922  1.05183 0.367348 -0.31666 0.888296
0.368937 0.109922  1.05188  0.367165 -0.316659  0.888252
0.368753 0.109921  1.05193  0.366982 -0.316659  0.888209
0.368568  0.10992  1.05197  0.366799 -0.316659  0.888166
0.368383 0.109918  1.05202  0.366615 -0.316659  0.888123
0.368198 0.109917  1.05207  0.366432 -0.316658  0.888081
0.368014 0.109916  1.05212  0.366248 -0.316658  0.888039
 0.36783 0.109916  1.05217  0.366065 -0.316658  0.887996
0.367646 0.109915  1.05222  0.365882 -0.316657  0.887954
0.367463 0.109915  1.05226  0.365698 -0.316657  0.887913
0.367279 0.109915  1.05231  0.365515 -0.316657  0.887871
0.367095 0.109916  1.05236  0.365331 -0.316657   0.88783
0.366911 0.109916   1.0524  0.365147 -0.316656  0.887789
0.366727 0.109916  1.05245  0.364964 -0.316656  0.887748
0.366542 0.109916  1.05249   0.36478 -0.316656  0.887708
0.366357 0.109915  1.05254  0.364596 -0.316655  0.887668
0.366171 0.109915  1.05259  0.364412 -0.316655  0.887629
0.365986 0.109914  1.05264  0.364228 -0.316654  0.887589
0.365801 0.109913  1.05268  0.364044 -0.316654   0.88755
0.365616 0.109913  1.05273   0.36386 -0.316653  0.887511
0.365431 0.109913  1.05277  0.363676 -0.316653  0.887472
0.365246 0.109913  1.05282  0.363492 -0.316652  0.887434
0.365062 0.109914  1.05286  0.363308 -0.316652  0.887395
0.364878 0.109914   1.0529  0.363124 -0.316651  0.887356
0.364693 0.109914  1.05295   0.36294 -0.316651  0.887318
0.364508 0.109915  1.05299 0.362756 -0.31665  0.88728
0.364323 0.109914  1.05304 0.362572 -0.31665 0.887242
0.364137 0.109913  1.05308  0.362388 -0.316649  0.887205
0.363951 0.109913  1.05313  0.362204 -0.316649  0.887168
0.363765 0.109912  1.05317  0.362019 -0.316648  0.887132
0.363579 0.109912  1.05321  0.361835 -0.316648  0.887095
0.363394 0.109912  1.05326  0.361651 -0.316647  0.887059
0.363209 0.109913   1.0533  0.361467 -0.316646  0.887022
0.363024 0.109913  1.05334  0.361282 -0.316646  0.886986
0.362839 0.109914  1.05338  0.361098 -0.316645   0.88695
0.362654 0.109915  1.05342  0.360914 -0.316644  0.886914
0.362469 0.109916  1.05346  0.360729 -0.316644  0.886878
0.362283 0.109916  1.05351  0.360545 -0.316643  0.886843
0.362097 0.109915  1.05355   0.36036 -0.316642  0.886809
 0.36191 0.109915  1.05359  0.360176 -0.316641  0.886774
0.361724 0.109915  1.05363  0.359992 -0.316641   0.88674
0.361538 0.109915  1.05367 0.359807 -0.31664 0.886706
0.361353 0.109915  1.05371  0.359623 -0.316639  0.886672
0.361167 0.109916  1.05375  0.359438 -0.316639  0.886638
0.360982 0.109917  1.05379  0.359254 -0.316638  0.886604
0.360797 0.109918  1.05383  0.359069 -0.316637  0.886571
0.360612 0.109919  1.05387  0.358885 -0.316637  0.886537
0.360426 0.109919  1.05391    0.3587 -0.316636  0.886504
0.360241  0.10992  1.05395  0.358516 -0.316635  0.886472
0.360054  0.10992  1.05399  0.358331 -0.316634  0.886439
0.359868  0.10992  1.05403  0.358147 -0.316633  0.886408
0.359681  0.10992  1.05407  0.357962 -0.316632  0.886376
0.359495  0.10992  1.05411  0.357778 -0.316631  0.886344
0.359309 0.109921  1.05414 0.357593 -0.31663 0.886313
0.359123 0.109922  1.05418  0.357409 -0.316629  0.886282
0.358938 0.109923  1.05422  0.357224 -0.316629   0.88625
0.358752 0.109924  1.05426   0.35704 -0.316628  0.886219
0.358567 0.109926  1.05429  0.356855 -0.316627  0.886188
0.358382 0.109927  1.05433  0.356671 -0.316626  0.886158
0.358196 0.109928  1.05437  0.356486 -0.316625  0.886128
 0.35801 0.109928   1.0544  0.356302 -0.316625  0.886098
0.357823 0.109928  1.05444  0.356117 -0.316624  0.886069
0.357637 0.109928  1.05448  0.355933 -0.316623   0.88604
 0.35745 0.109929  1.05451  0.355748 -0.316622  0.886011
0.357264 0.109929  1.05455  0.355564 -0.316621  0.885982
0.357078  0.10993  1.05458  0.35538 -0.31662 0.885953
0.356893 0.109931  1.05462  0.355195 -0.316619  0.885924
0.356707 0.109932  1.05465  0.355011 -0.316618  0.885896
0.356522 0.109934  1.05469  0.354826 -0.316617  0.885868
0.356337 0.109935  1.05472  0.354642 -0.316616   0.88584
0.356151 0.109936  1.05476  0.354458 -0.316615  0.885812
0.355965 0.109937  1.05479  0.354273 -0.316614  0.885785
0.355779 0.109938  1.05482  0.354089 -0.316613  0.885759
0.355592 0.109938  1.05486  0.353904 -0.316612  0.885732
0.355405 0.109938  1.05489   0.35372 -0.316611  0.885706
0.355219 0.109939  1.05493 0.353536 -0.31661 0.885679
0.355033  0.10994  1.05496  0.353352 -0.316609  0.885653
0.354848 0.109942  1.05499  0.353167 -0.316608  0.885627
0.354662 0.109943  1.05502  0.352983 -0.316607  0.885601
0.354477 0.109945  1.05506  0.352799 -0.316606  0.885576
0.354292 0.109947  1.05509  0.352615 -0.316605   0.88555
0.354107 0.109948  1.05512  0.352431 -0.316604  0.885525
0.353921 0.109949  1.05515  0.352247 -0.316602  0.885501
0.353735  0.10995  1.05518  0.352063 -0.316601  0.885477
0.353548  0.10995  1.05521 0.351878  -0.3166 0.885453
0.353362 0.109951  1.05524  0.351694 -0.316599  0.885429
0.353176 0.109951  1.05528   0.35151 -0.316598  0.885405
 0.35299 0.109952  1.05531  0.351326 -0.316597  0.885382
0.352804 0.109953  1.05534  0.351142 -0.316596  0.885358
0.352619 0.109955  1.05537  0.350959 -0.316595  0.885335
0.352434 0.109956   1.0554  0.350775 -0.316594  0.885312
0.352249 0.109958  1.05542  0.350591 -0.316592  0.885289
0.352064  0.10996  1.05545  0.350407 -0.316591  0.885267
0.351879 0.109961  1.05548 0.350223 -0.31659 0.885245
0.351693 0.109962  1.05551   0.35004 -0.316589  0.885224
0.351507 0.109963  1.05554  0.349856 -0.316587  0.885202
0.351321 0.109964  1.05557  0.349672 -0.316586  0.885181
0.351135 0.109964   1.0556  0.349489 -0.316585   0.88516
 0.35095 0.109966  1.05563  0.349305 -0.316583  0.885139
0.350764 0.109967  1.05565  0.349122 -0.316582  0.885118
0.350579 0.109969  1.05568  0.348938 -0.316581  0.885098
0.350395  0.10997  1.05571 0.348755 -0.31658 0.885077
 0.35021 0.109972  1.05573  0.348571 -0.316579  0.885057
0.350025 0.109974  1.05576  0.348388 -0.316578  0.885038
0.349841 0.109976  1.05579  0.348205 -0.316576  0.885018
0.349655 0.109977  1.05581  0.348021 -0.316575  0.884999
 0.34947 0.109978  1.05584  0.347838 -0.316574  0.884981
0.349284 0.109979  1.05586  0.347655 -0.316572  0.884962
0.349099 0.109979  1.05589  0.347472 -0.316571  0.884944
0.348913  0.10998  1.05592 0.347289 -0.31657 0.884925
0.348729 0.109981  1.05594  0.347106 -0.316569  0.884907
0.348544 0.109983  1.05597  0.346923 -0.316567   0.88489
0.348359 0.109985  1.05599   0.34674 -0.316566  0.884872
0.348175 0.109986  1.05601  0.346558 -0.316565  0.884854
0.347991 0.109988  1.05604  0.346375 -0.316564  0.884837
0.347807  0.10999  1.05606  0.346192 -0.316562  0.884821
0.347623 0.109992  1.05608   0.34601 -0.316561  0.884805
0.347438 0.109993  1.05611 0.345827 -0.31656 0.884788
0.347253 0.109994  1.05613  0.345644 -0.316558  0.884773
0.347068 0.109995  1.05615  0.345462 -0.316557  0.884757
0.346883 0.109996  1.05618   0.34528 -0.316556  0.884741
0.346699 0.109997   1.0562  0.345097 -0.316554  0.884726
0.346514 0.109999  1.05622  0.344915 -0.316553  0.884711
0.346331 0.110001  1.05624  0.344733 -0.316552  0.884696
0.346147 0.110003  1.05627 0.344551 -0.31655 0.884681
0.345964 0.110005  1.05629  0.344369 -0.316549  0.884666
 0.34578 0.110007  1.05631  0.344187 -0.316547  0.884652
0.345596 0.110009  1.05633  0.344005 -0.316546  0.884639
0.345412  0.11001  1.05635  0.343823 -0.316544  0.884625
0.345228 0.110011  1.05637  0.343641 -0.316543  0.884612
0.345044 0.110012  1.05639   0.34346 -0.316542  0.884599
 0.34486 0.110013  1.05641 0.343278 -0.31654 0.884586
0.344676 0.110014  1.05643  0.343097 -0.316539  0.884573
0.344492 0.110015  1.05645  0.342915 -0.316538  0.884561
0.344309 0.110017  1.05647  0.342734 -0.316537  0.884548
0.344126 0.110019  1.05649  0.342553 -0.316535  0.884536
0.343944 0.110021  1.05651  0.342371 -0.316534  0.884525
0.343761 0.110023  1.05652   0.34219 -0.316532  0.884513
0.343578 0.110025  1.05654  0.342009 -0.316531  0.884502
0.343395 0.110027  1.05656  0.341828 -0.316529  0.884492
0.343212 0.110028  1.05658  0.341647 -0.316528  0.884481
0.343028 0.110029  1.05659  0.341467 -0.316526   0.88447
0.342845  0.11003  1.05661  0.341286 -0.316525   0.88446
0.342662 0.110031  1.05663  0.341105 -0.316523   0.88445
0.342479 0.110033  1.05665  0.340925 -0.316522   0.88444
0.342297 0.110035  1.05666  0.340744 -0.316521  0.884431
0.342115 0.110037  1.05668  0.340564 -0.316519  0.884421
0.341933 0.110039  1.05669  0.340384 -0.316518  0.884412
0.341751 0.110042  1.05671  0.340204 -0.316517  0.884404
0.341569 0.110044  1.05672  0.340024 -0.316515  0.884395
0.341387 0.110045  1.05674  0.339844 -0.316514  0.884387
0.341205 0.110047  1.05675  0.339664 -0.316512  0.884379
0.341022 0.110047  1.05677  0.339484 -0.316511  0.884371
 0.34084 0.110048  1.05678  0.339304 -0.316509  0.884364
0.340658 0.110049   1.0568  0.339125 -0.316508  0.884356
0.340476 0.110051  1.05681  0.338945 -0.316506  0.884349
0.340295 0.110053  1.05683  0.338766 -0.316505  0.884342
0.340114 0.110054  1.05684  0.338587 -0.316504  0.884336
0.339933 0.110057  1.05685  0.338408 -0.316502  0.884329
0.339752 0.110059  1.05686  0.338229 -0.316501  0.884323
0.339572 0.110061  1.05688   0.33805 -0.316499  0.884317
0.339392 0.110063  1.05689  0.337871 -0.316498  0.884312
0.339212 0.110065   1.0569  0.337693 -0.316497  0.884306
0.339033 0.110067  1.05691  0.337515 -0.316496  0.884301
0.338855 0.110068  1.05692  0.337337 -0.316494  0.884295
0.338678  0.11007  1.05692   0.33716 -0.316493   0.88429
0.338502 0.110071  1.05693  0.336983 -0.316492  0.884285
0.338326 0.110074  1.05694  0.336807 -0.316491   0.88428
0.338152 0.110076  1.05694 0.336632 -0.31649 0.884275
0.337979 0.110079  1.05694  0.336457 -0.316489  0.884271
0.337807 0.110082  1.05695  0.336282 -0.316488  0.884268
0.337636 0.110084  1.05695  0.336108 -0.316487  0.884265
0.337465 0.110087  1.05695  0.335935 -0.316486  0.884263
0.337295 0.110089  1.05695  0.335762 -0.316485  0.884261
0.337126 0.110091  1.05695   0.33559 -0.316485  0.884259
0.336957 0.110092  1.05695  0.335418 -0.316484  0.884258
0.336789 0.110094  1.05695  0.335248 -0.316483  0.884258
0.336622 0.110096  1.05695  0.335078 -0.316483  0.884258
0.336456 0.110098  1.05694  0.334909 -0.316483  0.884259
0.336291 0.110101  1.05694   0.33474 -0.316482   0.88426
0.336127 0.110104  1.05693  0.334573 -0.316481  0.884262
0.335964 0.110107  1.05693  0.334406 -0.316481  0.884265
0.335802  0.11011  1.05692  0.33424 -0.31648 0.884269
 0.33564 0.110113  1.05692  0.334075 -0.316479  0.884274
0.335479 0.110115  1.05691   0.33391 -0.316479  0.884279
0.335319 0.110117   1.0569  0.333746 -0.316478  0.884285
0.335159 0.110119  1.05689  0.333584 -0.316477  0.884292
0.334999 0.110121  1.05688  0.333422 -0.316477  0.884299
0.334841 0.110123  1.05688   0.33326 -0.316476  0.884307
0.334684 0.110126  1.05687    0.3331 -0.316475  0.884316
0.334527 0.110128  1.05686  0.332941 -0.316475  0.884325
0.334371 0.110131  1.05684  0.332782 -0.316474  0.884335
0.334216 0.110134  1.05683  0.332624 -0.316474  0.884346
0.334062 0.110138  1.05682  0.332467 -0.316473  0.884358
0.333909 0.110141  1.05681  0.332311 -0.316473  0.884371
0.333756 0.110144   1.0568  0.332155 -0.316472  0.884385
0.333603 0.110147  1.05678  0.332001 -0.316471  0.884399
0.333451 0.110149  1.05677 0.331847 -0.31647 0.884413
  0.3333 0.110151  1.05675  0.331694 -0.316469  0.884429
0.333149 0.110154  1.05674  0.331542 -0.316468  0.884444
0.332999 0.110156  1.05672  0.331391 -0.316467  0.884461
 0.33285 0.110159  1.05671  0.331241 -0.316466  0.884478
0.332702 0.110162  1.05669  0.331091 -0.316466  0.884496
0.332555 0.110165  1.05668  0.330942 -0.316465  0.884515
0.332408 0.110169  1.05666  0.330794 -0.316464  0.884535
0.332262 0.110172  1.05664  0.330647 -0.316462  0.884557
0.332116 0.110175  1.05662  0.330501 -0.316461  0.884578
0.331971 0.110179   1.0566 0.330355 -0.31646 0.884601
0.331826 0.110181  1.05659   0.33021 -0.316459  0.884623
0.331681 0.110184  1.05657  0.330066 -0.316458  0.884646
0.331537 0.110187  1.05655  0.329923 -0.316456   0.88467
0.331394  0.11019  1.05653   0.32978 -0.316455  0.884694
0.331251 0.110193  1.05651  0.329638 -0.316453  0.884719
 0.33111 0.110196  1.05649  0.329497 -0.316452  0.884745
0.330969   0.1102  1.05647 0.329357 -0.31645 0.884771
0.330828 0.110203  1.05644  0.329217 -0.316449  0.884799
0.330688 0.110207  1.05642  0.329078 -0.316447  0.884828
0.330549 0.110211   1.0564   0.32894 -0.316445  0.884857
 0.33041 0.110214  1.05638  0.328803 -0.316443  0.884887
0.330271 0.110217  1.05636  0.328666 -0.316441  0.884917
0.330132  0.11022  1.05633  0.32853 -0.31644 0.884947
0.329994 0.110223  1.05631  0.328394 -0.316438  0.884978
0.329857 0.110226  1.05629   0.32826 -0.316436   0.88501
 0.32972 0.110229  1.05626  0.328126 -0.316434  0.885041
0.329584 0.110233  1.05624  0.327992 -0.316432  0.885074
0.329449 0.110236  1.05621  0.32786 -0.31643 0.885107
0.329314  0.11024  1.05619  0.327727 -0.316428  0.885142
 0.32918 0.110244  1.05616  0.327596 -0.316426  0.885177
0.329046 0.110248  1.05613  0.327465 -0.316423  0.885214
0.328912 0.110252  1.05611  0.327335 -0.316421   0.88525
0.328778 0.110255  1.05608  0.327205 -0.316418  0.885287
0.328645 0.110258  1.05606  0.327076 -0.316416  0.885324
0.328512 0.110262  1.05603  0.326948 -0.316414  0.885361
 0.32838 0.110265    1.056   0.32682 -0.316411  0.885399
0.328248 0.110269  1.05597  0.326693 -0.316409  0.885437
0.328117 0.110273  1.05595  0.326566 -0.316406  0.885475
0.327987 0.110276  1.05592   0.32644 -0.316404  0.885515
0.327857 0.110281  1.05589  0.326315 -0.316401  0.885555
0.327727 0.110285  1.05586   0.32619 -0.316398  0.885597
0.327598 0.110289  1.05583  0.326065 -0.316396  0.885639
0.327469 0.110293   1.0558  0.325942 -0.316393  0.885681
 0.32734 0.110297  1.05577 0.325818 -0.31639 0.885723
0.327212   0.1103  1.05574  0.325695 -0.316387  0.885766
0.327083 0.110304  1.05571  0.325573 -0.316384  0.885809
0.326955 0.110308  1.05568  0.325451 -0.316381  0.885852
0.326828 0.110312  1.05565   0.32533 -0.316378  0.885896
0.326702 0.110316  1.05562  0.325209 -0.316375   0.88594
0.326575  0.11032  1.05558  0.325089 -0.316372  0.885984
 0.32645 0.110324  1.05555  0.324969 -0.316369   0.88603
0.326325 0.110329  1.05552   0.32485 -0.316365  0.886076
  0.3262 0.110333  1.05549  0.324731 -0.316362  0.886123
0.326075 0.110337  1.05545  0.324612 -0.316359  0.886171
 0.32595 0.110342  1.05542  0.324494 -0.316355  0.886218
0.325826 0.110345  1.05539  0.324377 -0.316352  0.886266
0.325701 0.110349  1.05536   0.32426 -0.316348  0.886314
0.325577 0.110353  1.05532  0.324143 -0.316345  0.886362
0.325454 0.110357  1.05529  0.324027 -0.316341   0.88641
0.325331 0.110361  1.05525  0.323911 -0.316338  0.886458
0.325209 0.110366  1.05522  0.323796 -0.316334  0.886507
0.325087  0.11037  1.05518  0.323681 -0.316331  0.886557
0.324965 0.110375  1.05515  0.323566 -0.316327  0.886608
0.324844 0.110379  1.05511  0.323452 -0.316324  0.886659
0.324723 0.110384  1.05508 0.323338 -0.31632 0.886711
0.324602 0.110388  1.05504  0.323225 -0.316316  0.886763
0.324481 0.110392  1.05501  0.323111 -0.316312  0.886815
 0.32436 0.110396  1.05497  0.322999 -0.316309  0.886866
0.32424  0.1104 1.05493  0.322887 -0.316305  0.886918
 0.32412 0.110405   1.0549  0.322775 -0.316301  0.886971
0.324001 0.110409  1.05486  0.322663 -0.316297  0.887023
0.323882 0.110414  1.05482  0.322552 -0.316293  0.887076
0.323763 0.110418  1.05478  0.322441 -0.316289  0.887129
0.323645 0.110423  1.05474   0.32233 -0.316285  0.887183
0.323527 0.110428  1.05471   0.32222 -0.316281  0.887238
0.323409 0.110433  1.05467   0.32211 -0.316277  0.887293
0.323291 0.110437  1.05463     0.322 -0.316273  0.887349
0.323174 0.110442  1.05459  0.321891 -0.316269  0.887404
0.323056 0.110446  1.05455  0.321782 -0.316265   0.88746
0.322939  0.11045  1.05451  0.321673 -0.316261  0.887515
0.322822 0.110454  1.05447  0.321565 -0.316257   0.88757
0.322705 0.110459  1.05443  0.321457 -0.316253  0.887626
0.322589 0.110463  1.05439  0.321349 -0.316249  0.887682
0.322474 0.110468  1.05435  0.321242 -0.316245  0.887738
0.322358 0.110473  1.05431  0.321135 -0.316241  0.887795
0.322243 0.110478  1.05427  0.321028 -0.316237  0.887853
0.322128 0.110483  1.05423  0.320921 -0.316232  0.887911
0.322014 0.110488  1.05419  0.320815 -0.316228   0.88797
0.321899 0.110492  1.05415  0.320709 -0.316224  0.888028
0.321784 0.110497  1.05411  0.320603 -0.316219  0.888087
0.321669 0.110501  1.05406  0.320497 -0.316215  0.888145
0.321555 0.110506  1.05402  0.320392 -0.316211  0.888203
0.321442  0.11051  1.05398  0.320287 -0.316206  0.888262
0.321328 0.110515  1.05394  0.320182 -0.316202   0.88832
0.321215 0.110519  1.05389  0.320077 -0.316198  0.888379
0.321103 0.110524  1.05385  0.319973 -0.316194  0.888438
 0.32099 0.110529  1.05381 0.319869 -0.31619 0.888498
0.320878 0.110534  1.05376  0.319765 -0.316185  0.888559
0.320766 0.110539  1.05372  0.319661 -0.316181   0.88862
0.320653 0.110544  1.05368  0.319558 -0.316177  0.888681
0.320541 0.110549  1.05363  0.319454 -0.316172  0.888742
0.320429 0.110553  1.05359  0.319351 -0.316168  0.888803
0.320318 0.110558  1.05354  0.319249 -0.316163  0.888864
0.320206 0.110562   1.0535  0.319146 -0.316159  0.888924
0.320095 0.110567  1.05345  0.319044 -0.316155  0.888985
0.319985 0.110572  1.05341 0.318942 -0.31615 0.889046
0.319875 0.110577  1.05336   0.31884 -0.316146  0.889108
0.319765 0.110582  1.05332  0.318738 -0.316142   0.88917
0.319655 0.110587  1.05327  0.318636 -0.316137  0.889232
0.319545 0.110592  1.05323  0.318535 -0.316133  0.889296
0.319435 0.110596  1.05318  0.318434 -0.316129  0.889359
0.319325 0.110601  1.05313  0.318333 -0.316124  0.889422
0.319215 0.110605  1.05309 0.318232 -0.31612 0.889485
0.319106  0.11061  1.05304  0.318131 -0.316116  0.889548
0.318997 0.110614  1.05299  0.318031 -0.316111   0.88961
0.318888 0.110619  1.05295  0.317931 -0.316107  0.889673
 0.31878 0.110624   1.0529  0.317831 -0.316103  0.889736
0.318672 0.110629  1.05285  0.317731 -0.316098  0.889799
0.318564 0.110634   1.0528  0.317631 -0.316094  0.889863
0.318456 0.110639  1.05275  0.317532 -0.316089  0.889927
0.318349 0.110644  1.05271  0.317432 -0.316085  0.889992
0.318241 0.110648  1.05266 0.317333 -0.31608 0.890057
0.318133 0.110653  1.05261  0.317234 -0.316076  0.890122
0.318026 0.110657  1.05256  0.317135 -0.316071  0.890187
0.317918 0.110661  1.05251  0.317036 -0.316067  0.890251
0.317811 0.110666  1.05246  0.316938 -0.316063  0.890316
0.317704 0.110671  1.05242   0.31684 -0.316058   0.89038
0.317598 0.110675  1.05237  0.316741 -0.316054  0.890445
0.317492  0.11068  1.05232 0.316643 -0.31605 0.890509
0.317386 0.110685  1.05227  0.316545 -0.316046  0.890574
0.317281  0.11069  1.05221  0.316448 -0.316042   0.89064
0.317175 0.110695  1.05216   0.31635 -0.316037  0.890707
0.317069   0.1107  1.05211  0.316253 -0.316033  0.890773
0.316964 0.110705  1.05206  0.316155 -0.316028   0.89084
0.316858 0.110709  1.05201  0.316058 -0.316024  0.890906
0.316752 0.110713  1.05196  0.315961 -0.316019  0.890972
0.316647 0.110718  1.05191  0.315864 -0.316015  0.891038
0.316543 0.110722  1.05186  0.315767 -0.316011  0.891104
0.316438 0.110727  1.05181  0.315671 -0.316007   0.89117
0.316334 0.110731  1.05176  0.315574 -0.316003  0.891236
 0.31623 0.110736  1.05171  0.315478 -0.315999  0.891302
0.316126 0.110741  1.05165  0.315382 -0.315994  0.891369
0.316022 0.110746   1.0516 0.315285 -0.31599 0.891437
0.315919 0.110751  1.05155  0.315189 -0.315986  0.891505
0.315815 0.110755   1.0515  0.315094 -0.315982  0.891573
0.315711  0.11076  1.05144  0.314998 -0.315977   0.89164
0.315607 0.110764  1.05139  0.314902 -0.315973  0.891708
0.315504 0.110769  1.05134  0.314807 -0.315969  0.891775
0.315401 0.110773  1.05129  0.314712 -0.315965  0.891842
0.315299 0.110778  1.05123 0.314617 -0.31596 0.891909
0.315196 0.110782  1.05118  0.314522 -0.315956  0.891977
0.315094 0.110787  1.05113  0.314427 -0.315952  0.892044
0.314992 0.110792  1.05107  0.314332 -0.315948  0.892112
 0.31489 0.110796  1.05102  0.314237 -0.315944  0.892181
0.314788 0.110801  1.05096 0.314142 -0.31594  0.89225
0.314686 0.110805  1.05091  0.314048 -0.315936  0.892319
0.314584 0.110809  1.05086  0.313953 -0.315932  0.892388
0.314482 0.110814   1.0508  0.313859 -0.315928  0.892457
 0.31438 0.110818  1.05075  0.313765 -0.315924  0.892525
0.314279 0.110823  1.05069 0.313671 -0.31592 0.892594
0.314178 0.110827  1.05064  0.313577 -0.315916  0.892662
0.314077 0.110832  1.05058  0.313484 -0.315912   0.89273
0.313977 0.110837  1.05053   0.31339 -0.315908  0.892798
0.313877 0.110841  1.05047  0.313297 -0.315904  0.892867
0.313776 0.110846  1.05041 0.313203  -0.3159 0.892937
0.313676  0.11085  1.05036   0.31311 -0.315895  0.893007
0.313576 0.110855   1.0503  0.313017 -0.315891  0.893077
0.313475 0.110859  1.05025  0.312924 -0.315887  0.893147
0.313375 0.110863  1.05019  0.312831 -0.315883  0.893217
0.313275 0.110867  1.05014  0.312738 -0.315879  0.893287
0.313175 0.110871  1.05008  0.312645 -0.315876  0.893356
0.313076 0.110875  1.05002  0.312552 -0.315872  0.893426
0.312977 0.110879  1.04996   0.31246 -0.315868  0.893495
0.312878 0.110884  1.04991  0.312367 -0.315865  0.893564
0.312779 0.110888  1.04985  0.312275 -0.315861  0.893634
0.312681 0.110893  1.04979  0.312183 -0.315857  0.893704
0.312582 0.110898  1.04973  0.312091 -0.315853  0.893775
0.312483 0.110902  1.04968  0.311999 -0.315849  0.893846
0.312385 0.110906  1.04962  0.311907 -0.315845  0.893917
0.312286  0.11091  1.04956  0.311815 -0.315841  0.893988
0.312188 0.110914  1.04951  0.311724 -0.315837  0.894059
0.312089 0.110918  1.04945  0.311632 -0.315833  0.894129
0.311992 0.110922  1.04939  0.311541 -0.315829  0.894199
0.311894 0.110926  1.04933  0.311449 -0.315826   0.89427
0.311797  0.11093  1.04927  0.311358 -0.315822   0.89434
  0.3117 0.110934  1.04921  0.311267 -0.315819   0.89441
0.311603 0.110938  1.04915  0.311176 -0.315815  0.894481
0.311506 0.110943  1.04909  0.311085 -0.315812  0.894553
0.311408 0.110947  1.04903  0.310994 -0.315808  0.894625
0.311311 0.110951  1.04898  0.310903 -0.315804  0.894697
0.311214 0.110955  1.04892  0.310813 -0.315801  0.894769
0.311117 0.110959  1.04886  0.310722 -0.315797   0.89484
 0.31102 0.110962   1.0488  0.310632 -0.315794  0.894912
0.310924 0.110966  1.04874 0.310541 -0.31579 0.894983
0.310828  0.11097  1.04868  0.310451 -0.315787  0.895054
0.310732 0.110974  1.04862  0.310361 -0.315783  0.895125
0.310637 0.110978  1.04856 0.310271 -0.31578 0.895196
0.310541 0.110982   1.0485  0.310181 -0.315776  0.895268
0.310445 0.110986  1.04844  0.310092 -0.315773   0.89534
0.31035 0.11099 1.04838  0.310002 -0.315769  0.895413
0.310254 0.110994  1.04832  0.309912 -0.315765  0.895486
0.310159 0.110998  1.04826  0.309823 -0.315762  0.895559
0.310063 0.111001  1.04819  0.309733 -0.315759  0.895632
0.309968 0.111005  1.04813  0.309644 -0.315755  0.895704
0.309873 0.111009  1.04807  0.309555 -0.315752  0.895776
0.309778 0.111013  1.04801  0.309466 -0.315749  0.895848
0.309684 0.111017  1.04795  0.309377 -0.315746   0.89592
 0.30959 0.111021  1.04789  0.309288 -0.315743  0.895992
0.309496 0.111025  1.04783 0.309199 -0.31574 0.896064
0.309402 0.111029  1.04776   0.30911 -0.315736  0.896137
0.309308 0.111032   1.0477  0.309022 -0.315733   0.89621
0.309214 0.111036  1.04764  0.308933 -0.315729  0.896284
 0.30912 0.111039  1.04758  0.308845 -0.315726  0.896358
0.309026 0.111043  1.04752  0.308756 -0.315723  0.896432
0.308932 0.111046  1.04745  0.308668 -0.315719  0.896506
0.308838 0.111049  1.04739   0.30858 -0.315716  0.896579
0.308745 0.111053  1.04733  0.308492 -0.315713  0.896653
0.308651 0.111056  1.04727 0.308404 -0.31571 0.896725
0.308559  0.11106   1.0472  0.308317 -0.315706  0.896798
0.308466 0.111064  1.04714  0.308229 -0.315703   0.89687
0.308374 0.111068  1.04708  0.308141 -0.315701  0.896943
0.308281 0.111071  1.04701  0.308054 -0.315698  0.897016
0.308189 0.111075  1.04695  0.307967 -0.315695   0.89709
0.308097 0.111079  1.04689  0.307879 -0.315692  0.897164
0.308004 0.111083  1.04682  0.307792 -0.315689  0.897239
0.307912 0.111086  1.04676  0.307705 -0.315686  0.897313
0.307819  0.11109   1.0467  0.307618 -0.315683  0.897388
0.307727 0.111093  1.04663 0.307531 -0.31568 0.897462
0.307635 0.111096  1.04657  0.307444 -0.315677  0.897536
0.307544   0.1111   1.0465  0.307358 -0.315674   0.89761
0.307453 0.111103  1.04644  0.307271 -0.315671  0.897683
0.307362 0.111106  1.04637  0.307184 -0.315668  0.897757
0.307271 0.111109  1.04631  0.307098 -0.315666   0.89783
 0.30718 0.111112  1.04624  0.307012 -0.315663  0.897905
0.307089 0.111116  1.04618 0.306926 -0.31566  0.89798
0.306998 0.111119  1.04611  0.306839 -0.315658  0.898055
0.306907 0.111123  1.04605  0.306753 -0.315655   0.89813
0.306816 0.111126  1.04599  0.306667 -0.315652  0.898206
0.306726 0.111129  1.04592  0.306582 -0.315649  0.898281
0.306635 0.111132  1.04586  0.306496 -0.315646  0.898355
0.306545 0.111136  1.04579  0.306411 -0.315644   0.89843
0.306455 0.111139  1.04572  0.306325 -0.315641  0.898504
0.306366 0.111142  1.04566   0.30624 -0.315638  0.898578
0.306276 0.111145  1.04559  0.306155 -0.315636  0.898653
0.306187 0.111148  1.04553   0.30607 -0.315633  0.898728
0.306097 0.111151  1.04546  0.305984 -0.315631  0.898803
0.306008 0.111154  1.04539  0.305899 -0.315628  0.898879
0.305918 0.111157  1.04533  0.305814 -0.315625  0.898955
0.305829  0.11116  1.04526   0.30573 -0.315623  0.899031
 0.30574 0.111162   1.0452 0.305645 -0.31562 0.899107
 0.30565 0.111165  1.04513   0.30556 -0.315618  0.899183
0.305562 0.111168  1.04506  0.305476 -0.315616  0.899258
0.305473 0.111171  1.04499  0.305392 -0.315613  0.899333
0.305385 0.111174  1.04493  0.305308 -0.315611  0.899408
0.305297 0.111177  1.04486  0.305224 -0.315608  0.899483
0.305209  0.11118  1.04479   0.30514 -0.315606  0.899558
0.305121 0.111183  1.04473  0.305056 -0.315604  0.899634
0.305033 0.111186  1.04466  0.304972 -0.315601  0.899711
0.304945 0.111189  1.04459  0.304888 -0.315598  0.899788
0.304857 0.111191  1.04452  0.304804 -0.315596  0.899864
0.304769 0.111194  1.04446  0.304721 -0.315593  0.899941
0.304681 0.111196  1.04439  0.304637 -0.315591  0.900017
0.304594 0.111199  1.04432  0.304554 -0.315589  0.900093
0.304507 0.111202  1.04425  0.304471 -0.315586  0.900169
 0.30442 0.111204  1.04418  0.304388 -0.315584  0.900245
0.304333 0.111207  1.04412  0.304305 -0.315582  0.900321
0.304247  0.11121  1.04405  0.304222 -0.315581  0.900397
 0.30416 0.111213  1.04398  0.304139 -0.315579  0.900473
0.304074 0.111216  1.04391  0.304057 -0.315576   0.90055
0.303987 0.111218  1.04384  0.303974 -0.315574  0.900627
  0.3039 0.111221  1.04377  0.303891 -0.315572  0.900705
0.303814 0.111223  1.04371 0.303809 -0.31557 0.900782
0.303728 0.111226  1.04364  0.303727 -0.315567   0.90086
0.303642 0.111228  1.04357  0.303645 -0.315565  0.900936
0.303556  0.11123   1.0435  0.303563 -0.315563  0.901013
0.303471 0.111233  1.04343  0.303481 -0.315561   0.90109
0.303385 0.111235  1.04336  0.303399 -0.315559  0.901166
  0.3033 0.111237  1.04329  0.303317 -0.315557  0.901242
0.303215  0.11124  1.04322  0.303236 -0.315556  0.901319
 0.30313 0.111243  1.04315  0.303154 -0.315554  0.901397
0.303044 0.111245  1.04308  0.303073 -0.315552  0.901475
0.302959 0.111247  1.04301 0.302991 -0.31555 0.901553
0.302874  0.11125  1.04294   0.30291 -0.315548  0.901631
0.302789 0.111252  1.04287  0.302829 -0.315546  0.901709
0.302705 0.111255   1.0428  0.302748 -0.315544  0.901787
 0.30262 0.111257  1.04273  0.302667 -0.315542  0.901864
0.302536 0.111259  1.04266 0.302587 -0.31554 0.901941
0.302453 0.111262  1.04259  0.302506 -0.315538  0.902018
0.302369 0.111264  1.04252  0.302426 -0.315536  0.902095
0.302285 0.111266  1.04245  0.302345 -0.315535  0.902173
0.302201 0.111268  1.04238  0.302265 -0.315533  0.902251
0.302117  0.11127  1.04231  0.302185 -0.315531  0.902329
0.302034 0.111272  1.04224  0.302104 -0.315529  0.902408
 0.30195 0.111274  1.04217  0.302024 -0.315528  0.902487
0.301867 0.111276  1.04209  0.301944 -0.315526  0.902566
0.301783 0.111278  1.04202  0.301865 -0.315524  0.902644
 0.3017 0.11128 1.04195  0.301785 -0.315523  0.902722
0.301618 0.111282  1.04188  0.301705 -0.315521    0.9028
0.301535 0.111284  1.04181  0.301626 -0.315519  0.902878
0.301453 0.111287  1.04174  0.301547 -0.315518  0.902956
0.301371 0.111289  1.04166  0.301468 -0.315516  0.903034
0.301288 0.111291  1.04159  0.301389 -0.315515  0.903112
0.301206 0.111292  1.04152   0.30131 -0.315513  0.903191
0.301124 0.111294  1.04145  0.301231 -0.315511   0.90327
0.301041 0.111296  1.04138  0.301152 -0.315509   0.90335
0.300959 0.111297  1.04131  0.301073 -0.315508   0.90343
0.300878 0.111299  1.04123  0.300994 -0.315506  0.903509
0.300796 0.111301  1.04116  0.300916 -0.315505  0.903588
0.300715 0.111303  1.04109  0.300838 -0.315503  0.903666
0.300634 0.111305  1.04102  0.300759 -0.315502  0.903745
0.300553 0.111307  1.04094  0.300681 -0.315501  0.903823
0.300472 0.111309  1.04087 0.300603  -0.3155 0.903901
0.300391 0.111311   1.0408  0.300526 -0.315499   0.90398
 0.30031 0.111313  1.04072  0.300448 -0.315497   0.90406
0.300229 0.111315  1.04065   0.30037 -0.315496   0.90414
0.300148 0.111316  1.04058  0.300293 -0.315494   0.90422
0.300067 0.111318  1.04051  0.300215 -0.315493    0.9043
0.299987 0.111319  1.04043  0.300138 -0.315491   0.90438
0.299907 0.111321  1.04036  0.30006 -0.31549  0.90446
0.299827 0.111322  1.04029  0.299983 -0.315489  0.904539
0.299748 0.111324  1.04021  0.299906 -0.315487  0.904618
0.299668 0.111325  1.04014   0.29983 -0.315486  0.904697
0.299588 0.111327  1.04006  0.299753 -0.315485  0.904776
0.299509 0.111329  1.03999  0.299676 -0.315484  0.904856
0.299429  0.11133  1.03992    0.2996 -0.315484  0.904935
 0.29935 0.111332  1.03984  0.299523 -0.315482  0.905016
 0.29927 0.111333  1.03977  0.299447 -0.315481  0.905097
0.299191 0.111335   1.0397 0.299371 -0.31548 0.905178
0.299112 0.111336  1.03962  0.299295 -0.315479  0.905259
0.299033 0.111338  1.03955  0.299219 -0.315477  0.905339
0.298955 0.111339  1.03947  0.299143 -0.315476  0.905419
0.298877 0.111341   1.0394  0.299067 -0.315475  0.905499
0.298799 0.111342  1.03932  0.298991 -0.315474  0.905579
 0.29872 0.111344  1.03925  0.298916 -0.315473  0.905658
0.298642 0.111345  1.03917  0.298841 -0.315472  0.905738
0.298564 0.111346   1.0391  0.298765 -0.315472  0.905818
0.298486 0.111347  1.03902   0.29869 -0.315471  0.905899
0.298408 0.111348  1.03895 0.298615 -0.31547 0.905981
 0.29833 0.111349  1.03887   0.29854 -0.315469  0.906062
0.298252 0.111351   1.0388  0.298465 -0.315468  0.906144
0.298175 0.111352  1.03872   0.29839 -0.315467  0.906225
0.298098 0.111353  1.03865  0.298316 -0.315466  0.906306
0.298021 0.111355  1.03857  0.298241 -0.315465  0.906386
0.297944 0.111356   1.0385  0.298167 -0.315464  0.906467
0.297867 0.111357  1.03842  0.298093 -0.315463  0.906547
0.297791 0.111359  1.03835  0.298019 -0.315463  0.906627
0.297714  0.11136  1.03827  0.297945 -0.315462  0.906708
0.297637  0.11136  1.03819  0.297871 -0.315461  0.906789
0.297561 0.111361  1.03812 0.297797 -0.31546 0.906871
0.297484 0.111362  1.03804  0.297723 -0.315459  0.906953
0.297408 0.111363  1.03797  0.297649 -0.315459  0.907036
0.297332 0.111365  1.03789  0.297576 -0.315458  0.907117
0.297256 0.111366  1.03782  0.297503 -0.315457  0.907199
 0.29718 0.111367  1.03774  0.297429 -0.315457   0.90728
0.297104 0.111369  1.03766  0.297356 -0.315456  0.907361
0.297029  0.11137  1.03759  0.297284 -0.315456  0.907442
0.296954 0.111371  1.03751  0.297211 -0.315455  0.907523
0.296878 0.111372  1.03743  0.297138 -0.315454  0.907604
0.296803 0.111373  1.03736  0.297066 -0.315454  0.907686
0.296728 0.111374  1.03728  0.296993 -0.315453  0.907768
0.296653 0.111375   1.0372  0.296921 -0.315452  0.907851
0.296578 0.111376  1.03713  0.296848 -0.315451  0.907934
0.296503 0.111377  1.03705 0.296776 -0.31545 0.908017
0.296429 0.111378  1.03697 0.296704 -0.31545 0.908099
0.296354 0.111379   1.0369  0.296632 -0.315449  0.908181
0.29628 0.11138 1.03682   0.29656 -0.315449  0.908263
0.296205 0.111381  1.03674  0.296489 -0.315448  0.908344
0.296131 0.111383  1.03667  0.296417 -0.315448  0.908426
0.296057 0.111384  1.03659  0.296346 -0.315448  0.908508
0.295983 0.111385  1.03651  0.296275 -0.315448   0.90859
0.295909 0.111386  1.03644  0.296203 -0.315447  0.908672
0.295835 0.111387  1.03636  0.296132 -0.315447  0.908756
0.295761 0.111388  1.03628  0.296061 -0.315446  0.908839
0.295688  0.11139  1.03621   0.29599 -0.315446  0.908922
0.295614 0.111391  1.03613   0.29592 -0.315445  0.909005
0.295541 0.111392  1.03605  0.295849 -0.315445  0.909088
0.295467 0.111393  1.03597  0.295779 -0.315444  0.909171
0.295394 0.111394   1.0359  0.295709 -0.315444  0.909253
0.295321 0.111395  1.03582  0.295638 -0.315444  0.909335
0.295248 0.111396  1.03574  0.295568 -0.315444  0.909417
0.295175 0.111398  1.03567  0.295498 -0.315443    0.9095
0.295101 0.111399  1.03559  0.295429 -0.315443  0.909583
0.295029   0.1114  1.03551  0.295359 -0.315443  0.909667
0.294956 0.111402  1.03544  0.295289 -0.315443  0.909751
0.294883 0.111403  1.03536   0.29522 -0.315442  0.909835
 0.29481 0.111405  1.03528   0.29515 -0.315442  0.909919
0.294738 0.111407  1.03521  0.295081 -0.315442  0.910002
0.294665 0.111408  1.03513  0.295012 -0.315441  0.910085
0.294593  0.11141  1.03505  0.294943 -0.315441  0.910168
0.294521 0.111411  1.03497  0.294874 -0.315441  0.910251
0.294449 0.111413   1.0349  0.294806 -0.315441  0.910334
0.294376 0.111414  1.03482 0.294737 -0.31544 0.910417
0.294304 0.111415  1.03475 0.294669 -0.31544   0.9105
0.294232 0.111416  1.03467   0.2946 -0.31544 0.910584
0.294161 0.111418  1.03459 0.294532 -0.31544 0.910669
0.294089  0.11142  1.03452 0.294464 -0.31544 0.910754
0.294017 0.111422  1.03444 0.294396 -0.31544 0.910838
0.293945 0.111424  1.03436  0.294328 -0.315439  0.910922
0.293873 0.111426  1.03429   0.29426 -0.315439  0.911006
0.293802 0.111428  1.03421  0.294193 -0.315439   0.91109
0.29373 0.11143 1.03413  0.294125 -0.315439  0.911173
0.293659 0.111431  1.03406  0.294058 -0.315439  0.911257
0.293588 0.111433  1.03398  0.293991 -0.315439   0.91134
0.293517 0.111435   1.0339  0.293924 -0.315439  0.911424
0.293445 0.111437  1.03383  0.293857 -0.315438  0.911508
0.293374 0.111439  1.03375   0.29379 -0.315438  0.911593
0.293303 0.111441  1.03368  0.293723 -0.315438  0.911679
0.293233 0.111442   1.0336  0.293657 -0.315438  0.911764
0.293162 0.111444  1.03352   0.29359 -0.315437  0.911849
0.293091 0.111446  1.03345  0.293524 -0.315437  0.911934
 0.29302 0.111449  1.03337  0.293458 -0.315437  0.912018
 0.29295 0.111451  1.03329  0.293392 -0.315438  0.912102
0.292879 0.111453  1.03322  0.293326 -0.315438  0.912186
0.292808 0.111455  1.03314   0.29326 -0.315438   0.91227
0.292738 0.111458  1.03307  0.293195 -0.315438  0.912354
0.292668  0.11146  1.03299  0.293129 -0.315438  0.912439
0.292597 0.111462  1.03292  0.293064 -0.315438  0.912525
0.292527 0.111465  1.03284  0.292998 -0.315438  0.912611
0.292457 0.111467  1.03276  0.292933 -0.315438  0.912697
0.292387  0.11147  1.03269  0.292868 -0.315438  0.912782
0.292317 0.111472  1.03261  0.292803 -0.315438  0.912868
0.292248 0.111474  1.03254  0.292738 -0.315438  0.912953
0.292178 0.111477  1.03246  0.292673 -0.315438  0.913037
0.292108 0.111479  1.03239  0.292609 -0.315438  0.913122
0.292038 0.111481  1.03231  0.292545 -0.315438  0.913206
0.291969 0.111484  1.03224   0.29248 -0.315439  0.913291
0.291899 0.111487  1.03216  0.292416 -0.315439  0.913376
 0.29183 0.111489  1.03209  0.292352 -0.315439  0.913462
 0.29176 0.111492  1.03201  0.292288 -0.315439  0.913549
0.291691 0.111495  1.03194  0.292225 -0.315439  0.913635
0.291622 0.111498  1.03186  0.292161 -0.315439  0.913722
0.291553 0.111501  1.03179  0.292097 -0.315439  0.913808
0.291484 0.111504  1.03171  0.292034 -0.315439  0.913894
0.291415 0.111507  1.03164  0.291971 -0.315439  0.913979
0.291346  0.11151  1.03156  0.291908 -0.315439  0.914064
0.291277 0.111512  1.03149 0.291845 -0.31544 0.914149
0.291209 0.111515  1.03141 0.291782 -0.31544 0.914235
 0.29114 0.111518  1.03134 0.291719 -0.31544  0.91432
0.291071  0.11152  1.03126  0.291656 -0.315441  0.914407
0.291003 0.111524  1.03119  0.291594 -0.315441  0.914494
0.290934 0.111527  1.03111  0.291531 -0.315441  0.914581
0.290866  0.11153  1.03104  0.291469 -0.315441  0.914668
0.290798 0.111534  1.03096  0.291407 -0.315441  0.914755
0.290729 0.111537  1.03089  0.291345 -0.315441  0.914841
0.290661 0.111541  1.03082  0.291283 -0.315442  0.914927
0.290593 0.111544  1.03074  0.291222 -0.315442  0.915013
0.290525 0.111547  1.03067   0.29116 -0.315442  0.915099
0.290457 0.111551  1.03059  0.291099 -0.315442  0.915184
0.290389 0.111554  1.03052  0.291037 -0.315443  0.915271
0.290322 0.111557  1.03045  0.290976 -0.315443  0.915357
0.290254 0.111561  1.03037  0.290915 -0.315443  0.915445
0.290187 0.111564   1.0303  0.290854 -0.315443  0.915533
0.290119 0.111568  1.03022  0.290793 -0.315443   0.91562
0.290052 0.111571  1.03015  0.290732 -0.315443  0.915708
0.289984 0.111575  1.03008  0.290672 -0.315444  0.915795
0.289917 0.111578     1.03  0.290611 -0.315444  0.915882
 0.28985 0.111582  1.02993  0.290551 -0.315445  0.915968
0.289782 0.111586  1.02986  0.290491 -0.315445  0.916054
0.289715  0.11159  1.02978  0.290431 -0.315446  0.916141
0.289648 0.111594  1.02971  0.290371 -0.315446  0.916227
0.289582 0.111597  1.02963  0.290311 -0.315446  0.916314
0.289515 0.111601  1.02956  0.290252 -0.315446  0.916402
0.289449 0.111605  1.02949  0.290192 -0.315446   0.91649
0.289383 0.111609  1.02941  0.290132 -0.315447  0.916579
0.289317 0.111612  1.02934  0.290073 -0.315447  0.916667
0.289251 0.111616  1.02926  0.290014 -0.315447  0.916755
0.289186  0.11162  1.02919  0.289955 -0.315447  0.916842
 0.28912 0.111623  1.02911  0.289896 -0.315448  0.916929
0.289055 0.111626  1.02904  0.289837 -0.315448  0.917016
0.288989  0.11163  1.02896  0.289778 -0.315449  0.917103
0.288924 0.111634  1.02889   0.28972 -0.315449   0.91719
 0.28886 0.111638  1.02881 0.289662 -0.31545 0.917278
0.288795 0.111641  1.02874  0.289603 -0.315451  0.917366
0.288731 0.111645  1.02866  0.289545 -0.315451  0.917454
0.288667 0.111648  1.02858  0.289487 -0.315451  0.917543
0.288604 0.111652  1.02851  0.289429 -0.315451  0.917632
 0.28854 0.111656  1.02843  0.289371 -0.315451  0.917721
0.288476 0.111659  1.02835  0.289313 -0.315452  0.917809
0.288413 0.111663  1.02828  0.289256 -0.315452  0.917897
 0.28835 0.111666   1.0282  0.289198 -0.315453  0.917984
0.288286 0.111669  1.02813  0.289141 -0.315453  0.918072
0.288223 0.111673  1.02805  0.289084 -0.315454  0.918159
0.288161 0.111676  1.02797  0.289027 -0.315454  0.918247
0.288099 0.111679  1.02789   0.28897 -0.315455  0.918336
0.288036 0.111682  1.02781  0.288913 -0.315455  0.918425
0.287975 0.111685  1.02774  0.288856 -0.315456  0.918514
0.287913 0.111689  1.02766    0.2888 -0.315456  0.918604
0.287851 0.111692  1.02758  0.288743 -0.315457  0.918693
0.287789 0.111695   1.0275  0.288687 -0.315457  0.918782
0.287728 0.111699  1.02742  0.288631 -0.315458   0.91887
0.287666 0.111702  1.02734  0.288575 -0.315458  0.918959
0.287605 0.111705  1.02726  0.288519 -0.315459  0.919047
0.287544 0.111709  1.02719  0.288463 -0.315459  0.919135
0.287483 0.111712  1.02711 0.288408 -0.31546 0.919223
0.287423 0.111715  1.02703 0.288352 -0.31546 0.919312
0.287363 0.111718  1.02695  0.288296 -0.315461  0.919401
0.287303 0.111721  1.02687  0.288241 -0.315461  0.919491
0.287243 0.111723  1.02679  0.288185 -0.315462  0.919581
0.287183 0.111726   1.0267   0.28813 -0.315462  0.919671
0.287124 0.111729  1.02662  0.288075 -0.315463  0.919761
0.287064 0.111733  1.02654   0.28802 -0.315464   0.91985
0.287004 0.111736  1.02646  0.287966 -0.315464  0.919939
0.286945 0.111739  1.02638  0.287911 -0.315465  0.920027
0.286885 0.111742   1.0263  0.287857 -0.315465  0.920116
0.286827 0.111745  1.02622  0.287803 -0.315466  0.920205
0.286768 0.111748  1.02614  0.287749 -0.315467  0.920294
 0.28671 0.111751  1.02606  0.287694 -0.315467  0.920384
0.286651 0.111754  1.02598   0.28764 -0.315467  0.920474
0.286593 0.111757  1.02589  0.287586 -0.315468  0.920565
0.286535  0.11176  1.02581  0.287532 -0.315468  0.920655
0.286477 0.111762  1.02573  0.287479 -0.315468  0.920745
 0.28642 0.111765  1.02565  0.287425 -0.315469  0.920835
0.286362 0.111768  1.02557 0.287372 -0.31547 0.920925
0.286304 0.111771  1.02548  0.287318 -0.315471  0.921014
0.286247 0.111774   1.0254  0.287265 -0.315472  0.921103
0.286189 0.111777  1.02532  0.287212 -0.315473  0.921192
0.286133  0.11178  1.02524   0.28716 -0.315474  0.921282
0.286076 0.111783  1.02515  0.287107 -0.315474  0.921372
 0.28602 0.111786  1.02507  0.287054 -0.315475  0.921463
0.285963 0.111788  1.02498  0.287001 -0.315475  0.921554
0.285907 0.111791   1.0249  0.286949 -0.315476  0.921645
0.285851 0.111794  1.02482  0.286897 -0.315476  0.921736
0.285795 0.111797  1.02473  0.286844 -0.315477  0.921826
0.285738   0.1118  1.02465  0.286792 -0.315477  0.921917
0.285683 0.111803  1.02457   0.28674 -0.315478  0.922006
0.285627 0.111805  1.02448  0.286689 -0.315479  0.922096
0.285571 0.111808   1.0244 0.286637 -0.31548 0.922186
0.285516  0.11181  1.02431  0.286586 -0.315481  0.922276
0.285461 0.111813  1.02423  0.286534 -0.315482  0.922366
0.285407 0.111815  1.02414  0.286483 -0.315483  0.922457
0.285352 0.111818  1.02406  0.286431 -0.315483  0.922549
0.285297 0.111821  1.02397   0.28638 -0.315484  0.922641
0.285243 0.111823  1.02389  0.286329 -0.315484  0.922732
0.285188 0.111826   1.0238  0.286278 -0.315485  0.922823
0.285134 0.111829  1.02372  0.286228 -0.315485  0.922914
0.285079 0.111831  1.02363  0.286177 -0.315486  0.923005
0.285025 0.111834  1.02355  0.286127 -0.315487  0.923095
0.284972 0.111837  1.02346  0.286076 -0.315487  0.923185
0.284918 0.111839  1.02338  0.286026 -0.315488  0.923275
0.284865 0.111841  1.02329  0.285976 -0.315489  0.923366
0.284812 0.111844   1.0232 0.285926 -0.31549 0.923458
0.284759 0.111846  1.02312 0.285876 -0.31549  0.92355
0.284706 0.111848  1.02303  0.285826 -0.315491  0.923642
0.284653 0.111851  1.02294  0.285776 -0.315492  0.923734
  0.2846 0.111853  1.02286  0.285726 -0.315493  0.923826
0.284547 0.111856  1.02277  0.285677 -0.315494  0.923917
0.284494 0.111859  1.02269  0.285628 -0.315494  0.924008
0.284442 0.111861   1.0226  0.285579 -0.315495  0.924099
 0.28439 0.111864  1.02251   0.28553 -0.315496   0.92419
0.284338 0.111866  1.02242  0.285481 -0.315497  0.924281
0.284286 0.111868  1.02234  0.285432 -0.315497  0.924372
0.284235 0.111871  1.02225  0.285384 -0.315498  0.924464
0.284183 0.111873  1.02216  0.285335 -0.315499  0.924556
0.284132 0.111875  1.02207  0.285286 -0.315499  0.924649
0.284081 0.111877  1.02199 0.285238  -0.3155 0.924742
0.28403 0.11188  1.0219  0.285189 -0.315501  0.924834
0.283978 0.111882  1.02181  0.285141 -0.315501  0.924926
0.283927 0.111884  1.02172  0.285093 -0.315502  0.925018
0.283876 0.111887  1.02164  0.285045 -0.315504  0.925109
0.283826  0.11189  1.02155  0.284998 -0.315505    0.9252
0.283775 0.111892  1.02146   0.28495 -0.315506  0.925292
0.283725 0.111894  1.02137  0.284903 -0.315506  0.925383
0.283675 0.111897  1.02128  0.284855 -0.315507  0.925476
0.283626 0.111899  1.02119  0.284808 -0.315508  0.925569
0.283576 0.111901   1.0211  0.284761 -0.315508  0.925662
0.283526 0.111903  1.02102  0.284714 -0.315509  0.925755
0.283476 0.111906  1.02093  0.284667 -0.315509  0.925848
0.283427 0.111908  1.02084  0.28462 -0.31551 0.925941
0.283377  0.11191  1.02075  0.284573 -0.315511  0.926033
0.283328 0.111912  1.02066  0.284526 -0.315512  0.926125
0.283279 0.111914  1.02057   0.28448 -0.315513  0.926217
 0.28323 0.111916  1.02048  0.284434 -0.315514  0.926308
0.283182 0.111918  1.02039  0.284388 -0.315515    0.9264
0.283133 0.111921   1.0203  0.284342 -0.315516  0.926493
0.283085 0.111923  1.02021  0.284296 -0.315517  0.926586
0.283036 0.111925  1.02012   0.28425 -0.315518   0.92668
0.282988 0.111927  1.02003  0.284204 -0.315518  0.926774
0.28294 0.11193 1.01994  0.284158 -0.315519  0.926867
0.282892 0.111932  1.01986  0.284112 -0.315519  0.926961
0.282844 0.111934  1.01977 0.284067 -0.31552 0.927053
0.282796 0.111937  1.01968  0.284022 -0.315521  0.927146
0.282749 0.111939  1.01959  0.283977 -0.315522  0.927238
0.282701 0.111941   1.0195  0.283932 -0.315522   0.92733
0.282654 0.111942  1.01941  0.283887 -0.315523  0.927423
0.282607 0.111944  1.01931  0.283842 -0.315524  0.927516
0.282561 0.111946  1.01922  0.283797 -0.315525  0.927609
0.282514 0.111948  1.01913  0.283753 -0.315526  0.927703
0.282467  0.11195  1.01904  0.283708 -0.315527  0.927798
 0.28242 0.111953  1.01895  0.283663 -0.315528  0.927892
0.282373 0.111955  1.01886  0.283619 -0.315529  0.927986
0.282327 0.111957  1.01877 0.283575 -0.31553 0.928079
0.282281 0.111959  1.01868 0.283531 -0.31553 0.928172
0.282234 0.111962  1.01859  0.283487 -0.315531  0.928265
0.282189 0.111964   1.0185  0.283444 -0.315532  0.928358
0.282143 0.111966  1.01841    0.2834 -0.315533  0.928451
0.282098 0.111968  1.01831  0.283357 -0.315534  0.928544
0.282052  0.11197  1.01822  0.283313 -0.315534  0.928638
0.282007 0.111971  1.01813   0.28327 -0.315535  0.928732
0.281962 0.111973  1.01804  0.283226 -0.315535  0.928827
0.281916 0.111975  1.01795  0.283183 -0.315536  0.928922
0.281871 0.111977  1.01786   0.28314 -0.315537  0.929016
0.281826 0.111979  1.01777  0.283097 -0.315538   0.92911
0.281781 0.111981  1.01768  0.283054 -0.315539  0.929204
0.281737 0.111983  1.01758 0.283012 -0.31554 0.929297
0.281692 0.111985  1.01749  0.282969 -0.315541  0.929391
0.281648 0.111987   1.0174  0.282927 -0.315542  0.929484
0.281604 0.111989  1.01731  0.282885 -0.315543  0.929578
 0.28156 0.111991  1.01721  0.282843 -0.315544  0.929672
0.281516 0.111993  1.01712    0.2828 -0.315544  0.929767
0.281472 0.111995  1.01703  0.282758 -0.315545  0.929862
0.281428 0.111997  1.01694  0.282716 -0.315545  0.929957
0.281384 0.111999  1.01685  0.282675 -0.315546  0.930052
0.281341 0.112001  1.01675  0.282633 -0.315547  0.930147
0.281297 0.112003  1.01666  0.282591 -0.315547  0.930241
0.281254 0.112005  1.01657   0.28255 -0.315548  0.930335
0.281211 0.112006  1.01648  0.282509 -0.315549  0.930429
0.281168 0.112008  1.01638 0.282468 -0.31555 0.930523
0.281126  0.11201  1.01629  0.282427 -0.315551  0.930617
0.281083 0.112012   1.0162  0.282386 -0.315552  0.930711
 0.28104 0.112014   1.0161  0.282345 -0.315553  0.930806
0.280998 0.112016  1.01601  0.282304 -0.315554  0.930902
0.280955 0.112018  1.01592  0.282263 -0.315555  0.930998
0.280913  0.11202  1.01582  0.282223 -0.315555  0.931094
0.280871 0.112022  1.01573  0.282182 -0.315556  0.931189
0.280829 0.112024  1.01564  0.282142 -0.315557  0.931284
0.280787 0.112026  1.01555  0.282102 -0.315557  0.931378
0.280745 0.112028  1.01545  0.282062 -0.315558  0.931473
0.280704 0.112029  1.01536  0.282022 -0.315559  0.931567
0.280663 0.112031  1.01526 0.281983 -0.31556 0.931661
0.280621 0.112033  1.01517 0.281943 -0.31556 0.931756
 0.28058 0.112034  1.01508  0.281903 -0.315561  0.931851
0.280539 0.112036  1.01498  0.281864 -0.315562  0.931947
0.280498 0.112038  1.01489  0.281824 -0.315563  0.932044
0.280457  0.11204   1.0148  0.281785 -0.315564   0.93214
0.280416 0.112042   1.0147  0.281745 -0.315564  0.932236
0.280375 0.112044  1.01461  0.281706 -0.315565  0.932331
0.280334 0.112046  1.01452  0.281668 -0.315566  0.932426
0.280294 0.112048  1.01442  0.281629 -0.315567  0.932521
0.280254  0.11205  1.01433   0.28159 -0.315567  0.932616
0.280214 0.112052  1.01423  0.281552 -0.315568  0.932711
0.280174 0.112053  1.01414  0.281514 -0.315569  0.932806
0.280134 0.112055  1.01404 0.281475 -0.31557 0.932902
0.280095 0.112057  1.01395 0.281437 -0.31557 0.932998
0.280055 0.112059  1.01386  0.281398 -0.315571  0.933095
0.280015 0.112061  1.01376   0.28136 -0.315571  0.933192
0.279976 0.112062  1.01367  0.281322 -0.315572  0.933288
0.279936 0.112064  1.01357  0.281284 -0.315573  0.933384
0.279897 0.112066  1.01348  0.281246 -0.315574   0.93348
0.279858 0.112068  1.01338  0.281209 -0.315574  0.933575
0.279819  0.11207  1.01329  0.281172 -0.315576   0.93367
 0.27978 0.112071  1.01319  0.281134 -0.315576  0.933765
0.279742 0.112073   1.0131  0.281097 -0.315577  0.933861
0.279703 0.112075    1.013   0.28106 -0.315578  0.933957
0.279665 0.112077  1.01291  0.281023 -0.315578  0.934054
0.279626 0.112079  1.01281  0.280986 -0.315579  0.934151
0.279588 0.112081  1.01272  0.280949 -0.315579  0.934249
0.279549 0.112083  1.01262  0.280912 -0.315579  0.934346
0.279511 0.112085  1.01253 0.280875 -0.31558 0.934442
0.279473 0.112086  1.01243 0.280839 -0.31558 0.934538
0.279436 0.112088  1.01234  0.280802 -0.315581  0.934634
0.279398 0.112089  1.01224  0.280766 -0.315582   0.93473
0.279361 0.112091  1.01215   0.28073 -0.315583  0.934826
0.279324 0.112093  1.01205  0.280694 -0.315584  0.934921
0.279286 0.112095  1.01196  0.280658 -0.315585  0.935018
0.279249 0.112097  1.01186  0.280622 -0.315586  0.935115
0.279212 0.112099  1.01177  0.280586 -0.315586  0.935212
0.279174   0.1121  1.01167  0.280551 -0.315587   0.93531
0.279137 0.112102  1.01158  0.280515 -0.315587  0.935408
  0.2791 0.112104  1.01148   0.28048 -0.315587  0.935505
0.279064 0.112106  1.01138  0.280444 -0.315588  0.935602
0.279027 0.112108  1.01129  0.280409 -0.315588  0.935698
0.278991 0.112109  1.01119  0.280374 -0.315589  0.935794
0.278955 0.112111   1.0111  0.280339 -0.315589   0.93589
0.278919 0.112112    1.011 0.280304 -0.31559 0.935987
0.278883 0.112114   1.0109   0.28027 -0.315591  0.936083
0.278847 0.112115  1.01081  0.280235 -0.315591  0.936181
0.278811 0.112117  1.01071    0.2802 -0.315592  0.936279
0.278775 0.112119  1.01062  0.280165 -0.315593  0.936377
0.278739 0.112121  1.01052  0.280131 -0.315593  0.936475
0.278703 0.112123  1.01042  0.280097 -0.315594  0.936573
0.278668 0.112125  1.01033  0.280062 -0.315594   0.93667
0.278633 0.112127  1.01023  0.280028 -0.315595  0.936767
0.278598 0.112128  1.01013  0.279995 -0.315595  0.936864
0.278563  0.11213  1.01004  0.279961 -0.315596   0.93696
0.278528 0.112132  1.00994  0.279927 -0.315596  0.937057
0.278493 0.112133  1.00984  0.279894 -0.315597  0.937154
0.278458 0.112135  1.00975   0.27986 -0.315597  0.937252
0.278423 0.112136  1.00965  0.279827 -0.315597   0.93735
0.278388 0.112138  1.00956  0.279793 -0.315598  0.937449
0.278354  0.11214  1.00946   0.27976 -0.315598  0.937548
0.278319 0.112141  1.00936  0.279726 -0.315598  0.937646
0.278285 0.112143  1.00927  0.279693 -0.315599  0.937744
0.278251 0.112145  1.00917 0.279661  -0.3156 0.937841
0.278217 0.112146  1.00907 0.279628  -0.3156 0.937938
0.278184 0.112148  1.00897  0.279595 -0.315601  0.938035
0.27815 0.11215 1.00888  0.279563 -0.315602  0.938132
0.278116 0.112152  1.00878  0.279531 -0.315602   0.93823
0.278082 0.112153  1.00868  0.279498 -0.315602  0.938328
0.278049 0.112155  1.00859  0.279466 -0.315603  0.938426
0.278015 0.112157  1.00849  0.279433 -0.315603  0.938526
0.277982 0.112158  1.00839  0.279401 -0.315603  0.938625
0.277948  0.11216   1.0083  0.279369 -0.315603  0.938724
0.277915 0.112161   1.0082  0.279337 -0.315603  0.938822
0.277882 0.112163   1.0081  0.279305 -0.315603   0.93892
 0.27785 0.112164    1.008  0.279274 -0.315604  0.939018
0.277817 0.112165  1.00791  0.279242 -0.315604  0.939115
0.277784 0.112166  1.00781  0.279211 -0.315605  0.939213
0.277752 0.112168  1.00771   0.27918 -0.315606   0.93931
0.277719 0.112169  1.00761  0.279149 -0.315606  0.939409
0.277687 0.112171  1.00752  0.279117 -0.315607  0.939508
0.277654 0.112173  1.00742  0.279086 -0.315607  0.939607
0.277622 0.112175  1.00732  0.279055 -0.315607  0.939707
 0.27759 0.112176  1.00723  0.279024 -0.315607  0.939806
0.277558 0.112178  1.00713  0.278993 -0.315608  0.939905
0.277526 0.112179  1.00703  0.278963 -0.315608  0.940003
0.277494  0.11218  1.00693  0.278932 -0.315608  0.940102
0.277463 0.112182  1.00683  0.278902 -0.315608    0.9402
0.277431 0.112183  1.00674  0.278872 -0.315608  0.940298
  0.2774 0.112184  1.00664  0.278842 -0.315609  0.940396
0.277368 0.112185  1.00654  0.278812 -0.315609  0.940494
0.277337 0.112186  1.00644  0.278781 -0.315609  0.940593
0.277306 0.112187  1.00635 0.278751 -0.31561 0.940693
0.277274 0.112189  1.00625 0.278721 -0.31561 0.940793
0.277243 0.112191  1.00615 0.278691 -0.31561 0.940893
0.277212 0.112192  1.00605  0.278662 -0.315611  0.940993
0.277182 0.112193  1.00595  0.278632 -0.315611  0.941092
0.277151 0.112195  1.00586  0.278602 -0.315611   0.94119
0.277121 0.112196  1.00576  0.278573 -0.315611  0.941289
 0.27709 0.112197  1.00566  0.278544 -0.315611  0.941387
 0.27706 0.112198  1.00556  0.278514 -0.315611  0.941485
0.277029 0.112199  1.00546  0.278485 -0.315611  0.941584
0.276999   0.1122  1.00536  0.278456 -0.315611  0.941684
0.276969 0.112201  1.00527 0.278427 -0.31561 0.941784
0.276938 0.112202  1.00517 0.278397 -0.31561 0.941884
0.276908 0.112203  1.00507 0.278368 -0.31561 0.941984
0.276879 0.112204  1.00497 0.278339 -0.31561 0.942084
0.276849 0.112205  1.00487   0.27831 -0.315611  0.942183
0.276819 0.112206  1.00477  0.278281 -0.315611  0.942282
 0.27679 0.112207  1.00467  0.278252 -0.315611  0.942381
0.276761 0.112208  1.00458  0.278224 -0.315611  0.942479
0.276731 0.112209  1.00448  0.278195 -0.315611  0.942578
0.276702  0.11221  1.00438  0.278166 -0.315611  0.942677
0.276673 0.112211  1.00428  0.278138 -0.315611  0.942776
0.276643 0.112212  1.00418 0.278109 -0.31561 0.942876
0.276614 0.112213  1.00408  0.27808 -0.31561 0.942977
0.276585 0.112214  1.00399  0.278051 -0.315609  0.943077
0.276556 0.112214  1.00389  0.278022 -0.315609  0.943177
0.276527 0.112215  1.00379  0.277994 -0.315608  0.943276
0.276499 0.112215  1.00369  0.277965 -0.315608  0.943375
 0.27647 0.112215  1.00359  0.277937 -0.315608  0.943473
0.276442 0.112216  1.00349  0.277908 -0.315607  0.943572
0.276414 0.112217  1.00339   0.27788 -0.315607   0.94367
0.276385 0.112218  1.00329  0.277851 -0.315607  0.943768
0.276357 0.112219  1.00319  0.277823 -0.315607  0.943867
0.276329 0.112219   1.0031  0.277794 -0.315607  0.943967
0.276301  0.11222    1.003  0.277765 -0.315606  0.944067
0.276273 0.112221   1.0029  0.277737 -0.315605  0.944167
0.276245 0.112221   1.0028  0.277708 -0.315604  0.944267
0.276217 0.112221   1.0027  0.277679 -0.315603  0.944366
0.276189 0.112221   1.0026  0.277651 -0.315602  0.944465
0.276162 0.112221   1.0025  0.277622 -0.315601  0.944563
0.276135 0.112221   1.0024 0.277594  -0.3156 0.944661
0.276107 0.112221   1.0023 0.277565  -0.3156 0.944759
 0.27608 0.112222   1.0022  0.277537 -0.315599  0.944857
0.276053 0.112222   1.0021  0.277508 -0.315598  0.944956
0.276025 0.112223    1.002   0.27748 -0.315598  0.945055
0.275998 0.112223  1.00191  0.277451 -0.315597  0.945154
0.275971 0.112224  1.00181  0.277422 -0.315596  0.945254
0.275944 0.112224  1.00171  0.277393 -0.315595  0.945353
0.275918 0.112224  1.00161  0.277365 -0.315594  0.945452
0.275891 0.112224  1.00151  0.277336 -0.315592  0.945551
0.275865 0.112224  1.00141 0.277307 -0.31559 0.945649
0.275838 0.112224  1.00131  0.277279 -0.315588  0.945747
0.275812 0.112223  1.00121   0.27725 -0.315587  0.945844
0.275785 0.112223  1.00111  0.277221 -0.315585  0.945942
0.275759 0.112223  1.00101  0.277192 -0.315584   0.94604
0.275733 0.112223  1.00091  0.277163 -0.315582  0.946138
0.275707 0.112223  1.00081 0.277135 -0.31558 0.946237
0.275681 0.112223  1.00071  0.277106 -0.315579  0.946336
0.275655 0.112223  1.00061  0.277077 -0.315577  0.946435
0.275629 0.112223  1.00051  0.277048 -0.315576  0.946534
0.275604 0.112223  1.00041  0.277019 -0.315574  0.946632
0.275579 0.112223  1.00031   0.27699 -0.315572  0.946729
0.275553 0.112223  1.00021 0.276961 -0.31557 0.946826
0.275528 0.112222  1.00011  0.276932 -0.315568  0.946923
0.275503 0.112222  1.00001  0.276903 -0.315565   0.94702
0.275477 0.112222  0.99991  0.276874 -0.315563  0.947118
0.275452 0.112222  0.99981 0.276845 -0.31556 0.947216
0.275427 0.112221 0.999711  0.276816 -0.315558  0.947314
0.275402 0.112221 0.999611  0.276786 -0.315555  0.947413
0.275377  0.11222 0.999511  0.276757 -0.315552  0.947511
0.275352 0.112219 0.999411 0.276728 -0.31555 0.947609
0.275328 0.112219  0.99931  0.276699 -0.315547  0.947707
0.275304 0.112218 0.999209   0.27667 -0.315545  0.947804
0.275279 0.112218 0.999108   0.27664 -0.315542  0.947901
0.275255 0.112217 0.999008 0.276611 -0.31554 0.947997
0.275231 0.112217 0.998908  0.276582 -0.315537  0.948093
0.275207 0.112216 0.998808  0.276553 -0.315534   0.94819
0.275182 0.112216 0.998708  0.276523 -0.315531  0.948288
0.275158 0.112215 0.998608  0.276494 -0.315527  0.948386
0.275134 0.112215 0.998508  0.276464 -0.315524  0.948484
 0.27511 0.112214 0.998408 0.276435 -0.31552 0.948582
0.275087 0.112213 0.998307  0.276405 -0.315517  0.948679
0.275063 0.112212 0.998206  0.276375 -0.315513  0.948776
 0.27504 0.112211 0.998104 0.276346 -0.31551 0.948873
0.275017  0.11221 0.998003  0.276316 -0.315506  0.948969
0.274994 0.112209 0.997903  0.276287 -0.315503  0.949065
 0.27497 0.112208 0.997802  0.276257 -0.315499  0.949161
0.274947 0.112208 0.997702  0.276228 -0.315496  0.949257
0.274924 0.112207 0.997602  0.276198 -0.315492  0.949353
0.274901 0.112206 0.997501  0.276168 -0.315488  0.949451
0.274878 0.112206 0.997401  0.276138 -0.315485  0.949548
0.274855 0.112205 0.997301 0.276108 -0.31548 0.949646
0.274833 0.112204 0.997199  0.276078 -0.315476  0.949743
 0.27481 0.112203 0.997098  0.276048 -0.315471   0.94984
0.274788 0.112201 0.996996  0.276018 -0.315467  0.949936
0.274766   0.1122 0.996895  0.275988 -0.315462  0.950031
0.274743 0.112199 0.996794  0.275959 -0.315458  0.950127
0.274721 0.112198 0.996693  0.275929 -0.315453  0.950222
0.274699 0.112196 0.996593  0.275899 -0.315449  0.950317
0.274677 0.112195 0.996492  0.275869 -0.315444  0.950413
0.274654 0.112194 0.996392 0.275838 -0.31544  0.95051
0.274633 0.112193 0.996291  0.275808 -0.315435  0.950607
0.274611 0.112192  0.99619  0.275778 -0.315431  0.950704
0.274589 0.112191 0.996089  0.275748 -0.315426    0.9508
0.274568  0.11219 0.995987  0.275717 -0.315421  0.950896
0.274547 0.112189 0.995885  0.275687 -0.315416  0.950992
0.274525 0.112188 0.995783 0.275657 -0.31541 0.951087
0.274504 0.112186 0.995682  0.275627 -0.315405  0.951182
0.274483 0.112185 0.995581  0.275596 -0.315399  0.951277
0.274462 0.112184  0.99548  0.275566 -0.315394  0.951372
 0.27444 0.112182 0.995379  0.275536 -0.315388  0.951467
0.274419 0.112181 0.995279  0.275505 -0.315383  0.951563
0.274398  0.11218 0.995178  0.275475 -0.315377  0.951659
0.274377 0.112178 0.995077  0.275444 -0.315372  0.951755
0.274357 0.112177 0.994975  0.275414 -0.315366  0.951851
0.274336 0.112175 0.994873  0.275383 -0.315361  0.951947
0.274316 0.112174 0.994771  0.275353 -0.315355  0.952042
0.274296 0.112173 0.994669 0.275322 -0.31535 0.952137
0.274276 0.112172 0.994567  0.275292 -0.315344  0.952231
0.274255  0.11217 0.994466  0.275261 -0.315338  0.952325
0.274235 0.112169 0.994364  0.275231 -0.315332   0.95242
0.274215 0.112168 0.994263    0.2752 -0.315325  0.952514
0.274194 0.112167 0.994162  0.275169 -0.315319  0.952609
0.274174 0.112165 0.994061  0.275138 -0.315312  0.952705
0.274154 0.112164  0.99396  0.275107 -0.315306  0.952801
0.274135 0.112162 0.993858  0.275076 -0.315299  0.952897
0.274115 0.112161 0.993756  0.275046 -0.315293  0.952992
0.274096 0.112159 0.993653  0.275015 -0.315287  0.953086
0.274076 0.112157 0.993551 0.274984 -0.31528 0.953181
0.274057 0.112156 0.993449  0.274953 -0.315274  0.953274
0.274038 0.112154 0.993347  0.274922 -0.315268  0.953368
0.274018 0.112153 0.993245  0.274891 -0.315261  0.953461
0.273999 0.112152 0.993144  0.274861 -0.315255  0.953555
0.273979 0.112151 0.993042  0.274829 -0.315249   0.95365
 0.27396 0.112149 0.992941  0.274798 -0.315242  0.953745
0.273941 0.112148 0.992839  0.274767 -0.315234   0.95384
0.273922 0.112147 0.992737  0.274736 -0.315227  0.953935
0.273904 0.112145 0.992634 0.274705 -0.31522  0.95403
0.273885 0.112143 0.992531  0.274674 -0.315213  0.954124
0.273866 0.112142 0.992428  0.274643 -0.315207  0.954217
0.273848  0.11214 0.992326 0.274613  -0.3152 0.954311
0.273829 0.112139 0.992223  0.274582 -0.315193  0.954404
0.273811 0.112137 0.992121  0.274552 -0.315186  0.954497
0.273792 0.112136 0.992019 0.274521 -0.31518  0.95459
0.273774 0.112135 0.991918  0.274491 -0.315173  0.954684
0.273755 0.112134 0.991816  0.274461 -0.315167  0.954779
0.273737 0.112133 0.991714  0.274431 -0.315161  0.954874
0.273719 0.112132 0.991611    0.2744 -0.315154  0.954969
0.273701  0.11213 0.991508  0.274371 -0.315147  0.955064
0.273684 0.112129 0.991404 0.274341 -0.31514 0.955158
0.273666 0.112128 0.991301  0.274311 -0.315133  0.955252
0.273648 0.112127 0.991198  0.274282 -0.315126  0.955346
 0.27363 0.112125 0.991095  0.274253 -0.315119  0.955439
0.273613 0.112124 0.990992  0.274224 -0.315112  0.955533
0.273595 0.112123  0.99089  0.274196 -0.315106  0.955627
0.273577 0.112121 0.990788  0.274167 -0.315099  0.955721
 0.27356  0.11212 0.990686  0.274138 -0.315093  0.955817
0.273542 0.112119 0.990583   0.27411 -0.315087  0.955913
0.273525 0.112118  0.99048 0.274081 -0.31508 0.956008
0.273508 0.112117 0.990377  0.274053 -0.315074  0.956104
0.273491 0.112116 0.990273  0.274025 -0.315068  0.956199
0.273474 0.112115 0.990169  0.273998 -0.315062  0.956294
0.273457 0.112114 0.990065   0.27397 -0.315055  0.956388
 0.27344 0.112113 0.989962  0.273943 -0.315049  0.956483
0.273423 0.112112 0.989859  0.273916 -0.315042  0.956577
0.273407 0.112111 0.989756   0.27389 -0.315035  0.956672
 0.27339  0.11211 0.989654  0.273863 -0.315029  0.956768
0.273373 0.112109 0.989551  0.273836 -0.315022  0.956864
0.273356 0.112108 0.989449   0.27381 -0.315016  0.956961
0.273339 0.112106 0.989346  0.273783 -0.315009  0.957058
0.273323 0.112105 0.989242  0.273757 -0.315003  0.957155
0.273307 0.112104 0.989138  0.273731 -0.314997  0.957251
0.273291 0.112103 0.989034  0.273706 -0.314991  0.957347
0.273275 0.112102  0.98893   0.27368 -0.314985  0.957443
0.273259 0.112101 0.988826  0.273655 -0.314979  0.957539
0.273242   0.1121 0.988723   0.27363 -0.314973  0.957635
0.273226 0.112099 0.988619  0.273606 -0.314967  0.957731
 0.27321 0.112099 0.988516  0.273581 -0.314961  0.957827
0.273194 0.112098 0.988414  0.273557 -0.314955  0.957925
0.273178 0.112097 0.988311  0.273532 -0.314948  0.958023
0.273162 0.112096 0.988207  0.273508 -0.314942  0.958121
0.273146 0.112095 0.988104  0.273484 -0.314935  0.958219
0.273131 0.112094 0.987999   0.27346 -0.314929  0.958317
0.273116 0.112093 0.987895  0.273436 -0.314923  0.958414
  0.2731 0.112091  0.98779  0.273413 -0.314917  0.958511
0.273085  0.11209 0.987686   0.27339 -0.314911  0.958608
 0.27307 0.112089 0.987583  0.273367 -0.314905  0.958705
0.273054 0.112089 0.987479 0.273345  -0.3149 0.958802
0.273039 0.112088 0.987376  0.273322 -0.314894    0.9589
0.273023 0.112087 0.987273    0.2733 -0.314888  0.958999
0.273008 0.112087  0.98717  0.273277 -0.314882  0.959098
0.272993 0.112086 0.987066  0.273255 -0.314876  0.959197
0.272978 0.112085 0.986962 0.273233 -0.31487 0.959296
0.272963 0.112084 0.986857  0.273211 -0.314864  0.959395
0.272949 0.112083 0.986753  0.273189 -0.314858  0.959494
0.272934 0.112082 0.986648  0.273168 -0.314852  0.959592
 0.27292 0.112081 0.986543  0.273147 -0.314846   0.95969
0.272905  0.11208 0.986439 0.273126 -0.31484 0.959788
 0.27289 0.112079 0.986335  0.273105 -0.314834  0.959887
0.272876 0.112078 0.986232  0.273085 -0.314828  0.959985
0.272861 0.112078 0.986129  0.273064 -0.314822  0.960085
0.272846 0.112077 0.986025  0.273044 -0.314817  0.960185
0.272832 0.112077 0.985922  0.273023 -0.314811  0.960286
0.272818 0.112076 0.985817  0.273003 -0.314806  0.960386
0.272804 0.112075 0.985713 0.272983  -0.3148 0.960486
 0.27279 0.112075 0.985608  0.272964 -0.314794  0.960585
0.272776 0.112074 0.985503  0.272944 -0.314788  0.960685
0.272762 0.112073 0.985398  0.272925 -0.314782  0.960784
0.272749 0.112073 0.985293  0.272906 -0.314776  0.960883
0.272735 0.112072 0.985189 0.272887 -0.31477 0.960982
0.272721 0.112071 0.985085  0.272868 -0.314764  0.961082
0.272707 0.112071 0.984981  0.272849 -0.314758  0.961183
0.272693  0.11207 0.984878  0.272831 -0.314753  0.961284
0.272679 0.112069 0.984774  0.272812 -0.314747  0.961385
0.272666 0.112069  0.98467  0.272794 -0.314742  0.961486
0.272652 0.112068 0.984565  0.272775 -0.314736  0.961587
0.272639 0.112068  0.98446  0.272758 -0.314731  0.961688
0.272626 0.112068 0.984355   0.27274 -0.314725  0.961788
0.272613 0.112067 0.984249 0.272722 -0.31472 0.961888
  0.2726 0.112067 0.984145  0.272705 -0.314715  0.961988
0.272587 0.112067  0.98404  0.272688 -0.314709  0.962088
0.272574 0.112066 0.983936  0.272671 -0.314703  0.962189
0.272561 0.112066 0.983832  0.272654 -0.314697   0.96229
0.272548 0.112065 0.983728  0.272637 -0.314692  0.962392
0.272535 0.112065 0.983624   0.27262 -0.314686  0.962494
0.272522 0.112065  0.98352 0.272603 -0.31468 0.962596
0.272509 0.112064 0.983415  0.272586 -0.314675  0.962698
0.272497 0.112064  0.98331   0.27257 -0.314669  0.962799
0.272485 0.112063 0.983204  0.272554 -0.314664    0.9629
0.272473 0.112063 0.983099  0.272538 -0.314658  0.963001
 0.27246 0.112063 0.982994  0.272522 -0.314653  0.963102
0.272448 0.112063 0.982889  0.272506 -0.314648  0.963202
0.272436 0.112063 0.982784  0.272491 -0.314643  0.963303
0.272424 0.112063  0.98268  0.272475 -0.314638  0.963405
0.272411 0.112063 0.982576   0.27246 -0.314632  0.963508
0.272399 0.112063 0.982472  0.272444 -0.314627  0.963611
0.272387 0.112063 0.982367  0.272429 -0.314622  0.963714
0.272375 0.112062 0.982263  0.272414 -0.314616  0.963816
0.272363 0.112062 0.982157 0.272399 -0.31461 0.963918
0.272352 0.112062 0.982051  0.272384 -0.314605   0.96402
 0.27234 0.112062 0.981946   0.27237 -0.314599  0.964121
0.272329 0.112061  0.98184  0.272356 -0.314594  0.964222
0.272317 0.112061 0.981735  0.272342 -0.314589  0.964324
0.272306 0.112061  0.98163  0.272327 -0.314583  0.964426
0.272294 0.112062 0.981526  0.272313 -0.314578  0.964528
0.272283 0.112062 0.981421  0.272299 -0.314573  0.964631
0.272271 0.112062 0.981317  0.272285 -0.314568  0.964735
 0.27226 0.112062 0.981213  0.272271 -0.314563  0.964838
0.272249 0.112062 0.981108  0.272258 -0.314559  0.964941
0.272238 0.112062 0.981002  0.272244 -0.314554  0.965043
0.272227 0.112062 0.980897  0.272231 -0.314549  0.965146
0.272217 0.112062 0.980791  0.272218 -0.314543  0.965247
0.272206 0.112062 0.980685  0.272205 -0.314538  0.965349
0.272195 0.112062 0.980579  0.272192 -0.314532  0.965451
0.272185 0.112062 0.980474  0.272179 -0.314527  0.965554
0.272174 0.112062  0.98037  0.272167 -0.314522  0.965657
0.272163 0.112063 0.980265  0.272154 -0.314517   0.96576
0.272153 0.112063  0.98016  0.272141 -0.314512  0.965864
0.272142 0.112064 0.980056  0.272128 -0.314507  0.965968
0.272132 0.112064 0.979951  0.272116 -0.314502  0.966071
0.272121 0.112064 0.979846  0.272104 -0.314498  0.966174
0.272112 0.112065  0.97974  0.272092 -0.314493  0.966277
0.272102 0.112065 0.979634   0.27208 -0.314488  0.966379
0.272092 0.112065 0.979528  0.272068 -0.314484  0.966481
0.272082 0.112066 0.979422  0.272057 -0.314479  0.966584
0.272072 0.112066 0.979316  0.272045 -0.314474  0.966686
0.272063 0.112066 0.979211  0.272034 -0.314469   0.96679
0.272053 0.112067 0.979107  0.272022 -0.314464  0.966894
0.272043 0.112067 0.979002  0.272011 -0.314459  0.966998
0.272033 0.112067 0.978898  0.271999 -0.314454  0.967102
0.272023 0.112068 0.978793  0.271988 -0.314449  0.967206
0.272014 0.112069 0.978687  0.271977 -0.314444  0.967309
0.272005 0.112069 0.978581  0.271967 -0.314439  0.967412
0.271996  0.11207 0.978475  0.271956 -0.314435  0.967515
0.271987 0.112071 0.978369 0.271945 -0.31443 0.967618
0.271978 0.112071 0.978263  0.271935 -0.314426   0.96772
0.271969 0.112072 0.978157  0.271925 -0.314421  0.967823
 0.27196 0.112073 0.978052  0.271915 -0.314417  0.967927
0.271951 0.112073 0.977947  0.271904 -0.314412  0.968031
0.271942 0.112074 0.977842  0.271894 -0.314408  0.968136
0.271933 0.112075 0.977737  0.271884 -0.314404   0.96824
0.271924 0.112075 0.977632  0.271874 -0.314399  0.968344
0.271915 0.112076 0.977527  0.271864 -0.314394  0.968448
0.271907 0.112076 0.977421  0.271854 -0.314389  0.968551
0.271899 0.112077 0.977315  0.271845 -0.314385  0.968654
0.271891 0.112078 0.977209 0.271835 -0.31438 0.968757
0.271883 0.112079 0.977102  0.271826 -0.314376   0.96886
0.271875  0.11208 0.976996  0.271817 -0.314371  0.968963
0.271867 0.112081 0.976891  0.271808 -0.314367  0.969067
0.271859 0.112082 0.976786  0.271799 -0.314363  0.969172
 0.27185 0.112083 0.976681  0.271789 -0.314359  0.969277
0.271842 0.112084 0.976576   0.27178 -0.314354  0.969381
0.271834 0.112085 0.976471 0.271771 -0.31435 0.969486
0.271826 0.112086 0.976366  0.271763 -0.314346  0.969589
0.271819 0.112087  0.97626  0.271754 -0.314342  0.969693
0.271811 0.112088 0.976154  0.271746 -0.314338  0.969796
0.271804 0.112089 0.976047  0.271738 -0.314334  0.969899
0.271797  0.11209 0.975941  0.271729 -0.314329  0.970002
 0.27179 0.112091 0.975835  0.271721 -0.314325  0.970106
0.271783 0.112092 0.975729 0.271713 -0.31432  0.97021
0.271775 0.112093 0.975623  0.271705 -0.314316  0.970315
0.271768 0.112095 0.975518  0.271697 -0.314312   0.97042
0.271761 0.112096 0.975413  0.271689 -0.314308  0.970525
0.271754 0.112097 0.975308  0.271681 -0.314304  0.970629
0.271747 0.112099 0.975203 0.271673  -0.3143 0.970733
 0.27174   0.1121 0.975098  0.271666 -0.314296  0.970837
0.271733 0.112101 0.974991  0.271659 -0.314292   0.97094
0.271726 0.112102 0.974885  0.271651 -0.314289  0.971043
 0.27172 0.112103 0.974778  0.271644 -0.314285  0.971147
0.271714 0.112104 0.974672  0.271637 -0.314281   0.97125
0.271707 0.112105 0.974566   0.27163 -0.314277  0.971355
0.271701 0.112106  0.97446  0.271623 -0.314273   0.97146
0.271694 0.112108 0.974355  0.271616 -0.314269  0.971565
0.271688 0.112109  0.97425  0.271609 -0.314265   0.97167
0.271681 0.112111 0.974144  0.271602 -0.314261  0.971774
0.271675 0.112112 0.974039  0.271596 -0.314257  0.971878
0.271668 0.112114 0.973934  0.271589 -0.314253  0.971982
0.271662 0.112115 0.973827 0.271583 -0.31425 0.972086
0.271656 0.112117 0.973721  0.271577 -0.314246  0.972189
 0.27165 0.112118 0.973614  0.271571 -0.314242  0.972292
0.271644 0.112119 0.973507  0.271565 -0.314239  0.972396
0.271638  0.11212 0.973401  0.271559 -0.314235  0.972501
0.271632 0.112122 0.973294  0.271552 -0.314232  0.972606
0.271626 0.112123 0.973189  0.271546 -0.314228  0.972711
0.271619 0.112124 0.973083   0.27154 -0.314225  0.972816
0.271613 0.112125 0.972978  0.271535 -0.314221  0.972921
0.271607 0.112126 0.972872  0.271529 -0.314217  0.973025
0.271601 0.112128 0.972766  0.271524 -0.314213  0.973129
0.271595 0.112129  0.97266 0.271518 -0.31421 0.973232
0.271589 0.112131 0.972552  0.271513 -0.314206  0.973336
0.271583 0.112132 0.972445  0.271508 -0.314203  0.973439
0.271577 0.112134 0.972337  0.271503 -0.314199  0.973543
0.271571 0.112135  0.97223  0.271498 -0.314196  0.973648
0.271565 0.112136 0.972123  0.271493 -0.314193  0.973753
0.271559 0.112138 0.972017  0.271488 -0.314189  0.973859
0.271553 0.112139 0.971911  0.271483 -0.314186  0.973964
0.271546  0.11214 0.971804  0.271478 -0.314183  0.974068
 0.27154 0.112141 0.971698 0.271474 -0.31418 0.974173
0.271534 0.112142 0.971592  0.271469 -0.314176  0.974277
0.271527 0.112143 0.971485  0.271465 -0.314173   0.97438
0.271521 0.112144 0.971377  0.271461 -0.314169  0.974484
0.271515 0.112145 0.971269  0.271457 -0.314166  0.974587
0.271509 0.112147  0.97116  0.271453 -0.314162  0.974691
0.271503 0.112148 0.971051  0.271449 -0.314159  0.974795
0.271497 0.112149 0.970943  0.271445 -0.314156    0.9749
0.271491 0.112151 0.970835  0.271441 -0.314153  0.975005
0.271485 0.112152 0.970727 0.271437 -0.31415 0.975111
0.271479 0.112153  0.97062  0.271433 -0.314147  0.975216
0.271472 0.112155 0.970513   0.27143 -0.314144   0.97532
0.271465 0.112156 0.970405  0.271426 -0.314141  0.975425
0.271459 0.112157 0.970298  0.271423 -0.314138  0.975529
0.271452 0.112158 0.970191   0.27142 -0.314135  0.975632
0.271446 0.112159 0.970083  0.271417 -0.314132  0.975735
0.271439  0.11216 0.969974  0.271414 -0.314128  0.975839
0.271433  0.11216 0.969865  0.271411 -0.314125  0.975942
0.271426 0.112161 0.969756  0.271408 -0.314122  0.976047
 0.27142 0.112162 0.969646  0.271405 -0.314119  0.976152
0.271414 0.112163 0.969537  0.271402 -0.314116  0.976257
0.271407 0.112165 0.969429  0.271399 -0.314113  0.976362
  0.2714 0.112166  0.96932 0.271397 -0.31411 0.976467
0.271393 0.112167 0.969212  0.271394 -0.314107  0.976572
0.271386 0.112168 0.969103  0.271392 -0.314104  0.976676
 0.27138 0.112169 0.968995   0.27139 -0.314101  0.976779
0.271373  0.11217 0.968886  0.271388 -0.314099  0.976882
0.271366 0.112171 0.968777  0.271386 -0.314096  0.976986
0.271359 0.112172 0.968667  0.271384 -0.314093  0.977089
0.271352 0.112172 0.968556 0.271382 -0.31409 0.977194
0.271346 0.112173 0.968446   0.27138 -0.314088  0.977298
0.271339 0.112174 0.968336  0.271378 -0.314085  0.977404
0.271332 0.112174 0.968226  0.271377 -0.314082  0.977509
0.271324 0.112175 0.968116  0.271375 -0.314079  0.977614
0.271317 0.112176 0.968007  0.271373 -0.314076  0.977718
 0.27131 0.112177 0.967897  0.271372 -0.314074  0.977822
0.271303 0.112178 0.967788  0.271371 -0.314071  0.977925
0.271295 0.112179 0.967678   0.27137 -0.314068  0.978029
0.271288  0.11218 0.967568  0.271369 -0.314065  0.978132
0.271281 0.112181 0.967457  0.271368 -0.314063  0.978236
0.271274 0.112181 0.967346 0.271367 -0.31406  0.97834
0.271267 0.112182 0.967234  0.271367 -0.314058  0.978444
 0.27126 0.112182 0.967123  0.271366 -0.314056  0.978549
0.271252 0.112183 0.967012  0.271365 -0.314053  0.978654
0.271245 0.112183 0.966901  0.271364 -0.314051  0.978759
0.271237 0.112184 0.966791  0.271364 -0.314048  0.978863
0.271229 0.112184 0.966681  0.271363 -0.314046  0.978967
0.271222 0.112185  0.96657  0.271363 -0.314043  0.979071
0.271214 0.112186  0.96646 0.271363 -0.31404 0.979174
0.271206 0.112186 0.966349  0.271363 -0.314038  0.979277
0.271199 0.112187 0.966237  0.271364 -0.314035  0.979381
0.271191 0.112188 0.966125  0.271364 -0.314033  0.979484
0.271184 0.112189 0.966012  0.271364 -0.314031  0.979589
0.271176 0.112189   0.9659  0.271364 -0.314028  0.979694
0.271168  0.11219 0.965787  0.271364 -0.314026  0.979799
 0.27116  0.11219 0.965676  0.271365 -0.314024  0.979904
0.271152 0.112191 0.965564  0.271365 -0.314022  0.980008
0.271144 0.112191 0.965453 0.271366 -0.31402 0.980112
0.271136 0.112191 0.965341  0.271367 -0.314017  0.980215
0.271128 0.112191  0.96523  0.271368 -0.314015  0.980318
 0.27112 0.112191 0.965118  0.271369 -0.314013  0.980421
0.271112 0.112192 0.965006   0.27137 -0.314011  0.980524
0.271104 0.112192 0.964893  0.271371 -0.314008  0.980628
0.271096 0.112193 0.964779  0.271373 -0.314006  0.980733
0.271088 0.112193 0.964666  0.271374 -0.314004  0.980837
 0.27108 0.112194 0.964552  0.271375 -0.314002  0.980942
0.271071 0.112194 0.964439 0.271376   -0.314 0.981047
0.271063 0.112194 0.964327  0.271378 -0.313998  0.981151
0.271055 0.112195 0.964214   0.27138 -0.313996  0.981254
0.271046 0.112195 0.964102  0.271381 -0.313994  0.981358
0.271038 0.112195 0.963989  0.271384 -0.313992  0.981461
0.271029 0.112195 0.963877 0.271386 -0.31399 0.981564
0.271021 0.112195 0.963764  0.271388 -0.313989  0.981667
0.271013 0.112195  0.96365   0.27139 -0.313987   0.98177
0.271005 0.112196 0.963536  0.271392 -0.313985  0.981875
0.270997 0.112196 0.963421  0.271395 -0.313984  0.981979
0.270989 0.112197 0.963307  0.271397 -0.313982  0.982084
0.270981 0.112197 0.963193  0.271399 -0.313981  0.982188
0.270973 0.112198 0.963079 0.271402 -0.31398 0.982292
0.270965 0.112199 0.962966  0.271405 -0.313978  0.982396
0.270957   0.1122 0.962853  0.271408 -0.313977  0.982499
0.270949   0.1122 0.962739  0.271411 -0.313976  0.982602
0.270941 0.112201 0.962626  0.271414 -0.313975  0.982705
0.270933 0.112201 0.962513  0.271418 -0.313974  0.982808
0.270926 0.112202 0.962399  0.271421 -0.313973  0.982911
0.270918 0.112203 0.962285  0.271424 -0.313972  0.983015
0.270911 0.112204  0.96217  0.271428 -0.313971  0.983119
0.270904 0.112204 0.962055 0.271431 -0.31397 0.983224
0.270896 0.112205  0.96194 0.271435 -0.31397 0.983328
0.270889 0.112206 0.961826  0.271439 -0.313969  0.983432
0.270881 0.112206 0.961712  0.271443 -0.313969  0.983535
0.270874 0.112206 0.961598  0.271447 -0.313968  0.983638
0.270866 0.112207 0.961485  0.271451 -0.313968  0.983741
0.270859 0.112207 0.961371  0.271455 -0.313967  0.983843
0.270851 0.112208 0.961258   0.27146 -0.313967  0.983946
0.270844 0.112209 0.961144  0.271464 -0.313966  0.984049
0.270837 0.112209 0.961029  0.271469 -0.313966  0.984153
 0.27083  0.11221 0.960914  0.271473 -0.313966  0.984258
0.270823 0.112211 0.960799  0.271478 -0.313965  0.984362
0.270817 0.112212 0.960684  0.271482 -0.313965  0.984466
 0.27081 0.112212  0.96057  0.271487 -0.313965   0.98457
0.270804 0.112213 0.960455  0.271492 -0.313965  0.984673
0.270797 0.112213 0.960342  0.271497 -0.313965  0.984776
0.270791 0.112213 0.960228  0.271503 -0.313965  0.984878
0.270785 0.112213 0.960115  0.271508 -0.313965  0.984981
0.270779 0.112213 0.960002  0.271514 -0.313966  0.985083
0.270773 0.112214 0.959888   0.27152 -0.313966  0.985186
0.270767 0.112214 0.959774  0.271525 -0.313966   0.98529
0.270762 0.112215  0.95966  0.271531 -0.313967  0.985394
0.270757 0.112216 0.959545  0.271537 -0.313967  0.985498
0.270752 0.112216 0.959431  0.271542 -0.313968  0.985602
0.270748 0.112217 0.959317  0.271548 -0.313968  0.985706
0.270743 0.112218 0.959203  0.271555 -0.313969  0.985809
0.270739 0.112218  0.95909  0.271561 -0.313969  0.985912
0.270735 0.112219 0.958978  0.271568 -0.313969  0.986014
0.270731 0.112219 0.958865 0.271574 -0.31397 0.986117
0.270727 0.112219 0.958753 0.271581 -0.31397 0.986219
0.270723 0.112219 0.958641  0.271588 -0.313971  0.986322
 0.27072  0.11222 0.958529  0.271595 -0.313972  0.986426
0.270717  0.11222 0.958416  0.271601 -0.313972   0.98653
0.270715 0.112221 0.958303  0.271608 -0.313973  0.986635
0.270713 0.112221  0.95819  0.271615 -0.313974  0.986739
0.270711 0.112222 0.958077  0.271622 -0.313974  0.986842
0.270709 0.112223 0.957965   0.27163 -0.313975  0.986946
0.270707 0.112224 0.957853  0.271637 -0.313975  0.987048
0.270705 0.112225 0.957742  0.271645 -0.313976  0.987151
0.270704 0.112225 0.957631  0.271653 -0.313976  0.987254
0.270703 0.112226 0.957521  0.271661 -0.313977  0.987357
0.270702 0.112227 0.957411  0.271669 -0.313977   0.98746
0.270701 0.112227   0.9573  0.271677 -0.313978  0.987564
0.270701 0.112228 0.957189  0.271685 -0.313979  0.987668
0.270701 0.112229 0.957078 0.271693 -0.31398 0.987773
0.270702  0.11223 0.956967 0.271701 -0.31398 0.987877
0.270702 0.112231 0.956856  0.271709 -0.313981   0.98798
0.270703 0.112232 0.956745  0.271718 -0.313981  0.988084
0.270704 0.112232 0.956635  0.271727 -0.313982  0.988187
0.270705 0.112233 0.956525  0.271736 -0.313983   0.98829
0.270707 0.112233 0.956416  0.271745 -0.313983  0.988393
0.270708 0.112234 0.956307  0.271754 -0.313984  0.988496
 0.27071 0.112235 0.956199  0.271763 -0.313984  0.988599
0.270711 0.112236  0.95609  0.271772 -0.313985  0.988703
0.270714 0.112236 0.955981  0.271781 -0.313986  0.988808
0.270716 0.112237 0.955872   0.27179 -0.313986  0.988913
 0.27072 0.112239 0.955763    0.2718 -0.313987  0.989017
0.270723  0.11224 0.955653  0.271809 -0.313987  0.989121
0.270727 0.112241 0.955544  0.271819 -0.313988  0.989224
 0.27073 0.112242 0.955435  0.271829 -0.313988  0.989328
0.270734 0.112243 0.955327  0.271839 -0.313989  0.989431
0.270738 0.112244 0.955219  0.271849 -0.313989  0.989534
0.270742 0.112244 0.955112  0.27186 -0.31399 0.989637
0.270747 0.112245 0.955005  0.27187 -0.31399 0.989741
0.270751 0.112246 0.954899   0.27188 -0.313991  0.989845
0.270756 0.112246 0.954792   0.27189 -0.313991   0.98995
0.270761 0.112247 0.954685  0.271901 -0.313992  0.990054
0.270766 0.112248 0.954577  0.271911 -0.313993  0.990159
0.270772  0.11225 0.954469  0.271922 -0.313993  0.990263
0.270778 0.112251 0.954361  0.271933 -0.313994  0.990367
0.270785 0.112252 0.954254  0.271944 -0.313994   0.99047
0.270791 0.112253 0.954147  0.271955 -0.313995  0.990573
0.270797 0.112254 0.954041  0.271966 -0.313995  0.990676
0.270804 0.112255 0.953935  0.271978 -0.313996   0.99078
0.270811 0.112256  0.95383  0.271989 -0.313996  0.990883
0.270818 0.112257 0.953725  0.272001 -0.313997  0.990988
0.270825 0.112258 0.953619  0.272012 -0.313997  0.991093
0.270832 0.112259 0.953514  0.272023 -0.313998  0.991197
 0.27084 0.112259 0.953408  0.272035 -0.313998  0.991302
0.270848 0.112261 0.953302  0.272047 -0.313999  0.991406
0.270857 0.112262 0.953195  0.272059 -0.313999   0.99151
0.270866 0.112263 0.953089 0.272071   -0.314 0.991613
0.270874 0.112265 0.952984 0.272083   -0.314 0.991717
0.270883 0.112266 0.952879  0.272096 -0.314001   0.99182
0.270892 0.112267 0.952774  0.272108 -0.314001  0.991923
0.270901 0.112268  0.95267  0.272121 -0.314002  0.992027
 0.27091 0.112269 0.952566  0.272133 -0.314002  0.992131
0.270919  0.11227 0.952462  0.272146 -0.314003  0.992236
0.270929 0.112271 0.952358  0.272158 -0.314003  0.992341
0.270939 0.112272 0.952254  0.272171 -0.314004  0.992446
0.270949 0.112274  0.95215  0.272184 -0.314005   0.99255
 0.27096 0.112275 0.952044  0.272197 -0.314005  0.992654
0.270971 0.112276  0.95194  0.272211 -0.314005  0.992757
0.270982 0.112277 0.951835  0.272224 -0.314006   0.99286
0.270993 0.112278 0.951731  0.272238 -0.314006  0.992963
0.271004 0.112279 0.951628  0.272251 -0.314007  0.993067
0.271015  0.11228 0.951524  0.272265 -0.314007  0.993171
0.271026 0.112281 0.951422  0.272279 -0.314008  0.993275
0.271038 0.112282 0.951319  0.272292 -0.314008   0.99338
0.271049 0.112283 0.951217  0.272306 -0.314009  0.993485
0.271061 0.112284 0.951114  0.27232 -0.31401 0.993589
0.271074 0.112286  0.95101 0.272334 -0.31401 0.993693
0.271086 0.112287 0.950907  0.272348 -0.314011  0.993797
0.271099 0.112289 0.950803  0.272362 -0.314011    0.9939
0.271112  0.11229 0.950699  0.272377 -0.314012  0.994004
0.271125 0.112291 0.950596  0.272391 -0.314012  0.994107
0.271138 0.112292 0.950493  0.272406 -0.314013   0.99421
0.271151 0.112294 0.950391  0.272421 -0.314013  0.994314
0.271165 0.112294 0.950289  0.272436 -0.314014  0.994418
0.271178 0.112295 0.950188   0.27245 -0.314014  0.994523
0.271192 0.112296 0.950086  0.272465 -0.314015  0.994627
0.271205 0.112297 0.949985   0.27248 -0.314016  0.994732
0.271219 0.112298 0.949883  0.272495 -0.314016  0.994836
0.271234 0.112299  0.94978   0.27251 -0.314017   0.99494
0.271248 0.112301 0.949677  0.272526 -0.314017  0.995043
0.271263 0.112302 0.949574  0.272541 -0.314018  0.995146
0.271278 0.112304 0.949472  0.272557 -0.314018  0.995249
0.271293 0.112305  0.94937  0.272573 -0.314019  0.995352
0.271308 0.112306 0.949269  0.272589 -0.314019  0.995456
0.271323 0.112307 0.949168 0.272605 -0.31402  0.99556
0.271338 0.112308 0.949067   0.27262 -0.314021  0.995664
0.271354 0.112309 0.948966  0.272636 -0.314021  0.995769
0.271369  0.11231 0.948866  0.272652 -0.314022  0.995873
0.271385 0.112311 0.948765  0.272668 -0.314023  0.995977
0.271401 0.112312 0.948663  0.272685 -0.314023  0.996081
0.271417 0.112313 0.948562  0.272701 -0.314024  0.996184
0.271434 0.112314 0.948459  0.272718 -0.314024  0.996287
0.271451 0.112316 0.948358  0.272735 -0.314025  0.996389
0.271467 0.112317 0.948256  0.272752 -0.314025  0.996492
0.271484 0.112318 0.948156  0.272769 -0.314026  0.996596
0.271501 0.112319 0.948055  0.272786 -0.314027    0.9967
0.271518 0.112321 0.947955  0.272802 -0.314027  0.996804
0.271535 0.112322 0.947855  0.272819 -0.314028  0.996909
0.271552 0.112323 0.947755  0.272836 -0.314029  0.997013
0.271569 0.112324 0.947655  0.272854 -0.314029  0.997116
0.271587 0.112325 0.947555 0.272871 -0.31403  0.99722
0.271605 0.112326 0.947454  0.272889 -0.314031  0.997322
0.271623 0.112327 0.947353  0.272907 -0.314031  0.997425
0.271641 0.112328 0.947252  0.272925 -0.314032  0.997528
 0.27166  0.11233 0.947151  0.272943 -0.314033  0.997631
0.271678 0.112331 0.947051  0.272961 -0.314033  0.997734
0.271697 0.112332 0.946951  0.272979 -0.314034  0.997837
0.271715 0.112333 0.946851  0.272996 -0.314035  0.997942
0.271734 0.112334 0.946752  0.273014 -0.314036  0.998046
0.271753 0.112335 0.946653  0.273033 -0.314036   0.99815
0.271771 0.112336 0.946554  0.273051 -0.314037  0.998253
0.271791 0.112337 0.946454   0.27307 -0.314038  0.998356
 0.27181 0.112338 0.946354  0.273089 -0.314038  0.998459
 0.27183  0.11234 0.946254  0.273108 -0.314039  0.998561
 0.27185 0.112341 0.946153 0.273127 -0.31404 0.998663
 0.27187 0.112342 0.946053 0.273146 -0.31404 0.998766
 0.27189 0.112344 0.945953  0.273165 -0.314041  0.998869
 0.27191 0.112345 0.945854  0.273184 -0.314042  0.998972
 0.27193 0.112345 0.945755  0.273203 -0.314043  0.999076
 0.27195 0.112346 0.945656  0.273222 -0.314044   0.99918
0.271971 0.112347 0.945557  0.273241 -0.314044  0.999284
0.271991 0.112348 0.945459  0.273261 -0.314045  0.999387
0.272012 0.112349  0.94536  0.273281 -0.314046   0.99949
0.272032  0.11235 0.945261  0.273301 -0.314047  0.999592
0.272054 0.112352 0.945162  0.273321 -0.314047  0.999694
0.272075 0.112353 0.945062  0.273341 -0.314048  0.999796
0.272097 0.112354 0.944962  0.273361 -0.314049  0.999898
0.272118 0.112356 0.944862 0.273381 -0.31405        1
 0.27214 0.112357 0.944763  0.273402 -0.314051    1.0001
0.272162 0.112358 0.944665  0.273422 -0.314052   1.00021
0.272183 0.112359 0.944566  0.273442 -0.314053   1.00031
0.272205  0.11236 0.944468  0.273462 -0.314053   1.00041
0.272227 0.112361  0.94437  0.273483 -0.314054   1.00052
0.272249 0.112362 0.944273  0.273504 -0.314055   1.00062
0.272271 0.112362 0.944174  0.273525 -0.314056   1.00072
0.272294 0.112363 0.944076  0.273546 -0.314057   1.00082
0.272317 0.112365 0.943976  0.273568 -0.314058   1.00093
 0.27234 0.112366 0.943877  0.273589 -0.314058   1.00103
0.272363 0.112367 0.943778  0.273611 -0.314059   1.00113
0.272386 0.112368 0.943679 0.273632 -0.31406  1.00123
0.272409 0.112369 0.943581  0.273653 -0.314061   1.00134
0.272432 0.112371 0.943483  0.273675 -0.314062   1.00144
0.272455 0.112372 0.943385  0.273696 -0.314063   1.00154
0.272479 0.112372 0.943288  0.273718 -0.314064   1.00164
0.272502 0.112373  0.94319   0.27374 -0.314065   1.00175
0.272526 0.112374 0.943093  0.273762 -0.314066   1.00185
 0.27255 0.112375 0.942995  0.273785 -0.314067   1.00195
0.272574 0.112376 0.942897  0.273807 -0.314068   1.00205
0.272598 0.112377 0.942798   0.27383 -0.314069   1.00215
0.272623 0.112378 0.942699 0.273852 -0.31407  1.00225
0.272648 0.112379   0.9426  0.273875 -0.314071   1.00236
0.272672 0.112381 0.942502  0.273897 -0.314072   1.00246
0.272697 0.112382 0.942405   0.27392 -0.314073   1.00256
0.272721 0.112383 0.942307  0.273942 -0.314074   1.00267
0.272746 0.112384  0.94221  0.273965 -0.314075   1.00277
0.272771 0.112385 0.942114  0.273989 -0.314076   1.00287
0.272796 0.112386 0.942017  0.274012 -0.314077   1.00297
0.272821 0.112387  0.94192  0.274036 -0.314078   1.00307
0.272847 0.112388 0.941822  0.274059 -0.314079   1.00317
0.272872 0.112389 0.941724 0.274083 -0.31408  1.00327
0.272898  0.11239 0.941625  0.274107 -0.314081   1.00338
0.272924 0.112391 0.941527   0.27413 -0.314082   1.00348
 0.27295 0.112392 0.941429  0.274154 -0.314083   1.00358
0.272977 0.112393 0.941332  0.274178 -0.314084   1.00368
0.273003 0.112394 0.941235  0.274202 -0.314086   1.00379
0.273029 0.112395 0.941138  0.274226 -0.314087   1.00389
0.273055 0.112395 0.941042   0.27425 -0.314088   1.00399
0.273081 0.112396 0.940946  0.274275 -0.314089   1.00409
0.273107 0.112397  0.94085 0.274299 -0.31409  1.00419
0.273134 0.112398 0.940753  0.274324 -0.314091   1.00429
0.273161 0.112399 0.940656  0.274349 -0.314092   1.00439
0.273188 0.112401 0.940558  0.274374 -0.314093   1.00449
0.273216 0.112402 0.940459  0.274399 -0.314094   1.00459
0.273244 0.112404 0.940361  0.274424 -0.314096    1.0047
0.273271 0.112405 0.940263  0.274449 -0.314097    1.0048
0.273299 0.112406 0.940166  0.274474 -0.314098    1.0049
0.273327 0.112407 0.940069  0.274499 -0.314099     1.005
0.273355 0.112409 0.939973  0.274525 -0.314101    1.0051
0.273382 0.112409 0.939877   0.27455 -0.314102    1.0052
 0.27341  0.11241 0.939781  0.274576 -0.314103    1.0053
0.273438 0.112411 0.939685  0.274602 -0.314104    1.0054
0.273466 0.112411 0.939589  0.274628 -0.314105    1.0055
0.273494 0.112412 0.939494  0.274654 -0.314106   1.00561
0.273523 0.112412 0.939398   0.27468 -0.314108   1.00571
0.273551 0.112413 0.939301  0.274706 -0.314109   1.00581
 0.27358 0.112414 0.939204 0.274732 -0.31411  1.00591
0.273609 0.112416 0.939106  0.274759 -0.314112   1.00601
0.273639 0.112417 0.939009  0.274785 -0.314113   1.00611
0.273668 0.112418 0.938913  0.274812 -0.314114   1.00621
0.273697 0.112419 0.938816  0.274839 -0.314115   1.00631
0.273726  0.11242 0.938721  0.274866 -0.314117   1.00641
0.273756  0.11242 0.938625  0.274893 -0.314118   1.00651
0.273785 0.112421  0.93853  0.274921 -0.314119   1.00661
0.273814 0.112422 0.938435 0.274948 -0.31412  1.00671
0.273844 0.112422 0.938339  0.274975 -0.314122   1.00682
0.273874 0.112423 0.938243  0.275002 -0.314123   1.00692
0.273904 0.112424 0.938147  0.275029 -0.314124   1.00702
0.273935 0.112425  0.93805  0.275057 -0.314126   1.00712
0.273966 0.112426 0.937953  0.275085 -0.314127   1.00722
0.273996 0.112427 0.937857  0.275113 -0.314128   1.00732
0.274027 0.112428 0.937761 0.275141 -0.31413  1.00742
0.274057 0.112428 0.937665  0.275169 -0.314131   1.00752
0.274088 0.112429  0.93757  0.275198 -0.314132   1.00762
0.274119  0.11243 0.937475  0.275226 -0.314134   1.00772
0.274149 0.112431  0.93738  0.275255 -0.314135   1.00782
 0.27418 0.112431 0.937285  0.275283 -0.314136   1.00792
0.274212 0.112432  0.93719  0.275311 -0.314138   1.00802
0.274243 0.112433 0.937094  0.27534 -0.31414  1.00812
0.274275 0.112434 0.936998  0.275369 -0.314141   1.00822
0.274307 0.112435 0.936902  0.275398 -0.314142   1.00832
0.274339 0.112436 0.936806  0.275427 -0.314144   1.00842
0.274371 0.112437  0.93671  0.275456 -0.314145   1.00852
0.274403 0.112438 0.936615  0.275486 -0.314147   1.00862
0.274435 0.112438  0.93652  0.275515 -0.314148   1.00872
0.274467 0.112439 0.936425  0.275545 -0.314149   1.00882
0.274499 0.112439 0.936331  0.275575 -0.314151   1.00892
0.274531  0.11244 0.936236  0.275605 -0.314152   1.00902
0.274564  0.11244 0.936142  0.275634 -0.314154   1.00912
0.274597 0.112441 0.936047  0.275664 -0.314156   1.00922
 0.27463 0.112442 0.935951  0.275694 -0.314157   1.00932
0.274663 0.112443 0.935855  0.275724 -0.314159   1.00942
0.274696 0.112444  0.93576 0.275754 -0.31416  1.00952
 0.27473 0.112445 0.935664  0.275785 -0.314162   1.00962
0.274763 0.112446 0.935569  0.275816 -0.314163   1.00971
0.274797 0.112447 0.935474  0.275847 -0.314165   1.00981
 0.27483 0.112447  0.93538  0.275878 -0.314166   1.00991
0.274864 0.112448 0.935286  0.275909 -0.314168   1.01001
0.274897 0.112448 0.935192   0.27594 -0.314169   1.01011
0.274931 0.112449 0.935098  0.275971 -0.314171   1.01021
0.274965 0.112449 0.935004  0.276002 -0.314172   1.01031
0.274999  0.11245 0.934909  0.276033 -0.314174   1.01041
0.275034  0.11245 0.934814  0.276064 -0.314176   1.01051
0.275068 0.112451 0.934718  0.276096 -0.314177   1.01061
0.275103 0.112452 0.934623  0.276128 -0.314179   1.01071
0.275138 0.112453 0.934528   0.27616 -0.314181    1.0108
0.275173 0.112454 0.934434  0.276192 -0.314182    1.0109
0.275208 0.112455  0.93434  0.276224 -0.314184     1.011
0.275243 0.112455 0.934246  0.276256 -0.314185    1.0111
0.275278 0.112456 0.934153  0.276289 -0.314187    1.0112
0.275313 0.112456 0.934059  0.276321 -0.314188    1.0113
0.275348 0.112456 0.933966 0.276353 -0.31419   1.0114
0.275383 0.112457 0.933872  0.276385 -0.314192    1.0115
0.275419 0.112458 0.933777  0.276418 -0.314193   1.01159
0.275455 0.112458 0.933682  0.276451 -0.314195   1.01169
0.275491 0.112459 0.933587  0.276484 -0.314197   1.01179
0.275528  0.11246 0.933493  0.276517 -0.314198   1.01189
0.275564 0.112461 0.933398 0.276551  -0.3142  1.01199
  0.2756 0.112461 0.933305  0.276584 -0.314202   1.01208
0.275636 0.112462 0.933211  0.276618 -0.314203   1.01218
0.275673 0.112462 0.933118  0.276651 -0.314205   1.01228
0.275709 0.112463 0.933025  0.276685 -0.314207   1.01238
0.275746 0.112463 0.932932  0.276718 -0.314209   1.01248
0.275782 0.112464 0.932839 0.276752 -0.31421  1.01258
0.275819 0.112464 0.932745  0.276786 -0.314212   1.01267
0.275857 0.112465 0.932651   0.27682 -0.314214   1.01277
0.275894 0.112466 0.932556  0.276855 -0.314216   1.01287
0.275932 0.112467 0.932462  0.276889 -0.314218   1.01297
 0.27597 0.112467 0.932368  0.276924 -0.314219   1.01306
0.276007 0.112468 0.932275  0.276959 -0.314221   1.01316
0.276045 0.112468 0.932182  0.276994 -0.314223   1.01326
0.276083 0.112469 0.932089  0.277029 -0.314225   1.01336
 0.27612 0.112469 0.931996  0.277063 -0.314227   1.01345
0.276158 0.112469 0.931904  0.277098 -0.314229   1.01355
0.276196  0.11247 0.931811  0.277133 -0.314231   1.01365
0.276234  0.11247 0.931718  0.277168 -0.314233   1.01375
0.276273 0.112471 0.931624  0.277204 -0.314235   1.01385
0.276312 0.112472  0.93153   0.27724 -0.314237   1.01394
0.276351 0.112473 0.931436  0.277276 -0.314238   1.01404
 0.27639 0.112473 0.931343 0.277312 -0.31424  1.01413
0.276429 0.112474  0.93125  0.277348 -0.314242   1.01423
0.276468 0.112475 0.931157  0.277384 -0.314244   1.01433
0.276507 0.112475 0.931064   0.27742 -0.314246   1.01443
0.276546 0.112475 0.930972  0.277456 -0.314248   1.01452
0.276585 0.112476  0.93088 0.277493 -0.31425  1.01462
0.276625 0.112476 0.930788  0.277529 -0.314252   1.01472
0.276664 0.112476 0.930696  0.277565 -0.314254   1.01482
0.276704 0.112476 0.930603  0.277602 -0.314256   1.01491
0.276744 0.112477  0.93051   0.27764 -0.314258   1.01501
0.276784 0.112478 0.930416 0.277677 -0.31426   1.0151
0.276825 0.112479 0.930323  0.277714 -0.314262    1.0152
0.276865 0.112479  0.93023  0.277752 -0.314264    1.0153
0.276906  0.11248 0.930137  0.277789 -0.314266   1.01539
0.276946  0.11248 0.930045  0.277827 -0.314268   1.01549
0.276987  0.11248 0.929953 0.277864 -0.31427  1.01559
0.277027 0.112481 0.929862  0.277901 -0.314272   1.01568
0.277068 0.112481  0.92977  0.277939 -0.314274   1.01578
0.277109 0.112481 0.929679  0.277977 -0.314276   1.01588
 0.27715 0.112481 0.929587  0.278015 -0.314279   1.01597
0.277191 0.112482 0.929494  0.278054 -0.314281   1.01607
0.277233 0.112482 0.929401  0.278092 -0.314283   1.01616
0.277275 0.112483 0.929308  0.278131 -0.314285   1.01626
0.277316 0.112484 0.929215   0.27817 -0.314287   1.01635
0.277358 0.112484 0.929123  0.278209 -0.314289   1.01645
  0.2774 0.112485 0.929031  0.278248 -0.314292   1.01654
0.277442 0.112485  0.92894  0.278286 -0.314294   1.01664
0.277484 0.112486 0.928849  0.278325 -0.314296   1.01674
0.277526 0.112486 0.928758  0.278364 -0.314298   1.01683
0.277568 0.112486 0.928667 0.278404  -0.3143  1.01693
 0.27761 0.112487 0.928575  0.278443 -0.314302   1.01703
0.277653 0.112487 0.928484  0.278483 -0.314304   1.01712
0.277696 0.112488 0.928391  0.278523 -0.314306   1.01721
0.277739 0.112488 0.928299  0.278564 -0.314307   1.01731
0.277782 0.112489 0.928206  0.278604 -0.314309    1.0174
0.277825 0.112489 0.928114  0.278644 -0.314311    1.0175
0.277868  0.11249 0.928023  0.278684 -0.314313   1.01759
0.277911  0.11249 0.927932  0.278724 -0.314315   1.01769
0.277955 0.112491 0.927841  0.278765 -0.314317   1.01779
0.277998 0.112491  0.92775  0.278805 -0.314319   1.01788
0.278041 0.112491  0.92766  0.278846 -0.314321   1.01798
0.278085 0.112492 0.927569  0.278887 -0.314323   1.01807
0.278129 0.112492 0.927478  0.278929 -0.314324   1.01817
0.278173 0.112493 0.927387   0.27897 -0.314326   1.01826
0.278217 0.112493 0.927295  0.279012 -0.314327   1.01835
0.278262 0.112494 0.927203  0.279054 -0.314329   1.01845
0.278306 0.112495 0.927111 0.279096 -0.31433  1.01854
0.278351 0.112495  0.92702  0.279137 -0.314332   1.01864
0.278395 0.112496 0.926929  0.279179 -0.314333   1.01873
 0.27844 0.112496 0.926839  0.279221 -0.314335   1.01883
0.278485 0.112496 0.926749  0.279263 -0.314336   1.01892
0.278529 0.112496 0.926659  0.279305 -0.314338   1.01902
0.278574 0.112497 0.926569  0.279347 -0.314339   1.01911
0.278619 0.112497 0.926478  0.27939 -0.31434   1.0192
0.278664 0.112498 0.926388  0.279433 -0.314342    1.0193
 0.27871 0.112498 0.926296  0.279476 -0.314343   1.01939
0.278756 0.112499 0.926205   0.27952 -0.314345   1.01948
0.278802   0.1125 0.926113  0.279563 -0.314346   1.01958
0.278848   0.1125 0.926023  0.279606 -0.314347   1.01967
0.278893 0.112501 0.925932  0.279649 -0.314348   1.01977
0.278939 0.112501 0.925842  0.279693 -0.314349   1.01986
0.278985 0.112502 0.925752 0.279736 -0.31435  1.01995
0.279032 0.112502 0.925663   0.27978 -0.314351   1.02005
0.279078 0.112502 0.925573  0.279824 -0.314352   1.02014
0.279124 0.112502 0.925484  0.279868 -0.314353   1.02023
0.279171 0.112503 0.925394  0.279913 -0.314354   1.02033
0.279217 0.112503 0.925303  0.279957 -0.314355   1.02042
0.279264 0.112504 0.925212  0.280002 -0.314356   1.02051
0.279312 0.112504 0.925121  0.280047 -0.314357    1.0206
0.279359 0.112505 0.925031  0.280092 -0.314358    1.0207
0.279406 0.112506 0.924941  0.280136 -0.314359   1.02079
0.279453 0.112506 0.924851 0.280181 -0.31436  1.02089
0.279501 0.112507 0.924762  0.280226 -0.314361   1.02098
0.279548 0.112507 0.924672  0.280271 -0.314361   1.02107
0.279595 0.112508 0.924584  0.280316 -0.314362   1.02116
0.279643 0.112508 0.924495  0.280362 -0.314363   1.02126
0.279691 0.112508 0.924406  0.280408 -0.314363   1.02135
0.279739 0.112509 0.924316  0.280454 -0.314364   1.02144
0.279787 0.112509 0.924226    0.2805 -0.314365   1.02153
0.279836  0.11251 0.924135  0.280546 -0.314365   1.02163
0.279884 0.112511 0.924045  0.280593 -0.314366   1.02172
0.279933 0.112511 0.923955  0.280639 -0.314366   1.02181
0.279982 0.112511 0.923866  0.280685 -0.314367   1.02191
 0.28003 0.112512 0.923777  0.280731 -0.314367     1.022
0.280079 0.112512 0.923688  0.280778 -0.314368   1.02209
0.280128 0.112513   0.9236  0.280824 -0.314369   1.02218
0.280176 0.112513 0.923511  0.280872 -0.314369   1.02227
0.280225 0.112513 0.923423 0.280919 -0.31437  1.02237
0.280275 0.112514 0.923334 0.280966 -0.31437  1.02246
0.280324 0.112515 0.923244  0.281014 -0.314371   1.02255
0.280374 0.112515 0.923155  0.281061 -0.314371   1.02264
0.280424 0.112516 0.923065  0.281109 -0.314371   1.02273
0.280474 0.112517 0.922975  0.281156 -0.314372   1.02283
0.280524 0.112517 0.922886  0.281204 -0.314372   1.02292
0.280574 0.112518 0.922798  0.281252 -0.314372   1.02301
0.280624 0.112518  0.92271    0.2813 -0.314372    1.0231
0.280674 0.112518 0.922622  0.281348 -0.314373   1.02319
0.280724 0.112518 0.922534  0.281396 -0.314373   1.02329
0.280774 0.112519 0.922446  0.281445 -0.314374   1.02338
0.280825 0.112519 0.922358  0.281493 -0.314374   1.02347
0.280875  0.11252 0.922269  0.281542 -0.314374   1.02356
0.280926  0.11252  0.92218  0.281591 -0.314375   1.02365
0.280978 0.112521 0.922091   0.28164 -0.314375   1.02374
0.281029 0.112522 0.922002  0.281689 -0.314375   1.02384
 0.28108 0.112522 0.921913  0.281737 -0.314375   1.02393
0.281131 0.112523 0.921825  0.281787 -0.314375   1.02402
0.281183 0.112523 0.921737  0.281836 -0.314375   1.02411
0.281234 0.112524  0.92165  0.281885 -0.314375    1.0242
0.281286 0.112524 0.921562  0.281935 -0.314375   1.02429
0.281337 0.112524 0.921475  0.281985 -0.314376   1.02438
0.281389 0.112524 0.921388  0.282034 -0.314376   1.02447
0.281441 0.112525   0.9213  0.282084 -0.314376   1.02457
0.281493 0.112525 0.921212  0.282134 -0.314376   1.02466
0.281545 0.112526 0.921123  0.282184 -0.314376   1.02475
0.281598 0.112527 0.921034  0.282235 -0.314376   1.02484
0.281651 0.112527 0.920946  0.282285 -0.314376   1.02493
0.281703 0.112528 0.920858  0.282335 -0.314376   1.02502
0.281756 0.112528 0.920771  0.282386 -0.314376   1.02511
0.281809 0.112529 0.920684  0.282436 -0.314376    1.0252
0.281861 0.112529 0.920597  0.282487 -0.314376    1.0253
0.281914 0.112529  0.92051  0.282538 -0.314376   1.02539
0.281967  0.11253 0.920424  0.282589 -0.314376   1.02548
 0.28202  0.11253 0.920337   0.28264 -0.314376   1.02557
0.282074  0.11253 0.920249  0.282691 -0.314376   1.02566
0.282127 0.112531 0.920161  0.282742 -0.314376   1.02575
0.282181 0.112532 0.920073  0.282793 -0.314376   1.02584
0.282235 0.112532 0.919985  0.282844 -0.314376   1.02593
0.282289 0.112533 0.919898  0.282896 -0.314376   1.02602
0.282343 0.112534 0.919811  0.282947 -0.314376   1.02611
0.282397 0.112534 0.919724  0.282999 -0.314376   1.02621
0.282451 0.112534 0.919638   0.28305 -0.314376    1.0263
0.282505 0.112535 0.919552  0.283102 -0.314377   1.02639
0.282559 0.112535 0.919466  0.283154 -0.314377   1.02648
0.282614 0.112536 0.919379  0.283206 -0.314377   1.02657
0.282668 0.112536 0.919293  0.283258 -0.314377   1.02666
0.282723 0.112537 0.919206  0.283309 -0.314377   1.02675
0.282778 0.112537 0.919118  0.283361 -0.314377   1.02684
0.282833 0.112538 0.919031  0.283413 -0.314377   1.02694
0.282889 0.112538 0.918944  0.283466 -0.314376   1.02703
0.282944 0.112539 0.918857  0.283518 -0.314376   1.02712
0.282999 0.112539 0.918771   0.28357 -0.314376   1.02721
0.283055  0.11254 0.918685  0.283622 -0.314377    1.0273
 0.28311  0.11254 0.918599  0.283675 -0.314377   1.02739
0.283165  0.11254 0.918514  0.283727 -0.314378   1.02748
0.283221 0.112541 0.918429  0.283779 -0.314378   1.02757
0.283277 0.112541 0.918343  0.283832 -0.314378   1.02767
0.283333 0.112542 0.918257  0.283885 -0.314378   1.02776
0.283389 0.112542  0.91817  0.283937 -0.314378   1.02785
0.283445 0.112543 0.918083   0.28399 -0.314377   1.02794
0.283502 0.112544 0.917997  0.284042 -0.314377   1.02803
0.283558 0.112544 0.917911  0.284095 -0.314377   1.02813
0.283615 0.112545 0.917825  0.284148 -0.314378   1.02822
0.283672 0.112545 0.917739  0.284201 -0.314378   1.02831
0.283728 0.112545 0.917654  0.284254 -0.314378    1.0284
0.283785 0.112546 0.917569  0.284307 -0.314379   1.02849
0.283842 0.112546 0.917485   0.28436 -0.314379   1.02859
0.283899 0.112546   0.9174  0.284413 -0.314379   1.02868
0.283956 0.112546 0.917315  0.284466 -0.314379   1.02877
0.284013 0.112547 0.917229  0.284519 -0.314379   1.02886
0.284071 0.112548 0.917143  0.284572 -0.314379   1.02896
0.284129 0.112548 0.917056  0.284625 -0.314379   1.02905
0.284187 0.112549 0.916971  0.284679 -0.314379   1.02914
0.284244 0.112549 0.916885  0.284732 -0.314379   1.02923
0.284302  0.11255   0.9168 0.284785 -0.31438  1.02933
 0.28436  0.11255 0.916716 0.284839 -0.31438  1.02942
0.284418  0.11255 0.916632  0.284892 -0.314381   1.02951
0.284476  0.11255 0.916548  0.284946 -0.314381    1.0296
0.284534 0.112551 0.916463  0.284999 -0.314381    1.0297
0.284593 0.112551 0.916379  0.285053 -0.314381   1.02979
0.284651 0.112551 0.916294  0.285106 -0.314382   1.02988
 0.28471 0.112552 0.916209   0.28516 -0.314382   1.02998
0.284769 0.112552 0.916123  0.285214 -0.314382   1.03007
0.284828 0.112553 0.916038  0.285267 -0.314382   1.03016
0.284887 0.112554 0.915953  0.285321 -0.314382   1.03026
0.284947 0.112554 0.915869  0.285375 -0.314383   1.03035
0.285006 0.112554 0.915784  0.285429 -0.314383   1.03044
0.285065 0.112555 0.915701  0.285483 -0.314384   1.03054
0.285124 0.112555 0.915617  0.285537 -0.314384   1.03063
0.285184 0.112555 0.915534  0.285591 -0.314384   1.03072
0.285243 0.112556  0.91545  0.285645 -0.314385   1.03082
0.285303 0.112556 0.915366  0.285699 -0.314385   1.03091
0.285363 0.112556 0.915282  0.285753 -0.314385     1.031
0.285423 0.112557 0.915197  0.285807 -0.314385    1.0311
0.285484 0.112558 0.915112  0.285861 -0.314385   1.03119
0.285544 0.112558 0.915028  0.285915 -0.314386   1.03129
0.285604 0.112558 0.914944   0.28597 -0.314386   1.03138
0.285665 0.112559  0.91486  0.286024 -0.314387   1.03147
0.285725 0.112559 0.914777  0.286078 -0.314388   1.03157
0.285786 0.112559 0.914694  0.286133 -0.314389   1.03166
0.285847  0.11256 0.914611  0.286187 -0.314389   1.03176
0.285907  0.11256 0.914529  0.286242 -0.314389   1.03185
0.285968  0.11256 0.914446 0.286296 -0.31439  1.03195
0.286029 0.112561 0.914362 0.286351 -0.31439  1.03204
0.286091 0.112561 0.914278 0.286405 -0.31439  1.03213
0.286152 0.112562 0.914194  0.28646 -0.31439  1.03223
0.286214 0.112563  0.91411  0.286514 -0.314391   1.03232
0.286276 0.112563 0.914027  0.286569 -0.314392   1.03242
0.286337 0.112563 0.913943  0.286624 -0.314392   1.03251
0.286399 0.112564 0.913861  0.286679 -0.314393   1.03261
0.286461 0.112564 0.913778  0.286733 -0.314394    1.0327
0.286523 0.112564 0.913696  0.286788 -0.314394    1.0328
0.286585 0.112564 0.913614  0.286843 -0.314395   1.03289
0.286647 0.112565 0.913532  0.286898 -0.314395   1.03299
0.286709 0.112565 0.913449  0.286953 -0.314396   1.03308
0.286772 0.112565 0.913366  0.287008 -0.314396   1.03318
0.286835 0.112566 0.913283  0.287063 -0.314397   1.03327
0.286897 0.112566 0.913199  0.287118 -0.314397   1.03337
 0.28696 0.112567 0.913117  0.287174 -0.314398   1.03346
0.287023 0.112567 0.913034   0.28723 -0.314399   1.03356
0.287086 0.112568 0.912952 0.287286  -0.3144  1.03365
0.287149 0.112568  0.91287 0.287342  -0.3144  1.03374
0.287212 0.112568 0.912788  0.287398 -0.314401   1.03384
0.287276 0.112568 0.912707  0.287454 -0.314401   1.03393
0.287339 0.112569 0.912626   0.28751 -0.314401   1.03403
0.287402 0.112569 0.912544  0.287566 -0.314402   1.03412
0.287466 0.112569 0.912462  0.287622 -0.314402   1.03422
 0.28753  0.11257 0.912379  0.287679 -0.314402   1.03431
0.287594  0.11257 0.912297  0.287736 -0.314403    1.0344
0.287658 0.112571 0.912214  0.287794 -0.314403   1.03449
0.287722 0.112571 0.912132  0.287852 -0.314404   1.03459
0.287786 0.112572  0.91205   0.28791 -0.314405   1.03468
0.287851 0.112572 0.911969  0.287968 -0.314405   1.03477
0.287915 0.112573 0.911888  0.288026 -0.314406   1.03486
0.287979 0.112573 0.911807  0.288084 -0.314406   1.03495
0.288044 0.112573 0.911727  0.288142 -0.314406   1.03505
0.288108 0.112573 0.911646    0.2882 -0.314406   1.03514
0.288173 0.112574 0.911565  0.288259 -0.314406   1.03523
0.288238 0.112574 0.911483  0.288318 -0.314407   1.03532
0.288303 0.112575 0.911401  0.288377 -0.314407   1.03541
0.288368 0.112575  0.91132  0.288436 -0.314407    1.0355
0.288434 0.112576 0.911238  0.288496 -0.314407   1.03559
0.288499 0.112576 0.911157  0.288556 -0.314408   1.03568
0.288564 0.112577 0.911076  0.288616 -0.314408   1.03577
 0.28863 0.112577 0.910996  0.288676 -0.314408   1.03586
0.288695 0.112577 0.910916  0.288736 -0.314409   1.03595
0.288761 0.112578 0.910836  0.288795 -0.314409   1.03604
0.288827 0.112578 0.910756  0.288855 -0.314409   1.03614
0.288892 0.112578 0.910676  0.288916 -0.314409   1.03623
0.288958 0.112579 0.910595  0.288976 -0.314409   1.03631
0.289025 0.112579 0.910514  0.289037 -0.314409    1.0364
0.289091  0.11258 0.910433  0.289098 -0.314409   1.03649
0.289158  0.11258 0.910352   0.28916 -0.314409   1.03658
0.289224 0.112581 0.910271  0.289221 -0.314409   1.03667
0.289291 0.112581 0.910191  0.289283 -0.314409   1.03676
0.289357 0.112582 0.910111  0.289345 -0.314409   1.03684
0.289424 0.112582 0.910032  0.289406 -0.314409   1.03693
0.289491 0.112582 0.909952  0.289468 -0.314409   1.03702
0.289557 0.112583 0.909873   0.28953 -0.314409   1.03711
0.289624 0.112583 0.909794  0.289591 -0.314409    1.0372
0.289691 0.112583 0.909714  0.289654 -0.314408   1.03728
0.289759 0.112584 0.909634  0.289716 -0.314408   1.03737
0.289826 0.112585 0.909554  0.289779 -0.314409   1.03746
0.289894 0.112585 0.909473  0.289842 -0.314409   1.03754
0.289961 0.112586 0.909393  0.289905 -0.314409   1.03763
0.290029 0.112586 0.909314  0.289969 -0.314409   1.03772
0.290097 0.112587 0.909234  0.290032 -0.314409    1.0378
0.290165 0.112587 0.909155  0.290095 -0.314409   1.03789
0.290232 0.112587 0.909077  0.290158 -0.314409   1.03798
  0.2903 0.112588 0.908998  0.290222 -0.314408   1.03806
0.290368 0.112588  0.90892  0.290285 -0.314408   1.03815
0.290436 0.112588 0.908841  0.290349 -0.314408   1.03823
0.290505 0.112589 0.908762  0.290413 -0.314407   1.03832
0.290573 0.112589 0.908683  0.290478 -0.314407    1.0384
0.290642  0.11259 0.908603  0.290542 -0.314407   1.03849
0.290711  0.11259 0.908523  0.290607 -0.314407   1.03857
 0.29078 0.112591 0.908444  0.290672 -0.314407   1.03866
0.290848 0.112591 0.908365  0.290737 -0.314407   1.03874
0.290917 0.112592 0.908287  0.290801 -0.314407   1.03883
0.290986 0.112592 0.908209  0.290866 -0.314407   1.03891
0.291055 0.112592 0.908131  0.290931 -0.314406     1.039
0.291124 0.112593 0.908054  0.290996 -0.314406   1.03908
0.291194 0.112593 0.907976  0.291061 -0.314406   1.03917
0.291263 0.112593 0.907898  0.291127 -0.314405   1.03925
0.291333 0.112594 0.907819  0.291193 -0.314405   1.03933
0.291402 0.112594  0.90774  0.291259 -0.314405   1.03941
0.291472 0.112595 0.907661  0.291325 -0.314405    1.0395
0.291542 0.112596 0.907583  0.291392 -0.314405   1.03958
0.291612 0.112596 0.907505  0.291458 -0.314404   1.03966
0.291682 0.112597 0.907427  0.291524 -0.314404   1.03975
0.291752 0.112597 0.907349   0.29159 -0.314403   1.03983
0.291822 0.112597 0.907272  0.291656 -0.314403   1.03991
0.291892 0.112598 0.907195  0.291723 -0.314402      1.04
0.291962 0.112598 0.907119  0.291789 -0.314402   1.04008
0.292033 0.112598 0.907041  0.291856 -0.314402   1.04016
0.292103 0.112599 0.906964  0.291924 -0.314401   1.04024
0.292174 0.112599 0.906886  0.291991 -0.314401   1.04032
0.292245   0.1126 0.906808  0.292059 -0.314401    1.0404
0.292316   0.1126  0.90673  0.292127 -0.314401   1.04049
0.292387 0.112601 0.906652  0.292195 -0.314401   1.04057
0.292458 0.112602 0.906575 0.292262  -0.3144  1.04065
0.292529 0.112602 0.906498 0.29233 -0.3144 1.04073
  0.2926 0.112602 0.906422  0.292397 -0.314399   1.04081
0.292672 0.112603 0.906345  0.292465 -0.314399   1.04089
0.292743 0.112603 0.906269  0.292533 -0.314398   1.04097
0.292814 0.112604 0.906193  0.292602 -0.314398   1.04105
0.292886 0.112604 0.906116   0.29267 -0.314398   1.04113
0.292958 0.112605 0.906039  0.292739 -0.314397   1.04121
 0.29303 0.112605 0.905962  0.292808 -0.314397   1.04129
0.293102 0.112606 0.905885  0.292877 -0.314397   1.04137
0.293174 0.112606 0.905808  0.292946 -0.314396   1.04145
0.293246 0.112607 0.905731  0.293015 -0.314396   1.04153
0.293318 0.112607 0.905655  0.293084 -0.314395   1.04161
0.293391 0.112608 0.905579  0.293153 -0.314395   1.04169
0.293463 0.112608 0.905504  0.293222 -0.314394   1.04177
0.293535 0.112609 0.905428  0.293292 -0.314394   1.04185
0.293607 0.112609 0.905353  0.293361 -0.314393   1.04193
 0.29368 0.112609 0.905277  0.293431 -0.314393   1.04201
0.293753  0.11261 0.905201  0.293502 -0.314393   1.04209
0.293826 0.112611 0.905125  0.293572 -0.314392   1.04217
0.293899 0.112611 0.905048  0.293642 -0.314392   1.04225
0.293972 0.112612 0.904972  0.293713 -0.314392   1.04233
0.294045 0.112613 0.904896  0.293783 -0.314391    1.0424
0.294119 0.112613  0.90482 0.293853 -0.31439  1.04248
0.294192 0.112614 0.904745 0.293923 -0.31439  1.04256
0.294265 0.112614  0.90467  0.293994 -0.314389   1.04264
0.294338 0.112614 0.904596  0.294064 -0.314388   1.04272
0.294412 0.112615 0.904521  0.294135 -0.314388    1.0428
0.294485 0.112615 0.904446  0.294207 -0.314387   1.04288
0.294559 0.112616 0.904371  0.294278 -0.314387   1.04295
0.294633 0.112616 0.904296   0.29435 -0.314387   1.04303
0.294707 0.112617  0.90422  0.294421 -0.314387   1.04311
0.294781 0.112617 0.904145  0.294493 -0.314386   1.04318
0.294856 0.112618 0.904069  0.294564 -0.314386   1.04326
 0.29493 0.112619 0.903994  0.294636 -0.314385   1.04334
0.295004 0.112619  0.90392  0.294707 -0.314384   1.04342
0.295079  0.11262 0.903845  0.294779 -0.314383   1.04349
0.295153  0.11262 0.903772  0.294851 -0.314383   1.04357
0.295227  0.11262 0.903698  0.294923 -0.314382   1.04365
0.295302 0.112621 0.903624  0.294995 -0.314382   1.04372
0.295377 0.112621  0.90355  0.295068 -0.314381    1.0438
0.295451 0.112622 0.903476  0.295141 -0.314381   1.04388
0.295526 0.112622 0.903401  0.295214 -0.314381   1.04395
0.295602 0.112623 0.903326 0.295287 -0.31438  1.04403
0.295677 0.112624 0.903251  0.295359 -0.314379    1.0441
0.295752 0.112624 0.903177  0.295432 -0.314379   1.04418
0.295827 0.112625 0.903103  0.295504 -0.314378   1.04426
0.295903 0.112625  0.90303  0.295577 -0.314377   1.04433
0.295978 0.112626 0.902956   0.29565 -0.314377   1.04441
0.296054 0.112626 0.902883  0.295723 -0.314376   1.04448
0.296129 0.112627  0.90281  0.295797 -0.314376   1.04456
0.296205 0.112627 0.902737  0.295871 -0.314375   1.04463
0.296281 0.112628 0.902664  0.295945 -0.314375   1.04471
0.296357 0.112628  0.90259  0.296019 -0.314374   1.04478
0.296433 0.112629 0.902516  0.296093 -0.314374   1.04486
0.296509  0.11263 0.902442  0.296167 -0.314373   1.04493
0.296585  0.11263 0.902369   0.29624 -0.314372   1.04501
0.296662 0.112631 0.902295  0.296314 -0.314371   1.04508
0.296738 0.112631 0.902222  0.296388 -0.314371   1.04516
0.296814 0.112632  0.90215 0.296462 -0.31437  1.04523
0.296891 0.112632 0.902078  0.296537 -0.314369   1.04531
0.296967 0.112633 0.902005  0.296612 -0.314369   1.04538
0.297044 0.112633 0.901933  0.296687 -0.314368   1.04545
 0.29712 0.112634 0.901861  0.296762 -0.314368   1.04553
0.297197 0.112635 0.901788  0.296837 -0.314368    1.0456
0.297274 0.112635 0.901715  0.296912 -0.314367   1.04567
0.297351 0.112636 0.901642  0.296987 -0.314366   1.04575
0.297429 0.112637 0.901569  0.297062 -0.314366   1.04582
0.297506 0.112637 0.901497  0.297136 -0.314365    1.0459
0.297583 0.112638 0.901424  0.297212 -0.314364   1.04597
0.297661 0.112639 0.901352  0.297287 -0.314363   1.04604
0.297738 0.112639 0.901281  0.297362 -0.314362   1.04612
0.297815  0.11264  0.90121  0.297438 -0.314362   1.04619
0.297893  0.11264 0.901138  0.297514 -0.314361   1.04626
 0.29797 0.112641 0.901067   0.29759 -0.314361   1.04633
0.298048 0.112641 0.900996 0.297667 -0.31436  1.04641
0.298126 0.112642 0.900923 0.297743 -0.31436  1.04648
0.298204 0.112643 0.900851  0.297819 -0.314359   1.04655
0.298282 0.112643 0.900779  0.297895 -0.314358   1.04662
0.298361 0.112644 0.900707  0.297971 -0.314358    1.0467
0.298439 0.112645 0.900635  0.298047 -0.314357   1.04677
0.298517 0.112645 0.900564  0.298123 -0.314356   1.04684
0.298596 0.112646 0.900493    0.2982 -0.314355   1.04691
0.298674 0.112646 0.900423  0.298277 -0.314354   1.04699
0.298752 0.112647 0.900352  0.298354 -0.314354   1.04706
0.298831 0.112647 0.900282  0.298431 -0.314353   1.04713
0.298909 0.112648 0.900212  0.298508 -0.314353    1.0472
0.298988 0.112648 0.900141  0.298585 -0.314352   1.04727
0.299067 0.112649 0.900069  0.298662 -0.314351   1.04734
0.299146  0.11265 0.899998  0.298739 -0.314351   1.04741
0.299225 0.112651 0.899927 0.298816 -0.31435  1.04749
0.299305 0.112651 0.899856  0.298893 -0.314349   1.04756
0.299384 0.112652 0.899785  0.298971 -0.314348   1.04763
0.299463 0.112653 0.899715  0.299048 -0.314347    1.0477
0.299542 0.112653 0.899645  0.299126 -0.314346   1.04777
0.299622 0.112654 0.899576  0.299204 -0.314346   1.04784
0.299701 0.112654 0.899506  0.299283 -0.314346   1.04791
0.299781 0.112655 0.899437  0.299361 -0.314345   1.04798
 0.29986 0.112655 0.899367  0.299439 -0.314344   1.04805
 0.29994 0.112656 0.899297  0.299517 -0.314344   1.04812
 0.30002 0.112657 0.899226  0.299595 -0.314343   1.04819
  0.3001 0.112658 0.899156  0.299673 -0.314342   1.04826
 0.30018 0.112658 0.899085  0.299751 -0.314341   1.04833
 0.30026 0.112659 0.899016 0.299829 -0.31434   1.0484
 0.30034  0.11266 0.898946  0.299908 -0.314339   1.04847
0.300421  0.11266 0.898877  0.299987 -0.314338   1.04854
0.300501 0.112661 0.898809  0.300066 -0.314338   1.04861
0.300581 0.112661  0.89874  0.300145 -0.314337   1.04868
0.300661 0.112662 0.898672  0.300225 -0.314337   1.04875
0.300742 0.112663 0.898603  0.300304 -0.314336   1.04882
0.300823 0.112663 0.898534  0.300383 -0.314335   1.04889
0.300903 0.112664 0.898464  0.300462 -0.314334   1.04896
0.300984 0.112665 0.898394  0.300541 -0.314333   1.04903
0.301065 0.112666 0.898325   0.30062 -0.314332    1.0491
0.301146 0.112666 0.898256  0.300699 -0.314331   1.04917
0.301227 0.112667 0.898187 0.300778 -0.31433  1.04923
0.301308 0.112668 0.898119 0.300858 -0.31433   1.0493
 0.30139 0.112668 0.898051  0.300938 -0.314329   1.04937
0.301471 0.112669 0.897983  0.301019 -0.314329   1.04944
0.301552  0.11267 0.897916  0.301099 -0.314328   1.04951
0.301633  0.11267 0.897848  0.301179 -0.314327   1.04958
0.301715 0.112671  0.89778  0.301259 -0.314326   1.04964
0.301796 0.112672 0.897711  0.301339 -0.314325   1.04971
0.301878 0.112672 0.897642  0.301419 -0.314324   1.04978
 0.30196 0.112673 0.897574  0.301498 -0.314323   1.04985
0.302042 0.112674 0.897506  0.301579 -0.314322   1.04992
0.302124 0.112675 0.897438  0.301659 -0.314321   1.04999
0.302206 0.112675  0.89737   0.30174 -0.314321   1.05005
0.302287 0.112676 0.897303 0.301821 -0.31432  1.05012
0.302369 0.112677 0.897236 0.301902 -0.31432  1.05019
0.302451 0.112677 0.897169  0.301983 -0.314319   1.05025
0.302534 0.112678 0.897103  0.302064 -0.314318   1.05032
0.302616 0.112679 0.897036  0.302145 -0.314317   1.05039
0.302698 0.112679 0.896968  0.302226 -0.314316   1.05046
0.302781  0.11268 0.896901  0.302306 -0.314315   1.05052
0.302863 0.112681 0.896833  0.302387 -0.314314   1.05059
0.302946 0.112682 0.896765  0.302468 -0.314313   1.05066
0.303029 0.112683 0.896698   0.30255 -0.314312   1.05072
0.303112 0.112683 0.896631  0.302631 -0.314312   1.05079
0.303194 0.112684 0.896565  0.302713 -0.314311   1.05086
0.303277 0.112685 0.896499  0.302795 -0.314311   1.05092
 0.30336 0.112685 0.896433 0.302877 -0.31431  1.05099
0.303443 0.112686 0.896367  0.302959 -0.314309   1.05105
0.303526 0.112687 0.896301  0.303041 -0.314308   1.05112
0.303609 0.112687 0.896235  0.303123 -0.314307   1.05119
0.303693 0.112688 0.896168  0.303204 -0.314306   1.05125
0.303776 0.112689 0.896101  0.303286 -0.314305   1.05132
 0.30386  0.11269 0.896035  0.303368 -0.314304   1.05139
0.303943 0.112691 0.895968   0.30345 -0.314303   1.05145
0.304027 0.112691 0.895902  0.303533 -0.314302   1.05152
 0.30411 0.112692 0.895837  0.303615 -0.314301   1.05158
0.304194 0.112693 0.895771  0.303698 -0.314301   1.05165
0.304278 0.112694 0.895706 0.303781  -0.3143  1.05171
0.304361 0.112694 0.895642  0.303864 -0.314299   1.05178
0.304445 0.112695 0.895577  0.303946 -0.314298   1.05184
0.304529 0.112696 0.895512  0.304029 -0.314297   1.05191
0.304613 0.112696 0.895446  0.304111 -0.314296   1.05197
0.304697 0.112697  0.89538  0.304194 -0.314295   1.05204
0.304782 0.112698 0.895314  0.304277 -0.314294    1.0521
0.304866 0.112699 0.895249   0.30436 -0.314293   1.05217
 0.30495   0.1127 0.895184  0.304443 -0.314292   1.05223
0.305035 0.112701 0.895119  0.304526 -0.314292    1.0523
0.305119 0.112702 0.895054   0.30461 -0.314291   1.05236
0.305203 0.112702  0.89499 0.304694 -0.31429  1.05242
0.305288 0.112703 0.894926  0.304777 -0.314289   1.05249
0.305372 0.112704 0.894862  0.304861 -0.314288   1.05255
0.305457 0.112704 0.894798  0.304944 -0.314287   1.05262
0.305542 0.112705 0.894734  0.305027 -0.314286   1.05268
0.305627 0.112706 0.894669  0.305111 -0.314285   1.05274
0.305712 0.112707 0.894604  0.305194 -0.314284   1.05281
0.305797 0.112708  0.89454  0.305278 -0.314283   1.05287
0.305882 0.112709 0.894475  0.305362 -0.314282   1.05294
0.305967 0.112709 0.894411  0.305447 -0.314282     1.053
0.306053  0.11271 0.894347  0.305531 -0.314281   1.05306
0.306138 0.112711 0.894284 0.305616 -0.31428  1.05312
0.306223 0.112712 0.894221    0.3057 -0.314279   1.05319
0.306308 0.112712 0.894158  0.305784 -0.314279   1.05325
0.306394 0.112713 0.894095  0.305868 -0.314278   1.05331
0.306479 0.112714 0.894032  0.305952 -0.314276   1.05338
0.306565 0.112715 0.893968  0.306037 -0.314275   1.05344
 0.30665 0.112716 0.893904  0.306121 -0.314274    1.0535
0.306736 0.112717  0.89384  0.306205 -0.314273   1.05357
0.306822 0.112718 0.893777   0.30629 -0.314272   1.05363
0.306908 0.112718 0.893714  0.306375 -0.314271   1.05369
0.306994 0.112719 0.893651  0.306461 -0.314271   1.05375
 0.30708  0.11272 0.893588 0.306546 -0.31427  1.05381
0.307166 0.112721 0.893526  0.306631 -0.314269   1.05388
0.307252 0.112722 0.893464  0.306716 -0.314268   1.05394
0.307338 0.112722 0.893402  0.306801 -0.314267     1.054
0.307424 0.112723  0.89334  0.306886 -0.314266   1.05406
0.307511 0.112724 0.893278  0.306971 -0.314264   1.05412
0.307597 0.112725 0.893215  0.307056 -0.314263   1.05419
0.307684 0.112726 0.893152  0.307141 -0.314262   1.05425
 0.30777 0.112727 0.893089  0.307227 -0.314261   1.05431
0.307857 0.112728 0.893027 0.307313 -0.31426  1.05437
0.307944 0.112729 0.892965 0.307399 -0.31426  1.05443
 0.30803 0.112729 0.892903  0.307484 -0.314259   1.05449
0.308117  0.11273 0.892842   0.30757 -0.314258   1.05455
0.308204 0.112731 0.892781  0.307656 -0.314257   1.05461
 0.30829 0.112732  0.89272  0.307742 -0.314256   1.05468
0.308377 0.112733 0.892659  0.307827 -0.314255   1.05474
0.308464 0.112733 0.892597  0.307913 -0.314254    1.0548
0.308551 0.112734 0.892536  0.307999 -0.314252   1.05486
0.308639 0.112735 0.892474  0.308085 -0.314251   1.05492
0.308726 0.112736 0.892412 0.308171 -0.31425  1.05498
0.308813 0.112737  0.89235 0.308258 -0.31425  1.05504
0.308901 0.112738 0.892289  0.308344 -0.314249    1.0551
0.308988 0.112739 0.892228  0.308431 -0.314248   1.05516
0.309075  0.11274 0.892168  0.308518 -0.314247   1.05522
0.309163 0.112741 0.892108  0.308604 -0.314246   1.05528
 0.30925 0.112742 0.892048  0.308691 -0.314245   1.05534
0.309338 0.112742 0.891988  0.308777 -0.314244    1.0554
0.309425 0.112743 0.891928  0.308863 -0.314243   1.05546
0.309513 0.112744 0.891867   0.30895 -0.314242   1.05552
0.309601 0.112745 0.891807 0.309037 -0.31424  1.05558
0.309689 0.112746 0.891746  0.309124 -0.314239   1.05564
0.309777 0.112747 0.891685  0.309211 -0.314239    1.0557
0.309865 0.112748 0.891625  0.309298 -0.314238   1.05576
0.309953 0.112749 0.891565  0.309386 -0.314237   1.05582
0.310041  0.11275 0.891505  0.309473 -0.314236   1.05587
0.310129 0.112751 0.891446   0.30956 -0.314235   1.05593
0.310217 0.112752 0.891386  0.309647 -0.314234   1.05599
0.310306 0.112752 0.891328  0.309734 -0.314233   1.05605
0.310394 0.112753 0.891269  0.309821 -0.314231   1.05611
0.310482 0.112754  0.89121 0.309908 -0.31423  1.05617
0.310571 0.112755  0.89115  0.309996 -0.314229   1.05623
0.310659 0.112756  0.89109  0.310083 -0.314228   1.05629
0.310748 0.112757  0.89103  0.310171 -0.314227   1.05635
0.310837 0.112758 0.890971  0.310259 -0.314226    1.0564
0.310925 0.112759 0.890911  0.310347 -0.314225   1.05646
0.311014  0.11276 0.890853  0.310435 -0.314224   1.05652
0.311103 0.112761 0.890794  0.310523 -0.314223   1.05658
0.311192 0.112762 0.890736  0.310611 -0.314222   1.05663
 0.31128 0.112763 0.890678  0.310699 -0.314221   1.05669
0.311369 0.112764  0.89062 0.310786 -0.31422  1.05675
0.311458 0.112765 0.890562  0.310874 -0.314218   1.05681
0.311547 0.112766 0.890504  0.310962 -0.314217   1.05687
0.311637 0.112767 0.890445   0.31105 -0.314216   1.05692
0.311726 0.112768 0.890387  0.311139 -0.314215   1.05698
0.311815 0.112769 0.890328  0.311228 -0.314214   1.05704
0.311905  0.11277  0.89027  0.311316 -0.314214   1.05709
0.311994 0.112771 0.890212  0.311405 -0.314213   1.05715
0.312083 0.112772 0.890154  0.311494 -0.314212   1.05721
0.312173 0.112773 0.890097  0.311582 -0.314211   1.05727
0.312262 0.112774  0.89004   0.31167 -0.314209   1.05732
0.312352 0.112775 0.889983  0.311759 -0.314208   1.05738
0.312441 0.112775 0.889926  0.311847 -0.314207   1.05744
0.312531 0.112776 0.889869  0.311936 -0.314205   1.05749
0.312621 0.112777 0.889812  0.312025 -0.314204   1.05755
0.312711 0.112778 0.889754  0.312114 -0.314203   1.05761
0.312801  0.11278 0.889696  0.312203 -0.314202   1.05766
 0.31289 0.112781 0.889639  0.312292 -0.314202   1.05772
 0.31298 0.112782 0.889582  0.312382 -0.314201   1.05777
0.313071 0.112783 0.889525 0.312471  -0.3142  1.05783
0.313161 0.112784 0.889468   0.31256 -0.314199   1.05788
0.313251 0.112785 0.889412  0.312649 -0.314197   1.05794
0.313341 0.112786 0.889357  0.312738 -0.314196     1.058
0.313431 0.112787 0.889301  0.312827 -0.314195   1.05805
0.313521 0.112788 0.889245  0.312916 -0.314193   1.05811
0.313611 0.112789 0.889189  0.313005 -0.314192   1.05816
0.313702  0.11279 0.889132  0.313095 -0.314191   1.05822
0.313792 0.112791 0.889076 0.313185 -0.31419  1.05827
0.313883 0.112792 0.889019 0.313275 -0.31419  1.05833
0.313973 0.112793 0.888963  0.313365 -0.314189   1.05838
0.314064 0.112794 0.888907  0.313455 -0.314188   1.05844
0.314155 0.112795 0.888852  0.313544 -0.314186   1.05849
0.314245 0.112796 0.888797  0.313634 -0.314185   1.05855
0.314336 0.112797 0.888742  0.313724 -0.314184    1.0586
0.314427 0.112798 0.888687  0.313813 -0.314182   1.05866
0.314517 0.112799 0.888632  0.313903 -0.314181   1.05871
0.314608   0.1128 0.888577 0.313993 -0.31418  1.05877
0.314699 0.112801 0.888522  0.314083 -0.314179   1.05882
 0.31479 0.112802 0.888466  0.314173 -0.314178   1.05888
0.314882 0.112803 0.888411  0.314264 -0.314177   1.05893
0.314973 0.112804 0.888355  0.314354 -0.314176   1.05898
0.315064 0.112805   0.8883  0.314445 -0.314175   1.05904
0.315155 0.112806 0.888246  0.314535 -0.314174   1.05909
0.315246 0.112807 0.888192  0.314625 -0.314173   1.05914
0.315338 0.112808 0.888138  0.314715 -0.314171    1.0592
0.315429 0.112809 0.888084 0.314806 -0.31417  1.05925
 0.31552  0.11281 0.888031  0.314896 -0.314169   1.05931
0.315611 0.112811 0.887977  0.314986 -0.314167   1.05936
0.315703 0.112812 0.887923  0.315077 -0.314166   1.05941
0.315795 0.112813 0.887868  0.315168 -0.314165   1.05946
0.315886 0.112815 0.887814  0.315259 -0.314165   1.05952
0.315978 0.112816  0.88776   0.31535 -0.314164   1.05957
 0.31607 0.112817 0.887705  0.315441 -0.314163   1.05962
0.316162 0.112818 0.887652  0.315532 -0.314161   1.05968
0.316253 0.112819 0.887599 0.315623 -0.31416  1.05973
0.316345  0.11282 0.887546  0.315713 -0.314159   1.05978
0.316437 0.112821 0.887493  0.315804 -0.314157   1.05983
0.316529 0.112822  0.88744  0.315895 -0.314156   1.05989
0.316621 0.112823 0.887388  0.315986 -0.314155   1.05994
0.316713 0.112824 0.887335  0.316077 -0.314154   1.05999
0.316805 0.112825 0.887282  0.316169 -0.314153   1.06004
0.316897 0.112826 0.887228   0.31626 -0.314152    1.0601
0.316989 0.112827 0.887175  0.316352 -0.314151   1.06015
0.317081 0.112828 0.887122 0.316443 -0.31415   1.0602
0.317174  0.11283 0.887069  0.316535 -0.314149   1.06025
0.317266 0.112831 0.887017  0.316626 -0.314147    1.0603
0.317358 0.112832 0.886965  0.316717 -0.314146   1.06035
0.317451 0.112833 0.886913  0.316808 -0.314144   1.06041
0.317543 0.112834 0.886862    0.3169 -0.314143   1.06046
0.317635 0.112835  0.88681  0.316991 -0.314142   1.06051
0.317728 0.112836 0.886759 0.317083 -0.31414  1.06056
 0.31782 0.112837 0.886707 0.317175 -0.31414  1.06061
0.317913 0.112838 0.886655  0.317267 -0.314139   1.06066
0.318006 0.112839 0.886602  0.317359 -0.314138   1.06071
0.318099  0.11284  0.88655  0.317451 -0.314137   1.06076
0.318192 0.112841 0.886498  0.317543 -0.314135   1.06081
0.318284 0.112843 0.886447  0.317635 -0.314134   1.06086
0.318377 0.112844 0.886396  0.317727 -0.314133   1.06091
 0.31847 0.112845 0.886345  0.317818 -0.314131   1.06097
0.318563 0.112846 0.886295  0.31791 -0.31413  1.06102
0.318656 0.112847 0.886244  0.318002 -0.314128   1.06107
0.318749 0.112848 0.886194  0.318094 -0.314127   1.06112
0.318842 0.112849 0.886143  0.318187 -0.314126   1.06117
0.318935  0.11285 0.886092   0.31828 -0.314125   1.06122
0.319028 0.112851 0.886041  0.318372 -0.314124   1.06127
0.319121 0.112852  0.88599  0.318465 -0.314123   1.06132
0.319215 0.112854 0.885939  0.318557 -0.314122   1.06136
0.319308 0.112855 0.885889  0.318649 -0.314121   1.06141
0.319401 0.112856 0.885839  0.318741 -0.314119   1.06146
0.319495 0.112857 0.885789  0.318834 -0.314118   1.06151
0.319588 0.112858 0.885739  0.318926 -0.314116   1.06156
0.319681 0.112859  0.88569  0.319018 -0.314115   1.06161
0.319775  0.11286 0.885641  0.319111 -0.314114   1.06166
0.319868 0.112861 0.885592  0.319204 -0.314113   1.06171
0.319962 0.112862 0.885542  0.319297 -0.314112   1.06176
0.320055 0.112864 0.885492   0.31939 -0.314111   1.06181
0.320149 0.112865 0.885442 0.319483 -0.31411  1.06186
0.320243 0.112866 0.885392  0.319576 -0.314109    1.0619
0.320337 0.112867 0.885343  0.319669 -0.314107   1.06195
0.320431 0.112868 0.885293  0.319761 -0.314106     1.062
0.320524 0.112869 0.885245  0.319854 -0.314104   1.06205
0.320618 0.112871 0.885196  0.319947 -0.314103    1.0621
0.320712 0.112872 0.885148   0.32004 -0.314101   1.06215
0.320806 0.112873   0.8851 0.320133  -0.3141   1.0622
  0.3209 0.112874 0.885052  0.320226 -0.314099   1.06224
0.320994 0.112875 0.885003   0.32032 -0.314098   1.06229
0.321088 0.112876 0.884955  0.320413 -0.314097   1.06234
0.321182 0.112877 0.884906  0.320507 -0.314096   1.06239
0.321276 0.112878 0.884857    0.3206 -0.314095   1.06243
0.321371  0.11288 0.884808  0.320693 -0.314093   1.06248
0.321465 0.112881  0.88476  0.320786 -0.314092   1.06253
0.321559 0.112882 0.884712 0.320879 -0.31409  1.06258
0.321653 0.112883 0.884665  0.320972 -0.314089   1.06262
0.321748 0.112884 0.884617  0.321066 -0.314087   1.06267
0.321842 0.112885  0.88457  0.321159 -0.314086   1.06272
0.321936 0.112887 0.884523  0.321253 -0.314085   1.06276
0.322031 0.112888 0.884476  0.321347 -0.314084   1.06281
0.322125 0.112889 0.884429  0.321441 -0.314083   1.06286
 0.32222  0.11289 0.884381  0.321535 -0.314082    1.0629
0.322314 0.112891 0.884334  0.321629 -0.314081   1.06295
0.322409 0.112892 0.884286 0.321722 -0.31408    1.063
0.322504 0.112894 0.884239  0.321816 -0.314078   1.06304
0.322599 0.112895 0.884192  0.321909 -0.314076   1.06309
0.322693 0.112896 0.884146  0.322003 -0.314075   1.06314
0.322788 0.112897 0.884099  0.322097 -0.314073   1.06318
0.322883 0.112898 0.884053  0.322191 -0.314072   1.06323
0.322977 0.112899 0.884007  0.322285 -0.314071   1.06327
0.323072   0.1129 0.883962 0.322379 -0.31407  1.06332
0.323167 0.112902 0.883916  0.322474 -0.314069   1.06337
0.323262 0.112903 0.883869  0.322568 -0.314068   1.06341
0.323357 0.112904 0.883822  0.322662 -0.314067   1.06346
0.323452 0.112905 0.883776  0.322756 -0.314065    1.0635
0.323547 0.112906  0.88373   0.32285 -0.314064   1.06355
0.323643 0.112908 0.883684  0.322944 -0.314062   1.06359
0.323738 0.112909 0.883638  0.323038 -0.314061   1.06364
0.323833  0.11291 0.883593  0.323132 -0.314059   1.06368
0.323928 0.112911 0.883548  0.323226 -0.314058   1.06373
0.324023 0.112913 0.883503  0.323321 -0.314057   1.06377
0.324118 0.112914 0.883459  0.323416 -0.314056   1.06382
0.324214 0.112915 0.883414   0.32351 -0.314055   1.06386
0.324309 0.112916 0.883369  0.323605 -0.314054   1.06391
0.324404 0.112917 0.883324    0.3237 -0.314053   1.06395
  0.3245 0.112918 0.883278  0.323794 -0.314051     1.064
0.324595  0.11292 0.883233 0.323888 -0.31405  1.06404
0.324691 0.112921 0.883188  0.323983 -0.314048   1.06408
0.324787 0.112922 0.883144  0.324077 -0.314046   1.06413
0.324882 0.112923 0.883099  0.324172 -0.314045   1.06417
0.324978 0.112925 0.883056  0.324266 -0.314044   1.06422
0.325073 0.112926 0.883012  0.324361 -0.314043   1.06426
0.325169 0.112927 0.882968  0.324456 -0.314042    1.0643
0.325264 0.112928 0.882925  0.324552 -0.314041   1.06435
 0.32536 0.112929 0.882881 0.324647 -0.31404  1.06439
0.325456  0.11293 0.882837  0.324741 -0.314038   1.06443
0.325552 0.112932 0.882793  0.324836 -0.314037   1.06448
0.325648 0.112933 0.882748  0.324931 -0.314035   1.06452
0.325744 0.112934 0.882705  0.325026 -0.314033   1.06456
 0.32584 0.112935 0.882661   0.32512 -0.314032   1.06461
0.325936 0.112937 0.882618 0.325215 -0.31403  1.06465
0.326031 0.112938 0.882575   0.32531 -0.314029   1.06469
0.326127 0.112939 0.882533  0.325406 -0.314028   1.06473
0.326223  0.11294  0.88249  0.325501 -0.314027   1.06478
0.326319 0.112941 0.882448  0.325597 -0.314026   1.06482
0.326415 0.112943 0.882405  0.325692 -0.314025   1.06486
0.326512 0.112944 0.882363  0.325787 -0.314024    1.0649
0.326608 0.112945 0.882319  0.325882 -0.314022   1.06495
0.326704 0.112946 0.882276  0.325977 -0.314021   1.06499
  0.3268 0.112948 0.882234  0.326072 -0.314019   1.06503
0.326897 0.112949 0.882191  0.326168 -0.314017   1.06507
0.326993  0.11295 0.882149  0.326263 -0.314016   1.06511
0.327089 0.112951 0.882107  0.326358 -0.314015   1.06516
0.327186 0.112953 0.882066  0.326454 -0.314014    1.0652
0.327282 0.112954 0.882024   0.32655 -0.314013   1.06524
0.327378 0.112955 0.881983  0.326646 -0.314011   1.06528
0.327475 0.112956 0.881942 0.326741 -0.31401  1.06532
0.327571 0.112957 0.881901  0.326837 -0.314009   1.06536
0.327668 0.112959 0.881859  0.326932 -0.314008    1.0654
0.327764  0.11296 0.881817  0.327028 -0.314006   1.06545
0.327861 0.112961 0.881775  0.327123 -0.314004   1.06549
0.327958 0.112962 0.881734  0.327219 -0.314003   1.06553
0.328054 0.112964 0.881693  0.327314 -0.314001   1.06557
0.328151 0.112965 0.881652 0.32741  -0.314 1.06561
0.328247 0.112966 0.881611  0.327506 -0.313999   1.06565
0.328344 0.112967 0.881571  0.327602 -0.313998   1.06569
0.328441 0.112969 0.881531  0.327698 -0.313997   1.06573
0.328538  0.11297 0.881491  0.327794 -0.313996   1.06577
0.328634 0.112971 0.881451   0.32789 -0.313994   1.06581
0.328731 0.112972  0.88141  0.327986 -0.313993   1.06585
0.328828 0.112974  0.88137  0.328082 -0.313991   1.06589
0.328925 0.112975 0.881329 0.328177 -0.31399  1.06593
0.329022 0.112976 0.881288  0.328273 -0.313988   1.06597
0.329119 0.112977 0.881248  0.328369 -0.313986   1.06601
0.329216 0.112979 0.881209  0.328465 -0.313985   1.06605
0.329313  0.11298 0.881169  0.328561 -0.313984   1.06609
 0.32941 0.112981  0.88113  0.328658 -0.313983   1.06613
0.329507 0.112983 0.881091  0.328754 -0.313982   1.06617
0.329604 0.112984 0.881053  0.328851 -0.313981   1.06621
0.329701 0.112985 0.881014 0.328947 -0.31398  1.06625
0.329798 0.112986 0.880975  0.329043 -0.313978   1.06628
0.329896 0.112987 0.880935  0.329139 -0.313977   1.06632
0.329993 0.112989 0.880896  0.329235 -0.313975   1.06636
 0.33009  0.11299 0.880856  0.329331 -0.313973    1.0664
0.330188 0.112991 0.880817  0.329427 -0.313972   1.06644
0.330285 0.112993 0.880779 0.329524 -0.31397  1.06648
0.330382 0.112994  0.88074   0.32962 -0.313969   1.06652
 0.33048 0.112995 0.880702  0.329717 -0.313968   1.06655
0.330577 0.112996 0.880665  0.329814 -0.313967   1.06659
0.330674 0.112998 0.880627   0.32991 -0.313966   1.06663
0.330772 0.112999 0.880589  0.330007 -0.313965   1.06667
0.330869    0.113 0.880551  0.330103 -0.313963   1.06671
0.330967 0.113001 0.880513    0.3302 -0.313962   1.06674
0.331064 0.113003 0.880475 0.330296 -0.31396  1.06678
0.331162 0.113004 0.880437  0.330392 -0.313959   1.06682
 0.33126 0.113005 0.880399  0.330489 -0.313957   1.06686
0.331357 0.113007 0.880361  0.330586 -0.313956    1.0669
0.331455 0.113008 0.880324  0.330682 -0.313954   1.06693
0.331552 0.113009 0.880287  0.330779 -0.313953   1.06697
 0.33165 0.113011  0.88025  0.330876 -0.313952   1.06701
0.331748 0.113012 0.880214  0.330973 -0.313951   1.06704
0.331845 0.113013 0.880177  0.33107 -0.31395  1.06708
0.331943 0.113014 0.880141  0.331167 -0.313949   1.06712
0.332041 0.113015 0.880104  0.331263 -0.313947   1.06715
0.332139 0.113017 0.880067   0.33136 -0.313946   1.06719
0.332237 0.113018  0.88003  0.331457 -0.313944   1.06723
0.332335 0.113019 0.879993  0.331554 -0.313942   1.06726
0.332433 0.113021 0.879956   0.33165 -0.313941    1.0673
0.332531 0.113022  0.87992 0.331748 -0.31394  1.06734
0.332628 0.113023 0.879885  0.331845 -0.313939   1.06737
0.332726 0.113025 0.879849  0.331942 -0.313938   1.06741
0.332824 0.113026 0.879814  0.332039 -0.313937   1.06744
0.332922 0.113027 0.879778  0.332136 -0.313935   1.06748
 0.33302 0.113028 0.879743  0.332233 -0.313934   1.06752
0.333118  0.11303 0.879707   0.33233 -0.313932   1.06755
0.333216 0.113031 0.879672  0.332427 -0.313931   1.06759
0.333315 0.113032 0.879636  0.332524 -0.313929   1.06762
0.333413 0.113034   0.8796  0.332621 -0.313927   1.06766
0.333511 0.113035 0.879565  0.332718 -0.313926   1.06769
0.333609 0.113036  0.87953  0.332816 -0.313925   1.06773
0.333708 0.113038 0.879495  0.332913 -0.313924   1.06776
0.333806 0.113039  0.87946   0.33301 -0.313923    1.0678
0.333904  0.11304 0.879426  0.333108 -0.313922   1.06783
0.334002 0.113041 0.879392  0.333205 -0.313921   1.06787
  0.3341 0.113043 0.879358  0.333303 -0.313919    1.0679
0.334199 0.113044 0.879324    0.3334 -0.313918   1.06794
0.334297 0.113045 0.879289  0.333497 -0.313916   1.06797
0.334396 0.113047 0.879254  0.333594 -0.313914   1.06801
0.334494 0.113048  0.87922  0.333691 -0.313913   1.06804
0.334593 0.113049 0.879186  0.333789 -0.313911   1.06807
0.334691  0.11305 0.879152 0.333886 -0.31391  1.06811
 0.33479 0.113052 0.879118  0.333984 -0.313909   1.06814
0.334888 0.113053 0.879085  0.334082 -0.313908   1.06818
0.334987 0.113055 0.879051  0.334179 -0.313907   1.06821
0.335085 0.113056 0.879019  0.334277 -0.313906   1.06824
0.335184 0.113057 0.878986  0.334375 -0.313904   1.06828
0.335282 0.113058 0.878953  0.334472 -0.313903   1.06831
0.335381  0.11306  0.87892   0.33457 -0.313901   1.06834
0.335479 0.113061 0.878886 0.334667  -0.3139  1.06838
0.335578 0.113062 0.878853  0.334764 -0.313898   1.06841
0.335677 0.113064  0.87882  0.334862 -0.313897   1.06844
0.335776 0.113065 0.878787   0.33496 -0.313895   1.06848
0.335874 0.113066 0.878754  0.335058 -0.313894   1.06851
0.335973 0.113067 0.878722  0.335156 -0.313893   1.06854
0.336072 0.113069  0.87869  0.335254 -0.313892   1.06857
0.336171  0.11307 0.878658  0.335352 -0.313891   1.06861
0.336269 0.113071 0.878627 0.335449 -0.31389  1.06864
0.336368 0.113073 0.878595  0.335547 -0.313888   1.06867
0.336467 0.113074 0.878563  0.335645 -0.313887    1.0687
0.336566 0.113075 0.878531  0.335742 -0.313885   1.06874
0.336665 0.113077 0.878499   0.33584 -0.313883   1.06877
0.336764 0.113078 0.878466  0.335938 -0.313882    1.0688
0.336863 0.113079 0.878435  0.336036 -0.313881   1.06883
0.336962 0.113081 0.878403 0.336134 -0.31388  1.06886
0.337061 0.113082 0.878372  0.336232 -0.313879   1.06889
 0.33716 0.113083 0.878341   0.33633 -0.313878   1.06893
0.337259 0.113085 0.878311  0.336428 -0.313877   1.06896
0.337358 0.113086  0.87828  0.336526 -0.313875   1.06899
0.337457 0.113087  0.87825  0.336624 -0.313874   1.06902
0.337556 0.113088 0.878219  0.336722 -0.313872   1.06905
0.337655  0.11309 0.878189  0.33682 -0.31387  1.06908
0.337754 0.113091 0.878157  0.336918 -0.313869   1.06911
0.337853 0.113092 0.878126  0.337016 -0.313867   1.06914
0.337953 0.113094 0.878096  0.337114 -0.313866   1.06917
0.338052 0.113095 0.878066  0.337213 -0.313865   1.06921
0.338151 0.113096 0.878036  0.337311 -0.313864   1.06924
 0.33825 0.113098 0.878006  0.337409 -0.313863   1.06927
 0.33835 0.113099 0.877976  0.337508 -0.313862    1.0693
0.338449   0.1131 0.877947  0.337606 -0.313861   1.06933
0.338548 0.113102 0.877918  0.337704 -0.313859   1.06936
0.338647 0.113103 0.877889  0.337802 -0.313858   1.06939
0.338747 0.113104 0.877859    0.3379 -0.313856   1.06942
0.338846 0.113105 0.877829  0.337998 -0.313854   1.06945
0.338945 0.113107   0.8778  0.338097 -0.313853   1.06948
0.339045 0.113108  0.87777  0.338195 -0.313852   1.06951
0.339144 0.113109 0.877741  0.338294 -0.313851   1.06954
0.339244 0.113111 0.877712 0.338392 -0.31385  1.06956
0.339343 0.113112 0.877684  0.338491 -0.313849   1.06959
0.339443 0.113113 0.877655  0.338589 -0.313848   1.06962
0.339542 0.113115 0.877627  0.338688 -0.313846   1.06965
0.339642 0.113116 0.877599  0.338786 -0.313845   1.06968
0.339741 0.113117 0.877571  0.338884 -0.313843   1.06971
0.339841 0.113119 0.877543  0.338983 -0.313842   1.06974
 0.33994  0.11312 0.877514 0.339081 -0.31384  1.06977
 0.34004 0.113121 0.877486  0.339179 -0.313839    1.0698
 0.34014 0.113123 0.877457  0.339278 -0.313837   1.06982
0.340239 0.113124 0.877429  0.339377 -0.313836   1.06985
0.340339 0.113125 0.877402  0.339475 -0.313836   1.06988
0.340439 0.113127 0.877374  0.339574 -0.313834   1.06991
0.340538 0.113128 0.877347  0.339673 -0.313833   1.06994
0.340638 0.113129  0.87732  0.339771 -0.313832   1.06997
0.340737 0.113131 0.877293   0.33987 -0.313831   1.06999
0.340837 0.113132 0.877267  0.339968 -0.313829   1.07002
0.340937 0.113133  0.87724  0.340067 -0.313827   1.07005
0.341037 0.113134 0.877213  0.340165 -0.313826   1.07008
0.341137 0.113136 0.877185  0.340264 -0.313824    1.0701
0.341236 0.113137 0.877158  0.340363 -0.313823   1.07013
0.341336 0.113138 0.877131  0.340462 -0.313822   1.07016
0.341436  0.11314 0.877104  0.340561 -0.313821   1.07019
0.341536 0.113141 0.877078  0.34066 -0.31382  1.07021
0.341636 0.113142 0.877052  0.340758 -0.313819   1.07024
0.341736 0.113144 0.877026  0.340857 -0.313818   1.07027
0.341836 0.113145 0.877001  0.340956 -0.313817   1.07029
0.341935 0.113146 0.876975  0.341055 -0.313815   1.07032
0.342035 0.113148  0.87695  0.341153 -0.313813   1.07035
0.342135 0.113149 0.876924  0.341252 -0.313812   1.07037
0.342235  0.11315 0.876898 0.341351 -0.31381   1.0704
0.342335 0.113151 0.876872   0.34145 -0.313809   1.07043
0.342435 0.113153 0.876846  0.341549 -0.313808   1.07045
0.342535 0.113154  0.87682  0.341648 -0.313807   1.07048
0.342635 0.113155 0.876795  0.341747 -0.313806    1.0705
0.342736 0.113157  0.87677  0.341846 -0.313805   1.07053
0.342836 0.113158 0.876746  0.341945 -0.313804   1.07056
0.342936 0.113159 0.876721  0.342044 -0.313803   1.07058
0.343036 0.113161 0.876697  0.342143 -0.313801   1.07061
0.343136 0.113162 0.876673 0.342242  -0.3138  1.07063
0.343236 0.113163 0.876648   0.34234 -0.313798   1.07066
0.343336 0.113164 0.876623  0.342439 -0.313797   1.07068
0.343436 0.113166 0.876599  0.342538 -0.313795   1.07071
0.343537 0.113167 0.876574  0.342638 -0.313795   1.07073
0.343637 0.113168  0.87655  0.342737 -0.313794   1.07076
0.343737  0.11317 0.876526  0.342836 -0.313793   1.07078
0.343837 0.113171 0.876502  0.342935 -0.313792   1.07081
0.343937 0.113172 0.876478 0.343035 -0.31379  1.07083
0.344038 0.113174 0.876455  0.343134 -0.313789   1.07086
0.344138 0.113175 0.876432  0.343233 -0.313787   1.07088
0.344238 0.113176 0.876409  0.343332 -0.313786    1.0709
0.344338 0.113177 0.876386  0.343431 -0.313784   1.07093
0.344439 0.113179 0.876362   0.34353 -0.313783   1.07095
0.344539  0.11318 0.876339  0.343629 -0.313782   1.07098
 0.34464 0.113181 0.876315  0.343728 -0.313781     1.071
 0.34474 0.113183 0.876292 0.343828 -0.31378  1.07102
 0.34484 0.113184 0.876269  0.343927 -0.313779   1.07105
0.344941 0.113185 0.876247  0.344027 -0.313778   1.07107
0.345041 0.113187 0.876224  0.344126 -0.313777    1.0711
0.345142 0.113188 0.876202  0.344225 -0.313776   1.07112
0.345242 0.113189  0.87618  0.344324 -0.313774   1.07114
0.345342  0.11319 0.876159  0.344423 -0.313773   1.07117
0.345443 0.113192 0.876137  0.344523 -0.313771   1.07119
0.345543 0.113193 0.876115 0.344622 -0.31377  1.07121
0.345644 0.113194 0.876092  0.344721 -0.313769   1.07123
0.345744 0.113195  0.87607  0.344821 -0.313768   1.07126
0.345845 0.113197 0.876048   0.34492 -0.313767   1.07128
0.345946 0.113198 0.876026   0.34502 -0.313766    1.0713
0.346046 0.113199 0.876005  0.345119 -0.313765   1.07132
0.346147 0.113201 0.875984  0.345219 -0.313764   1.07135
0.346247 0.113202 0.875963  0.345318 -0.313762   1.07137
0.346348 0.113203 0.875942  0.345417 -0.313761   1.07139
0.346448 0.113205 0.875921  0.345517 -0.313759   1.07141
0.346549 0.113206 0.875901  0.345616 -0.313758   1.07144
 0.34665 0.113207  0.87588  0.345716 -0.313757   1.07146
 0.34675 0.113208 0.875859  0.345815 -0.313756   1.07148
0.346851  0.11321 0.875838  0.345915 -0.313755    1.0715
0.346952 0.113211 0.875817  0.346015 -0.313754   1.07152
0.347052 0.113212 0.875796  0.346114 -0.313753   1.07154
0.347153 0.113213 0.875776  0.346214 -0.313752   1.07156
0.347254 0.113215 0.875756  0.346313 -0.313751   1.07159
0.347355 0.113216 0.875736 0.346413 -0.31375  1.07161
0.347455 0.113217 0.875717  0.346512 -0.313748   1.07163
0.347556 0.113219 0.875697  0.346612 -0.313747   1.07165
0.347657  0.11322 0.875678  0.346711 -0.313745   1.07167
0.347757 0.113221 0.875659  0.346811 -0.313744   1.07169
0.347858 0.113222 0.875639   0.34691 -0.313743   1.07171
0.347959 0.113224 0.875619   0.34701 -0.313742   1.07173
 0.34806 0.113225 0.875599   0.34711 -0.313741   1.07175
0.348161 0.113226  0.87558  0.34721 -0.31374  1.07177
0.348262 0.113227 0.875561   0.34731 -0.313739   1.07179
0.348363 0.113229 0.875542  0.347409 -0.313738   1.07181
0.348463  0.11323 0.875523  0.347509 -0.313737   1.07183
0.348564 0.113231 0.875505  0.347609 -0.313735   1.07185
0.348665 0.113233 0.875487  0.347708 -0.313734   1.07187
0.348766 0.113234 0.875469  0.347808 -0.313733   1.07189
0.348867 0.113235 0.875451  0.347907 -0.313731   1.07191
0.348968 0.113236 0.875432 0.348007 -0.31373  1.07193
0.349069 0.113237 0.875414  0.348107 -0.313729   1.07195
 0.34917 0.113239 0.875395  0.348207 -0.313729   1.07197
0.349271  0.11324 0.875377  0.348307 -0.313728   1.07199
0.349372 0.113241 0.875359  0.348407 -0.313727   1.07201
0.349473 0.113243 0.875341  0.348507 -0.313726   1.07202
0.349574 0.113244 0.875324  0.348607 -0.313724   1.07204
0.349675 0.113245 0.875306  0.348706 -0.313723   1.07206
0.349776 0.113246  0.87529  0.348806 -0.313721   1.07208
0.349877 0.113248 0.875273 0.348906 -0.31372   1.0721
0.349978 0.113249 0.875256  0.349006 -0.313719   1.07212
0.350079  0.11325 0.875239  0.349105 -0.313718   1.07214
 0.35018 0.113251 0.875221  0.349206 -0.313717   1.07215
0.350281 0.113253 0.875204  0.349306 -0.313716   1.07217
0.350382 0.113254 0.875187  0.349406 -0.313715   1.07219
0.350483 0.113255  0.87517  0.349506 -0.313714   1.07221
0.350584 0.113256 0.875153  0.349606 -0.313713   1.07223
0.350686 0.113258 0.875137  0.349706 -0.313712   1.07224
0.350787 0.113259 0.875121 0.349805 -0.31371  1.07226
0.350888  0.11326 0.875106  0.349905 -0.313709   1.07228
0.350989 0.113262  0.87509  0.350005 -0.313707    1.0723
 0.35109 0.113263 0.875074  0.350105 -0.313706   1.07231
0.351191 0.113264 0.875058  0.350205 -0.313705   1.07233
0.351293 0.113265 0.875042  0.350305 -0.313704   1.07235
0.351394 0.113266 0.875026  0.350406 -0.313704   1.07236
0.351495 0.113268  0.87501  0.350506 -0.313703   1.07238
0.351596 0.113269 0.874995  0.350606 -0.313702    1.0724
0.351697  0.11327 0.874979 0.350706  -0.3137  1.07241
0.351799 0.113271 0.874964  0.350806 -0.313699   1.07243
  0.3519 0.113273 0.874949  0.350906 -0.313698   1.07245
0.352001 0.113274 0.874935  0.351006 -0.313696   1.07246
0.352102 0.113275  0.87492  0.351106 -0.313695   1.07248
0.352204 0.113276 0.874906  0.351206 -0.313694    1.0725
0.352305 0.113278 0.874892  0.351306 -0.313693   1.07251
0.352406 0.113279 0.874877  0.351406 -0.313692   1.07253
0.352508  0.11328 0.874862  0.351507 -0.313691   1.07254
0.352609 0.113281 0.874847 0.351607 -0.31369  1.07256
 0.35271 0.113282 0.874833  0.351707 -0.313689   1.07257
0.352812 0.113284 0.874819  0.351807 -0.313688   1.07259
0.352913 0.113285 0.874805  0.351907 -0.313686    1.0726
0.353014 0.113286 0.874791  0.352007 -0.313685   1.07262
0.353116 0.113288 0.874778  0.352107 -0.313683   1.07263
0.353217 0.113289 0.874764  0.352207 -0.313682   1.07265
0.353319  0.11329 0.874751  0.352308 -0.313681   1.07266
 0.35342 0.113291 0.874738 0.352408 -0.31368  1.07268
0.353521 0.113292 0.874725  0.352509 -0.313679   1.07269
0.353623 0.113294 0.874711  0.352609 -0.313678   1.07271
0.353724 0.113295 0.874698   0.35271 -0.313677   1.07272
0.353826 0.113296 0.874684   0.35281 -0.313676   1.07274
0.353927 0.113297 0.874671  0.352911 -0.313674   1.07275
0.354029 0.113299 0.874658  0.353011 -0.313673   1.07277
 0.35413   0.1133 0.874646  0.353111 -0.313672   1.07278
0.354232 0.113301 0.874634 0.353211 -0.31367  1.07279
0.354333 0.113302 0.874622  0.353311 -0.313668   1.07281
0.354434 0.113304  0.87461  0.353411 -0.313667   1.07282
0.354536 0.113305 0.874598  0.353512 -0.313666   1.07283
0.354637 0.113306 0.874586  0.353612 -0.313665   1.07285
0.354739 0.113307 0.874573  0.353713 -0.313664   1.07286
0.354841 0.113308 0.874561  0.353814 -0.313663   1.07287
0.354942  0.11331 0.874549  0.353914 -0.313662   1.07289
0.355044 0.113311 0.874537 0.354015 -0.31366   1.0729
0.355145 0.113312 0.874525  0.354115 -0.313659   1.07291
0.355247 0.113313 0.874514  0.354215 -0.313657   1.07293
0.355348 0.113315 0.874503  0.354315 -0.313656   1.07294
 0.35545 0.113316 0.874492  0.354415 -0.313654   1.07295
0.355551 0.113317 0.874481  0.354516 -0.313652   1.07297
0.355653 0.113318 0.874471  0.354616 -0.313651   1.07298
0.355755  0.11332  0.87446 0.354717 -0.31365  1.07299
0.355856 0.113321 0.874449  0.354818 -0.313649     1.073
0.355958 0.113322 0.874438  0.354919 -0.313648   1.07301
 0.35606 0.113323 0.874427  0.355019 -0.313646   1.07303
0.356161 0.113324 0.874416   0.35512 -0.313645   1.07304
0.356263 0.113326 0.874406   0.35522 -0.313643   1.07305
0.356365 0.113327 0.874396   0.35532 -0.313642   1.07306
0.356466 0.113328 0.874386 0.355421 -0.31364  1.07307
0.356568 0.113329 0.874376  0.355521 -0.313638   1.07309
 0.35667 0.113331 0.874366  0.355621 -0.313636    1.0731
0.356771 0.113332 0.874357  0.355722 -0.313635   1.07311
0.356873 0.113333 0.874348  0.355823 -0.313634   1.07312
0.356975 0.113334 0.874338  0.355924 -0.313632   1.07313
0.357076 0.113336 0.874328  0.356025 -0.313631   1.07314
0.357178 0.113337 0.874318 0.356125 -0.31363  1.07315
 0.35728 0.113338 0.874309  0.356226 -0.313628   1.07316
0.357382 0.113339 0.874299  0.356326 -0.313626   1.07317
0.357483  0.11334  0.87429  0.356427 -0.313624   1.07318
0.357585 0.113342 0.874282  0.356527 -0.313622    1.0732
0.357687 0.113343 0.874273 0.356627 -0.31362  1.07321
0.357788 0.113344 0.874265  0.356728 -0.313619   1.07322
 0.35789 0.113345 0.874257  0.356829 -0.313617   1.07323
0.357992 0.113347 0.874248   0.35693 -0.313616   1.07324
0.358094 0.113348  0.87424  0.357031 -0.313614   1.07325
0.358196 0.113349 0.874232  0.357132 -0.313613   1.07326
0.358297  0.11335 0.874223  0.357232 -0.313611   1.07327
0.358399 0.113351 0.874214  0.357333 -0.313609   1.07328
0.358501 0.113353 0.874206  0.357434 -0.313607   1.07329
0.358603 0.113354 0.874199  0.357534 -0.313605    1.0733
0.358705 0.113355 0.874191  0.357635 -0.313603   1.07331
0.358807 0.113356 0.874184  0.357735 -0.313601   1.07332
0.358908 0.113358 0.874177  0.357835 -0.313599   1.07333
 0.35901 0.113359  0.87417  0.357936 -0.313597   1.07333
0.359112  0.11336 0.874163  0.358037 -0.313596   1.07334
0.359214 0.113361 0.874155  0.358138 -0.313594   1.07335
0.359316 0.113363 0.874148   0.35824 -0.313592   1.07336
0.359418 0.113364 0.874141   0.35834 -0.313591   1.07337
0.359519 0.113365 0.874134  0.358441 -0.313589   1.07338
0.359621 0.113366 0.874127  0.358542 -0.313587   1.07339
0.359723 0.113367  0.87412  0.358642 -0.313585    1.0734
0.359825 0.113369 0.874114  0.358743 -0.313582    1.0734
0.359927  0.11337 0.874107 0.358843 -0.31358  1.07341
0.360029 0.113371 0.874101  0.358944 -0.313578   1.07342
0.360131 0.113372 0.874096  0.359045 -0.313576   1.07343
0.360233 0.113374  0.87409  0.359146 -0.313574   1.07344
0.360335 0.113375 0.874084  0.359247 -0.313572   1.07345
0.360436 0.113376 0.874078  0.359348 -0.313571   1.07345
0.360538 0.113377 0.874072  0.359449 -0.313569   1.07346
 0.36064 0.113378 0.874066   0.35955 -0.313567   1.07347
0.360742  0.11338  0.87406  0.359651 -0.313565   1.07348
0.360844 0.113381 0.874055  0.359752 -0.313562   1.07348
0.360946 0.113382  0.87405 0.359852 -0.31356  1.07349
0.361048 0.113383 0.874045  0.359953 -0.313557    1.0735
 0.36115 0.113385  0.87404  0.360053 -0.313555   1.07351
0.361252 0.113386 0.874035  0.360154 -0.313553   1.07351
0.361354 0.113387 0.874031  0.360255 -0.313551   1.07352
0.361456 0.113388 0.874026  0.360356 -0.313549   1.07353
0.361558 0.113389 0.874021  0.360458 -0.313547   1.07353
 0.36166 0.113391 0.874017  0.360559 -0.313545   1.07354
0.361762 0.113392 0.874012   0.36066 -0.313542   1.07355
0.361864 0.113393 0.874007 0.360761 -0.31354  1.07355
0.361966 0.113394 0.874003  0.360862 -0.313538   1.07356
0.362068 0.113395 0.873999  0.360962 -0.313535   1.07356
 0.36217 0.113397 0.873995  0.361063 -0.313532   1.07357
0.362272 0.113398 0.873991 0.361163 -0.31353  1.07358
0.362374 0.113399 0.873988  0.361264 -0.313527   1.07358
0.362476 0.113401 0.873985  0.361365 -0.313525   1.07359
0.362578 0.113402 0.873981  0.361466 -0.313523   1.07359
 0.36268 0.113403 0.873978  0.361568 -0.313521    1.0736
0.362782 0.113404 0.873974  0.361669 -0.313518   1.07361
0.362884 0.113405 0.873971   0.36177 -0.313516   1.07361
0.362986 0.113406 0.873967  0.361871 -0.313514   1.07362
0.363088 0.113408 0.873964  0.361972 -0.313511   1.07362
 0.36319 0.113409 0.873961  0.362073 -0.313508   1.07363
0.363292  0.11341 0.873959  0.362173 -0.313506   1.07363
0.363394 0.113411 0.873956  0.362274 -0.313503   1.07364
0.363496 0.113413 0.873954 0.362375  -0.3135  1.07364
0.363598 0.113414 0.873952  0.362476 -0.313498   1.07365
0.363701 0.113415  0.87395  0.362577 -0.313496   1.07365
0.363803 0.113416 0.873948  0.362679 -0.313493   1.07365
0.363905 0.113418 0.873945   0.36278 -0.313491   1.07366
0.364007 0.113419 0.873943  0.362881 -0.313488   1.07366
0.364109  0.11342 0.873941  0.362982 -0.313486   1.07367
0.364211 0.113421 0.873939  0.363083 -0.313483   1.07367
0.364313 0.113422 0.873937 0.363184 -0.31348  1.07368
0.364415 0.113424 0.873935  0.363285 -0.313477   1.07368
0.364517 0.113425 0.873934  0.363385 -0.313474   1.07368
0.364619 0.113426 0.873933  0.363486 -0.313472   1.07369
0.364721 0.113428 0.873932  0.363587 -0.313469   1.07369
0.364823 0.113429 0.873931  0.363689 -0.313466   1.07369
0.364926  0.11343  0.87393   0.36379 -0.313464    1.0737
0.365028 0.113431 0.873929  0.363892 -0.313462    1.0737
 0.36513 0.113432 0.873928  0.363993 -0.313459    1.0737
0.365232 0.113433 0.873927  0.364094 -0.313457   1.07371
0.365334 0.113435 0.873926  0.364195 -0.313454   1.07371
0.365436 0.113436 0.873926  0.364296 -0.313451   1.07371
0.365538 0.113437 0.873925  0.364397 -0.313448   1.07371
 0.36564 0.113438 0.873925  0.364497 -0.313445   1.07372
0.365743  0.11344 0.873925  0.364598 -0.313442   1.07372
0.365845 0.113441 0.873926  0.364699 -0.313439   1.07372
0.365947 0.113442 0.873926    0.3648 -0.313436   1.07373
0.366049 0.113444 0.873926  0.364902 -0.313434   1.07373
0.366151 0.113445 0.873926  0.365004 -0.313431   1.07373
0.366253 0.113446 0.873927  0.365105 -0.313429   1.07373
0.366355 0.113447 0.873927  0.365206 -0.313426   1.07373
0.366457 0.113448 0.873927  0.365307 -0.313423   1.07373
 0.36656 0.113449 0.873927 0.365408 -0.31342  1.07374
0.366662 0.113451 0.873928  0.365509 -0.313417   1.07374
0.366764 0.113452 0.873929   0.36561 -0.313414   1.07374
0.366866 0.113453 0.873931   0.36571 -0.313411   1.07374
0.366968 0.113455 0.873932  0.365811 -0.313408   1.07374
 0.36707 0.113456 0.873934  0.365913 -0.313405   1.07374
0.367172 0.113457 0.873935  0.366014 -0.313402   1.07374
0.367275 0.113458 0.873937 0.366116  -0.3134  1.07374
0.367377 0.113459 0.873938  0.366217 -0.313397   1.07374
0.367479 0.113461 0.873939  0.366319 -0.313394   1.07375
0.367581 0.113462 0.873941   0.36642 -0.313391   1.07375
0.367683 0.113463 0.873943  0.366521 -0.313388   1.07375
0.367785 0.113464 0.873945  0.366622 -0.313385   1.07375
0.367888 0.113466 0.873947  0.366722 -0.313382   1.07375
 0.36799 0.113467 0.873949  0.366823 -0.313379   1.07375
0.368092 0.113468 0.873952  0.366924 -0.313376   1.07375
0.368194 0.113469 0.873954  0.367025 -0.313373   1.07375
0.368296 0.113471 0.873957 0.367127 -0.31337  1.07375
0.368398 0.113472  0.87396  0.367229 -0.313367   1.07375
0.368501 0.113473 0.873962   0.36733 -0.313364   1.07375
0.368603 0.113474 0.873965  0.367431 -0.313362   1.07375
0.368705 0.113475 0.873968  0.367533 -0.313359   1.07375
0.368807 0.113477  0.87397  0.367634 -0.313355   1.07374
0.368909 0.113478 0.873974  0.367735 -0.313352   1.07374
0.369011 0.113479 0.873977  0.367835 -0.313349   1.07374
0.369114  0.11348  0.87398  0.367936 -0.313345   1.07374
0.369216 0.113482 0.873984  0.368037 -0.313342   1.07374
0.369318 0.113483 0.873988  0.368138 -0.313339   1.07374
 0.36942 0.113484 0.873992   0.36824 -0.313336   1.07374
0.369522 0.113485 0.873996  0.368342 -0.313334   1.07374
0.369624 0.113487    0.874  0.368443 -0.313331   1.07373
0.369727 0.113488 0.874004  0.368545 -0.313328   1.07373
0.369829 0.113489 0.874008  0.368646 -0.313325   1.07373
0.369931  0.11349 0.874012  0.368747 -0.313322   1.07373
0.370033 0.113491 0.874016  0.368848 -0.313318   1.07373
0.370135 0.113493  0.87402  0.368949 -0.313315   1.07373
0.370237 0.113494 0.874025   0.36905 -0.313312   1.07372
 0.37034 0.113495  0.87403   0.36915 -0.313308   1.07372
0.370442 0.113497 0.874035  0.369252 -0.313305   1.07372
0.370544 0.113498  0.87404  0.369353 -0.313302   1.07372
0.370646 0.113499 0.874045  0.369455 -0.313299   1.07371
0.370748   0.1135  0.87405  0.369556 -0.313296   1.07371
0.370851 0.113501 0.874055  0.369658 -0.313293   1.07371
0.370953 0.113503  0.87406 0.369759 -0.31329   1.0737
0.371055 0.113504 0.874065   0.36986 -0.313287    1.0737
0.371157 0.113505 0.874071  0.369961 -0.313284    1.0737
0.371259 0.113506 0.874077 0.370062 -0.31328   1.0737
0.371361 0.113508 0.874082  0.370163 -0.313277   1.07369
0.371464 0.113509 0.874088  0.370264 -0.313273   1.07369
0.371566  0.11351 0.874095 0.370365 -0.31327  1.07369
0.371668 0.113512 0.874101  0.370466 -0.313267   1.07368
 0.37177 0.113513 0.874108  0.370568 -0.313264   1.07368
0.371872 0.113514 0.874114   0.37067 -0.313261   1.07367
0.371974 0.113515  0.87412  0.370771 -0.313258   1.07367
0.372076 0.113516 0.874126  0.370873 -0.313254   1.07366
0.372179 0.113517 0.874133  0.370974 -0.313251   1.07366
0.372281 0.113519 0.874139  0.371075 -0.313248   1.07366
0.372383  0.11352 0.874146  0.371176 -0.313244   1.07365
0.372485 0.113521 0.874153  0.371277 -0.313241   1.07365
0.372587 0.113523 0.874161  0.371377 -0.313237   1.07364
0.372689 0.113524 0.874168  0.371478 -0.313234   1.07364
0.372792 0.113525 0.874175   0.37158 -0.313231   1.07363
0.372894 0.113526 0.874183  0.371681 -0.313228   1.07363
0.372996 0.113528  0.87419  0.371783 -0.313225   1.07362
0.373098 0.113529 0.874197  0.371885 -0.313222   1.07362
  0.3732  0.11353 0.874205  0.371986 -0.313218   1.07361
0.373302 0.113531 0.874212  0.372087 -0.313215   1.07361
0.373404 0.113532  0.87422  0.372188 -0.313212    1.0736
0.373507 0.113534 0.874228  0.372289 -0.313208   1.07359
0.373609 0.113535 0.874236   0.37239 -0.313204   1.07359
0.373711 0.113536 0.874245  0.372491 -0.313201   1.07358
0.373813 0.113538 0.874253  0.372592 -0.313197   1.07358
0.373915 0.113539 0.874262  0.372693 -0.313194   1.07357
0.374017  0.11354 0.874271  0.372795 -0.313191   1.07356
0.374119 0.113541 0.874279  0.372896 -0.313188   1.07356
0.374221 0.113542 0.874288  0.372998 -0.313185   1.07355
0.374323 0.113544 0.874297  0.373099 -0.313182   1.07354
0.374426 0.113545 0.874305  0.373201 -0.313178   1.07354
0.374528 0.113546 0.874314  0.373302 -0.313175   1.07353
 0.37463 0.113547 0.874323  0.373403 -0.313171   1.07352
0.374732 0.113549 0.874333  0.373504 -0.313168   1.07352
0.374834  0.11355 0.874342  0.373604 -0.313164   1.07351
0.374936 0.113551 0.874352  0.373705 -0.313161    1.0735
0.375038 0.113553 0.874362  0.373806 -0.313157    1.0735
 0.37514 0.113554 0.874372  0.373908 -0.313154   1.07349
0.375243 0.113555 0.874382   0.37401 -0.313151   1.07348
0.375345 0.113556 0.874391  0.374111 -0.313148   1.07347
0.375447 0.113557 0.874401  0.374213 -0.313145   1.07346
0.375549 0.113559 0.874411  0.374314 -0.313141   1.07346
0.375651  0.11356 0.874421  0.374415 -0.313138   1.07345
0.375753 0.113561 0.874431  0.374516 -0.313134   1.07344
0.375855 0.113562 0.874441  0.374617 -0.313131   1.07343
0.375957 0.113564 0.874452  0.374718 -0.313127   1.07342
0.376059 0.113565 0.874463  0.374819 -0.313123   1.07342
0.376161 0.113566 0.874474  0.37492 -0.31312  1.07341
0.376263 0.113567 0.874485  0.375021 -0.313116    1.0734
0.376365 0.113569 0.874496  0.375122 -0.313113   1.07339
0.376467  0.11357 0.874507 0.375224 -0.31311  1.07338
0.376569 0.113571 0.874518  0.375326 -0.313107   1.07337
0.376671 0.113572 0.874529  0.375427 -0.313103   1.07336
0.376773 0.113573  0.87454 0.375528  -0.3131  1.07335
0.376875 0.113575 0.874552  0.375629 -0.313096   1.07334
0.376977 0.113576 0.874564   0.37573 -0.313093   1.07333
0.377079 0.113577 0.874575  0.375831 -0.313089   1.07332
0.377181 0.113579 0.874587  0.375932 -0.313086   1.07331
0.377283  0.11358   0.8746  0.376033 -0.313082   1.07331
0.377385 0.113581 0.874612  0.376134 -0.313078    1.0733
0.377487 0.113582 0.874624  0.376235 -0.313075   1.07328
0.377589 0.113584 0.874636  0.376337 -0.313072   1.07327
0.377691 0.113585 0.874648  0.376438 -0.313068   1.07326
0.377793 0.113586  0.87466   0.37654 -0.313065   1.07325
0.377895 0.113587 0.874673  0.376641 -0.313061   1.07324
0.377997 0.113588 0.874685  0.376742 -0.313058   1.07323
0.378099  0.11359 0.874698  0.376843 -0.313054   1.07322
0.378201 0.113591 0.874711 0.376944 -0.31305  1.07321
0.378303 0.113592 0.874724  0.377044 -0.313047    1.0732
0.378405 0.113594 0.874738  0.377145 -0.313043   1.07319
0.378507 0.113595 0.874751 0.377246 -0.31304  1.07318
0.378609 0.113596 0.874764  0.377348 -0.313036   1.07317
0.378711 0.113597 0.874778  0.377449 -0.313033   1.07315
0.378813 0.113598 0.874791 0.377551 -0.31303  1.07314
0.378915   0.1136 0.874804  0.377652 -0.313026   1.07313
0.379017 0.113601 0.874818  0.377753 -0.313023   1.07312
0.379119 0.113602 0.874832  0.377854 -0.313019   1.07311
0.379221 0.113603 0.874846  0.377955 -0.313016    1.0731
0.379323 0.113605  0.87486  0.378056 -0.313012   1.07308
0.379424 0.113606 0.874874  0.378157 -0.313008   1.07307
0.379526 0.113607 0.874889  0.378257 -0.313005   1.07306
0.379628 0.113608 0.874903  0.378358 -0.313001   1.07305
 0.37973  0.11361 0.874918  0.378459 -0.312998   1.07304
0.379832 0.113611 0.874932  0.378561 -0.312995   1.07302
0.379934 0.113612 0.874946  0.378663 -0.312991   1.07301
0.380036 0.113613 0.874961  0.378764 -0.312988     1.073
0.380138 0.113614 0.874975  0.378865 -0.312985   1.07298
0.380239 0.113615  0.87499  0.378966 -0.312981   1.07297
0.380341 0.113617 0.875005  0.379067 -0.312978   1.07296
0.380443 0.113618 0.875021  0.379168 -0.312974   1.07294
0.380545 0.113619 0.875036 0.379268 -0.31297  1.07293
0.380647 0.113621 0.875052  0.379369 -0.312966   1.07292
0.380749 0.113622 0.875067   0.37947 -0.312963    1.0729
 0.38085 0.113623 0.875083  0.379571 -0.312959   1.07289
0.380952 0.113624 0.875099  0.379672 -0.312956   1.07288
0.381054 0.113626 0.875114  0.379774 -0.312952   1.07286
0.381156 0.113627  0.87513  0.379875 -0.312949   1.07285
0.381257 0.113628 0.875146  0.379976 -0.312946   1.07283
0.381359 0.113629 0.875162  0.380077 -0.312942   1.07282
0.381461  0.11363 0.875178  0.380178 -0.312939    1.0728
0.381563 0.113632 0.875194  0.380279 -0.312935   1.07279
0.381665 0.113633 0.875211   0.38038 -0.312931   1.07278
0.381766 0.113634 0.875227   0.38048 -0.312928   1.07276
0.381868 0.113636 0.875244  0.380581 -0.312924   1.07275
 0.38197 0.113637 0.875261 0.380682 -0.31292  1.07273
0.382071 0.113638 0.875278  0.380783 -0.312917   1.07272
0.382173 0.113639 0.875295  0.380885 -0.312913    1.0727
0.382275  0.11364 0.875311 0.380986 -0.31291  1.07268
0.382376 0.113641 0.875328  0.381087 -0.312906   1.07267
0.382478 0.113643 0.875345  0.381188 -0.312903   1.07265
 0.38258 0.113644 0.875363  0.381289 -0.312899   1.07264
0.382681 0.113645  0.87538   0.38139 -0.312896   1.07262
0.382783 0.113646 0.875398   0.38149 -0.312892   1.07261
0.382885 0.113648 0.875416  0.381591 -0.312889   1.07259
0.382986 0.113649 0.875434  0.381691 -0.312885   1.07258
0.383088  0.11365 0.875452  0.381792 -0.312881   1.07256
 0.38319 0.113651  0.87547  0.381893 -0.312878   1.07254
0.383291 0.113653 0.875487  0.381995 -0.312874   1.07253
0.383393 0.113654 0.875505  0.382096 -0.312871   1.07251
0.383494 0.113655 0.875523  0.382197 -0.312867   1.07249
0.383596 0.113656 0.875542  0.382298 -0.312864   1.07247
0.383698 0.113657  0.87556 0.382399 -0.31286  1.07246
0.383799 0.113659 0.875579  0.382499 -0.312856   1.07244
0.383901  0.11366 0.875598    0.3826 -0.312853   1.07242
0.384002 0.113661 0.875617    0.3827 -0.312849   1.07241
0.384104 0.113662 0.875636  0.382801 -0.312845   1.07239
0.384205 0.113664 0.875655  0.382901 -0.312842   1.07237
0.384307 0.113665 0.875674  0.383002 -0.312839   1.07236
0.384408 0.113666 0.875693  0.383104 -0.312835   1.07234
 0.38451 0.113667 0.875712  0.383205 -0.312832   1.07232
0.384611 0.113668 0.875731  0.383306 -0.312828    1.0723
0.384713 0.113669  0.87575  0.383407 -0.312825   1.07228
0.384814  0.11367  0.87577  0.383508 -0.312821   1.07226
0.384916 0.113672  0.87579  0.383608 -0.312818   1.07225
0.385017 0.113673  0.87581  0.383709 -0.312814   1.07223
0.385118 0.113674  0.87583 0.383809 -0.31281  1.07221
 0.38522 0.113676  0.87585   0.38391 -0.312806   1.07219
0.385321 0.113677  0.87587   0.38401 -0.312803   1.07217
0.385423 0.113678  0.87589  0.384111 -0.312799   1.07215
0.385524 0.113679 0.875911  0.384212 -0.312796   1.07213
0.385625  0.11368 0.875931  0.384313 -0.312793   1.07212
0.385727 0.113681 0.875951  0.384414 -0.312789    1.0721
0.385828 0.113682 0.875971  0.384515 -0.312786   1.07208
0.385929 0.113684 0.875992  0.384616 -0.312783   1.07206
0.386031 0.113685 0.876013  0.384716 -0.312779   1.07204
0.386132 0.113686 0.876034  0.384817 -0.312775   1.07202
0.386233 0.113687 0.876055  0.384917 -0.312772     1.072
0.386335 0.113688 0.876077  0.385017 -0.312768   1.07198
0.386436  0.11369 0.876098  0.385118 -0.312764   1.07196
0.386537 0.113691 0.876119  0.385218 -0.312761   1.07194
0.386638 0.113692 0.876141  0.385319 -0.312757   1.07192
 0.38674 0.113693 0.876162   0.38542 -0.312754    1.0719
0.386841 0.113694 0.876183 0.385521 -0.31275  1.07188
0.386942 0.113695 0.876205  0.385622 -0.312747   1.07186
0.387043 0.113696 0.876227  0.385723 -0.312744   1.07184
0.387144 0.113698 0.876249 0.385823 -0.31274  1.07181
0.387246 0.113699 0.876271  0.385924 -0.312737   1.07179
0.387347   0.1137 0.876293  0.386024 -0.312733   1.07177
0.387448 0.113701 0.876316  0.386124 -0.312729   1.07175
0.387549 0.113703 0.876338  0.386224 -0.312726   1.07173
 0.38765 0.113704 0.876361  0.386325 -0.312722   1.07171
0.387751 0.113705 0.876383  0.386425 -0.312718   1.07169
0.387852 0.113706 0.876406  0.386526 -0.312715   1.07167
0.387953 0.113707 0.876428  0.386627 -0.312712   1.07165
0.388054 0.113708 0.876451  0.386728 -0.312708   1.07162
0.388156 0.113709 0.876474  0.386829 -0.312705    1.0716
0.388257  0.11371 0.876497  0.386929 -0.312701   1.07158
0.388358 0.113712  0.87652   0.38703 -0.312698   1.07156
0.388459 0.113713 0.876544   0.38713 -0.312694   1.07154
 0.38856 0.113714 0.876567   0.38723 -0.312691   1.07151
0.388661 0.113715 0.876591   0.38733 -0.312687   1.07149
0.388762 0.113717 0.876614   0.38743 -0.312684   1.07147
0.388863 0.113718 0.876638  0.38753 -0.31268  1.07145
0.388963 0.113719 0.876662  0.387631 -0.312676   1.07142
0.389064  0.11372 0.876685  0.387732 -0.312673    1.0714
0.389165 0.113721 0.876709 0.387833 -0.31267  1.07138
0.389266 0.113722 0.876733  0.387933 -0.312666   1.07135
0.389367 0.113723 0.876757  0.388034 -0.312663   1.07133
0.389468 0.113724 0.876782  0.388134 -0.312659   1.07131
0.389569 0.113726 0.876806  0.388234 -0.312655   1.07128
 0.38967 0.113727 0.876831  0.388334 -0.312652   1.07126
0.389771 0.113728 0.876856  0.388434 -0.312648   1.07124
0.389871 0.113729  0.87688  0.388534 -0.312645   1.07121
0.389972  0.11373 0.876905  0.388634 -0.312641   1.07119
0.390073 0.113731  0.87693  0.388735 -0.312638   1.07116
0.390174 0.113732 0.876955  0.388835 -0.312635   1.07114
0.390274 0.113733 0.876979  0.388936 -0.312631   1.07112
0.390375 0.113735 0.877005  0.389037 -0.312628   1.07109
0.390476 0.113736  0.87703  0.389137 -0.312624   1.07107
0.390577 0.113737 0.877055  0.389237 -0.312621   1.07104
0.390677 0.113738 0.877081  0.389337 -0.312617   1.07102
0.390778 0.113739 0.877107  0.389437 -0.312613   1.07099
0.390879  0.11374 0.877133 0.389536 -0.31261  1.07097
0.390979 0.113742 0.877159  0.389636 -0.312606   1.07094
 0.39108 0.113743 0.877184  0.389736 -0.312602   1.07092
0.391181 0.113744  0.87721  0.389837 -0.312599   1.07089
0.391281 0.113745 0.877236  0.389937 -0.312596   1.07087
0.391382 0.113746 0.877262  0.390038 -0.312593   1.07084
0.391482 0.113747 0.877288 0.390138 -0.31259  1.07082
0.391583 0.113748 0.877315  0.390238 -0.312586   1.07079
0.391683 0.113749 0.877341  0.390338 -0.312583   1.07076
0.391784  0.11375 0.877368  0.390438 -0.312579   1.07074
0.391884 0.113752 0.877395  0.390538 -0.312576   1.07071
0.391985 0.113753 0.877422  0.390637 -0.312572   1.07069
0.392085 0.113754 0.877449  0.390737 -0.312568   1.07066
0.392186 0.113755 0.877476  0.390837 -0.312565   1.07063
0.392286 0.113756 0.877503  0.390937 -0.312561   1.07061
0.392386 0.113757  0.87753  0.391037 -0.312558   1.07058
0.392487 0.113758 0.877557  0.391138 -0.312554   1.07055
0.392587 0.113759 0.877584  0.391238 -0.312551   1.07053
0.392688  0.11376 0.877612  0.391338 -0.312548    1.0705
0.392788 0.113761  0.87764  0.391438 -0.312544   1.07047
0.392888 0.113763 0.877667  0.391538 -0.312541   1.07044
0.392989 0.113764 0.877695  0.391637 -0.312538   1.07042
0.393089 0.113765 0.877724  0.391737 -0.312534   1.07039
0.393189 0.113766 0.877752  0.391836 -0.312531   1.07036
0.393289 0.113767  0.87778  0.391936 -0.312527   1.07034
 0.39339 0.113768 0.877808  0.392036 -0.312523   1.07031
 0.39349 0.113769 0.877836 0.392136 -0.31252  1.07028
 0.39359  0.11377 0.877864  0.392236 -0.312517   1.07025
 0.39369 0.113771 0.877892  0.392336 -0.312513   1.07022
 0.39379 0.113772 0.877921 0.392437 -0.31251   1.0702
 0.39389 0.113773  0.87795  0.392536 -0.312507   1.07017
 0.39399 0.113775 0.877979  0.392636 -0.312503   1.07014
0.394091 0.113776 0.878008 0.392735  -0.3125  1.07011
0.394191 0.113777 0.878037  0.392834 -0.312496   1.07008
0.394291 0.113778 0.878066  0.392934 -0.312493   1.07005
0.394391 0.113779 0.878095 0.393033 -0.31249  1.07003
0.394491  0.11378 0.878125  0.393133 -0.312486      1.07
0.394591 0.113781 0.878154  0.393232 -0.312483   1.06997
0.394691 0.113782 0.878183 0.393333 -0.31248  1.06994
0.394791 0.113783 0.878213  0.393433 -0.312476   1.06991
0.394891 0.113784 0.878242  0.393533 -0.312473   1.06988
0.394991 0.113785 0.878272 0.393632 -0.31247  1.06985
 0.39509 0.113786 0.878302  0.393732 -0.312466   1.06982
 0.39519 0.113787 0.878333  0.393831 -0.312463   1.06979
 0.39529 0.113789 0.878363   0.39393 -0.312459   1.06976
 0.39539  0.11379 0.878393  0.394029 -0.312456   1.06973
 0.39549 0.113791 0.878423  0.394128 -0.312452    1.0697
 0.39559 0.113792 0.878454  0.394227 -0.312449   1.06967
0.395689 0.113793 0.878484  0.394327 -0.312446   1.06964
0.395789 0.113794 0.878514  0.394427 -0.312443   1.06961
0.395889 0.113795 0.878545 0.394527 -0.31244  1.06958
0.395988 0.113796 0.878576  0.394626 -0.312437   1.06955
0.396088 0.113797 0.878607  0.394726 -0.312433   1.06952
0.396188 0.113798 0.878638 0.394825 -0.31243  1.06948
0.396287 0.113799 0.878669  0.394924 -0.312427   1.06945
0.396387   0.1138   0.8787  0.395023 -0.312423   1.06942
0.396487 0.113801 0.878732 0.395122 -0.31242  1.06939
0.396586 0.113802 0.878763  0.395221 -0.312416   1.06936
0.396686 0.113803 0.878795   0.39532 -0.312413   1.06933
0.396785 0.113804 0.878826 0.395419 -0.31241   1.0693
0.396885 0.113805 0.878857  0.395519 -0.312407   1.06927
0.396984 0.113806 0.878889  0.395619 -0.312404   1.06923
0.397084 0.113807 0.878921  0.395718 -0.312401    1.0692
0.397183 0.113808 0.878953  0.395818 -0.312398   1.06917
0.397282 0.113809 0.878985  0.395917 -0.312396   1.06914
0.397382  0.11381 0.879018  0.396016 -0.312393    1.0691
0.397481 0.113811  0.87905 0.396114 -0.31239  1.06907
0.397581 0.113812 0.879083  0.396213 -0.312387   1.06904
 0.39768 0.113813 0.879115  0.396312 -0.312384   1.06901
0.397779 0.113814 0.879148  0.396411 -0.312381   1.06897
0.397878 0.113815  0.87918   0.39651 -0.312378   1.06894
0.397978 0.113816 0.879213  0.396609 -0.312375   1.06891
0.398077 0.113817 0.879245  0.396709 -0.312372   1.06887
0.398176 0.113818 0.879278 0.396808 -0.31237  1.06884
0.398275 0.113819 0.879312  0.396907 -0.312367   1.06881
0.398374  0.11382 0.879345  0.397006 -0.312364   1.06877
0.398473 0.113821 0.879378  0.397105 -0.312362   1.06874
0.398572 0.113822 0.879412  0.397204 -0.312359   1.06871
0.398672 0.113823 0.879446  0.397302 -0.312357   1.06867
0.398771 0.113824 0.879479    0.3974 -0.312354   1.06864
 0.39887 0.113825 0.879513  0.397499 -0.312352    1.0686
0.398969 0.113826 0.879546  0.397598 -0.312349   1.06857
0.399067 0.113827  0.87958  0.397697 -0.312347   1.06854
0.399166 0.113828 0.879614  0.397796 -0.312344    1.0685
0.399265 0.113828 0.879648  0.397895 -0.312342   1.06847
0.399364 0.113829 0.879682 0.397994 -0.31234  1.06843
0.399463  0.11383 0.879716  0.398093 -0.312337    1.0684
0.399562 0.113831 0.879751  0.398192 -0.312335   1.06836
0.399661 0.113832 0.879786   0.39829 -0.312333   1.06833
0.399759 0.113833  0.87982 0.398389 -0.31233  1.06829
0.399858 0.113834 0.879855  0.398487 -0.312328   1.06826
0.399957 0.113835  0.87989  0.398585 -0.312326   1.06822
0.400056 0.113836 0.879924  0.398683 -0.312324   1.06819
0.400154 0.113837 0.879959  0.398782 -0.312322   1.06815
0.400253 0.113838 0.879994 0.398881 -0.31232  1.06811
0.400351 0.113838 0.880029   0.39898 -0.312318   1.06808
 0.40045 0.113839 0.880065  0.399079 -0.312317   1.06804
0.400549  0.11384   0.8801  0.399177 -0.312315     1.068
0.400647 0.113841 0.880136  0.399276 -0.312313   1.06797
0.400746 0.113842 0.880172  0.399374 -0.312311   1.06793
0.400844 0.113843 0.880208  0.399473 -0.312309   1.06789
0.400943 0.113844 0.880244  0.399571 -0.312307   1.06786
0.401041 0.113845 0.880279  0.399668 -0.312305   1.06782
0.401139 0.113846 0.880315  0.399767 -0.312303   1.06779
0.401238 0.113846 0.880351  0.399865 -0.312301   1.06775
0.401336 0.113847 0.880387  0.399963 -0.312299   1.06771
0.401434 0.113848 0.880423  0.400062 -0.312297   1.06767
0.401533 0.113849  0.88046  0.400161 -0.312296   1.06764
0.401631  0.11385 0.880496  0.400259 -0.312295    1.0676
0.401729 0.113851 0.880533  0.400357 -0.312293   1.06756
0.401827 0.113852  0.88057  0.400455 -0.312292   1.06752
0.401926 0.113853 0.880607 0.400553 -0.31229  1.06748
0.402024 0.113854 0.880644  0.400651 -0.312289   1.06745
0.402122 0.113854 0.880681  0.400749 -0.312287   1.06741
 0.40222 0.113855 0.880718  0.400847 -0.312285   1.06737
0.402318 0.113856 0.880755  0.400945 -0.312283   1.06733
0.402416 0.113857 0.880792  0.401043 -0.312282    1.0673
0.402514 0.113858 0.880829 0.401141 -0.31228  1.06726
0.402612 0.113858 0.880866   0.40124 -0.312279   1.06722
 0.40271 0.113859 0.880904  0.401338 -0.312278   1.06718
0.402808  0.11386 0.880942  0.401436 -0.312276   1.06714
0.402906 0.113861  0.88098  0.401534 -0.312275    1.0671
0.403004 0.113862 0.881018  0.401631 -0.312274   1.06706
0.403102 0.113863 0.881056  0.401729 -0.312273   1.06702
0.403199 0.113864 0.881094  0.401826 -0.312272   1.06698
0.403297 0.113864 0.881132 0.401924 -0.31227  1.06695
0.403395 0.113865  0.88117  0.402021 -0.312269   1.06691
0.403493 0.113866 0.881208  0.402119 -0.312268   1.06687
 0.40359 0.113867 0.881246  0.402217 -0.312267   1.06683
0.403688 0.113867 0.881285  0.402316 -0.312265   1.06679
0.403785 0.113868 0.881324  0.402414 -0.312264   1.06675
0.403883 0.113869 0.881363  0.402512 -0.312263    1.0667
0.403981  0.11387 0.881402  0.402609 -0.312262   1.06666
0.404078 0.113871 0.881441  0.402707 -0.312261   1.06662
0.404176 0.113872  0.88148  0.402804 -0.312259   1.06658
0.404273 0.113872 0.881519  0.402901 -0.312258   1.06654
 0.40437 0.113873 0.881558  0.402998 -0.312257    1.0665
0.404468 0.113874 0.881597  0.403095 -0.312256   1.06646
0.404565 0.113874 0.881636  0.403192 -0.312255   1.06642
0.404663 0.113875 0.881676   0.40329 -0.312254   1.06638
 0.40476 0.113876 0.881715  0.403388 -0.312254   1.06634
0.404857 0.113877 0.881755  0.403486 -0.312253    1.0663
0.404954 0.113877 0.881795  0.403583 -0.312252   1.06626
0.405051 0.113878 0.881836  0.403681 -0.312251   1.06622
0.405149 0.113879 0.881876 0.403778 -0.31225  1.06617
0.405246  0.11388 0.881916  0.403875 -0.312249   1.06613
0.405343 0.113881 0.881956  0.403972 -0.312248   1.06609
 0.40544 0.113881 0.881996  0.404068 -0.312247   1.06605
0.405537 0.113882 0.882036  0.404165 -0.312246   1.06601
0.405634 0.113882 0.882076  0.404262 -0.312245   1.06597
0.405731 0.113883 0.882116  0.404359 -0.312244   1.06592
0.405828 0.113884 0.882157  0.404457 -0.312244   1.06588
0.405925 0.113885 0.882198  0.404554 -0.312243   1.06584
0.406021 0.113885 0.882239  0.404652 -0.312243    1.0658
0.406118 0.113886 0.882281  0.404749 -0.312243   1.06575
0.406215 0.113887 0.882322  0.404846 -0.312242   1.06571
0.406312 0.113887 0.882363  0.404942 -0.312242   1.06567
0.406408 0.113888 0.882404  0.405039 -0.312241   1.06563
0.406505 0.113889 0.882445 0.405135 -0.31224  1.06558
0.406602 0.113889 0.882486  0.405232 -0.312239   1.06554
0.406698  0.11389 0.882527  0.405328 -0.312238    1.0655
0.406795  0.11389 0.882569  0.405425 -0.312237   1.06545
0.406891 0.113891  0.88261  0.405522 -0.312236   1.06541
0.406988 0.113892 0.882652  0.405619 -0.312236   1.06537
0.407084 0.113893 0.882695  0.405716 -0.312235   1.06532
0.407181 0.113893 0.882737  0.405813 -0.312235   1.06528
0.407277 0.113894 0.882779   0.40591 -0.312234   1.06523
0.407373 0.113895 0.882821  0.406006 -0.312234   1.06519
 0.40747 0.113895 0.882863  0.406102 -0.312233   1.06515
0.407566 0.113896 0.882905  0.406198 -0.312233    1.0651
0.407662 0.113896 0.882947  0.406294 -0.312232   1.06506
0.407758 0.113897  0.88299   0.40639 -0.312232   1.06502
0.407855 0.113898 0.883032  0.406487 -0.312231   1.06497
0.407951 0.113898 0.883075 0.406584 -0.31223  1.06493
0.408047 0.113899 0.883118  0.40668 -0.31223  1.06488
0.408143   0.1139 0.883162  0.406777 -0.312229   1.06483
0.408239   0.1139 0.883205  0.406874 -0.312229   1.06479
0.408335 0.113901 0.883248   0.40697 -0.312228   1.06474
0.408431 0.113901 0.883292  0.407066 -0.312228    1.0647
0.408526 0.113902 0.883335  0.407162 -0.312227   1.06465
0.408622 0.113902 0.883378  0.407257 -0.312227   1.06461
0.408718 0.113903 0.883421  0.407353 -0.312226   1.06456
0.408814 0.113903 0.883464  0.407449 -0.312226   1.06452
 0.40891 0.113904 0.883508  0.407545 -0.312225   1.06447
0.409005 0.113904 0.883552  0.407641 -0.312225   1.06443
0.409101 0.113905 0.883596  0.407737 -0.312225   1.06438
0.409197 0.113906  0.88364  0.407834 -0.312225   1.06433
0.409292 0.113906 0.883685   0.40793 -0.312224   1.06429
0.409388 0.113907 0.883729  0.408026 -0.312224   1.06424
0.409483 0.113908 0.883773  0.408122 -0.312223    1.0642
0.409579 0.113908 0.883817  0.408217 -0.312223   1.06415
0.409674 0.113908 0.883861  0.408312 -0.312223    1.0641
0.409769 0.113909 0.883906  0.408408 -0.312222   1.06406
0.409865 0.113909  0.88395  0.408503 -0.312222   1.06401
 0.40996 0.113909 0.883995  0.408598 -0.312221   1.06396
0.410055  0.11391  0.88404  0.408694 -0.312221   1.06392
0.410151 0.113911 0.884085   0.40879 -0.312221   1.06387
0.410246 0.113911  0.88413 0.408886 -0.31222  1.06382
0.410341 0.113912 0.884176 0.408982 -0.31222  1.06377
0.410436 0.113912 0.884221 0.409077 -0.31222  1.06373
0.410531 0.113913 0.884266 0.409172 -0.31222  1.06368
0.410626 0.113913 0.884312 0.409268 -0.31222  1.06363
0.410721 0.113913 0.884357 0.409363 -0.31222  1.06359
0.410816 0.113914 0.884402  0.409457 -0.312219   1.06354
0.410911 0.113914 0.884447  0.409552 -0.312219   1.06349
0.411006 0.113914 0.884493  0.409647 -0.312218   1.06344
  0.4111 0.113915 0.884539  0.409743 -0.312218   1.06339
0.411195 0.113915 0.884585  0.409838 -0.312217   1.06335
 0.41129 0.113916 0.884632  0.409934 -0.312217    1.0633
0.411384 0.113916 0.884678  0.410029 -0.312217   1.06325
0.411479 0.113917 0.884725  0.410124 -0.312216    1.0632
0.411574 0.113917 0.884771  0.410219 -0.312216   1.06315
0.411668 0.113918 0.884817  0.410314 -0.312216    1.0631
0.411763 0.113918 0.884863  0.410408 -0.312216   1.06305
0.411857 0.113918 0.884909  0.410503 -0.312216   1.06301
0.411952 0.113918 0.884956  0.410597 -0.312216   1.06296
0.412046 0.113919 0.885003  0.410691 -0.312216   1.06291
 0.41214 0.113919  0.88505  0.410786 -0.312215   1.06286
0.412235 0.113919 0.885097  0.410881 -0.312215   1.06281
0.412329  0.11392 0.885145  0.410976 -0.312215   1.06276
0.412423  0.11392 0.885192  0.411072 -0.312215   1.06271
0.412517  0.11392  0.88524  0.411166 -0.312214   1.06266
0.412611 0.113921 0.885287  0.411261 -0.312214   1.06261
0.412705 0.113921 0.885334  0.411355 -0.312214   1.06256
0.412799 0.113921 0.885382  0.411449 -0.312214   1.06251
0.412893 0.113921 0.885429  0.411543 -0.312213   1.06246
0.412987 0.113921 0.885476  0.411637 -0.312213   1.06241
0.413081 0.113921 0.885524  0.411731 -0.312213   1.06236
0.413175 0.113922 0.885572  0.411825 -0.312213   1.06231
0.413269 0.113922 0.885621   0.41192 -0.312213   1.06226
0.413362 0.113922 0.885669  0.412014 -0.312213   1.06221
0.413456 0.113923 0.885718  0.412109 -0.312213   1.06216
 0.41355 0.113923 0.885767  0.412204 -0.312213   1.06211
0.413643 0.113923 0.885815  0.412298 -0.312212   1.06206
0.413737 0.113923 0.885863  0.412392 -0.312212   1.06201
 0.41383 0.113923 0.885912  0.412485 -0.312212   1.06195
0.413924 0.113923  0.88596  0.412579 -0.312212    1.0619
0.414017 0.113923 0.886008  0.412672 -0.312211   1.06185
0.414111 0.113923 0.886057  0.412766 -0.312211    1.0618
0.414204 0.113923 0.886107  0.412859 -0.312211   1.06175
0.414297 0.113923 0.886156 0.412953 -0.31221   1.0617
 0.41439 0.113923 0.886206 0.413047 -0.31221  1.06165
0.414483 0.113923 0.886256 0.413141 -0.31221   1.0616
0.414577 0.113923 0.886305 0.413235 -0.31221  1.06154
 0.41467 0.113923 0.886355  0.413329 -0.312211   1.06149
0.414763 0.113922 0.886404  0.413423 -0.312211   1.06144
0.414856 0.113922 0.886453  0.413516 -0.312211   1.06139
0.414949 0.113922 0.886503  0.413609 -0.312211   1.06134
0.415042 0.113922 0.886552 0.413702 -0.31221  1.06128
0.415134 0.113922 0.886602 0.413795 -0.31221  1.06123
0.415227 0.113922 0.886653 0.413888 -0.31221  1.06118
 0.41532 0.113922 0.886703  0.413981 -0.312209   1.06113
0.415413 0.113922 0.886754  0.414075 -0.312209   1.06107
0.415505 0.113921 0.886805  0.414169 -0.312209   1.06102
0.415598 0.113921 0.886855  0.414262 -0.312209   1.06097
 0.41569 0.113921 0.886906  0.414355 -0.312209   1.06091
0.415783 0.113921 0.886956  0.414448 -0.312209   1.06086
0.415875  0.11392 0.887007  0.414541 -0.312209   1.06081
0.415968  0.11392 0.887057  0.414634 -0.312209   1.06075
 0.41606 0.113919 0.887108  0.414726 -0.312209    1.0607
0.416152 0.113919 0.887159  0.414818 -0.312209   1.06065
0.416244 0.113919  0.88721  0.414911 -0.312209    1.0606
0.416337 0.113918 0.887262  0.415004 -0.312209   1.06054
0.416429 0.113918 0.887314  0.415097 -0.312209   1.06049
0.416521 0.113918 0.887366   0.41519 -0.312209   1.06043
0.416613 0.113917 0.887417  0.415283 -0.312209   1.06038
0.416705 0.113917 0.887469  0.415376 -0.312209   1.06032
0.416796 0.113916 0.887521  0.415469 -0.312208   1.06027
0.416888 0.113916 0.887572  0.415561 -0.312208   1.06022
 0.41698 0.113915 0.887624  0.415653 -0.312208   1.06016
0.417072 0.113915 0.887675  0.415745 -0.312208   1.06011
0.417164 0.113914 0.887727  0.415837 -0.312208   1.06005
0.417255 0.113914  0.88778  0.415928 -0.312208      1.06
0.417347 0.113914 0.887832  0.416021 -0.312208   1.05995
0.417438 0.113913 0.887885  0.416113 -0.312208   1.05989
 0.41753 0.113913 0.887938  0.416206 -0.312208   1.05983
0.417621 0.113912 0.887991  0.416298 -0.312208   1.05978
0.417713 0.113912 0.888044  0.416391 -0.312208   1.05972
0.417804 0.113911 0.888096  0.416483 -0.312208   1.05967
0.417895  0.11391 0.888149  0.416575 -0.312208   1.05961
0.417987 0.113909 0.888201  0.416666 -0.312207   1.05956
0.418078 0.113909 0.888254  0.416758 -0.312207    1.0595
0.418169 0.113908 0.888307  0.416849 -0.312207   1.05945
 0.41826 0.113907  0.88836   0.41694 -0.312207   1.05939
0.418351 0.113907 0.888414  0.417032 -0.312207   1.05934
0.418442 0.113906 0.888468  0.417123 -0.312206   1.05928
0.418533 0.113906 0.888522  0.417215 -0.312207   1.05922
0.418624 0.113905 0.888576  0.417307 -0.312207   1.05917
0.418714 0.113904  0.88863  0.417399 -0.312207   1.05911
0.418805 0.113903 0.888683   0.41749 -0.312207   1.05905
0.418896 0.113902 0.888737  0.417582 -0.312207     1.059
0.418986 0.113901  0.88879  0.417673 -0.312207   1.05894
0.419077 0.113901 0.888844  0.417764 -0.312207   1.05889
0.419168   0.1139 0.888898  0.417854 -0.312207   1.05883
0.419258 0.113899 0.888953  0.417945 -0.312207   1.05877
0.419348 0.113898 0.889007  0.418036 -0.312207   1.05872
0.419439 0.113898 0.889062  0.418127 -0.312206   1.05866
0.419529 0.113897 0.889117  0.418219 -0.312206    1.0586
0.419619 0.113896 0.889172   0.41831 -0.312206   1.05854
0.419709 0.113895 0.889227  0.418402 -0.312206   1.05849
0.419799 0.113894 0.889282  0.418493 -0.312206   1.05843
 0.41989 0.113893 0.889336  0.418583 -0.312206   1.05837
 0.41998 0.113892 0.889391  0.418674 -0.312206   1.05831
 0.42007 0.113891 0.889445  0.418764 -0.312207   1.05826
 0.42016  0.11389 0.889501  0.418854 -0.312207    1.0582
0.420249  0.11389 0.889556  0.418944 -0.312207   1.05814
0.420339 0.113889 0.889612  0.419034 -0.312207   1.05809
0.420429 0.113888 0.889668  0.419125 -0.312207   1.05803
0.420518 0.113887 0.889724  0.419216 -0.312207   1.05797
0.420608 0.113886  0.88978  0.419307 -0.312207   1.05791
0.420697 0.113885 0.889836  0.419397 -0.312207   1.05785
0.420787 0.113884 0.889891  0.419488 -0.312207   1.05779
0.420876 0.113883 0.889947  0.419578 -0.312207   1.05773
0.420966 0.113882 0.890002  0.419668 -0.312206   1.05768
0.421055  0.11388 0.890058  0.419758 -0.312206   1.05762
0.421145 0.113879 0.890114  0.419847 -0.312206   1.05756
0.421234 0.113878 0.890171  0.419937 -0.312206    1.0575
0.421323 0.113878 0.890228  0.420026 -0.312206   1.05744
0.421412 0.113877 0.890285  0.420116 -0.312206   1.05738
0.421501 0.113876 0.890342  0.420206 -0.312206   1.05732
 0.42159 0.113875 0.890399  0.420296 -0.312207   1.05726
0.421679 0.113874 0.890455  0.420386 -0.312207    1.0572
0.421768 0.113872 0.890512  0.420476 -0.312207   1.05714
0.421856 0.113871 0.890568  0.420566 -0.312207   1.05708
0.421945  0.11387 0.890625  0.420656 -0.312207   1.05703
0.422034 0.113869 0.890682  0.420745 -0.312206   1.05697
0.422122 0.113868 0.890739  0.420834 -0.312206   1.05691
0.422211 0.113867 0.890796  0.420923 -0.312206   1.05685
0.422299 0.113866 0.890854  0.421011 -0.312206   1.05679
0.422388 0.113865 0.890912    0.4211 -0.312206   1.05673
0.422476 0.113863  0.89097   0.42119 -0.312206   1.05667
0.422564 0.113862 0.891028  0.421279 -0.312206   1.05661
0.422653 0.113861 0.891086  0.421369 -0.312206   1.05655
0.422741  0.11386 0.891144  0.421458 -0.312206   1.05649
0.422829 0.113858 0.891201  0.421547 -0.312207   1.05642
0.422917 0.113857 0.891259  0.421636 -0.312207   1.05636
0.423005 0.113856 0.891317  0.421724 -0.312207    1.0563
0.423093 0.113855 0.891375  0.421813 -0.312207   1.05624
0.423181 0.113854 0.891433  0.421901 -0.312207   1.05618
0.423269 0.113852 0.891492  0.421989 -0.312207   1.05612
0.423356 0.113851 0.891551  0.422078 -0.312207   1.05606
0.423444  0.11385  0.89161  0.422166 -0.312207     1.056
0.423532 0.113849 0.891669  0.422255 -0.312207   1.05594
0.423619 0.113848 0.891728  0.422344 -0.312207   1.05588
0.423707 0.113846 0.891786  0.422433 -0.312207   1.05581
0.423794 0.113845 0.891845  0.422521 -0.312207   1.05575
0.423882 0.113844 0.891903  0.422609 -0.312207   1.05569
0.423969 0.113843 0.891962  0.422697 -0.312207   1.05563
0.424056 0.113841 0.892021  0.422785 -0.312207   1.05557
0.424144  0.11384 0.892081  0.422872 -0.312207   1.05551
0.424231 0.113839  0.89214   0.42296 -0.312207   1.05545
0.424318 0.113838   0.8922  0.423048 -0.312207   1.05539
0.424405 0.113837  0.89226  0.423136 -0.312207   1.05532
0.424491 0.113835  0.89232  0.423224 -0.312207   1.05526
0.424578 0.113834  0.89238  0.423312 -0.312207    1.0552
0.424665 0.113833 0.892439    0.4234 -0.312207   1.05513
0.424752 0.113831 0.892499  0.423488 -0.312207   1.05507
0.424839  0.11383 0.892558  0.423576 -0.312207   1.05501
0.424925 0.113828 0.892618  0.423663 -0.312207   1.05495
0.425012 0.113827 0.892678   0.42375 -0.312207   1.05488
0.425098 0.113826 0.892739  0.423837 -0.312207   1.05482
0.425185 0.113824   0.8928  0.423923 -0.312207   1.05476
0.425271 0.113823 0.892861   0.42401 -0.312207    1.0547
0.425357 0.113822 0.892922  0.424097 -0.312207   1.05463
0.425444  0.11382 0.892982  0.424185 -0.312208   1.05457
 0.42553 0.113819 0.893043  0.424272 -0.312208   1.05451
0.425616 0.113818 0.893104   0.42436 -0.312208   1.05444
0.425702 0.113816 0.893164  0.424447 -0.312208   1.05438
0.425788 0.113815 0.893224  0.424534 -0.312208   1.05431
0.425874 0.113814 0.893285  0.424621 -0.312208   1.05425
 0.42596 0.113812 0.893346  0.424707 -0.312208   1.05419
0.426046 0.113811 0.893408  0.424793 -0.312208   1.05412
0.426131  0.11381  0.89347  0.424879 -0.312208   1.05406
0.426217 0.113808 0.893531  0.424965 -0.312208     1.054
0.426302 0.113807 0.893593  0.425052 -0.312208   1.05393
0.426388 0.113806 0.893655  0.425138 -0.312208   1.05387
0.426473 0.113804 0.893717  0.425225 -0.312208    1.0538
0.426559 0.113803 0.893778  0.425312 -0.312208   1.05374
0.426644 0.113802 0.893839  0.425398 -0.312208   1.05367
0.426729   0.1138 0.893901  0.425485 -0.312209   1.05361
0.426815 0.113799 0.893963   0.42557 -0.312209   1.05355
  0.4269 0.113797 0.894025 0.425656 -0.31221  1.05348
0.426985 0.113796 0.894087 0.425742 -0.31221  1.05342
 0.42707 0.113795  0.89415 0.425827 -0.31221  1.05335
0.427155 0.113793 0.894213 0.425913 -0.31221  1.05329
0.427239 0.113792 0.894276 0.425998 -0.31221  1.05322
0.427324  0.11379 0.894338 0.426084 -0.31221  1.05316
0.427409 0.113789 0.894401  0.42617 -0.31221  1.05309
0.427493 0.113788 0.894463 0.426256 -0.31221  1.05303
0.427578 0.113786 0.894526 0.426342 -0.31221  1.05296
0.427663 0.113785 0.894588 0.426427 -0.31221  1.05289
0.427747 0.113783 0.894651 0.426513 -0.31221  1.05283
0.427831 0.113782 0.894714 0.426598 -0.31221  1.05276
0.427916  0.11378 0.894777  0.426682 -0.312211    1.0527
   0.428 0.113779 0.894841  0.426767 -0.312211   1.05263
0.428084 0.113778 0.894904  0.426852 -0.312211   1.05257
0.428168 0.113777 0.894968  0.426936 -0.312211    1.0525
0.428252 0.113775 0.895032  0.427022 -0.312211   1.05244
0.428336 0.113774 0.895095  0.427107 -0.312211   1.05237
 0.42842 0.113772 0.895158  0.427192 -0.312211    1.0523
0.428504 0.113771 0.895222  0.427277 -0.312211   1.05224
0.428588  0.11377 0.895285  0.427362 -0.312211   1.05217
0.428671 0.113768 0.895349  0.427447 -0.312211    1.0521
0.428755 0.113767 0.895413  0.427531 -0.312211   1.05204
0.428838 0.113765 0.895477  0.427615 -0.312211   1.05197
0.428922 0.113764 0.895542  0.427699 -0.312211    1.0519
0.429005 0.113763 0.895606  0.427783 -0.312211   1.05184
0.429088 0.113762 0.895671  0.427867 -0.312212   1.05177
0.429172  0.11376 0.895736  0.427951 -0.312212    1.0517
0.429255 0.113759   0.8958  0.428035 -0.312212   1.05164
0.429338 0.113757 0.895864   0.42812 -0.312212   1.05157
0.429421 0.113756 0.895928  0.428204 -0.312212    1.0515
0.429504 0.113754 0.895993  0.428289 -0.312212   1.05143
0.429587 0.113753 0.896057  0.428372 -0.312213   1.05137
 0.42967 0.113752 0.896122  0.428456 -0.312213    1.0513
0.429753  0.11375 0.896187  0.428539 -0.312213   1.05123
0.429835 0.113749 0.896253  0.428622 -0.312213   1.05116
0.429918 0.113748 0.896319  0.428706 -0.312213    1.0511
    0.43 0.113746 0.896384  0.428789 -0.312213   1.05103
0.430083 0.113745  0.89645  0.428872 -0.312213   1.05096
0.430165 0.113743 0.896515  0.428956 -0.312213   1.05089
0.430248 0.113742  0.89658  0.429039 -0.312213   1.05082
 0.43033 0.113741 0.896645  0.429123 -0.312213   1.05076
0.430412 0.113739  0.89671  0.429206 -0.312214   1.05069
0.430494 0.113738 0.896776  0.429289 -0.312214   1.05062
0.430576 0.113736 0.896842  0.429372 -0.312214   1.05055
0.430658 0.113735 0.896908  0.429455 -0.312215   1.05048
 0.43074 0.113734 0.896974  0.429537 -0.312214   1.05041
0.430822 0.113733 0.897041   0.42962 -0.312214   1.05035
0.430904 0.113731 0.897107  0.429702 -0.312214   1.05028
0.430985  0.11373 0.897174  0.429784 -0.312214   1.05021
0.431067 0.113729  0.89724  0.429867 -0.312214   1.05014
0.431148 0.113727 0.897306   0.42995 -0.312214   1.05007
 0.43123 0.113726 0.897372  0.430033 -0.312214      1.05
0.431311 0.113724 0.897438  0.430116 -0.312215   1.04993
0.431393 0.113723 0.897504  0.430198 -0.312215   1.04986
0.431474 0.113722 0.897571   0.43028 -0.312215   1.04979
0.431555  0.11372 0.897638  0.430362 -0.312215   1.04972
0.431636 0.113719 0.897706  0.430443 -0.312216   1.04965
0.431717 0.113718 0.897773  0.430525 -0.312216   1.04958
0.431798 0.113717  0.89784  0.430606 -0.312216   1.04952
0.431879 0.113715 0.897908  0.430688 -0.312216   1.04945
 0.43196 0.113714 0.897975   0.43077 -0.312216   1.04938
 0.43204 0.113713 0.898042  0.430852 -0.312216   1.04931
0.432121 0.113711 0.898108  0.430934 -0.312216   1.04923
0.432202  0.11371 0.898175  0.431016 -0.312216   1.04916
0.432282 0.113709 0.898243  0.431098 -0.312216   1.04909
0.432363 0.113707  0.89831  0.431179 -0.312217   1.04902
0.432443 0.113706 0.898378   0.43126 -0.312217   1.04895
0.432523 0.113705 0.898447   0.43134 -0.312217   1.04888
0.432603 0.113703 0.898515  0.431421 -0.312217   1.04881
0.432683 0.113702 0.898583  0.431502 -0.312217   1.04874
0.432763 0.113701 0.898651  0.431582 -0.312217   1.04867
0.432843   0.1137 0.898719  0.431663 -0.312218    1.0486
0.432923 0.113698 0.898787  0.431745 -0.312218   1.04853
0.433003 0.113697 0.898855  0.431826 -0.312218   1.04846
0.433083 0.113696 0.898923  0.431907 -0.312218   1.04839
0.433163 0.113694 0.898991  0.431988 -0.312218   1.04832
0.433242 0.113693  0.89906  0.432068 -0.312218   1.04825
0.433322 0.113692 0.899128  0.432149 -0.312218   1.04817
0.433401 0.113691 0.899198  0.432229 -0.312218    1.0481
 0.43348  0.11369 0.899267  0.432308 -0.312218   1.04803
 0.43356 0.113689 0.899336  0.432388 -0.312218   1.04796
0.433639 0.113687 0.899405  0.432468 -0.312218   1.04789
0.433718 0.113686 0.899474  0.432548 -0.312218   1.04782
0.433797 0.113685 0.899542  0.432628 -0.312219   1.04775
0.433876 0.113683 0.899611  0.432709 -0.312219   1.04767
0.433955 0.113682  0.89968  0.432789 -0.312219    1.0476
0.434034 0.113681 0.899749 0.432869 -0.31222  1.04753
0.434113  0.11368 0.899818 0.432949 -0.31222  1.04746
0.434191 0.113679 0.899888 0.433028 -0.31222  1.04739
 0.43427 0.113678 0.899958 0.433107 -0.31222  1.04731
0.434348 0.113676 0.900028  0.433186 -0.312221   1.04724
0.434427 0.113675 0.900098  0.433265 -0.312221   1.04717
0.434505 0.113674 0.900168  0.433344 -0.312221    1.0471
0.434583 0.113673 0.900238  0.433423 -0.312221   1.04703
0.434662 0.113672 0.900307  0.433503 -0.312221   1.04695
 0.43474  0.11367 0.900377  0.433582 -0.312221   1.04688
0.434818 0.113669 0.900447  0.433662 -0.312221   1.04681
0.434896 0.113668 0.900516  0.433741 -0.312221   1.04673
0.434974 0.113667 0.900587   0.43382 -0.312221   1.04666
0.435052 0.113666 0.900657  0.433898 -0.312222   1.04659
0.435129 0.113665 0.900728  0.433977 -0.312222   1.04651
0.435207 0.113664 0.900799  0.434055 -0.312223   1.04644
0.435284 0.113663  0.90087  0.434133 -0.312223   1.04637
0.435362 0.113662 0.900941  0.434211 -0.312223    1.0463
0.435439  0.11366 0.901011  0.434289 -0.312223   1.04622
0.435517 0.113659 0.901082  0.434368 -0.312223   1.04615
0.435594 0.113658 0.901152  0.434446 -0.312223   1.04608
0.435671 0.113657 0.901223  0.434525 -0.312223     1.046
0.435748 0.113656 0.901293  0.434603 -0.312223   1.04593
0.435825 0.113655 0.901365  0.434681 -0.312223   1.04585
0.435902 0.113654 0.901436  0.434759 -0.312223   1.04578
0.435979 0.113653 0.901508  0.434837 -0.312223   1.04571
0.436056 0.113652  0.90158  0.434914 -0.312223   1.04563
0.436132 0.113651 0.901651  0.434991 -0.312224   1.04556
0.436209  0.11365 0.901723  0.435068 -0.312224   1.04549
0.436286 0.113649 0.901794  0.435145 -0.312224   1.04541
0.436362 0.113647 0.901866  0.435223 -0.312224   1.04534
0.436439 0.113646 0.901937    0.4353 -0.312225   1.04526
0.436515 0.113645 0.902008  0.435378 -0.312225   1.04519
0.436591 0.113644  0.90208  0.435456 -0.312225   1.04511
0.436667 0.113643 0.902152  0.435533 -0.312225   1.04504
0.436743 0.113642 0.902224   0.43561 -0.312226   1.04496
0.436819 0.113641 0.902297  0.435687 -0.312226   1.04489
0.436895 0.113641  0.90237  0.435763 -0.312226   1.04481
0.436971  0.11364 0.902442  0.435839 -0.312226   1.04474
0.437046 0.113639 0.902515  0.435915 -0.312226   1.04467
0.437122 0.113638 0.902587  0.435992 -0.312226   1.04459
0.437198 0.113637 0.902659  0.436068 -0.312226   1.04452
0.437273 0.113636 0.902731  0.436145 -0.312226   1.04444
0.437349 0.113634 0.902803  0.436222 -0.312226   1.04436
0.437424 0.113634 0.902876  0.436298 -0.312227   1.04429
0.437499 0.113633 0.902948  0.436375 -0.312227   1.04421
0.437574 0.113632 0.903022  0.436451 -0.312228   1.04414
0.437649 0.113631 0.903095  0.436526 -0.312228   1.04406
0.437724  0.11363 0.903169  0.436602 -0.312228   1.04399
0.437799 0.113629 0.903242  0.436677 -0.312228   1.04391
0.437874 0.113628 0.903315  0.436753 -0.312228   1.04384
0.437949 0.113627 0.903388  0.436828 -0.312228   1.04376
0.438024 0.113626 0.903461  0.436904 -0.312228   1.04368
0.438098 0.113626 0.903534   0.43698 -0.312228   1.04361
0.438173 0.113625 0.903607  0.437056 -0.312228   1.04353
0.438247 0.113624  0.90368  0.437131 -0.312229   1.04345
0.438322 0.113623 0.903754  0.437207 -0.312229   1.04338
0.438396 0.113622 0.903828  0.437282 -0.312229    1.0433
 0.43847 0.113621 0.903902  0.437356 -0.312229   1.04323
0.438544  0.11362 0.903977 0.437431 -0.31223  1.04315
0.438618  0.11362 0.904051 0.437505 -0.31223  1.04307
0.438692 0.113619 0.904125  0.43758 -0.31223    1.043
0.438766 0.113618 0.904199  0.437654 -0.312231   1.04292
0.438839 0.113617 0.904273  0.437729 -0.312231   1.04284
0.438913 0.113616 0.904346  0.437804 -0.312231   1.04277
0.438987 0.113616  0.90442  0.437879 -0.312231   1.04269
 0.43906 0.113615 0.904494  0.437954 -0.312231   1.04261
0.439134 0.113614 0.904569  0.438028 -0.312231   1.04253
0.439207 0.113613 0.904644  0.438103 -0.312231   1.04246
 0.43928 0.113613 0.904719  0.438176 -0.312231   1.04238
0.439353 0.113612 0.904794   0.43825 -0.312231    1.0423
0.439426 0.113611 0.904869  0.438324 -0.312232   1.04223
0.439499 0.113611 0.904944  0.438397 -0.312232   1.04215
0.439572  0.11361 0.905019   0.43847 -0.312232   1.04207
0.439645 0.113609 0.905093  0.438544 -0.312232     1.042
0.439718 0.113608 0.905168  0.438618 -0.312233   1.04192
0.439791 0.113608 0.905242  0.438692 -0.312233   1.04184
0.439863 0.113607 0.905317  0.438766 -0.312233   1.04176
0.439936 0.113606 0.905393  0.438839 -0.312233   1.04168
0.440008 0.113606 0.905468  0.438913 -0.312234    1.0416
 0.44008 0.113605 0.905544  0.438986 -0.312234   1.04153
0.440152 0.113604  0.90562  0.439059 -0.312234   1.04145
0.440224 0.113604 0.905696  0.439131 -0.312234   1.04137
0.440296 0.113603 0.905772  0.439204 -0.312234   1.04129
0.440369 0.113602 0.905847  0.439276 -0.312234   1.04122
 0.44044 0.113602 0.905922  0.439349 -0.312234   1.04114
0.440512 0.113601 0.905998  0.439422 -0.312234   1.04106
0.440584   0.1136 0.906073  0.439494 -0.312234   1.04098
0.440656   0.1136 0.906149  0.439567 -0.312235    1.0409
0.440727 0.113599 0.906225   0.43964 -0.312235   1.04082
0.440799 0.113599 0.906301  0.439713 -0.312235   1.04074
 0.44087 0.113598 0.906378  0.439785 -0.312236   1.04066
0.440941 0.113598 0.906455  0.439857 -0.312236   1.04059
0.441012 0.113597 0.906532  0.439928 -0.312236   1.04051
0.441083 0.113597 0.906608      0.44 -0.312236   1.04043
0.441155 0.113596 0.906684  0.440071 -0.312237   1.04035
0.441226 0.113596  0.90676  0.440143 -0.312237   1.04027
0.441296 0.113595 0.906837  0.440215 -0.312237   1.04019
0.441367 0.113595 0.906913  0.440287 -0.312237   1.04011
0.441438 0.113594 0.906989  0.440359 -0.312237   1.04003
0.441509 0.113594 0.907066  0.440431 -0.312237   1.03995
0.441579 0.113593 0.907144  0.440502 -0.312237   1.03987
0.441649 0.113593 0.907221  0.440573 -0.312238   1.03979
 0.44172 0.113592 0.907299  0.440644 -0.312238   1.03971
 0.44179 0.113592 0.907376  0.440715 -0.312238   1.03963
 0.44186 0.113591 0.907453  0.440785 -0.312239   1.03956
 0.44193 0.113591  0.90753  0.440856 -0.312239   1.03948
   0.442 0.113591 0.907607  0.440926 -0.312239    1.0394
 0.44207  0.11359 0.907684  0.440997 -0.312239   1.03932
 0.44214  0.11359 0.907761  0.441068 -0.312239   1.03924
 0.44221 0.113589 0.907838  0.441139 -0.312239   1.03916
0.442279 0.113589 0.907916   0.44121 -0.312239   1.03907
0.442349 0.113589 0.907994 0.441281 -0.31224  1.03899
0.442418 0.113588 0.908072 0.441351 -0.31224  1.03891
0.442488 0.113588 0.908151 0.441421 -0.31224  1.03883
0.442557 0.113588 0.908229 0.441491 -0.31224  1.03875
0.442626 0.113587 0.908307  0.44156 -0.31224  1.03867
0.442695 0.113587 0.908385  0.44163 -0.31224  1.03859
0.442764 0.113587 0.908463  0.441699 -0.312241   1.03851
0.442833 0.113586  0.90854  0.441769 -0.312241   1.03843
0.442902 0.113586 0.908618  0.441839 -0.312241   1.03835
0.442971 0.113586 0.908696  0.441909 -0.312242   1.03827
 0.44304 0.113586 0.908774  0.441979 -0.312242   1.03819
0.443108 0.113585 0.908853  0.442048 -0.312242   1.03811
0.443177 0.113585 0.908932  0.442118 -0.312242   1.03803
0.443245 0.113585 0.909011  0.442187 -0.312242   1.03795
0.443313 0.113585  0.90909  0.442256 -0.312242   1.03786
0.443381 0.113585 0.909169  0.442324 -0.312243   1.03778
0.443449 0.113584 0.909248  0.442393 -0.312243    1.0377
0.443518 0.113584 0.909326  0.442461 -0.312243   1.03762
0.443586 0.113584 0.909405   0.44253 -0.312243   1.03754
0.443654 0.113584 0.909483  0.442599 -0.312243   1.03746
0.443721 0.113583 0.909562  0.442668 -0.312243   1.03738
0.443789 0.113583 0.909641  0.442737 -0.312244   1.03729
0.443857 0.113583 0.909721  0.442805 -0.312244   1.03721
0.443924 0.113583   0.9098  0.442874 -0.312244   1.03713
0.443991 0.113583  0.90988  0.442942 -0.312245   1.03705
0.444059 0.113583  0.90996  0.443009 -0.312245   1.03697
0.444126 0.113583  0.91004  0.443077 -0.312245   1.03689
0.444193 0.113583 0.910119  0.443144 -0.312245    1.0368
 0.44426 0.113583 0.910198  0.443212 -0.312245   1.03672
0.444327 0.113582 0.910277   0.44328 -0.312245   1.03664
0.444394 0.113582 0.910357  0.443348 -0.312245   1.03656
0.444461 0.113582 0.910436  0.443416 -0.312245   1.03648
0.444528 0.113582 0.910516  0.443484 -0.312246   1.03639
0.444594 0.113582 0.910596  0.443551 -0.312246   1.03631
0.444661 0.113582 0.910677  0.443618 -0.312246   1.03623
0.444727 0.113582 0.910758  0.443685 -0.312246   1.03614
0.444793 0.113582 0.910838  0.443752 -0.312246   1.03606
 0.44486 0.113582 0.910918  0.443819 -0.312247   1.03598
0.444926 0.113582 0.910998  0.443885 -0.312247    1.0359
0.444992 0.113582 0.911078  0.443952 -0.312248   1.03582
0.445058 0.113582 0.911158  0.444018 -0.312248   1.03573
0.445124 0.113582 0.911238  0.444085 -0.312248   1.03565
 0.44519 0.113582 0.911319  0.444152 -0.312248   1.03557
0.445255 0.113583 0.911399  0.444219 -0.312248   1.03548
0.445321 0.113583  0.91148  0.444286 -0.312248    1.0354
0.445386 0.113583 0.911562  0.444352 -0.312248   1.03531
0.445452 0.113583 0.911643  0.444418 -0.312249   1.03523
0.445517 0.113583 0.911724  0.444484 -0.312249   1.03515
0.445582 0.113583 0.911805   0.44455 -0.312249   1.03507
0.445647 0.113583 0.911886  0.444615 -0.312249   1.03498
0.445713 0.113583 0.911967   0.44468 -0.312249    1.0349
0.445778 0.113584 0.912047 0.444746 -0.31225  1.03482
0.445843 0.113584 0.912128 0.444811 -0.31225  1.03473
0.445908 0.113584 0.912209 0.444877 -0.31225  1.03465
0.445972 0.113584  0.91229  0.444943 -0.312251   1.03456
0.446037 0.113584 0.912372  0.445009 -0.312251   1.03448
0.446101 0.113585 0.912454  0.445074 -0.312251    1.0344
0.446166 0.113585 0.912536   0.44514 -0.312251   1.03431
 0.44623 0.113585 0.912618  0.445204 -0.312251   1.03423
0.446294 0.113585   0.9127  0.445269 -0.312251   1.03414
0.446358 0.113586 0.912781  0.445333 -0.312251   1.03406
0.446422 0.113586 0.912863  0.445398 -0.312251   1.03398
0.446486 0.113586 0.912944  0.445462 -0.312251   1.03389
 0.44655 0.113586 0.913026  0.445527 -0.312252   1.03381
0.446614 0.113586 0.913107  0.445591 -0.312252   1.03372
0.446678 0.113587  0.91319  0.445656 -0.312252   1.03364
0.446741 0.113587 0.913272  0.445721 -0.312252   1.03355
0.446805 0.113587 0.913355  0.445785 -0.312252   1.03347
0.446868 0.113588 0.913437  0.445849 -0.312253   1.03338
0.446931 0.113588  0.91352  0.445913 -0.312253    1.0333
0.446995 0.113589 0.913603  0.445976 -0.312254   1.03321
0.447058 0.113589 0.913685   0.44604 -0.312254   1.03313
0.447121 0.113589 0.913767  0.446103 -0.312254   1.03305
0.447184  0.11359 0.913849  0.446167 -0.312254   1.03296
0.447247  0.11359 0.913931   0.44623 -0.312254   1.03288
 0.44731 0.113591 0.914014  0.446294 -0.312254   1.03279
0.447372 0.113591 0.914096  0.446358 -0.312254    1.0327
0.447435 0.113591 0.914179  0.446422 -0.312254   1.03262
0.447497 0.113592 0.914263  0.446485 -0.312254   1.03253
0.447559 0.113592 0.914346  0.446548 -0.312255   1.03245
0.447622 0.113593  0.91443  0.446611 -0.312255   1.03236
0.447684 0.113593 0.914513  0.446673 -0.312255   1.03228
0.447746 0.113594 0.914596  0.446735 -0.312255   1.03219
0.447808 0.113594 0.914679  0.446797 -0.312256   1.03211
 0.44787 0.113595 0.914761   0.44686 -0.312256   1.03202
0.447932 0.113595 0.914844  0.446922 -0.312256   1.03194
0.447994 0.113596 0.914927  0.446985 -0.312257   1.03185
0.448056 0.113596 0.915011  0.447048 -0.312257   1.03176
0.448117 0.113597 0.915095  0.447111 -0.312257   1.03168
0.448178 0.113598 0.915179  0.447173 -0.312257   1.03159
 0.44824 0.113598 0.915263  0.447235 -0.312257    1.0315
0.448301 0.113599 0.915347  0.447297 -0.312257   1.03142
0.448362   0.1136 0.915431  0.447358 -0.312258   1.03133
0.448423   0.1136 0.915514  0.447419 -0.312258   1.03125
0.448484 0.113601 0.915598   0.44748 -0.312258   1.03116
0.448545 0.113601 0.915681  0.447542 -0.312258   1.03108
0.448606 0.113602 0.915765  0.447603 -0.312258   1.03099
0.448667 0.113603 0.915849  0.447665 -0.312258    1.0309
0.448727 0.113603 0.915933  0.447726 -0.312259   1.03082
0.448788 0.113604 0.916017  0.447788 -0.312259   1.03073
0.448848 0.113605 0.916102 0.447849 -0.31226  1.03064
0.448908 0.113606 0.916187  0.44791 -0.31226  1.03055
0.448968 0.113606 0.916272 0.447971 -0.31226  1.03047
0.449029 0.113607 0.916356 0.448031 -0.31226  1.03038
0.449089 0.113608 0.916441 0.448091 -0.31226   1.0303
0.449149 0.113608 0.916525 0.448152 -0.31226  1.03021
0.449209 0.113609 0.916609 0.448212 -0.31226  1.03012
0.449269  0.11361 0.916693  0.448272 -0.312261   1.03004
0.449328 0.113611 0.916777  0.448332 -0.312261   1.02995
0.449388 0.113612 0.916862  0.448393 -0.312261   1.02986
0.449447 0.113612 0.916947  0.448453 -0.312261   1.02977
0.449507 0.113613 0.917033  0.448514 -0.312261   1.02968
0.449566 0.113614 0.917118  0.448574 -0.312261    1.0296
0.449625 0.113615 0.917204  0.448633 -0.312262   1.02951
0.449684 0.113616 0.917289  0.448693 -0.312262   1.02942
0.449743 0.113617 0.917374  0.448752 -0.312263   1.02934
0.449802 0.113618 0.917459  0.448811 -0.312263   1.02925
0.449861 0.113619 0.917544   0.44887 -0.312263   1.02916
 0.44992 0.113619 0.917628  0.448929 -0.312263   1.02908
0.449978  0.11362 0.917713  0.448988 -0.312263   1.02899
0.450037 0.113621 0.917799  0.449048 -0.312263    1.0289
0.450095 0.113622 0.917885  0.449107 -0.312263   1.02881
0.450153 0.113623 0.917971  0.449167 -0.312264   1.02872
0.450212 0.113624 0.918057  0.449226 -0.312264   1.02863
 0.45027 0.113625 0.918143  0.449284 -0.312264   1.02855
0.450328 0.113626 0.918229  0.449342 -0.312264   1.02846
0.450386 0.113627 0.918314  0.449401 -0.312265   1.02837
0.450444 0.113628   0.9184  0.449458 -0.312265   1.02828
0.450502 0.113629 0.918485  0.449516 -0.312265    1.0282
0.450559  0.11363 0.918571  0.449574 -0.312266   1.02811
0.450617 0.113631 0.918656  0.449633 -0.312266   1.02802
0.450674 0.113632 0.918742  0.449691 -0.312266   1.02793
0.450732 0.113633 0.918829  0.449749 -0.312266   1.02784
0.450789 0.113635 0.918915  0.449808 -0.312266   1.02775
0.450846 0.113636 0.919002  0.449866 -0.312266   1.02766
0.450903 0.113637 0.919089  0.449923 -0.312266   1.02757
 0.45096 0.113638 0.919175   0.44998 -0.312267   1.02749
0.451017 0.113639 0.919261  0.450037 -0.312267    1.0274
0.451074  0.11364 0.919347  0.450094 -0.312267   1.02731
0.451131 0.113641 0.919433  0.450151 -0.312267   1.02722
0.451187 0.113643  0.91952  0.450208 -0.312267   1.02713
0.451244 0.113644 0.919606  0.450265 -0.312267   1.02704
  0.4513 0.113645 0.919693  0.450322 -0.312268   1.02695
0.451357 0.113646  0.91978  0.450379 -0.312268   1.02686
0.451413 0.113647 0.919867  0.450437 -0.312268   1.02677
0.451469 0.113649 0.919954  0.450493 -0.312269   1.02668
0.451525  0.11365 0.920041   0.45055 -0.312269   1.02659
0.451581 0.113651 0.920128  0.450606 -0.312269   1.02651
0.451637 0.113652 0.920215  0.450662 -0.312269   1.02642
0.451693 0.113654 0.920301  0.450718 -0.312269   1.02633
0.451748 0.113655 0.920388 0.450774 -0.31227  1.02624
0.451804 0.113656 0.920475 0.450829 -0.31227  1.02615
0.451859 0.113658 0.920562 0.450885 -0.31227  1.02606
0.451915 0.113659 0.920649 0.450942 -0.31227  1.02597
 0.45197  0.11366 0.920737 0.450998 -0.31227  1.02588
0.452025 0.113662 0.920824 0.451054 -0.31227  1.02579
 0.45208 0.113663 0.920912 0.451109 -0.31227   1.0257
0.452135 0.113664 0.920999  0.451165 -0.312271   1.02561
 0.45219 0.113666 0.921087   0.45122 -0.312271   1.02552
0.452245 0.113667 0.921174  0.451275 -0.312272   1.02543
  0.4523 0.113669 0.921262  0.451329 -0.312272   1.02534
0.452354  0.11367 0.921349  0.451384 -0.312272   1.02525
0.452409 0.113672 0.921436  0.451439 -0.312272   1.02516
0.452463 0.113673 0.921524  0.451494 -0.312272   1.02507
0.452518 0.113674 0.921612  0.451549 -0.312272   1.02498
0.452572 0.113676   0.9217  0.451604 -0.312272   1.02489
0.452626 0.113677 0.921788  0.451659 -0.312272    1.0248
 0.45268 0.113679 0.921876  0.451714 -0.312272   1.02471
0.452734  0.11368 0.921964  0.451768 -0.312273   1.02462
0.452788 0.113682 0.922052  0.451822 -0.312273   1.02453
0.452841 0.113684  0.92214  0.451876 -0.312273   1.02444
0.452895 0.113685 0.922228  0.451929 -0.312273   1.02435
0.452949 0.113687 0.922316  0.451983 -0.312274   1.02426
0.453002 0.113688 0.922404  0.452036 -0.312274   1.02417
0.453055  0.11369 0.922492   0.45209 -0.312274   1.02408
0.453109 0.113692  0.92258  0.452144 -0.312275   1.02399
0.453162 0.113693 0.922669  0.452198 -0.312275   1.02389
0.453215 0.113695 0.922757  0.452252 -0.312275    1.0238
0.453268 0.113696 0.922845  0.452305 -0.312275   1.02371
0.453321 0.113698 0.922934  0.452359 -0.312275   1.02362
0.453374   0.1137 0.923022  0.452412 -0.312275   1.02353
0.453427 0.113701 0.923111  0.452464 -0.312275   1.02344
0.453479 0.113703 0.923199  0.452517 -0.312275   1.02335
0.453532 0.113705 0.923288  0.452569 -0.312276   1.02326
0.453584 0.113707 0.923376  0.452622 -0.312276   1.02317
0.453636 0.113709 0.923465  0.452674 -0.312276   1.02308
0.453689  0.11371 0.923553  0.452727 -0.312276   1.02298
0.453741 0.113712 0.923642   0.45278 -0.312276   1.02289
0.453793 0.113714  0.92373  0.452832 -0.312277    1.0228
0.453845 0.113716 0.923819  0.452885 -0.312277   1.02271
0.453897 0.113717 0.923908  0.452937 -0.312277   1.02261
0.453949 0.113719 0.923996  0.452989 -0.312278   1.02252
0.454001 0.113721 0.924085   0.45304 -0.312278   1.02243
0.454052 0.113723 0.924173  0.453092 -0.312278   1.02234
0.454104 0.113725 0.924262  0.453143 -0.312278   1.02225
0.454156 0.113726  0.92435  0.453194 -0.312278   1.02216
0.454207 0.113728 0.924439  0.453246 -0.312279   1.02207
0.454258  0.11373 0.924527  0.453297 -0.312279   1.02197
 0.45431 0.113732 0.924616  0.453349 -0.312279   1.02188
0.454361 0.113733 0.924704  0.453401 -0.312279   1.02179
0.454412 0.113735 0.924793  0.453452 -0.312279    1.0217
0.454463 0.113737 0.924881 0.453503 -0.31228   1.0216
0.454514 0.113738 0.924969 0.453553 -0.31228  1.02151
0.454565  0.11374 0.925058  0.453604 -0.312281   1.02142
0.454616 0.113742 0.925146  0.453654 -0.312281   1.02133
0.454667 0.113743 0.925234  0.453704 -0.312282   1.02124
0.454718 0.113745 0.925322  0.453754 -0.312282   1.02115
0.454768 0.113747  0.92541  0.453804 -0.312282   1.02105
0.454819 0.113748 0.925499  0.453855 -0.312283   1.02096
0.454869  0.11375 0.925587  0.453905 -0.312283   1.02087
 0.45492 0.113751 0.925675  0.453956 -0.312283   1.02077
 0.45497 0.113753 0.925763  0.454006 -0.312283   1.02068
 0.45502 0.113754 0.925851  0.454056 -0.312284   1.02059
 0.45507 0.113756 0.925939  0.454105 -0.312284   1.02049
0.455121 0.113757 0.926027  0.454155 -0.312285    1.0204
0.455171 0.113759 0.926115  0.454203 -0.312285   1.02031
 0.45522  0.11376 0.926203  0.454252 -0.312286   1.02022
 0.45527 0.113761  0.92629  0.454301 -0.312286   1.02013
 0.45532 0.113763 0.926378   0.45435 -0.312287   1.02003
 0.45537 0.113764 0.926466  0.454399 -0.312288   1.01994
0.455419 0.113765 0.926553  0.454448 -0.312288   1.01985
0.455469 0.113766 0.926641  0.454498 -0.312288   1.01975
0.455519 0.113767 0.926729  0.454547 -0.312289   1.01966
0.455568 0.113769 0.926816  0.454595 -0.312289   1.01956
0.455617  0.11377 0.926904 0.454644 -0.31229  1.01947
0.455667 0.113771 0.926991 0.454692 -0.31229  1.01938
0.455716 0.113772 0.927078   0.45474 -0.312291   1.01928
0.455765 0.113773 0.927165  0.454787 -0.312291   1.01919
0.455814 0.113774 0.927252  0.454835 -0.312291    1.0191
0.455863 0.113775 0.927339  0.454883 -0.312292   1.01901
0.455912 0.113776 0.927427  0.454931 -0.312292   1.01891
0.455961 0.113777 0.927514  0.454979 -0.312293   1.01882
0.456009 0.113778 0.927601  0.455027 -0.312294   1.01872
0.456058 0.113779 0.927688  0.455074 -0.312294   1.01863
0.456107  0.11378 0.927775  0.455122 -0.312295   1.01853
0.456155 0.113781 0.927861  0.455169 -0.312296   1.01844
0.456204 0.113781 0.927948  0.455216 -0.312296   1.01835
0.456252 0.113782 0.928035  0.455263 -0.312297   1.01825
  0.4563 0.113783 0.928121  0.455309 -0.312297   1.01816
0.456349 0.113784 0.928207  0.455356 -0.312298   1.01807
0.456397 0.113785 0.928294  0.455402 -0.312298   1.01797
0.456445 0.113786  0.92838  0.455449 -0.312299   1.01788
0.456493 0.113786 0.928467  0.455496 -0.312299   1.01778
0.456541 0.113787 0.928553 0.455543  -0.3123  1.01769
0.456589 0.113788 0.928639  0.455589 -0.312301   1.01759
0.456637 0.113789 0.928725  0.455636 -0.312301    1.0175
0.456685 0.113789 0.928812  0.455682 -0.312302   1.01741
0.456732  0.11379 0.928898  0.455727 -0.312303   1.01731
 0.45678 0.113791 0.928983  0.455773 -0.312304   1.01722
0.456828 0.113791 0.929069  0.455818 -0.312304   1.01712
0.456875 0.113792 0.929155  0.455863 -0.312305   1.01703
0.456923 0.113793 0.929241  0.455909 -0.312306   1.01694
 0.45697 0.113793 0.929326  0.455954 -0.312306   1.01684
0.457017 0.113794 0.929412     0.456 -0.312307   1.01675
0.457065 0.113795 0.929498  0.456046 -0.312308   1.01665
0.457112 0.113795 0.929583  0.456091 -0.312308   1.01655
0.457159 0.113796 0.929669  0.456136 -0.312309   1.01646
0.457206 0.113797 0.929754  0.456181 -0.312309   1.01636
0.457253 0.113797 0.929839 0.456226 -0.31231  1.01627
  0.4573 0.113798 0.929924   0.45627 -0.312311   1.01618
0.457347 0.113799 0.930009  0.456314 -0.312311   1.01608
0.457394 0.113799 0.930094  0.456358 -0.312312   1.01599
0.457441   0.1138 0.930179  0.456402 -0.312313   1.01589
0.457488   0.1138 0.930264  0.456447 -0.312314    1.0158
0.457534 0.113801 0.930349  0.456491 -0.312315    1.0157
0.457581 0.113802 0.930434  0.456536 -0.312315   1.01561
0.457627 0.113802 0.930519   0.45658 -0.312316   1.01551
0.457674 0.113803 0.930603  0.456624 -0.312317   1.01541
 0.45772 0.113803 0.930688  0.456668 -0.312318   1.01532
0.457767 0.113804 0.930772  0.456711 -0.312319   1.01522
0.457813 0.113804 0.930857  0.456755 -0.312319   1.01513
0.457859 0.113805 0.930941 0.456798 -0.31232  1.01503
0.457905 0.113805 0.931025  0.456841 -0.312321   1.01494
0.457951 0.113806 0.931109  0.456884 -0.312322   1.01484
0.457998 0.113807 0.931194  0.456927 -0.312322   1.01475
0.458044 0.113807 0.931278   0.45697 -0.312323   1.01465
 0.45809 0.113808 0.931362  0.457013 -0.312324   1.01456
0.458135 0.113808 0.931446  0.457056 -0.312325   1.01446
0.458181 0.113809  0.93153  0.457099 -0.312326   1.01436
0.458227 0.113809 0.931614  0.457142 -0.312327   1.01427
0.458273  0.11381 0.931697  0.457185 -0.312328   1.01417
0.458318  0.11381 0.931781  0.457227 -0.312329   1.01408
0.458364  0.11381 0.931864 0.457269 -0.31233  1.01398
0.458409 0.113811 0.931948  0.457311 -0.312331   1.01389
0.458455 0.113811 0.932031  0.457353 -0.312331   1.01379
  0.4585 0.113812 0.932115  0.457395 -0.312332    1.0137
0.458546 0.113812 0.932198  0.457437 -0.312333    1.0136
0.458591 0.113813 0.932281  0.457479 -0.312334    1.0135
0.458636 0.113813 0.932365  0.457521 -0.312335   1.01341
0.458681 0.113814 0.932448  0.457563 -0.312336   1.01331
0.458726 0.113814 0.932531  0.457605 -0.312337   1.01321
0.458771 0.113815 0.932614  0.457646 -0.312338   1.01312
0.458816 0.113815 0.932697  0.457688 -0.312339   1.01302
0.458861 0.113815  0.93278 0.457729 -0.31234  1.01293
0.458906 0.113816 0.932863   0.45777 -0.312341   1.01283
 0.45895 0.113816 0.932947  0.457811 -0.312342   1.01274
0.458994 0.113816 0.933031  0.457852 -0.312343   1.01264
0.459038 0.113816 0.933115  0.457893 -0.312344   1.01254
0.459082 0.113816   0.9332  0.457934 -0.312345   1.01245
0.459126 0.113816 0.933285  0.457975 -0.312346   1.01235
0.459169 0.113817  0.93337  0.458016 -0.312347   1.01225
0.459213 0.113817 0.933454  0.458057 -0.312348   1.01216
0.459256 0.113817 0.933539  0.458097 -0.312349   1.01206
  0.4593 0.113817 0.933623 0.458137 -0.31235  1.01197
0.459343 0.113817 0.933707  0.458178 -0.312351   1.01187
0.459386 0.113817 0.933792  0.458218 -0.312352   1.01178
 0.45943 0.113816 0.933877  0.458258 -0.312353   1.01168
0.459472 0.113816 0.933962  0.458298 -0.312355   1.01158
0.459515 0.113816 0.934048  0.458338 -0.312356   1.01149
0.459558 0.113816 0.934134  0.458378 -0.312357   1.01139
  0.4596 0.113816  0.93422  0.458418 -0.312359   1.01129
0.459643 0.113815 0.934306 0.458459 -0.31236   1.0112
0.459685 0.113815 0.934392  0.458499 -0.312361    1.0111
0.459727 0.113814 0.934478  0.458538 -0.312362   1.01101
 0.45977 0.113814 0.934564  0.458578 -0.312363   1.01091
0.459812 0.113814  0.93465  0.458617 -0.312364   1.01081
0.459854 0.113813 0.934736  0.458657 -0.312365   1.01072
0.459896 0.113813 0.934822  0.458696 -0.312366   1.01062
0.459937 0.113812 0.934909  0.458735 -0.312368   1.01053
0.459979 0.113811 0.934996  0.458775 -0.312369   1.01043
 0.46002 0.113811 0.935083 0.458814 -0.31237  1.01034
0.460062  0.11381 0.935171  0.458854 -0.312371   1.01024
0.460103 0.113809 0.935259  0.458893 -0.312373   1.01014
0.460144 0.113808 0.935346  0.458932 -0.312374   1.01005
0.460185 0.113808 0.935434  0.458971 -0.312376   1.00995
0.460226 0.113807 0.935521   0.45901 -0.312377   1.00986
0.460267 0.113806 0.935608  0.459049 -0.312378   1.00976
0.460308 0.113805 0.935696 0.459087 -0.31238  1.00967
0.460349 0.113804 0.935783  0.459126 -0.312381   1.00957
 0.46039 0.113803 0.935872  0.459164 -0.312382   1.00948
 0.46043 0.113802 0.935961  0.459203 -0.312383   1.00938
0.46047  0.1138 0.93605  0.459242 -0.312385   1.00928
 0.46051 0.113799 0.936139  0.459281 -0.312386   1.00919
 0.46055 0.113798 0.936228  0.459319 -0.312388   1.00909
 0.46059 0.113796 0.936317  0.459358 -0.312389     1.009
0.460631 0.113795 0.936406 0.459396 -0.31239   1.0089
0.460671 0.113794 0.936495  0.459434 -0.312392   1.00881
0.460711 0.113792 0.936583  0.459472 -0.312393   1.00871
 0.46075 0.113791 0.936672   0.45951 -0.312395   1.00862
 0.46079 0.113789 0.936762  0.459548 -0.312396   1.00852
0.460829 0.113787 0.936851  0.459586 -0.312398   1.00843
0.460869 0.113786 0.936942 0.459624  -0.3124  1.00833
0.460908 0.113784 0.937032  0.459662 -0.312401   1.00824
0.460947 0.113782 0.937123    0.4597 -0.312402   1.00814
0.460986  0.11378 0.937214  0.459738 -0.312404   1.00805
0.461025 0.113779 0.937304  0.459776 -0.312405   1.00795
0.461064 0.113777 0.937394  0.459813 -0.312407   1.00786
0.461103 0.113775 0.937485  0.459851 -0.312408   1.00776
0.461141 0.113772 0.937575 0.459888 -0.31241  1.00767
 0.46118  0.11377 0.937665  0.459925 -0.312411   1.00757
0.461219 0.113768 0.937756  0.459962 -0.312413   1.00748
0.461257 0.113766 0.937847      0.46 -0.312414   1.00739
0.461295 0.113764 0.937939  0.460037 -0.312416   1.00729
0.461333 0.113762 0.938031  0.460074 -0.312417    1.0072
0.461371 0.113759 0.938123  0.460112 -0.312419    1.0071
0.461409 0.113757 0.938215  0.460149 -0.312421   1.00701
0.461447 0.113755 0.938307  0.460186 -0.312422   1.00691
0.461484 0.113752 0.938398  0.460223 -0.312424   1.00682
0.461522  0.11375  0.93849   0.46026 -0.312426   1.00673
 0.46156 0.113747 0.938582  0.460296 -0.312427   1.00663
0.461598 0.113744 0.938673  0.460333 -0.312429   1.00654
0.461635 0.113742 0.938765  0.46037 -0.31243  1.00645
0.461672 0.113739 0.938858  0.460406 -0.312432   1.00635
0.461709 0.113736 0.938951  0.460443 -0.312433   1.00626
0.461746 0.113734 0.939044  0.460479 -0.312435   1.00616
0.461783 0.113731 0.939137  0.460516 -0.312436   1.00607
 0.46182 0.113728 0.939231  0.460553 -0.312438   1.00597
0.461856 0.113725 0.939324 0.460589 -0.31244  1.00588
0.461893 0.113722 0.939417  0.460625 -0.312441   1.00579
 0.46193 0.113719 0.939509  0.460661 -0.312443   1.00569
0.461966 0.113716 0.939602  0.460697 -0.312445    1.0056
0.462003 0.113713 0.939695  0.460733 -0.312447   1.00551
0.462039  0.11371 0.939788  0.460769 -0.312448   1.00542
0.462075 0.113707 0.939882 0.460805 -0.31245  1.00532
0.462111 0.113704 0.939976  0.460841 -0.312451   1.00523
0.462147   0.1137  0.94007  0.460877 -0.312453   1.00514
0.462182 0.113697 0.940165  0.460913 -0.312454   1.00504
0.462218 0.113694 0.940259  0.460949 -0.312456   1.00495
0.462254 0.113691 0.940354  0.460985 -0.312457   1.00485
0.462289 0.113687 0.940448   0.46102 -0.312459   1.00476
0.462325 0.113684 0.940542  0.461056 -0.312461   1.00467
 0.46236  0.11368 0.940635  0.461091 -0.312462   1.00458
0.462396 0.113677 0.940729  0.461126 -0.312464   1.00448
0.462431 0.113673 0.940824  0.461162 -0.312465   1.00439
0.462466  0.11367 0.940918  0.461197 -0.312467    1.0043
0.462501 0.113666 0.941013  0.461232 -0.312469   1.00421
0.462535 0.113663 0.941109  0.461267 -0.312471   1.00411
 0.46257 0.113659 0.941205  0.461303 -0.312472   1.00402
0.462604 0.113656   0.9413  0.461338 -0.312474   1.00393
0.462639 0.113652 0.941395  0.461373 -0.312476   1.00383
0.462673 0.113648  0.94149  0.461408 -0.312477   1.00374
0.462708 0.113644 0.941585  0.461443 -0.312479   1.00365
0.462742 0.113641  0.94168 0.461478 -0.31248  1.00356
0.462776 0.113637 0.941775  0.461512 -0.312482   1.00347
 0.46281 0.113633  0.94187  0.461547 -0.312484   1.00338
0.462844 0.113629 0.941966  0.461581 -0.312485   1.00328
0.462878 0.113625 0.942062  0.461616 -0.312487   1.00319
0.462911 0.113621 0.942158   0.46165 -0.312489    1.0031
0.462945 0.113617 0.942255 0.461685 -0.31249  1.00301
0.462978 0.113613 0.942351   0.46172 -0.312492   1.00291
0.463011 0.113609 0.942447  0.461754 -0.312494   1.00282
0.463045 0.113605 0.942543  0.461788 -0.312496   1.00273
0.463078 0.113601 0.942639  0.461823 -0.312497   1.00264
0.463111 0.113597 0.942735  0.461857 -0.312499   1.00255
0.463144 0.113593 0.942831 0.461891  -0.3125  1.00246
0.463177 0.113589 0.942927  0.461924 -0.312502   1.00236
 0.46321 0.113585 0.943023  0.461958 -0.312503   1.00227
0.463243 0.113581  0.94312  0.461992 -0.312505   1.00218
0.463275 0.113577 0.943217  0.462026 -0.312506   1.00209
0.463307 0.113573 0.943315   0.46206 -0.312508     1.002
 0.46334 0.113568 0.943412 0.462094 -0.31251  1.00191
0.463372 0.113564 0.943509  0.462128 -0.312511   1.00181
0.463404  0.11356 0.943606  0.462161 -0.312513   1.00172
0.463436 0.113556 0.943702  0.462195 -0.312515   1.00163
0.463468 0.113551 0.943799  0.462228 -0.312517   1.00154
  0.4635 0.113547 0.943895  0.462261 -0.312518   1.00145
0.463532 0.113543 0.943992 0.462294 -0.31252  1.00136
0.463564 0.113538 0.944089  0.462328 -0.312522   1.00127
0.463595 0.113534 0.944187  0.462361 -0.312523   1.00118
0.463626  0.11353 0.944285  0.462394 -0.312525   1.00109
0.463657 0.113525 0.944383  0.462428 -0.312526   1.00099
0.463689 0.113521 0.944481  0.462461 -0.312528    1.0009
 0.46372 0.113517 0.944579  0.462494 -0.312529   1.00081
0.463751 0.113512 0.944676  0.462527 -0.312531   1.00072
0.463782 0.113508 0.944773   0.46256 -0.312533   1.00063
0.463813 0.113503  0.94487  0.462592 -0.312534   1.00054
0.463844 0.113499 0.944968  0.462625 -0.312536   1.00045
0.463874 0.113494 0.945065  0.462657 -0.312537   1.00036
0.463905  0.11349 0.945163   0.46269 -0.312539   1.00027
0.463935 0.113485 0.945261  0.462722 -0.312541   1.00018
0.463965 0.113481  0.94536  0.462755 -0.312543   1.00009
0.463995 0.113476 0.945459  0.462788 -0.312544  0.999997
0.464025 0.113472 0.945557   0.46282 -0.312546  0.999906
0.464055 0.113467 0.945656  0.462853 -0.312548  0.999816
0.464085 0.113463 0.945754  0.462885 -0.312549  0.999725
0.464115 0.113458 0.945852  0.462917 -0.312551  0.999635
0.464145 0.113453 0.945949  0.462949 -0.312552  0.999546
0.464175 0.113449 0.946047  0.462981 -0.312554  0.999456
0.464204 0.113444 0.946145  0.463013 -0.312555  0.999367
0.464234  0.11344 0.946244  0.463045 -0.312557  0.999277
0.464263 0.113435 0.946343  0.463076 -0.312559  0.999187
0.464292  0.11343 0.946442 0.463108 -0.31256 0.999096
0.464321 0.113426 0.946541   0.46314 -0.312562  0.999006
0.464349 0.113421  0.94664  0.463172 -0.312564  0.998915
0.464378 0.113417 0.946739  0.463204 -0.312565  0.998825
0.464407 0.113412 0.946838  0.463235 -0.312567  0.998735
0.464436 0.113407 0.946936  0.463267 -0.312569  0.998646
0.464465 0.113402 0.947035 0.463298 -0.31257 0.998557
0.464493 0.113398 0.947133  0.463329 -0.312572  0.998468
0.464522 0.113393 0.947232  0.463361 -0.312573  0.998379
 0.46455 0.113388 0.947331  0.463392 -0.312575   0.99829
0.464578 0.113384  0.94743  0.463423 -0.312576    0.9982
0.464606 0.113379  0.94753  0.463454 -0.312578   0.99811
0.464633 0.113375  0.94763 0.463486 -0.31258 0.998019
0.464661  0.11337 0.947729  0.463517 -0.312581  0.997929
0.464689 0.113365 0.947829  0.463548 -0.312583   0.99784
0.464717 0.113361 0.947928  0.463578 -0.312584  0.997751
0.464744 0.113356 0.948027  0.463609 -0.312586  0.997662
0.464772 0.113352 0.948125   0.46364 -0.312588  0.997573
0.464799 0.113347 0.948224   0.46367 -0.312589  0.997484
0.464827 0.113342 0.948323  0.463701 -0.312591  0.997396
0.464854 0.113338 0.948423  0.463731 -0.312593  0.997307
0.464881 0.113333 0.948523  0.463762 -0.312594  0.997218
0.464907 0.113328 0.948623  0.463792 -0.312596  0.997128
0.464934 0.113324 0.948723  0.463823 -0.312597  0.997038
0.464961 0.113319 0.948823  0.463854 -0.312599  0.996949
0.464987 0.113315 0.948923 0.463884  -0.3126  0.99686
0.465014  0.11331 0.949023  0.463914 -0.312602  0.996771
 0.46504 0.113306 0.949122  0.463944 -0.312603  0.996682
0.465067 0.113302 0.949221  0.463974 -0.312605  0.996594
0.465093 0.113297 0.949321  0.464004 -0.312606  0.996506
0.465119 0.113293  0.94942  0.464034 -0.312608  0.996418
0.465145 0.113289  0.94952  0.464063 -0.312609   0.99633
0.465171 0.113284 0.949621  0.464093 -0.312611  0.996241
0.465197  0.11328 0.949721  0.464123 -0.312613  0.996152
0.465222 0.113276 0.949822  0.464153 -0.312614  0.996063
0.465248 0.113272 0.949923  0.464183 -0.312616  0.995974
0.465273 0.113268 0.950023  0.464213 -0.312617  0.995885
0.465298 0.113265 0.950123  0.464242 -0.312619  0.995796
0.465324 0.113261 0.950223 0.464271 -0.31262 0.995708
0.465349 0.113257 0.950323    0.4643 -0.312621   0.99562
0.465375 0.113254 0.950423  0.464329 -0.312623  0.995533
  0.4654  0.11325 0.950523  0.464357 -0.312624  0.995445
0.465425 0.113247 0.950623  0.464386 -0.312625  0.995357
0.465449 0.113243 0.950724  0.464415 -0.312626  0.995268
0.465474  0.11324 0.950826  0.464444 -0.312628  0.995178
0.465498 0.113237 0.950927  0.464473 -0.312629  0.995089
0.465522 0.113234 0.951028 0.464501 -0.31263 0.994999
0.465547 0.113231 0.951129  0.464529 -0.312632   0.99491
0.465571 0.113228  0.95123  0.464557 -0.312633  0.994821
0.465595 0.113226  0.95133  0.464585 -0.312635  0.994733
0.465619 0.113223  0.95143  0.464613 -0.312636  0.994645
0.465644 0.113221 0.951531   0.46464 -0.312638  0.994556
0.465668 0.113218 0.951631  0.464667 -0.312639  0.994468
0.465691 0.113216 0.951732 0.464694 -0.31264 0.994378
0.465715 0.113213 0.951834  0.464722 -0.312641  0.994289
0.465738 0.113211 0.951936  0.464749 -0.312642  0.994198
0.465761 0.113209 0.952037  0.464776 -0.312643  0.994107
0.465784 0.113207 0.952139  0.464803 -0.312644  0.994017
0.465808 0.113205 0.952241   0.46483 -0.312646  0.993926
0.465831 0.113203 0.952342  0.464856 -0.312647  0.993836
0.465854 0.113202 0.952442  0.464883 -0.312648  0.993747
0.465877 0.113201 0.952543  0.464908 -0.312649  0.993657
  0.4659 0.113199 0.952644  0.464934 -0.312651  0.993567
0.465923 0.113198 0.952745  0.464959 -0.312652  0.993477
0.465946 0.113197 0.952846  0.464985 -0.312653  0.993386
0.465968 0.113195 0.952948  0.465011 -0.312654  0.993295
 0.46599 0.113194 0.953051  0.465036 -0.312655  0.993203
0.466012 0.113193 0.953153  0.465062 -0.312656  0.993111
0.466034 0.113192 0.953255  0.465087 -0.312657  0.993019
0.466056 0.113191 0.953357  0.465112 -0.312658  0.992927
0.466078 0.113191 0.953458  0.465137 -0.312659  0.992835
  0.4661  0.11319 0.953559 0.465161 -0.31266 0.992743
0.466122  0.11319 0.953661  0.465185 -0.312661  0.992652
0.466144  0.11319 0.953762  0.465209 -0.312662   0.99256
0.466166  0.11319 0.953863  0.465232 -0.312663  0.992469
0.466187  0.11319 0.953965  0.465256 -0.312664  0.992376
0.466209  0.11319 0.954067   0.46528 -0.312665  0.992283
0.46623 0.11319 0.95417  0.465304 -0.312665  0.992189
0.466251  0.11319 0.954272  0.465327 -0.312667  0.992095
0.466271  0.11319 0.954375  0.465351 -0.312667  0.992001
0.466292 0.113191 0.954477  0.465374 -0.312668  0.991907
0.466313 0.113191 0.954579  0.465397 -0.312669  0.991814
0.466334 0.113192  0.95468 0.465419 -0.31267  0.99172
0.466355 0.113192 0.954781  0.465441 -0.312671  0.991627
0.466376 0.113193 0.954883  0.465464 -0.312672  0.991534
0.466397 0.113194 0.954984  0.465485 -0.312673   0.99144
0.466417 0.113195 0.955086  0.465507 -0.312673  0.991346
0.466437 0.113196 0.955189  0.465529 -0.312674  0.991251
0.466457 0.113197 0.955292  0.465551 -0.312675  0.991155
0.466477 0.113198 0.955395  0.465573 -0.312676  0.991059
0.466497 0.113199 0.955497  0.465595 -0.312676  0.990963
0.466516 0.113201   0.9556  0.465616 -0.312677  0.990868
0.466536 0.113202 0.955702  0.465637 -0.312678  0.990772
0.466556 0.113204 0.955803  0.465658 -0.312679  0.990677
0.466576 0.113206 0.955905 0.465678 -0.31268 0.990582
0.466596 0.113207 0.956007  0.465699 -0.312681  0.990487
0.466615 0.113209 0.956108  0.465719 -0.312682  0.990391
0.466635 0.113211  0.95621  0.465739 -0.312682  0.990295
0.466654 0.113213 0.956313  0.465759 -0.312683  0.990198
0.466672 0.113214 0.956416   0.46578 -0.312684  0.990101
0.466691 0.113216 0.956519    0.4658 -0.312684  0.990003
 0.46671 0.113218 0.956622   0.46582 -0.312685  0.989906
0.466728 0.113221 0.956725   0.46584 -0.312686  0.989808
0.466747 0.113223 0.956827  0.465859 -0.312686  0.989711
0.466766 0.113225 0.956929  0.465878 -0.312687  0.989614
0.466785 0.113228 0.957031  0.465897 -0.312688  0.989518
0.466803 0.113231 0.957133  0.465915 -0.312689  0.989421
0.466822 0.113233 0.957234  0.465934 -0.312689  0.989324
 0.46684 0.113236 0.957337 0.465952 -0.31269 0.989226
0.466858 0.113239 0.957439  0.465971 -0.312691  0.989128
0.466876 0.113241 0.957543  0.465989 -0.312692  0.989029
0.466893 0.113244 0.957646  0.466008 -0.312692   0.98893
0.466911 0.113247 0.957749  0.466026 -0.312693  0.988831
0.466928 0.113249 0.957852  0.466044 -0.312693  0.988732
0.466946 0.113252 0.957954  0.466062 -0.312694  0.988633
0.466963 0.113256 0.958056   0.46608 -0.312695  0.988535
0.466981 0.113259 0.958158  0.466097 -0.312695  0.988436
0.466998 0.113262  0.95826  0.466114 -0.312696  0.988338
0.467016 0.113266 0.958362  0.466131 -0.312696   0.98824
0.467033 0.113269 0.958464  0.466147 -0.312697  0.988141
 0.46705 0.113273 0.958567  0.466164 -0.312698  0.988041
0.467066 0.113276  0.95867  0.466181 -0.312698  0.987941
0.467083  0.11328 0.958774  0.466198 -0.312699   0.98784
0.467099 0.113283 0.958877  0.466215 -0.312699  0.987739
0.467116 0.113287  0.95898 0.466231  -0.3127 0.987639
0.467132  0.11329 0.959083  0.466247 -0.312701  0.987539
0.467149 0.113294 0.959185  0.466263 -0.312702   0.98744
0.467165 0.113298 0.959287  0.466279 -0.312702   0.98734
0.467181 0.113302 0.959389  0.466294 -0.312703   0.98724
0.467198 0.113306 0.959491   0.46631 -0.312703  0.987141
0.467214  0.11331 0.959593  0.466325 -0.312704   0.98704
0.467229 0.113314 0.959696  0.466341 -0.312705  0.986939
0.467245 0.113318   0.9598  0.466356 -0.312705  0.986838
 0.46726 0.113322 0.959903  0.466371 -0.312706  0.986736
0.467275 0.113326 0.960007  0.466387 -0.312706  0.986634
 0.46729 0.113331  0.96011  0.466401 -0.312707  0.986533
0.467306 0.113335 0.960212  0.466416 -0.312708  0.986432
0.467321 0.113339 0.960315   0.46643 -0.312709  0.986331
0.467336 0.113343 0.960417  0.466444 -0.312709  0.986231
0.467351 0.113348 0.960518 0.466458 -0.31271  0.98613
0.467367 0.113352 0.960621  0.466472 -0.312711  0.986029
0.467381 0.113357 0.960723  0.466486 -0.312711  0.985928
0.467396 0.113361 0.960826    0.4665 -0.312712  0.985826
 0.46741 0.113365 0.960929  0.466514 -0.312712  0.985723
0.467424 0.113369 0.961033  0.466528 -0.312713   0.98562
0.467438 0.113374 0.961137  0.466541 -0.312713  0.985518
0.467452 0.113378  0.96124  0.466555 -0.312714  0.985415
0.467466 0.113383 0.961343  0.466568 -0.312714  0.985313
 0.46748 0.113388 0.961445  0.466581 -0.312715  0.985212
0.467494 0.113393 0.961547  0.466593 -0.312715   0.98511
0.467508 0.113397 0.961649  0.466606 -0.312716  0.985009
0.467522 0.113402 0.961751  0.466618 -0.312717  0.984907
0.467536 0.113407 0.961854   0.46663 -0.312717  0.984805
0.467549 0.113412 0.961957  0.466643 -0.312718  0.984702
0.467562 0.113416  0.96206  0.466655 -0.312719  0.984599
0.467575 0.113421 0.962164  0.466668 -0.312719  0.984495
0.467588 0.113426 0.962268  0.46668 -0.31272 0.984392
0.467601  0.11343 0.962371 0.466692 -0.31272 0.984288
0.467614 0.113435 0.962474  0.466704 -0.312721  0.984186
0.467626  0.11344 0.962577  0.466715 -0.312721  0.984083
0.467639 0.113445 0.962679  0.466726 -0.312722  0.983981
0.467652 0.113451 0.962781  0.466737 -0.312722  0.983879
0.467665 0.113456 0.962883  0.466748 -0.312723  0.983776
0.467678 0.113461 0.962986  0.466759 -0.312723  0.983673
 0.46769 0.113466 0.963089   0.46677 -0.312724   0.98357
0.467702 0.113471 0.963192  0.466781 -0.312724  0.983466
0.467713 0.113476 0.963296  0.466792 -0.312725  0.983361
0.467725 0.113481   0.9634  0.466803 -0.312726  0.983257
0.467736 0.113486 0.963503  0.466814 -0.312726  0.983154
0.467748 0.113491 0.963606  0.466824 -0.312727   0.98305
 0.46776 0.113496 0.963709  0.466834 -0.312728  0.982947
0.467771 0.113501 0.963812  0.466844 -0.312728  0.982844
0.467783 0.113506 0.963914  0.466853 -0.312729  0.982741
0.467794 0.113511 0.964016  0.466863 -0.312729  0.982638
0.467806 0.113517 0.964118 0.466873 -0.31273 0.982535
0.467817 0.113522 0.964221 0.466882 -0.31273 0.982431
0.467827 0.113528 0.964325  0.466892 -0.312731  0.982326
0.467838 0.113533 0.964429  0.466902 -0.312731  0.982221
0.467848 0.113538 0.964533  0.466911 -0.312732  0.982117
0.467858 0.113543 0.964636  0.466921 -0.312733  0.982013
0.467869 0.113548 0.964739  0.466929 -0.312733  0.981909
0.467879 0.113554 0.964842  0.466938 -0.312734  0.981805
0.467889 0.113559 0.964945  0.466946 -0.312734  0.981702
  0.4679 0.113564 0.965047  0.466955 -0.312735  0.981598
 0.46791 0.113569 0.965149  0.466963 -0.312736  0.981495
 0.46792 0.113574 0.965252  0.466971 -0.312736  0.981391
0.467929 0.113578 0.965355   0.46698 -0.312737  0.981286
0.467939 0.113583 0.965458  0.466988 -0.312737  0.981181
0.467948 0.113588 0.965562  0.466996 -0.312738  0.981076
0.467957 0.113593 0.965666  0.467005 -0.312738  0.980971
0.467965 0.113598  0.96577  0.467012 -0.312738  0.980867
0.467974 0.113603 0.965873   0.46702 -0.312739  0.980762
0.467983 0.113608 0.965976  0.467027 -0.312739  0.980658
0.467992 0.113612 0.966079 0.467035 -0.31274 0.980555
   0.468 0.113617 0.966181 0.467041 -0.31274 0.980451
0.468009 0.113621 0.966283  0.467048 -0.312741  0.980347
0.468018 0.113626 0.966386  0.467055 -0.312741  0.980243
0.468026  0.11363 0.966488  0.467062 -0.312742  0.980138
0.468034 0.113635 0.966592   0.46707 -0.312743  0.980033
0.468041 0.113639 0.966696  0.467077 -0.312743  0.979927
0.468049 0.113643   0.9668  0.467083 -0.312744  0.979822
0.468056 0.113648 0.966904   0.46709 -0.312745  0.979717
0.468063 0.113652 0.967007  0.467096 -0.312745  0.979612
 0.46807 0.113656  0.96711  0.467103 -0.312746  0.979508
0.468078  0.11366 0.967213  0.467109 -0.312746  0.979404
0.468085 0.113664 0.967315  0.467114 -0.312747    0.9793
0.468092 0.113668 0.967417   0.46712 -0.312747  0.979196
0.468099 0.113672  0.96752  0.467126 -0.312748  0.979091
0.468106 0.113676 0.967622  0.467131 -0.312748  0.978986
0.468112  0.11368 0.967725  0.467137 -0.312749  0.978881
0.468118 0.113684 0.967829 0.467143 -0.31275 0.978775
0.468124 0.113688 0.967933 0.467149 -0.31275 0.978669
 0.46813 0.113692 0.968037  0.467154 -0.312751  0.978564
0.468136 0.113695 0.968141  0.467159 -0.312752   0.97846
0.468141 0.113699 0.968244  0.467164 -0.312752  0.978355
0.468147 0.113702 0.968347  0.467169 -0.312753  0.978251
0.468153 0.113705 0.968449  0.467173 -0.312754  0.978146
0.468159 0.113709 0.968551  0.467177 -0.312754  0.978042
0.468164 0.113712 0.968653  0.467182 -0.312755  0.977937
 0.46817 0.113716 0.968756  0.467186 -0.312755  0.977832
0.468175 0.113719 0.968859  0.467191 -0.312756  0.977726
0.468179 0.113722 0.968963  0.467196 -0.312756   0.97762
0.468184 0.113726 0.969067    0.4672 -0.312757  0.977515
0.468188 0.113729 0.969171  0.467204 -0.312757  0.977409
0.468192 0.113732 0.969274  0.467208 -0.312758  0.977304
0.468197 0.113736 0.969378  0.467211 -0.312758    0.9772
0.468201 0.113739  0.96948  0.467215 -0.312759  0.977095
0.468205 0.113741 0.969583 0.467218 -0.31276 0.976991
 0.46821 0.113744 0.969685 0.467221 -0.31276 0.976886
0.468214 0.113747 0.969787  0.467224 -0.312761  0.976781
0.468218  0.11375 0.969889  0.467227 -0.312762  0.976676
0.468222 0.113752 0.969992  0.467231 -0.312763   0.97657
0.468225 0.113755 0.970095  0.467234 -0.312763  0.976464
0.468228 0.113758 0.970199  0.467237 -0.312764  0.976358
0.468231 0.113761 0.970303   0.46724 -0.312765  0.976253
0.468234 0.113764 0.970407  0.467243 -0.312766  0.976148
0.468236 0.113766  0.97051  0.467245 -0.312766  0.976043
0.468239 0.113769 0.970613  0.467247 -0.312767  0.975938
0.468242 0.113771 0.970716  0.467249 -0.312768  0.975834
0.468245 0.113774 0.970818  0.467251 -0.312768  0.975729
0.468248 0.113776  0.97092  0.467253 -0.312769  0.975624
 0.46825 0.113779 0.971022 0.467255 -0.31277 0.975519
0.468253 0.113781 0.971124  0.467257 -0.312771  0.975413
0.468255 0.113783 0.971228  0.467259 -0.312772  0.975306
0.468256 0.113786 0.971331  0.467261 -0.312773  0.975201
0.468258 0.113788 0.971435  0.467263 -0.312774  0.975095
0.468259  0.11379 0.971539  0.467264 -0.312775   0.97499
0.468261 0.113792 0.971643  0.467265 -0.312776  0.974885
0.468262 0.113794 0.971746  0.467266 -0.312777   0.97478
0.468264 0.113796 0.971848  0.467267 -0.312778  0.974675
0.468265 0.113798  0.97195  0.467268 -0.312778  0.974571
0.468266   0.1138 0.972052  0.467268 -0.312779  0.974466
0.468268 0.113802 0.972154 0.467269 -0.31278  0.97436
0.468269 0.113804 0.972256   0.46727 -0.312781  0.974254
0.468269 0.113805  0.97236  0.467271 -0.312783  0.974148
0.468269 0.113807 0.972463  0.467272 -0.312784  0.974042
 0.46827 0.113809 0.972567  0.467272 -0.312785  0.973936
 0.46827 0.113811 0.972671  0.467272 -0.312786  0.973831
 0.46827 0.113813 0.972775  0.467272 -0.312787  0.973726
 0.46827 0.113814 0.972878  0.467272 -0.312788  0.973621
 0.46827 0.113816  0.97298 0.467272 -0.31279 0.973517
 0.46827 0.113817 0.973082  0.467271 -0.312791  0.973412
 0.46827 0.113818 0.973184  0.467271 -0.312792  0.973307
 0.46827  0.11382 0.973286   0.46727 -0.312793  0.973201
0.468269 0.113821 0.973388   0.46727 -0.312794  0.973095
0.468269 0.113823 0.973491   0.46727 -0.312795  0.972989
0.468268 0.113825 0.973594  0.467269 -0.312797  0.972883
0.468266 0.113826 0.973698  0.467268 -0.312798  0.972777
0.468265 0.113828 0.973802  0.467267 -0.312799  0.972672
0.468264 0.113829 0.973906 0.467266  -0.3128 0.972567
0.468262  0.11383 0.974009  0.467265 -0.312802  0.972462
0.468261 0.113832 0.974112  0.467263 -0.312803  0.972357
 0.46826 0.113833 0.974214  0.467261 -0.312804  0.972253
0.468259 0.113834 0.974316   0.46726 -0.312806  0.972147
0.468257 0.113835 0.974417  0.467258 -0.312807  0.972042
0.468256 0.113836 0.974519  0.467257 -0.312809  0.971936
0.468254 0.113837 0.974622  0.467255 -0.312811  0.971829
0.468251 0.113838 0.974725  0.467254 -0.312813  0.971724
0.468249 0.113839 0.974829  0.467252 -0.312815  0.971618
0.468246 0.113841 0.974933   0.46725 -0.312816  0.971512
0.468243 0.113842 0.975036  0.467247 -0.312818  0.971407
0.468241 0.113843  0.97514  0.467245 -0.312819  0.971303
0.468238 0.113844 0.975242  0.467242 -0.312821  0.971198
0.468236 0.113845 0.975344   0.46724 -0.312822  0.971093
0.468233 0.113846 0.975446  0.467237 -0.312824  0.970988
 0.46823 0.113846 0.975548  0.467234 -0.312826  0.970882
0.468227 0.113847  0.97565  0.467232 -0.312828  0.970776
0.468224 0.113848 0.975752 0.467229 -0.31283  0.97067
0.468221 0.113849 0.975855  0.467226 -0.312833  0.970564
0.468217  0.11385 0.975959  0.467223 -0.312835  0.970458
0.468213  0.11385 0.976062   0.46722 -0.312837  0.970353
0.468209 0.113851 0.976166  0.467217 -0.312839  0.970248
0.468205 0.113852 0.976269  0.467213 -0.312841  0.970143
0.468201 0.113853 0.976372  0.467209 -0.312844  0.970039
0.468197 0.113854 0.976474  0.467205 -0.312846  0.969934
0.468193 0.113854 0.976576  0.467202 -0.312848  0.969829
0.468189 0.113855 0.976678 0.467198 -0.31285 0.969723
0.468185 0.113856 0.976779  0.467194 -0.312852  0.969617
0.468181 0.113856 0.976881  0.467191 -0.312855  0.969511
0.468177 0.113857 0.976984  0.467187 -0.312857  0.969405
0.468172 0.113858 0.977087 0.467183 -0.31286 0.969299
0.468166 0.113859 0.977191  0.467178 -0.312862  0.969194
0.468161 0.113859 0.977295  0.467174 -0.312865  0.969089
0.468156  0.11386 0.977398  0.467169 -0.312868  0.968984
0.468151  0.11386 0.977501 0.467164 -0.31287  0.96888
0.468146  0.11386 0.977603  0.467159 -0.312873  0.968775
 0.46814 0.113861 0.977705  0.467155 -0.312876   0.96867
0.468135 0.113861 0.977806   0.46715 -0.312879  0.968564
 0.46813 0.113862 0.977908  0.467145 -0.312882  0.968458
0.468124 0.113862  0.97801   0.46714 -0.312885  0.968352
0.468119 0.113862 0.978112  0.467136 -0.312888  0.968246
0.468112 0.113863 0.978215   0.46713 -0.312891  0.968141
0.468106 0.113864 0.978319  0.467125 -0.312894  0.968035
0.468099 0.113864 0.978422  0.467119 -0.312897  0.967931
0.468093 0.113865 0.978526 0.467114  -0.3129 0.967826
0.468086 0.113865 0.978628  0.467108 -0.312903  0.967721
 0.46808 0.113865 0.978731  0.467102 -0.312906  0.967617
0.468074 0.113865 0.978833 0.467096 -0.31291 0.967512
0.468067 0.113865 0.978934   0.46709 -0.312913  0.967406
0.468061 0.113865 0.979036  0.467084 -0.312917    0.9673
0.468054 0.113865 0.979137 0.467078 -0.31292 0.967194
0.468047 0.113866 0.979239  0.467072 -0.312924  0.967088
 0.46804 0.113866 0.979342  0.467066 -0.312927  0.966983
0.468032 0.113866 0.979445   0.46706 -0.312931  0.966878
0.468025 0.113867 0.979549  0.467053 -0.312934  0.966773
0.468017 0.113867 0.979652  0.467046 -0.312938  0.966668
0.468009 0.113867 0.979755  0.467039 -0.312941  0.966564
0.468001 0.113868 0.979857  0.467032 -0.312945  0.966459
0.467994 0.113868 0.979959  0.467025 -0.312949  0.966354
0.467986 0.113868 0.980061  0.467018 -0.312953  0.966249
0.467979 0.113868 0.980162  0.467011 -0.312957  0.966143
0.467971 0.113868 0.980263  0.467004 -0.312961  0.966037
0.467963 0.113868 0.980365  0.466997 -0.312965  0.965932
0.467954 0.113868 0.980467   0.46699 -0.312969  0.965826
0.467946 0.113868  0.98057  0.466982 -0.312973  0.965721
0.467937 0.113868 0.980674  0.466975 -0.312977  0.965616
0.467928 0.113868 0.980777  0.466967 -0.312981  0.965512
0.467919 0.113869  0.98088  0.466959 -0.312985  0.965407
 0.46791 0.113869 0.980982  0.466951 -0.312989  0.965303
0.467901 0.113869 0.981084  0.466943 -0.312993  0.965198
0.467892 0.113869 0.981186  0.466935 -0.312997  0.965093
0.467883 0.113869 0.981287  0.466927 -0.313002  0.964987
0.467875 0.113869 0.981388  0.466919 -0.313006  0.964881
0.467865 0.113869  0.98149 0.466911 -0.31301 0.964776
0.467856 0.113869 0.981592  0.466903 -0.313015  0.964671
0.467846 0.113869 0.981694  0.466894 -0.313019  0.964566
0.467836 0.113869 0.981798  0.466885 -0.313024  0.964461
0.467826 0.113869 0.981901  0.466876 -0.313029  0.964357
0.467816 0.113869 0.982004  0.466867 -0.313033  0.964252
0.467806 0.113869 0.982106  0.466858 -0.313037  0.964148
0.467796 0.113869 0.982208  0.466849 -0.313042  0.964043
0.467786 0.113869 0.982309   0.46684 -0.313046  0.963938
0.467776 0.113868  0.98241  0.466831 -0.313051  0.963832
0.467766 0.113868 0.982511  0.466822 -0.313056  0.963727
0.467756 0.113868 0.982613  0.466813 -0.313061  0.963621
0.467745 0.113868 0.982714  0.466804 -0.313065  0.963516
0.467734 0.113868 0.982817 0.466794 -0.31307 0.963411
0.467723 0.113868  0.98292  0.466785 -0.313075  0.963307
0.467712 0.113868 0.983023 0.466775 -0.31308 0.963203
0.467701 0.113868 0.983126  0.466764 -0.313085  0.963098
0.467689 0.113868 0.983228 0.466754 -0.31309 0.962994
0.467678 0.113868  0.98333  0.466744 -0.313095   0.96289
0.467667 0.113868 0.983431 0.466734  -0.3131 0.962784
0.467656 0.113867 0.983532  0.466724 -0.313105  0.962679
0.467645 0.113867 0.983633 0.466714 -0.31311 0.962573
0.467634 0.113867 0.983734  0.466704 -0.313116  0.962468
0.467622 0.113866 0.983835  0.466694 -0.313121  0.962363
 0.46761 0.113866 0.983937  0.466683 -0.313126  0.962258
0.467598 0.113866  0.98404  0.466672 -0.313131  0.962154
0.467585 0.113866 0.984143  0.466661 -0.313136   0.96205
0.467573 0.113866 0.984246   0.46665 -0.313141  0.961946
 0.46756 0.113866 0.984348  0.466639 -0.313147  0.961842
0.467548 0.113866  0.98445  0.466628 -0.313152  0.961737
0.467536 0.113866 0.984551  0.466617 -0.313157  0.961633
0.467524 0.113865 0.984652  0.466606 -0.313163  0.961527
0.467511 0.113865 0.984753  0.466595 -0.313169  0.961422
0.467499 0.113864 0.984854  0.466583 -0.313175  0.961317
0.467486 0.113864 0.984955 0.466572 -0.31318 0.961212
0.467473 0.113864 0.985056   0.46656 -0.313186  0.961108
 0.46746 0.113864 0.985159  0.466548 -0.313191  0.961003
0.467446 0.113864 0.985262  0.466536 -0.313197  0.960899
0.467432 0.113863 0.985364  0.466524 -0.313202  0.960796
0.467419 0.113863 0.985467  0.466512 -0.313208  0.960692
0.467405 0.113863 0.985569  0.466499 -0.313213  0.960587
0.467391 0.113863  0.98567  0.466487 -0.313219  0.960483
0.467378 0.113863 0.985771  0.466475 -0.313225  0.960378
0.467364 0.113862 0.985872  0.466463 -0.313231  0.960273
0.467351 0.113862 0.985972   0.46645 -0.313237  0.960168
0.467337 0.113862 0.986073  0.466438 -0.313243  0.960063
0.467323 0.113861 0.986174  0.466425 -0.313249  0.959959
0.467309 0.113861 0.986276  0.466412 -0.313255  0.959855
0.467294 0.113861 0.986379  0.466399 -0.313261  0.959751
0.467279  0.11386 0.986482  0.466385 -0.313267  0.959648
0.467264  0.11386 0.986584  0.466372 -0.313273  0.959544
0.467249  0.11386 0.986686  0.466358 -0.313279   0.95944
0.467234 0.113859 0.986787  0.466345 -0.313285  0.959336
0.467219 0.113859 0.986888  0.466332 -0.313291  0.959231
0.467204 0.113859 0.986989  0.466318 -0.313297  0.959126
0.467189 0.113858 0.987089  0.466305 -0.313303  0.959022
0.467174 0.113858  0.98719  0.466291 -0.313309  0.958917
0.467159 0.113858 0.987291  0.466277 -0.313315  0.958813
0.467144 0.113857 0.987393  0.466263 -0.313322   0.95871
0.467128 0.113857 0.987495  0.466248 -0.313328  0.958606
0.467111 0.113857 0.987598  0.466234 -0.313334  0.958503
0.467095 0.113857   0.9877 0.466219 -0.31334   0.9584
0.467079 0.113856 0.987802  0.466205 -0.313347  0.958296
0.467063 0.113856 0.987903   0.46619 -0.313353  0.958192
0.467047 0.113855 0.988004 0.466175 -0.31336 0.958087
0.467031 0.113855 0.988105  0.466161 -0.313367  0.957983
0.467014 0.113854 0.988206  0.466146 -0.313373  0.957879
0.466998 0.113854 0.988306 0.466131 -0.31338 0.957775
0.466981 0.113853 0.988407  0.466116 -0.313386  0.957671
0.466965 0.113853 0.988508    0.4661 -0.313392  0.957568
0.466947 0.113853  0.98861  0.466085 -0.313399  0.957464
 0.46693 0.113852 0.988713  0.466069 -0.313405  0.957361
0.466912 0.113852 0.988815  0.466053 -0.313412  0.957258
0.466894 0.113852 0.988917  0.466037 -0.313419  0.957155
0.466877 0.113852 0.989019  0.466021 -0.313425  0.957051
 0.46686 0.113851  0.98912  0.466006 -0.313432  0.956947
0.466842  0.11385  0.98922   0.46599 -0.313439  0.956843
0.466825  0.11385 0.989321  0.465974 -0.313446  0.956739
0.466807 0.113849 0.989421  0.465958 -0.313453  0.956635
 0.46679 0.113848 0.989521 0.465941 -0.31346 0.956532
0.466771 0.113848 0.989622  0.465925 -0.313466  0.956429
0.466753 0.113848 0.989724  0.465908 -0.313473  0.956326
0.466734 0.113847 0.989826 0.465891 -0.31348 0.956223
0.466715 0.113847 0.989929  0.465874 -0.313487   0.95612
0.466696 0.113847 0.990031  0.465857 -0.313494  0.956017
0.466677 0.113847 0.990132   0.46584 -0.313501  0.955914
0.466659 0.113846 0.990233  0.465823 -0.313508   0.95581
 0.46664 0.113846 0.990334  0.465806 -0.313515  0.955706
0.466621 0.113845 0.990434  0.465788 -0.313522  0.955602
0.466603 0.113845 0.990534  0.465771 -0.313529  0.955499
0.466584 0.113844 0.990634  0.465753 -0.313536  0.955396
0.466564 0.113843 0.990735  0.465735 -0.313543  0.955293
0.466545 0.113843 0.990836 0.465717 -0.31355 0.955191
0.466525 0.113843 0.990938  0.465699 -0.313557  0.955088
0.466505 0.113842  0.99104  0.465681 -0.313564  0.954986
0.466484 0.113842 0.991142  0.465663 -0.313571  0.954883
0.466464 0.113842 0.991244  0.465645 -0.313578   0.95478
0.466444 0.113841 0.991345  0.465627 -0.313585  0.954676
0.466424 0.113841 0.991445  0.465608 -0.313593  0.954572
0.466404  0.11384 0.991545  0.46559  -0.3136 0.954469
0.466384  0.11384 0.991645  0.465571 -0.313607  0.954366
0.466364 0.113839 0.991745  0.465552 -0.313615  0.954263
0.466343 0.113839 0.991845  0.465533 -0.313622  0.954161
0.466323 0.113839 0.991946  0.465514 -0.313629  0.954058
0.466302 0.113838 0.992048  0.465495 -0.313637  0.953956
 0.46628 0.113838  0.99215  0.465475 -0.313644  0.953854
0.466259 0.113837 0.992252  0.465456 -0.313651  0.953752
0.466237 0.113837 0.992353  0.465437 -0.313659  0.953649
0.466216 0.113836 0.992454  0.465417 -0.313666  0.953545
0.466195 0.113836 0.992554  0.465398 -0.313673  0.953442
0.466173 0.113835 0.992654 0.465378 -0.31368 0.953339
0.466152 0.113834 0.992754  0.465359 -0.313688  0.953236
0.466131 0.113834 0.992854  0.465339 -0.313695  0.953134
0.466109 0.113834 0.992954  0.465318 -0.313702  0.953031
0.466087 0.113833 0.993054 0.465298 -0.31371 0.952929
0.466065 0.113833 0.993155  0.465278 -0.313717  0.952828
0.466042 0.113832 0.993257  0.465257 -0.313725  0.952726
0.466019 0.113832 0.993359  0.465236 -0.313732  0.952623
0.465997 0.113832  0.99346 0.465216 -0.31374 0.952521
0.465974 0.113831 0.993561  0.465195 -0.313747  0.952418
0.465952 0.113831 0.993662  0.465175 -0.313755  0.952315
0.465929  0.11383 0.993761  0.465154 -0.313763  0.952212
0.465907 0.113829 0.993861 0.465133 -0.31377 0.952109
0.465884 0.113829  0.99396  0.465112 -0.313778  0.952007
0.465861 0.113828  0.99406  0.465091 -0.313785  0.951905
0.465838 0.113827  0.99416  0.465069 -0.313792  0.951804
0.465815 0.113827 0.994261  0.465047 -0.313799  0.951702
0.465791 0.113827 0.994362  0.465026 -0.313807    0.9516
0.465767 0.113827 0.994464  0.465004 -0.313814  0.951498
0.465743 0.113826 0.994565  0.464982 -0.313822  0.951396
0.465719 0.113826 0.994666  0.464961 -0.313829  0.951293
0.465695 0.113825 0.994766  0.464939 -0.313837  0.951191
0.465671 0.113825 0.994866  0.464917 -0.313845  0.951088
0.465648 0.113824 0.994965  0.464895 -0.313852  0.950986
0.465624 0.113823 0.995065 0.464872 -0.31386 0.950884
  0.4656 0.113823 0.995164   0.46485 -0.313867  0.950782
0.465576 0.113822 0.995263  0.464827 -0.313874  0.950681
0.465551 0.113822 0.995364  0.464804 -0.313881   0.95058
0.465526 0.113821 0.995465  0.464782 -0.313889  0.950478
0.465501 0.113821 0.995566  0.464759 -0.313896  0.950377
0.465476  0.11382 0.995667  0.464736 -0.313903  0.950275
 0.46545  0.11382 0.995768  0.464713 -0.313911  0.950172
0.465425  0.11382 0.995868   0.46469 -0.313918   0.95007
  0.4654 0.113819 0.995968  0.464667 -0.313925  0.949968
0.465375 0.113819 0.996068  0.464644 -0.313933  0.949866
 0.46535 0.113818 0.996167  0.46462 -0.31394 0.949764
0.465325 0.113818 0.996266  0.464597 -0.313948  0.949663
  0.4653 0.113817 0.996365  0.464573 -0.313955  0.949562
0.465274 0.113817 0.996465  0.464549 -0.313962  0.949461
0.465248 0.113816 0.996565 0.464525 -0.31397  0.94936
0.465222 0.113816 0.996666  0.464501 -0.313977  0.949258
0.465195 0.113816 0.996767  0.464477 -0.313984  0.949156
0.465169 0.113815 0.996868  0.464453 -0.313991  0.949054
0.465143 0.113814 0.996968  0.464429 -0.313998  0.948952
0.465116 0.113814 0.997068  0.464404 -0.314005   0.94885
 0.46509 0.113813 0.997167   0.46438 -0.314012  0.948749
0.465064 0.113813 0.997266  0.464355 -0.314019  0.948647
0.465037 0.113812 0.997365   0.46433 -0.314027  0.948546
0.465011 0.113812 0.997464  0.464305 -0.314034  0.948446
0.464984 0.113812 0.997564   0.46428 -0.314041  0.948345
0.464957 0.113811 0.997664  0.464255 -0.314048  0.948244
 0.46493 0.113811 0.997764   0.46423 -0.314055  0.948143
0.464902  0.11381 0.997865  0.464205 -0.314062  0.948042
0.464874  0.11381 0.997966   0.46418 -0.314069   0.94794
0.464847  0.11381 0.998066  0.464154 -0.314077  0.947838
0.464819 0.113809 0.998166  0.464129 -0.314084  0.947737
0.464792 0.113808 0.998265  0.464103 -0.314091  0.947635
0.464764 0.113808 0.998364  0.464078 -0.314098  0.947535
0.464737 0.113807 0.998463  0.464052 -0.314105  0.947434
0.464709 0.113806 0.998562  0.464026 -0.314112  0.947333
0.464681 0.113806 0.998661  0.463999 -0.314119  0.947233
0.464653 0.113806 0.998761  0.463973 -0.314126  0.947133
0.464625 0.113805 0.998861  0.463947 -0.314132  0.947032
0.464596 0.113805 0.998962   0.46392 -0.314139  0.946931
0.464567 0.113805 0.999063  0.463894 -0.314147  0.946829
0.464538 0.113804 0.999163  0.463868 -0.314154  0.946728
 0.46451 0.113804 0.999263  0.463841 -0.314161  0.946627
0.464481 0.113804 0.999362  0.463814 -0.314168  0.946526
0.464452 0.113803 0.999461  0.463787 -0.314175  0.946425
0.464423 0.113802  0.99956   0.46376 -0.314182  0.946325
0.464395 0.113802 0.999658  0.463733 -0.314188  0.946225
0.464366 0.113801 0.999757  0.463705 -0.314195  0.946125
0.464336 0.113801 0.999856  0.463678 -0.314202  0.946025
0.464307   0.1138 0.999956  0.463651 -0.314208  0.945924
0.464277   0.1138  1.00006  0.463623 -0.314215  0.945824
0.464247   0.1138  1.00016  0.463596 -0.314222  0.945723
0.464217 0.113799  1.00026  0.463568 -0.314229  0.945622
0.464187 0.113799  1.00036   0.46354 -0.314236  0.945521
0.464157 0.113799  1.00046  0.463512 -0.314242   0.94542
0.464127 0.113798  1.00056  0.463484 -0.314249   0.94532
0.464097 0.113798  1.00065  0.463456 -0.314256   0.94522
0.464067 0.113798  1.00075  0.463427 -0.314262   0.94512
0.464037 0.113797  1.00085  0.463399 -0.314269  0.945021
0.464007 0.113797  1.00095   0.46337 -0.314276  0.944921
0.463976 0.113797  1.00105  0.463342 -0.314283  0.944821
0.463945 0.113796  1.00115  0.463313 -0.314289  0.944721
0.463914 0.113796  1.00125  0.463284 -0.314296   0.94462
0.463883 0.113795  1.00135  0.463256 -0.314303  0.944519
0.463852 0.113795  1.00145  0.463227 -0.314309  0.944419
0.463821 0.113794  1.00155  0.463198 -0.314316  0.944319
 0.46379 0.113794  1.00165  0.463168 -0.314322  0.944219
0.463759 0.113793  1.00175  0.463139 -0.314329  0.944119
0.463728 0.113793  1.00185  0.463109 -0.314336   0.94402
0.463696 0.113793  1.00194   0.46308 -0.314342  0.943921
0.463665 0.113793  1.00204   0.46305 -0.314349  0.943822
0.463633 0.113792  1.00214   0.46302 -0.314355  0.943722
0.463602 0.113792  1.00224   0.46299 -0.314362  0.943622
 0.46357 0.113792  1.00234   0.46296 -0.314369  0.943522
0.463538 0.113791  1.00244  0.462931 -0.314375  0.943422
0.463506 0.113791  1.00254  0.462901 -0.314382  0.943322
0.463474  0.11379  1.00264   0.46287 -0.314388  0.943222
0.463442  0.11379  1.00274   0.46284 -0.314395  0.943122
 0.46341 0.113789  1.00284  0.462809 -0.314401  0.943023
0.463378 0.113789  1.00294  0.462779 -0.314407  0.942924
0.463345 0.113789  1.00304  0.462748 -0.314414  0.942825
0.463313 0.113788  1.00314 0.462717 -0.31442 0.942727
0.463281 0.113788  1.00324  0.462686 -0.314427  0.942627
0.463248 0.113788  1.00333  0.462655 -0.314433  0.942528
0.463215 0.113788  1.00344 0.462624 -0.31444 0.942428
0.463182 0.113787  1.00354  0.462593 -0.314446  0.942328
0.463149 0.113787  1.00364  0.462562 -0.314453  0.942229
0.463116 0.113787  1.00374   0.46253 -0.314459  0.942129
0.463083 0.113787  1.00384  0.462499 -0.314465   0.94203
 0.46305 0.113786  1.00394  0.462467 -0.314472  0.941932
0.463017 0.113786  1.00403  0.462435 -0.314478  0.941833
0.462984 0.113786  1.00413  0.462403 -0.314484  0.941735
0.462951 0.113785  1.00423 0.462371 -0.31449 0.941636
0.462918 0.113785  1.00433  0.462339 -0.314496  0.941537
0.462885 0.113784  1.00443  0.462307 -0.314502  0.941438
0.462851 0.113784  1.00453  0.462275 -0.314509  0.941339
0.462817 0.113784  1.00463  0.462242 -0.314515   0.94124
0.462783 0.113784  1.00473   0.46221 -0.314521  0.941141
 0.46275 0.113784  1.00483  0.462177 -0.314528  0.941042
0.462716 0.113784  1.00493  0.462145 -0.314534  0.940943
0.462682 0.113783  1.00503 0.462112 -0.31454 0.940845
0.462648 0.113783  1.00513  0.462079 -0.314546  0.940747
0.462614 0.113783  1.00523  0.462045 -0.314552  0.940649
0.462581 0.113783  1.00533  0.462012 -0.314558  0.940551
0.462547 0.113783  1.00543  0.461979 -0.314564  0.940452
0.462513 0.113783  1.00553 0.461946 -0.31457 0.940354
0.462478 0.113782  1.00563  0.461912 -0.314577  0.940255
0.462444 0.113782  1.00574  0.461879 -0.314583  0.940156
0.462409 0.113782  1.00584  0.461846 -0.314589  0.940057
0.462375 0.113782  1.00594  0.461812 -0.314595  0.939959
 0.46234 0.113781  1.00604  0.461778 -0.314601  0.939861
0.462305 0.113781  1.00614  0.461744 -0.314607  0.939763
0.462271 0.113781  1.00624   0.46171 -0.314612  0.939665
0.462236 0.113781  1.00634  0.461675 -0.314618  0.939568
0.462201 0.113781  1.00644  0.461641 -0.314624   0.93947
0.462167 0.113781  1.00654 0.461606 -0.31463 0.939372
0.462132 0.113781  1.00664  0.461572 -0.314637  0.939274
0.462097 0.113781  1.00674  0.461538 -0.314643  0.939176
0.462062 0.113781  1.00684  0.461503 -0.314649  0.939077
0.462026 0.113781  1.00695  0.461468 -0.314655  0.938979
0.461991 0.113781  1.00705  0.461434 -0.314661  0.938881
0.461956 0.113781  1.00715  0.461399 -0.314666  0.938784
0.46192 0.11378 1.00725  0.461363 -0.314672  0.938686
0.461885  0.11378  1.00735  0.461328 -0.314678  0.938589
0.46185 0.11378 1.00745  0.461292 -0.314684  0.938492
0.461814  0.11378  1.00755 0.461257 -0.31469 0.938395
0.461779  0.11378  1.00765  0.461221 -0.314695  0.938298
0.461743  0.11378  1.00775  0.461186 -0.314701    0.9382
0.461707  0.11378  1.00786   0.46115 -0.314707  0.938102
0.461671  0.11378  1.00796  0.461115 -0.314713  0.938004
0.461635  0.11378  1.00806  0.461079 -0.314719  0.937907
0.461599  0.11378  1.00816  0.461043 -0.314725  0.937809
0.461563  0.11378  1.00826  0.461007 -0.314731  0.937712
0.461527  0.11378  1.00837   0.46097 -0.314736  0.937615
0.461491  0.11378  1.00847  0.460934 -0.314742  0.937519
0.461455  0.11378  1.00857  0.460897 -0.314747  0.937422
0.461419 0.113779  1.00867   0.46086 -0.314753  0.937325
0.461382 0.113779  1.00877  0.460824 -0.314759  0.937228
0.461346 0.113779  1.00887  0.460787 -0.314764  0.937131
 0.46131 0.113779  1.00898  0.46075 -0.31477 0.937034
0.461273 0.113779  1.00908  0.460714 -0.314776  0.936936
0.461236 0.113779  1.00918  0.460677 -0.314782  0.936839
0.461199 0.113779  1.00928  0.460639 -0.314787  0.936742
0.461162 0.113779  1.00939  0.460602 -0.314793  0.936646
0.461125 0.113779  1.00949  0.460565 -0.314798  0.936549
0.461088 0.113779  1.00959  0.460527 -0.314804  0.936453
0.461051 0.113779  1.00969  0.460489 -0.314809  0.936357
0.461015 0.113779   1.0098  0.460451 -0.314814  0.936261
0.460978 0.113779   1.0099 0.460414 -0.31482 0.936165
0.460941 0.113779     1.01  0.460376 -0.314825  0.936068
0.460904 0.113779   1.0101  0.460338 -0.314831  0.935971
0.460866 0.113779   1.0102    0.4603 -0.314836  0.935874
0.460829 0.113779  1.01031  0.460262 -0.314842  0.935777
0.460791 0.113779  1.01041  0.460224 -0.314847  0.935681
0.460754 0.113778  1.01051  0.460185 -0.314853  0.935585
0.460716 0.113778  1.01062  0.460147 -0.314858  0.935489
0.460678 0.113779  1.01072  0.460108 -0.314863  0.935394
 0.46064 0.113779  1.01082  0.460069 -0.314869  0.935298
0.460602 0.113779  1.01093   0.46003 -0.314874  0.935202
0.460565 0.113779  1.01103  0.459991 -0.314879  0.935106
0.460527 0.113779  1.01113  0.459952 -0.314885   0.93501
0.460489 0.113779  1.01123 0.459913 -0.31489 0.934914
0.460451 0.113779  1.01133  0.459874 -0.314895  0.934817
0.460413 0.113779  1.01144  0.459835 -0.314901  0.934721
0.460375 0.113779  1.01154  0.459795 -0.314906  0.934625
0.460336 0.113779  1.01165  0.459756 -0.314911   0.93453
0.460298 0.113779  1.01175  0.459716 -0.314916  0.934434
0.460259 0.113779  1.01185  0.459676 -0.314921  0.934339
0.460221 0.113779  1.01196  0.459636 -0.314927  0.934244
0.460183 0.113779  1.01206  0.459596 -0.314932  0.934149
0.460144 0.113779  1.01216  0.459556 -0.314937  0.934054
0.460106 0.113779  1.01227  0.459516 -0.314942  0.933958
0.460067 0.113779  1.01237  0.459476 -0.314948  0.933862
0.460028 0.113779  1.01247  0.459436 -0.314953  0.933766
0.459989 0.113779  1.01257  0.459396 -0.314958  0.933671
 0.45995 0.113779  1.01268  0.459355 -0.314963  0.933575
0.459911 0.113779  1.01278  0.459314 -0.314968   0.93348
0.459872 0.113779  1.01289  0.459274 -0.314973  0.933386
0.459832 0.113779  1.01299  0.459232 -0.314978  0.933291
0.459793 0.113779   1.0131  0.459191 -0.314983  0.933196
0.459754 0.113779   1.0132   0.45915 -0.314988  0.933102
0.459715 0.113779   1.0133  0.459109 -0.314993  0.933007
0.459676 0.113779  1.01341  0.459068 -0.314998  0.932912
0.459636 0.113779  1.01351  0.459027 -0.315003  0.932816
0.459597 0.113779  1.01361  0.458985 -0.315008  0.932721
0.459557 0.113779  1.01372  0.458944 -0.315013  0.932626
0.459518 0.113779  1.01382  0.458902 -0.315018  0.932531
0.459478 0.113779  1.01393  0.458861 -0.315023  0.932437
0.459437  0.11378  1.01403  0.458819 -0.315028  0.932342
0.459397  0.11378  1.01414  0.458777 -0.315033  0.932248
0.459357  0.11378  1.01424  0.458734 -0.315038  0.932154
0.459317  0.11378  1.01434  0.458692 -0.315042   0.93206
0.459277  0.11378  1.01445   0.45865 -0.315047  0.931966
0.459237  0.11378  1.01455  0.458608 -0.315052  0.931871
0.459197  0.11378  1.01465  0.458565 -0.315057  0.931776
0.459157  0.11378  1.01476  0.458523 -0.315062  0.931682
0.459117  0.11378  1.01486   0.45848 -0.315067  0.931587
0.459077  0.11378  1.01497  0.458438 -0.315071  0.931493
0.459036  0.11378  1.01507  0.458395 -0.315076  0.931399
0.458995  0.11378  1.01518  0.458352 -0.315081  0.931305
0.458954  0.11378  1.01528  0.458309 -0.315085  0.931212
0.458913  0.11378  1.01539 0.458265 -0.31509 0.931118
0.458873  0.11378  1.01549  0.458222 -0.315095  0.931025
0.458832  0.11378   1.0156 0.458179  -0.3151 0.930931
0.458791 0.113781   1.0157  0.458135 -0.315104  0.930837
 0.45875 0.113781   1.0158  0.458092 -0.315109  0.930743
0.458709 0.113781  1.01591  0.458049 -0.315114  0.930648
0.458669 0.113781  1.01601  0.458005 -0.315118  0.930554
0.458628 0.113781  1.01612  0.457961 -0.315123  0.930461
0.458586 0.113781  1.01622  0.457917 -0.315128  0.930367
0.458545 0.113781  1.01633  0.457873 -0.315132  0.930274
0.458503 0.113781  1.01643  0.457829 -0.315137  0.930181
0.458462 0.113781  1.01654  0.457784 -0.315141  0.930088
 0.45842 0.113781  1.01664   0.45774 -0.315146  0.929995
0.458378 0.113781  1.01675 0.457696 -0.31515 0.929902
0.458337 0.113781  1.01685  0.457651 -0.315155  0.929809
0.458295 0.113782  1.01696  0.457607 -0.315159  0.929715
0.458253 0.113782  1.01706  0.457562 -0.315164  0.929621
0.458212 0.113782  1.01716  0.457517 -0.315168  0.929528
 0.45817 0.113782  1.01727  0.457473 -0.315173  0.929435
0.458128 0.113782  1.01737  0.457428 -0.315177  0.929342
0.458086 0.113783  1.01748  0.457382 -0.315182  0.929249
0.458043 0.113783  1.01759  0.457337 -0.315186  0.929157
0.458001 0.113783  1.01769 0.457292 -0.31519 0.929064
0.457959 0.113783   1.0178  0.457246 -0.315195  0.928972
0.457917 0.113783   1.0179  0.457201 -0.315199  0.928879
0.457874 0.113783  1.01801  0.457155 -0.315204  0.928786
0.457832 0.113783  1.01811   0.45711 -0.315208  0.928693
 0.45779 0.113783  1.01822  0.457064 -0.315212    0.9286
0.457747 0.113783  1.01832  0.457018 -0.315217  0.928507
0.457705 0.113783  1.01843  0.456972 -0.315221  0.928415
0.457662 0.113784  1.01853  0.456926 -0.315225  0.928323
0.457619 0.113784  1.01864   0.45688 -0.315229   0.92823
0.457575 0.113784  1.01874  0.456833 -0.315233  0.928139
0.457532 0.113784  1.01885  0.456787 -0.315238  0.928047
0.457489 0.113784  1.01895   0.45674 -0.315242  0.927955
0.457446 0.113785  1.01906  0.456694 -0.315246  0.927863
0.457402 0.113785  1.01917 0.456647 -0.31525 0.927771
0.457359 0.113785  1.01927  0.456601 -0.315255  0.927678
0.457316 0.113785  1.01937  0.456554 -0.315259  0.927586
0.457273 0.113785  1.01948  0.456507 -0.315263  0.927493
 0.45723 0.113785  1.01958   0.45646 -0.315267  0.927401
0.457186 0.113785  1.01969  0.456413 -0.315271   0.92731
0.457142 0.113785  1.01979  0.456366 -0.315275  0.927218
0.457098 0.113785   1.0199  0.456318 -0.315279  0.927127
0.457053 0.113786  1.02001  0.456271 -0.315283  0.927036
0.457008 0.113786  1.02011  0.456223 -0.315287  0.926944
0.456964 0.113786  1.02022  0.456176 -0.315291  0.926853
0.456919 0.113787  1.02032  0.456128 -0.315295  0.926761
0.456875 0.113787  1.02043   0.45608 -0.315299  0.926669
0.456831 0.113787  1.02053  0.456033 -0.315304  0.926577
0.456786 0.113787  1.02063  0.455985 -0.315308  0.926486
0.456742 0.113787  1.02074  0.455937 -0.315312  0.926394
0.456697 0.113787  1.02084  0.455889 -0.315315  0.926303
0.456652 0.113787  1.02095   0.45584 -0.315319  0.926212
0.456606 0.113787  1.02105  0.455792 -0.315323  0.926121
 0.45656 0.113788  1.02116  0.455743 -0.315327   0.92603
0.456513 0.113788  1.02126  0.455695 -0.315331   0.92594
0.456467 0.113788  1.02137  0.455646 -0.315335  0.925849
0.456421 0.113788  1.02147  0.455597 -0.315339  0.925758
0.456375 0.113789  1.02157  0.455549 -0.315343  0.925666
0.456329 0.113789  1.02168    0.4555 -0.315347  0.925575
0.456283 0.113789  1.02178 0.455451 -0.31535 0.925484
0.456237 0.113789  1.02188  0.455402 -0.315354  0.925393
0.45619 0.11379 1.02198  0.455353 -0.315358  0.925302
0.456143  0.11379  1.02208  0.455304 -0.315362  0.925212
0.456096  0.11379  1.02219  0.455254 -0.315366  0.925121
0.456048 0.113791  1.02229 0.455205 -0.31537 0.925031
   0.456 0.113791  1.02239  0.455155 -0.315373  0.924941
0.455952 0.113791   1.0225  0.455106 -0.315377   0.92485
0.455905 0.113791   1.0226  0.455056 -0.315381   0.92476
0.455857 0.113791   1.0227  0.455006 -0.315384  0.924669
0.455809 0.113791   1.0228  0.454956 -0.315388  0.924578
0.455761 0.113791   1.0229  0.454906 -0.315392  0.924488
0.455713 0.113791    1.023  0.454856 -0.315396  0.924398
0.455665 0.113791   1.0231  0.454806 -0.315399  0.924307
0.455616 0.113791   1.0232  0.454756 -0.315403  0.924217
0.455567 0.113791   1.0233  0.454706 -0.315407  0.924127
0.455518 0.113792   1.0234 0.454655 -0.31541 0.924037
0.455468 0.113792   1.0235  0.454605 -0.315414  0.923947
0.455418 0.113792  1.02361  0.454554 -0.315417  0.923857
0.455369 0.113792  1.02371  0.454504 -0.315421  0.923767
0.455319 0.113792  1.02381  0.454453 -0.315425  0.923677
0.455269 0.113792   1.0239  0.454402 -0.315428  0.923587
 0.45522 0.113792    1.024  0.454351 -0.315432  0.923497
 0.45517 0.113792   1.0241    0.4543 -0.315435  0.923407
 0.45512 0.113791   1.0242  0.454249 -0.315439  0.923317
 0.45507 0.113791   1.0243  0.454198 -0.315443  0.923227
 0.45502 0.113792  1.02439  0.454147 -0.315446  0.923137
0.454968 0.113792  1.02449 0.454095 -0.31545 0.923047
0.454917 0.113792  1.02459  0.454044 -0.315453  0.922957
0.454865 0.113792  1.02469  0.453993 -0.315457  0.922867
0.454813 0.113793  1.02479 0.453941 -0.31546 0.922778
0.454762 0.113793  1.02489   0.45389 -0.315464  0.922688
 0.45471 0.113793  1.02498  0.453838 -0.315467  0.922598
0.454659 0.113793  1.02508  0.453786 -0.315471  0.922508
0.454608 0.113793  1.02517  0.453734 -0.315474  0.922418
0.454556 0.113793  1.02527  0.453682 -0.315478  0.922328
0.454504 0.113792  1.02536   0.45363 -0.315482  0.922238
0.454452 0.113792  1.02546  0.453578 -0.315485  0.922148
  0.4544 0.113792  1.02556  0.453526 -0.315489  0.922059
0.454347 0.113792  1.02565  0.453474 -0.315492  0.921969
0.454293 0.113793  1.02575  0.453422 -0.315496  0.921879
 0.45424 0.113793  1.02584   0.45337 -0.315499  0.921789
0.454186 0.113793  1.02594  0.453317 -0.315503  0.921699
0.454133 0.113794  1.02603  0.453265 -0.315506  0.921608
 0.45408 0.113794  1.02613 0.453212 -0.31551 0.921518
0.454027 0.113794  1.02622   0.45316 -0.315513  0.921428
0.453973 0.113794  1.02632  0.453107 -0.315517  0.921338
 0.45392 0.113794  1.02641 0.453055 -0.31552 0.921248
0.453867 0.113794   1.0265  0.453002 -0.315524  0.921158
0.453813 0.113794   1.0266  0.452949 -0.315527  0.921068
0.453758 0.113795  1.02669  0.452896 -0.315531  0.920977
0.453703 0.113795  1.02678  0.452843 -0.315534  0.920887
0.453648 0.113795  1.02688   0.45279 -0.315538  0.920797
0.453593 0.113795  1.02697  0.452737 -0.315541  0.920706
0.453538 0.113795  1.02706  0.452684 -0.315545  0.920616
0.453483 0.113795  1.02716  0.452631 -0.315548  0.920525
0.453428 0.113795  1.02725  0.452578 -0.315552  0.920434
0.453373 0.113795  1.02734  0.452524 -0.315555  0.920344
0.453318 0.113795  1.02743  0.452471 -0.315559  0.920253
0.453263 0.113796  1.02752  0.452417 -0.315562  0.920162
0.453208 0.113796  1.02761  0.452364 -0.315565  0.920072
0.453152 0.113796  1.02771   0.45231 -0.315568  0.919981
0.453096 0.113797   1.0278  0.452257 -0.315572   0.91989
0.453039 0.113797  1.02789  0.452203 -0.315575  0.919799
0.452982 0.113797  1.02798  0.452149 -0.315578  0.919708
0.452926 0.113798  1.02807  0.452095 -0.315581  0.919617
0.452869 0.113798  1.02816  0.452041 -0.315584  0.919526
0.452813 0.113798  1.02825  0.451987 -0.315586  0.919434
0.452757 0.113798  1.02834  0.451933 -0.315589  0.919343
0.452701 0.113798  1.02843  0.451879 -0.315592  0.919252
0.452644 0.113798  1.02852  0.451824 -0.315594  0.919161
0.452587 0.113798  1.02861   0.45177 -0.315597  0.919069
 0.45253 0.113798   1.0287 0.451716  -0.3156 0.918978
0.452472 0.113799  1.02879  0.451661 -0.315602  0.918886
0.452414 0.113799  1.02888  0.451607 -0.315604  0.918795
0.452356   0.1138  1.02897  0.451552 -0.315607  0.918703
0.452298   0.1138  1.02906  0.451497 -0.315609  0.918611
 0.45224 0.113801  1.02915  0.451442 -0.315611  0.918519
0.452182 0.113801  1.02924  0.451388 -0.315613  0.918427
0.452124 0.113801  1.02933  0.451333 -0.315615  0.918335
0.452066 0.113801  1.02941  0.451278 -0.315617  0.918243
0.452009 0.113801   1.0295  0.451223 -0.315618  0.918151
0.451951 0.113801  1.02959 0.451167 -0.31562 0.918059
0.451892 0.113802  1.02968  0.451112 -0.315622  0.917967
0.451833 0.113802  1.02977  0.451057 -0.315623  0.917875
0.451774 0.113802  1.02985  0.451002 -0.315625  0.917782
0.451714 0.113803  1.02994  0.450946 -0.315626   0.91769
0.451655 0.113804  1.03003  0.450891 -0.315627  0.917597
0.451595 0.113804  1.03012  0.450835 -0.315628  0.917505
0.451536 0.113805  1.03021  0.450779 -0.315629  0.917412
0.451477 0.113805  1.03029 0.450724 -0.31563  0.91732
0.451418 0.113806  1.03038  0.450668 -0.315631  0.917227
0.451359 0.113806  1.03047  0.450612 -0.315632  0.917134
0.451299 0.113807  1.03055  0.450556 -0.315633  0.917041
 0.45124 0.113807  1.03064    0.4505 -0.315634  0.916949
 0.45118 0.113808  1.03072  0.450444 -0.315634  0.916856
0.451119 0.113808  1.03081  0.450388 -0.315634  0.916763
0.451059 0.113809   1.0309  0.450332 -0.315635  0.916669
0.450998 0.113809  1.03099  0.450275 -0.315635  0.916576
0.450937  0.11381  1.03107  0.450219 -0.315635  0.916483
0.450876  0.11381  1.03116  0.450163 -0.315635   0.91639
0.450816 0.113811  1.03124  0.450106 -0.315635  0.916296
0.450755 0.113812  1.03133   0.45005 -0.315635  0.916203
0.450695 0.113812  1.03141  0.449993 -0.315635   0.91611
0.450634 0.113813   1.0315  0.449936 -0.315635  0.916016
0.450574 0.113814  1.03158  0.449879 -0.315634  0.915923
0.450512 0.113815  1.03167  0.449823 -0.315634  0.915829
0.450451 0.113816  1.03175  0.449766 -0.315633  0.915736
0.450389 0.113817  1.03184  0.449709 -0.315632  0.915642
0.450327 0.113817  1.03193  0.449652 -0.315632  0.915548
0.450265 0.113818  1.03201  0.449594 -0.315631  0.915454
0.450203 0.113819   1.0321 0.449537 -0.31563  0.91536
0.450141 0.113819  1.03218   0.44948 -0.315629  0.915266
0.45008 0.11382 1.03226  0.449423 -0.315627  0.915172
0.450018  0.11382  1.03235  0.449365 -0.315626  0.915078
0.449956 0.113821  1.03243  0.449308 -0.315625  0.914984
0.449894 0.113822  1.03251   0.44925 -0.315623   0.91489
0.449832 0.113823   1.0326  0.449193 -0.315622  0.914796
0.449769 0.113824  1.03268 0.449135 -0.31562 0.914702
0.449706 0.113825  1.03277  0.449077 -0.315618  0.914607
0.449643 0.113826  1.03285  0.449019 -0.315617  0.914513
 0.44958 0.113827  1.03294  0.448961 -0.315615  0.914418
0.449517 0.113828  1.03302  0.448904 -0.315613  0.914324
0.449454 0.113829   1.0331  0.448846 -0.315611  0.914229
0.449391  0.11383  1.03319  0.448787 -0.315608  0.914135
0.449328  0.11383  1.03327  0.448729 -0.315606   0.91404
0.449265 0.113831  1.03335  0.448671 -0.315604  0.913946
0.449202 0.113832  1.03343  0.448613 -0.315601  0.913851
0.449139 0.113833  1.03351  0.448555 -0.315599  0.913756
0.449076 0.113834   1.0336  0.448496 -0.315596  0.913661
0.449011 0.113835  1.03368  0.448438 -0.315593  0.913567
0.448947 0.113837  1.03376  0.448379 -0.315591  0.913472
0.448882 0.113838  1.03385   0.44832 -0.315588  0.913378
0.448818 0.113839  1.03393  0.448261 -0.315585  0.913284
0.448754  0.11384  1.03401  0.448202 -0.315582  0.913191
 0.44869 0.113842  1.03409  0.448142 -0.315578  0.913097
0.448626 0.113843  1.03418  0.448082 -0.315575  0.913005
0.448562 0.113844  1.03426  0.448023 -0.315572  0.912912
0.448498 0.113845  1.03434  0.447963 -0.315568  0.912819
0.448434 0.113846  1.03442  0.447903 -0.315564  0.912726
 0.44837 0.113847   1.0345  0.447843 -0.315561  0.912633
0.448305 0.113848  1.03458  0.447783 -0.315557   0.91254
0.448239 0.113849  1.03466  0.447723 -0.315553  0.912447
0.448174 0.113851  1.03475  0.447663 -0.315549  0.912354
0.448108 0.113852  1.03483  0.447603 -0.315545  0.912262
0.448043 0.113854  1.03491 0.447542 -0.31554  0.91217
0.447977 0.113855  1.03499  0.447481 -0.315536  0.912079
0.447912 0.113857  1.03507  0.447421 -0.315532  0.911987
0.447847 0.113858  1.03515   0.44736 -0.315527  0.911896
0.447782 0.113859  1.03523  0.447299 -0.315523  0.911805
0.447717 0.113861  1.03531  0.447238 -0.315518  0.911714
0.447652 0.113863  1.03539  0.447177 -0.315513  0.911622
0.447586 0.113864  1.03547  0.447116 -0.315508  0.911531
 0.44752 0.113866  1.03555  0.447054 -0.315503   0.91144
0.447454 0.113867  1.03564  0.446993 -0.315498  0.911349
0.447387 0.113869  1.03572  0.446932 -0.315493  0.911259
0.447321  0.11387   1.0358   0.44687 -0.315488  0.911169
0.447255 0.113872  1.03588  0.446808 -0.315482  0.911079
0.447188 0.113873  1.03596  0.446746 -0.315477   0.91099
0.447122 0.113874  1.03604  0.446684 -0.315471    0.9109
0.447056 0.113876  1.03612  0.446622 -0.315466  0.910811
 0.44699 0.113877  1.03619  0.44656 -0.31546 0.910722
0.446924 0.113879  1.03627  0.446498 -0.315454  0.910632
0.446857 0.113881  1.03635  0.446436 -0.315449  0.910543
 0.44679 0.113882  1.03643  0.446374 -0.315443  0.910453
0.446723 0.113884  1.03651  0.446311 -0.315437  0.910364
0.446655 0.113886  1.03659  0.446249 -0.315431  0.910276
0.446588 0.113888  1.03667  0.446186 -0.315425  0.910188
 0.44652 0.113889  1.03675  0.446123 -0.315419    0.9101
0.446453 0.113891  1.03683   0.44606 -0.315413  0.910012
0.446386 0.113892  1.03691  0.445997 -0.315407  0.909925
0.446319 0.113894  1.03699 0.445934  -0.3154 0.909837
0.446253 0.113895  1.03707  0.445871 -0.315394   0.90975
0.446186 0.113896  1.03714  0.445808 -0.315388  0.909662
0.446118 0.113898  1.03722  0.445744 -0.315382  0.909575
0.44605  0.1139  1.0373  0.445681 -0.315376  0.909488
0.445982 0.113902  1.03738 0.445617 -0.31537 0.909401
0.445913 0.113904  1.03746  0.445554 -0.315363  0.909314
0.445845 0.113906  1.03754   0.44549 -0.315357  0.909228
0.445776 0.113908  1.03762  0.445426 -0.315351  0.909142
0.445708 0.113909   1.0377  0.445361 -0.315345  0.909056
 0.44564 0.113911  1.03777  0.445297 -0.315339  0.908971
0.445572 0.113913  1.03785  0.445233 -0.315333  0.908885
0.445505 0.113914  1.03793  0.445168 -0.315327    0.9088
0.445437 0.113916  1.03801  0.445104 -0.315321  0.908714
0.445369 0.113917  1.03808  0.445039 -0.315315  0.908629
  0.4453 0.113919  1.03816  0.444975 -0.315309  0.908543
0.445231  0.11392  1.03824   0.44491 -0.315303  0.908458
0.445162 0.113922  1.03832  0.444845 -0.315297  0.908373
0.445093 0.113924  1.03839   0.44478 -0.315291  0.908289
0.445023 0.113926  1.03847  0.444715 -0.315285  0.908205
0.444954 0.113927  1.03855 0.444649 -0.31528 0.908121
0.444885 0.113929  1.03863  0.444584 -0.315274  0.908037
0.444816 0.113931   1.0387  0.444518 -0.315268  0.907954
0.444747 0.113932  1.03878  0.444453 -0.315263   0.90787
0.444678 0.113934  1.03886  0.444387 -0.315257  0.907786
0.444609 0.113936  1.03893  0.444321 -0.315252  0.907702
 0.44454 0.113938  1.03901  0.444256 -0.315246  0.907618
0.444471 0.113939  1.03909   0.44419 -0.315241  0.907535
0.444401 0.113941  1.03916  0.444124 -0.315235  0.907452
 0.44433 0.113942  1.03924 0.444057 -0.31523 0.907369
 0.44426 0.113944  1.03932  0.443991 -0.315225  0.907287
 0.44419 0.113945   1.0394 0.443924 -0.31522 0.907204
 0.44412 0.113947  1.03947  0.443858 -0.315215  0.907122
 0.44405 0.113948  1.03955 0.443791 -0.31521  0.90704
0.44398 0.11395 1.03962  0.443724 -0.315205  0.906958
 0.44391 0.113951   1.0397 0.443657  -0.3152 0.906876
0.443841 0.113953  1.03977   0.44359 -0.315195  0.906794
0.443771 0.113954  1.03985 0.443523 -0.31519 0.906712
  0.4437 0.113956  1.03992  0.443456 -0.315185   0.90663
 0.44363 0.113958     1.04  0.443389 -0.315181  0.906548
0.443559 0.113959  1.04008  0.443322 -0.315176  0.906467
0.443487 0.113961  1.04015  0.443254 -0.315171  0.906386
0.443416 0.113962  1.04023  0.443186 -0.315167  0.906305
0.443345 0.113964  1.04031  0.443118 -0.315163  0.906225
0.443274 0.113965  1.04038  0.443051 -0.315158  0.906144
0.443204 0.113966  1.04046  0.442983 -0.315154  0.906063
0.443133 0.113967  1.04053 0.442915 -0.31515 0.905983
0.443063 0.113968  1.04061  0.442847 -0.315145  0.905902
0.442992  0.11397  1.04068  0.442778 -0.315141  0.905821
0.442921 0.113971  1.04076   0.44271 -0.315137  0.905741
 0.44285 0.113973  1.04083  0.442642 -0.315133   0.90566
0.442778 0.113974  1.04091 0.442573 -0.31513 0.905581
0.442706 0.113976  1.04098  0.442504 -0.315126  0.905501
0.442633 0.113977  1.04106  0.442436 -0.315122  0.905422
0.442562 0.113979  1.04113  0.442367 -0.315118  0.905342
0.44249 0.11398 1.04121  0.442298 -0.315115  0.905263
0.442418 0.113981  1.04128  0.442229 -0.315111  0.905184
0.442347 0.113982  1.04136   0.44216 -0.315108  0.905104
0.442275 0.113983  1.04143   0.44209 -0.315104  0.905025
0.442204 0.113984   1.0415  0.442021 -0.315101  0.904945
0.442133 0.113985  1.04158  0.441952 -0.315097  0.904866
0.442061 0.113986  1.04165  0.441882 -0.315094  0.904787
0.441988 0.113988  1.04173  0.441812 -0.315091  0.904709
0.441915 0.113989   1.0418  0.441743 -0.315088  0.904631
0.441842  0.11399  1.04188  0.441673 -0.315085  0.904553
0.441769 0.113992  1.04195  0.441603 -0.315082  0.904475
0.441696 0.113993  1.04202  0.441532 -0.315079  0.904397
0.441624 0.113994   1.0421  0.441462 -0.315076  0.904319
0.441551 0.113995  1.04217  0.441392 -0.315073   0.90424
0.441479 0.113996  1.04224 0.441322 -0.31507 0.904162
0.441407 0.113997  1.04232  0.441251 -0.315068  0.904084
0.441335 0.113998  1.04239  0.441181 -0.315065  0.904006
0.441262    0.114  1.04246   0.44111 -0.315062  0.903929
0.441189 0.114001  1.04254  0.44104 -0.31506 0.903851
0.441116 0.114001  1.04261  0.440969 -0.315057  0.903774
0.441042 0.114002  1.04268  0.440898 -0.315055  0.903697
0.440968 0.114003  1.04276  0.440827 -0.315052  0.903621
0.440894 0.114004  1.04283 0.440755 -0.31505 0.903544
0.440821 0.114005   1.0429  0.440684 -0.315048  0.903467
0.440747 0.114006  1.04298  0.440613 -0.315046   0.90339
0.440674 0.114007  1.04305  0.440541 -0.315043  0.903313
0.440601 0.114008  1.04312   0.44047 -0.315041  0.903236
0.440528 0.114009  1.04319  0.440398 -0.315039   0.90316
0.440455  0.11401  1.04327  0.440327 -0.315037  0.903083
0.440381 0.114012  1.04334  0.440255 -0.315035  0.903007
0.440307 0.114013  1.04341  0.440183 -0.315033  0.902931
0.440232 0.114014  1.04348  0.440111 -0.315031  0.902855
0.440158 0.114015  1.04356 0.440039 -0.31503  0.90278
0.440083 0.114015  1.04363  0.439967 -0.315028  0.902704
0.440009 0.114016   1.0437  0.439894 -0.315026  0.902629
0.439935 0.114017  1.04377  0.439822 -0.315024  0.902553
0.439861 0.114017  1.04385   0.43975 -0.315023  0.902477
0.439787 0.114017  1.04392  0.439677 -0.315021  0.902401
0.439713 0.114018  1.04399  0.439605 -0.315019  0.902326
0.439639 0.114019  1.04406  0.439532 -0.315018   0.90225
0.439564  0.11402  1.04413  0.439459 -0.315016  0.902175
 0.43949 0.114021   1.0442  0.439386 -0.315015    0.9021
0.439414 0.114022  1.04427  0.439313 -0.315014  0.902026
0.439339 0.114023  1.04435   0.43924 -0.315012  0.901951
0.439263 0.114023  1.04442  0.439167 -0.315011  0.901877
0.439188 0.114024  1.04449 0.439093 -0.31501 0.901802
0.439113 0.114025  1.04456   0.43902 -0.315008  0.901728
0.439038 0.114025  1.04463  0.438947 -0.315007  0.901653
0.438963 0.114026   1.0447  0.438873 -0.315006  0.901578
0.438889 0.114026  1.04477    0.4388 -0.315005  0.901504
0.438814 0.114027  1.04484  0.438726 -0.315004   0.90143
0.438739 0.114027  1.04491  0.438652 -0.315003  0.901356
0.438664 0.114028  1.04498  0.438578 -0.315002  0.901282
0.438588 0.114028  1.04506  0.438504 -0.315001  0.901208
0.438512 0.114029  1.04513  0.43843   -0.315 0.901135
0.438435  0.11403   1.0452  0.438356 -0.314999  0.901062
0.438359  0.11403  1.04527  0.438281 -0.314998  0.900988
0.438283 0.114031  1.04534  0.438207 -0.314997  0.900915
0.438207 0.114032  1.04541  0.438133 -0.314996  0.900841
0.438131 0.114032  1.04548  0.438058 -0.314995  0.900767
0.438056 0.114033  1.04555  0.437984 -0.314994  0.900694
 0.43798 0.114033  1.04562  0.437909 -0.314994  0.900621
0.437905 0.114034  1.04569  0.437834 -0.314993  0.900548
0.437829 0.114034  1.04576   0.43776 -0.314992  0.900475
0.437753 0.114035  1.04583  0.437685 -0.314992  0.900403
0.437676 0.114035   1.0459  0.437609 -0.314991  0.900331
0.437599 0.114036  1.04597 0.437534 -0.31499 0.900258
0.437522 0.114036  1.04604 0.437459 -0.31499 0.900186
0.437445 0.114036  1.04611  0.437384 -0.314989  0.900113
0.437368 0.114037  1.04618  0.437309 -0.314989  0.900041
0.437292 0.114037  1.04625  0.437233 -0.314988  0.899968
0.437215 0.114038  1.04632  0.437158 -0.314988  0.899896
0.437139 0.114038  1.04639  0.437082 -0.314987  0.899824
0.437062 0.114038  1.04645  0.437007 -0.314987  0.899752
0.436986 0.114039  1.04652  0.436931 -0.314986   0.89968
0.436909  0.11404  1.04659  0.436855 -0.314986  0.899609
0.436831  0.11404  1.04666  0.436779 -0.314986  0.899538
0.436754 0.114041  1.04673  0.436703 -0.314985  0.899466
0.436676 0.114041   1.0468  0.436627 -0.314985  0.899395
0.436598 0.114041  1.04687  0.436551 -0.314985  0.899323
 0.43652 0.114041  1.04694  0.436474 -0.314984  0.899252
0.436443 0.114041  1.04701  0.436398 -0.314984   0.89918
0.436366 0.114041  1.04708  0.436322 -0.314984  0.899109
0.436288 0.114042  1.04714  0.436245 -0.314984  0.899038
0.436211 0.114042  1.04721  0.436169 -0.314983  0.898967
0.436134 0.114042  1.04728  0.436092 -0.314983  0.898897
0.436056 0.114043  1.04734  0.436015 -0.314983  0.898826
0.435978 0.114043  1.04741  0.435938 -0.314983  0.898756
  0.4359 0.114044  1.04748  0.435861 -0.314983  0.898686
0.435821 0.114044  1.04755  0.435784 -0.314983  0.898615
0.435743 0.114045  1.04762  0.435707 -0.314983  0.898545
0.435664 0.114045  1.04769   0.43563 -0.314983  0.898474
0.435586 0.114045  1.04776  0.435553 -0.314983  0.898404
0.435508 0.114046  1.04782  0.435476 -0.314983  0.898334
 0.43543 0.114046  1.04789  0.435398 -0.314983  0.898264
0.435352 0.114046  1.04796  0.435321 -0.314983  0.898194
0.435274 0.114045  1.04802  0.435243 -0.314983  0.898124
0.435196 0.114046  1.04809  0.435166 -0.314983  0.898055
0.435117 0.114046  1.04816  0.435088 -0.314983  0.897986
0.435038 0.114046  1.04822   0.43501 -0.314983  0.897916
0.434959 0.114047  1.04829  0.434932 -0.314983  0.897847
0.434879 0.114047  1.04836  0.434855 -0.314983  0.897778
  0.4348 0.114047  1.04843  0.434777 -0.314983  0.897708
0.434721 0.114048  1.04849  0.434699 -0.314983  0.897639
0.434642 0.114048  1.04856   0.43462 -0.314983  0.897569
0.434563 0.114048  1.04863  0.434542 -0.314984    0.8975
0.434484 0.114048  1.04869  0.434464 -0.314984  0.897432
0.434405 0.114049  1.04876  0.434386 -0.314984  0.897363
0.434327 0.114049  1.04882  0.434307 -0.314984  0.897295
0.434248 0.114049  1.04889  0.434228 -0.314984  0.897227
0.434168 0.114049  1.04895   0.43415 -0.314985  0.897158
0.434088 0.114049  1.04902  0.434071 -0.314985   0.89709
0.434008 0.114049  1.04909  0.433992 -0.314985  0.897022
0.433928 0.114049  1.04916  0.433914 -0.314985  0.896953
0.433848 0.114049  1.04922  0.433835 -0.314985  0.896885
0.433768  0.11405  1.04929  0.433756 -0.314986  0.896816
0.433688  0.11405  1.04935  0.433677 -0.314986  0.896748
0.433608  0.11405  1.04942  0.433598 -0.314986  0.896681
0.433529  0.11405  1.04948  0.433519 -0.314987  0.896613
0.433449 0.114051  1.04955  0.433439 -0.314987  0.896546
0.433369 0.114051  1.04961   0.43336 -0.314987  0.896479
0.433289 0.114051  1.04968   0.43328 -0.314988  0.896411
0.433209 0.114052  1.04974  0.433201 -0.314988  0.896344
0.433128 0.114052  1.04981  0.433121 -0.314988  0.896277
0.433047 0.114052  1.04987  0.433042 -0.314988  0.896209
0.432966 0.114052  1.04994  0.432962 -0.314989  0.896142
0.432886 0.114052     1.05  0.432882 -0.314989  0.896075
0.432805 0.114052  1.05007  0.432803 -0.314989  0.896008
0.432725 0.114052  1.05013 0.432723 -0.31499 0.895941
0.432644 0.114052   1.0502 0.432643 -0.31499 0.895874
0.432564 0.114052  1.05026  0.432563 -0.314991  0.895808
0.432484 0.114052  1.05032  0.432482 -0.314991  0.895742
0.432403 0.114052  1.05039  0.432402 -0.314991  0.895676
0.432322 0.114053  1.05045  0.432322 -0.314992  0.895609
 0.43224 0.114053  1.05052  0.432242 -0.314992  0.895543
0.432159 0.114053  1.05058  0.432161 -0.314993  0.895477
0.432077 0.114053  1.05065  0.432081 -0.314993   0.89541
0.431995 0.114053  1.05071     0.432 -0.314993  0.895344
0.431914 0.114053  1.05078   0.43192 -0.314994  0.895278
0.431833 0.114053  1.05084  0.431839 -0.314994  0.895212
0.431752 0.114053   1.0509  0.431758 -0.314995  0.895147
0.431671 0.114053  1.05096  0.431677 -0.314995  0.895082
 0.43159 0.114053  1.05103  0.431596 -0.314996  0.895016
0.431508 0.114053  1.05109  0.431515 -0.314996  0.894951
0.431427 0.114053  1.05115  0.431434 -0.314996  0.894886
0.431345 0.114053  1.05122  0.431353 -0.314997   0.89482
0.431262 0.114054  1.05128  0.431272 -0.314997  0.894755
 0.43118 0.114054  1.05134  0.431191 -0.314998   0.89469
0.431097 0.114054  1.05141   0.43111 -0.314998  0.894624
0.431015 0.114054  1.05147  0.431028 -0.314998  0.894559
0.430933 0.114054  1.05153  0.430947 -0.314999  0.894495
0.430851 0.114054   1.0516  0.430865 -0.314999   0.89443
0.430769 0.114054  1.05166 0.430783   -0.315 0.894366
0.430687 0.114054  1.05172 0.430702   -0.315 0.894302
0.430606 0.114054  1.05178   0.43062 -0.315001  0.894238
0.430524 0.114054  1.05184  0.430538 -0.315001  0.894173
0.430441 0.114054  1.05191  0.430456 -0.315002  0.894109
0.430358 0.114054  1.05197  0.430374 -0.315002  0.894045
0.430275 0.114054  1.05203  0.430292 -0.315002   0.89398
0.430191 0.114055  1.05209   0.43021 -0.315003  0.893916
0.430108 0.114055  1.05216  0.430128 -0.315003  0.893852
0.430025 0.114055  1.05222  0.430046 -0.315004  0.893789
0.429942 0.114055  1.05228  0.429964 -0.315004  0.893725
 0.42986 0.114055  1.05234  0.429881 -0.315005  0.893662
0.429777 0.114055   1.0524  0.429799 -0.315005  0.893599
0.429695 0.114056  1.05246  0.429716 -0.315006  0.893535
0.429612 0.114056  1.05252  0.429634 -0.315006  0.893472
0.429529 0.114056  1.05258  0.429551 -0.315007  0.893409
0.429446 0.114056  1.05265  0.429469 -0.315007  0.893345
0.429362 0.114056  1.05271  0.429386 -0.315008  0.893282
0.429278 0.114056  1.05277  0.429303 -0.315008  0.893219
0.429194 0.114056  1.05283   0.42922 -0.315008  0.893156
 0.42911 0.114056  1.05289  0.429137 -0.315009  0.893093
0.429027 0.114056  1.05295  0.429054 -0.315009  0.893031
0.428943 0.114056  1.05301 0.428971 -0.31501 0.892969
 0.42886 0.114056  1.05307 0.428888 -0.31501 0.892907
0.428776 0.114056  1.05313  0.428805 -0.315011  0.892844
0.428693 0.114057  1.05319  0.428722 -0.315011  0.892782
 0.42861 0.114057  1.05325  0.428638 -0.315012   0.89272
0.428526 0.114057  1.05331  0.428555 -0.315012  0.892657
0.428441 0.114057  1.05337  0.428472 -0.315013  0.892595
0.428357 0.114058  1.05343  0.428388 -0.315013  0.892533
0.428272 0.114058  1.05349  0.428304 -0.315014  0.892471
0.428187 0.114058  1.05355  0.428221 -0.315014  0.892409
0.428103 0.114058  1.05361  0.428137 -0.315015  0.892348
0.428019 0.114057  1.05367  0.428053 -0.315015  0.892287
0.427935 0.114057  1.05373  0.427969 -0.315015  0.892226
0.427851 0.114057  1.05379  0.427885 -0.315016  0.892165
0.427767 0.114057  1.05385  0.427801 -0.315016  0.892103
0.427683 0.114057  1.05391  0.427717 -0.315017  0.892042
0.427598 0.114057  1.05397  0.427633 -0.315017  0.891981
0.427513 0.114058  1.05403  0.427549 -0.315018  0.891919
0.427428 0.114058  1.05409  0.427465 -0.315018  0.891858
0.427342 0.114058  1.05415  0.427381 -0.315019  0.891797
0.427257 0.114058  1.05421  0.427296 -0.315019  0.891737
0.427172 0.114058  1.05427 0.427212 -0.31502 0.891676
0.427087 0.114058  1.05433 0.427127 -0.31502 0.891616
0.427002 0.114058  1.05438  0.427043 -0.315021  0.891556
0.426917 0.114058  1.05444  0.426958 -0.315021  0.891496
0.426833 0.114058   1.0545  0.426874 -0.315021  0.891436
0.426748 0.114057  1.05456  0.426789 -0.315022  0.891375
0.426663 0.114057  1.05461  0.426704 -0.315022  0.891315
0.426578 0.114058  1.05467  0.426619 -0.315023  0.891255
0.426492 0.114058  1.05473  0.426534 -0.315023  0.891195
0.426406 0.114058  1.05479  0.426449 -0.315023  0.891135
0.426319 0.114058  1.05485  0.426364 -0.315024  0.891075
0.426233 0.114059  1.05491  0.426279 -0.315024  0.891016
0.426147 0.114059  1.05496  0.426194 -0.315025  0.890957
0.426062 0.114059  1.05502  0.426109 -0.315025  0.890898
0.425976 0.114059  1.05508  0.426023 -0.315026  0.890839
0.425891 0.114059  1.05514  0.425938 -0.315026   0.89078
0.425806 0.114059  1.05519  0.425853 -0.315027   0.89072
 0.42572 0.114059  1.05525  0.425767 -0.315027  0.890661
0.425635 0.114059  1.05531  0.425682 -0.315027  0.890602
0.425548 0.114059  1.05536  0.425596 -0.315028  0.890543
0.425462 0.114059  1.05542  0.425511 -0.315028  0.890484
0.425375 0.114059  1.05548  0.425425 -0.315029  0.890425
0.425288 0.114059  1.05554  0.425339 -0.315029  0.890367
0.425201 0.114059  1.05559 0.425253 -0.31503 0.890309
0.425115 0.114059  1.05565 0.425167 -0.31503 0.890251
0.425028 0.114059  1.05571 0.425081 -0.31503 0.890193
0.424942  0.11406  1.05576  0.424995 -0.315031  0.890135
0.424856  0.11406  1.05582  0.424909 -0.315031  0.890076
0.42477 0.11406 1.05587  0.424823 -0.315032  0.890018
0.424684  0.11406  1.05593  0.424737 -0.315032   0.88996
0.424597 0.114061  1.05598  0.424651 -0.315033  0.889902
 0.42451 0.114061  1.05604  0.424564 -0.315033  0.889844
0.424423 0.114061   1.0561  0.424478 -0.315034  0.889787
0.424335 0.114061  1.05615  0.424391 -0.315034  0.889729
0.424248 0.114061  1.05621  0.424305 -0.315034  0.889672
0.424161  0.11406  1.05627  0.424218 -0.315035  0.889615
0.424074  0.11406  1.05632  0.424132 -0.315035  0.889558
0.423987  0.11406  1.05638  0.424045 -0.315036  0.889501
 0.4239 0.11406 1.05643  0.423958 -0.315036  0.889444
0.423813  0.11406  1.05649  0.423871 -0.315036  0.889387
0.423726  0.11406  1.05654  0.423785 -0.315037   0.88933
0.423639 0.114061  1.05659  0.423698 -0.315037  0.889273
0.423551 0.114061  1.05665  0.423611 -0.315038  0.889216
0.423463 0.114061  1.05671  0.423524 -0.315038  0.889159
0.423375 0.114061  1.05676  0.423437 -0.315039  0.889103
0.423287 0.114061  1.05682  0.423349 -0.315039  0.889047
0.423199 0.114061  1.05687 0.423262 -0.31504 0.888991
0.423111 0.114061  1.05693 0.423175 -0.31504 0.888935
0.423024 0.114061  1.05698 0.423087 -0.31504 0.888879
0.422936 0.114061  1.05703     0.423 -0.315041  0.888823
0.422849  0.11406  1.05709  0.422913 -0.315041  0.888767
0.422762  0.11406  1.05714  0.422825 -0.315041  0.888711
0.422674  0.11406  1.05719  0.422738 -0.315042  0.888655
0.422586  0.11406  1.05725   0.42265 -0.315042  0.888599
0.422497  0.11406   1.0573  0.422562 -0.315043  0.888544
0.422408 0.114061  1.05736  0.422475 -0.315043  0.888488
0.422319 0.114061  1.05741  0.422387 -0.315043  0.888433
 0.42223 0.114061  1.05747  0.422299 -0.315044  0.888378
0.422142 0.114061  1.05752  0.422211 -0.315044  0.888323
0.422054 0.114061  1.05757  0.422123 -0.315045  0.888268
0.421965 0.114061  1.05763  0.422035 -0.315045  0.888213
0.421877 0.114061  1.05768  0.421947 -0.315045  0.888158
0.421789  0.11406  1.05773  0.421859 -0.315046  0.888103
0.421701  0.11406  1.05778  0.421771 -0.315046  0.888048
0.421613  0.11406  1.05784  0.421682 -0.315046  0.887994
0.421524  0.11406  1.05789  0.421594 -0.315047  0.887939
0.421435  0.11406  1.05794  0.421506 -0.315047  0.887885
0.421345  0.11406    1.058  0.421417 -0.315048  0.887831
0.421255  0.11406  1.05805  0.421329 -0.315048  0.887777
0.421166  0.11406   1.0581   0.42124 -0.315048  0.887723
0.421077  0.11406  1.05816  0.421152 -0.315049  0.887669
0.420988  0.11406  1.05821  0.421063 -0.315049  0.887615
0.420899  0.11406  1.05826 0.420974 -0.31505 0.887561
0.42081 0.11406 1.05831 0.420886 -0.31505 0.887507
0.420722  0.11406  1.05836 0.420797 -0.31505 0.887453
0.420633  0.11406  1.05841  0.420708 -0.315051    0.8874
0.420544  0.11406  1.05847  0.420619 -0.315051  0.887346
0.420454  0.11406  1.05852   0.42053 -0.315052  0.887293
0.420364 0.114059  1.05857  0.420441 -0.315052   0.88724
0.420273 0.114059  1.05862  0.420352 -0.315052  0.887187
0.420183 0.114059  1.05868  0.420263 -0.315053  0.887135
0.420094 0.114058  1.05873  0.420173 -0.315053  0.887082
0.420004 0.114058  1.05878  0.420084 -0.315054  0.887029
0.419914 0.114058  1.05883  0.419995 -0.315054  0.886976
0.419825 0.114058  1.05888  0.419906 -0.315054  0.886923
0.419735 0.114058  1.05893  0.419816 -0.315055   0.88687
0.419646 0.114058  1.05898  0.419727 -0.315055  0.886818
0.419556 0.114058  1.05903  0.419637 -0.315056  0.886765
0.419466 0.114058  1.05908  0.419548 -0.315056  0.886713
0.419375 0.114058  1.05913  0.419458 -0.315056  0.886661
0.419285 0.114057  1.05918  0.419368 -0.315057  0.886609
0.419194 0.114057  1.05924  0.419278 -0.315057  0.886558
0.419103 0.114057  1.05929  0.419189 -0.315058  0.886506
0.419013 0.114056  1.05934  0.419099 -0.315058  0.886454
0.418923 0.114056  1.05939  0.419009 -0.315058  0.886402
0.418833 0.114055  1.05944  0.418919 -0.315058   0.88635
0.418743 0.114055  1.05949  0.418829 -0.315059  0.886299
0.418653 0.114054  1.05954  0.418739 -0.315059  0.886247
0.418562 0.114054  1.05959 0.418649 -0.31506 0.886196
0.418472 0.114054  1.05963 0.418558 -0.31506 0.886145
0.418381 0.114054  1.05969 0.418468 -0.31506 0.886094
0.418289 0.114054  1.05974  0.418378 -0.315061  0.886043
0.418198 0.114053  1.05979  0.418288 -0.315061  0.885992
0.418106 0.114053  1.05984  0.418197 -0.315062  0.885942
0.418015 0.114053  1.05989  0.418107 -0.315062  0.885891
0.417924 0.114052  1.05994  0.418016 -0.315062   0.88584
0.417834 0.114052  1.05998  0.417926 -0.315063  0.885789
0.417743 0.114051  1.06003  0.417835 -0.315063  0.885739
0.417653  0.11405  1.06008  0.417744 -0.315063  0.885688
0.417562  0.11405  1.06013  0.417654 -0.315064  0.885638
0.417471 0.114049  1.06018  0.417563 -0.315064  0.885588
0.417379 0.114048  1.06023  0.417472 -0.315065  0.885538
0.417287 0.114048  1.06028  0.417381 -0.315065  0.885489
0.417195 0.114048  1.06033   0.41729 -0.315065  0.885439
0.417103 0.114047  1.06038  0.417199 -0.315066  0.885389
0.417011 0.114047  1.06042  0.417108 -0.315066   0.88534
0.416919 0.114046  1.06047  0.417017 -0.315067   0.88529
0.416828 0.114046  1.06052  0.416926 -0.315067   0.88524
0.416737 0.114045  1.06057  0.416835 -0.315067  0.885191
0.416645 0.114045  1.06062  0.416744 -0.315068  0.885141
0.416554 0.114044  1.06066  0.416652 -0.315068  0.885092
0.416463 0.114044  1.06071  0.416561 -0.315068  0.885043
0.416371 0.114043  1.06076   0.41647 -0.315069  0.884994
0.416279 0.114042  1.06081  0.416378 -0.315069  0.884946
0.416186 0.114041  1.06086 0.416287 -0.31507 0.884897
0.416093  0.11404   1.0609 0.416195 -0.31507 0.884849
0.416001 0.114039  1.06095  0.416104 -0.315071    0.8848
0.415908 0.114039    1.061  0.416012 -0.315071  0.884751
0.415816 0.114038  1.06105   0.41592 -0.315071  0.884703
0.415724 0.114037  1.06109  0.415828 -0.315072  0.884654
0.415632 0.114037  1.06114  0.415737 -0.315072  0.884606
 0.41554 0.114036  1.06119  0.415645 -0.315073  0.884558
0.415448 0.114035  1.06123  0.415553 -0.315073   0.88451
0.415356 0.114035  1.06128  0.415461 -0.315074  0.884462
0.415264 0.114034  1.06133  0.415369 -0.315074  0.884415
0.415171 0.114033  1.06137  0.415277 -0.315075  0.884367
0.415077 0.114032  1.06142  0.415185 -0.315075   0.88432
0.414984 0.114031  1.06147  0.415093 -0.315075  0.884272
0.414891  0.11403  1.06152     0.415 -0.315076  0.884225
0.414798 0.114029  1.06156  0.414908 -0.315076  0.884177
0.414705 0.114028  1.06161  0.414816 -0.315076   0.88413
0.414613 0.114026  1.06165  0.414724 -0.315077  0.884083
0.414521 0.114025   1.0617  0.414631 -0.315077  0.884036
0.414428 0.114025  1.06174  0.414539 -0.315077  0.883989
0.414335 0.114024  1.06179  0.414446 -0.315078  0.883942
0.414242 0.114023  1.06184  0.414354 -0.315078  0.883896
0.414149 0.114022  1.06188  0.414261 -0.315079  0.883849
0.414055 0.114021  1.06193  0.414168 -0.315079  0.883803
0.413961  0.11402  1.06197 0.414076 -0.31508 0.883757
0.413867 0.114019  1.06202 0.413983 -0.31508  0.88371
0.413774 0.114018  1.06207  0.41389 -0.31508 0.883664
 0.41368 0.114017  1.06211  0.413797 -0.315081  0.883617
0.413587 0.114015  1.06216  0.413704 -0.315081  0.883571
0.413494 0.114014   1.0622  0.413611 -0.315081  0.883525
0.413401 0.114012  1.06225  0.413518 -0.315082   0.88348
0.413308 0.114011  1.06229  0.413425 -0.315082  0.883434
0.413215  0.11401  1.06233  0.413332 -0.315083  0.883389
0.413121 0.114009  1.06238  0.413239 -0.315083  0.883343
0.413026 0.114008  1.06242  0.413146 -0.315084  0.883298
0.412932 0.114007  1.06247  0.413053 -0.315084  0.883253
0.412837 0.114005  1.06252  0.412959 -0.315085  0.883208
0.412743 0.114004  1.06256  0.412866 -0.315085  0.883162
0.412649 0.114003   1.0626  0.412773 -0.315086  0.883117
0.412555 0.114002  1.06265  0.412679 -0.315086  0.883072
0.412462 0.114001  1.06269  0.412586 -0.315087  0.883027
0.412368 0.113999  1.06274  0.412492 -0.315087  0.882982
0.412275 0.113998  1.06278  0.412399 -0.315088  0.882938
0.412181 0.113996  1.06282  0.412305 -0.315088  0.882894
0.412087 0.113995  1.06287  0.412211 -0.315088   0.88285
0.411992 0.113993  1.06291  0.412118 -0.315089  0.882805
0.411897 0.113992  1.06295  0.412024 -0.315089  0.882761
0.411802  0.11399    1.063  0.41193 -0.31509 0.882717
0.411707 0.113989  1.06304 0.411836 -0.31509 0.882673
0.411612 0.113987  1.06309 0.411742 -0.31509 0.882629
0.411518 0.113986  1.06313  0.411648 -0.315091  0.882585
0.411423 0.113985  1.06317  0.411554 -0.315091  0.882541
0.411329 0.113983  1.06322   0.41146 -0.315092  0.882497
0.411235 0.113982  1.06326  0.411366 -0.315092  0.882454
0.411141 0.113981   1.0633  0.411272 -0.315093  0.882411
0.411046 0.113979  1.06334  0.411178 -0.315093  0.882368
0.410952 0.113978  1.06338  0.411084 -0.315094  0.882325
0.410856 0.113976  1.06343  0.410989 -0.315094  0.882282
0.410761 0.113975  1.06347  0.410895 -0.315094  0.882238
0.410665 0.113973  1.06352  0.410801 -0.315095  0.882195
 0.41057 0.113971  1.06356  0.410706 -0.315095  0.882152
0.410475 0.113969   1.0636  0.410612 -0.315096   0.88211
 0.41038 0.113967  1.06364  0.410517 -0.315096  0.882067
0.410285 0.113965  1.06368  0.410423 -0.315097  0.882025
 0.41019 0.113964  1.06372  0.410328 -0.315097  0.881982
0.410096 0.113962  1.06377  0.410234 -0.315098   0.88194
0.410001 0.113961  1.06381  0.410139 -0.315098  0.881898
0.409905 0.113959  1.06385  0.410044 -0.315099  0.881856
 0.40981 0.113958  1.06389  0.409949 -0.315099  0.881814
0.409713 0.113956  1.06393 0.409855  -0.3151 0.881772
0.409617 0.113954  1.06398 0.40976 -0.3151 0.88173
0.409521 0.113952  1.06402 0.409665  -0.3151 0.881688
0.409426 0.113951  1.06406   0.40957 -0.315101  0.881647
 0.40933 0.113949   1.0641  0.409475 -0.315101  0.881605
0.409235 0.113946  1.06414   0.40938 -0.315102  0.881564
 0.40914 0.113944  1.06418  0.409285 -0.315102  0.881523
0.409045 0.113942  1.06422   0.40919 -0.315103  0.881482
0.408949 0.113941  1.06426  0.409094 -0.315103  0.881441
0.408854 0.113939   1.0643  0.408999 -0.315104    0.8814
0.408758 0.113937  1.06434  0.408904 -0.315104  0.881359
0.408661 0.113935  1.06438  0.408809 -0.315105  0.881318
0.408564 0.113934  1.06443  0.408713 -0.315105  0.881277
0.408468 0.113932  1.06447  0.408618 -0.315106  0.881237
0.408371  0.11393  1.06451  0.408522 -0.315106  0.881196
0.408275 0.113928  1.06455  0.408427 -0.315107  0.881156
0.408179 0.113926  1.06459  0.408331 -0.315107  0.881115
0.408083 0.113924  1.06463  0.408236 -0.315108  0.881075
0.407988 0.113922  1.06467   0.40814 -0.315109  0.881036
0.407892  0.11392  1.06471  0.408044 -0.315109  0.880996
0.407796 0.113918  1.06474 0.407949 -0.31511 0.880956
  0.4077 0.113915  1.06478 0.407853 -0.31511 0.880916
0.407603 0.113913  1.06482 0.407757 -0.31511 0.880876
0.407506 0.113912  1.06486  0.407661 -0.315111  0.880837
0.407409  0.11391   1.0649  0.407566 -0.315111  0.880797
0.407312 0.113908  1.06494   0.40747 -0.315112  0.880758
0.407215 0.113906  1.06498  0.407374 -0.315112  0.880718
0.407118 0.113904  1.06502  0.407278 -0.315113  0.880679
0.407022 0.113902  1.06506  0.407182 -0.315113   0.88064
0.406926   0.1139   1.0651  0.407086 -0.315114  0.880602
0.406829 0.113898  1.06514  0.406989 -0.315114  0.880563
0.406733 0.113896  1.06518  0.406893 -0.315115  0.880524
0.406637 0.113894  1.06521  0.406797 -0.315116  0.880486
 0.40654 0.113892  1.06525  0.406701 -0.315116  0.880447
0.406442  0.11389  1.06529  0.406604 -0.315116  0.880408
0.406345 0.113887  1.06533  0.406508 -0.315117   0.88037
0.406247 0.113885  1.06537  0.406412 -0.315117  0.880332
 0.40615 0.113882  1.06541  0.406315 -0.315118  0.880293
0.406052  0.11388  1.06545  0.406219 -0.315118  0.880256
0.405956 0.113878  1.06548  0.406122 -0.315119  0.880218
0.405859 0.113876  1.06552 0.406026 -0.31512  0.88018
0.405762 0.113874  1.06556 0.405929 -0.31512 0.880143
0.405665 0.113872  1.06559  0.405833 -0.315121  0.880105
0.405568  0.11387  1.06563  0.405736 -0.315121  0.880068
0.405471 0.113868  1.06567  0.405639 -0.315122   0.88003
0.405373 0.113866  1.06571  0.405542 -0.315122  0.879993
0.405275 0.113863  1.06575  0.405446 -0.315123  0.879955
0.405177 0.113861  1.06578  0.405349 -0.315124  0.879918
0.405079 0.113859  1.06582  0.405252 -0.315124  0.879881
0.404981 0.113856  1.06586  0.405155 -0.315125  0.879844
0.404884 0.113854  1.06589  0.405058 -0.315125  0.879808
0.404787 0.113851  1.06593  0.404961 -0.315126  0.879771
 0.40469 0.113849  1.06597  0.404864 -0.315126  0.879735
0.404592 0.113846    1.066  0.404767 -0.315127  0.879698
0.404495 0.113844  1.06604   0.40467 -0.315127  0.879662
0.404398 0.113842  1.06608  0.404573 -0.315128  0.879625
0.404299  0.11384  1.06611  0.404476 -0.315128  0.879589
0.404201 0.113838  1.06615  0.404378 -0.315129  0.879553
0.404102 0.113835  1.06619  0.404281 -0.315129  0.879517
0.404004 0.113833  1.06622 0.404184 -0.31513 0.879481
0.403905 0.113831  1.06626  0.404086 -0.315131  0.879445
0.403807 0.113828  1.06629  0.403989 -0.315131   0.87941
 0.40371 0.113826  1.06633  0.403892 -0.315132  0.879375
0.403612 0.113823  1.06637  0.403794 -0.315132  0.879339
0.403514  0.11382   1.0664  0.403697 -0.315133  0.879304
0.403417 0.113818  1.06644  0.403599 -0.315133  0.879269
0.403319 0.113815  1.06647  0.403502 -0.315134  0.879233
0.403221 0.113813  1.06651  0.403404 -0.315134  0.879198
0.403122  0.11381  1.06654  0.403306 -0.315135  0.879163
0.403023 0.113808  1.06658  0.403209 -0.315135  0.879128
0.402924 0.113806  1.06661  0.403111 -0.315136  0.879094
0.402825 0.113803  1.06665  0.403013 -0.315137  0.879059
0.402726 0.113801  1.06668  0.402915 -0.315137  0.879025
0.402628 0.113798  1.06672  0.402817 -0.315138  0.878991
 0.40253 0.113796  1.06675   0.40272 -0.315138  0.878956
0.402432 0.113794  1.06679  0.402622 -0.315139  0.878922
0.402334 0.113791  1.06682  0.402524 -0.315139  0.878888
0.402235 0.113789  1.06685 0.402426 -0.31514 0.878854
0.402137 0.113786  1.06689  0.402328 -0.315141   0.87882
0.402038 0.113783  1.06692   0.40223 -0.315141  0.878786
0.401939 0.113781  1.06696  0.402132 -0.315142  0.878752
0.401839 0.113778  1.06699  0.402033 -0.315142  0.878719
 0.40174 0.113775  1.06703  0.401935 -0.315143  0.878685
0.401641 0.113772  1.06706  0.401837 -0.315143  0.878652
0.401542  0.11377  1.06709  0.401739 -0.315144  0.878619
0.401443 0.113767  1.06713   0.40164 -0.315145  0.878586
0.401344 0.113765  1.06716  0.401542 -0.315145  0.878553
0.401246 0.113762  1.06719  0.401444 -0.315146   0.87852
0.401147  0.11376  1.06722  0.401345 -0.315146  0.878487
0.401049 0.113757  1.06726  0.401247 -0.315147  0.878454
 0.40095 0.113755  1.06729  0.401148 -0.315148  0.878422
 0.40085 0.113752  1.06732   0.40105 -0.315148  0.878389
0.40075 0.11375 1.06736  0.400951 -0.315149  0.878357
 0.40065 0.113747  1.06739 0.400853 -0.31515 0.878324
0.400551 0.113744  1.06742 0.400754 -0.31515 0.878292
0.400451 0.113741  1.06746  0.400656 -0.315151   0.87826
0.400352 0.113738  1.06749  0.400557 -0.315151  0.878228
0.400253 0.113735  1.06752  0.400458 -0.315152  0.878196
0.400154 0.113732  1.06755  0.400359 -0.315153  0.878165
0.400055  0.11373  1.06758  0.400261 -0.315153  0.878133
0.399956 0.113727  1.06762  0.400162 -0.315154  0.878101
0.399857 0.113725  1.06765  0.400063 -0.315154   0.87807
0.399757 0.113722  1.06768  0.399964 -0.315155  0.878038
0.399657 0.113719  1.06771  0.399865 -0.315155  0.878007
0.399556 0.113717  1.06775  0.399766 -0.315156  0.877976
0.399456 0.113714  1.06778  0.399667 -0.315157  0.877945
0.399356 0.113711  1.06781  0.399568 -0.315157  0.877914
0.399256 0.113708  1.06784  0.399469 -0.315158  0.877883
0.399157 0.113705  1.06787   0.39937 -0.315159  0.877853
0.399058 0.113702   1.0679  0.399271 -0.315159  0.877822
0.398958 0.113699  1.06793 0.399172 -0.31516 0.877792
0.398859 0.113696  1.06796 0.399073 -0.31516 0.877761
 0.39876 0.113693  1.06799  0.398973 -0.315161  0.877731
 0.39866 0.113691  1.06803  0.398874 -0.315161    0.8777
0.398559 0.113688  1.06806  0.398775 -0.315162   0.87767
0.398458 0.113685  1.06809  0.398675 -0.315163   0.87764
0.398358 0.113682  1.06812  0.398576 -0.315163  0.877611
0.398257  0.11368  1.06815  0.398477 -0.315164  0.877581
0.398157 0.113677  1.06818  0.398377 -0.315164  0.877551
0.398057 0.113674  1.06821  0.398278 -0.315165  0.877522
0.397957 0.113671  1.06824  0.398178 -0.315166  0.877492
0.397857 0.113668  1.06827  0.398079 -0.315166  0.877463
0.397758 0.113665   1.0683  0.397979 -0.315167  0.877434
0.397658 0.113662  1.06833   0.39788 -0.315168  0.877404
0.397558 0.113659  1.06836   0.39778 -0.315168  0.877375
0.397457 0.113656  1.06839   0.39768 -0.315169  0.877346
0.397356 0.113653  1.06842  0.397581 -0.315169  0.877317
0.397255  0.11365  1.06845 0.397481 -0.31517 0.877289
0.397154 0.113647  1.06848  0.397381 -0.315171   0.87726
0.397053 0.113644  1.06851  0.397281 -0.315171  0.877232
0.396953 0.113641  1.06854  0.397181 -0.315172  0.877204
0.396853 0.113639  1.06857  0.397082 -0.315173  0.877175
0.396752 0.113636  1.06859  0.396982 -0.315173  0.877147
0.396652 0.113633  1.06862  0.396882 -0.315174  0.877119
0.396552  0.11363  1.06865  0.396782 -0.315175  0.877091
0.396452 0.113627  1.06868  0.396682 -0.315175  0.877063
0.396352 0.113624  1.06871  0.396582 -0.315176  0.877035
 0.39625 0.113621  1.06874  0.396482 -0.315177  0.877007
0.396149 0.113618  1.06877  0.396382 -0.315177   0.87698
0.396048 0.113615   1.0688  0.396282 -0.315178  0.876953
0.395946 0.113611  1.06882  0.396182 -0.315179  0.876925
0.395845 0.113608  1.06885  0.396081 -0.315179  0.876898
0.395745 0.113605  1.06888 0.395981 -0.31518 0.876871
0.395644 0.113602  1.06891 0.395881 -0.31518 0.876844
0.395543 0.113599  1.06893  0.395781 -0.315181  0.876817
0.395443 0.113596  1.06896  0.395681 -0.315182   0.87679
0.395343 0.113594  1.06899   0.39558 -0.315182  0.876763
0.395242 0.113591  1.06902   0.39548 -0.315183  0.876737
0.395141 0.113588  1.06904  0.395379 -0.315184   0.87671
0.395039 0.113585  1.06907  0.395279 -0.315184  0.876684
0.394937 0.113582   1.0691  0.395179 -0.315185  0.876658
0.394835 0.113579  1.06913  0.395078 -0.315186  0.876632
0.394734 0.113575  1.06916  0.394978 -0.315186  0.876606
0.394633 0.113572  1.06918  0.394877 -0.315187   0.87658
0.394532 0.113569  1.06921  0.394777 -0.315187  0.876554
0.394431 0.113566  1.06923  0.394676 -0.315188  0.876528
 0.39433 0.113562  1.06926  0.394575 -0.315189  0.876502
 0.39423 0.113559  1.06929  0.394475 -0.315189  0.876477
0.394129 0.113556  1.06931 0.394374 -0.31519 0.876451
0.394027 0.113553  1.06934  0.394273 -0.315191  0.876426
0.393925  0.11355  1.06937  0.394173 -0.315191  0.876401
0.393823 0.113547  1.06939  0.394072 -0.315192  0.876376
0.393721 0.113544  1.06942  0.393971 -0.315193  0.876351
0.393619 0.113541  1.06945   0.39387 -0.315193  0.876326
0.393517 0.113538  1.06947   0.39377 -0.315194  0.876301
0.393416 0.113535   1.0695  0.393669 -0.315195  0.876277
0.393315 0.113531  1.06952  0.393568 -0.315195  0.876252
0.393214 0.113528  1.06955  0.393467 -0.315196  0.876227
0.393113 0.113525  1.06957  0.393366 -0.315197  0.876203
0.393012 0.113522   1.0696  0.393265 -0.315197  0.876179
 0.39291 0.113518  1.06962  0.393164 -0.315198  0.876155
0.392808 0.113515  1.06965  0.393063 -0.315199  0.876131
0.392706 0.113512  1.06967 0.392962  -0.3152 0.876107
0.392603 0.113508   1.0697 0.392861  -0.3152 0.876083
0.392501 0.113505  1.06972   0.39276 -0.315201  0.876059
0.392399 0.113502  1.06975  0.392659 -0.315202  0.876036
0.392297 0.113499  1.06977  0.392557 -0.315202  0.876012
0.392195 0.113495   1.0698  0.392456 -0.315203  0.875989
0.392094 0.113492  1.06982  0.392355 -0.315203  0.875965
0.391992 0.113489  1.06985  0.392254 -0.315204  0.875942
0.391891 0.113486  1.06987  0.392152 -0.315205  0.875919
 0.39179 0.113483  1.06989  0.392051 -0.315205  0.875896
0.391688  0.11348  1.06992   0.39195 -0.315206  0.875873
0.391585 0.113476  1.06994  0.391849 -0.315207  0.875851
0.391482 0.113473  1.06997  0.391747 -0.315207  0.875828
 0.39138 0.113469  1.06999  0.391646 -0.315208  0.875806
0.391277 0.113466  1.07002  0.391544 -0.315209  0.875783
0.391175 0.113462  1.07004  0.391443 -0.315209  0.875761
0.391073 0.113459  1.07006 0.391341 -0.31521 0.875739
0.390971 0.113456  1.07009   0.39124 -0.315211  0.875716
0.390869 0.113452  1.07011  0.391138 -0.315211  0.875694
0.390768 0.113449  1.07013  0.391037 -0.315212  0.875672
0.390666 0.113446  1.07015  0.390935 -0.315213  0.875651
0.390564 0.113443  1.07018  0.390834 -0.315213  0.875629
0.390461  0.11344   1.0702  0.390732 -0.315214  0.875608
0.390358 0.113437  1.07022   0.39063 -0.315215  0.875586
0.390255 0.113433  1.07025  0.390529 -0.315215  0.875565
0.390152  0.11343  1.07027  0.390427 -0.315216  0.875544
 0.39005 0.113426  1.07029  0.390325 -0.315217  0.875522
0.389947 0.113423  1.07031  0.390223 -0.315217  0.875501
0.389845 0.113419  1.07034  0.390122 -0.315218   0.87548
0.389743 0.113416  1.07036   0.39002 -0.315219  0.875459
0.389641 0.113412  1.07038  0.389918 -0.315219  0.875439
0.389539 0.113409   1.0704 0.389816 -0.31522 0.875418
0.389437 0.113405  1.07042  0.389714 -0.315221  0.875398
0.389334 0.113402  1.07044  0.389613 -0.315221  0.875378
0.389231 0.113399  1.07047  0.389511 -0.315222  0.875357
0.389128 0.113395  1.07049  0.389409 -0.315223  0.875337
0.389025 0.113392  1.07051  0.389307 -0.315223  0.875317
0.388922 0.113389  1.07053  0.389205 -0.315224  0.875297
0.388819 0.113385  1.07055  0.389103 -0.315225  0.875277
0.388716 0.113382  1.07057  0.389001 -0.315226  0.875257
0.388614 0.113378  1.07059  0.388899 -0.315226  0.875238
0.388512 0.113375  1.07062  0.388797 -0.315227  0.875218
 0.38841 0.113372  1.07064  0.388694 -0.315228  0.875199
0.388307 0.113368  1.07066  0.388592 -0.315229   0.87518
0.388205 0.113365  1.07068   0.38849 -0.315229  0.875161
0.388102 0.113361   1.0707 0.388388 -0.31523 0.875142
0.387998 0.113357  1.07072  0.388286 -0.315231  0.875123
0.387895 0.113354  1.07074  0.388184 -0.315231  0.875104
0.387791  0.11335  1.07076  0.388081 -0.315232  0.875085
0.387688 0.113347  1.07078  0.387979 -0.315233  0.875066
0.387585 0.113343   1.0708  0.387877 -0.315233  0.875047
0.387482  0.11334  1.07082  0.387775 -0.315234  0.875029
 0.38738 0.113336  1.07084  0.387672 -0.315235  0.875011
0.387277 0.113333  1.07086   0.38757 -0.315235  0.874993
0.387175  0.11333  1.07088  0.387468 -0.315236  0.874975
0.387072 0.113326   1.0709  0.387365 -0.315237  0.874957
0.386969 0.113323  1.07092  0.387263 -0.315237  0.874939
0.386865 0.113319  1.07094   0.38716 -0.315238  0.874921
0.386762 0.113315  1.07096  0.387058 -0.315239  0.874903
0.386658 0.113312  1.07098  0.386955 -0.315239  0.874886
0.386554 0.113308    1.071 0.386853 -0.31524 0.874868
0.386451 0.113304  1.07101   0.38675 -0.315241  0.874851
0.386348   0.1133  1.07103  0.386648 -0.315241  0.874834
0.386245 0.113297  1.07105  0.386545 -0.315242  0.874816
0.386142 0.113293  1.07107  0.386443 -0.315243  0.874799
0.38604 0.11329 1.07109   0.38634 -0.315243  0.874783
0.385937 0.113287  1.07111  0.386238 -0.315244  0.874766
0.385834 0.113283  1.07112  0.386135 -0.315245  0.874749
0.38573 0.11328 1.07114  0.386032 -0.315246  0.874733
0.385626 0.113276  1.07116   0.38593 -0.315246  0.874716
0.385522 0.113272  1.07118  0.385827 -0.315247    0.8747
0.385418 0.113269   1.0712  0.385724 -0.315248  0.874684
0.385315 0.113265  1.07122  0.385622 -0.315249  0.874667
0.385211 0.113261  1.07123  0.385519 -0.315249  0.874651
0.385108 0.113257  1.07125 0.385416 -0.31525 0.874635
0.385005 0.113254  1.07127  0.385313 -0.315251   0.87462
0.384902  0.11325  1.07128  0.385211 -0.315252  0.874604
0.384799 0.113247   1.0713  0.385108 -0.315252  0.874589
0.384696 0.113243  1.07132  0.385005 -0.315253  0.874573
0.384593  0.11324  1.07134  0.384902 -0.315254  0.874558
0.384489 0.113236  1.07135  0.384799 -0.315254  0.874542
0.384384 0.113232  1.07137  0.384696 -0.315255  0.874527
 0.38428 0.113229  1.07139  0.384594 -0.315255  0.874512
0.384176 0.113225   1.0714  0.384491 -0.315256  0.874497
0.384073 0.113221  1.07142  0.384388 -0.315257  0.874482
0.383969 0.113218  1.07144  0.384285 -0.315257  0.874467
0.383866 0.113214  1.07145  0.384182 -0.315258  0.874453
0.383763  0.11321  1.07147  0.384079 -0.315259  0.874439
 0.38366 0.113207  1.07149  0.383976 -0.315259  0.874424
0.383557 0.113203   1.0715 0.383873 -0.31526  0.87441
0.383453 0.113199  1.07152   0.38377 -0.315261  0.874396
0.383349 0.113195  1.07153  0.383667 -0.315261  0.874382
0.383245 0.113192  1.07155  0.383564 -0.315262  0.874368
 0.38314 0.113188  1.07157   0.38346 -0.315263  0.874354
0.383036 0.113184  1.07158  0.383357 -0.315263   0.87434
0.382932  0.11318   1.0716  0.383254 -0.315264  0.874326
0.382828 0.113177  1.07161  0.383151 -0.315264  0.874313
0.382725 0.113173  1.07163  0.383048 -0.315265    0.8743
0.382621 0.113169  1.07164  0.382945 -0.315266  0.874286
0.382518 0.113166  1.07166  0.382842 -0.315266  0.874273
0.382415 0.113162  1.07167  0.382738 -0.315267   0.87426
0.382311 0.113159  1.07169  0.382635 -0.315268  0.874247
0.382207 0.113155   1.0717  0.382532 -0.315268  0.874235
0.382103 0.113151  1.07172  0.382429 -0.315269  0.874222
0.381998 0.113147  1.07173 0.382325 -0.31527 0.874209
0.381894 0.113143  1.07175 0.382222 -0.31527 0.874196
 0.38179 0.113139  1.07176  0.382119 -0.315271  0.874184
0.381686 0.113135  1.07178  0.382016 -0.315271  0.874172
0.381582 0.113132  1.07179  0.381912 -0.315272   0.87416
0.381478 0.113128   1.0718  0.381809 -0.315273  0.874148
0.381375 0.113124  1.07182  0.381706 -0.315273  0.874136
0.381271 0.113121  1.07183  0.381602 -0.315274  0.874124
0.381168 0.113117  1.07184  0.381499 -0.315274  0.874112
0.381064 0.113114  1.07186  0.381395 -0.315275  0.874101
0.380959  0.11311  1.07187  0.381292 -0.315275  0.874089
0.380855 0.113106  1.07188  0.381189 -0.315276  0.874077
 0.38075 0.113102   1.0719  0.381085 -0.315276  0.874066
0.380645 0.113098  1.07191  0.380982 -0.315277  0.874055
0.380541 0.113094  1.07193  0.380878 -0.315278  0.874044
0.380437  0.11309  1.07194  0.380775 -0.315278  0.874033
0.380333 0.113086  1.07195  0.380671 -0.315279  0.874022
0.380229 0.113082  1.07196  0.380568 -0.315279  0.874011
0.380126 0.113079  1.07198 0.380464 -0.31528 0.874001
0.380022 0.113075  1.07199 0.380361 -0.31528  0.87399
0.379918 0.113071    1.072  0.380257 -0.315281   0.87398
0.379814 0.113068  1.07201  0.380154 -0.315281   0.87397
0.379709 0.113064  1.07202   0.38005 -0.315282  0.873959
0.379604  0.11306  1.07204  0.379946 -0.315282  0.873949
  0.3795 0.113056  1.07205  0.379843 -0.315283  0.873939
0.379395 0.113052  1.07206  0.379739 -0.315283  0.873929
0.379291 0.113048  1.07207  0.379636 -0.315283  0.873919
0.379187 0.113044  1.07209  0.379532 -0.315284   0.87391
0.379083  0.11304   1.0721  0.379428 -0.315284  0.873901
0.378979 0.113037  1.07211  0.379325 -0.315285  0.873891
0.378875 0.113033  1.07212  0.379221 -0.315285  0.873882
0.378771 0.113029  1.07213  0.379117 -0.315286  0.873873
0.378667 0.113025  1.07214  0.379014 -0.315286  0.873863
0.378562 0.113021  1.07215   0.37891 -0.315287  0.873854
0.378457 0.113018  1.07216  0.378806 -0.315287  0.873845
0.378352 0.113014  1.07218  0.378703 -0.315287  0.873837
0.378247  0.11301  1.07219  0.378599 -0.315288  0.873828
0.378143 0.113006   1.0722  0.378495 -0.315288  0.873819
0.378039 0.113003  1.07221  0.378391 -0.315289  0.873811
0.377934 0.112999  1.07222  0.378287 -0.315289  0.873803
 0.37783 0.112995  1.07223  0.378184 -0.315289  0.873795
0.377726 0.112992  1.07224  0.37808 -0.31529 0.873787
0.377622 0.112989  1.07225 0.377976 -0.31529 0.873779
0.377518 0.112985  1.07226 0.377872 -0.31529 0.873771
0.377414 0.112981  1.07227  0.377768 -0.315291  0.873763
0.377309 0.112977  1.07228  0.377665 -0.315291  0.873755
0.377204 0.112974  1.07229  0.377561 -0.315291  0.873747
0.377099  0.11297   1.0723  0.377457 -0.315292   0.87374
0.376994 0.112966  1.07231  0.377353 -0.315292  0.873733
 0.37689 0.112963  1.07231  0.377249 -0.315292  0.873726
0.376785 0.112959  1.07232  0.377145 -0.315293  0.873719
0.376681 0.112956  1.07233  0.377041 -0.315293  0.873712
0.376577 0.112953  1.07234  0.376937 -0.315293  0.873705
0.376473  0.11295  1.07235  0.376834 -0.315293  0.873698
0.376369 0.112947  1.07236   0.37673 -0.315294  0.873692
0.376264 0.112943  1.07236  0.376626 -0.315294  0.873685
0.376159  0.11294  1.07237  0.376522 -0.315294  0.873679
0.376054 0.112937  1.07238  0.376418 -0.315294  0.873672
0.375949 0.112933  1.07239  0.376314 -0.315295  0.873666
0.375844  0.11293   1.0724   0.37621 -0.315295   0.87366
 0.37574 0.112927   1.0724  0.376106 -0.315295  0.873655
0.375635 0.112923  1.07241  0.376002 -0.315295  0.873649
0.375531  0.11292  1.07242  0.375898 -0.315296  0.873643
0.375427 0.112917  1.07243  0.375794 -0.315296  0.873638
0.375323 0.112915  1.07243   0.37569 -0.315296  0.873632
0.375218 0.112912  1.07244  0.375586 -0.315296  0.873627
0.375114 0.112909  1.07245  0.375482 -0.315297  0.873621
0.375009 0.112906  1.07245  0.375378 -0.315297  0.873616
0.374904 0.112903  1.07246  0.375274 -0.315297  0.873611
0.374799   0.1129  1.07247   0.37517 -0.315297  0.873606
0.374694 0.112897  1.07247  0.375066 -0.315297  0.873601
0.374589 0.112895  1.07248  0.374962 -0.315297  0.873597
0.374485 0.112892  1.07248  0.374858 -0.315298  0.873593
 0.37438 0.112889  1.07249  0.374754 -0.315298  0.873588
0.374276 0.112887   1.0725   0.37465 -0.315298  0.873584
0.374172 0.112884   1.0725  0.374546 -0.315298  0.873579
0.374068 0.112882  1.07251  0.374442 -0.315298  0.873575
0.373964 0.112879  1.07251  0.374338 -0.315298  0.873571
0.373859 0.112877  1.07252  0.374234 -0.315298  0.873567
0.373754 0.112874  1.07252   0.37413 -0.315299  0.873563
0.373649 0.112872  1.07253  0.374026 -0.315299  0.873559
0.373544 0.112869  1.07253  0.373922 -0.315299  0.873556
0.373439 0.112867  1.07254  0.373818 -0.315299  0.873553
0.373334 0.112865  1.07254  0.373713 -0.315299   0.87355
0.373229 0.112863  1.07254  0.373609 -0.315299  0.873546
0.373125 0.112861  1.07255  0.373505 -0.315299  0.873543
0.373021 0.112859  1.07255  0.373401 -0.315299   0.87354
0.372917 0.112857  1.07256  0.373297 -0.315299  0.873537
0.372813 0.112855  1.07256  0.373193 -0.315299  0.873534
0.372708 0.112853  1.07256  0.373089 -0.315299  0.873531
0.372603 0.112851  1.07257  0.372985 -0.315299  0.873528
0.372498 0.112849  1.07257  0.372881 -0.315299  0.873525
0.372393 0.112846  1.07257  0.372777 -0.315299  0.873523
0.372288 0.112844  1.07258  0.372673 -0.315299  0.873521
0.372183 0.112842  1.07258  0.372568 -0.315299  0.873519
0.372079  0.11284  1.07258  0.372464 -0.315299  0.873518
0.371974 0.112839  1.07259   0.37236 -0.315299  0.873516
 0.37187 0.112837  1.07259  0.372256 -0.315299  0.873514
0.371766 0.112836  1.07259  0.372152 -0.315299  0.873512
0.371662 0.112834  1.07259  0.372048 -0.315299   0.87351
0.371557 0.112833  1.07259  0.371944 -0.315298  0.873508
0.371453 0.112831   1.0726   0.37184 -0.315298  0.873507
0.371347 0.112829   1.0726  0.371735 -0.315298  0.873505
0.371242 0.112827   1.0726  0.371631 -0.315298  0.873504
0.371137 0.112826   1.0726  0.371527 -0.315298  0.873503
0.371032 0.112824  1.07261  0.371423 -0.315298  0.873503
0.370928 0.112822  1.07261  0.371319 -0.315298  0.873502
0.370823 0.112821  1.07261  0.371214 -0.315297  0.873502
0.370719 0.112819  1.07261   0.37111 -0.315297  0.873501
0.370615 0.112818  1.07261  0.371006 -0.315297    0.8735
0.370511 0.112817  1.07261  0.370902 -0.315297  0.873499
0.370406 0.112816  1.07261  0.370798 -0.315297  0.873499
0.370302 0.112814  1.07261  0.370694 -0.315296  0.873498
0.370197 0.112813  1.07261   0.37059 -0.315296  0.873498
0.370092 0.112812  1.07261  0.370485 -0.315296  0.873498
0.369986  0.11281  1.07261  0.370381 -0.315295  0.873499
0.369881 0.112809  1.07261  0.370277 -0.315295  0.873499
0.369777 0.112808  1.07261  0.370173 -0.315295    0.8735
0.369672 0.112806  1.07261  0.370069 -0.315294  0.873501
0.369568 0.112805  1.07261  0.369964 -0.315294  0.873501
0.369464 0.112804  1.07261   0.36986 -0.315294  0.873502
0.369359 0.112803  1.07261  0.369756 -0.315293  0.873502
0.369255 0.112802  1.07261  0.369652 -0.315293  0.873503
0.369151 0.112801  1.07261  0.369548 -0.315292  0.873504
0.369046   0.1128  1.07261  0.369444 -0.315292  0.873505
0.368941 0.112799  1.07261   0.36934 -0.315291  0.873506
0.368836 0.112798  1.07261  0.369235 -0.315291  0.873508
0.368731 0.112797  1.07261 0.369131 -0.31529  0.87351
0.368626 0.112796  1.07261 0.369027 -0.31529 0.873512
0.368521 0.112795  1.07261  0.368923 -0.315289  0.873513
0.368417 0.112794   1.0726  0.368818 -0.315289  0.873515
0.368313 0.112793   1.0726  0.368714 -0.315288  0.873517
0.368209 0.112793   1.0726   0.36861 -0.315288  0.873519
0.368104 0.112792   1.0726  0.368506 -0.315287   0.87352
   0.368 0.112791   1.0726  0.368402 -0.315286  0.873522
0.367896  0.11279  1.07259  0.368298 -0.315286  0.873525
0.367791 0.112789  1.07259  0.368194 -0.315285  0.873527
0.367686 0.112788  1.07259  0.368089 -0.315284   0.87353
0.367581 0.112787  1.07259  0.367985 -0.315284  0.873533
0.367476 0.112786  1.07259  0.367881 -0.315283  0.873536
0.367371 0.112785  1.07258  0.367777 -0.315282  0.873539
0.367266 0.112785  1.07258  0.367673 -0.315282  0.873542
0.367162 0.112784  1.07258  0.367569 -0.315281  0.873545
0.367058 0.112784  1.07257 0.367464 -0.31528 0.873548
0.366954 0.112783  1.07257   0.36736 -0.315279  0.873551
 0.36685 0.112783  1.07257  0.367256 -0.315278  0.873555
0.366745 0.112782  1.07256  0.367152 -0.315278  0.873558
 0.36664 0.112782  1.07256  0.367048 -0.315277  0.873562
0.366536 0.112781  1.07256  0.366944 -0.315276  0.873566
0.36643 0.11278 1.07255   0.36684 -0.315275   0.87357
0.366326 0.112779  1.07255  0.366735 -0.315274  0.873575
0.366221 0.112778  1.07255  0.366631 -0.315273  0.873579
0.366116 0.112778  1.07254  0.366527 -0.315272  0.873583
0.366012 0.112777  1.07254  0.366423 -0.315271  0.873588
0.365908 0.112777  1.07253 0.366319 -0.31527 0.873592
0.365804 0.112776  1.07253  0.366215 -0.315269  0.873596
  0.3657 0.112776  1.07252  0.366111 -0.315269    0.8736
0.365595 0.112776  1.07252  0.366007 -0.315268  0.873605
0.365491 0.112775  1.07251  0.365903 -0.315267   0.87361
0.365386 0.112775  1.07251  0.365799 -0.315265  0.873616
0.365281 0.112774   1.0725  0.365695 -0.315264  0.873621
0.365176 0.112773   1.0725   0.36559 -0.315263  0.873627
0.365071 0.112773  1.07249  0.365486 -0.315262  0.873632
0.364967 0.112772  1.07249  0.365382 -0.315261  0.873638
0.364862 0.112772  1.07248 0.365278 -0.31526 0.873643
0.364758 0.112772  1.07248  0.365174 -0.315259  0.873649
0.364654 0.112772  1.07247   0.36507 -0.315258  0.873654
 0.36455 0.112771  1.07246  0.364966 -0.315257   0.87366
0.364446 0.112771  1.07246  0.364862 -0.315256  0.873666
0.364342 0.112771  1.07245  0.364758 -0.315254  0.873672
0.364237  0.11277  1.07245  0.364654 -0.315253  0.873679
0.364132 0.112769  1.07244   0.36455 -0.315252  0.873685
0.364027 0.112769  1.07243  0.364446 -0.315251  0.873692
0.363922 0.112768  1.07243 0.364342 -0.31525 0.873699
0.363818 0.112768  1.07242  0.364238 -0.315248  0.873706
0.363713 0.112767  1.07241  0.364134 -0.315247  0.873712
0.363609 0.112767  1.07241   0.36403 -0.315246  0.873719
0.363505 0.112767   1.0724  0.363926 -0.315245  0.873726
0.363401 0.112767  1.07239  0.363822 -0.315243  0.873733
0.363297 0.112767  1.07238  0.363718 -0.315242   0.87374
0.363193 0.112767  1.07238  0.363614 -0.315241  0.873747
0.363088 0.112766  1.07237   0.36351 -0.315239  0.873755
0.362984 0.112766  1.07236  0.363406 -0.315238  0.873763
0.362879 0.112765  1.07236  0.363302 -0.315237  0.873771
0.362774 0.112765  1.07235  0.363198 -0.315235  0.873779
 0.36267 0.112764  1.07234  0.363094 -0.315234  0.873787
0.362565 0.112764  1.07233  0.362991 -0.315232  0.873795
0.362461 0.112764  1.07232  0.362887 -0.315231  0.873803
0.362357 0.112763  1.07232 0.362783 -0.31523 0.873811
0.362253 0.112763  1.07231  0.362679 -0.315228  0.873819
0.362149 0.112763   1.0723  0.362575 -0.315227  0.873827
0.362045 0.112763  1.07229  0.362471 -0.315225  0.873836
0.361941 0.112763  1.07228  0.362367 -0.315224  0.873845
0.361836 0.112763  1.07227  0.362263 -0.315222  0.873855
0.361731 0.112762  1.07226   0.36216 -0.315221  0.873864
0.361627 0.112762  1.07225  0.362056 -0.315219  0.873873
0.361522 0.112762  1.07225  0.361952 -0.315218  0.873882
0.361418 0.112761  1.07224  0.361848 -0.315216  0.873891
0.361314 0.112761  1.07223  0.361744 -0.315215  0.873901
 0.36121 0.112761  1.07222  0.361641 -0.315213   0.87391
0.361106 0.112761  1.07221  0.361537 -0.315212  0.873919
0.361002 0.112761   1.0722 0.361433 -0.31521 0.873929
0.360899 0.112761  1.07219  0.361329 -0.315208  0.873939
0.360794 0.112761  1.07218  0.361226 -0.315207  0.873949
0.36069 0.11276 1.07217  0.361122 -0.315205  0.873959
0.360585  0.11276  1.07216  0.361018 -0.315203   0.87397
0.360481  0.11276  1.07215  0.360914 -0.315202   0.87398
0.360376 0.112759  1.07214 0.360811  -0.3152 0.873991
0.360272 0.112759  1.07213  0.360707 -0.315198  0.874001
0.360168 0.112759  1.07212  0.360603 -0.315197  0.874012
0.360064 0.112759  1.07211    0.3605 -0.315195  0.874022
 0.35996 0.112759  1.07209  0.360396 -0.315193  0.874033
0.359857 0.112759  1.07208  0.360293 -0.315192  0.874043
0.359753 0.112759  1.07207 0.360189 -0.31519 0.874055
0.359649 0.112759  1.07206  0.360085 -0.315188  0.874066
0.359545 0.112759  1.07205  0.359981 -0.315186  0.874078
 0.35944 0.112758  1.07204  0.359878 -0.315185   0.87409
0.359336 0.112758  1.07203  0.359774 -0.315183  0.874101
0.359231 0.112758  1.07202  0.359671 -0.315181  0.874113
0.359127 0.112757    1.072  0.359567 -0.315179  0.874125
0.359023 0.112757  1.07199  0.359464 -0.315177  0.874136
0.358919 0.112757  1.07198   0.35936 -0.315176  0.874148
0.358816 0.112757  1.07197  0.359257 -0.315174   0.87416
0.358712 0.112758  1.07196  0.359153 -0.315172  0.874171
0.358608 0.112758  1.07194  0.35905 -0.31517 0.874184
0.358505 0.112758  1.07193  0.358946 -0.315168  0.874196
0.358401 0.112758  1.07192  0.358843 -0.315166   0.87421
0.358297 0.112757  1.07191  0.358739 -0.315164  0.874223
0.358193 0.112757  1.07189  0.358635 -0.315163  0.874236
0.358088 0.112756  1.07188  0.358532 -0.315161  0.874249
0.357984 0.112756  1.07187  0.358429 -0.315159  0.874262
 0.35788 0.112756  1.07186  0.358325 -0.315157  0.874275
0.357776 0.112756  1.07184  0.358222 -0.315155  0.874287
0.357672 0.112756  1.07183  0.358119 -0.315153    0.8743
0.357569 0.112756  1.07182  0.358015 -0.315151  0.874313
0.357465 0.112756   1.0718  0.357912 -0.315149  0.874327
0.357362 0.112756  1.07179  0.357809 -0.315147  0.874341
0.357258 0.112756  1.07177  0.357705 -0.315145  0.874355
0.357155 0.112756  1.07176  0.357602 -0.315143  0.874369
0.357051 0.112756  1.07175  0.357498 -0.315141  0.874383
0.356946 0.112756  1.07173  0.357395 -0.315139  0.874398
0.356842 0.112755  1.07172  0.357292 -0.315137  0.874412
0.356738 0.112755   1.0717  0.357189 -0.315135  0.874426
0.356635 0.112755  1.07169  0.357086 -0.315133   0.87444
0.356531 0.112755  1.07168  0.356982 -0.315131  0.874454
0.356428 0.112755  1.07166  0.356879 -0.315129  0.874469
0.356324 0.112755  1.07165  0.356776 -0.315127  0.874483
0.356221 0.112755  1.07163  0.356673 -0.315125  0.874498
0.356117 0.112755  1.07162   0.35657 -0.315123  0.874514
0.356014 0.112755   1.0716 0.356466 -0.31512 0.874529
 0.35591 0.112755  1.07159  0.356363 -0.315118  0.874545
0.355806 0.112755  1.07157   0.35626 -0.315116   0.87456
0.355702 0.112754  1.07156  0.356157 -0.315114  0.874576
0.355598 0.112754  1.07154  0.356054 -0.315112  0.874591
0.355494 0.112754  1.07153 0.355951 -0.31511 0.874606
0.355391 0.112754  1.07151  0.355848 -0.315108  0.874622
0.355288 0.112754  1.07149  0.355745 -0.315105  0.874637
0.355185 0.112754  1.07148  0.355642 -0.315103  0.874653
0.355081 0.112754  1.07146  0.355539 -0.315101  0.874669
0.354978 0.112754  1.07144  0.355436 -0.315099  0.874686
0.354875 0.112754  1.07143  0.355333 -0.315097  0.874703
0.354772 0.112754  1.07141   0.35523 -0.315094   0.87472
0.354668 0.112754   1.0714  0.355127 -0.315092  0.874736
0.354564 0.112754  1.07138 0.355024 -0.31509 0.874753
 0.35446 0.112754  1.07136  0.354921 -0.315088  0.874769
0.354357 0.112753  1.07135  0.354819 -0.315085  0.874786
0.354253 0.112754  1.07133  0.354716 -0.315083  0.874803
 0.35415 0.112754  1.07131  0.354613 -0.315081  0.874819
0.354047 0.112754   1.0713   0.35451 -0.315079  0.874836
0.353944 0.112754  1.07128  0.354407 -0.315076  0.874854
0.353841 0.112754  1.07126  0.354305 -0.315074  0.874872
0.353738 0.112754  1.07124  0.354202 -0.315072   0.87489
0.353635 0.112754  1.07123  0.354099 -0.315069  0.874908
0.353531 0.112754  1.07121  0.353996 -0.315067  0.874926
0.353427 0.112753  1.07119  0.353893 -0.315065  0.874943
0.353324 0.112753  1.07117  0.353791 -0.315062  0.874961
0.353221 0.112753  1.07116 0.353688 -0.31506 0.874979
0.353117 0.112753  1.07114  0.353586 -0.315058  0.874997
0.353014 0.112753  1.07112  0.353483 -0.315055  0.875015
0.352912 0.112753   1.0711  0.353381 -0.315053  0.875033
0.352809 0.112753  1.07108 0.353278 -0.31505 0.875052
0.352706 0.112754  1.07106  0.353175 -0.315048  0.875071
0.352603 0.112754  1.07104  0.353073 -0.315046   0.87509
  0.3525 0.112754  1.07103   0.35297 -0.315043  0.875109
0.352397 0.112754  1.07101  0.352867 -0.315041  0.875128
0.352294 0.112753  1.07099  0.352765 -0.315038  0.875147
 0.35219 0.112753  1.07097  0.352663 -0.315036  0.875166
0.352087 0.112753  1.07095   0.35256 -0.315033  0.875185
0.351985 0.112753  1.07093  0.352458 -0.315031  0.875204
0.351882 0.112753  1.07091  0.352356 -0.315028  0.875224
0.351779 0.112753  1.07089  0.352253 -0.315026  0.875243
0.351677 0.112753  1.07087  0.352151 -0.315023  0.875263
0.351574 0.112753  1.07085  0.352048 -0.315021  0.875283
0.351471 0.112754  1.07083  0.351946 -0.315018  0.875304
0.351368 0.112754  1.07081  0.351844 -0.315016  0.875324
0.351265 0.112753  1.07079  0.351741 -0.315013  0.875345
0.351161 0.112753  1.07077  0.351639 -0.315011  0.875365
0.351058 0.112753  1.07075  0.351537 -0.315008  0.875385
0.350956 0.112753  1.07073  0.351435 -0.315005  0.875405
0.350853 0.112753  1.07071  0.351333 -0.315003  0.875425
 0.35075 0.112753  1.07069 0.351231   -0.315 0.875446
0.350648 0.112753  1.07067  0.351128 -0.314998  0.875466
0.350546 0.112754  1.07065  0.351026 -0.314995  0.875487
0.350443 0.112754  1.07063  0.350924 -0.314992  0.875509
0.350341 0.112754  1.07061 0.350822 -0.31499 0.875531
0.350239 0.112754  1.07059   0.35072 -0.314987  0.875552
0.350136 0.112753  1.07057  0.350618 -0.314984  0.875574
0.350033 0.112753  1.07055  0.350516 -0.314982  0.875595
 0.34993 0.112753  1.07052  0.350414 -0.314979  0.875617
0.349827 0.112753   1.0705  0.350312 -0.314976  0.875638
0.349725 0.112753  1.07048   0.35021 -0.314974   0.87566
0.349623 0.112753  1.07046  0.350108 -0.314971  0.875681
 0.34952 0.112753  1.07044  0.350006 -0.314968  0.875703
0.349418 0.112754  1.07041  0.349905 -0.314966  0.875725
0.349316 0.112754  1.07039  0.349803 -0.314963  0.875748
0.349214 0.112754  1.07037 0.349701 -0.31496 0.875771
0.349111 0.112754  1.07035  0.349599 -0.314957  0.875794
0.349009 0.112754  1.07033  0.349497 -0.314955  0.875817
0.348906 0.112754   1.0703  0.349395 -0.314952  0.875839
0.348803 0.112753  1.07028  0.349294 -0.314949  0.875862
0.348701 0.112753  1.07026  0.349192 -0.314946  0.875885
0.348599 0.112753  1.07024   0.34909 -0.314943  0.875907
0.348496 0.112753  1.07021  0.348989 -0.314941   0.87593
0.348395 0.112753  1.07019  0.348887 -0.314938  0.875953
0.348293 0.112754  1.07017  0.348786 -0.314935  0.875977
0.348191 0.112754  1.07014  0.348684 -0.314932     0.876
0.348089 0.112754  1.07012  0.348582 -0.314929  0.876025
0.347987 0.112755   1.0701  0.348481 -0.314926  0.876049
0.347885 0.112754  1.07007  0.348379 -0.314924  0.876073
0.347782 0.112754  1.07005  0.348278 -0.314921  0.876097
 0.34768 0.112754  1.07003  0.348176 -0.314918  0.876121
0.347578 0.112754     1.07  0.348075 -0.314915  0.876144
0.347476 0.112754  1.06998  0.347974 -0.314912  0.876168
0.347374 0.112754  1.06995  0.347873 -0.314909  0.876192
0.347272 0.112754  1.06993  0.347771 -0.314906  0.876216
0.347171 0.112754  1.06991   0.34767 -0.314903  0.876241
0.347069 0.112754  1.06988 0.347569  -0.3149 0.876266
0.346968 0.112755  1.06986  0.347467 -0.314897  0.876292
0.346866 0.112755  1.06983  0.347366 -0.314894  0.876317
0.346764 0.112755  1.06981  0.347265 -0.314891  0.876342
0.346661 0.112755  1.06978  0.347164 -0.314888  0.876367
0.346559 0.112755  1.06976  0.347062 -0.314885  0.876392
0.346457 0.112755  1.06973  0.346961 -0.314882  0.876417
0.346356 0.112755  1.06971   0.34686 -0.314879  0.876442
0.346254 0.112755  1.06968   0.34676 -0.314876  0.876468
0.346153 0.112755  1.06966  0.346659 -0.314873  0.876493
0.346051 0.112755  1.06963 0.346558 -0.31487 0.876519
 0.34595 0.112756  1.06961  0.346456 -0.314867  0.876545
0.345849 0.112756  1.06958  0.346355 -0.314864  0.876572
0.345747 0.112756  1.06955  0.346254 -0.314861  0.876598
0.345646 0.112756  1.06953  0.346153 -0.314858  0.876625
0.345544 0.112756   1.0695  0.346053 -0.314855  0.876651
0.345442 0.112755  1.06948  0.345952 -0.314852  0.876677
0.345341 0.112755  1.06945  0.345851 -0.314849  0.876704
0.345239 0.112755  1.06942   0.34575 -0.314846   0.87673
0.345138 0.112755   1.0694   0.34565 -0.314843  0.876756
0.345037 0.112756  1.06937  0.345549 -0.314839  0.876783
0.344936 0.112756  1.06934  0.345448 -0.314836   0.87681
0.344835 0.112756  1.06932  0.345348 -0.314833  0.876837
0.344734 0.112757  1.06929 0.345247 -0.31483 0.876865
0.344632 0.112757  1.06926  0.345146 -0.314827  0.876893
0.344531 0.112757  1.06924  0.345046 -0.314824  0.876921
 0.34443 0.112757  1.06921 0.344945 -0.31482 0.876948
0.344328 0.112756  1.06918  0.344845 -0.314817  0.876976
0.344227 0.112756  1.06916  0.344744 -0.314814  0.877003
0.344126 0.112756  1.06913  0.344644 -0.314811  0.877031
0.344025 0.112756   1.0691  0.344544 -0.314808  0.877058
0.343924 0.112756  1.06907  0.344443 -0.314804  0.877086
0.343823 0.112757  1.06904  0.344343 -0.314801  0.877114
0.343722 0.112757  1.06902  0.344243 -0.314798  0.877142
0.343622 0.112758  1.06899  0.344142 -0.314795  0.877171
0.343521 0.112758  1.06896  0.344042 -0.314791    0.8772
 0.34342 0.112758  1.06893  0.343942 -0.314788  0.877229
0.343319 0.112758   1.0689  0.343841 -0.314785  0.877258
0.343218 0.112758  1.06888  0.343741 -0.314781  0.877287
0.343117 0.112758  1.06885  0.343641 -0.314778  0.877316
0.343016 0.112758  1.06882  0.343541 -0.314775  0.877345
0.342915 0.112758  1.06879  0.343441 -0.314772  0.877373
0.342815 0.112758  1.06876  0.343341 -0.314768  0.877402
0.342714 0.112758  1.06873  0.343241 -0.314765  0.877431
0.342614 0.112758   1.0687  0.343141 -0.314762  0.877461
0.342513 0.112759  1.06867  0.343041 -0.314758  0.877491
0.342413 0.112759  1.06864  0.342941 -0.314755  0.877521
0.342312 0.112759  1.06861  0.342841 -0.314751  0.877551
0.342211 0.112759  1.06858  0.342741 -0.314748  0.877582
 0.34211 0.112759  1.06856  0.342642 -0.314744  0.877612
 0.34201 0.112759  1.06853  0.342542 -0.314741  0.877642
0.341909 0.112759   1.0685  0.342442 -0.314738  0.877671
0.341809  0.11276  1.06847  0.342343 -0.314734  0.877701
0.341709  0.11276  1.06844  0.342243 -0.314731  0.877731
0.341609  0.11276  1.06841  0.342143 -0.314728  0.877762
0.341509 0.112761  1.06838  0.342044 -0.314724  0.877792
0.341409 0.112761  1.06835  0.341944 -0.314721  0.877824
0.341309 0.112761  1.06831  0.341844 -0.314717  0.877855
0.341208 0.112761  1.06828  0.341745 -0.314714  0.877887
0.341108 0.112761  1.06825 0.341645 -0.31471 0.877918
0.341007 0.112761  1.06822  0.341546 -0.314706  0.877949
0.340907 0.112761  1.06819  0.341447 -0.314703   0.87798
0.340807 0.112761  1.06816 0.341347  -0.3147 0.878011
0.340707 0.112761  1.06813  0.341248 -0.314696  0.878042
0.340607 0.112762   1.0681  0.341149 -0.314693  0.878074
0.340507 0.112762  1.06807   0.34105 -0.314689  0.878105
0.340407 0.112762  1.06804   0.34095 -0.314686  0.878137
0.340308 0.112763    1.068  0.340851 -0.314682   0.87817
0.340208 0.112763  1.06797  0.340752 -0.314678  0.878202
0.340108 0.112763  1.06794  0.340653 -0.314675  0.878235
0.340008 0.112763  1.06791  0.340553 -0.314671  0.878267
0.339908 0.112763  1.06788  0.340454 -0.314667    0.8783
0.339808 0.112763  1.06785  0.340355 -0.314664  0.878332
0.339708 0.112763  1.06781 0.340257 -0.31466 0.878364
0.339609 0.112763  1.06778  0.340158 -0.314657  0.878397
0.339509 0.112763  1.06775  0.340059 -0.314653  0.878429
 0.33941 0.112764  1.06772  0.33996 -0.31465 0.878462
 0.33931 0.112765  1.06768  0.339861 -0.314646  0.878494
0.339211 0.112765  1.06765  0.339763 -0.314642  0.878528
0.339112 0.112766  1.06762  0.339664 -0.314639  0.878561
0.339012 0.112766  1.06759  0.339565 -0.314635  0.878595
0.338912 0.112766  1.06755  0.339466 -0.314631  0.878629
0.338812 0.112766  1.06752  0.339367 -0.314627  0.878663
0.338713 0.112767  1.06749  0.339269 -0.314624  0.878697
0.338613 0.112767  1.06745  0.33917 -0.31462 0.878731
0.338514 0.112767  1.06742  0.339072 -0.314616  0.878765
0.338415 0.112767  1.06739  0.338973 -0.314613  0.878798
0.338315 0.112768  1.06735  0.338875 -0.314609  0.878832
0.338216 0.112768  1.06732  0.338777 -0.314605  0.878866
0.338118 0.112768  1.06729  0.338678 -0.314601    0.8789
0.338019 0.112769  1.06725   0.33858 -0.314598  0.878935
 0.33792 0.112769  1.06722  0.338481 -0.314594   0.87897
0.337821 0.112769  1.06718 0.338383 -0.31459 0.879005
0.337722 0.112769  1.06715  0.338285 -0.314586   0.87904
0.337622 0.112769  1.06712  0.338186 -0.314582  0.879075
0.337523 0.112769  1.06708  0.338088 -0.314579   0.87911
0.337424 0.112769  1.06705   0.33799 -0.314575  0.879145
0.337325  0.11277  1.06701  0.337892 -0.314571  0.879179
0.337226  0.11277  1.06698  0.337794 -0.314567  0.879214
0.337128  0.11277  1.06694  0.337696 -0.314563  0.879249
0.337029 0.112771  1.06691 0.337599 -0.31456 0.879285
0.336931 0.112771  1.06687  0.337501 -0.314556   0.87932
0.336832 0.112772  1.06684  0.337402 -0.314552  0.879357
0.336734 0.112772   1.0668  0.337305 -0.314548  0.879393
0.336635 0.112772  1.06677  0.337207 -0.314544   0.87943
0.336536 0.112772  1.06673 0.337109 -0.31454 0.879466
0.336437 0.112772   1.0667  0.337011 -0.314536  0.879502
0.336338 0.112772  1.06666  0.336913 -0.314532  0.879538
 0.33624 0.112772  1.06663  0.336816 -0.314528  0.879574
0.336142 0.112772  1.06659  0.336718 -0.314525   0.87961
0.336043 0.112773  1.06655  0.336621 -0.314521  0.879646
0.335945 0.112773  1.06652  0.336523 -0.314517  0.879682
0.335847 0.112774  1.06648  0.336426 -0.314513  0.879719
0.335749 0.112775  1.06644  0.336328 -0.314509  0.879757
0.335651 0.112775  1.06641  0.336231 -0.314505  0.879794
0.335553 0.112775  1.06637  0.336133 -0.314501  0.879832
0.335454 0.112775  1.06634  0.336036 -0.314497  0.879869
0.335356 0.112775   1.0663  0.335939 -0.314493  0.879907
0.335257 0.112775  1.06626  0.335842 -0.314489  0.879944
0.335159 0.112776  1.06623  0.335744 -0.314485  0.879981
0.335061 0.112776  1.06619  0.335647 -0.314481  0.880018
0.334964 0.112776  1.06615   0.33555 -0.314477  0.880055
0.334866 0.112776  1.06611  0.335453 -0.314473  0.880093
0.334768 0.112777  1.06608  0.335356 -0.314469  0.880131
0.334671 0.112778  1.06604  0.335259 -0.314465   0.88017
0.334573 0.112778    1.066  0.335162 -0.314461  0.880208
0.334475 0.112778  1.06596  0.335065 -0.314457  0.880247
0.334377 0.112779  1.06593  0.334968 -0.314453  0.880286
0.334279 0.112779  1.06589  0.334871 -0.314449  0.880324
0.334181 0.112779  1.06585  0.334774 -0.314445  0.880363
0.334083 0.112779  1.06581  0.334678 -0.314441  0.880401
0.333986  0.11278  1.06577  0.334581 -0.314437  0.880439
0.333888  0.11278  1.06574  0.334485 -0.314433  0.880478
0.333791 0.112781   1.0657  0.334388 -0.314429  0.880516
0.333694 0.112781  1.06566  0.334292 -0.314424  0.880555
0.333597 0.112782  1.06562 0.334195 -0.31442 0.880595
  0.3335 0.112782  1.06558  0.334098 -0.314416  0.880635
0.333402 0.112782  1.06554  0.334002 -0.314412  0.880675
0.333305 0.112782  1.06551  0.333905 -0.314408  0.880715
0.333207 0.112782  1.06547  0.333809 -0.314403  0.880755
 0.33311 0.112782  1.06543  0.333713 -0.314399  0.880794
0.333012 0.112783  1.06539  0.333616 -0.314395  0.880834
0.332915 0.112783  1.06535   0.33352 -0.314391  0.880873
0.332818 0.112783  1.06531  0.333424 -0.314387  0.880912
0.332721 0.112784  1.06527  0.333328 -0.314382  0.880952
0.332625 0.112785  1.06523  0.333232 -0.314378  0.880993
0.332528 0.112785  1.06519  0.333136 -0.314374  0.881033
0.332431 0.112786  1.06515   0.33304 -0.314369  0.881074
0.332334 0.112786  1.06511  0.332944 -0.314365  0.881116
0.332237 0.112786  1.06507  0.332848 -0.314361  0.881157
 0.33214 0.112786  1.06503  0.332752 -0.314356  0.881198
0.332043 0.112786  1.06499  0.332656 -0.314352  0.881238
0.331946 0.112786  1.06495   0.33256 -0.314348  0.881279
 0.33185 0.112786  1.06491  0.332464 -0.314344  0.881319
0.331753 0.112787  1.06487  0.332369 -0.314339   0.88136
0.331657 0.112788  1.06483  0.332273 -0.314335  0.881401
 0.33156 0.112788  1.06479  0.332178 -0.314331  0.881442
0.331464 0.112789  1.06475  0.332082 -0.314326  0.881484
0.331368 0.112789  1.06471  0.331986 -0.314322  0.881526
0.331271  0.11279  1.06467  0.331891 -0.314317  0.881569
0.331175  0.11279  1.06462  0.331795 -0.314313  0.881611
0.331078  0.11279  1.06458    0.3317 -0.314308  0.881653
0.330982  0.11279  1.06454  0.331604 -0.314304  0.881695
0.330885  0.11279   1.0645  0.331509 -0.314299  0.881737
0.330789  0.11279  1.06446  0.331414 -0.314295  0.881778
0.330693 0.112791  1.06442  0.331319 -0.314291   0.88182
0.330597 0.112791  1.06438  0.331224 -0.314286  0.881862
0.330501 0.112792  1.06433  0.331129 -0.314282  0.881905
0.330406 0.112793  1.06429  0.331034 -0.314278  0.881947
 0.33031 0.112793  1.06425  0.330938 -0.314273  0.881991
0.330214 0.112794  1.06421  0.330843 -0.314268  0.882034
0.330118 0.112794  1.06417  0.330748 -0.314264  0.882078
0.330021 0.112794  1.06412  0.330653 -0.314259  0.882121
0.329925 0.112794  1.06408  0.330558 -0.314255  0.882164
 0.32983 0.112795  1.06404  0.330464 -0.314251  0.882207
0.329734 0.112795    1.064  0.330369 -0.314246   0.88225
0.329639 0.112795  1.06395  0.330274 -0.314242  0.882293
0.329543 0.112796  1.06391   0.33018 -0.314237  0.882336
0.329448 0.112796  1.06387  0.330085 -0.314233  0.882379
0.329353 0.112797  1.06382  0.329991 -0.314228  0.882423
0.329258 0.112797  1.06378  0.329896 -0.314224  0.882467
0.329162 0.112798  1.06374  0.329801 -0.314219  0.882512
0.329066 0.112798  1.06369  0.329707 -0.314215  0.882557
0.328971 0.112798  1.06365 0.329612 -0.31421 0.882601
0.328875 0.112799  1.06361  0.329518 -0.314206  0.882645
 0.32878 0.112799  1.06356  0.329424 -0.314201  0.882689
0.328684   0.1128  1.06352  0.329329 -0.314197  0.882733
0.32859  0.1128 1.06348  0.329235 -0.314193  0.882777
0.328495 0.112801  1.06343  0.329141 -0.314188  0.882821
  0.3284 0.112802  1.06339  0.329047 -0.314184  0.882866
0.328305 0.112802  1.06334 0.328953 -0.31418 0.882911
 0.32821 0.112803   1.0633  0.328859 -0.314175  0.882956
0.328115 0.112803  1.06325  0.328765 -0.314171  0.883002
 0.32802 0.112803  1.06321  0.328671 -0.314166  0.883047
0.327925 0.112803  1.06317  0.328577 -0.314162  0.883093
 0.32783 0.112803  1.06312  0.328483 -0.314158  0.883138
0.327735 0.112803  1.06308  0.328389 -0.314153  0.883183
0.327641 0.112804  1.06303  0.328295 -0.314149  0.883229
0.327546 0.112804  1.06299  0.328201 -0.314145  0.883273
0.327452 0.112805  1.06294  0.328108 -0.314141  0.883319
0.327358 0.112806  1.06289  0.328014 -0.314137  0.883364
0.327263 0.112807  1.06285  0.327921 -0.314133   0.88341
0.327169 0.112807   1.0628  0.327827 -0.314129  0.883456
0.327074 0.112808  1.06276  0.327733 -0.314125  0.883503
 0.32698 0.112808  1.06271   0.32764 -0.314121   0.88355
0.326885 0.112808  1.06267  0.327546 -0.314117  0.883596
0.326791 0.112808  1.06262  0.327453 -0.314113  0.883642
0.326696 0.112808  1.06258  0.327359 -0.314109  0.883689
0.326602 0.112809  1.06253  0.327266 -0.314105  0.883735
0.326508 0.112809  1.06248  0.327173 -0.314101  0.883781
0.326415 0.112809  1.06244   0.32708 -0.314098  0.883827
0.326321  0.11281  1.06239  0.326987 -0.314094  0.883873
0.326227 0.112811  1.06234 0.326894 -0.31409  0.88392
0.326133 0.112811   1.0623    0.3268 -0.314087  0.883967
0.326039 0.112812  1.06225  0.326707 -0.314083  0.884015
0.325945 0.112812   1.0622  0.326614 -0.314079  0.884063
0.325851 0.112813  1.06216  0.326521 -0.314076   0.88411
0.325757 0.112813  1.06211  0.326428 -0.314072  0.884158
0.325663 0.112813  1.06206  0.326335 -0.314069  0.884205
 0.32557 0.112814  1.06202  0.326243 -0.314065  0.884252
0.325476 0.112814  1.06197   0.32615 -0.314062  0.884299
0.325383 0.112815  1.06192  0.326057 -0.314059  0.884346
 0.32529 0.112815  1.06188  0.325965 -0.314055  0.884393
0.325197 0.112816  1.06183  0.325872 -0.314052  0.884441
0.325104 0.112816  1.06178   0.32578 -0.314049  0.884489
 0.32501 0.112817  1.06173  0.325687 -0.314046  0.884538
0.324917 0.112817  1.06169  0.325594 -0.314042  0.884587
0.324823 0.112817  1.06164  0.325502 -0.314039  0.884635
 0.32473 0.112818  1.06159  0.325409 -0.314036  0.884684
0.324636 0.112818  1.06154  0.325317 -0.314033  0.884732
0.324543 0.112819  1.06149 0.325225 -0.31403  0.88478
0.32445 0.11282 1.06145  0.325133 -0.314027  0.884828
0.324358  0.11282   1.0614  0.325041 -0.314025  0.884876
0.324265 0.112821  1.06135  0.324948 -0.314022  0.884924
0.324173 0.112822   1.0613  0.324856 -0.314019  0.884973
 0.32408 0.112822  1.06125  0.324764 -0.314016  0.885022
0.323987 0.112823   1.0612  0.324672 -0.314013  0.885072
0.323894 0.112823  1.06115  0.32458 -0.31401 0.885121
0.323801 0.112823   1.0611  0.324488 -0.314008  0.885171
0.323708 0.112823  1.06106  0.324396 -0.314005   0.88522
0.323616 0.112823  1.06101  0.324304 -0.314002   0.88527
0.323523 0.112824  1.06096 0.324213   -0.314 0.885319
0.323431 0.112824  1.06091  0.324121 -0.313997  0.885368
0.323339 0.112825  1.06086  0.324029 -0.313995  0.885417
0.323247 0.112826  1.06081  0.323938 -0.313993  0.885466
0.323155 0.112827  1.06076 0.323846 -0.31399 0.885515
0.323063 0.112828  1.06071  0.323755 -0.313988  0.885565
 0.32297 0.112828  1.06066  0.323663 -0.313986  0.885616
0.322878 0.112829  1.06061  0.323572 -0.313984  0.885667
0.322786 0.112829  1.06056   0.32348 -0.313981  0.885717
0.322693 0.112829  1.06051  0.323389 -0.313979  0.885768
0.322601  0.11283  1.06046  0.323298 -0.313977  0.885818
0.322509  0.11283  1.06041  0.323206 -0.313975  0.885868
0.322418  0.11283  1.06036  0.323115 -0.313972  0.885918
0.322326 0.112831  1.06031 0.323024 -0.31397 0.885968
0.322235 0.112831  1.06026  0.322933 -0.313969  0.886018
0.322143 0.112832  1.06021  0.322842 -0.313967  0.886069
0.322052 0.112833  1.06016  0.322751 -0.313965   0.88612
 0.32196 0.112833  1.06011   0.32266 -0.313963  0.886171
0.321868 0.112834  1.06005  0.322569 -0.313961  0.886223
0.321776 0.112834     1.06  0.322478 -0.313959  0.886274
0.321685 0.112835  1.05995  0.322387 -0.313957  0.886326
0.321593 0.112835   1.0599  0.322296 -0.313956  0.886377
0.321502 0.112836  1.05985  0.322206 -0.313954  0.886428
0.321411 0.112836   1.0598  0.322115 -0.313952  0.886479
 0.32132 0.112837  1.05975 0.322025 -0.31395  0.88653
0.321229 0.112838   1.0597  0.321934 -0.313949  0.886581
0.321139 0.112838  1.05964  0.321844 -0.313947  0.886633
0.321048 0.112839  1.05959  0.321753 -0.313946  0.886684
0.320956 0.112839  1.05954  0.321663 -0.313944  0.886737
0.320865 0.112839  1.05949  0.321573 -0.313942  0.886789
0.320774  0.11284  1.05944  0.321482 -0.313941  0.886842
0.320683  0.11284  1.05938  0.321392 -0.313939  0.886895
0.320592 0.112841  1.05933  0.321302 -0.313938  0.886947
0.320501 0.112841  1.05928  0.321211 -0.313936  0.886999
0.320411 0.112842  1.05923  0.321121 -0.313935  0.887051
 0.32032 0.112842  1.05917  0.321031 -0.313934  0.887103
 0.32023 0.112843  1.05912  0.320942 -0.313933  0.887155
 0.32014 0.112844  1.05907  0.320852 -0.313931  0.887207
 0.32005 0.112845  1.05902 0.320762 -0.31393  0.88726
0.319959 0.112845  1.05896  0.320672 -0.313929  0.887313
0.319869 0.112845  1.05891  0.320582 -0.313927  0.887367
0.319778 0.112845  1.05886  0.320492 -0.313926   0.88742
0.319688 0.112846   1.0588  0.320403 -0.313924  0.887474
0.319597 0.112846  1.05875  0.320313 -0.313923  0.887527
0.319507 0.112846   1.0587  0.320223 -0.313922  0.887581
0.319417 0.112847  1.05864  0.320134 -0.313921  0.887634
0.319328 0.112848  1.05859 0.320045 -0.31392 0.887687
0.319238 0.112849  1.05854  0.319955 -0.313919   0.88774
0.319149  0.11285  1.05848  0.319866 -0.313918  0.887793
0.319059  0.11285  1.05843  0.319777 -0.313917  0.887846
0.318969 0.112851  1.05837  0.319687 -0.313916    0.8879
0.318879 0.112851  1.05832  0.319598 -0.313915  0.887955
0.318789 0.112852  1.05827  0.319509 -0.313914   0.88801
0.318699 0.112852  1.05821   0.31942 -0.313913  0.888064
 0.31861 0.112852  1.05816  0.319331 -0.313912  0.888119
 0.31852 0.112853   1.0581  0.319242 -0.313911  0.888173
0.318431 0.112853  1.05805 0.319153 -0.31391 0.888227
0.318342 0.112854  1.05799  0.319064 -0.313909  0.888281
0.318253 0.112854  1.05794  0.318975 -0.313908  0.888335
0.318164 0.112855  1.05788  0.318887 -0.313907  0.888389
0.318075 0.112856  1.05783  0.318798 -0.313906  0.888444
0.317986 0.112857  1.05777   0.31871 -0.313905  0.888499
0.317896 0.112857  1.05772  0.318621 -0.313905  0.888554
0.317807 0.112858  1.05766  0.318532 -0.313904   0.88861
0.317718 0.112858  1.05761  0.318444 -0.313903  0.888665
0.317629 0.112859  1.05755  0.318355 -0.313902  0.888721
 0.31754 0.112859   1.0575  0.318267 -0.313901  0.888776
0.317452  0.11286  1.05744  0.318179 -0.313901  0.888832
0.317363 0.112861  1.05739  0.31809  -0.3139 0.888887
0.317275 0.112861  1.05733  0.318002 -0.313899  0.888942
0.317187 0.112862  1.05727  0.317914 -0.313898  0.888997
0.317098 0.112862  1.05722  0.317826 -0.313898  0.889052
 0.31701 0.112863  1.05716  0.317738 -0.313897  0.889108
0.316921 0.112863  1.05711   0.31765 -0.313896  0.889164
0.316832 0.112863  1.05705  0.317562 -0.313895  0.889221
0.316743 0.112864  1.05699  0.317474 -0.313895  0.889277
0.316655 0.112864  1.05694  0.317386 -0.313894  0.889334
0.316567 0.112865  1.05688  0.317299 -0.313893  0.889391
0.316479 0.112866  1.05682  0.317211 -0.313893  0.889447
0.316391 0.112866  1.05677  0.317124 -0.313892  0.889503
0.316304 0.112867  1.05671  0.317036 -0.313892  0.889559
0.316216 0.112868  1.05665  0.316949 -0.313891  0.889615
0.316128 0.112868   1.0566  0.316861 -0.313891  0.889671
 0.31604 0.112869  1.05654 0.316774 -0.31389 0.889728
0.315952 0.112869  1.05648 0.316687 -0.31389 0.889785
0.315864 0.112869  1.05643  0.316599 -0.313889  0.889842
0.315776  0.11287  1.05637  0.316512 -0.313888    0.8899
0.315689  0.11287  1.05631  0.316425 -0.313887  0.889958
0.315601  0.11287  1.05625  0.316338 -0.313887  0.890016
0.315514 0.112871   1.0562  0.316251 -0.313886  0.890073
0.315427 0.112872  1.05614  0.316164 -0.313886   0.89013
 0.31534 0.112873  1.05608  0.316077 -0.313885  0.890187
0.315253 0.112874  1.05602   0.31599 -0.313885  0.890244
0.315166 0.112874  1.05596  0.315903 -0.313884  0.890301
0.315079 0.112875  1.05591  0.315817 -0.313884  0.890359
0.314991 0.112875  1.05585   0.31573 -0.313884  0.890417
0.314904 0.112876  1.05579  0.315643 -0.313883  0.890475
0.314817 0.112876  1.05573  0.315557 -0.313883  0.890534
 0.31473 0.112877  1.05567   0.31547 -0.313882  0.890593
0.314643 0.112877  1.05562  0.315384 -0.313882  0.890651
0.314556 0.112877  1.05556  0.315297 -0.313881   0.89071
 0.31447 0.112878   1.0555  0.315211 -0.313881  0.890768
0.314384 0.112878  1.05544 0.315125 -0.31388 0.890826
0.314297 0.112879  1.05538 0.315039 -0.31388 0.890884
0.314211  0.11288  1.05532  0.314953 -0.313879  0.890942
0.314124 0.112881  1.05526  0.314867 -0.313879     0.891
0.314037 0.112881   1.0552  0.314781 -0.313879  0.891059
0.313951 0.112882  1.05514  0.314695 -0.313879  0.891119
0.313864 0.112882  1.05508  0.314609 -0.313878  0.891178
0.313778 0.112883  1.05502  0.314523 -0.313878  0.891238
0.313692 0.112883  1.05497  0.314437 -0.313877  0.891298
0.313606 0.112884  1.05491  0.314351 -0.313877  0.891357
 0.31352 0.112885  1.05485  0.314266 -0.313876  0.891417
0.313435 0.112885  1.05479   0.31418 -0.313876  0.891476
0.313349 0.112886  1.05473  0.314095 -0.313875  0.891535
0.313264 0.112886  1.05467  0.314009 -0.313875  0.891594
0.313178 0.112887  1.05461  0.313924 -0.313875  0.891653
0.313092 0.112887  1.05455  0.313839 -0.313874  0.891712
0.313006 0.112887  1.05449  0.313754 -0.313874  0.891773
 0.31292 0.112888  1.05443  0.313668 -0.313874  0.891833
0.312834 0.112888  1.05436  0.313583 -0.313873  0.891894
0.312748 0.112889   1.0543  0.313498 -0.313873  0.891955
0.312663 0.112889  1.05424  0.313413 -0.313873  0.892016
0.312578  0.11289  1.05418  0.313328 -0.313872  0.892076
0.312493 0.112891  1.05412  0.313243 -0.313872  0.892136
0.312408 0.112892  1.05406  0.313158 -0.313872  0.892196
0.312323 0.112892    1.054  0.313074 -0.313871  0.892256
0.312238 0.112893  1.05394  0.312989 -0.313871  0.892316
0.312153 0.112893  1.05388  0.312904 -0.313871  0.892377
0.312068 0.112894  1.05382  0.31282 -0.31387 0.892438
0.311983 0.112894  1.05376 0.312735 -0.31387 0.892499
0.311898 0.112894  1.05369  0.312651 -0.313869  0.892561
0.311813 0.112894  1.05363  0.312566 -0.313869  0.892623
0.311728 0.112895  1.05357  0.312482 -0.313868  0.892685
0.311644 0.112896  1.05351  0.312397 -0.313868  0.892746
 0.31156 0.112896  1.05345  0.312313 -0.313868  0.892807
0.311476 0.112897  1.05338  0.312229 -0.313868  0.892868
0.311391 0.112898  1.05332  0.312145 -0.313868  0.892929
0.311307 0.112899  1.05326  0.312061 -0.313867   0.89299
0.311223 0.112899   1.0532  0.311978 -0.313867  0.893052
0.311138   0.1129  1.05314  0.311894 -0.313867  0.893114
0.311053   0.1129  1.05307   0.31181 -0.313867  0.893176
0.310969   0.1129  1.05301  0.311726 -0.313866  0.893239
0.310885 0.112901  1.05295  0.311642 -0.313866  0.893302
0.310801 0.112901  1.05289  0.311559 -0.313866  0.893364
0.310718 0.112901  1.05282  0.311475 -0.313865  0.893427
0.310634 0.112902  1.05276  0.311392 -0.313865  0.893489
0.310551 0.112902   1.0527  0.311308 -0.313865  0.893551
0.310467 0.112903  1.05264  0.311225 -0.313864  0.893613
0.310384 0.112904  1.05257  0.311142 -0.313864  0.893675
  0.3103 0.112904  1.05251  0.311059 -0.313864  0.893737
0.310216 0.112905  1.05245  0.310975 -0.313864    0.8938
0.310132 0.112905  1.05238  0.310892 -0.313864  0.893863
0.310048 0.112906  1.05232  0.310809 -0.313864  0.893927
0.309965 0.112907  1.05226  0.310726 -0.313863  0.893991
0.309882 0.112907  1.05219  0.310643 -0.313863  0.894055
0.309799 0.112908  1.05213   0.31056 -0.313863  0.894118
0.309716 0.112908  1.05207  0.310478 -0.313862  0.894182
0.309634 0.112909    1.052  0.310395 -0.313862  0.894245
0.309551 0.112909  1.05194  0.310312 -0.313862  0.894308
0.309468 0.112909  1.05187   0.31023 -0.313862  0.894371
0.309385  0.11291  1.05181  0.310148 -0.313861  0.894434
0.309302  0.11291  1.05175  0.310065 -0.313861  0.894497
0.309219 0.112911  1.05168  0.309983 -0.313861  0.894561
0.309136 0.112911  1.05162    0.3099 -0.313861  0.894626
0.309053 0.112912  1.05155 0.309818 -0.31386 0.894691
0.308971 0.112912  1.05149 0.309736 -0.31386 0.894756
0.308889 0.112913  1.05142 0.309653 -0.31386  0.89482
0.308807 0.112914  1.05136 0.309571 -0.31386 0.894884
0.308725 0.112915  1.05129  0.30949 -0.31386 0.894949
0.308643 0.112915  1.05123  0.309408 -0.313859  0.895013
0.308561 0.112916  1.05116  0.309326 -0.313859  0.895076
0.308478 0.112916   1.0511  0.309245 -0.313859  0.895141
0.308396 0.112916  1.05103  0.309163 -0.313859  0.895205
0.308314 0.112916  1.05097  0.309081 -0.313858   0.89527
0.308232 0.112917  1.05091     0.309 -0.313858  0.895335
 0.30815 0.112917  1.05084  0.308918 -0.313857  0.895401
0.308068 0.112917  1.05077  0.308836 -0.313857  0.895467
0.307987 0.112918  1.05071  0.308755 -0.313857  0.895532
0.307905 0.112919  1.05064  0.308674 -0.313857  0.895598
0.307824  0.11292  1.05058  0.308592 -0.313856  0.895663
0.307743  0.11292  1.05051  0.308511 -0.313856  0.895728
0.307661 0.112921  1.05044   0.30843 -0.313856  0.895793
 0.30758 0.112922  1.05038  0.308349 -0.313856  0.895858
0.307498 0.112922  1.05031  0.308269 -0.313856  0.895923
0.307417 0.112923  1.05025  0.308188 -0.313856  0.895989
0.307335 0.112923  1.05018  0.308107 -0.313856  0.896055
0.307254 0.112923  1.05012  0.308026 -0.313855  0.896122
0.307174 0.112924  1.05005  0.307945 -0.313855  0.896188
0.307093 0.112924  1.04998  0.307865 -0.313855  0.896255
0.307012 0.112924  1.04992  0.307784 -0.313854  0.896321
0.306932 0.112925  1.04985  0.307704 -0.313854  0.896387
0.306851 0.112925  1.04978  0.307623 -0.313854  0.896453
0.306771 0.112926  1.04971  0.307543 -0.313854  0.896519
 0.30669 0.112926  1.04965  0.307463 -0.313854  0.896585
0.306609 0.112927  1.04958  0.307383 -0.313854  0.896651
0.306528 0.112927  1.04951  0.307303 -0.313854  0.896718
0.306448 0.112928  1.04945  0.307222 -0.313854  0.896785
0.306367 0.112929  1.04938  0.307142 -0.313853  0.896852
0.306287 0.112929  1.04931  0.307062 -0.313853   0.89692
0.306207  0.11293  1.04925  0.306982 -0.313853  0.896988
0.306128  0.11293  1.04918  0.306903 -0.313852  0.897055
0.306048 0.112931  1.04911  0.306823 -0.313852  0.897122
0.305968 0.112931  1.04904  0.306743 -0.313852  0.897189
0.305889 0.112931  1.04897  0.306664 -0.313852  0.897256
0.305809 0.112931  1.04891  0.306585 -0.313852  0.897323
0.305728 0.112932  1.04884  0.306505 -0.313851   0.89739
0.305648 0.112932  1.04877  0.306426 -0.313851  0.897457
0.305569 0.112933   1.0487  0.306347 -0.313851  0.897525
0.305489 0.112933  1.04864  0.306267 -0.313851  0.897593
 0.30541 0.112934  1.04857  0.306188 -0.313851  0.897662
 0.30533 0.112934   1.0485  0.306109 -0.313851  0.897731
0.305252 0.112935  1.04843   0.30603 -0.313851  0.897799
0.305173 0.112935  1.04836 0.305951 -0.31385 0.897867
0.305094 0.112936  1.04829 0.305872 -0.31385 0.897935
0.305015 0.112937  1.04822 0.305793 -0.31385 0.898003
0.304936 0.112937  1.04816 0.305715 -0.31385 0.898071
0.304856 0.112937  1.04809 0.305636 -0.31385 0.898138
0.304777 0.112937  1.04802  0.305558 -0.313849  0.898207
0.304698 0.112937  1.04795  0.305479 -0.313849  0.898275
0.304619 0.112938  1.04788  0.305401 -0.313849  0.898345
0.304541 0.112938  1.04781  0.305322 -0.313848  0.898414
0.304462 0.112939  1.04774  0.305244 -0.313848  0.898484
0.304384 0.112939  1.04767  0.305165 -0.313848  0.898553
0.304306  0.11294   1.0476  0.305087 -0.313848  0.898622
0.304228 0.112941  1.04753  0.305009 -0.313848  0.898691
 0.30415 0.112941  1.04746  0.304931 -0.313848   0.89876
0.304071 0.112942  1.04739  0.304853 -0.313848  0.898829
0.303993 0.112942  1.04733  0.304776 -0.313848  0.898897
0.303914 0.112943  1.04726  0.304698 -0.313848  0.898966
0.303836 0.112943  1.04719   0.30462 -0.313847  0.899036
0.303758 0.112943  1.04712  0.304543 -0.313847  0.899106
 0.30368 0.112944  1.04705  0.304465 -0.313847  0.899176
0.303603 0.112944  1.04698  0.304387 -0.313846  0.899247
0.303526 0.112944  1.04691   0.30431 -0.313846  0.899317
0.303448 0.112944  1.04684  0.304232 -0.313846  0.899387
0.303371 0.112945  1.04676  0.304155 -0.313846  0.899457
0.303293 0.112945  1.04669  0.304078 -0.313846  0.899527
0.303216 0.112946  1.04662  0.304001 -0.313846  0.899596
0.303138 0.112946  1.04655  0.303924 -0.313846  0.899666
 0.30306 0.112947  1.04648  0.303847 -0.313846  0.899736
0.302983 0.112947  1.04641   0.30377 -0.313846  0.899806
0.302906 0.112948  1.04634  0.303693 -0.313846  0.899877
0.302829 0.112948  1.04627  0.303616 -0.313845  0.899948
0.302752 0.112949   1.0462  0.303539 -0.313845   0.90002
0.302676 0.112949  1.04613  0.303463 -0.313845  0.900091
0.302599  0.11295  1.04606  0.303386 -0.313844  0.900162
0.302523  0.11295  1.04599   0.30331 -0.313844  0.900233
0.302446  0.11295  1.04591  0.303233 -0.313844  0.900303
0.302369  0.11295  1.04584  0.303157 -0.313844  0.900374
0.302292 0.112951  1.04577  0.303081 -0.313844  0.900444
0.302216 0.112951   1.0457  0.303005 -0.313844  0.900515
0.302139 0.112951  1.04563  0.302929 -0.313844  0.900586
0.302063 0.112952  1.04556  0.302853 -0.313844  0.900658
0.301987 0.112952  1.04549  0.302776 -0.313844   0.90073
0.301911 0.112952  1.04541    0.3027 -0.313844  0.900802
0.301835 0.112953  1.04534  0.302624 -0.313843  0.900874
0.301759 0.112954  1.04527  0.302549 -0.313843  0.900946
0.301683 0.112954   1.0452  0.302473 -0.313843  0.901018
0.301608 0.112955  1.04513  0.302398 -0.313843   0.90109
0.301532 0.112955  1.04505  0.302322 -0.313842  0.901161
0.301456 0.112955  1.04498  0.302247 -0.313842  0.901233
 0.30138 0.112955  1.04491  0.302172 -0.313842  0.901304
0.301304 0.112955  1.04484  0.302096 -0.313842  0.901376
0.301229 0.112955  1.04477  0.302021 -0.313842  0.901448
0.301153 0.112956  1.04469  0.301946 -0.313842  0.901521
0.301078 0.112956  1.04462   0.30187 -0.313841  0.901594
0.301003 0.112956  1.04455  0.301795 -0.313841  0.901668
0.300928 0.112957  1.04447   0.30172 -0.313841  0.901741
0.300853 0.112958   1.0444  0.301645 -0.313841  0.901813
0.300778 0.112958  1.04433  0.301571 -0.313841  0.901886
0.300703 0.112958  1.04425  0.301496 -0.313841  0.901958
0.300628 0.112959  1.04418  0.301422 -0.313841  0.902031
0.300553 0.112959  1.04411  0.301347 -0.313841  0.902103
0.300478  0.11296  1.04403  0.301273 -0.313841  0.902175
0.300403  0.11296  1.04396  0.301199 -0.313841  0.902248
0.300329  0.11296  1.04389 0.301124 -0.31384 0.902322
0.300255  0.11296  1.04381  0.30105 -0.31384 0.902396
0.300181  0.11296  1.04374  0.300975 -0.313839   0.90247
0.300107  0.11296  1.04367  0.300901 -0.313839  0.902544
0.300033 0.112961  1.04359  0.300827 -0.313839  0.902618
0.299958 0.112961  1.04352  0.300753 -0.313839  0.902691
0.299884 0.112962  1.04344  0.300679 -0.313839  0.902765
 0.29981 0.112962  1.04337  0.300606 -0.313839  0.902838
0.299735 0.112963   1.0433  0.300532 -0.313839  0.902911
0.299661 0.112963  1.04322  0.300458 -0.313839  0.902984
0.299587 0.112963  1.04315  0.300385 -0.313839  0.903058
0.299514 0.112964  1.04307  0.300311 -0.313839  0.903133
0.299441 0.112964    1.043  0.300238 -0.313839  0.903207
0.299367 0.112965  1.04292  0.300164 -0.313838  0.903282
0.299294 0.112965  1.04285  0.300091 -0.313838  0.903357
0.299221 0.112965  1.04278  0.300018 -0.313838  0.903432
0.299148 0.112965   1.0427  0.299945 -0.313838  0.903506
0.299074 0.112965  1.04263  0.299872 -0.313838  0.903581
0.299001 0.112965  1.04255  0.299799 -0.313838  0.903655
0.298927 0.112966  1.04248  0.299726 -0.313838  0.903729
0.298854 0.112966   1.0424  0.299653 -0.313838  0.903803
0.298781 0.112966  1.04233  0.299581 -0.313838  0.903877
0.298708 0.112967  1.04225  0.299508 -0.313838  0.903952
0.298636 0.112967  1.04218  0.299435 -0.313838  0.904028
0.298563 0.112968   1.0421  0.299363 -0.313837  0.904104
0.298491 0.112968  1.04202   0.29929 -0.313837   0.90418
0.298419 0.112969  1.04195  0.299218 -0.313837  0.904255
0.298346 0.112969  1.04187  0.299146 -0.313837  0.904331
0.298274 0.112969   1.0418  0.299073 -0.313837  0.904406
0.298201  0.11297  1.04172  0.299001 -0.313837  0.904481
0.298128  0.11297  1.04165   0.29893 -0.313836  0.904555
0.298056  0.11297  1.04157  0.298858 -0.313836   0.90463
0.297984  0.11297   1.0415  0.298786 -0.313836  0.904706
0.297912  0.11297  1.04142  0.298714 -0.313836  0.904782
0.297841  0.11297  1.04134  0.298642 -0.313836  0.904858
0.297769  0.11297  1.04127   0.29857 -0.313836  0.904935
0.297698 0.112971  1.04119  0.298499 -0.313836  0.905011
0.297626 0.112971  1.04111  0.298427 -0.313836  0.905088
0.297554 0.112972  1.04104  0.298356 -0.313836  0.905164
0.297483 0.112972  1.04096  0.298284 -0.313836   0.90524
0.297411 0.112973  1.04089  0.298213 -0.313836  0.905316
0.297339 0.112973  1.04081  0.298142 -0.313836  0.905392
0.297268 0.112973  1.04073  0.298071 -0.313836  0.905467
0.297197 0.112974  1.04066     0.298 -0.313835  0.905543
0.297126 0.112974  1.04058  0.297929 -0.313835   0.90562
0.297055 0.112974   1.0405  0.297858 -0.313835  0.905697
0.296984 0.112974  1.04042  0.297788 -0.313835  0.905775
0.296914 0.112974  1.04035  0.297717 -0.313835  0.905852
0.296843 0.112974  1.04027  0.297646 -0.313834  0.905929
0.296772 0.112974  1.04019  0.297575 -0.313834  0.906007
0.296701 0.112974  1.04012  0.297505 -0.313834  0.906083
 0.29663 0.112975  1.04004  0.297435 -0.313834   0.90616
0.296559 0.112975  1.03996  0.297364 -0.313834  0.906237
0.296489 0.112976  1.03989  0.297294 -0.313834  0.906313
0.296418 0.112976  1.03981  0.297224 -0.313835   0.90639
0.296348 0.112976  1.03973  0.297154 -0.313835  0.906467
0.296279 0.112977  1.03965  0.297084 -0.313835  0.906545
0.296209 0.112977  1.03957  0.297014 -0.313834  0.906623
0.296139 0.112977   1.0395  0.296944 -0.313834  0.906702
0.296069 0.112978  1.03942  0.296874 -0.313834   0.90678
   0.296 0.112978  1.03934  0.296805 -0.313834  0.906858
 0.29593 0.112978  1.03926  0.296735 -0.313833  0.906936
 0.29586 0.112978  1.03918  0.296666 -0.313833  0.907013
 0.29579 0.112978  1.03911  0.296596 -0.313833  0.907091
 0.29572 0.112978  1.03903  0.296527 -0.313833  0.907168
0.295651 0.112978  1.03895  0.296458 -0.313833  0.907246
0.295581 0.112978  1.03887  0.296389 -0.313834  0.907324
0.295512 0.112979  1.03879   0.29632 -0.313834  0.907402
0.295444 0.112979  1.03871   0.29625 -0.313834  0.907481
0.295375 0.112979  1.03863  0.296181 -0.313833   0.90756
0.295306  0.11298  1.03856  0.296112 -0.313833   0.90764
0.295237  0.11298  1.03848  0.296043 -0.313833  0.907718
0.295168  0.11298   1.0384  0.295975 -0.313833  0.907797
0.295099 0.112981  1.03832  0.295906 -0.313833  0.907875
 0.29503 0.112981  1.03824  0.295838 -0.313833  0.907954
0.294961 0.112981  1.03816   0.29577 -0.313833  0.908032
0.294892 0.112981  1.03808  0.295701 -0.313833   0.90811
0.294824 0.112981    1.038  0.295633 -0.313833  0.908189
0.294756 0.112981  1.03793  0.295565 -0.313833  0.908268
0.294688 0.112981  1.03785  0.295496 -0.313832  0.908348
 0.29462 0.112981  1.03777  0.295428 -0.313832  0.908428
0.294552 0.112981  1.03769   0.29536 -0.313832  0.908508
0.294484 0.112982  1.03761  0.295292 -0.313832  0.908588
0.294416 0.112982  1.03753  0.295224 -0.313832  0.908667
0.294347 0.112982  1.03745  0.295157 -0.313832  0.908746
0.294279 0.112983  1.03737  0.295089 -0.313832  0.908825
0.294211 0.112983  1.03729  0.295022 -0.313832  0.908904
0.294144 0.112983  1.03721  0.294954 -0.313832  0.908983
0.294077 0.112984  1.03713  0.294887 -0.313832  0.909063
0.294009 0.112984  1.03705   0.29482 -0.313832  0.909143
0.293942 0.112984  1.03697  0.294752 -0.313832  0.909223
0.293875 0.112984  1.03689  0.294685 -0.313832  0.909304
0.293808 0.112984  1.03681  0.294618 -0.313831  0.909385
0.293741 0.112984  1.03673  0.294551 -0.313831  0.909465
0.293674 0.112984  1.03665  0.294484 -0.313831  0.909546
0.293607 0.112984  1.03657  0.294417 -0.313831  0.909626
0.293539 0.112984  1.03649   0.29435 -0.313831  0.909706
0.293472 0.112984  1.03641  0.294284 -0.313831  0.909785
0.293406 0.112985  1.03633  0.294217 -0.313831  0.909865
0.293339 0.112985  1.03625  0.294151 -0.313832  0.909945
0.293273 0.112985  1.03616  0.294084 -0.313832  0.910026
0.293207 0.112985  1.03608  0.294018 -0.313832  0.910107
0.293141 0.112986    1.036  0.293952 -0.313832  0.910188
0.293074 0.112986  1.03592  0.293885 -0.313831   0.91027
0.293008 0.112986  1.03584  0.293819 -0.313831  0.910351
0.292942 0.112986  1.03576  0.293753 -0.313831  0.910433
0.292876 0.112986  1.03568  0.293687 -0.313831  0.910514
0.292809 0.112986   1.0356  0.293621 -0.313831  0.910594
0.292743 0.112986  1.03552  0.293556 -0.313831  0.910675
0.292678 0.112986  1.03544   0.29349 -0.313831  0.910756
0.292612 0.112986  1.03535  0.293425 -0.313831  0.910836
0.292547 0.112986  1.03527  0.293359 -0.313832  0.910917
0.292481 0.112987  1.03519  0.293294 -0.313832  0.910999
0.292416 0.112987  1.03511  0.293228 -0.313832  0.911081
0.292351 0.112987  1.03502  0.293163 -0.313832  0.911164
0.292285 0.112988  1.03494  0.293097 -0.313831  0.911246
 0.29222 0.112988  1.03486  0.293032 -0.313831  0.911328
0.292155 0.112988  1.03478  0.292967 -0.313831   0.91141
0.292089 0.112989   1.0347  0.292902 -0.313831  0.911492
0.292024 0.112989  1.03462  0.292838 -0.313831  0.911573
0.291959 0.112989  1.03454  0.292773 -0.313831  0.911655
0.291895 0.112989  1.03445  0.292708 -0.313831  0.911736
 0.29183 0.112988  1.03437 0.292644 -0.31383 0.911818
0.291766 0.112988  1.03429 0.292579 -0.31383   0.9119
0.291702 0.112988   1.0342 0.292515 -0.31383 0.911983
0.291638 0.112988  1.03412  0.29245 -0.31383 0.912066
0.291573 0.112988  1.03404 0.292386 -0.31383  0.91215
0.291508 0.112989  1.03396 0.292322 -0.31383 0.912232
0.291444 0.112989  1.03388 0.292257 -0.31383 0.912315
 0.29138 0.112989  1.03379 0.292193 -0.31383 0.912397
0.291315 0.112989  1.03371  0.29213 -0.31383  0.91248
0.291251  0.11299  1.03363 0.292066 -0.31383 0.912562
0.291188  0.11299  1.03354  0.292002 -0.313831  0.912644
0.291124  0.11299  1.03346  0.291939 -0.313831  0.912726
0.291061  0.11299  1.03338  0.291875 -0.313831  0.912809
0.290998  0.11299  1.03329  0.291812 -0.313831  0.912893
0.290934  0.11299  1.03321 0.291748 -0.31383 0.912977
0.290871  0.11299  1.03313 0.291685 -0.31383 0.913061
0.290807 0.112989  1.03304 0.291621 -0.31383 0.913144
0.290744 0.112989  1.03296 0.291558 -0.31383 0.913228
 0.29068 0.112989  1.03288 0.291495 -0.31383 0.913311
0.290617  0.11299   1.0328 0.291432 -0.31383 0.913394
0.290554  0.11299  1.03271 0.291369 -0.31383 0.913477
0.290491  0.11299  1.03263 0.291307 -0.31383  0.91356
0.290429  0.11299  1.03254  0.291244 -0.313831  0.913643
0.290366  0.11299  1.03246  0.291181 -0.313831  0.913726
0.290304  0.11299  1.03238  0.291119 -0.313831  0.913811
0.290242  0.11299  1.03229  0.291056 -0.313831  0.913895
0.290179 0.112991  1.03221  0.290994 -0.313831   0.91398
0.290117 0.112991  1.03212 0.290931 -0.31383 0.914064
0.290054 0.112991  1.03204 0.290869 -0.31383 0.914149
0.289992  0.11299  1.03196 0.290807 -0.31383 0.914233
0.289929  0.11299  1.03187 0.290745 -0.31383 0.914316
0.289867  0.11299  1.03179 0.290683 -0.31383   0.9144
0.289806  0.11299   1.0317  0.290621 -0.313831  0.914484
0.289744  0.11299  1.03162   0.29056 -0.313831  0.914567
0.289682  0.11299  1.03153  0.290498 -0.313831  0.914652
0.289621  0.11299  1.03145  0.290436 -0.313831  0.914736
0.289559 0.112991  1.03136  0.290374 -0.313831  0.914822
0.289498 0.112991  1.03128  0.290313 -0.313831  0.914907
0.289436 0.112991   1.0312  0.290251 -0.313831  0.914992
0.289375 0.112991  1.03111   0.29019 -0.313831  0.915077
0.289313 0.112991  1.03103  0.290129 -0.313831  0.915162
0.289252 0.112991  1.03094  0.290068 -0.313831  0.915247
0.289191 0.112991  1.03086  0.290007 -0.313831  0.915331
 0.28913 0.112991  1.03077  0.289946 -0.313831  0.915415
 0.28907 0.112991  1.03069  0.289886 -0.313831    0.9155
0.289009  0.11299   1.0306  0.289825 -0.313831  0.915585
0.288949  0.11299  1.03052  0.289764 -0.313831   0.91567
0.288888  0.11299  1.03043  0.289703 -0.313831  0.915756
0.288827 0.112991  1.03034  0.289643 -0.313831  0.915842
0.288767 0.112991  1.03026  0.289582 -0.313831  0.915928
0.288706 0.112991  1.03017  0.289522 -0.313831  0.916014
0.288645 0.112991  1.03009  0.289461 -0.313831    0.9161
0.288585 0.112992     1.03  0.289401 -0.313831  0.916185
0.288525 0.112992  1.02992  0.289341 -0.313831   0.91627
0.288465 0.112992  1.02983  0.289281 -0.313831  0.916355
0.288406 0.112992  1.02975  0.289222 -0.313832   0.91644
0.288346 0.112992  1.02966  0.289162 -0.313832  0.916525
0.288287 0.112991  1.02957  0.289102 -0.313832  0.916612
0.288227 0.112991  1.02949  0.289043 -0.313831  0.916698
0.288167 0.112991   1.0294  0.288983 -0.313831  0.916785
0.288108 0.112991  1.02932  0.288923 -0.313831  0.916872
0.288048 0.112991  1.02923  0.288864 -0.313831  0.916958
0.287989 0.112991  1.02915  0.288804 -0.313831  0.917045
0.287929 0.112991  1.02906  0.288745 -0.313831  0.917131
 0.28787 0.112991  1.02897  0.288686 -0.313831  0.917217
0.287811 0.112992  1.02889  0.288627 -0.313832  0.917302
0.287752 0.112992   1.0288  0.288569 -0.313832  0.917388
0.287694 0.112992  1.02871   0.28851 -0.313832  0.917474
0.287635 0.112992  1.02863  0.288451 -0.313832  0.917561
0.287577 0.112992  1.02854  0.288392 -0.313832  0.917648
0.287518 0.112992  1.02845  0.288334 -0.313832  0.917735
0.287459 0.112992  1.02837  0.288275 -0.313832  0.917823
0.287401 0.112992  1.02828  0.288216 -0.313832   0.91791
0.287342 0.112992  1.02819  0.288158 -0.313832  0.917997
0.287284 0.112992  1.02811    0.2881 -0.313832  0.918084
0.287226 0.112991  1.02802  0.288042 -0.313832  0.918171
0.287168 0.112991  1.02793  0.287984 -0.313832  0.918257
 0.28711 0.112991  1.02784  0.287926 -0.313832  0.918344
0.287052 0.112991  1.02776  0.287868 -0.313832   0.91843
0.286995 0.112991  1.02767   0.28781 -0.313833  0.918517
0.286937 0.112991  1.02758  0.287753 -0.313833  0.918605
0.286879 0.112992  1.02749  0.287695 -0.313833  0.918693
0.286822 0.112992  1.02741  0.287637 -0.313833  0.918782
0.286764 0.112992  1.02732   0.28758 -0.313833   0.91887
0.286706 0.112992  1.02723  0.287522 -0.313833  0.918958
0.286649 0.112992  1.02715  0.287465 -0.313832  0.919045
0.286592 0.112992  1.02706  0.287408 -0.313832  0.919132
0.286535 0.112992  1.02697  0.287351 -0.313832  0.919219
0.286478 0.112992  1.02688  0.287294 -0.313832  0.919307
0.286422 0.112991   1.0268  0.287237 -0.313833  0.919394
0.286365 0.112991  1.02671  0.287181 -0.313833  0.919481
0.286308 0.112991  1.02662  0.287124 -0.313833   0.91957
0.286251 0.112991  1.02653  0.287067 -0.313833  0.919658
0.286195 0.112991  1.02644   0.28701 -0.313833  0.919747
0.286138 0.112991  1.02636  0.286954 -0.313833  0.919836
0.286081 0.112992  1.02627  0.286897 -0.313833  0.919925
0.286025 0.112992  1.02618  0.286841 -0.313833  0.920013
0.285969 0.112992  1.02609  0.286785 -0.313833  0.920101
0.285913 0.112992    1.026  0.286729 -0.313833  0.920189
0.285857 0.112992  1.02592  0.286673 -0.313833  0.920277
0.285801 0.112992  1.02583  0.286617 -0.313834  0.920365
0.285745 0.112992  1.02574  0.286561 -0.313834  0.920453
 0.28569 0.112992  1.02565  0.286506 -0.313834  0.920542
0.285634 0.112992  1.02556   0.28645 -0.313834  0.920631
0.285578 0.112992  1.02547  0.286394 -0.313833  0.920721
0.285523 0.112991  1.02539  0.286338 -0.313833   0.92081
0.285467 0.112991   1.0253  0.286283 -0.313833  0.920899
0.285412 0.112991  1.02521  0.286228 -0.313833  0.920988
0.285356 0.112992  1.02512  0.286172 -0.313833  0.921077
0.285301 0.112992  1.02503  0.286117 -0.313834  0.921166
0.285246 0.112992  1.02494  0.286063 -0.313834  0.921254
0.285191 0.112992  1.02485  0.286008 -0.313834  0.921342
0.285136 0.112992  1.02476  0.285953 -0.313835  0.921431
0.285081 0.112992  1.02467  0.285898 -0.313835  0.921521
0.285026 0.112993  1.02459  0.285844 -0.313835  0.921611
0.284972 0.112993   1.0245  0.285789 -0.313835  0.921701
0.284917 0.112993  1.02441  0.285734 -0.313834  0.921791
0.284863 0.112993  1.02432   0.28568 -0.313834  0.921881
0.284808 0.112993  1.02423  0.285625 -0.313834  0.921971
0.284754 0.112993  1.02414  0.285571 -0.313834   0.92206
  0.2847 0.112992  1.02405  0.285517 -0.313834  0.922149
0.284645 0.112992  1.02396  0.285463 -0.313835  0.922238
0.284591 0.112993  1.02387   0.28541 -0.313835  0.922327
0.284537 0.112993  1.02378  0.285356 -0.313835  0.922417
0.284483 0.112993   1.0237  0.285302 -0.313835  0.922507
0.284429 0.112993  1.02361  0.285248 -0.313836  0.922597
0.284375 0.112994  1.02352  0.285195 -0.313836  0.922688
0.284322 0.112994  1.02343  0.285141 -0.313836  0.922779
0.284268 0.112994  1.02334  0.285087 -0.313835   0.92287
0.284214 0.112994  1.02325  0.285034 -0.313835   0.92296
0.284161 0.112994  1.02316  0.284981 -0.313835   0.92305
0.284108 0.112994  1.02307  0.284928 -0.313835   0.92314
0.284054 0.112995  1.02298  0.284875 -0.313835   0.92323
0.284001 0.112995  1.02289  0.284823 -0.313835  0.923319
0.283948 0.112995   1.0228   0.28477 -0.313836  0.923409
0.283895 0.112995  1.02271  0.284717 -0.313836    0.9235
0.283842 0.112995  1.02262  0.284664 -0.313836   0.92359
0.283788 0.112995  1.02253  0.284612 -0.313836  0.923682
0.283735 0.112996  1.02244  0.284559 -0.313836  0.923773
0.283682 0.112996  1.02235  0.284507 -0.313836  0.923865
0.283629 0.112997  1.02226  0.284454 -0.313836  0.923956
0.283577 0.112997  1.02217  0.284402 -0.313836  0.924047
0.283524 0.112998  1.02209   0.28435 -0.313836  0.924137
0.283471 0.112998    1.022  0.284298 -0.313836  0.924228
0.283418 0.112999  1.02191  0.284247 -0.313836  0.924318
0.283366    0.113  1.02182  0.284195 -0.313836  0.924408
0.283313    0.113  1.02173  0.284144 -0.313836  0.924499
0.283261 0.113001  1.02164  0.284092 -0.313836  0.924591
0.283208 0.113001  1.02155   0.28404 -0.313836  0.924683
0.283156 0.113001  1.02146  0.283989 -0.313836  0.924775
0.283103 0.113002  1.02137  0.283937 -0.313836  0.924867
0.283051 0.113003  1.02128  0.283886 -0.313836  0.924959
0.282999 0.113004  1.02119  0.283835 -0.313836   0.92505
0.282946 0.113005   1.0211  0.283784 -0.313836  0.925141
0.282894 0.113006  1.02101  0.283733 -0.313836  0.925232
0.282841 0.113007  1.02093  0.283683 -0.313836  0.925323
0.282789 0.113008  1.02084  0.283632 -0.313836  0.925414
0.282737 0.113009  1.02075  0.283582 -0.313837  0.925506
0.282685 0.113011  1.02066  0.283531 -0.313836  0.925598
0.282633 0.113012  1.02057  0.283481 -0.313836   0.92569
0.282581 0.113013  1.02048   0.28343 -0.313836  0.925783
0.282529 0.113014  1.02039   0.28338 -0.313836  0.925876
0.282477 0.113015  1.02031   0.28333 -0.313836  0.925968
0.282425 0.113017  1.02022   0.28328 -0.313836   0.92606
0.282373 0.113018  1.02013   0.28323 -0.313836  0.926152
0.282321 0.113019  1.02004   0.28318 -0.313836  0.926244
0.282269  0.11302  1.01995  0.283131 -0.313836  0.926335
0.282217 0.113022  1.01986  0.283081 -0.313836  0.926427
0.282165 0.113023  1.01978  0.283032 -0.313836  0.926519
0.282113 0.113025  1.01969  0.282983 -0.313836  0.926611
0.282062 0.113027   1.0196  0.282933 -0.313836  0.926704
 0.28201 0.113029  1.01951  0.282884 -0.313836  0.926798
0.281958 0.113031  1.01942  0.282834 -0.313836  0.926891
0.281907 0.113032  1.01934  0.282785 -0.313836  0.926984
0.281855 0.113034  1.01925  0.282736 -0.313836  0.927077
0.281804 0.113036  1.01916  0.282688 -0.313836  0.927169
0.281752 0.113038  1.01907  0.282639 -0.313835  0.927262
 0.2817 0.11304 1.01899  0.282591 -0.313836  0.927354
0.281649 0.113042   1.0189  0.282542 -0.313836  0.927446
0.281598 0.113044  1.01881  0.282494 -0.313836  0.927538
0.281546 0.113045  1.01872  0.282446 -0.313836  0.927631
0.281495 0.113047  1.01864  0.282397 -0.313836  0.927725
0.281444  0.11305  1.01855  0.282349 -0.313836  0.927819
0.281392 0.113052  1.01846  0.282301 -0.313836  0.927913
0.281341 0.113055  1.01837  0.282253 -0.313835  0.928006
 0.28129 0.113057  1.01829  0.282205 -0.313835    0.9281
0.281238  0.11306   1.0182  0.282157 -0.313835  0.928193
0.281187 0.113062  1.01811   0.28211 -0.313835  0.928286
0.281136 0.113065  1.01803  0.282063 -0.313835  0.928379
0.281085 0.113067  1.01794  0.282015 -0.313835  0.928471
0.281034  0.11307  1.01785  0.281968 -0.313835  0.928564
0.280983 0.113072  1.01777  0.281921 -0.313835  0.928658
0.280932 0.113075  1.01768  0.281874 -0.313835  0.928752
0.280881 0.113078   1.0176  0.281827 -0.313834  0.928846
0.28083 0.11308 1.01751  0.281779 -0.313834  0.928941
0.280779 0.113083  1.01742  0.281732 -0.313834  0.929035
0.280728 0.113086  1.01734  0.281686 -0.313834  0.929129
0.280677 0.113089  1.01725  0.281639 -0.313834  0.929223
0.280626 0.113092  1.01717  0.281593 -0.313834  0.929317
0.280575 0.113095  1.01708  0.281546 -0.313834   0.92941
0.280524 0.113099  1.01699    0.2815 -0.313834  0.929503
0.280474 0.113102  1.01691  0.281454 -0.313834  0.929597
0.280423 0.113105  1.01682  0.281408 -0.313834   0.92969
0.280372 0.113109  1.01674  0.281362 -0.313833  0.929785
0.280322 0.113112  1.01665  0.281316 -0.313833   0.92988
0.280271 0.113116  1.01657   0.28127 -0.313833  0.929975
0.280221 0.113119  1.01648  0.281224 -0.313832   0.93007
 0.28017 0.113122   1.0164  0.281179 -0.313832  0.930165
 0.28012 0.113126  1.01631  0.281133 -0.313832  0.930259
0.280069 0.113129  1.01623  0.281088 -0.313831  0.930353
0.280019 0.113133  1.01614  0.281043 -0.313831  0.930447
0.279969 0.113136  1.01606  0.280998 -0.313831  0.930541
0.279918  0.11314  1.01597  0.280953 -0.313831  0.930635
0.279868 0.113144  1.01589  0.280908 -0.313832  0.930729
0.279817 0.113148   1.0158  0.280863 -0.313831  0.930824
0.279767 0.113152  1.01572  0.280818 -0.313831   0.93092
0.279717 0.113156  1.01563  0.280773 -0.313831  0.931016
0.279667  0.11316  1.01555 0.280728 -0.31383 0.931111
0.279617 0.113164  1.01546 0.280684 -0.31383 0.931207
0.279566 0.113168  1.01538 0.280639 -0.31383 0.931302
0.279516 0.113172   1.0153 0.280595 -0.31383 0.931396
0.279466 0.113177  1.01521  0.280551 -0.313829  0.931491
0.279416 0.113181  1.01513  0.280507 -0.313829  0.931585
0.279366 0.113185  1.01504  0.280463 -0.313829   0.93168
0.279316 0.113189  1.01496   0.28042 -0.313829  0.931774
0.279267 0.113193  1.01488  0.280376 -0.313829   0.93187
0.279217 0.113198  1.01479  0.280332 -0.313829  0.931966
0.279167 0.113202  1.01471  0.280288 -0.313829  0.932062
0.279117 0.113207  1.01463  0.280244 -0.313829  0.932158
0.279068 0.113212  1.01454  0.280201 -0.313828  0.932254
0.279019 0.113216  1.01446  0.280158 -0.313828   0.93235
0.27897 0.11322 1.01437  0.280115 -0.313828  0.932445
0.278921 0.113225  1.01429  0.280072 -0.313827   0.93254
0.278872 0.113229   1.0142  0.280029 -0.313827  0.932635
0.278824 0.113234  1.01412  0.279986 -0.313827   0.93273
0.278775 0.113239  1.01404  0.279943 -0.313827  0.932825
0.278726 0.113243  1.01395  0.279901 -0.313827  0.932921
0.278678 0.113248  1.01387  0.279858 -0.313826  0.933017
 0.27863 0.113252  1.01378  0.279815 -0.313826  0.933114
0.278582 0.113256   1.0137  0.279773 -0.313825  0.933211
0.278534  0.11326  1.01361   0.27973 -0.313825  0.933307
0.278487 0.113265  1.01353  0.279688 -0.313825  0.933404
 0.27844 0.113269  1.01344  0.279646 -0.313825  0.933499
0.278393 0.113273  1.01335  0.279604 -0.313825  0.933595
0.278346 0.113278  1.01327  0.279562 -0.313825   0.93369
0.278299 0.113282  1.01318  0.279521 -0.313825  0.933786
0.278252 0.113287   1.0131  0.279479 -0.313825  0.933882
0.278205 0.113291  1.01301  0.279437 -0.313824  0.933978
0.278159 0.113296  1.01292  0.279396 -0.313824  0.934075
0.278112   0.1133  1.01284  0.279354 -0.313824  0.934172
0.278066 0.113305  1.01275  0.279312 -0.313823  0.934269
 0.27802 0.113309  1.01266  0.279271 -0.313823  0.934366
0.277974 0.113313  1.01258   0.27923 -0.313822  0.934463
0.277929 0.113317  1.01249  0.279189 -0.313822  0.934559
0.277884 0.113321   1.0124  0.279148 -0.313822  0.934655
0.277838 0.113325  1.01231  0.279107 -0.313822  0.934751
0.277793 0.113329  1.01223  0.279067 -0.313822  0.934847
0.277748 0.113333  1.01214  0.279026 -0.313822  0.934943
0.277703 0.113338  1.01205  0.278985 -0.313822   0.93504
0.277658 0.113342  1.01196  0.278945 -0.313822  0.935137
0.277613 0.113347  1.01188  0.278904 -0.313822  0.935235
0.277568 0.113351  1.01179  0.278864 -0.313821  0.935333
0.277524 0.113355   1.0117  0.278823 -0.313821   0.93543
0.277479  0.11336  1.01161  0.278783 -0.313821  0.935527
0.277436 0.113364  1.01152  0.278743 -0.313821  0.935624
0.277392 0.113368  1.01143  0.278703 -0.313821  0.935721
0.277348 0.113372  1.01134 0.278663 -0.31382 0.935817
0.277305 0.113376  1.01125  0.278624 -0.313821  0.935914
0.277261  0.11338  1.01117  0.278585 -0.313821   0.93601
0.277217 0.113384  1.01108  0.278545 -0.313821  0.936107
0.277174 0.113388  1.01099  0.278505 -0.313821  0.936205
 0.27713 0.113392   1.0109  0.278466 -0.313821  0.936303
0.277087 0.113397  1.01081 0.278426 -0.31382 0.936401
0.277044 0.113401  1.01072 0.278387 -0.31382 0.936499
0.277002 0.113405  1.01063 0.278348 -0.31382 0.936597
0.276959 0.113409  1.01054 0.278309 -0.31382 0.936694
0.276917 0.113414  1.01045  0.27827 -0.31382 0.936791
0.276875 0.113418  1.01036 0.278231 -0.31382 0.936888
0.276833 0.113422  1.01027 0.278193 -0.31382 0.936985
 0.27679 0.113426  1.01018 0.278154 -0.31382 0.937082
0.276748  0.11343  1.01009 0.278116 -0.31382 0.937179
0.276706 0.113435     1.01 0.278077 -0.31382 0.937277
0.276664 0.113439  1.00991 0.278039 -0.31382 0.937375
0.276623 0.113443  1.00982    0.278 -0.31382 0.937474
0.276581 0.113447  1.00972  0.277962 -0.313819  0.937572
 0.27654 0.113451  1.00963  0.277924 -0.313819  0.937671
0.276499 0.113455  1.00954 0.277886 -0.31382 0.937768
0.276459 0.113459  1.00945 0.277848 -0.31382 0.937866
0.276418 0.113463  1.00936  0.27781 -0.31382 0.937963
0.276377 0.113467  1.00926  0.277773 -0.313821   0.93806
0.276337 0.113472  1.00917  0.277735 -0.313821  0.938158
0.276296 0.113476  1.00908  0.277698 -0.313821  0.938255
0.276255  0.11348  1.00899  0.277661 -0.313821  0.938354
0.276215 0.113484   1.0089  0.277623 -0.313821  0.938452
0.276174 0.113489  1.00881  0.277586 -0.313821  0.938551
0.276134 0.113493  1.00871  0.277548 -0.313821   0.93865
0.276095 0.113496  1.00862  0.277511 -0.313821  0.938749
0.276055   0.1135  1.00853  0.277474 -0.313821  0.938847
0.276016 0.113504  1.00844  0.277437 -0.313822  0.938945
0.275977 0.113508  1.00834  0.277401 -0.313822  0.939043
0.275937 0.113511  1.00825  0.277364 -0.313822   0.93914
0.275898 0.113515  1.00816  0.277328 -0.313823  0.939238
0.275859 0.113519  1.00806  0.277292 -0.313823  0.939336
 0.27582 0.113523  1.00797  0.277255 -0.313824  0.939434
0.275781 0.113527  1.00788  0.277219 -0.313824  0.939533
0.275742 0.113531  1.00779  0.277182 -0.313824  0.939633
0.275703 0.113535  1.00769  0.277146 -0.313824  0.939732
0.275665 0.113539   1.0076   0.27711 -0.313825  0.939831
0.275627 0.113543   1.0075  0.277074 -0.313825   0.93993
0.275589 0.113546  1.00741  0.277038 -0.313825  0.940028
0.275551  0.11355  1.00731  0.277003 -0.313826  0.940126
0.275513 0.113553  1.00722  0.276967 -0.313826  0.940224
0.275475 0.113557  1.00713  0.276932 -0.313827  0.940322
0.275437  0.11356  1.00703  0.276897 -0.313827   0.94042
0.275399 0.113564  1.00694  0.276861 -0.313828  0.940519
0.275361 0.113567  1.00685  0.276826 -0.313828  0.940618
0.275323 0.113571  1.00675   0.27679 -0.313829  0.940718
0.275286 0.113574  1.00666  0.276755 -0.313829  0.940818
0.275249 0.113578  1.00656   0.27672 -0.313829  0.940917
0.275212 0.113582  1.00647 0.276685 -0.31383 0.941016
0.275176 0.113585  1.00637  0.27665 -0.31383 0.941115
0.275139 0.113589  1.00628  0.276616 -0.313831  0.941214
0.275103 0.113593  1.00618  0.276581 -0.313831  0.941312
0.275066 0.113596  1.00609  0.276547 -0.313832   0.94141
0.27503  0.1136 1.00599  0.276513 -0.313833  0.941509
0.274993 0.113603   1.0059  0.276479 -0.313833  0.941608
0.274956 0.113607   1.0058  0.276444 -0.313834  0.941707
0.27492 0.11361 1.00571   0.27641 -0.313834  0.941807
0.274884 0.113613  1.00561  0.276376 -0.313835  0.941908
0.274848 0.113616  1.00552  0.276342 -0.313835  0.942007
0.274812 0.113619  1.00542  0.276308 -0.313836  0.942107
0.274777 0.113621  1.00533  0.276274 -0.313837  0.942206
0.274742 0.113624  1.00523  0.276241 -0.313837  0.942305
0.274706 0.113627  1.00513  0.276207 -0.313838  0.942404
0.274671 0.113631  1.00504  0.276174 -0.313839  0.942502
0.274636 0.113634  1.00494 0.276141 -0.31384 0.942601
0.274601 0.113637  1.00485  0.276108 -0.313841    0.9427
0.274565  0.11364  1.00475  0.276074 -0.313841    0.9428
 0.27453 0.113643  1.00466  0.276041 -0.313842  0.942901
0.274495 0.113646  1.00456  0.276008 -0.313842  0.943001
 0.27446 0.113649  1.00446  0.275975 -0.313843  0.943101
0.274426 0.113651  1.00437  0.275942 -0.313844  0.943201
0.274392 0.113653  1.00427  0.275909 -0.313844  0.943301
0.274358 0.113656  1.00417  0.275877 -0.313845    0.9434
0.274324 0.113658  1.00407  0.275845 -0.313846  0.943499
0.274289  0.11366  1.00398  0.275812 -0.313847  0.943598
0.274255 0.113663  1.00388   0.27578 -0.313848  0.943697
0.274221 0.113665  1.00379  0.275748 -0.313849  0.943796
0.274187 0.113668  1.00369 0.275716 -0.31385 0.943896
0.274153 0.113671  1.00359  0.275684 -0.313851  0.943997
0.274119 0.113674   1.0035  0.275652 -0.313852  0.944098
0.274085 0.113676   1.0034  0.275619 -0.313852  0.944198
0.274052 0.113678   1.0033  0.275588 -0.313853  0.944299
0.274019  0.11368   1.0032  0.275556 -0.313854  0.944399
0.273987 0.113682  1.00311  0.275525 -0.313855  0.944498
0.273954 0.113684  1.00301  0.275493 -0.313856  0.944598
0.273921 0.113686  1.00291  0.275462 -0.313857  0.944697
0.273888 0.113688  1.00281  0.275431 -0.313858  0.944796
0.273854  0.11369  1.00272    0.2754 -0.313859  0.944896
0.273821 0.113692  1.00262 0.275369 -0.31386 0.944996
0.273788 0.113693  1.00252  0.275338 -0.313861  0.945097
0.273756 0.113695  1.00243  0.275307 -0.313862  0.945198
0.273723 0.113697  1.00233  0.275276 -0.313863  0.945299
0.273691 0.113699  1.00223  0.275245 -0.313864    0.9454
0.273659 0.113701  1.00213  0.275214 -0.313865    0.9455
0.273628 0.113703  1.00203  0.275184 -0.313866    0.9456
0.273596 0.113705  1.00194  0.275154 -0.313867    0.9457
0.273564 0.113706  1.00184  0.275124 -0.313868  0.945799
0.273532 0.113708  1.00174  0.275094 -0.313869  0.945899
  0.2735 0.113709  1.00164 0.275064 -0.31387 0.945999
0.273468 0.113711  1.00154  0.275034 -0.313871    0.9461
0.273437 0.113712  1.00145  0.275004 -0.313872  0.946201
0.273405 0.113713  1.00135  0.274973 -0.313873  0.946302
0.273373 0.113714  1.00125  0.274943 -0.313874  0.946403
0.273342 0.113715  1.00115  0.274914 -0.313875  0.946504
0.273312 0.113716  1.00105  0.274884 -0.313877  0.946605
0.273281 0.113717  1.00095  0.274855 -0.313878  0.946705
0.273251 0.113718  1.00086  0.274826 -0.313879  0.946805
0.27322 0.11372 1.00076  0.274797 -0.313881  0.946905
0.273189 0.113721  1.00066  0.274768 -0.313882  0.947005
0.273159 0.113722  1.00056  0.274739 -0.313883  0.947105
0.273128 0.113723  1.00046   0.27471 -0.313884  0.947206
0.273097 0.113724  1.00036  0.274681 -0.313886  0.947308
0.273066 0.113725  1.00027  0.274652 -0.313887  0.947409
0.273036 0.113725  1.00017  0.274623 -0.313888  0.947511
0.273006 0.113726  1.00007  0.274594 -0.313889  0.947612
0.272976 0.113726 0.999969 0.274566 -0.31389 0.947713
0.272947 0.113727 0.999869  0.274537 -0.313891  0.947813
0.272917 0.113727  0.99977  0.274509 -0.313893  0.947914
0.272888 0.113727  0.99967  0.274481 -0.313894  0.948014
0.272858 0.113728 0.999571  0.274453 -0.313896  0.948114
0.272829 0.113729 0.999472  0.274426 -0.313897  0.948214
0.272799 0.113729 0.999374  0.274398 -0.313899  0.948316
 0.27277  0.11373 0.999275  0.27437  -0.3139 0.948417
 0.27274  0.11373 0.999177  0.274342 -0.313901  0.948519
0.272711 0.113731 0.999078  0.274314 -0.313903  0.948621
0.272682 0.113731 0.998979  0.274286 -0.313904  0.948723
0.272653 0.113731 0.998879  0.274259 -0.313905  0.948824
0.272625 0.113731 0.998779  0.274231 -0.313907  0.948924
0.272597 0.113731 0.998679  0.274204 -0.313908  0.949025
0.272568  0.11373 0.998579 0.274177 -0.31391 0.949125
 0.27254  0.11373 0.998479  0.274151 -0.313911  0.949226
0.272511  0.11373  0.99838  0.274124 -0.313913  0.949327
0.272483  0.11373 0.998281  0.274097 -0.313914  0.949428
0.272455 0.113731 0.998182   0.27407 -0.313916   0.94953
0.272426 0.113731 0.998083  0.274043 -0.313917  0.949632
0.272398 0.113731 0.997984  0.274016 -0.313919  0.949734
 0.27237 0.113731 0.997884 0.273989 -0.31392 0.949836
0.272342  0.11373 0.997784  0.273963 -0.313921  0.949937
0.272315  0.11373 0.997684  0.273936 -0.313923  0.950038
0.272288 0.113729 0.997583   0.27391 -0.313924  0.950139
0.272261 0.113729 0.997482  0.273884 -0.313926   0.95024
0.272234 0.113728 0.997382  0.273858 -0.313928   0.95034
0.272206 0.113727 0.997282  0.273832 -0.313929  0.950441
0.272179 0.113727 0.997183  0.273805 -0.313931  0.950542
0.272152 0.113726 0.997083  0.273779 -0.313932  0.950644
0.272124 0.113726 0.996984  0.273753 -0.313933  0.950746
0.272097 0.113725 0.996885  0.273726 -0.313935  0.950848
 0.27207 0.113725 0.996785    0.2737 -0.313936   0.95095
0.272044 0.113724 0.996685  0.273674 -0.313938  0.951051
0.272018 0.113724 0.996584  0.273648 -0.313939  0.951152
0.271992 0.113723 0.996482  0.273623 -0.313941  0.951252
0.271966 0.113722 0.996381  0.273597 -0.313943  0.951353
 0.27194 0.113721 0.996281  0.273571 -0.313944  0.951453
0.271914  0.11372  0.99618  0.273546 -0.313946  0.951553
0.271888 0.113719  0.99608   0.27352 -0.313948  0.951654
0.271861 0.113718  0.99598  0.273494 -0.313949  0.951755
0.271835 0.113717 0.995881  0.273468 -0.313951  0.951857
0.271809 0.113716 0.995781  0.273442 -0.313952  0.951959
0.271783 0.113715 0.995681  0.273416 -0.313953   0.95206
0.271758 0.113713 0.995581   0.27339 -0.313955  0.952161
0.271733 0.113712 0.995479  0.273365 -0.313956  0.952261
0.271708 0.113711 0.995378  0.273339 -0.313958  0.952361
0.271683  0.11371 0.995276 0.273314 -0.31396 0.952461
0.271658 0.113709 0.995175  0.273288 -0.313961  0.952561
0.271634 0.113708 0.995074  0.273263 -0.313963   0.95266
0.271609 0.113707 0.994973  0.273238 -0.313965  0.952761
0.271584 0.113705 0.994873  0.273212 -0.313966  0.952861
0.271559 0.113704 0.994773  0.273186 -0.313968  0.952962
0.271534 0.113703 0.994673  0.273161 -0.313969  0.953063
0.271509 0.113701 0.994573 0.273135 -0.31397 0.953164
0.271484   0.1137 0.994472  0.273109 -0.313972  0.953264
 0.27146 0.113698 0.994371  0.273084 -0.313973  0.953364
0.271437 0.113696 0.994269  0.273059 -0.313975  0.953463
0.271413 0.113694 0.994167  0.273033 -0.313976  0.953562
0.271389 0.113692 0.994065  0.273008 -0.313978  0.953661
0.271366  0.11369 0.993964 0.272983 -0.31398  0.95376
0.271342 0.113689 0.993862  0.272958 -0.313981   0.95386
0.271318 0.113687 0.993762  0.272932 -0.313983  0.953959
0.271295 0.113685 0.993661  0.272907 -0.313984   0.95406
0.271271 0.113684 0.993561  0.272881 -0.313985   0.95416
0.271247 0.113682  0.99346  0.272855 -0.313987   0.95426
0.271224  0.11368 0.993359   0.27283 -0.313988  0.954359
0.271201 0.113678 0.993258 0.272805 -0.31399 0.954458
0.271178 0.113676 0.993156   0.27278 -0.313991  0.954557
0.271156 0.113674 0.993054  0.272754 -0.313993  0.954655
0.271133 0.113671 0.992951  0.272729 -0.313994  0.954753
0.271111 0.113669 0.992849  0.272704 -0.313996  0.954852
0.271088 0.113667 0.992748  0.272679 -0.313998   0.95495
0.271066 0.113664 0.992646  0.272654 -0.313999  0.955049
0.271043 0.113662 0.992545  0.272629 -0.314001  0.955148
0.271021  0.11366 0.992444  0.272603 -0.314002  0.955248
0.270998 0.113658 0.992344  0.272578 -0.314003  0.955347
0.270976 0.113656 0.992243  0.272553 -0.314005  0.955446
0.270954 0.113654 0.992141  0.272527 -0.314006  0.955544
0.270932 0.113652 0.992039  0.272502 -0.314008  0.955642
0.270911 0.113649 0.991936  0.272477 -0.314009  0.955739
 0.27089 0.113646 0.991834  0.272452 -0.314011  0.955836
0.270869 0.113644 0.991731  0.272428 -0.314013  0.955934
0.270848 0.113641 0.991629  0.272403 -0.314015  0.956031
0.270826 0.113639 0.991527  0.272378 -0.314016  0.956129
0.270805 0.113636 0.991426  0.272352 -0.314017  0.956228
0.270784 0.113633 0.991324  0.272327 -0.314019  0.956327
0.270762  0.11363 0.991223 0.272302 -0.31402 0.956425
0.270741 0.113628 0.991122  0.272277 -0.314022  0.956523
 0.27072 0.113625 0.991021  0.272252 -0.314023   0.95662
  0.2707 0.113623 0.990919  0.272227 -0.314025  0.956717
 0.27068  0.11362 0.990816  0.272202 -0.314026  0.956814
 0.27066 0.113617 0.990712  0.272177 -0.314028   0.95691
 0.27064 0.113615  0.99061 0.272153 -0.31403 0.957007
 0.27062 0.113612 0.990507  0.272128 -0.314032  0.957103
  0.2706 0.113609 0.990405  0.272103 -0.314033    0.9572
 0.27058 0.113606 0.990303  0.272078 -0.314035  0.957298
 0.27056 0.113603 0.990201  0.272053 -0.314036  0.957396
 0.27054   0.1136 0.990099  0.272028 -0.314037  0.957493
 0.27052 0.113597 0.989998  0.272003 -0.314039   0.95759
  0.2705 0.113594 0.989897 0.271978 -0.31404 0.957687
 0.27048 0.113591 0.989795  0.271954 -0.314042  0.957783
0.270461 0.113587 0.989692  0.271929 -0.314043  0.957879
0.270443 0.113584 0.989588  0.271905 -0.314045  0.957974
0.270424 0.113581 0.989485   0.27188 -0.314047   0.95807
0.270405 0.113578 0.989382  0.271855 -0.314049  0.958166
0.270387 0.113575 0.989279 0.271831 -0.31405 0.958262
0.270368 0.113571 0.989177  0.271806 -0.314052  0.958359
0.270349 0.113568 0.989074  0.271781 -0.314053  0.958456
 0.27033 0.113565 0.988973  0.271756 -0.314055  0.958552
0.270312 0.113562 0.988871  0.271732 -0.314056  0.958649
0.270293 0.113558 0.988769  0.271707 -0.314058  0.958744
0.270274 0.113555 0.988667  0.271683 -0.314059   0.95884
0.270256 0.113551 0.988565  0.271658 -0.314061  0.958934
0.270239 0.113547 0.988461  0.271634 -0.314062  0.959029
0.270221 0.113543 0.988357   0.27161 -0.314064  0.959124
0.270204  0.11354 0.988254  0.271585 -0.314066  0.959219
0.270186 0.113536 0.988151  0.271561 -0.314067  0.959314
0.270169 0.113533 0.988048  0.271536 -0.314069   0.95941
0.270152 0.113529 0.987945 0.271512 -0.31407 0.959506
0.270134 0.113526 0.987843  0.271487 -0.314072  0.959602
0.270116 0.113522 0.987741  0.271463 -0.314073  0.959698
0.270099 0.113518 0.987639  0.271438 -0.314075  0.959792
0.270082 0.113514 0.987537  0.271414 -0.314076  0.959887
0.270065 0.113511 0.987435   0.27139 -0.314078  0.959981
0.270048 0.113507 0.987331 0.271366 -0.31408 0.960075
0.270032 0.113502 0.987227  0.271342 -0.314081  0.960169
0.270016 0.113498 0.987123  0.271318 -0.314083  0.960263
    0.27 0.113494  0.98702  0.271294 -0.314085  0.960357
0.269983  0.11349 0.986917  0.271269 -0.314086  0.960453
0.269967 0.113486 0.986814  0.271245 -0.314088  0.960548
0.269951 0.113483 0.986711  0.271221 -0.314089  0.960643
0.269935 0.113479 0.986609  0.271197 -0.314091  0.960737
0.269918 0.113475 0.986506  0.271173 -0.314092  0.960831
0.269902 0.113471 0.986404  0.271149 -0.314094  0.960925
0.269886 0.113467 0.986302  0.271125 -0.314096  0.961018
0.269871 0.113462 0.986199  0.271101 -0.314097  0.961111
0.269856 0.113458 0.986095  0.271078 -0.314099  0.961204
0.269841 0.113454 0.985991  0.271054 -0.314101  0.961298
0.269826 0.113449 0.985887   0.27103 -0.314102  0.961392
0.269811 0.113445 0.985783  0.271006 -0.314104  0.961486
0.269796 0.113441  0.98568  0.270982 -0.314105   0.96158
0.269781 0.113436 0.985577  0.270958 -0.314107  0.961674
0.269766 0.113432 0.985474  0.270934 -0.314109  0.961768
0.269751 0.113428 0.985372  0.27091 -0.31411 0.961861
0.269736 0.113424 0.985269  0.270886 -0.314112  0.961954
0.269721 0.113419 0.985167  0.270863 -0.314113  0.962047
0.269707 0.113415 0.985064  0.270839 -0.314115  0.962139
0.269693  0.11341  0.98496  0.270816 -0.314117  0.962231
0.269679 0.113406 0.984856  0.270792 -0.314119  0.962324
0.269665 0.113401 0.984752 0.270768 -0.31412 0.962417
0.269652 0.113397 0.984648  0.270744 -0.314122   0.96251
0.269638 0.113392 0.984544   0.27072 -0.314124  0.962604
0.269625 0.113387  0.98444  0.270696 -0.314126  0.962697
0.269611 0.113383 0.984338  0.270673 -0.314127   0.96279
0.269597 0.113378 0.984235  0.270649 -0.314129  0.962882
0.269583 0.113373 0.984132  0.270626 -0.314131  0.962974
 0.26957 0.113368  0.98403  0.270603 -0.314133  0.963066
0.269556 0.113364 0.983927   0.27058 -0.314135  0.963158
0.269543 0.113359 0.983824  0.270557 -0.314137  0.963249
0.269531 0.113355  0.98372  0.270534 -0.314139  0.963341
0.269518  0.11335 0.983615  0.270511 -0.314141  0.963434
0.269506 0.113345  0.98351  0.270488 -0.314142  0.963527
0.269494 0.113341 0.983406  0.270465 -0.314144   0.96362
0.269481 0.113336 0.983303  0.270442 -0.314146  0.963713
0.269469 0.113331 0.983199   0.27042 -0.314148  0.963805
0.269457 0.113326 0.983096 0.270397 -0.31415 0.963898
0.269444 0.113321 0.982994  0.270375 -0.314153   0.96399
0.269432 0.113316 0.982891  0.270354 -0.314155  0.964081
0.269419 0.113311 0.982788  0.270332 -0.314157  0.964173
0.269407 0.113306 0.982685  0.270311 -0.314159  0.964265
0.269396 0.113301 0.982581   0.27029 -0.314162  0.964357
0.269385 0.113295 0.982477  0.270269 -0.314164   0.96445
0.269374  0.11329 0.982372  0.270247 -0.314166  0.964544
0.269363 0.113285 0.982267  0.270226 -0.314169  0.964638
0.269352  0.11328 0.982163  0.270205 -0.314171  0.964731
0.269341 0.113275  0.98206  0.270185 -0.314174  0.964825
0.269329  0.11327 0.981956  0.270165 -0.314176  0.964918
0.269318 0.113265 0.981853  0.270145 -0.314179  0.965011
0.269307  0.11326 0.981751  0.270125 -0.314181  0.965104
0.269296 0.113254 0.981648  0.270106 -0.314184  0.965196
0.269285 0.113249 0.981545  0.270087 -0.314187  0.965289
0.269275 0.113244 0.981442 0.270067 -0.31419 0.965383
0.269265 0.113238 0.981337  0.270048 -0.314192  0.965477
0.269255 0.113233 0.981233  0.270029 -0.314195  0.965571
0.269245 0.113227 0.981128   0.27001 -0.314198  0.965666
0.269236 0.113222 0.981024  0.269992 -0.314201  0.965761
0.269226 0.113217  0.98092  0.269973 -0.314204  0.965856
0.269216 0.113211 0.980816  0.269955 -0.314208   0.96595
0.269206 0.113206 0.980713  0.269937 -0.314211  0.966045
0.269196 0.113201  0.98061   0.26992 -0.314214  0.966139
0.269187 0.113195 0.980507  0.269903 -0.314217  0.966233
0.269177 0.113189 0.980405 0.269886 -0.31422 0.966327
0.269167 0.113184 0.980301  0.269869 -0.314224  0.966422
0.269158 0.113178 0.980197  0.269852 -0.314227  0.966517
 0.26915 0.113172 0.980093  0.269835 -0.314231  0.966613
0.269142 0.113167 0.979988  0.269819 -0.314234   0.96671
0.269133 0.113161 0.979883  0.269802 -0.314238  0.966806
0.269125 0.113155 0.979779  0.269786 -0.314241  0.966902
0.269116  0.11315 0.979676   0.26977 -0.314245  0.966998
0.269108 0.113144 0.979572  0.269755 -0.314249  0.967093
0.269099 0.113139 0.979469   0.26974 -0.314252  0.967189
0.269091 0.113133 0.979367  0.269725 -0.314256  0.967284
0.269082 0.113127 0.979264  0.26971 -0.31426  0.96738
0.269074 0.113121 0.979161  0.269695 -0.314263  0.967476
0.269066 0.113115 0.979057  0.269681 -0.314267  0.967572
0.269058  0.11311 0.978953  0.269666 -0.314271   0.96767
0.269051 0.113104 0.978848  0.269651 -0.314275  0.967768
0.269044 0.113098 0.978744  0.269637 -0.314279  0.967865
0.269037 0.113092 0.978639  0.269623 -0.314283  0.967962
 0.26903 0.113086 0.978535   0.26961 -0.314287  0.968059
0.269023  0.11308 0.978432  0.269596 -0.314291  0.968156
0.269016 0.113074 0.978329  0.269583 -0.314295  0.968253
0.269008 0.113068 0.978226 0.269571  -0.3143  0.96835
0.269001 0.113063 0.978123  0.269558 -0.314304  0.968446
0.268994 0.113057  0.97802  0.269545 -0.314308  0.968544
0.268987 0.113051 0.977917  0.269533 -0.314312  0.968642
0.268981 0.113044 0.977813   0.26952 -0.314317   0.96874
0.268975 0.113038 0.977709  0.269508 -0.314321  0.968839
0.268969 0.113032 0.977604  0.269496 -0.314325  0.968938
0.268963 0.113026   0.9775 0.269484 -0.31433 0.969037
0.268957  0.11302 0.977395  0.269473 -0.314334  0.969135
0.268951 0.113014 0.977292  0.269461 -0.314339  0.969233
0.268945 0.113007 0.977188   0.26945 -0.314343  0.969331
 0.26894 0.113001 0.977085   0.26944 -0.314347  0.969428
0.268934 0.112995 0.976983  0.269429 -0.314352  0.969526
0.268928 0.112989  0.97688  0.269419 -0.314357  0.969625
0.268922 0.112983 0.976777  0.269408 -0.314361  0.969724
0.268917 0.112977 0.976674  0.269398 -0.314366  0.969823
0.268912 0.112971  0.97657 0.269387 -0.31437 0.969923
0.268907 0.112965 0.976465  0.269377 -0.314375  0.970023
0.268903 0.112958  0.97636 0.269367 -0.31438 0.970123
0.268898 0.112952 0.976256  0.269358 -0.314385  0.970222
0.268894 0.112945 0.976152  0.269348 -0.314389  0.970321
0.268889 0.112939 0.976048  0.269339 -0.314394  0.970419
0.268884 0.112933 0.975945   0.26933 -0.314399  0.970518
 0.26888 0.112926 0.975842  0.269322 -0.314404  0.970617
0.268875  0.11292  0.97574  0.269313 -0.314409  0.970716
0.268871 0.112914 0.975637  0.269305 -0.314414  0.970816
0.268866 0.112907 0.975534  0.269296 -0.314418  0.970917
0.268862 0.112901  0.97543  0.269288 -0.314423  0.971018
0.268859 0.112895 0.975326  0.269279 -0.314428  0.971118
0.268856 0.112888 0.975221  0.269272 -0.314433  0.971219
0.268853 0.112882 0.975117  0.269264 -0.314438  0.971319
0.268849 0.112875 0.975012  0.269257 -0.314442  0.971419
0.268846 0.112869 0.974909   0.26925 -0.314447  0.971518
0.268843 0.112862 0.974805  0.269243 -0.314452  0.971618
0.268839 0.112856 0.974702  0.269236 -0.314457  0.971718
0.268836 0.112849   0.9746  0.269229 -0.314461  0.971818
0.268833 0.112842 0.974497  0.269223 -0.314466  0.971919
0.268829 0.112836 0.974395  0.269216 -0.314471   0.97202
0.268827 0.112829 0.974291  0.269209 -0.314475  0.972122
0.268824 0.112822 0.974187 0.269203 -0.31448 0.972223
0.268822 0.112816 0.974083  0.269197 -0.314484  0.972324
 0.26882  0.11281 0.973978  0.269191 -0.314489  0.972425
0.268819 0.112803 0.973873  0.269186 -0.314494  0.972526
0.268817 0.112796 0.973769  0.269181 -0.314498  0.972626
0.268815  0.11279 0.973666  0.269176 -0.314502  0.972727
0.268813 0.112783 0.973563  0.269171 -0.314507  0.972827
 0.26881 0.112777  0.97346  0.269166 -0.314511  0.972928
0.268808  0.11277 0.973357  0.269161 -0.314516   0.97303
0.268806 0.112763 0.973255 0.269156 -0.31452 0.973132
0.268805 0.112756 0.973152  0.269152 -0.314524  0.973234
0.268803 0.112749 0.973049  0.269147 -0.314528  0.973337
0.268802 0.112742 0.972944  0.269143 -0.314533  0.973439
0.268802 0.112735  0.97284  0.269139 -0.314537   0.97354
0.268801 0.112728 0.972735  0.269135 -0.314541  0.973642
0.268801 0.112721 0.972631  0.269132 -0.314545  0.973743
  0.2688 0.112715 0.972527  0.269129 -0.314549  0.973844
0.268799 0.112708 0.972424  0.269126 -0.314553  0.973945
0.268799 0.112701 0.972321  0.269123 -0.314557  0.974047
0.268798 0.112694 0.972218   0.26912 -0.314561  0.974149
0.268797 0.112687 0.972116  0.269117 -0.314565  0.974252
0.268796  0.11268 0.972013  0.269114 -0.314569  0.974355
0.268796 0.112673  0.97191  0.269111 -0.314573  0.974458
0.268796 0.112666 0.971807  0.269108 -0.314577  0.974561
0.268797 0.112659 0.971702  0.269106 -0.314581  0.974663
0.268798 0.112653 0.971598  0.269104 -0.314584  0.974765
0.268799 0.112646 0.971493  0.269103 -0.314588  0.974867
  0.2688 0.112639 0.971389  0.269101 -0.314592  0.974968
0.268801 0.112633 0.971286    0.2691 -0.314595   0.97507
0.268801 0.112626 0.971183  0.269098 -0.314599  0.975173
0.268802  0.11262  0.97108  0.269097 -0.314603  0.975276
0.268803 0.112613 0.970977  0.269096 -0.314606  0.975379
0.268803 0.112606 0.970875 0.269094 -0.31461 0.975483
0.268805   0.1126 0.970773  0.269093 -0.314613  0.975586
0.268806 0.112593  0.97067  0.269092 -0.314617  0.975689
0.268808 0.112587 0.970566 0.269092 -0.31462 0.975792
0.268811 0.112581 0.970461  0.269092 -0.314623  0.975895
0.268813 0.112575 0.970357  0.269092 -0.314627  0.975997
0.268816 0.112569 0.970252 0.269092 -0.31463 0.976099
0.268818 0.112563 0.970149  0.269092 -0.314633  0.976202
0.268821 0.112557 0.970045  0.269092 -0.314637  0.976304
0.268823 0.112551 0.969943 0.269093 -0.31464 0.976408
0.268826 0.112545  0.96984  0.269093 -0.314643  0.976512
0.268828 0.112539 0.969738  0.269093 -0.314646  0.976616
0.268831 0.112533 0.969635  0.269094 -0.314649   0.97672
0.268834 0.112527 0.969533  0.269094 -0.314653  0.976823
0.268837 0.112521  0.96943  0.269096 -0.314656  0.976926
0.268841 0.112516 0.969325  0.269097 -0.314659  0.977029
0.268845 0.112511 0.969221  0.269098 -0.314662  0.977132
0.268849 0.112506 0.969117    0.2691 -0.314665  0.977235
0.268854 0.112501 0.969013  0.269102 -0.314668  0.977337
0.268858 0.112495 0.968909  0.269104 -0.314671  0.977441
0.268862  0.11249 0.968806  0.269106 -0.314674  0.977544
0.268866 0.112485 0.968704  0.269107 -0.314677  0.977649
 0.26887  0.11248 0.968601 0.269109 -0.31468 0.977753
0.268875 0.112474 0.968499  0.269111 -0.314682  0.977857
0.268879 0.112469 0.968397  0.269114 -0.314685  0.977961
0.268884 0.112464 0.968294  0.269116 -0.314688  0.978065
0.268889  0.11246 0.968191  0.269119 -0.314691  0.978168
0.268895 0.112455 0.968087  0.269122 -0.314693  0.978271
0.268901 0.112451 0.967982  0.269125 -0.314696  0.978374
0.268907 0.112447 0.967878  0.269129 -0.314699  0.978477
0.268913 0.112442 0.967775  0.269132 -0.314702  0.978581
0.268919 0.112438 0.967671  0.269135 -0.314704  0.978685
0.268925 0.112433 0.967569  0.269139 -0.314707  0.978789
 0.26893 0.112429 0.967466  0.269142 -0.314709  0.978894
0.268936 0.112425 0.967364  0.269146 -0.314712  0.978998
0.268942  0.11242 0.967262  0.269149 -0.314715  0.979103
0.268948 0.112416  0.96716  0.269153 -0.314717  0.979207
0.268955 0.112412 0.967057 0.269158 -0.31472  0.97931
0.268962 0.112408 0.966954  0.269162 -0.314722  0.979413
0.268969 0.112404  0.96685  0.269167 -0.314724  0.979517
0.268977 0.112401 0.966746  0.269172 -0.314727   0.97962
0.268985 0.112397 0.966642  0.269176 -0.314729  0.979724
0.268992 0.112393 0.966539  0.269181 -0.314732  0.979828
   0.269  0.11239 0.966436  0.269186 -0.314734  0.979933
0.269007 0.112386 0.966333   0.26919 -0.314736  0.980038
0.269015 0.112382 0.966231  0.269195 -0.314739  0.980143
0.269022 0.112379 0.966129  0.269201 -0.314741  0.980247
 0.26903 0.112375 0.966028  0.269206 -0.314743  0.980351
0.269037 0.112371 0.965925  0.269212 -0.314746  0.980455
0.269046 0.112368 0.965823  0.269218 -0.314748  0.980559
0.269055 0.112365 0.965719 0.269224 -0.31475 0.980662
0.269064 0.112362 0.965615   0.26923 -0.314752  0.980766
0.269073 0.112359 0.965511  0.269236 -0.314754   0.98087
0.269082 0.112356 0.965408  0.269242 -0.314757  0.980974
0.269091 0.112353 0.965305  0.269248 -0.314759  0.981079
  0.2691  0.11235 0.965203  0.269254 -0.314761  0.981184
0.269109 0.112347   0.9651  0.269261 -0.314763  0.981289
0.269118 0.112344 0.964999  0.269267 -0.314765  0.981394
0.269127 0.112341 0.964897  0.269274 -0.314767  0.981498
0.269136 0.112338 0.964795  0.269281 -0.314769  0.981602
0.269146 0.112335 0.964693  0.269288 -0.314771  0.981706
0.269156 0.112333  0.96459  0.269296 -0.314773   0.98181
0.269166  0.11233 0.964487  0.269303 -0.314775  0.981913
0.269177 0.112328 0.964383  0.269311 -0.314777  0.982017
0.269188 0.112326 0.964279  0.269318 -0.314779  0.982122
0.269198 0.112324 0.964176  0.269326 -0.314781  0.982227
0.269209 0.112321 0.964074  0.269333 -0.314783  0.982332
0.269219 0.112319 0.963972  0.269341 -0.314785  0.982437
 0.26923 0.112316  0.96387  0.269349 -0.314787  0.982542
 0.26924 0.112314 0.963768  0.269357 -0.314788  0.982647
0.269251 0.112311 0.963667 0.269365 -0.31479 0.982751
0.269262 0.112309 0.963565  0.269374 -0.314792  0.982854
0.269273 0.112306 0.963463  0.269383 -0.314794  0.982958
0.269284 0.112304  0.96336  0.269391 -0.314796  0.983062
0.269296 0.112303 0.963256    0.2694 -0.314797  0.983166
0.269309 0.112301 0.963153  0.269409 -0.314799   0.98327
0.269321 0.112299 0.963049  0.269418 -0.314801  0.983376
0.269333 0.112297 0.962947  0.269426 -0.314803  0.983481
0.269345 0.112295 0.962844  0.269435 -0.314804  0.983586
0.269357 0.112293 0.962742  0.269445 -0.314806  0.983691
0.269369 0.112291  0.96264  0.269454 -0.314808  0.983795
0.269381 0.112289 0.962539  0.269464 -0.314809  0.983899
0.269393 0.112287 0.962438  0.269474 -0.314811  0.984003
0.269405 0.112285 0.962336  0.269484 -0.314812  0.984106
0.269418 0.112283 0.962234  0.269494 -0.314814   0.98421
0.269431 0.112282 0.962131  0.269504 -0.314816  0.984314
0.269444 0.112281 0.962027  0.269514 -0.314817  0.984418
0.269458 0.112279 0.961924  0.269524 -0.314819  0.984524
0.269472 0.112278 0.961821 0.269534 -0.31482 0.984629
0.269485 0.112277 0.961718  0.269545 -0.314822  0.984734
0.269499 0.112275 0.961616  0.269555 -0.314824  0.984838
0.269512 0.112274 0.961514  0.269566 -0.314825  0.984942
0.269525 0.112272 0.961413  0.269577 -0.314826  0.985046
0.269539  0.11227 0.961311  0.269588 -0.314828   0.98515
0.269552 0.112269  0.96121  0.269599 -0.314829  0.985253
0.269566 0.112267 0.961108  0.269611 -0.314831  0.985357
 0.26958 0.112266 0.961006  0.269622 -0.314832  0.985461
0.269595 0.112265 0.960903  0.269634 -0.314834  0.985566
 0.26961 0.112264 0.960799  0.269645 -0.314835  0.985671
0.269625 0.112263 0.960696  0.269656 -0.314836  0.985776
 0.26964 0.112262 0.960593  0.269668 -0.314838   0.98588
0.269655 0.112261 0.960491   0.26968 -0.314839  0.985985
 0.26967  0.11226 0.960389  0.269692 -0.314841  0.986089
0.269684 0.112259 0.960288  0.269704 -0.314842  0.986193
0.269699 0.112258 0.960186  0.269716 -0.314843  0.986296
0.269714 0.112256 0.960085  0.269729 -0.314844    0.9864
0.269729 0.112255 0.959984  0.269742 -0.314846  0.986503
0.269744 0.112254 0.959882  0.269754 -0.314847  0.986607
 0.26976 0.112254  0.95978  0.269767 -0.314848  0.986712
0.269776 0.112253 0.959676  0.26978 -0.31485 0.986816
0.269792 0.112253 0.959573  0.269792 -0.314851  0.986921
0.269809 0.112252  0.95947  0.269805 -0.314852  0.987026
0.269825 0.112251 0.959368  0.269818 -0.314853   0.98713
0.269841 0.112251 0.959266  0.269831 -0.314854  0.987234
0.269857  0.11225 0.959164  0.269845 -0.314856  0.987338
0.269873 0.112249 0.959063  0.269859 -0.314857  0.987441
0.269889 0.112248 0.958962  0.269872 -0.314858  0.987545
0.269906 0.112247 0.958861  0.269886 -0.314859  0.987648
0.269922 0.112246  0.95876   0.2699 -0.31486 0.987752
0.269939 0.112246 0.958658  0.269914 -0.314861  0.987856
0.269956 0.112245 0.958555  0.269928 -0.314862  0.987961
0.269974 0.112245 0.958452  0.269942 -0.314864  0.988066
0.269991 0.112245 0.958349  0.269956 -0.314865   0.98817
0.270009 0.112245 0.958247   0.26997 -0.314866  0.988274
0.270027 0.112244 0.958145  0.269985 -0.314867  0.988378
0.270044 0.112244 0.958043  0.269999 -0.314868  0.988482
0.270061 0.112244 0.957942  0.270014 -0.314869  0.988585
0.270079 0.112243 0.957841 0.270029 -0.31487 0.988688
0.270096 0.112243  0.95774  0.270044 -0.314871  0.988791
0.270113 0.112242 0.957639   0.27006 -0.314872  0.988895
0.270131 0.112242 0.957538  0.270075 -0.314873  0.988999
 0.27015 0.112242 0.957436   0.27009 -0.314874  0.989104
0.270168 0.112242 0.957333  0.270105 -0.314875  0.989209
0.270187 0.112242  0.95723   0.27012 -0.314876  0.989313
0.270206 0.112242 0.957128  0.270135 -0.314877  0.989417
0.270225 0.112242 0.957025  0.270151 -0.314878  0.989521
0.270244 0.112242 0.956924  0.270167 -0.314879  0.989624
0.270263 0.112242 0.956822  0.270183 -0.314879  0.989727
0.270281 0.112242 0.956721   0.2702 -0.31488  0.98983
  0.2703 0.112242 0.956621  0.270216 -0.314881  0.989933
0.270318 0.112242  0.95652  0.270232 -0.314882  0.990037
0.270337 0.112241  0.95642  0.270249 -0.314883  0.990141
0.270356 0.112241 0.956318  0.270265 -0.314884  0.990245
0.270376 0.112242 0.956217  0.270281 -0.314885  0.990349
0.270396 0.112242 0.956114  0.270298 -0.314886  0.990454
0.270417 0.112243 0.956011  0.270314 -0.314886  0.990558
0.270437 0.112243 0.955909  0.270331 -0.314887  0.990661
0.270457 0.112244 0.955807  0.270349 -0.314888  0.990764
0.270477 0.112244 0.955705  0.270366 -0.314889  0.990867
0.270497 0.112244 0.955604 0.270383 -0.31489  0.99097
0.270517 0.112244 0.955503 0.270401 -0.31489 0.991073
0.270536 0.112245 0.955403  0.270419 -0.314891  0.991176
0.270556 0.112245 0.955303  0.270436 -0.314892   0.99128
0.270576 0.112245 0.955202  0.270453 -0.314893  0.991384
0.270597 0.112245 0.955101  0.270471 -0.314893  0.991489
0.270618 0.112246 0.954999  0.270489 -0.314894  0.991593
0.270639 0.112247 0.954896  0.270507 -0.314895  0.991696
0.270661 0.112248 0.954794  0.270525 -0.314896    0.9918
0.270682 0.112249 0.954692  0.270543 -0.314896  0.991903
0.270703 0.112249  0.95459  0.270562 -0.314897  0.992005
0.270725  0.11225 0.954489   0.27058 -0.314898  0.992108
0.270746 0.112251 0.954388  0.270599 -0.314898  0.992211
0.270767 0.112252 0.954287  0.270618 -0.314899  0.992314
0.270788 0.112252 0.954187 0.270637  -0.3149 0.992417
0.270809 0.112253 0.954087 0.270655  -0.3149 0.992522
 0.27083 0.112254 0.953986  0.270674 -0.314901  0.992626
0.270852 0.112254 0.953885  0.270693 -0.314902   0.99273
0.270874 0.112256 0.953784  0.270712 -0.314902  0.992834
0.270896 0.112257 0.953681  0.270731 -0.314903  0.992937
0.270919 0.112258 0.953579   0.27075 -0.314904   0.99304
0.270941  0.11226 0.953477   0.27077 -0.314904  0.993143
0.270964 0.112261 0.953375   0.27079 -0.314905  0.993245
0.270986 0.112262 0.953274   0.27081 -0.314905  0.993347
0.271008 0.112263 0.953173   0.27083 -0.314906   0.99345
 0.27103 0.112264 0.953073   0.27085 -0.314906  0.993552
0.271052 0.112265 0.952973  0.270871 -0.314907  0.993655
0.271075 0.112267 0.952872  0.270891 -0.314907  0.993759
0.271097 0.112268 0.952771  0.270911 -0.314908  0.993863
0.27112 0.11227 0.95267  0.270931 -0.314909  0.993966
0.271143 0.112271 0.952567  0.270951 -0.314909   0.99407
0.271167 0.112274 0.952465 0.270972 -0.31491 0.994173
0.271191 0.112276 0.952362 0.270993 -0.31491 0.994275
0.271214 0.112278  0.95226  0.271014 -0.314911  0.994378
0.271237 0.112279 0.952159  0.271035 -0.314911   0.99448
 0.27126 0.112281 0.952058  0.271056 -0.314911  0.994582
0.271283 0.112283 0.951957  0.271078 -0.314912  0.994684
0.271306 0.112285 0.951856  0.271099 -0.314912  0.994787
0.271328 0.112286 0.951756   0.27112 -0.314913   0.99489
0.271351 0.112288 0.951655  0.271141 -0.314913  0.994994
0.271375  0.11229 0.951554  0.271163 -0.314914  0.995097
0.271398 0.112293 0.951452  0.271184 -0.314914    0.9952
0.271422 0.112295 0.951349  0.271206 -0.314915  0.995303
0.271446 0.112298 0.951246  0.271228 -0.314915  0.995405
 0.27147 0.112301 0.951143   0.27125 -0.314915  0.995507
0.271494 0.112303  0.95104  0.271273 -0.314916  0.995609
0.271518 0.112306 0.950938  0.271296 -0.314916  0.995711
0.271541 0.112308 0.950837  0.271318 -0.314916  0.995813
0.271564 0.112311 0.950735  0.271341 -0.314917  0.995915
0.271588 0.112313 0.950634  0.271363 -0.314917  0.996018
0.271611 0.112315 0.950533  0.271386 -0.314918  0.996122
0.271634 0.112318 0.950432  0.271408 -0.314918  0.996225
0.271658  0.11232  0.95033  0.271431 -0.314918  0.996328
0.271682 0.112323 0.950227  0.271454 -0.314919  0.996431
0.271706 0.112326 0.950124  0.271477 -0.314919  0.996534
0.271731  0.11233 0.950019  0.271501 -0.314919  0.996636
0.271755 0.112333 0.949915  0.271524 -0.314919  0.996737
0.271779 0.112336 0.949812 0.271548 -0.31492 0.996839
0.271804 0.112339 0.949709 0.271572 -0.31492  0.99694
0.271827 0.112342 0.949606 0.271596 -0.31492 0.997041
0.271851 0.112345 0.949504  0.27162 -0.31492 0.997143
0.271875 0.112347 0.949402  0.271644 -0.314921  0.997245
0.271898  0.11235   0.9493  0.271668 -0.314921  0.997348
0.271922 0.112353 0.949198  0.271692 -0.314921  0.997451
0.271946 0.112356 0.949095  0.271716 -0.314922  0.997554
 0.27197 0.112359 0.948992   0.27174 -0.314922  0.997656
0.271994 0.112362 0.948888  0.271765 -0.314922  0.997758
0.272019 0.112365 0.948783  0.271789 -0.314922   0.99786
0.272043 0.112369 0.948678  0.271814 -0.314922  0.997961
0.272068 0.112372 0.948574  0.271839 -0.314923  0.998062
0.272092 0.112375  0.94847  0.271865 -0.314923  0.998163
0.272116 0.112378 0.948367   0.27189 -0.314923  0.998265
 0.27214 0.112381 0.948263  0.271915 -0.314923  0.998367
0.272164 0.112384  0.94816   0.27194 -0.314923  0.998469
0.272188 0.112387 0.948057  0.271965 -0.314923  0.998572
0.272211  0.11239 0.947954   0.27199 -0.314924  0.998674
0.272235 0.112393 0.947851  0.272016 -0.314924  0.998776
 0.27226 0.112396 0.947746  0.272041 -0.314924  0.998877
0.272284 0.112399  0.94764  0.272067 -0.314924  0.998978
0.272309 0.112403 0.947535  0.272093 -0.314924  0.999079
0.272334 0.112406 0.947429   0.27212 -0.314924   0.99918
0.272359  0.11241 0.947324  0.272146 -0.314924  0.999281
0.272383 0.112413 0.947219  0.272172 -0.314924  0.999382
0.272407 0.112416 0.947115  0.272199 -0.314925  0.999484
0.272431 0.112419 0.947011  0.272225 -0.314925  0.999586
0.272455 0.112422 0.946907  0.272251 -0.314925  0.999688
0.272479 0.112425 0.946803  0.272278 -0.314925   0.99979
0.272503 0.112428 0.946699  0.272304 -0.314925  0.999891
0.272527 0.112431 0.946594  0.272331 -0.314925  0.999993
0.272551 0.112434 0.946488  0.272358 -0.314925   1.00009
0.272576 0.112438 0.946382  0.272386 -0.314925   1.00019
0.272601 0.112441 0.946275  0.272413 -0.314925   1.00029
0.272626 0.112445 0.946169  0.272441 -0.314925   1.00039
 0.27265 0.112448 0.946063  0.272468 -0.314925    1.0005
0.272675 0.112451 0.945957  0.272495 -0.314925    1.0006
0.272699 0.112454 0.945852  0.272523 -0.314925    1.0007
0.272723 0.112457 0.945747   0.27255 -0.314925    1.0008
0.272747  0.11246 0.945642  0.272578 -0.314925    1.0009
0.272771 0.112463 0.945537  0.272606 -0.314925     1.001
0.272795 0.112466 0.945432  0.272634 -0.314925    1.0011
0.272819 0.112469 0.945326  0.272662 -0.314925    1.0012
0.272844 0.112473 0.945219   0.27269 -0.314925    1.0013
0.272869 0.112476 0.945112  0.272719 -0.314925    1.0014
0.272894  0.11248 0.945004  0.272748 -0.314924    1.0015
0.272918 0.112483 0.944897  0.272776 -0.314924    1.0016
0.272943 0.112487  0.94479  0.272805 -0.314924   1.00171
0.272967  0.11249 0.944684  0.272834 -0.314924   1.00181
0.272991 0.112493 0.944578  0.272862 -0.314923   1.00191
0.273016 0.112496 0.944472  0.272891 -0.314923   1.00201
0.273039 0.112499 0.944366   0.27292 -0.314922   1.00211
0.273063 0.112502 0.944261  0.272949 -0.314922   1.00221
0.273088 0.112506 0.944154  0.272979 -0.314922   1.00231
0.273112 0.112509 0.944047  0.273009 -0.314921   1.00241
0.273137 0.112513 0.943939 0.273038 -0.31492  1.00251
0.273162 0.112516 0.943831 0.273068 -0.31492  1.00261
0.273187  0.11252 0.943723  0.273098 -0.314919   1.00271
0.273212 0.112524 0.943615  0.273128 -0.314918   1.00281
0.273236 0.112527 0.943507  0.273158 -0.314917   1.00291
0.27326 0.11253  0.9434  0.273188 -0.314917   1.00301
0.273285 0.112534 0.943293  0.273218 -0.314916   1.00311
0.273309 0.112537 0.943187  0.273248 -0.314915   1.00321
0.273333  0.11254  0.94308  0.273279 -0.314914   1.00331
0.273357 0.112543 0.942973  0.273309 -0.314913   1.00341
0.273381 0.112547 0.942866   0.27334 -0.314912   1.00351
0.273406  0.11255 0.942758  0.273372 -0.314911   1.00361
0.273431 0.112554 0.942649  0.273403 -0.314909   1.00371
0.273456 0.112558 0.942539  0.273434 -0.314908   1.00381
0.273481 0.112562  0.94243  0.273465 -0.314907   1.00391
0.273506 0.112566 0.942322  0.273496 -0.314906   1.00401
 0.27353 0.112569 0.942214  0.273527 -0.314904   1.00411
0.273555 0.112573 0.942106  0.273558 -0.314903   1.00421
0.273579 0.112576 0.941998   0.27359 -0.314901   1.00431
0.273603 0.112579 0.941891 0.273622  -0.3149  1.00441
0.273627 0.112583 0.941784  0.273654 -0.314898   1.00451
0.273651 0.112586 0.941676  0.273686 -0.314896    1.0046
0.273676  0.11259 0.941568  0.273719 -0.314895    1.0047
  0.2737 0.112594 0.941458  0.273751 -0.314893    1.0048
0.273725 0.112598 0.941349  0.273783 -0.314891    1.0049
 0.27375 0.112602 0.941239  0.273816 -0.314889     1.005
0.273775 0.112606 0.941129  0.273848 -0.314888    1.0051
 0.2738 0.11261 0.94102   0.27388 -0.314886    1.0052
0.273825 0.112613 0.940911  0.273913 -0.314884    1.0053
0.273849 0.112617 0.940802  0.273946 -0.314882    1.0054
0.273873  0.11262 0.940694 0.273979 -0.31488   1.0055
0.273897 0.112624 0.940586  0.274012 -0.314878    1.0056
0.273921 0.112627 0.940478  0.274046 -0.314875    1.0057
0.273946 0.112631 0.940369  0.274079 -0.314873   1.00579
 0.27397 0.112635  0.94026  0.274113 -0.314871   1.00589
0.273995 0.112639  0.94015  0.274147 -0.314869   1.00599
 0.27402 0.112643 0.940039   0.27418 -0.314866   1.00609
0.274046 0.112648 0.939928  0.274214 -0.314864   1.00619
 0.27407 0.112652 0.939818  0.274247 -0.314861   1.00629
0.274095 0.112656 0.939708  0.274281 -0.314859   1.00639
 0.27412 0.112659 0.939599  0.274315 -0.314856   1.00649
0.274144 0.112663  0.93949   0.27435 -0.314854   1.00658
0.274168 0.112667 0.939381  0.274384 -0.314851   1.00668
0.274192 0.112671 0.939272  0.274419 -0.314849   1.00678
0.274216 0.112674 0.939163  0.274454 -0.314846   1.00688
0.274241 0.112678 0.939054  0.274489 -0.314843   1.00698
0.274266 0.112683 0.938943 0.274524 -0.31484  1.00707
0.274291 0.112687 0.938832  0.274558 -0.314837   1.00717
0.274316 0.112691  0.93872  0.274593 -0.314835   1.00727
0.274341 0.112696 0.938609  0.274628 -0.314832   1.00737
0.274366   0.1127 0.938499  0.274663 -0.314829   1.00747
0.274391 0.112704 0.938388  0.274698 -0.314826   1.00757
0.274416 0.112708 0.938279  0.274734 -0.314823   1.00767
 0.27444 0.112712 0.938169  0.27477 -0.31482  1.00776
0.274465 0.112716  0.93806  0.274806 -0.314817   1.00786
0.274489  0.11272  0.93795  0.274842 -0.314814   1.00796
0.274514 0.112724 0.937841 0.274878 -0.31481  1.00806
0.274539 0.112728  0.93773  0.274914 -0.314807   1.00815
0.274565 0.112732 0.937619   0.27495 -0.314804   1.00825
0.274591 0.112736 0.937508  0.274986 -0.314801   1.00835
0.274617 0.112741 0.937396  0.275022 -0.314797   1.00845
0.274643 0.112745 0.937285  0.275058 -0.314794   1.00855
0.274669  0.11275 0.937175 0.275094 -0.31479  1.00864
0.274695 0.112754 0.937065  0.275131 -0.314787   1.00874
0.274721 0.112758 0.936955  0.275168 -0.314783   1.00884
0.274746 0.112763 0.936846 0.275205 -0.31478  1.00894
0.274772 0.112767 0.936737  0.275242 -0.314776   1.00903
0.274798 0.112771 0.936629  0.275279 -0.314773   1.00913
0.274825 0.112775  0.93652  0.275317 -0.314769   1.00923
0.274851  0.11278 0.936411  0.275354 -0.314765   1.00932
0.274879 0.112785   0.9363  0.275391 -0.314762   1.00942
0.274907 0.112789  0.93619  0.275428 -0.314758   1.00952
0.274935 0.112795 0.936078  0.275465 -0.314754   1.00962
0.274964   0.1128 0.935967 0.275502 -0.31475  1.00972
0.274992 0.112805 0.935856   0.27554 -0.314747   1.00981
 0.27502  0.11281 0.935747  0.275578 -0.314743   1.00991
0.275049 0.112815 0.935638  0.275616 -0.314739   1.01001
0.275077  0.11282 0.935529  0.275654 -0.314735   1.01011
0.275105 0.112825 0.935421  0.275692 -0.314731    1.0102
0.275133 0.112829 0.935314  0.275731 -0.314727    1.0103
0.275161 0.112834 0.935207   0.27577 -0.314723   1.01039
 0.27519 0.112839   0.9351  0.275808 -0.314719   1.01049
0.275219 0.112844 0.934993  0.275847 -0.314714   1.01059
0.275248 0.112849 0.934886 0.275886 -0.31471  1.01068
0.275277 0.112854 0.934779  0.275924 -0.314706   1.01078
0.275308 0.112859  0.93467  0.275963 -0.314702   1.01088
0.275339 0.112865  0.93456  0.276001 -0.314698   1.01098
 0.27537  0.11287 0.934451   0.27604 -0.314693   1.01107
0.275401 0.112876 0.934343  0.276079 -0.314689   1.01117
0.275432 0.112881 0.934235  0.276118 -0.314685   1.01127
0.275463 0.112887 0.934128 0.276157 -0.31468  1.01136
0.275494 0.112892 0.934022  0.276197 -0.314676   1.01146
0.275524 0.112898 0.933916  0.276236 -0.314671   1.01156
0.275556 0.112903  0.93381  0.276276 -0.314667   1.01165
0.275587 0.112909 0.933705  0.276316 -0.314662   1.01175
0.275618 0.112914   0.9336  0.276356 -0.314658   1.01185
 0.27565 0.112919 0.933495  0.276395 -0.314654   1.01194
0.275682 0.112925 0.933389  0.276435 -0.314649   1.01204
0.275715 0.112931 0.933283  0.276474 -0.314645   1.01214
0.275748 0.112937 0.933176 0.276514 -0.31464  1.01223
0.275782 0.112943 0.933069  0.276554 -0.314635   1.01233
0.275816 0.112949 0.932962  0.276595 -0.314631   1.01243
0.275849 0.112955 0.932857  0.276635 -0.314626   1.01252
0.275883 0.112961 0.932752  0.276676 -0.314621   1.01262
0.275916 0.112967 0.932647  0.276717 -0.314617   1.01271
 0.27595 0.112973 0.932543  0.276758 -0.314612   1.01281
0.275983 0.112979 0.932439  0.276798 -0.314607    1.0129
0.276017 0.112985 0.932336  0.276839 -0.314602     1.013
0.276051 0.112991 0.932233  0.276879 -0.314598    1.0131
0.276085 0.112997 0.932129   0.27692 -0.314593   1.01319
 0.27612 0.113003 0.932025  0.276961 -0.314588   1.01329
0.276156 0.113009  0.93192  0.277002 -0.314583   1.01339
0.276192 0.113016 0.931814  0.277043 -0.314579   1.01348
0.276228 0.113022 0.931709  0.277085 -0.314574   1.01358
0.276264 0.113029 0.931605  0.277127 -0.314569   1.01367
  0.2763 0.113035 0.931501  0.277169 -0.314564   1.01377
0.276336 0.113042 0.931398   0.27721 -0.314559   1.01386
0.276372 0.113048 0.931295  0.277252 -0.314554   1.01396
0.276408 0.113054 0.931193  0.277294 -0.314549   1.01405
0.276444  0.11306 0.931091  0.277336 -0.314544   1.01415
0.276481 0.113067  0.93099  0.277377 -0.314539   1.01425
0.276517 0.113073 0.930889  0.277419 -0.314534   1.01434
0.276554 0.113079 0.930787  0.277461 -0.314529   1.01444
0.276592 0.113086 0.930684  0.277503 -0.314524   1.01453
 0.27663 0.113092  0.93058  0.277546 -0.314519   1.01463
0.276668 0.113099 0.930477  0.277588 -0.314514   1.01472
0.276707 0.113106 0.930374  0.277631 -0.314509   1.01482
0.276745 0.113112 0.930271  0.277674 -0.314503   1.01491
0.276784 0.113119  0.93017  0.277717 -0.314498   1.01501
0.276822 0.113125 0.930068   0.27776 -0.314493    1.0151
0.276861 0.113131 0.929968  0.277803 -0.314488    1.0152
0.276899 0.113137 0.929867  0.277846 -0.314483   1.01529
0.276938 0.113143 0.929768  0.277888 -0.314477   1.01539
0.276977 0.113149 0.929668  0.277931 -0.314472   1.01549
0.277016 0.113155 0.929568  0.277974 -0.314467   1.01558
0.277056 0.113161 0.929467  0.278017 -0.314462   1.01568
0.277096 0.113168 0.929366  0.278061 -0.314457   1.01577
0.277136 0.113174 0.929264  0.278105 -0.314451   1.01587
0.277177  0.11318 0.929163  0.278149 -0.314446   1.01596
0.277218 0.113186 0.929062 0.278193 -0.31444  1.01605
0.277258 0.113192 0.928962  0.278237 -0.314435   1.01615
0.277299 0.113198 0.928863 0.278281 -0.31443  1.01624
 0.27734 0.113204 0.928764  0.278325 -0.314424   1.01634
 0.27738  0.11321 0.928666  0.278369 -0.314419   1.01643
0.277421 0.113215 0.928568  0.278412 -0.314413   1.01653
0.277462 0.113221  0.92847  0.278456 -0.314408   1.01662
0.277504 0.113226 0.928371  0.278501 -0.314403   1.01672
0.277546 0.113232 0.928272  0.278545 -0.314397   1.01681
0.277588 0.113237 0.928173   0.27859 -0.314392    1.0169
0.277631 0.113243 0.928073  0.278635 -0.314386     1.017
0.277673 0.113248 0.927974  0.278679 -0.314381   1.01709
0.277716 0.113254 0.927876  0.278724 -0.314375   1.01718
0.277759 0.113259 0.927778  0.278769 -0.314369   1.01728
0.277801 0.113264  0.92768  0.278814 -0.314364   1.01737
0.277844 0.113269 0.927583  0.278859 -0.314358   1.01747
0.277887 0.113274 0.927487  0.278904 -0.314353   1.01756
 0.27793 0.113278  0.92739  0.278949 -0.314347   1.01766
0.277974 0.113283 0.927293  0.278994 -0.314341   1.01775
0.278017 0.113288 0.927195  0.279039 -0.314336   1.01784
0.278062 0.113293 0.927097 0.279085 -0.31433  1.01794
0.278106 0.113298 0.926999  0.279131 -0.314324   1.01803
0.278151 0.113303 0.926902  0.279177 -0.314319   1.01812
0.278195 0.113308 0.926805  0.279223 -0.314313   1.01822
 0.27824 0.113313 0.926708  0.279269 -0.314307   1.01831
0.278284 0.113317 0.926612  0.279315 -0.314301    1.0184
0.278329 0.113321 0.926517  0.279361 -0.314296    1.0185
0.278373 0.113325 0.926422 0.279407 -0.31429  1.01859
0.278418 0.113329 0.926327  0.279453 -0.314284   1.01868
0.278463 0.113333 0.926232  0.279499 -0.314278   1.01878
0.278508 0.113338 0.926137  0.279545 -0.314272   1.01887
0.278554 0.113342 0.926041  0.279592 -0.314267   1.01896
  0.2786 0.113346 0.925944  0.279638 -0.314261   1.01906
0.278647  0.11335 0.925848  0.279685 -0.314255   1.01915
0.278693 0.113354 0.925752  0.279732 -0.314249   1.01924
0.278739 0.113358 0.925657  0.279779 -0.314243   1.01933
0.278786 0.113362 0.925562  0.279826 -0.314237   1.01943
0.278832 0.113366 0.925468  0.279873 -0.314231   1.01952
0.278878 0.113369 0.925374   0.27992 -0.314225   1.01961
0.278925 0.113372 0.925281  0.279967 -0.314219   1.01971
0.278971 0.113376 0.925188  0.280014 -0.314213    1.0198
0.279018 0.113379 0.925094  0.280061 -0.314207   1.01989
0.279065 0.113382    0.925  0.280109 -0.314201   1.01998
0.279113 0.113386 0.924905  0.280157 -0.314195   1.02008
0.279161  0.11339  0.92481  0.280205 -0.314189   1.02017
0.279209 0.113393 0.924715  0.280253 -0.314183   1.02026
0.279257 0.113396 0.924621  0.280301 -0.314177   1.02035
0.279304 0.113399 0.924528  0.280348 -0.314171   1.02044
0.279352 0.113403 0.924435  0.280396 -0.314165   1.02054
  0.2794 0.113406 0.924342  0.280444 -0.314159   1.02063
0.279448 0.113408  0.92425  0.280492 -0.314153   1.02072
0.279496 0.113411 0.924158   0.28054 -0.314147   1.02082
0.279545 0.113414 0.924066 0.280588 -0.31414  1.02091
0.279593 0.113416 0.923974  0.280637 -0.314134     1.021
0.279642 0.113419 0.923881  0.280685 -0.314128   1.02109
0.279692 0.113422 0.923787  0.280734 -0.314122   1.02118
0.279741 0.113425 0.923693  0.280783 -0.314116   1.02127
0.279791 0.113428   0.9236 0.280832 -0.31411  1.02137
 0.27984 0.113431 0.923507   0.28088 -0.314103   1.02146
 0.27989 0.113433 0.923415  0.280929 -0.314097   1.02155
0.279939 0.113436 0.923323  0.280978 -0.314091   1.02164
0.279989 0.113438 0.923232  0.281027 -0.314085   1.02173
0.280038 0.113441 0.923141  0.281076 -0.314078   1.02183
0.280088 0.113443 0.923051  0.281125 -0.314072   1.02192
0.280138 0.113445  0.92296  0.281174 -0.314066   1.02201
0.280188 0.113447 0.922869 0.281224 -0.31406   1.0221
0.280238 0.113449 0.922777  0.281273 -0.314053   1.02219
0.280289 0.113452 0.922684  0.281323 -0.314047   1.02228
 0.28034 0.113454 0.922592  0.281372 -0.314041   1.02238
0.280391 0.113457   0.9225  0.281422 -0.314034   1.02247
0.280442 0.113459 0.922409  0.281471 -0.314028   1.02256
0.280493 0.113461 0.922318  0.281521 -0.314022   1.02265
0.280544 0.113463 0.922227  0.281571 -0.314015   1.02274
0.280595 0.113465 0.922138  0.281621 -0.314009   1.02283
0.280646 0.113467 0.922048  0.281671 -0.314003   1.02293
0.280697 0.113468 0.921958  0.281721 -0.313996   1.02302
0.280749  0.11347 0.921869 0.281771 -0.31399  1.02311
  0.2808 0.113472 0.921778  0.281821 -0.313983    1.0232
0.280852 0.113474 0.921687  0.281872 -0.313977   1.02329
0.280905 0.113476 0.921596 0.281922 -0.31397  1.02338
0.280957 0.113478 0.921505  0.281972 -0.313964   1.02347
 0.28101  0.11348 0.921414  0.282023 -0.313958   1.02356
0.281062 0.113482 0.921324  0.282073 -0.313951   1.02365
0.281114 0.113483 0.921235  0.282124 -0.313945   1.02375
0.281167 0.113485 0.921145  0.282175 -0.313938   1.02384
0.281219 0.113486 0.921057  0.282226 -0.313932   1.02393
0.281271 0.113488 0.920968  0.282276 -0.313925   1.02402
0.281324 0.113489  0.92088  0.282327 -0.313919   1.02411
0.281377 0.113491 0.920791  0.282378 -0.313912    1.0242
 0.28143 0.113492 0.920701  0.282429 -0.313906   1.02429
0.281484 0.113494 0.920611   0.28248 -0.313899   1.02438
0.281537 0.113496  0.92052  0.282531 -0.313893   1.02447
0.281591 0.113497  0.92043  0.282582 -0.313886   1.02457
0.281645 0.113499 0.920341 0.282633 -0.31388  1.02466
0.281699   0.1135 0.920252  0.282684 -0.313873   1.02475
0.281752 0.113502 0.920163  0.282736 -0.313867   1.02484
0.281806 0.113503 0.920075  0.282787 -0.313861   1.02493
 0.28186 0.113504 0.919988  0.282838 -0.313855   1.02502
0.281913 0.113505   0.9199   0.28289 -0.313848   1.02511
0.281967 0.113507 0.919813  0.282941 -0.313842    1.0252
0.282021 0.113508 0.919725  0.282993 -0.313836    1.0253
0.282076 0.113509 0.919636  0.283044 -0.313831   1.02539
0.282131 0.113511 0.919546  0.283096 -0.313825   1.02548
0.282186 0.113512 0.919457  0.283147 -0.313819   1.02557
0.282241 0.113513 0.919368  0.283199 -0.313813   1.02566
0.282296 0.113515 0.919279  0.283251 -0.313807   1.02575
0.282351 0.113516 0.919192  0.283303 -0.313802   1.02585
0.282406 0.113517 0.919104  0.283354 -0.313796   1.02594
0.282461 0.113518 0.919017  0.283406 -0.313791   1.02603
0.282516 0.113519  0.91893  0.283458 -0.313785   1.02612
0.282571  0.11352 0.918844  0.28351 -0.31378  1.02621
0.282626 0.113521 0.918757  0.283562 -0.313775    1.0263
0.282682 0.113522  0.91867  0.283614 -0.313769    1.0264
0.282738 0.113523 0.918582  0.283666 -0.313764   1.02649
0.282794 0.113524 0.918493  0.283718 -0.313759   1.02658
 0.28285 0.113526 0.918405   0.28377 -0.313754   1.02667
0.282907 0.113527 0.918317  0.283822 -0.313749   1.02676
0.282963 0.113528 0.918229  0.283874 -0.313744   1.02686
0.283019 0.113529 0.918141 0.283927 -0.31374  1.02695
0.283076  0.11353 0.918055  0.283979 -0.313735   1.02704
0.283132 0.113531 0.917968 0.284031 -0.31373  1.02713
0.283188 0.113532 0.917882  0.284084 -0.313726   1.02723
0.283245 0.113533 0.917797  0.284136 -0.313721   1.02732
0.283301 0.113533 0.917711  0.284188 -0.313717   1.02741
0.283358 0.113534 0.917625  0.284241 -0.313713    1.0275
0.283415 0.113535 0.917538  0.284293 -0.313708    1.0276
0.283472 0.113536 0.917451  0.284345 -0.313704   1.02769
 0.28353 0.113537 0.917363 0.284398  -0.3137  1.02778
0.283587 0.113538 0.917276   0.28445 -0.313696   1.02787
0.283645 0.113539 0.917189  0.284503 -0.313691   1.02797
0.283702  0.11354 0.917103  0.284555 -0.313687   1.02806
 0.28376 0.113541 0.917017  0.284608 -0.313683   1.02815
0.283817 0.113542 0.916932 0.284661 -0.31368  1.02825
0.283875 0.113543 0.916847  0.284713 -0.313676   1.02834
0.283932 0.113543 0.916762  0.284766 -0.313672   1.02843
 0.28399 0.113544 0.916677  0.284818 -0.313669   1.02853
0.284048 0.113544 0.916592  0.284871 -0.313665   1.02862
0.284107 0.113545 0.916505  0.284924 -0.313661   1.02871
0.284165 0.113546 0.916419  0.284977 -0.313658   1.02881
0.284224 0.113547 0.916332  0.285029 -0.313654    1.0289
0.284283 0.113548 0.916246  0.285082 -0.313651   1.02899
0.284341 0.113549  0.91616  0.285135 -0.313648   1.02909
  0.2844  0.11355 0.916075  0.285188 -0.313644   1.02918
0.284459  0.11355  0.91599  0.285241 -0.313641   1.02928
0.284517 0.113551 0.915906  0.285294 -0.313638   1.02937
0.284576 0.113551 0.915822  0.285347 -0.313635   1.02946
0.284635 0.113552 0.915738    0.2854 -0.313632   1.02956
0.284694 0.113552 0.915654  0.285452 -0.313629   1.02965
0.284753 0.113553 0.915569  0.285506 -0.313626   1.02975
0.284813 0.113554 0.915483  0.285559 -0.313623   1.02984
0.284873 0.113555 0.915397 0.285612 -0.31362  1.02993
0.284932 0.113556 0.915311  0.285665 -0.313618   1.03003
0.284992 0.113556 0.915226  0.285718 -0.313615   1.03012
0.285052 0.113557 0.915141  0.285771 -0.313612   1.03022
0.285112 0.113558 0.915057  0.285824 -0.313609   1.03031
0.285172 0.113558 0.914974  0.285877 -0.313607   1.03041
0.285232 0.113559  0.91489   0.28593 -0.313604    1.0305
0.285291 0.113559 0.914807  0.285983 -0.313602    1.0306
0.285351  0.11356 0.914724  0.286037 -0.313599   1.03069
0.285412  0.11356  0.91464   0.28609 -0.313597   1.03079
0.285472 0.113561 0.914555  0.286143 -0.313595   1.03088
0.285533 0.113561  0.91447  0.286196 -0.313592   1.03098
0.285594 0.113562 0.914385 0.286249 -0.31359  1.03107
0.285655 0.113563   0.9143  0.286303 -0.313588   1.03117
0.285716 0.113564 0.914216  0.286356 -0.313586   1.03126
0.285777 0.113564 0.914132  0.286409 -0.313584   1.03136
0.285838 0.113565 0.914049  0.286463 -0.313582   1.03145
0.285899 0.113565 0.913966 0.286516 -0.31358  1.03155
 0.28596 0.113566 0.913884  0.286569 -0.313578   1.03164
0.286021 0.113566 0.913802  0.286623 -0.313576   1.03174
0.286082 0.113566 0.913719  0.286676 -0.313574   1.03183
0.286143 0.113567 0.913636   0.28673 -0.313572   1.03193
0.286205 0.113567 0.913552 0.286783 -0.31357  1.03202
0.286267 0.113568 0.913468  0.286837 -0.313568   1.03212
0.286329 0.113569 0.913384   0.28689 -0.313566   1.03221
0.286392 0.113569   0.9133  0.286944 -0.313565   1.03231
0.286454  0.11357 0.913216  0.286998 -0.313563    1.0324
0.286516 0.113571 0.913134  0.287052 -0.313561    1.0325
0.286578 0.113571 0.913051  0.287107 -0.313559   1.03259
 0.28664 0.113571 0.912969  0.287161 -0.313558   1.03269
0.286702 0.113572 0.912888  0.287216 -0.313556   1.03278
0.286764 0.113572 0.912806   0.28727 -0.313554   1.03288
0.286826 0.113572 0.912724  0.287325 -0.313553   1.03297
0.286889 0.113573 0.912642   0.28738 -0.313551   1.03307
0.286952 0.113573 0.912559 0.287435 -0.31355  1.03316
0.287015 0.113574 0.912475   0.28749 -0.313548   1.03326
0.287078 0.113575 0.912392  0.287545 -0.313547   1.03335
0.287141 0.113575 0.912309  0.287601 -0.313545   1.03344
0.287205 0.113576 0.912227  0.287657 -0.313544   1.03354
0.287268 0.113576 0.912145  0.287713 -0.313542   1.03363
0.287331 0.113576 0.912064  0.28777 -0.31354  1.03372
0.287394 0.113577 0.911983  0.287826 -0.313539   1.03381
0.287457 0.113577 0.911902  0.287883 -0.313538   1.03391
 0.28752 0.113577 0.911821  0.287939 -0.313536     1.034
0.287584 0.113578  0.91174  0.287996 -0.313535   1.03409
0.287647 0.113578 0.911658  0.288053 -0.313534   1.03418
0.287712 0.113579 0.911575   0.28811 -0.313532   1.03428
0.287776 0.113579 0.911493  0.288167 -0.313531   1.03437
0.28784 0.11358 0.91141  0.288224 -0.313529   1.03446
0.287904  0.11358 0.911329  0.288282 -0.313528   1.03455
0.287968 0.113581 0.911247   0.28834 -0.313526   1.03464
0.288032 0.113581 0.911167  0.288398 -0.313525   1.03473
0.288097 0.113582 0.911086  0.288456 -0.313523   1.03482
0.288161 0.113582 0.911006  0.288515 -0.313522   1.03491
0.288225 0.113582 0.910926  0.288573 -0.313521     1.035
0.288289 0.113582 0.910846  0.288631 -0.313519   1.03509
0.288354 0.113583 0.910766  0.288689 -0.313518   1.03518
0.288419 0.113583 0.910684  0.288748 -0.313517   1.03528
0.288484 0.113584 0.910603  0.288807 -0.313516   1.03537
0.288549 0.113585 0.910521  0.288866 -0.313514   1.03545
0.288614 0.113585 0.910439  0.288925 -0.313513   1.03554
0.288679 0.113585 0.910359  0.288985 -0.313511   1.03563
0.288745 0.113586 0.910278 0.289045 -0.31351  1.03572
 0.28881 0.113586 0.910198  0.289105 -0.313508   1.03581
0.288875 0.113587 0.910119  0.289164 -0.313507    1.0359
 0.28894 0.113587  0.91004  0.289224 -0.313506   1.03599
0.289005 0.113587 0.909961  0.289284 -0.313505   1.03608
 0.28907 0.113587 0.909881  0.289344 -0.313503   1.03617
0.289136 0.113588 0.909801  0.289404 -0.313502   1.03625
0.289202 0.113588 0.909721  0.289464 -0.313501   1.03634
0.289268 0.113589 0.909639  0.289525 -0.313499   1.03643
0.289335 0.113589 0.909559  0.289586 -0.313498   1.03652
0.289401  0.11359 0.909478  0.289647 -0.313497    1.0366
0.289467  0.11359 0.909398  0.289708 -0.313495   1.03669
0.289533 0.113591 0.909319  0.289769 -0.313494   1.03678
0.289599 0.113591  0.90924  0.289831 -0.313493   1.03687
0.289665 0.113591 0.909162  0.289892 -0.313491   1.03695
0.289731 0.113591 0.909083 0.289953 -0.31349  1.03704
0.289798 0.113591 0.909005  0.290015 -0.313489   1.03713
0.289864 0.113592 0.908926  0.290076 -0.313487   1.03721
0.289931 0.113592 0.908847  0.290138 -0.313486    1.0373
0.289998 0.113593 0.908767    0.2902 -0.313485   1.03739
0.290065 0.113593 0.908686  0.290262 -0.313484   1.03747
0.290132 0.113594 0.908606  0.290325 -0.313482   1.03756
  0.2902 0.113594 0.908527  0.290387 -0.313481   1.03764
0.290267 0.113595 0.908448  0.29045 -0.31348  1.03773
0.290334 0.113595  0.90837  0.290513 -0.313478   1.03781
0.290401 0.113595 0.908292  0.290575 -0.313477    1.0379
0.290468 0.113596 0.908214  0.290638 -0.313476   1.03798
0.290535 0.113596 0.908137  0.290701 -0.313475   1.03807
0.290602 0.113596 0.908059  0.290764 -0.313474   1.03816
 0.29067 0.113596 0.907981  0.290827 -0.313472   1.03824
0.290738 0.113597 0.907902   0.29089 -0.313471   1.03832
0.290806 0.113597 0.907823  0.290954 -0.313469   1.03841
0.290874 0.113598 0.907743  0.291018 -0.313468   1.03849
0.290942 0.113598 0.907664  0.291082 -0.313467   1.03858
 0.29101 0.113599 0.907586  0.291146 -0.313465   1.03866
0.291078 0.113599 0.907508   0.29121 -0.313464   1.03874
0.291147 0.113599 0.907431  0.291274 -0.313463   1.03883
0.291215   0.1136 0.907354  0.291337 -0.313462   1.03891
0.291283   0.1136 0.907277  0.291402 -0.313461     1.039
0.291351   0.1136   0.9072  0.291466 -0.313459   1.03908
0.291419   0.1136 0.907123   0.29153 -0.313458   1.03916
0.291488   0.1136 0.907046  0.291595 -0.313457   1.03925
0.291557 0.113601 0.906968   0.29166 -0.313455   1.03933
0.291626 0.113601 0.906889  0.291725 -0.313454   1.03941
0.291695 0.113602 0.906811   0.29179 -0.313453   1.03949
0.291764 0.113602 0.906733  0.291855 -0.313451   1.03958
0.291833 0.113603 0.906655 0.291921 -0.31345  1.03966
0.291902 0.113603 0.906578  0.291986 -0.313449   1.03974
0.291971 0.113603 0.906502  0.292051 -0.313448   1.03982
 0.29204 0.113604 0.906426  0.292116 -0.313446   1.03991
0.292109 0.113604  0.90635  0.292182 -0.313445   1.03999
0.292178 0.113604 0.906274  0.292247 -0.313444   1.04007
0.292248 0.113604 0.906198  0.292313 -0.313443   1.04015
0.292318 0.113604 0.906121   0.29238 -0.313442   1.04023
0.292387 0.113605 0.906043 0.292446 -0.31344  1.04032
0.292458 0.113606 0.905965  0.292512 -0.313439    1.0404
0.292528 0.113606 0.905888  0.292579 -0.313438   1.04048
0.292598 0.113606 0.905811  0.292645 -0.313437   1.04056
0.292668 0.113607 0.905735  0.292712 -0.313435   1.04064
0.292738 0.113607 0.905659  0.292778 -0.313434   1.04072
0.292808 0.113607 0.905583  0.292845 -0.313433    1.0408
0.292878 0.113608 0.905508  0.292911 -0.313432   1.04088
0.292948 0.113608 0.905433  0.292978 -0.313431   1.04096
0.293018 0.113608 0.905358 0.293045 -0.31343  1.04104
0.293088 0.113608 0.905282  0.293113 -0.313429   1.04112
0.293159 0.113608 0.905206   0.29318 -0.313428    1.0412
 0.29323 0.113609 0.905129  0.293248 -0.313426   1.04128
0.293301  0.11361 0.905052  0.293315 -0.313425   1.04136
0.293372  0.11361 0.904976  0.293383 -0.313424   1.04144
0.293443  0.11361   0.9049  0.293451 -0.313423   1.04152
0.293514 0.113611 0.904824  0.293518 -0.313422    1.0416
0.293585 0.113611 0.904749  0.293586 -0.313421   1.04168
0.293656 0.113611 0.904675 0.293654 -0.31342  1.04176
0.293727 0.113611   0.9046  0.293722 -0.313419   1.04184
0.293798 0.113612 0.904526   0.29379 -0.313417   1.04192
0.293869 0.113612 0.904452  0.293859 -0.313416     1.042
0.293941 0.113612 0.904377  0.293927 -0.313415   1.04208
0.294012 0.113612 0.904301  0.293996 -0.313414   1.04216
0.294084 0.113613 0.904225  0.294065 -0.313413   1.04224
0.294156 0.113614 0.904149  0.294134 -0.313412   1.04231
0.294228 0.113614 0.904074  0.294202 -0.313411   1.04239
  0.2943 0.113614 0.903999 0.294271 -0.31341  1.04247
0.294372 0.113615 0.903925   0.29434 -0.313409   1.04255
0.294444 0.113615 0.903851  0.294409 -0.313408   1.04263
0.294516 0.113615 0.903777  0.294478 -0.313407   1.04271
0.294588 0.113615 0.903704  0.294547 -0.313406   1.04278
 0.29466 0.113615  0.90363  0.294617 -0.313405   1.04286
0.294732 0.113616 0.903557  0.294687 -0.313404   1.04294
0.294804 0.113616 0.903482  0.294757 -0.313403   1.04302
0.294877 0.113616 0.903407  0.294827 -0.313402   1.04309
 0.29495 0.113617 0.903332  0.294896 -0.313401   1.04317
0.295023 0.113617 0.903257 0.294966  -0.3134  1.04325
0.295096 0.113618 0.903183  0.295036 -0.313399   1.04333
0.295168 0.113618 0.903109  0.295106 -0.313398    1.0434
0.295241 0.113619 0.903035  0.295176 -0.313397   1.04348
0.295314 0.113619 0.902963  0.295246 -0.313396   1.04356
0.295387 0.113619  0.90289  0.295317 -0.313395   1.04363
 0.29546 0.113619 0.902817  0.295387 -0.313394   1.04371
0.295533 0.113619 0.902745  0.295458 -0.313393   1.04379
0.295606  0.11362 0.902672  0.295529 -0.313392   1.04386
 0.29568  0.11362 0.902598    0.2956 -0.313391   1.04394
0.295753  0.11362 0.902524 0.295671 -0.31339  1.04402
0.295827 0.113621 0.902449  0.295742 -0.313389   1.04409
0.295901 0.113621 0.902376  0.295813 -0.313388   1.04417
0.295975 0.113622 0.902302  0.295884 -0.313387   1.04424
0.296048 0.113622 0.902229  0.295955 -0.313386   1.04432
0.296122 0.113622 0.902157  0.296026 -0.313385    1.0444
0.296196 0.113623 0.902085  0.296097 -0.313384   1.04447
 0.29627 0.113623 0.902013  0.296169 -0.313383   1.04455
0.296343 0.113623 0.901942  0.296241 -0.313382   1.04462
0.296417 0.113623  0.90187  0.296313 -0.313381    1.0447
0.296492 0.113623 0.901798 0.296385 -0.31338  1.04477
0.296566 0.113624 0.901724  0.296457 -0.313379   1.04485
0.296641 0.113624 0.901651  0.296529 -0.313378   1.04492
0.296716 0.113625 0.901578  0.296601 -0.313377     1.045
 0.29679 0.113625 0.901505  0.296673 -0.313376   1.04507
0.296865 0.113626 0.901433  0.296745 -0.313375   1.04515
 0.29694 0.113626 0.901361  0.296817 -0.313374   1.04522
0.297014 0.113626  0.90129   0.29689 -0.313373    1.0453
0.297089 0.113626 0.901219  0.296962 -0.313372   1.04537
0.297164 0.113627 0.901148  0.297035 -0.313371   1.04545
0.297238 0.113627 0.901077  0.297108 -0.313371   1.04552
0.297313 0.113627 0.901006 0.297181 -0.31337  1.04559
0.297389 0.113627 0.900934  0.297254 -0.313369   1.04567
0.297464 0.113628 0.900862  0.297327 -0.313368   1.04574
 0.29754 0.113628 0.900789    0.2974 -0.313367   1.04582
0.297615 0.113629 0.900717  0.297473 -0.313366   1.04589
0.297691 0.113629 0.900646  0.297546 -0.313365   1.04596
0.297766 0.113629 0.900574  0.297619 -0.313364   1.04604
0.297842  0.11363 0.900504  0.297693 -0.313363   1.04611
0.297917  0.11363 0.900434  0.297766 -0.313363   1.04618
0.297993  0.11363 0.900364   0.29784 -0.313362   1.04626
0.298069  0.11363 0.900294  0.297914 -0.313361   1.04633
0.298144  0.11363 0.900224 0.297988 -0.31336   1.0464
 0.29822 0.113631 0.900153  0.298062 -0.313359   1.04647
0.298297 0.113631 0.900082  0.298136 -0.313358   1.04655
0.298373 0.113631 0.900011   0.29821 -0.313357   1.04662
0.298449 0.113632 0.899939  0.298284 -0.313356   1.04669
0.298526 0.113632 0.899868  0.298358 -0.313356   1.04677
0.298602 0.113633 0.899797  0.298432 -0.313355   1.04684
0.298679 0.113633 0.899727  0.298507 -0.313354   1.04691
0.298755 0.113633 0.899658  0.298581 -0.313353   1.04698
0.298832 0.113634 0.899588  0.298656 -0.313352   1.04706
0.298908 0.113634 0.899519  0.298731 -0.313351   1.04713
0.298985 0.113634 0.899451  0.298806 -0.313351    1.0472
0.299062 0.113634 0.899381 0.298881 -0.31335  1.04727
0.299138 0.113634 0.899312  0.298956 -0.313349   1.04734
0.299216 0.113635 0.899241   0.29903 -0.313348   1.04741
0.299293 0.113635  0.89917  0.299105 -0.313347   1.04749
 0.29937 0.113636   0.8991   0.29918 -0.313346   1.04756
0.299448 0.113636  0.89903  0.299255 -0.313345   1.04763
0.299525 0.113636 0.898961  0.299331 -0.313345    1.0477
0.299602 0.113637 0.898892  0.299406 -0.313344   1.04777
 0.29968 0.113637 0.898823  0.299482 -0.313343   1.04784
0.299757 0.113637 0.898755  0.299558 -0.313342   1.04791
0.299834 0.113637 0.898687  0.299634 -0.313342   1.04798
0.299912 0.113637 0.898619   0.29971 -0.313341   1.04806
 0.29999 0.113638  0.89855 0.299785 -0.31334  1.04813
0.300067 0.113638 0.898481  0.299861 -0.313339    1.0482
0.300146 0.113638 0.898411  0.299937 -0.313338   1.04827
0.300224 0.113639 0.898342  0.300013 -0.313337   1.04834
0.300302 0.113639 0.898272  0.300089 -0.313337   1.04841
 0.30038  0.11364 0.898203  0.300165 -0.313336   1.04848
0.300458  0.11364 0.898135  0.300242 -0.313335   1.04855
0.300537  0.11364 0.898067  0.300319 -0.313334   1.04862
0.300615 0.113641    0.898  0.300395 -0.313334   1.04869
0.300693 0.113641 0.897933  0.300472 -0.313333   1.04876
0.300771 0.113641 0.897866  0.300549 -0.313332   1.04883
 0.30085 0.113641 0.897798  0.300625 -0.313332    1.0489
0.300928 0.113641 0.897731  0.300702 -0.313331   1.04897
0.301007 0.113641 0.897662 0.300779 -0.31333  1.04904
0.301086 0.113642 0.897593  0.300856 -0.313329   1.04911
0.301165 0.113642 0.897525  0.300933 -0.313328   1.04918
0.301244 0.113643 0.897457   0.30101 -0.313328   1.04925
0.301324 0.113643 0.897389  0.301087 -0.313327   1.04932
0.301403 0.113643 0.897322  0.301165 -0.313326   1.04938
0.301482 0.113644 0.897255  0.301243 -0.313326   1.04945
0.301561 0.113644 0.897188   0.30132 -0.313325   1.04952
 0.30164 0.113644 0.897122  0.301398 -0.313324   1.04959
0.301719 0.113644 0.897056  0.301475 -0.313323   1.04966
0.301798 0.113644  0.89699  0.301553 -0.313323   1.04973
0.301878 0.113645 0.896922   0.30163 -0.313322    1.0498
0.301958 0.113645 0.896855  0.301708 -0.313321   1.04986
0.302038 0.113645 0.896787 0.301786 -0.31332  1.04993
0.302118 0.113646 0.896719 0.301864 -0.31332     1.05
0.302197 0.113646 0.896652  0.301942 -0.313319   1.05007
0.302277 0.113646 0.896586  0.302021 -0.313318   1.05014
0.302357 0.113647  0.89652  0.302099 -0.313318    1.0502
0.302437 0.113647 0.896454  0.302178 -0.313317   1.05027
0.302517 0.113647 0.896389  0.302256 -0.313316   1.05034
0.302597 0.113647 0.896324  0.302335 -0.313316   1.05041
0.302677 0.113647 0.896258  0.302413 -0.313315   1.05048
0.302757 0.113648 0.896192  0.302492 -0.313314   1.05054
0.302838 0.113648 0.896126   0.30257 -0.313313   1.05061
0.302919 0.113648 0.896059  0.302649 -0.313313   1.05068
0.302999 0.113649 0.895992  0.302728 -0.313312   1.05075
 0.30308 0.113649 0.895926  0.302807 -0.313311   1.05081
0.303161 0.113649  0.89586  0.302886 -0.313311   1.05088
0.303242 0.113649 0.895795 0.302966 -0.31331  1.05095
0.303322  0.11365  0.89573 0.303045 -0.31331  1.05101
0.303403  0.11365 0.895665  0.303125 -0.313309   1.05108
0.303484  0.11365 0.895601  0.303204 -0.313308   1.05115
0.303565  0.11365 0.895536  0.303283 -0.313308   1.05121
0.303646 0.113651 0.895472  0.303362 -0.313307   1.05128
0.303727 0.113651 0.895407  0.303442 -0.313306   1.05135
0.303808 0.113651 0.895341  0.303521 -0.313305   1.05141
 0.30389 0.113651 0.895275  0.303601 -0.313305   1.05148
0.303972 0.113651  0.89521  0.303681 -0.313304   1.05154
0.304053 0.113652 0.895145  0.303761 -0.313304   1.05161
0.304135 0.113652  0.89508  0.303842 -0.313303   1.05168
0.304216 0.113652 0.895016  0.303922 -0.313303   1.05174
0.304298 0.113652 0.894952  0.304002 -0.313302   1.05181
0.304379 0.113652 0.894888  0.304082 -0.313301   1.05187
0.304461 0.113653 0.894825  0.304162 -0.313301   1.05194
0.304543 0.113653 0.894762 0.304242  -0.3133    1.052
0.304625 0.113653 0.894698  0.304323 -0.313299   1.05207
0.304707 0.113653 0.894634  0.304403 -0.313299   1.05214
0.304789 0.113654 0.894569  0.304484 -0.313298    1.0522
0.304871 0.113654 0.894504  0.304564 -0.313297   1.05227
0.304954 0.113654 0.894439  0.304645 -0.313297   1.05233
0.305036 0.113654 0.894375  0.304727 -0.313296   1.05239
0.305119 0.113655 0.894312  0.304808 -0.313296   1.05246
0.305201 0.113655 0.894248  0.304889 -0.313295   1.05252
0.305284 0.113655 0.894186   0.30497 -0.313295   1.05259
0.305366 0.113655 0.894123   0.30505 -0.313294   1.05265
0.305448 0.113655 0.894061  0.305131 -0.313293   1.05272
0.305531 0.113655 0.893999  0.305212 -0.313293   1.05278
0.305614 0.113655 0.893936  0.305294 -0.313292   1.05285
0.305697 0.113656 0.893872  0.305375 -0.313291   1.05291
 0.30578 0.113656 0.893808  0.305457 -0.313291   1.05297
0.305863 0.113656 0.893744  0.305539 -0.313291   1.05304
0.305946 0.113657 0.893681  0.30562 -0.31329   1.0531
0.306029 0.113657 0.893618 0.305702 -0.31329  1.05317
0.306113 0.113657 0.893556  0.305784 -0.313289   1.05323
0.306196 0.113658 0.893494  0.305866 -0.313288   1.05329
0.306279 0.113658 0.893432  0.305948 -0.313288   1.05336
0.306362 0.113658 0.893371  0.306029 -0.313287   1.05342
0.306446 0.113658  0.89331  0.306111 -0.313286   1.05348
0.306529 0.113658 0.893248  0.306193 -0.313286   1.05355
0.306613 0.113658 0.893186  0.306276 -0.313285   1.05361
0.306697 0.113658 0.893123  0.306358 -0.313285   1.05367
0.306781 0.113659  0.89306  0.306441 -0.313284   1.05374
0.306865 0.113659 0.892997  0.306523 -0.313284    1.0538
0.306949 0.113659 0.892935  0.306606 -0.313284   1.05386
0.307033  0.11366 0.892874  0.306688 -0.313283   1.05392
0.307117  0.11366 0.892813  0.306771 -0.313282   1.05399
0.307201  0.11366 0.892752  0.306854 -0.313282   1.05405
0.307285  0.11366 0.892691  0.306936 -0.313281   1.05411
0.307369  0.11366 0.892631  0.307019 -0.313281   1.05417
0.307453  0.11366  0.89257 0.307102 -0.31328  1.05424
0.307537 0.113661 0.892509  0.307185 -0.313279    1.0543
0.307622 0.113661 0.892448  0.307268 -0.313279   1.05436
0.307706 0.113661 0.892386  0.307351 -0.313279   1.05442
0.307791 0.113661 0.892324  0.307435 -0.313278   1.05448
0.307876 0.113662 0.892263  0.307518 -0.313278   1.05454
0.307961 0.113662 0.892202  0.307602 -0.313277   1.05461
0.308045 0.113662 0.892141  0.307685 -0.313277   1.05467
 0.30813 0.113663 0.892081  0.307768 -0.313276   1.05473
0.308215 0.113663 0.892022  0.307852 -0.313276   1.05479
  0.3083 0.113663 0.891962  0.307935 -0.313275   1.05485
0.308385 0.113663 0.891903  0.308019 -0.313274   1.05491
 0.30847 0.113663 0.891844  0.308102 -0.313274   1.05497
0.308555 0.113663 0.891783  0.308186 -0.313273   1.05504
 0.30864 0.113663 0.891723   0.30827 -0.313273    1.0551
0.308726 0.113664 0.891662  0.308355 -0.313273   1.05516
0.308811 0.113664 0.891601  0.308439 -0.313272   1.05522
0.308897 0.113664 0.891541  0.308523 -0.313272   1.05528
0.308982 0.113664 0.891481  0.308607 -0.313271   1.05534
0.309068 0.113665 0.891422  0.308691 -0.313271    1.0554
0.309153 0.113665 0.891363 0.308775 -0.31327  1.05546
0.309239 0.113665 0.891305  0.30886 -0.31327  1.05552
0.309325 0.113665 0.891246  0.308944 -0.313269   1.05558
 0.30941 0.113665 0.891188  0.309028 -0.313269   1.05564
0.309496 0.113665 0.891129  0.309113 -0.313269    1.0557
0.309582 0.113666  0.89107  0.309198 -0.313268   1.05576
0.309668 0.113666  0.89101  0.309283 -0.313268   1.05582
0.309755 0.113666  0.89095  0.309368 -0.313268   1.05588
0.309841 0.113666  0.89089  0.309453 -0.313267   1.05594
0.309927 0.113666 0.890832  0.309538 -0.313267     1.056
0.310014 0.113666 0.890773  0.309623 -0.313266   1.05606
  0.3101 0.113667 0.890715  0.309708 -0.313266   1.05612
0.310186 0.113667 0.890657  0.309792 -0.313265   1.05618
0.310272 0.113667   0.8906  0.309878 -0.313264   1.05624
0.310359 0.113667 0.890543  0.309963 -0.313264   1.05629
0.310445 0.113667 0.890485  0.310048 -0.313264   1.05635
0.310532 0.113667 0.890427  0.310134 -0.313263   1.05641
0.310619 0.113668 0.890369   0.31022 -0.313263   1.05647
0.310706 0.113668  0.89031  0.310305 -0.313263   1.05653
0.310793 0.113668 0.890251  0.310391 -0.313262   1.05659
 0.31088 0.113668 0.890193  0.310477 -0.313262   1.05665
0.310967 0.113668 0.890135  0.310562 -0.313261    1.0567
0.311054 0.113668 0.890078  0.310648 -0.313261   1.05676
0.311141 0.113668 0.890021 0.310733 -0.31326  1.05682
0.311228 0.113669 0.889964 0.310819 -0.31326  1.05688
0.311315 0.113669 0.889908  0.310905 -0.313259   1.05694
0.311402 0.113668 0.889852  0.310991 -0.313259   1.05699
 0.31149 0.113668 0.889795  0.311078 -0.313259   1.05705
0.311577 0.113669 0.889738  0.311164 -0.313258   1.05711
0.311665 0.113669 0.889681  0.311251 -0.313258   1.05717
0.311752 0.113669 0.889623  0.311337 -0.313258   1.05722
 0.31184 0.113669 0.889565  0.311423 -0.313257   1.05728
0.311928  0.11367 0.889508   0.31151 -0.313257   1.05734
0.312016  0.11367 0.889452  0.311596 -0.313256    1.0574
0.312103  0.11367 0.889396  0.311682 -0.313256   1.05745
0.312191  0.11367  0.88934  0.311769 -0.313255   1.05751
0.312279  0.11367 0.889285  0.311856 -0.313255   1.05757
0.312367  0.11367  0.88923  0.311943 -0.313255   1.05762
0.312455  0.11367 0.889174   0.31203 -0.313254   1.05768
0.312543 0.113671 0.889118  0.312117 -0.313254   1.05774
0.312631 0.113671 0.889062  0.312204 -0.313254   1.05779
 0.31272 0.113671 0.889005  0.312291 -0.313253   1.05785
0.312808 0.113671 0.888948  0.312378 -0.313253   1.05791
0.312897 0.113671 0.888892  0.312465 -0.313253   1.05796
0.312985 0.113672 0.888837  0.312552 -0.313252   1.05802
0.313074 0.113672 0.888781  0.312639 -0.313252   1.05808
0.313162 0.113672 0.888726  0.312727 -0.313251   1.05813
0.313251 0.113672 0.888672  0.312814 -0.313251   1.05819
0.313339 0.113672 0.888618  0.312902 -0.313251   1.05824
0.313428 0.113672 0.888564  0.312989 -0.313251    1.0583
0.313516 0.113672 0.888509 0.313077 -0.31325  1.05835
0.313605 0.113672 0.888454 0.313165 -0.31325  1.05841
0.313694 0.113673 0.888399 0.313253 -0.31325  1.05846
0.313784 0.113673 0.888343  0.313341 -0.313249   1.05852
0.313873 0.113673 0.888288  0.313428 -0.313249   1.05858
0.313962 0.113673 0.888233  0.313516 -0.313248   1.05863
0.314051 0.113673 0.888178  0.313604 -0.313248   1.05869
 0.31414 0.113674 0.888124  0.313692 -0.313247   1.05874
0.314229 0.113674 0.888071   0.31378 -0.313247    1.0588
0.314319 0.113674 0.888017  0.313868 -0.313247   1.05885
0.314408 0.113674 0.887964  0.313957 -0.313247   1.05891
0.314497 0.113674 0.887911  0.314045 -0.313247   1.05896
0.314587 0.113674 0.887857  0.314134 -0.313246   1.05901
0.314676 0.113674 0.887803  0.314222 -0.313246   1.05907
0.314766 0.113675 0.887748  0.314311 -0.313246   1.05912
0.314856 0.113675 0.887694  0.314399 -0.313245   1.05918
0.314946 0.113675 0.887639  0.314488 -0.313245   1.05923
0.315036 0.113675 0.887586  0.314576 -0.313244   1.05928
0.315126 0.113675 0.887533  0.314665 -0.313244   1.05934
0.315216 0.113675  0.88748  0.314753 -0.313243   1.05939
0.315305 0.113675 0.887427  0.314842 -0.313243   1.05945
0.315395 0.113675 0.887375  0.314931 -0.313243    1.0595
0.315485 0.113675 0.887323  0.315021 -0.313243   1.05955
0.315575 0.113675 0.887271   0.31511 -0.313243   1.05961
0.315665 0.113676 0.887218  0.315199 -0.313242   1.05966
0.315756 0.113676 0.887165  0.315288 -0.313242   1.05971
0.315846 0.113676 0.887111  0.315377 -0.313242   1.05977
0.315937 0.113676 0.887058  0.315466 -0.313241   1.05982
0.316028 0.113676 0.887005  0.315556 -0.313241   1.05987
0.316118 0.113676 0.886953 0.315645 -0.31324  1.05992
0.316209 0.113676 0.886901 0.315734 -0.31324  1.05998
0.316299 0.113676 0.886849 0.315824 -0.31324  1.06003
 0.31639 0.113676 0.886798 0.315914 -0.31324  1.06008
0.316481 0.113676 0.886747 0.316004 -0.31324  1.06013
0.316571 0.113676 0.886696  0.316093 -0.313239   1.06019
0.316662 0.113676 0.886644  0.316183 -0.313239   1.06024
0.316753 0.113676 0.886593  0.316273 -0.313239   1.06029
0.316844 0.113676  0.88654  0.316363 -0.313239   1.06034
0.316935 0.113676 0.886488  0.316453 -0.313238   1.06039
0.317026 0.113677 0.886436  0.316542 -0.313238   1.06045
0.317118 0.113677 0.886384  0.316632 -0.313238    1.0605
0.317209 0.113677 0.886333  0.316722 -0.313237   1.06055
  0.3173 0.113677 0.886282  0.316813 -0.313237    1.0606
0.317391 0.113678 0.886232  0.316903 -0.313237   1.06065
0.317483 0.113678 0.886182  0.316994 -0.313237    1.0607
0.317574 0.113678 0.886132  0.317084 -0.313237   1.06076
0.317665 0.113678 0.886082  0.317175 -0.313237   1.06081
0.317757 0.113678 0.886031  0.317265 -0.313236   1.06086
0.317849 0.113678  0.88598  0.317356 -0.313236   1.06091
 0.31794 0.113678 0.885929  0.317446 -0.313236   1.06096
0.318032 0.113678 0.885878  0.317536 -0.313235   1.06101
0.318124 0.113678 0.885827  0.317627 -0.313235   1.06106
0.318216 0.113678 0.885776  0.317718 -0.313235   1.06111
0.318308 0.113679 0.885727  0.317808 -0.313234   1.06116
  0.3184 0.113679 0.885677  0.317899 -0.313234   1.06121
0.318491 0.113679 0.885628   0.31799 -0.313234   1.06126
0.318583 0.113679 0.885579  0.318082 -0.313234   1.06131
0.318675 0.113679  0.88553  0.318173 -0.313234   1.06136
0.318768 0.113679 0.885481  0.318264 -0.313234   1.06141
 0.31886 0.113679 0.885431  0.318355 -0.313234   1.06146
0.318952 0.113679 0.885381  0.318446 -0.313234   1.06151
0.319045 0.113679 0.885331  0.318537 -0.313233   1.06156
0.319137 0.113679 0.885281  0.318628 -0.313233   1.06161
 0.31923  0.11368 0.885231   0.31872 -0.313233   1.06166
0.319322  0.11368 0.885182  0.318811 -0.313232   1.06171
0.319415  0.11368 0.885134  0.318903 -0.313232   1.06176
0.319507  0.11368 0.885086  0.318995 -0.313232   1.06181
0.319599  0.11368 0.885038  0.319086 -0.313232   1.06186
0.319692  0.11368  0.88499  0.319178 -0.313232   1.06191
0.319785  0.11368 0.884942   0.31927 -0.313232   1.06195
0.319877  0.11368 0.884894  0.319362 -0.313231     1.062
0.319971  0.11368 0.884845  0.319453 -0.313231   1.06205
0.320064  0.11368 0.884796  0.319545 -0.313231    1.0621
0.320157 0.113681 0.884747  0.319637 -0.313231   1.06215
 0.32025 0.113681 0.884698 0.319729 -0.31323   1.0622
0.320343 0.113681  0.88465 0.319821 -0.31323  1.06225
0.320436 0.113681 0.884602 0.319913 -0.31323  1.06229
0.320529 0.113681 0.884555 0.320005 -0.31323  1.06234
0.320622 0.113681 0.884508 0.320098 -0.31323  1.06239
0.320715 0.113681 0.884461  0.32019 -0.31323  1.06244
0.320809 0.113681 0.884414 0.320283 -0.31323  1.06249
0.320902 0.113681 0.884368  0.320375 -0.313229   1.06253
0.320995 0.113681  0.88432  0.320467 -0.313229   1.06258
0.321089 0.113682 0.884272   0.32056 -0.313229   1.06263
0.321183 0.113682 0.884224  0.320652 -0.313228   1.06268
0.321276 0.113682 0.884177  0.320745 -0.313228   1.06272
 0.32137 0.113682 0.884129  0.320837 -0.313228   1.06277
0.321464 0.113682 0.884082   0.32093 -0.313228   1.06282
0.321558 0.113682 0.884036  0.321023 -0.313228   1.06286
0.321651 0.113682  0.88399  0.321116 -0.313228   1.06291
0.321745 0.113681 0.883944  0.321209 -0.313228   1.06296
0.321839 0.113681 0.883899  0.321302 -0.313228     1.063
0.321933 0.113681 0.883853  0.321395 -0.313227   1.06305
0.322027 0.113681 0.883807  0.321488 -0.313227    1.0631
0.322121 0.113681  0.88376  0.321581 -0.313227   1.06314
0.322215 0.113681 0.883713  0.321674 -0.313226   1.06319
0.322309 0.113682 0.883666  0.321767 -0.313226   1.06324
0.322404 0.113682  0.88362   0.32186 -0.313226   1.06328
0.322498 0.113682 0.883574  0.321953 -0.313226   1.06333
0.322592 0.113682 0.883528  0.322047 -0.313226   1.06337
0.322687 0.113682 0.883483   0.32214 -0.313226   1.06342
0.322781 0.113682 0.883439  0.322234 -0.313226   1.06347
0.322875 0.113682 0.883394  0.322327 -0.313226   1.06351
 0.32297 0.113682  0.88335  0.322421 -0.313226   1.06356
0.323064 0.113682 0.883305  0.322514 -0.313225    1.0636
0.323159 0.113682  0.88326  0.322608 -0.313225   1.06365
0.323254 0.113682 0.883214  0.322702 -0.313225   1.06369
0.323348 0.113682 0.883168  0.322795 -0.313224   1.06374
0.323443 0.113683 0.883123  0.322889 -0.313224   1.06378
0.323538 0.113683 0.883078  0.322983 -0.313224   1.06383
0.323633 0.113683 0.883033  0.323077 -0.313224   1.06387
0.323728 0.113683 0.882989  0.323171 -0.313224   1.06392
0.323823 0.113683 0.882945  0.323265 -0.313224   1.06396
0.323918 0.113683 0.882902  0.323359 -0.313224   1.06401
0.324013 0.113683 0.882858  0.323453 -0.313224   1.06405
0.324108 0.113683 0.882815  0.323548 -0.313224   1.06409
0.324203 0.113683 0.882771  0.323642 -0.313224   1.06414
0.324298 0.113683 0.882726  0.323736 -0.313223   1.06418
0.324394 0.113683 0.882682   0.32383 -0.313223   1.06423
0.324489 0.113684 0.882637  0.323924 -0.313223   1.06427
0.324584 0.113684 0.882593  0.324019 -0.313223   1.06431
 0.32468 0.113684 0.882549  0.324113 -0.313223   1.06436
0.324775 0.113684 0.882506  0.324208 -0.313223    1.0644
0.324871 0.113684 0.882463  0.324303 -0.313223   1.06444
0.324966 0.113684  0.88242  0.324397 -0.313223   1.06449
0.325062 0.113684 0.882378  0.324492 -0.313223   1.06453
0.325157 0.113684 0.882336  0.324587 -0.313223   1.06457
0.325253 0.113684 0.882293  0.324681 -0.313223   1.06462
0.325349 0.113684  0.88225  0.324776 -0.313222   1.06466
0.325444 0.113684 0.882207  0.324871 -0.313222    1.0647
 0.32554 0.113684 0.882163  0.324966 -0.313222   1.06475
0.325636 0.113684  0.88212  0.325061 -0.313222   1.06479
0.325732 0.113684 0.882077  0.325156 -0.313222   1.06483
0.325828 0.113684 0.882035  0.325251 -0.313222   1.06487
0.325924 0.113685 0.881993  0.325346 -0.313222   1.06492
 0.32602 0.113685 0.881952  0.325441 -0.313222   1.06496
0.326116 0.113685  0.88191  0.325537 -0.313222     1.065
0.326212 0.113685 0.881869  0.325632 -0.313222   1.06504
0.326308 0.113685 0.881828  0.325727 -0.313221   1.06508
0.326405 0.113685 0.881786  0.325822 -0.313221   1.06513
0.326501 0.113685 0.881744  0.325918 -0.313221   1.06517
0.326598 0.113685 0.881702  0.326013 -0.313221   1.06521
0.326694 0.113685 0.881659 0.326108 -0.31322  1.06525
0.326791 0.113685 0.881617  0.326204 -0.313221   1.06529
0.326887 0.113685 0.881576    0.3263 -0.313221   1.06533
0.326984 0.113685 0.881535  0.326396 -0.313221   1.06537
 0.32708 0.113685 0.881494  0.326491 -0.313221   1.06542
0.327177 0.113685 0.881454  0.326587 -0.313221   1.06546
0.327273 0.113685 0.881414  0.326683 -0.313221    1.0655
 0.32737 0.113685 0.881374 0.326778 -0.31322  1.06554
0.327467 0.113685 0.881334 0.326874 -0.31322  1.06558
0.327563 0.113684 0.881293  0.32697 -0.31322  1.06562
 0.32766 0.113685 0.881252 0.327066 -0.31322  1.06566
0.327757 0.113685 0.881211 0.327162 -0.31322   1.0657
0.327854 0.113685  0.88117 0.327258 -0.31322  1.06574
0.327951 0.113685 0.881129 0.327354 -0.31322  1.06578
0.328048 0.113685 0.881089 0.327451 -0.31322  1.06582
0.328145 0.113685  0.88105 0.327547 -0.31322  1.06586
0.328242 0.113685  0.88101 0.327643 -0.31322   1.0659
 0.32834 0.113685 0.880971 0.327739 -0.31322  1.06594
0.328437 0.113685 0.880932 0.327836 -0.31322  1.06598
0.328534 0.113685 0.880893 0.327932 -0.31322  1.06602
0.328631 0.113685 0.880854 0.328028 -0.31322  1.06606
0.328728 0.113685 0.880814  0.328125 -0.313219    1.0661
0.328826 0.113685 0.880774  0.328221 -0.313219   1.06614
0.328923 0.113685 0.880734  0.328318 -0.313219   1.06618
0.329021 0.113685 0.880694 0.328414 -0.31322  1.06622
0.329118 0.113685 0.880655 0.328511 -0.31322  1.06625
0.329216 0.113686 0.880616 0.328608 -0.31322  1.06629
0.329313 0.113686 0.880578 0.328705 -0.31322  1.06633
0.329411 0.113686  0.88054 0.328801 -0.31322  1.06637
0.329508 0.113686 0.880502  0.328898 -0.313219   1.06641
0.329606 0.113686 0.880464  0.328995 -0.313219   1.06645
0.329704 0.113686 0.880426  0.329092 -0.313219   1.06649
0.329802 0.113686 0.880388  0.329189 -0.313219   1.06652
  0.3299 0.113686 0.880349  0.329286 -0.313219   1.06656
0.329998 0.113686  0.88031  0.329383 -0.313219    1.0666
0.330096 0.113686 0.880272   0.32948 -0.313219   1.06664
0.330194 0.113686 0.880233  0.329577 -0.313219   1.06668
0.330292 0.113686 0.880196 0.329674 -0.31322  1.06671
 0.33039 0.113686 0.880158 0.329772 -0.31322  1.06675
0.330488 0.113686 0.880121 0.329869 -0.31322  1.06679
0.330586 0.113686 0.880085  0.329966 -0.313219   1.06683
0.330684 0.113686 0.880048  0.330063 -0.313219   1.06686
0.330782 0.113686 0.880011  0.330161 -0.313219    1.0669
 0.33088 0.113686 0.879974  0.330258 -0.313219   1.06694
0.330978 0.113686 0.879936  0.330355 -0.313219   1.06697
0.331077 0.113686 0.879899  0.330453 -0.313219   1.06701
0.331175 0.113686 0.879861  0.330551 -0.313219   1.06705
0.331274 0.113686 0.879824  0.330648 -0.313219   1.06709
0.331372 0.113686 0.879787  0.330746 -0.313219   1.06712
0.331471 0.113686 0.879751  0.330844 -0.313219   1.06716
0.331569 0.113686 0.879714  0.330941 -0.313219   1.06719
0.331668 0.113686 0.879679  0.331039 -0.313219   1.06723
0.331766 0.113686 0.879643  0.331137 -0.313219   1.06727
0.331865 0.113686 0.879608  0.331235 -0.313219    1.0673
0.331963 0.113686 0.879572  0.331332 -0.313218   1.06734
0.332062 0.113686 0.879536   0.33143 -0.313218   1.06737
0.332161 0.113687   0.8795  0.331528 -0.313218   1.06741
 0.33226 0.113687 0.879463  0.331626 -0.313219   1.06745
0.332359 0.113687 0.879427  0.331724 -0.313219   1.06748
0.332458 0.113686 0.879391  0.331823 -0.313219   1.06752
0.332557 0.113686 0.879355  0.331921 -0.313219   1.06755
0.332656 0.113686  0.87932  0.332019 -0.313219   1.06759
0.332755 0.113686 0.879286  0.332117 -0.313219   1.06762
0.332854 0.113686 0.879251  0.332215 -0.313219   1.06766
0.332953 0.113686 0.879217  0.332313 -0.313219   1.06769
0.333052 0.113686 0.879182  0.332412 -0.313219   1.06773
0.333151 0.113685 0.879148   0.33251 -0.313218   1.06776
 0.33325 0.113685 0.879112  0.332608 -0.313218    1.0678
0.333349 0.113685 0.879077  0.332707 -0.313219   1.06783
0.333449 0.113685 0.879042  0.332806 -0.313219   1.06786
0.333548 0.113686 0.879007  0.332904 -0.313219    1.0679
0.333647 0.113686 0.878972  0.333003 -0.313219   1.06793
0.333747 0.113686 0.878938  0.333101 -0.313219   1.06797
0.333846 0.113686 0.878904    0.3332 -0.313219     1.068
0.333945 0.113686 0.878871  0.333299 -0.313219   1.06803
0.334045 0.113686 0.878838  0.333397 -0.313219   1.06807
0.334144 0.113686 0.878805  0.333496 -0.313219    1.0681
0.334244 0.113686 0.878771  0.333595 -0.313219   1.06814
0.334343 0.113686 0.878738  0.333694 -0.313219   1.06817
0.334443 0.113686 0.878703 0.333793 -0.31322   1.0682
0.334543 0.113686 0.878669 0.333892 -0.31322  1.06824
0.334643 0.113686 0.878635 0.333991 -0.31322  1.06827
0.334742 0.113686 0.878602  0.33409 -0.31322   1.0683
0.334842 0.113686 0.878569 0.334189 -0.31322  1.06833
0.334942 0.113686 0.878536 0.334288 -0.31322  1.06837
0.335042 0.113686 0.878504 0.334387 -0.31322   1.0684
0.335141 0.113686 0.878472 0.334486 -0.31322  1.06843
0.335241 0.113687  0.87844 0.334585 -0.31322  1.06846
0.335341 0.113687 0.878407 0.334684 -0.31322   1.0685
0.335441 0.113687 0.878375 0.334783 -0.31322  1.06853
0.335541 0.113686 0.878342 0.334883 -0.31322  1.06856
0.335642 0.113686 0.878309 0.334982 -0.31322  1.06859
0.335742 0.113686 0.878276  0.335081 -0.313221   1.06863
0.335842 0.113686 0.878243  0.335181 -0.313221   1.06866
0.335942 0.113686 0.878211   0.33528 -0.313221   1.06869
0.336042 0.113686  0.87818   0.33538 -0.313221   1.06872
0.336142 0.113686 0.878148  0.335479 -0.313221   1.06875
0.336243 0.113686 0.878117 0.335579 -0.31322  1.06878
0.336343 0.113686 0.878086 0.335678 -0.31322  1.06881
0.336443 0.113686 0.878056 0.335778 -0.31322  1.06885
0.336543 0.113687 0.878025 0.335877 -0.31322  1.06888
0.336644 0.113687 0.877993  0.335977 -0.313221   1.06891
0.336744 0.113687 0.877961  0.336077 -0.313221   1.06894
0.336845 0.113687 0.877929  0.336177 -0.313221   1.06897
0.336945 0.113687 0.877898  0.336277 -0.313221     1.069
0.337046 0.113686 0.877867  0.336376 -0.313222   1.06903
0.337147 0.113686 0.877836  0.336476 -0.313222   1.06906
0.337247 0.113686 0.877806  0.336576 -0.313221   1.06909
0.337348 0.113686 0.877776  0.336676 -0.313221   1.06912
0.337449 0.113686 0.877746  0.336776 -0.313221   1.06915
0.337549 0.113686 0.877716  0.336876 -0.313221   1.06918
 0.33765 0.113686 0.877687  0.336976 -0.313221   1.06921
 0.33775 0.113685 0.877657  0.337076 -0.313222   1.06924
0.337851 0.113685 0.877626  0.337176 -0.313222   1.06927
0.337952 0.113685 0.877595  0.337276 -0.313222    1.0693
0.338053 0.113685 0.877565  0.337376 -0.313222   1.06933
0.338154 0.113685 0.877535  0.337477 -0.313223   1.06936
0.338255 0.113686 0.877505  0.337577 -0.313223   1.06939
0.338356 0.113686 0.877476  0.337677 -0.313223   1.06942
0.338457 0.113686 0.877447  0.337777 -0.313223   1.06945
0.338558 0.113686 0.877418  0.337877 -0.313223   1.06948
0.338659 0.113686  0.87739  0.337978 -0.313223   1.06951
 0.33876 0.113686 0.877361  0.338078 -0.313223   1.06953
0.338861 0.113686 0.877332  0.338179 -0.313224   1.06956
0.338962 0.113686 0.877303  0.338279 -0.313224   1.06959
0.339063 0.113686 0.877274   0.33838 -0.313224   1.06962
0.339165 0.113686 0.877244  0.338481 -0.313224   1.06965
0.339266 0.113686 0.877215  0.338581 -0.313224   1.06968
0.339367 0.113686 0.877186  0.338682 -0.313224    1.0697
0.339469 0.113686 0.877158  0.338782 -0.313224   1.06973
 0.33957 0.113686  0.87713  0.338883 -0.313224   1.06976
0.339671 0.113686 0.877103  0.338983 -0.313224   1.06979
0.339772 0.113686 0.877075  0.339084 -0.313224   1.06982
0.339874 0.113686 0.877048  0.339185 -0.313224   1.06984
0.339975 0.113686 0.877021  0.339286 -0.313225   1.06987
0.340077 0.113686 0.876993  0.339387 -0.313225    1.0699
0.340178 0.113686 0.876965  0.339488 -0.313225   1.06993
 0.34028 0.113686 0.876936  0.339588 -0.313226   1.06995
0.340382 0.113686 0.876908  0.339689 -0.313226   1.06998
0.340483 0.113686  0.87688   0.33979 -0.313226   1.07001
0.340585 0.113686 0.876853  0.339891 -0.313226   1.07003
0.340687 0.113686 0.876826  0.339992 -0.313226   1.07006
0.340788 0.113686   0.8768  0.340093 -0.313226   1.07009
 0.34089 0.113686 0.876773  0.340194 -0.313226   1.07011
0.340991 0.113686 0.876747  0.340295 -0.313226   1.07014
0.341093 0.113686 0.876721  0.340396 -0.313226   1.07017
0.341195 0.113686 0.876695  0.340498 -0.313227   1.07019
0.341297 0.113686 0.876668  0.340599 -0.313227   1.07022
0.341398 0.113686 0.876641    0.3407 -0.313227   1.07024
  0.3415 0.113686 0.876614  0.340801 -0.313227   1.07027
0.341602 0.113686 0.876587  0.340902 -0.313227    1.0703
0.341705 0.113686 0.876561  0.341004 -0.313227   1.07032
0.341807 0.113686 0.876535  0.341105 -0.313227   1.07035
0.341909 0.113686  0.87651  0.341206 -0.313227   1.07037
0.342011 0.113686 0.876484  0.341308 -0.313228    1.0704
0.342113 0.113686 0.876459  0.341409 -0.313228   1.07042
0.342215 0.113686 0.876435  0.341511 -0.313228   1.07045
0.342317 0.113685  0.87641  0.341612 -0.313229   1.07047
0.342419 0.113685 0.876384  0.341714 -0.313229    1.0705
0.342521 0.113685 0.876358  0.341815 -0.313229   1.07052
0.342623 0.113685 0.876333  0.341917 -0.313229   1.07055
0.342725 0.113685 0.876307  0.342018 -0.313229   1.07057
0.342827 0.113685 0.876282   0.34212 -0.313229    1.0706
 0.34293 0.113685 0.876257  0.342221 -0.313229   1.07062
0.343032 0.113686 0.876232  0.342323 -0.313229   1.07064
0.343134 0.113686 0.876208  0.342425 -0.313229   1.07067
0.343237 0.113686 0.876184 0.342526 -0.31323  1.07069
0.343339 0.113686  0.87616 0.342628 -0.31323  1.07072
0.343441 0.113686 0.876137   0.34273 -0.313231   1.07074
0.343544 0.113686 0.876113  0.342832 -0.313231   1.07076
0.343646 0.113686 0.876088  0.342934 -0.313231   1.07079
0.343749 0.113686 0.876064  0.343036 -0.313231   1.07081
0.343851 0.113686 0.876039  0.343138 -0.313231   1.07083
0.343954 0.113686 0.876015  0.343239 -0.313231   1.07086
0.344056 0.113686 0.875991  0.343341 -0.313231   1.07088
0.344159 0.113686 0.875968  0.343443 -0.313231    1.0709
0.344261 0.113686 0.875944  0.343545 -0.313231   1.07093
0.344364 0.113686 0.875922  0.343647 -0.313232   1.07095
0.344467 0.113686 0.875899  0.343749 -0.313232   1.07097
0.344569 0.113687 0.875877  0.343852 -0.313232   1.07099
0.344672 0.113687 0.875854  0.343954 -0.313233   1.07102
0.344775 0.113686 0.875831  0.344056 -0.313233   1.07104
0.344877 0.113686 0.875808  0.344158 -0.313233   1.07106
 0.34498 0.113686 0.875784   0.34426 -0.313233   1.07108
0.345083 0.113686 0.875761  0.344362 -0.313233   1.07111
0.345186 0.113686 0.875738  0.344464 -0.313233   1.07113
0.345289 0.113686 0.875716  0.344567 -0.313233   1.07115
0.345392 0.113686 0.875694  0.344669 -0.313233   1.07117
0.345495 0.113686 0.875672  0.344771 -0.313233   1.07119
0.345597 0.113686  0.87565  0.344873 -0.313234   1.07122
  0.3457 0.113686 0.875629  0.344976 -0.313234   1.07124
0.345803 0.113686 0.875608  0.345078 -0.313235   1.07126
0.345906 0.113687 0.875586  0.345181 -0.313235   1.07128
0.346009 0.113687 0.875564  0.345283 -0.313235    1.0713
0.346112 0.113687 0.875542  0.345386 -0.313235   1.07132
0.346215 0.113687  0.87552  0.345488 -0.313235   1.07134
0.346318 0.113687 0.875498   0.34559 -0.313235   1.07136
0.346421 0.113686 0.875477  0.345693 -0.313235   1.07138
0.346525 0.113686 0.875456  0.345795 -0.313235    1.0714
0.346628 0.113686 0.875435  0.345898 -0.313236   1.07142
0.346731 0.113686 0.875415  0.346001 -0.313236   1.07145
0.346834 0.113686 0.875394  0.346103 -0.313236   1.07147
0.346937 0.113686 0.875374  0.346206 -0.313237   1.07149
 0.34704 0.113686 0.875354  0.346309 -0.313237   1.07151
0.347143 0.113686 0.875334  0.346411 -0.313237   1.07153
0.347247 0.113685 0.875313  0.346514 -0.313237   1.07155
 0.34735 0.113685 0.875292  0.346617 -0.313238   1.07156
0.347453 0.113685 0.875271  0.346719 -0.313238   1.07158
0.347557 0.113685 0.875251  0.346822 -0.313238    1.0716
 0.34766 0.113686 0.875231  0.346925 -0.313238   1.07162
0.347763 0.113686 0.875211  0.347028 -0.313238   1.07164
0.347867 0.113686 0.875192   0.34713 -0.313239   1.07166
 0.34797 0.113686 0.875173  0.347233 -0.313239   1.07168
0.348073 0.113686 0.875154 0.347336 -0.31324   1.0717
0.348177 0.113686 0.875135 0.347439 -0.31324  1.07172
 0.34828 0.113686 0.875116 0.347542 -0.31324  1.07174
0.348384 0.113686 0.875096 0.347645 -0.31324  1.07176
0.348488 0.113686 0.875076 0.347748 -0.31324  1.07177
0.348591 0.113686 0.875056 0.347851 -0.31324  1.07179
0.348695 0.113686 0.875037 0.347954 -0.31324  1.07181
0.348798 0.113686 0.875018 0.348057 -0.31324  1.07183
0.348902 0.113686    0.875  0.34816 -0.31324  1.07185
0.349005 0.113687 0.874982  0.348263 -0.313241   1.07186
0.349109 0.113687 0.874964  0.348367 -0.313241   1.07188
0.349212 0.113687 0.874946   0.34847 -0.313242    1.0719
0.349316 0.113687 0.874928  0.348573 -0.313242   1.07192
 0.34942 0.113687  0.87491  0.348676 -0.313242   1.07194
0.349523 0.113687 0.874892  0.348779 -0.313242   1.07195
0.349627 0.113687 0.874874  0.348882 -0.313242   1.07197
0.349731 0.113687 0.874855  0.348985 -0.313242   1.07199
0.349835 0.113687 0.874837  0.349089 -0.313242     1.072
0.349939 0.113687 0.874819  0.349192 -0.313242   1.07202
0.350042 0.113687 0.874802  0.349295 -0.313243   1.07204
0.350146 0.113687 0.874785  0.349399 -0.313243   1.07205
 0.35025 0.113687 0.874768  0.349502 -0.313243   1.07207
0.350354 0.113687 0.874751  0.349606 -0.313244   1.07209
0.350457 0.113687 0.874735  0.349709 -0.313244    1.0721
0.350561 0.113687 0.874718  0.349812 -0.313244   1.07212
0.350665 0.113687 0.874701  0.349916 -0.313244   1.07214
0.350769 0.113687 0.874684  0.350019 -0.313244   1.07215
0.350873 0.113688 0.874667  0.350122 -0.313244   1.07217
0.350977 0.113688  0.87465  0.350226 -0.313244   1.07218
0.351081 0.113688 0.874633  0.350329 -0.313244    1.0722
0.351185 0.113687 0.874616  0.350432 -0.313245   1.07222
0.351289 0.113687   0.8746  0.350536 -0.313245   1.07223
0.351393 0.113687 0.874584   0.35064 -0.313245   1.07225
0.351497 0.113687 0.874569  0.350744 -0.313246   1.07226
0.351601 0.113687 0.874554  0.350847 -0.313246   1.07228
0.351705 0.113687 0.874538  0.350951 -0.313246   1.07229
0.351809 0.113687 0.874523  0.351054 -0.313246   1.07231
0.351913 0.113687 0.874507  0.351158 -0.313246   1.07232
0.352017 0.113687 0.874491  0.351261 -0.313246   1.07234
0.352121 0.113687 0.874475  0.351365 -0.313247   1.07235
0.352225 0.113687 0.874459  0.351468 -0.313247   1.07236
 0.35233 0.113687 0.874444  0.351572 -0.313247   1.07238
0.352434 0.113687 0.874429  0.351676 -0.313247   1.07239
0.352538 0.113688 0.874415   0.35178 -0.313248   1.07241
0.352642 0.113688   0.8744  0.351884 -0.313248   1.07242
0.352746 0.113688 0.874386  0.351987 -0.313248   1.07244
 0.35285 0.113688 0.874372  0.352091 -0.313248   1.07245
0.352955 0.113688 0.874358  0.352195 -0.313249   1.07246
0.353059 0.113688 0.874343  0.352299 -0.313248   1.07248
0.353163 0.113688 0.874328  0.352402 -0.313248   1.07249
0.353268 0.113688 0.874313  0.352506 -0.313248    1.0725
0.353372 0.113688 0.874299   0.35261 -0.313248   1.07252
0.353476 0.113688 0.874285  0.352713 -0.313249   1.07253
0.353581 0.113688 0.874271  0.352817 -0.313249   1.07254
0.353685 0.113688 0.874257  0.352922 -0.313249   1.07256
0.353789 0.113689 0.874244  0.353026 -0.313249   1.07257
0.353893 0.113689 0.874231  0.35313 -0.31325  1.07258
0.353998 0.113689 0.874218 0.353234 -0.31325  1.07259
0.354102 0.113689 0.874205 0.353337 -0.31325  1.07261
0.354206 0.113689 0.874192 0.353441 -0.31325  1.07262
0.354311 0.113689 0.874179 0.353545 -0.31325  1.07263
0.354416 0.113689 0.874165 0.353649 -0.31325  1.07265
 0.35452 0.113689 0.874151 0.353753 -0.31325  1.07266
0.354625 0.113689 0.874138 0.353857 -0.31325  1.07267
0.354729 0.113689 0.874125 0.353961 -0.31325  1.07268
0.354834 0.113689 0.874113 0.354065 -0.31325  1.07269
0.354938 0.113689 0.874101 0.354169 -0.31325   1.0727
0.355042  0.11369 0.874089  0.354274 -0.313251   1.07272
0.355147  0.11369 0.874077  0.354378 -0.313251   1.07273
0.355251  0.11369 0.874066  0.354482 -0.313251   1.07274
0.355356  0.11369 0.874054  0.354586 -0.313251   1.07275
 0.35546  0.11369 0.874042   0.35469 -0.313251   1.07276
0.355565  0.11369 0.874029  0.354794 -0.313251   1.07277
0.355669  0.11369 0.874017 0.354898 -0.31325  1.07278
0.355774  0.11369 0.874005 0.355002 -0.31325   1.0728
0.355879 0.113691 0.873993  0.355106 -0.313251   1.07281
0.355983 0.113691 0.873982   0.35521 -0.313251   1.07282
0.356088 0.113691 0.873971  0.355315 -0.313251   1.07283
0.356193 0.113691  0.87396  0.355419 -0.313251   1.07284
0.356297 0.113691 0.873949  0.355524 -0.313251   1.07285
0.356402 0.113691 0.873939  0.355628 -0.313251   1.07286
0.356507 0.113691 0.873929  0.355732 -0.313251   1.07287
0.356611 0.113691 0.873918  0.355836 -0.313251   1.07288
0.356716 0.113691 0.873907   0.35594 -0.313251   1.07289
 0.35682 0.113691 0.873896  0.356044 -0.313251    1.0729
0.356925 0.113691 0.873885  0.356148 -0.313251   1.07291
 0.35703 0.113691 0.873874  0.356253 -0.313251   1.07292
0.357135 0.113691 0.873864  0.356357 -0.313251   1.07293
0.357239 0.113691 0.873854  0.356462 -0.313251   1.07294
0.357344 0.113692 0.873844  0.356566 -0.313251   1.07295
0.357449 0.113692 0.873835  0.356671 -0.313251   1.07295
0.357553 0.113692 0.873826  0.356775 -0.313251   1.07296
0.357658 0.113692 0.873816  0.356879 -0.313251   1.07297
0.357763 0.113692 0.873807  0.356984 -0.313251   1.07298
0.357868 0.113692 0.873797 0.357088 -0.31325  1.07299
0.357973 0.113693 0.873787 0.357192 -0.31325    1.073
0.358078 0.113693 0.873777 0.357296 -0.31325  1.07301
0.358182 0.113693 0.873768 0.357401 -0.31325  1.07302
0.358287 0.113693 0.873758 0.357505 -0.31325  1.07303
0.358392 0.113693  0.87375  0.35761 -0.31325  1.07303
0.358497 0.113693 0.873741 0.357715 -0.31325  1.07304
0.358602 0.113694 0.873733 0.357819 -0.31325  1.07305
0.358706 0.113694 0.873725 0.357924 -0.31325  1.07306
0.358811 0.113694 0.873717 0.358028 -0.31325  1.07307
0.358916 0.113695 0.873709  0.358132 -0.313249   1.07307
0.359021 0.113695   0.8737  0.358237 -0.313249   1.07308
0.359126 0.113695 0.873692  0.358341 -0.313248   1.07309
0.359231 0.113695 0.873683  0.358445 -0.313248    1.0731
0.359336 0.113695 0.873675   0.35855 -0.313248    1.0731
0.359441 0.113695 0.873666  0.358655 -0.313248   1.07311
0.359546 0.113695 0.873659  0.358759 -0.313248   1.07312
0.359651 0.113695 0.873651  0.358864 -0.313247   1.07313
0.359755 0.113695 0.873644  0.358969 -0.313247   1.07313
 0.35986 0.113696 0.873637  0.359074 -0.313247   1.07314
0.359965 0.113696 0.873631  0.359178 -0.313247   1.07315
 0.36007 0.113696 0.873624  0.359282 -0.313246   1.07315
0.360175 0.113696 0.873617  0.359387 -0.313246   1.07316
 0.36028 0.113697 0.873609  0.359491 -0.313245   1.07317
0.360385 0.113697 0.873602  0.359595 -0.313245   1.07317
 0.36049 0.113697 0.873594    0.3597 -0.313244   1.07318
0.360595 0.113697 0.873587  0.359805 -0.313244   1.07318
  0.3607 0.113697 0.873581   0.35991 -0.313244   1.07319
0.360805 0.113697 0.873574  0.360015 -0.313243    1.0732
 0.36091 0.113697 0.873568  0.360119 -0.313243    1.0732
0.361015 0.113697 0.873563  0.360224 -0.313243   1.07321
 0.36112 0.113697 0.873557  0.360329 -0.313242   1.07321
0.361225 0.113697 0.873552  0.360433 -0.313242   1.07322
 0.36133 0.113697 0.873546  0.360538 -0.313241   1.07322
0.361435 0.113697  0.87354 0.360642 -0.31324  1.07323
 0.36154 0.113698 0.873534  0.360746 -0.313239   1.07324
0.361645 0.113698 0.873527  0.360851 -0.313239   1.07324
 0.36175 0.113698 0.873522  0.360956 -0.313238   1.07325
0.361855 0.113698 0.873516  0.361061 -0.313238   1.07325
 0.36196 0.113699 0.873511  0.361166 -0.313237   1.07325
0.362065 0.113699 0.873506  0.361271 -0.313237   1.07326
 0.36217 0.113699 0.873501  0.361376 -0.313236   1.07326
0.362275   0.1137 0.873497   0.36148 -0.313236   1.07327
 0.36238   0.1137 0.873493  0.361585 -0.313235   1.07327
0.362485   0.1137 0.873488  0.361689 -0.313234   1.07328
0.362591   0.1137 0.873483  0.361794 -0.313233   1.07328
0.362696   0.1137 0.873478  0.361898 -0.313232   1.07329
0.362801   0.1137 0.873473  0.362003 -0.313232   1.07329
0.362906   0.1137 0.873468  0.362107 -0.313231   1.07329
0.363011 0.113701 0.873464 0.362212 -0.31323   1.0733
0.363116 0.113701  0.87346 0.362318 -0.31323   1.0733
0.363221 0.113701 0.873456  0.362423 -0.313229    1.0733
0.363326 0.113702 0.873453  0.362527 -0.313228   1.07331
0.363431 0.113702  0.87345  0.362632 -0.313228   1.07331
0.363536 0.113703 0.873446  0.362737 -0.313227   1.07331
0.363641 0.113703 0.873443  0.362841 -0.313226   1.07332
0.363746 0.113703  0.87344  0.362946 -0.313225   1.07332
0.363851 0.113703 0.873436   0.36305 -0.313224   1.07332
0.363957 0.113703 0.873432  0.363155 -0.313223   1.07333
0.364062 0.113703 0.873429   0.36326 -0.313222   1.07333
0.364167 0.113704 0.873425  0.363365 -0.313221   1.07333
0.364272 0.113704 0.873422  0.36347 -0.31322  1.07333
0.364377 0.113704  0.87342  0.363575 -0.313219   1.07334
0.364482 0.113704 0.873418   0.36368 -0.313219   1.07334
0.364587 0.113705 0.873415  0.363785 -0.313218   1.07334
0.364692 0.113705 0.873413  0.363889 -0.313217   1.07334
0.364797 0.113705 0.873412  0.363994 -0.313216   1.07335
0.364902 0.113706 0.873409  0.364098 -0.313214   1.07335
0.365008 0.113706 0.873407  0.364203 -0.313213   1.07335
0.365113 0.113706 0.873405  0.364307 -0.313212   1.07335
0.365218 0.113707 0.873402  0.364412 -0.313211   1.07335
0.365323 0.113707   0.8734 0.364517 -0.31321  1.07335
0.365428 0.113707 0.873398  0.364622 -0.313209   1.07336
0.365533 0.113707 0.873396  0.364727 -0.313208   1.07336
0.365639 0.113707 0.873395  0.364832 -0.313207   1.07336
0.365744 0.113707 0.873394  0.364937 -0.313206   1.07336
0.365849 0.113707 0.873393  0.365042 -0.313205   1.07336
0.365954 0.113707 0.873393  0.365147 -0.313204   1.07336
0.366059 0.113708 0.873392  0.365251 -0.313203   1.07336
0.366164 0.113708 0.873391  0.365356 -0.313201   1.07336
0.366269 0.113708  0.87339 0.36546 -0.3132 1.07336
0.366374 0.113708 0.873388  0.365565 -0.313199   1.07336
0.366479 0.113708 0.873388   0.36567 -0.313198   1.07336
0.366584 0.113709 0.873387  0.365775 -0.313197   1.07336
0.366689 0.113709 0.873386   0.36588 -0.313196   1.07336
0.366794  0.11371 0.873386  0.365985 -0.313195   1.07336
  0.3669  0.11371 0.873387   0.36609 -0.313193   1.07336
0.367005 0.113711 0.873387  0.366195 -0.313192   1.07336
 0.36711 0.113711 0.873387  0.366299 -0.313191   1.07336
0.367215 0.113711 0.873388  0.366404 -0.313189   1.07336
 0.36732 0.113711 0.873388  0.366508 -0.313188   1.07336
0.367425 0.113712 0.873388  0.366613 -0.313186   1.07336
 0.36753 0.113712 0.873388  0.366718 -0.313185   1.07336
0.367635 0.113712 0.873388  0.366822 -0.313184   1.07336
0.367741 0.113712 0.873388  0.366928 -0.313182   1.07336
0.367846 0.113713 0.873389  0.367033 -0.313181   1.07336
0.367951 0.113713  0.87339 0.367138 -0.31318  1.07336
0.368056 0.113714 0.873391  0.367243 -0.313179   1.07335
0.368161 0.113714 0.873393  0.367347 -0.313177   1.07335
0.368266 0.113715 0.873394  0.367452 -0.313176   1.07335
0.368371 0.113715 0.873396  0.367557 -0.313174   1.07335
0.368476 0.113716 0.873398  0.367661 -0.313173   1.07335
0.368581 0.113716 0.873399  0.367766 -0.313171   1.07335
0.368686 0.113716   0.8734  0.36787 -0.31317  1.07335
0.368791 0.113716 0.873402  0.367975 -0.313168   1.07334
0.368896 0.113716 0.873403   0.36808 -0.313167   1.07334
0.369001 0.113717 0.873405  0.368185 -0.313165   1.07334
0.369106 0.113717 0.873407   0.36829 -0.313164   1.07334
0.369211 0.113718  0.87341  0.368395 -0.313162   1.07333
0.369317 0.113718 0.873412    0.3685 -0.313161   1.07333
0.369422 0.113718 0.873415  0.368604 -0.313159   1.07333
0.369527 0.113719 0.873418  0.368709 -0.313158   1.07333
0.369631 0.113719 0.873421  0.368813 -0.313156   1.07332
0.369736  0.11372 0.873423  0.368918 -0.313154   1.07332
0.369841  0.11372 0.873426  0.369022 -0.313153   1.07332
0.369947 0.113721 0.873428  0.369127 -0.313151   1.07331
0.370052 0.113721 0.873431  0.369232 -0.313149   1.07331
0.370157 0.113721 0.873434  0.369337 -0.313148   1.07331
0.370262 0.113721 0.873437  0.369442 -0.313146    1.0733
0.370367 0.113721  0.87344  0.369547 -0.313145    1.0733
0.370472 0.113722 0.873444  0.369652 -0.313143    1.0733
0.370577 0.113722 0.873448  0.369756 -0.313142   1.07329
0.370682 0.113722 0.873452 0.369861 -0.31314  1.07329
0.370787 0.113723 0.873457  0.369965 -0.313138   1.07328
0.370892 0.113723 0.873461  0.370069 -0.313136   1.07328
0.370996 0.113723 0.873464  0.370174 -0.313134   1.07328
0.371101 0.113723 0.873468  0.370278 -0.313133   1.07327
0.371206 0.113724 0.873472  0.370383 -0.313131   1.07327
0.371311 0.113724 0.873476  0.370488 -0.313129   1.07326
0.371416 0.113725 0.873481  0.370593 -0.313128   1.07326
0.371521 0.113725 0.873485  0.370698 -0.313126   1.07325
0.371626 0.113726  0.87349  0.370803 -0.313125   1.07325
0.371731 0.113726 0.873495  0.370907 -0.313123   1.07324
0.371836 0.113727 0.873501  0.371012 -0.313121   1.07324
0.371941 0.113727 0.873506  0.371116 -0.313119   1.07323
0.372046 0.113728 0.873511  0.371221 -0.313117   1.07323
0.372151 0.113728 0.873516  0.371325 -0.313115   1.07322
0.372256 0.113728  0.87352  0.371429 -0.313113   1.07322
0.372361 0.113729 0.873525  0.371534 -0.313112   1.07321
0.372465 0.113729  0.87353 0.371639 -0.31311  1.07321
 0.37257  0.11373 0.873536  0.371744 -0.313108    1.0732
0.372675  0.11373 0.873542  0.371849 -0.313107   1.07319
 0.37278 0.113731 0.873548  0.371953 -0.313105   1.07319
0.372885 0.113731 0.873554  0.372058 -0.313103   1.07318
0.372989 0.113732 0.873561  0.372162 -0.313101   1.07318
0.373094 0.113732 0.873568  0.372267 -0.313099   1.07317
0.373199 0.113733 0.873574  0.372371 -0.313097   1.07316
0.373304 0.113733  0.87358  0.372475 -0.313095   1.07316
0.373409 0.113733 0.873587  0.372579 -0.313093   1.07315
0.373513 0.113734 0.873593  0.372684 -0.313091   1.07314
0.373618 0.113734 0.873599 0.372789 -0.31309  1.07314
0.373723 0.113735 0.873606  0.372893 -0.313088   1.07313
0.373828 0.113735 0.873613  0.372998 -0.313086   1.07312
0.373933 0.113736  0.87362  0.373103 -0.313084   1.07311
0.374037 0.113736 0.873628  0.373208 -0.313082   1.07311
0.374142 0.113737 0.873636 0.373312 -0.31308   1.0731
0.374247 0.113737 0.873643  0.373416 -0.313079   1.07309
0.374351 0.113738 0.873651   0.37352 -0.313076   1.07308
0.374456 0.113738 0.873658  0.373624 -0.313074   1.07308
0.374561 0.113739 0.873665  0.373728 -0.313072   1.07307
0.374666 0.113739 0.873672 0.373833 -0.31307  1.07306
0.37477 0.11374 0.87368  0.373937 -0.313068   1.07305
0.374875  0.11374 0.873688  0.374042 -0.313066   1.07304
 0.37498  0.11374 0.873696  0.374147 -0.313065   1.07304
0.375085 0.113741 0.873704  0.374251 -0.313063   1.07303
0.375189 0.113741 0.873713  0.374356 -0.313061   1.07302
0.375294 0.113741 0.873722   0.37446 -0.313059   1.07301
0.375398 0.113742 0.873731  0.374564 -0.313057     1.073
0.375503 0.113742  0.87374  0.374668 -0.313055   1.07299
0.375607 0.113742 0.873748  0.374772 -0.313053   1.07298
0.375712 0.113743 0.873757 0.374876 -0.31305  1.07298
0.375816 0.113743 0.873766  0.374981 -0.313048   1.07297
0.375921 0.113743 0.873775  0.375085 -0.313046   1.07296
0.376025 0.113744 0.873784   0.37519 -0.313044   1.07295
 0.37613 0.113745 0.873794  0.375294 -0.313043   1.07294
0.376234 0.113745 0.873803  0.375399 -0.313041   1.07293
0.376339 0.113746 0.873813  0.375503 -0.313039   1.07292
0.376444 0.113747 0.873823  0.375607 -0.313037   1.07291
0.376548 0.113747 0.873833  0.375711 -0.313035    1.0729
0.376653 0.113748 0.873842  0.375815 -0.313032   1.07289
0.376757 0.113748 0.873852 0.375919 -0.31303  1.07288
0.376862 0.113749 0.873862  0.376023 -0.313028   1.07287
0.376966 0.113749 0.873871  0.376127 -0.313026   1.07286
0.377071  0.11375 0.873881  0.376231 -0.313024   1.07285
0.377175  0.11375 0.873892  0.376336 -0.313022   1.07284
0.377279 0.113751 0.873902  0.37644 -0.31302  1.07283
0.377384 0.113751 0.873913  0.376545 -0.313018   1.07282
0.377488 0.113752 0.873924  0.376649 -0.313016    1.0728
0.377592 0.113753 0.873935  0.376753 -0.313014   1.07279
0.377697 0.113753 0.873947  0.376857 -0.313011   1.07278
0.377801 0.113754 0.873958  0.376961 -0.313009   1.07277
0.377905 0.113755 0.873969  0.377065 -0.313007   1.07276
 0.37801 0.113755  0.87398  0.377168 -0.313005   1.07275
0.378114 0.113755 0.873991  0.377272 -0.313002   1.07274
0.378218 0.113756 0.874002 0.377376   -0.313  1.07273
0.378323 0.113756 0.874014   0.37748 -0.312998   1.07272
0.378427 0.113757 0.874025  0.377585 -0.312996    1.0727
0.378531 0.113757 0.874037  0.377689 -0.312994   1.07269
0.378636 0.113758 0.874049  0.377793 -0.312992   1.07268
 0.37874 0.113758 0.874062 0.377897 -0.31299  1.07267
0.378844 0.113759 0.874074  0.378001 -0.312988   1.07265
0.378948 0.113759 0.874086  0.378105 -0.312985   1.07264
0.379052  0.11376 0.874098  0.378208 -0.312983   1.07263
0.379156  0.11376  0.87411  0.378312 -0.312981   1.07262
0.379261 0.113761 0.874122  0.378415 -0.312978    1.0726
0.379365 0.113762 0.874135  0.378519 -0.312976   1.07259
0.379469 0.113762 0.874147  0.378623 -0.312974   1.07258
0.379573 0.113763  0.87416  0.378727 -0.312972   1.07257
0.379677 0.113763 0.874173 0.378832 -0.31297  1.07255
0.379781 0.113764 0.874187  0.378936 -0.312967   1.07254
0.379885 0.113765   0.8742  0.379039 -0.312965   1.07253
0.379989 0.113765 0.874214  0.379143 -0.312963   1.07251
0.380093 0.113766 0.874227  0.379247 -0.312961    1.0725
0.380197 0.113766 0.874241   0.37935 -0.312958   1.07249
0.380301 0.113767 0.874254  0.379454 -0.312956   1.07247
0.380405 0.113767 0.874268  0.379557 -0.312953   1.07246
0.380509 0.113768 0.874281   0.37966 -0.312951   1.07244
0.380613 0.113768 0.874295  0.379764 -0.312949   1.07243
0.380717 0.113769 0.874309  0.379868 -0.312946   1.07242
0.380821  0.11377 0.874324  0.379972 -0.312944    1.0724
0.380925 0.113771 0.874338  0.380076 -0.312942   1.07239
0.381029 0.113771 0.874353  0.38018 -0.31294  1.07237
0.381133 0.113772 0.874367  0.380284 -0.312938   1.07236
0.381236 0.113773 0.874382  0.380387 -0.312935   1.07234
 0.38134 0.113773 0.874397   0.38049 -0.312933   1.07233
0.381444 0.113774 0.874411 0.380593 -0.31293  1.07231
0.381548 0.113774 0.874425  0.380697 -0.312928    1.0723
0.381652 0.113775  0.87444    0.3808 -0.312925   1.07228
0.381756 0.113775 0.874455  0.380903 -0.312923   1.07227
0.381859 0.113776  0.87447  0.381007 -0.312921   1.07225
0.381963 0.113777 0.874485  0.381111 -0.312918   1.07224
0.382067 0.113778 0.874501  0.381215 -0.312916   1.07222
 0.38217 0.113778 0.874517  0.381318 -0.312914   1.07221
0.382274 0.113779 0.874533  0.381422 -0.312911   1.07219
0.382378  0.11378 0.874549  0.381525 -0.312909   1.07217
0.382481  0.11378 0.874565  0.381628 -0.312907   1.07216
0.382585 0.113781 0.874581  0.381731 -0.312904   1.07214
0.382689 0.113781 0.874596  0.381834 -0.312901   1.07213
0.382792 0.113782 0.874612  0.381937 -0.312899   1.07211
0.382896 0.113782 0.874628   0.38204 -0.312896   1.07209
0.382999 0.113783 0.874645  0.382144 -0.312894   1.07208
0.383103 0.113784 0.874661  0.382248 -0.312892   1.07206
0.383206 0.113785 0.874678  0.382351 -0.312889   1.07204
 0.38331 0.113785 0.874695  0.382455 -0.312887   1.07203
0.383413 0.113786 0.874712  0.382558 -0.312885   1.07201
0.383517 0.113787  0.87473  0.382661 -0.312882   1.07199
 0.38362 0.113788 0.874747 0.382764 -0.31288  1.07198
0.383724 0.113789 0.874764  0.382867 -0.312877   1.07196
0.383827 0.113789 0.874781  0.382969 -0.312874   1.07194
 0.38393  0.11379 0.874798  0.383072 -0.312872   1.07192
0.384034  0.11379 0.874815  0.383175 -0.312869   1.07191
0.384137 0.113791 0.874832  0.383278 -0.312867   1.07189
0.384241 0.113791  0.87485  0.383382 -0.312864   1.07187
0.384344 0.113792 0.874868  0.383485 -0.312862   1.07185
0.384447 0.113792 0.874886  0.383588 -0.312859   1.07183
 0.38455 0.113793 0.874904  0.383692 -0.312857   1.07182
0.384654 0.113794 0.874922  0.383794 -0.312854    1.0718
0.384757 0.113794 0.874941  0.383897 -0.312852   1.07178
 0.38486 0.113795 0.874959     0.384 -0.312849   1.07176
0.384963 0.113796 0.874978  0.384102 -0.312846   1.07174
0.385066 0.113796 0.874996  0.384205 -0.312844   1.07173
0.385169 0.113797 0.875014  0.384308 -0.312841   1.07171
0.385272 0.113798 0.875033  0.384411 -0.312838   1.07169
0.385375 0.113798 0.875051  0.384514 -0.312836   1.07167
0.385479 0.113799  0.87507  0.384617 -0.312833   1.07165
0.385582   0.1138  0.87509   0.38472 -0.312831   1.07163
0.385685   0.1138 0.875109  0.384823 -0.312828   1.07161
0.385788 0.113801 0.875129  0.384925 -0.312826   1.07159
0.385891 0.113802 0.875148  0.385028 -0.312823   1.07157
0.385994 0.113802 0.875168  0.38513 -0.31282  1.07155
0.386097 0.113803 0.875187  0.385233 -0.312817   1.07153
  0.3862 0.113803 0.875206  0.385335 -0.312815   1.07151
0.386303 0.113804 0.875226  0.385437 -0.312812   1.07149
0.386405 0.113804 0.875246   0.38554 -0.312809   1.07147
0.386508 0.113805 0.875265  0.385643 -0.312807   1.07145
0.386611 0.113806 0.875286  0.385746 -0.312804   1.07143
0.386714 0.113807 0.875306  0.385849 -0.312801   1.07141
0.386817 0.113808 0.875327  0.385951 -0.312799   1.07139
0.386919 0.113808 0.875347  0.386054 -0.312796   1.07137
0.387022 0.113809 0.875368  0.386156 -0.312793   1.07135
0.387125  0.11381 0.875389  0.386258 -0.312791   1.07133
0.387228  0.11381  0.87541   0.38636 -0.312788   1.07131
 0.38733 0.113811  0.87543  0.386462 -0.312785   1.07129
0.387433 0.113811 0.875451  0.386564 -0.312782   1.07127
0.387536 0.113812 0.875472  0.386667 -0.312779   1.07125
0.387638 0.113812 0.875493  0.386769 -0.312777   1.07122
0.387741 0.113813 0.875514  0.386872 -0.312774    1.0712
0.387843 0.113814 0.875536  0.386975 -0.312771   1.07118
0.387946 0.113815 0.875557  0.387077 -0.312769   1.07116
0.388048 0.113815 0.875579  0.387179 -0.312766   1.07114
0.388151 0.113816 0.875601  0.387281 -0.312763   1.07112
0.388253 0.113817 0.875623 0.387383 -0.31276  1.07109
0.388355 0.113818 0.875645  0.387485 -0.312757   1.07107
0.388458 0.113818 0.875667  0.387587 -0.312755   1.07105
 0.38856 0.113818 0.875689  0.387689 -0.312752   1.07103
0.388663 0.113819 0.875711  0.387791 -0.312749   1.07101
0.388765 0.113819 0.875733  0.387893 -0.312746   1.07098
0.388867  0.11382 0.875755  0.387995 -0.312743   1.07096
 0.38897 0.113821 0.875778  0.388098 -0.312741   1.07094
0.389072 0.113821 0.875801    0.3882 -0.312738   1.07091
0.389174 0.113822 0.875824  0.388302 -0.312735   1.07089
0.389276 0.113822 0.875847  0.388404 -0.312732   1.07087
0.389378 0.113823  0.87587  0.388505 -0.312729   1.07085
0.389481 0.113824 0.875893  0.388607 -0.312726   1.07082
0.389583 0.113824 0.875916  0.388708 -0.312723    1.0708
0.389685 0.113825 0.875939  0.38881 -0.31272  1.07078
0.389787 0.113826 0.875962  0.388912 -0.312717   1.07075
0.389889 0.113826 0.875986  0.389014 -0.312714   1.07073
0.389991 0.113827  0.87601  0.389116 -0.312712   1.07071
0.390093 0.113828 0.876033  0.389218 -0.312709   1.07068
0.390195 0.113828 0.876057   0.38932 -0.312706   1.07066
0.390297 0.113829 0.876082  0.389422 -0.312703   1.07063
0.390399 0.113829 0.876106 0.389523  -0.3127  1.07061
0.390501  0.11383  0.87613  0.389624 -0.312697   1.07059
0.390603  0.11383 0.876154  0.389726 -0.312694   1.07056
0.390704 0.113831 0.876178  0.389827 -0.312691   1.07054
0.390806 0.113831 0.876202  0.389928 -0.312688   1.07051
0.390908 0.113832 0.876227  0.390029 -0.312685   1.07049
 0.39101 0.113833 0.876251  0.390131 -0.312682   1.07046
0.391111 0.113833 0.876276  0.390233 -0.312679   1.07044
0.391213 0.113834 0.876301  0.390335 -0.312676   1.07041
0.391315 0.113835 0.876327  0.390436 -0.312674   1.07039
0.391416 0.113836 0.876352  0.390538 -0.312671   1.07036
0.391518 0.113836 0.876378  0.390639 -0.312668   1.07034
 0.39162 0.113837 0.876403   0.39074 -0.312665   1.07031
0.391721 0.113837 0.876428  0.390841 -0.312662   1.07029
0.391823 0.113838 0.876453  0.390942 -0.312658   1.07026
0.391924 0.113838 0.876479  0.391043 -0.312655   1.07024
0.392026 0.113839 0.876504  0.391144 -0.312652   1.07021
0.392127 0.113839  0.87653  0.391245 -0.312649   1.07018
0.392229  0.11384 0.876556  0.391347 -0.312646   1.07016
 0.39233  0.11384 0.876582  0.391448 -0.312643   1.07013
0.392431 0.113841 0.876609 0.391549 -0.31264  1.07011
0.392533 0.113842 0.876635  0.391651 -0.312637   1.07008
0.392634 0.113843 0.876662  0.391752 -0.312634   1.07005
0.392735 0.113843 0.876688  0.391852 -0.312631   1.07003
0.392836 0.113844 0.876715  0.391953 -0.312628      1.07
0.392938 0.113844 0.876741  0.392054 -0.312625   1.06997
0.393039 0.113845 0.876768  0.392154 -0.312622   1.06995
 0.39314 0.113845 0.876794  0.392255 -0.312618   1.06992
0.393241 0.113846 0.876821  0.392356 -0.312615   1.06989
0.393342 0.113846 0.876848  0.392457 -0.312612   1.06987
0.393443 0.113847 0.876876  0.392558 -0.312609   1.06984
0.393544 0.113847 0.876903  0.392659 -0.312606   1.06981
0.393645 0.113848 0.876931   0.39276 -0.312603   1.06978
0.393746 0.113848 0.876959 0.392861  -0.3126  1.06975
0.393847 0.113849 0.876986  0.392961 -0.312597   1.06973
0.393948  0.11385 0.877014  0.393061 -0.312594    1.0697
0.394049  0.11385 0.877041 0.393162 -0.31259  1.06967
 0.39415 0.113851 0.877069  0.393262 -0.312587   1.06964
 0.39425 0.113851 0.877097  0.393362 -0.312584   1.06962
0.394351 0.113852 0.877125 0.393463 -0.31258  1.06959
0.394452 0.113852 0.877153  0.393563 -0.312577   1.06956
0.394553 0.113853 0.877182  0.393664 -0.312574   1.06953
0.394654 0.113854  0.87721  0.393765 -0.312571    1.0695
0.394754 0.113854 0.877239  0.393866 -0.312568   1.06947
0.394855 0.113855 0.877268  0.393966 -0.312564   1.06944
0.394955 0.113855 0.877297  0.394066 -0.312561   1.06942
0.395056 0.113856 0.877325  0.394166 -0.312558   1.06939
0.395157 0.113856 0.877354  0.394266 -0.312554   1.06936
0.395257 0.113857 0.877383  0.394366 -0.312551   1.06933
0.395358 0.113857 0.877412  0.394466 -0.312547    1.0693
0.395458 0.113857 0.877441  0.394566 -0.312544   1.06927
0.395558 0.113858 0.877471  0.394666 -0.312541   1.06924
0.395659 0.113859   0.8775  0.394767 -0.312537   1.06921
0.395759  0.11386  0.87753  0.394867 -0.312534   1.06918
0.395859  0.11386  0.87756 0.394967 -0.31253  1.06915
 0.39596 0.113861  0.87759  0.395067 -0.312527   1.06912
 0.39606 0.113861  0.87762  0.395167 -0.312524   1.06909
 0.39616 0.113862  0.87765 0.395267 -0.31252  1.06906
 0.39626 0.113862  0.87768  0.395366 -0.312517   1.06903
 0.39636 0.113863  0.87771  0.395466 -0.312513     1.069
0.396461 0.113863  0.87774 0.395565 -0.31251  1.06897
0.396561 0.113864  0.87777  0.395665 -0.312506   1.06894
0.396661 0.113864 0.877801  0.395765 -0.312503   1.06891
0.396761 0.113865 0.877832  0.395865 -0.312499   1.06888
0.396861 0.113865 0.877863  0.395965 -0.312496   1.06885
 0.39696 0.113866 0.877894  0.396065 -0.312492   1.06882
 0.39706 0.113867 0.877925  0.396165 -0.312489   1.06879
 0.39716 0.113868 0.877956  0.396264 -0.312485   1.06875
 0.39726 0.113868 0.877987  0.396364 -0.312482   1.06872
 0.39736 0.113868 0.878018  0.396463 -0.312478   1.06869
 0.39746 0.113869 0.878049  0.396562 -0.312475   1.06866
 0.39756 0.113869  0.87808  0.396661 -0.312471   1.06863
0.397659 0.113869 0.878112   0.39676 -0.312467    1.0686
0.397759  0.11387 0.878144   0.39686 -0.312464   1.06857
0.397859  0.11387 0.878176 0.396959 -0.31246  1.06853
0.397958 0.113871 0.878208  0.397059 -0.312457    1.0685
0.398058 0.113871  0.87824  0.397159 -0.312453   1.06847
0.398157 0.113872 0.878272 0.397258 -0.31245  1.06844
0.398257 0.113873 0.878305  0.397357 -0.312446    1.0684
0.398356 0.113873 0.878337  0.397456 -0.312443   1.06837
0.398455 0.113873 0.878369  0.397555 -0.312439   1.06834
0.398555 0.113874 0.878401  0.397654 -0.312436   1.06831
0.398654 0.113874 0.878433  0.397752 -0.312432   1.06828
0.398754 0.113875 0.878466  0.397851 -0.312428   1.06824
0.398853 0.113875 0.878499   0.39795 -0.312425   1.06821
0.398952 0.113876 0.878532  0.398049 -0.312422   1.06818
0.399051 0.113876 0.878565  0.398149 -0.312418   1.06814
0.399151 0.113877 0.878599  0.398248 -0.312415   1.06811
 0.39925 0.113877 0.878632  0.398347 -0.312412   1.06807
0.399349 0.113878 0.878666  0.398446 -0.312409   1.06804
0.399448 0.113878 0.878699  0.398545 -0.312405   1.06801
0.399547 0.113878 0.878732  0.398643 -0.312402   1.06797
0.399646 0.113879 0.878765  0.398741 -0.312398   1.06794
0.399745 0.113879 0.878799   0.39884 -0.312395   1.06791
0.399844  0.11388 0.878833  0.398938 -0.312392   1.06787
0.399942  0.11388 0.878867  0.399037 -0.312388   1.06784
0.400041 0.113881 0.878901  0.399136 -0.312385    1.0678
 0.40014 0.113881 0.878936  0.399235 -0.312382   1.06777
0.400239 0.113882  0.87897  0.399334 -0.312379   1.06773
0.400337 0.113882 0.879005  0.399432 -0.312376    1.0677
0.400436 0.113883 0.879039  0.399531 -0.312373   1.06766
0.400535 0.113883 0.879074  0.399629 -0.312371   1.06763
0.400633 0.113883 0.879108  0.399727 -0.312368   1.06759
0.400732 0.113883 0.879143  0.399825 -0.312365   1.06756
0.400831 0.113884 0.879177  0.399923 -0.312362   1.06752
0.400929 0.113884 0.879212  0.400021 -0.312359   1.06749
0.401028 0.113884 0.879247   0.40012 -0.312356   1.06745
0.401126 0.113885 0.879283  0.400218 -0.312353   1.06742
0.401224 0.113885 0.879319 0.400317 -0.31235  1.06738
0.401322 0.113886 0.879354  0.400415 -0.312348   1.06734
0.401421 0.113886  0.87939  0.400514 -0.312345   1.06731
0.401519 0.113887 0.879426  0.400612 -0.312342   1.06727
0.401617 0.113887 0.879461  0.40071 -0.31234  1.06723
0.401715 0.113887 0.879497  0.400807 -0.312337    1.0672
0.401814 0.113887 0.879532  0.400905 -0.312335   1.06716
0.401912 0.113887 0.879568  0.401002 -0.312332   1.06713
 0.40201 0.113887 0.879604   0.4011 -0.31233  1.06709
0.402108 0.113887 0.879641  0.401198 -0.312328   1.06705
0.402206 0.113888 0.879677  0.401296 -0.312325   1.06702
0.402304 0.113888 0.879714  0.401394 -0.312323   1.06698
0.402402 0.113888 0.879751  0.401493 -0.312321   1.06694
0.402499 0.113889 0.879788   0.40159 -0.312318    1.0669
0.402597 0.113889 0.879825  0.401688 -0.312316   1.06687
0.402695 0.113889 0.879861  0.401786 -0.312314   1.06683
0.402793 0.113889 0.879898  0.401883 -0.312312   1.06679
 0.40289 0.113889 0.879935   0.40198 -0.312309   1.06675
0.402988 0.113889 0.879972  0.402077 -0.312307   1.06672
0.403086 0.113889 0.880009  0.402175 -0.312305   1.06668
0.403183 0.113889 0.880047  0.402272 -0.312303   1.06664
0.403281 0.113889 0.880084   0.40237 -0.312301    1.0666
0.403378 0.113889 0.880122  0.402467 -0.312299   1.06656
0.403476 0.113889  0.88016  0.402565 -0.312298   1.06652
0.403573 0.113889 0.880199  0.402663 -0.312296   1.06649
0.403671 0.113889 0.880236   0.40276 -0.312294   1.06645
0.403768 0.113889 0.880274  0.402857 -0.312292   1.06641
0.403865 0.113889 0.880312 0.402954 -0.31229  1.06637
0.403962 0.113889  0.88035  0.403051 -0.312288   1.06633
 0.40406 0.113888 0.880388  0.403148 -0.312287   1.06629
0.404157 0.113888 0.880427  0.403245 -0.312285   1.06625
0.404254 0.113888 0.880465  0.403341 -0.312283   1.06621
0.404351 0.113888 0.880504  0.403439 -0.312281   1.06617
0.404448 0.113889 0.880543 0.403536 -0.31228  1.06613
0.404545 0.113889 0.880583  0.403633 -0.312278   1.06609
0.404642 0.113889 0.880622   0.40373 -0.312277   1.06605
0.404739 0.113888 0.880661  0.403827 -0.312275   1.06601
0.404835 0.113888   0.8807  0.403924 -0.312274   1.06597
0.404932 0.113888 0.880739  0.404021 -0.312273   1.06593
0.405029 0.113887 0.880778  0.404117 -0.312271   1.06589
0.405126 0.113887 0.880817 0.404213 -0.31227  1.06585
0.405223 0.113887 0.880857  0.404309 -0.312268   1.06581
0.405319 0.113886 0.880897  0.404406 -0.312267   1.06577
0.405416 0.113886 0.880937  0.404503 -0.312265   1.06573
0.405512 0.113886 0.880977    0.4046 -0.312264   1.06569
0.405609 0.113886 0.881017  0.404696 -0.312263   1.06565
0.405705 0.113886 0.881058  0.404793 -0.312261   1.06561
0.405802 0.113886 0.881098  0.40489 -0.31226  1.06557
0.405898 0.113885 0.881138  0.404986 -0.312259   1.06553
0.405994 0.113885 0.881178  0.405082 -0.312258   1.06549
0.406091 0.113884 0.881218  0.405178 -0.312257   1.06545
0.406187 0.113884 0.881259  0.405274 -0.312256    1.0654
0.406283 0.113883   0.8813   0.40537 -0.312255   1.06536
0.406379 0.113883 0.881341  0.405465 -0.312254   1.06532
0.406476 0.113882 0.881382  0.405562 -0.312253   1.06528
0.406572 0.113882 0.881424  0.405658 -0.312251   1.06524
0.406668 0.113881 0.881465 0.405755 -0.31225  1.06519
0.406764 0.113881 0.881507  0.405851 -0.312249   1.06515
0.406859  0.11388 0.881548  0.405947 -0.312248   1.06511
0.406955 0.113879  0.88159  0.406043 -0.312247   1.06507
0.407051 0.113879 0.881631  0.406139 -0.312246   1.06503
0.407147 0.113878 0.881672  0.406234 -0.312245   1.06498
0.407243 0.113877 0.881714  0.406329 -0.312244   1.06494
0.407339 0.113877 0.881756  0.406425 -0.312243    1.0649
0.407434 0.113877 0.881798   0.40652 -0.312242   1.06486
 0.40753 0.113876 0.881841  0.406616 -0.312242   1.06481
0.407626 0.113876 0.881883  0.406712 -0.312241   1.06477
0.407721 0.113875 0.881926 0.406807 -0.31224  1.06473
0.407817 0.113875 0.881969 0.406903 -0.31224  1.06468
0.407912 0.113874 0.882011  0.406999 -0.312239   1.06464
0.408008 0.113873 0.882054  0.407094 -0.312238   1.06459
0.408103 0.113872 0.882096   0.40719 -0.312237   1.06455
0.408198 0.113871 0.882139  0.407285 -0.312237   1.06451
0.408294 0.113871 0.882182  0.407379 -0.312236   1.06446
0.408389  0.11387 0.882225  0.407474 -0.312235   1.06442
0.408484 0.113869 0.882268  0.407569 -0.312234   1.06438
0.408579 0.113869 0.882312  0.407664 -0.312234   1.06433
0.408674 0.113868 0.882356   0.40776 -0.312233   1.06429
0.408769 0.113868   0.8824  0.407855 -0.312232   1.06424
0.408864 0.113867 0.882443  0.407951 -0.312232    1.0642
0.408959 0.113866 0.882487  0.408046 -0.312231   1.06415
0.409054 0.113865 0.882531  0.408141 -0.312231   1.06411
0.409149 0.113864 0.882574 0.408235 -0.31223  1.06406
0.409244 0.113863 0.882618  0.40833 -0.31223  1.06402
0.409339 0.113862 0.882662  0.408424 -0.312229   1.06398
0.409434 0.113861 0.882706  0.408519 -0.312229   1.06393
0.409528 0.113861  0.88275  0.408613 -0.312228   1.06389
0.409623  0.11386 0.882795  0.408708 -0.312227   1.06384
0.409717 0.113859  0.88284  0.408803 -0.312227    1.0638
0.409812 0.113858 0.882885  0.408898 -0.312226   1.06375
0.409906 0.113857  0.88293  0.408992 -0.312226    1.0637
0.410001 0.113856 0.882975  0.409087 -0.312225   1.06366
0.410095 0.113855 0.883019  0.409182 -0.312225   1.06361
0.410189 0.113854 0.883064  0.409276 -0.312224   1.06357
0.410284 0.113853 0.883109   0.40937 -0.312224   1.06352
0.410378 0.113852 0.883154  0.409464 -0.312224   1.06347
0.410472 0.113851 0.883199  0.409558 -0.312223   1.06343
0.410566  0.11385 0.883245  0.409651 -0.312223   1.06338
0.410661 0.113849  0.88329  0.409745 -0.312223   1.06334
0.410755 0.113848 0.883337   0.40984 -0.312222   1.06329
0.410849 0.113847 0.883383  0.409934 -0.312222   1.06324
0.410943 0.113846 0.883429  0.410029 -0.312222    1.0632
0.411036 0.113845 0.883475  0.410123 -0.312221   1.06315
 0.41113 0.113844  0.88352  0.410217 -0.312221    1.0631
0.411224 0.113843 0.883566 0.410311 -0.31222  1.06305
0.411318 0.113842 0.883612 0.410404 -0.31222  1.06301
0.411412  0.11384 0.883658 0.410498 -0.31222  1.06296
0.411505 0.113839 0.883704  0.410591 -0.312219   1.06291
0.411599 0.113838 0.883751  0.410684 -0.312219   1.06287
0.411692 0.113837 0.883798  0.410778 -0.312218   1.06282
0.411786 0.113836 0.883845  0.410871 -0.312218   1.06277
0.411879 0.113835 0.883892  0.410965 -0.312218   1.06272
0.411973 0.113834  0.88394  0.411059 -0.312218   1.06268
0.412066 0.113833 0.883986  0.411153 -0.312217   1.06263
0.412159 0.113832 0.884033  0.411246 -0.312217   1.06258
0.412253  0.11383  0.88408   0.41134 -0.312217   1.06253
0.412346 0.113829 0.884127  0.411433 -0.312217   1.06248
0.412439 0.113828 0.884174  0.411526 -0.312217   1.06243
0.412532 0.113826 0.884221  0.411618 -0.312216   1.06239
0.412625 0.113825 0.884269  0.411711 -0.312216   1.06234
0.412718 0.113824 0.884317  0.411804 -0.312216   1.06229
0.412811 0.113823 0.884366  0.411897 -0.312215   1.06224
0.412904 0.113822 0.884414  0.411991 -0.312215   1.06219
0.412997 0.113821 0.884462  0.412084 -0.312215   1.06214
0.413089  0.11382  0.88451  0.412177 -0.312215   1.06209
0.413182 0.113818 0.884558   0.41227 -0.312214   1.06204
0.413275 0.113817 0.884606  0.412363 -0.312214   1.06199
0.413368 0.113815 0.884654  0.412455 -0.312214   1.06195
 0.41346 0.113814 0.884702  0.412548 -0.312214    1.0619
0.413553 0.113812 0.884751   0.41264 -0.312214   1.06185
0.413645 0.113811 0.884799  0.412732 -0.312214    1.0618
0.413738  0.11381 0.884849  0.412824 -0.312214   1.06175
 0.41383 0.113809 0.884898  0.412917 -0.312214    1.0617
0.413922 0.113807 0.884947   0.41301 -0.312213   1.06165
0.414014 0.113806 0.884997  0.413103 -0.312213    1.0616
0.414106 0.113805 0.885046  0.413196 -0.312213   1.06155
0.414199 0.113803 0.885095  0.413288 -0.312213    1.0615
0.414291 0.113802 0.885144   0.41338 -0.312213   1.06145
0.414383   0.1138 0.885193  0.413472 -0.312212    1.0614
0.414475 0.113799 0.885242  0.413564 -0.312212   1.06135
0.414567 0.113797 0.885291  0.413656 -0.312212    1.0613
0.414659 0.113796 0.885341  0.413747 -0.312212   1.06125
0.414751 0.113794 0.885392  0.413839 -0.312212    1.0612
0.414842 0.113793 0.885442  0.413931 -0.312212   1.06115
0.414934 0.113791 0.885492  0.414023 -0.312212   1.06109
0.415026  0.11379 0.885543  0.414116 -0.312212   1.06104
0.415117 0.113788 0.885593  0.414208 -0.312212   1.06099
0.415209 0.113787 0.885643    0.4143 -0.312212   1.06094
  0.4153 0.113785 0.885693  0.414391 -0.312212   1.06089
0.415392 0.113784 0.885743  0.414483 -0.312211   1.06084
0.415483 0.113782 0.885793  0.414574 -0.312211   1.06079
0.415575 0.113781 0.885844  0.414665 -0.312211   1.06073
0.415666 0.113779 0.885895  0.414756 -0.312211   1.06068
0.415757 0.113778 0.885946  0.414847 -0.312211   1.06063
0.415848 0.113777 0.885998 0.414939 -0.31221  1.06058
0.415939 0.113775 0.886049  0.41503 -0.31221  1.06053
 0.41603 0.113774 0.886101 0.415122 -0.31221  1.06047
0.416121 0.113772 0.886152 0.415214 -0.31221  1.06042
0.416212  0.11377 0.886203 0.415305 -0.31221  1.06037
0.416303 0.113769 0.886254 0.415396 -0.31221  1.06032
0.416394 0.113767 0.886305  0.415487 -0.312211   1.06026
0.416485 0.113765 0.886356  0.415578 -0.312211   1.06021
0.416576 0.113764 0.886408  0.415668 -0.312211   1.06016
0.416667 0.113762  0.88646 0.415759 -0.31221  1.06011
0.416757 0.113761 0.886512 0.415849 -0.31221  1.06005
0.416848 0.113759 0.886565  0.41594 -0.31221     1.06
0.416938 0.113758 0.886617 0.416031 -0.31221  1.05995
0.417028 0.113756  0.88667 0.416122 -0.31221  1.05989
0.417119 0.113755 0.886722 0.416213 -0.31221  1.05984
0.417209 0.113753 0.886774 0.416304 -0.31221  1.05979
  0.4173 0.113752 0.886826 0.416395 -0.31221  1.05973
 0.41739  0.11375 0.886878 0.416485 -0.31221  1.05968
 0.41748 0.113748 0.886931 0.416575 -0.31221  1.05963
 0.41757 0.113746 0.886983 0.416665 -0.31221  1.05957
 0.41766 0.113745 0.887036 0.416755 -0.31221  1.05952
 0.41775 0.113743  0.88709 0.416845 -0.31221  1.05947
 0.41784 0.113741 0.887143 0.416935 -0.31221  1.05941
 0.41793  0.11374 0.887197 0.417026 -0.31221  1.05936
 0.41802 0.113738  0.88725 0.417116 -0.31221   1.0593
 0.41811 0.113736 0.887304 0.417207 -0.31221  1.05925
0.418199 0.113735 0.887357 0.417297 -0.31221  1.05919
0.418289 0.113733  0.88741 0.417387 -0.31221  1.05914
0.418379 0.113731 0.887463 0.417477 -0.31221  1.05908
0.418468  0.11373 0.887516 0.417566 -0.31221  1.05903
0.418558 0.113728  0.88757 0.417656 -0.31221  1.05898
0.418647 0.113726 0.887624 0.417745 -0.31221  1.05892
0.418737 0.113725 0.887679 0.417834 -0.31221  1.05887
0.418826 0.113723 0.887733 0.417924 -0.31221  1.05881
0.418915 0.113722 0.887788 0.418013 -0.31221  1.05876
0.419004  0.11372 0.887842 0.418103 -0.31221   1.0587
0.419094 0.113718 0.887896 0.418193 -0.31221  1.05864
0.419183 0.113716 0.887951 0.418283 -0.31221  1.05859
0.419272 0.113715 0.888005 0.418372 -0.31221  1.05853
0.419361 0.113713 0.888059 0.418462 -0.31221  1.05848
 0.41945 0.113711 0.888113 0.418551 -0.31221  1.05842
0.419539 0.113709 0.888168 0.418639 -0.31221  1.05837
0.419627 0.113708 0.888223 0.418728 -0.31221  1.05831
0.419716 0.113706 0.888279 0.418817 -0.31221  1.05826
0.419805 0.113705 0.888334 0.418906 -0.31221   1.0582
0.419893 0.113703  0.88839 0.418995 -0.31221  1.05814
0.419982 0.113701 0.888445 0.419084 -0.31221  1.05809
 0.42007   0.1137 0.888501 0.419173 -0.31221  1.05803
0.420159 0.113698 0.888556 0.419262 -0.31221  1.05797
0.420247 0.113696 0.888611 0.419351 -0.31221  1.05792
0.420336 0.113694 0.888666  0.41944 -0.31221  1.05786
0.420424 0.113692 0.888721 0.419528 -0.31221   1.0578
0.420512 0.113691 0.888777  0.419616 -0.312211   1.05775
  0.4206 0.113689 0.888833  0.419704 -0.312211   1.05769
0.420689 0.113687  0.88889  0.419792 -0.312211   1.05763
0.420777 0.113686 0.888946  0.41988 -0.31221  1.05758
0.420864 0.113684 0.889003 0.419969 -0.31221  1.05752
0.420952 0.113683 0.889059 0.420058 -0.31221  1.05746
 0.42104 0.113681 0.889116  0.420146 -0.312211    1.0574
0.421128 0.113679 0.889172  0.420235 -0.312211   1.05734
0.421216 0.113677 0.889228  0.420323 -0.312211   1.05729
0.421304 0.113675 0.889284  0.420411 -0.312211   1.05723
0.421391 0.113673  0.88934  0.420499 -0.312211   1.05717
0.421479 0.113672 0.889397  0.420586 -0.312211   1.05711
0.421566  0.11367 0.889454  0.420673 -0.312211   1.05706
0.421654 0.113668 0.889512  0.420761 -0.312211     1.057
0.421741 0.113666 0.889569  0.420848 -0.312212   1.05694
0.421828 0.113665 0.889627  0.420936 -0.312212   1.05688
0.421916 0.113663 0.889684  0.421024 -0.312212   1.05682
0.422003 0.113661 0.889742  0.421112 -0.312212   1.05676
 0.42209 0.113659 0.889799    0.4212 -0.312212   1.05671
0.422177 0.113658 0.889856  0.421288 -0.312212   1.05665
0.422264 0.113656 0.889913  0.421375 -0.312212   1.05659
0.422351 0.113654 0.889971  0.421462 -0.312212   1.05653
0.422438 0.113652 0.890028  0.421549 -0.312212   1.05647
0.422525 0.113651 0.890086  0.421636 -0.312212   1.05641
0.422612 0.113649 0.890145  0.421723 -0.312212   1.05635
0.422698 0.113647 0.890203  0.421809 -0.312212    1.0563
0.422785 0.113646 0.890262  0.421897 -0.312212   1.05624
0.422871 0.113644  0.89032  0.421984 -0.312213   1.05618
0.422958 0.113642 0.890378  0.422071 -0.312213   1.05612
0.423045  0.11364 0.890437  0.422158 -0.312213   1.05606
0.423131 0.113638 0.890495  0.422245 -0.312213     1.056
0.423217 0.113636 0.890553  0.422332 -0.312213   1.05594
0.423304 0.113635 0.890611  0.422419 -0.312213   1.05588
 0.42339 0.113633  0.89067  0.422505 -0.312213   1.05582
0.423476 0.113631 0.890729  0.422591 -0.312213   1.05576
0.423562  0.11363 0.890788  0.422677 -0.312213    1.0557
0.423648 0.113628 0.890848  0.422763 -0.312213   1.05564
0.423734 0.113627 0.890907   0.42285 -0.312213   1.05558
 0.42382 0.113625 0.890967  0.422936 -0.312213   1.05552
0.423906 0.113623 0.891026  0.423023 -0.312213   1.05546
0.423992 0.113621 0.891085   0.42311 -0.312213   1.05539
0.424077 0.113619 0.891144  0.423196 -0.312214   1.05533
0.424163 0.113617 0.891203  0.423282 -0.312214   1.05527
0.424249 0.113616 0.891263  0.423368 -0.312214   1.05521
0.424334 0.113614 0.891322  0.423453 -0.312215   1.05515
 0.42442 0.113612 0.891382  0.423539 -0.312215   1.05509
0.424505  0.11361 0.891443  0.423624 -0.312215   1.05503
 0.42459 0.113609 0.891503   0.42371 -0.312215   1.05497
0.424676 0.113607 0.891564  0.423795 -0.312215   1.05491
0.424761 0.113606 0.891624  0.423881 -0.312215   1.05485
0.424846 0.113604 0.891684  0.423967 -0.312215   1.05478
0.424931 0.113602 0.891744  0.424053 -0.312215   1.05472
0.425016 0.113601 0.891804  0.424139 -0.312215   1.05466
0.425101 0.113599 0.891864  0.424224 -0.312215    1.0546
0.425186 0.113597 0.891925   0.42431 -0.312216   1.05454
0.425271 0.113595 0.891985  0.424394 -0.312216   1.05448
0.425356 0.113593 0.892046  0.424479 -0.312216   1.05441
 0.42544 0.113591 0.892108  0.424564 -0.312216   1.05435
0.425525  0.11359 0.892169  0.424649 -0.312217   1.05429
 0.42561 0.113588 0.892231  0.424734 -0.312217   1.05423
0.425694 0.113586 0.892292  0.424819 -0.312217   1.05417
0.425778 0.113585 0.892353  0.424904 -0.312217    1.0541
0.425863 0.113583 0.892414   0.42499 -0.312217   1.05404
0.425947 0.113581 0.892475  0.425075 -0.312217   1.05398
0.426031 0.113579 0.892536  0.425159 -0.312217   1.05391
0.426116 0.113578 0.892597  0.425244 -0.312217   1.05385
  0.4262 0.113576 0.892659  0.425328 -0.312218   1.05379
0.426284 0.113575 0.892721  0.425412 -0.312218   1.05373
0.426368 0.113573 0.892783  0.425496 -0.312218   1.05366
0.426452 0.113571 0.892845   0.42558 -0.312218    1.0536
0.426536  0.11357 0.892908  0.425664 -0.312218   1.05354
0.426619 0.113568  0.89297  0.425749 -0.312218   1.05347
0.426703 0.113566 0.893032  0.425833 -0.312219   1.05341
0.426787 0.113564 0.893094  0.425918 -0.312219   1.05335
0.426871 0.113563 0.893156  0.426002 -0.312219   1.05328
0.426954 0.113561 0.893218 0.426086 -0.31222  1.05322
0.427038 0.113559  0.89328  0.42617 -0.31222  1.05315
0.427121 0.113558 0.893343 0.426254 -0.31222  1.05309
0.427204 0.113556 0.893405 0.426337 -0.31222  1.05303
0.427288 0.113555 0.893469 0.426421 -0.31222  1.05296
0.427371 0.113553 0.893532 0.426504 -0.31222   1.0529
0.427454 0.113552 0.893595 0.426587 -0.31222  1.05284
0.427537  0.11355 0.893659 0.426671 -0.31222  1.05277
 0.42762 0.113548 0.893722  0.426755 -0.312221   1.05271
0.427703 0.113547 0.893784  0.426839 -0.312221   1.05264
0.427786 0.113545 0.893847  0.426923 -0.312221   1.05258
0.427869 0.113543  0.89391  0.427006 -0.312221   1.05251
0.427952 0.113541 0.893973  0.427089 -0.312222   1.05245
0.428034  0.11354 0.894037  0.427172 -0.312222   1.05238
0.428117 0.113538   0.8941  0.427255 -0.312223   1.05232
0.428199 0.113537 0.894164  0.427337 -0.312223   1.05225
0.428282 0.113535 0.894229   0.42742 -0.312223   1.05219
0.428364 0.113534 0.894293  0.427503 -0.312223   1.05212
0.428447 0.113532 0.894357  0.427585 -0.312223   1.05206
0.428529 0.113531 0.894421  0.427669 -0.312223   1.05199
0.428611 0.113529 0.894485  0.427752 -0.312224   1.05193
0.428693 0.113528 0.894549  0.427835 -0.312224   1.05186
0.428775 0.113526 0.894612  0.427918 -0.312224    1.0518
0.428858 0.113524 0.894676     0.428 -0.312224   1.05173
 0.42894 0.113523 0.894741  0.428082 -0.312225   1.05166
0.429022 0.113521 0.894805  0.428164 -0.312225    1.0516
0.429103 0.113519  0.89487  0.428246 -0.312225   1.05153
0.429185 0.113518 0.894936  0.428328 -0.312226   1.05147
0.429267 0.113516 0.895001   0.42841 -0.312226    1.0514
0.429348 0.113515 0.895066  0.428492 -0.312226   1.05134
 0.42943 0.113513 0.895131  0.428574 -0.312226   1.05127
0.429511 0.113511 0.895195  0.428657 -0.312227    1.0512
0.429593  0.11351  0.89526  0.428739 -0.312227   1.05113
0.429674 0.113508 0.895325  0.428821 -0.312227   1.05107
0.429755 0.113507  0.89539  0.428903 -0.312227     1.051
0.429837 0.113505 0.895455  0.428984 -0.312228   1.05093
0.429918 0.113504 0.895521  0.429065 -0.312228   1.05087
0.429999 0.113503 0.895587  0.429147 -0.312228    1.0508
 0.43008 0.113501 0.895653  0.429228 -0.312228   1.05074
0.430161   0.1135 0.895719  0.429309 -0.312229   1.05067
0.430242 0.113498 0.895784   0.42939 -0.312229    1.0506
0.430322 0.113497  0.89585  0.429472 -0.312229   1.05053
0.430403 0.113495 0.895916 0.429554 -0.31223  1.05047
0.430484 0.113493 0.895981 0.429635 -0.31223   1.0504
0.430565 0.113492 0.896047 0.429716 -0.31223  1.05033
0.430645  0.11349 0.896113 0.429797 -0.31223  1.05026
0.430725 0.113489 0.896179  0.429878 -0.312231    1.0502
0.430806 0.113488 0.896245  0.429959 -0.312231   1.05013
0.430886 0.113486 0.896312  0.430039 -0.312231   1.05006
0.430966 0.113485 0.896379  0.430119 -0.312231   1.04999
0.431046 0.113484 0.896446    0.4302 -0.312232   1.04993
0.431126 0.113482 0.896513  0.430281 -0.312232   1.04986
0.431207 0.113481  0.89658  0.430361 -0.312232   1.04979
0.431287  0.11348 0.896646  0.430442 -0.312232   1.04972
0.431367 0.113478 0.896712  0.430523 -0.312233   1.04965
0.431447 0.113476 0.896779  0.430604 -0.312233   1.04958
0.431526 0.113475 0.896846  0.430684 -0.312233   1.04951
0.431606 0.113474 0.896913  0.430764 -0.312234   1.04945
0.431686 0.113472  0.89698  0.430843 -0.312234   1.04938
0.431765 0.113471 0.897048  0.430923 -0.312235   1.04931
0.431845 0.113469 0.897116  0.431003 -0.312235   1.04924
0.431924 0.113468 0.897183  0.431082 -0.312235   1.04917
0.432003 0.113467 0.897251  0.431162 -0.312235    1.0491
0.432082 0.113465 0.897319  0.431243 -0.312236   1.04903
0.432162 0.113464 0.897386  0.431323 -0.312236   1.04896
0.432241 0.113463 0.897453  0.431403 -0.312236   1.04889
 0.43232 0.113461 0.897521  0.431482 -0.312236   1.04882
0.432399  0.11346 0.897588  0.431562 -0.312237   1.04875
0.432478 0.113459 0.897656  0.431641 -0.312237   1.04869
0.432557 0.113457 0.897725   0.43172 -0.312238   1.04862
0.432636 0.113456 0.897793  0.431799 -0.312238   1.04855
0.432714 0.113455 0.897862  0.431878 -0.312238   1.04848
0.432793 0.113454  0.89793  0.431956 -0.312239   1.04841
0.432871 0.113452 0.897999  0.432036 -0.312239   1.04834
 0.43295 0.113451 0.898067 0.432115 -0.31224  1.04827
0.433028  0.11345 0.898135 0.432194 -0.31224   1.0482
0.433107 0.113448 0.898204 0.432274 -0.31224  1.04813
0.433185 0.113447 0.898272 0.432353 -0.31224  1.04806
0.433263 0.113446  0.89834  0.432431 -0.312241   1.04799
0.433341 0.113445 0.898409   0.43251 -0.312241   1.04792
0.433419 0.113443 0.898479  0.432588 -0.312241   1.04785
0.433497 0.113442 0.898548  0.432666 -0.312242   1.04778
0.433575 0.113441 0.898618  0.432744 -0.312242   1.04771
0.433653  0.11344 0.898687  0.432822 -0.312242   1.04764
0.433731 0.113439 0.898756  0.432901 -0.312242   1.04756
0.433809 0.113437 0.898825  0.432979 -0.312243   1.04749
0.433886 0.113436 0.898894  0.433058 -0.312243   1.04742
0.433964 0.113435 0.898963  0.433136 -0.312244   1.04735
0.434042 0.113434 0.899033  0.433214 -0.312244   1.04728
0.434119 0.113432 0.899102  0.433292 -0.312245   1.04721
0.434196 0.113431 0.899172   0.43337 -0.312245   1.04714
0.434274  0.11343 0.899242  0.433447 -0.312245   1.04706
0.434351 0.113429 0.899312  0.433525 -0.312246   1.04699
0.434428 0.113428 0.899383  0.433602 -0.312246   1.04692
0.434505 0.113427 0.899453  0.433679 -0.312246   1.04685
0.434582 0.113426 0.899523  0.433757 -0.312247   1.04678
0.434659 0.113425 0.899593  0.433834 -0.312247   1.04671
0.434736 0.113424 0.899663  0.433912 -0.312247   1.04663
0.434812 0.113423 0.899733   0.43399 -0.312248   1.04656
0.434889 0.113421 0.899803  0.434067 -0.312248   1.04649
0.434966  0.11342 0.899873  0.434145 -0.312249   1.04642
0.435042 0.113419 0.899944  0.434221 -0.312249   1.04635
0.435119 0.113418 0.900015 0.434298 -0.31225  1.04627
0.435195 0.113417 0.900086 0.434374 -0.31225   1.0462
0.435271 0.113416 0.900157  0.434451 -0.312251   1.04613
0.435348 0.113415 0.900228  0.434527 -0.312251   1.04606
0.435424 0.113414 0.900299  0.434604 -0.312251   1.04599
  0.4355 0.113412  0.90037  0.434681 -0.312252   1.04591
0.435576 0.113411 0.900441  0.434758 -0.312252   1.04584
0.435652  0.11341 0.900511  0.434835 -0.312252   1.04577
0.435728 0.113409 0.900582  0.434912 -0.312253   1.04569
0.435804 0.113409 0.900653  0.434988 -0.312253   1.04562
0.435879 0.113408 0.900725  0.435064 -0.312253   1.04555
0.435955 0.113407 0.900797   0.43514 -0.312254   1.04547
0.436031 0.113406 0.900869  0.435215 -0.312254    1.0454
0.436106 0.113405 0.900941  0.435291 -0.312255   1.04533
0.436182 0.113404 0.901013  0.435367 -0.312255   1.04526
0.436257 0.113403 0.901084  0.435442 -0.312256   1.04518
0.436332 0.113402 0.901156  0.435518 -0.312256   1.04511
0.436408 0.113401 0.901227  0.435595 -0.312257   1.04503
0.436483   0.1134 0.901299  0.435671 -0.312257   1.04496
0.436558 0.113399 0.901371  0.435747 -0.312257   1.04488
0.436633 0.113398 0.901442  0.435822 -0.312258   1.04481
0.436708 0.113397 0.901515  0.435898 -0.312258   1.04474
0.436783 0.113396 0.901587  0.435973 -0.312259   1.04466
0.436857 0.113395  0.90166  0.436047 -0.312259   1.04459
0.436932 0.113395 0.901733  0.436122 -0.312259   1.04452
0.437006 0.113394 0.901806 0.436197 -0.31226  1.04444
0.437081 0.113393 0.901879 0.436272 -0.31226  1.04437
0.437156 0.113392 0.901951 0.436347 -0.31226  1.04429
 0.43723 0.113391 0.902023  0.436422 -0.312261   1.04422
0.437304  0.11339 0.902096  0.436498 -0.312261   1.04414
0.437379 0.113389 0.902168  0.436573 -0.312262   1.04407
0.437453 0.113388  0.90224  0.436648 -0.312263   1.04399
0.437527 0.113388 0.902313  0.436723 -0.312263   1.04392
0.437601 0.113387 0.902387  0.436797 -0.312264   1.04384
0.437675 0.113386 0.902461  0.436871 -0.312264   1.04377
0.437749 0.113385 0.902534  0.436945 -0.312264   1.04369
0.437822 0.113384 0.902608  0.437019 -0.312265   1.04362
0.437896 0.113384 0.902682  0.437093 -0.312265   1.04355
 0.43797 0.113383 0.902755  0.437167 -0.312265   1.04347
0.438043 0.113382 0.902829  0.437241 -0.312265   1.04339
0.438117 0.113382 0.902902  0.437315 -0.312266   1.04332
 0.43819 0.113381 0.902975  0.437389 -0.312266   1.04324
0.438264  0.11338 0.903048  0.437464 -0.312267   1.04317
0.438337 0.113379 0.903122  0.437538 -0.312267   1.04309
 0.43841 0.113379 0.903196  0.437611 -0.312268   1.04301
0.438484 0.113378  0.90327  0.437684 -0.312268   1.04294
0.438556 0.113377 0.903344  0.437758 -0.312269   1.04286
0.438629 0.113377 0.903419  0.437831 -0.312269   1.04279
0.438702 0.113376 0.903494 0.437904 -0.31227  1.04271
0.438775 0.113375 0.903568 0.437977 -0.31227  1.04264
0.438848 0.113374 0.903642   0.43805 -0.312271   1.04256
 0.43892 0.113374 0.903716  0.438123 -0.312271   1.04248
0.438993 0.113373  0.90379  0.438197 -0.312271   1.04241
0.439065 0.113372 0.903864   0.43827 -0.312272   1.04233
0.439138 0.113372 0.903939  0.438344 -0.312272   1.04225
 0.43921 0.113371 0.904013  0.438416 -0.312273   1.04218
0.439282 0.113371 0.904088  0.438489 -0.312273    1.0421
0.439354  0.11337 0.904164  0.438561 -0.312274   1.04202
0.439426  0.11337 0.904239  0.438633 -0.312274   1.04195
0.439499 0.113369 0.904314  0.438705 -0.312275   1.04187
 0.43957 0.113369  0.90439  0.438778 -0.312275   1.04179
0.439642 0.113368 0.904465   0.43885 -0.312276   1.04172
0.439714 0.113367 0.904539  0.438922 -0.312276   1.04164
0.439786 0.113367 0.904614  0.438995 -0.312277   1.04156
0.439858 0.113366 0.904689  0.439068 -0.312277   1.04148
0.439929 0.113366 0.904764   0.43914 -0.312278   1.04141
0.440001 0.113365  0.90484  0.439212 -0.312278   1.04133
0.440072 0.113365 0.904915  0.439284 -0.312279   1.04125
0.440143 0.113364 0.904992  0.439355 -0.312279   1.04117
0.440214 0.113364 0.905068  0.439427 -0.312279    1.0411
0.440286 0.113363 0.905144 0.439498 -0.31228  1.04102
0.440357 0.113363  0.90522 0.439569 -0.31228  1.04094
0.440428 0.113363 0.905296   0.43964 -0.312281   1.04087
0.440499 0.113362 0.905371  0.439712 -0.312281   1.04079
 0.44057 0.113362 0.905447  0.439784 -0.312282   1.04071
 0.44064 0.113361 0.905522  0.439855 -0.312282   1.04063
0.440711 0.113361 0.905598  0.439927 -0.312283   1.04055
0.440782  0.11336 0.905675  0.439998 -0.312283   1.04047
0.440852  0.11336 0.905751  0.440069 -0.312284   1.04039
0.440923 0.113359 0.905828   0.44014 -0.312285   1.04032
0.440993 0.113359 0.905905   0.44021 -0.312285   1.04024
0.441063 0.113359 0.905982   0.44028 -0.312285   1.04016
0.441133 0.113358 0.906059  0.440351 -0.312286   1.04008
0.441204 0.113358 0.906135  0.440421 -0.312286      1.04
0.441274 0.113358 0.906211  0.440492 -0.312287   1.03993
0.441344 0.113357 0.906288  0.440563 -0.312287   1.03985
0.441414 0.113357 0.906364  0.440634 -0.312288   1.03977
0.441483 0.113357 0.906441  0.440704 -0.312288   1.03969
0.441553 0.113357 0.906518  0.440775 -0.312289   1.03961
0.441623 0.113356 0.906595  0.440845 -0.312289   1.03953
0.441692 0.113356 0.906673 0.440914 -0.31229  1.03945
0.441762 0.113356 0.906751 0.440984 -0.31229  1.03937
0.441831 0.113355 0.906828  0.441053 -0.312291   1.03929
0.441901 0.113355 0.906906  0.441123 -0.312292   1.03921
 0.44197 0.113355 0.906983  0.441192 -0.312292   1.03913
0.442039 0.113355  0.90706  0.441262 -0.312292   1.03905
0.442108 0.113354 0.907137  0.441332 -0.312293   1.03897
0.442177 0.113354 0.907214  0.441402 -0.312293   1.03889
0.442246 0.113354 0.907292  0.441472 -0.312294   1.03881
0.442315 0.113354 0.907369  0.441541 -0.312294   1.03873
0.442384 0.113354 0.907448  0.441611 -0.312295   1.03865
0.442452 0.113354 0.907526  0.441679 -0.312295   1.03857
0.442521 0.113354 0.907605  0.441748 -0.312296   1.03849
 0.44259 0.113353 0.907683  0.441817 -0.312296   1.03842
0.442658 0.113353 0.907761  0.441885 -0.312297   1.03834
0.442726 0.113353 0.907839  0.441954 -0.312297   1.03826
0.442795 0.113353 0.907917  0.442023 -0.312298   1.03817
0.442863 0.113353 0.907995  0.442092 -0.312298   1.03809
0.442931 0.113353 0.908073  0.442161 -0.312299   1.03801
0.442999 0.113352 0.908151   0.44223 -0.312299   1.03793
0.443067 0.113352 0.908229 0.442298  -0.3123  1.03785
0.443135 0.113352 0.908308 0.442366  -0.3123  1.03777
0.443203 0.113352 0.908387  0.442434 -0.312301   1.03769
 0.44327 0.113352 0.908466  0.442502 -0.312301   1.03761
0.443338 0.113352 0.908546   0.44257 -0.312302   1.03753
0.443406 0.113352 0.908624  0.442638 -0.312302   1.03745
0.443473 0.113352 0.908703  0.442705 -0.312303   1.03737
0.443541 0.113352 0.908782  0.442773 -0.312303   1.03729
0.443608 0.113352  0.90886  0.442841 -0.312304    1.0372
0.443675 0.113352 0.908939  0.442909 -0.312304   1.03712
0.443743 0.113352 0.909018  0.442977 -0.312305   1.03704
 0.44381 0.113352 0.909097  0.443045 -0.312305   1.03696
0.443877 0.113352 0.909177  0.443112 -0.312306   1.03688
0.443943 0.113352 0.909257  0.443179 -0.312307    1.0368
 0.44401 0.113352 0.909337  0.443246 -0.312307   1.03672
0.444077 0.113352 0.909416  0.443313 -0.312308   1.03663
0.444143 0.113352 0.909496   0.44338 -0.312308   1.03655
 0.44421 0.113353 0.909576  0.443446 -0.312309   1.03647
0.444277 0.113353 0.909655  0.443513 -0.312309   1.03639
0.444343 0.113353 0.909734  0.443581 -0.312309   1.03631
0.444409 0.113353 0.909814 0.443648 -0.31231  1.03623
0.444476 0.113353 0.909893 0.443715 -0.31231  1.03614
0.444542 0.113353 0.909973 0.443782 -0.31231  1.03606
0.444608 0.113354 0.910054  0.443849 -0.312311   1.03598
0.444674 0.113354 0.910134  0.443915 -0.312312   1.03589
 0.44474 0.113354 0.910215  0.443981 -0.312312   1.03581
0.444805 0.113354 0.910295  0.444047 -0.312313   1.03573
0.444871 0.113354 0.910376  0.444112 -0.312313   1.03565
0.444937 0.113354 0.910456  0.444178 -0.312314   1.03557
0.445003 0.113355 0.910536  0.444243 -0.312315   1.03549
0.445068 0.113355 0.910616  0.444309 -0.312315    1.0354
0.445134 0.113355 0.910696  0.444376 -0.312316   1.03532
0.445199 0.113355 0.910776  0.444442 -0.312316   1.03524
0.445264 0.113356 0.910857  0.444508 -0.312316   1.03515
0.445329 0.113356 0.910938  0.444574 -0.312317   1.03507
0.445394 0.113356 0.911019  0.444639 -0.312317   1.03499
0.445459 0.113357 0.911101  0.444705 -0.312318    1.0349
0.445524 0.113357 0.911182   0.44477 -0.312318   1.03482
0.445589 0.113357 0.911263  0.444834 -0.312319   1.03474
0.445654 0.113357 0.911344 0.444899 -0.31232  1.03465
0.445718 0.113358 0.911425 0.444964 -0.31232  1.03457
0.445783 0.113358 0.911505  0.445029 -0.312321   1.03449
0.445848 0.113358 0.911586  0.445094 -0.312321    1.0344
0.445912 0.113359 0.911667  0.445159 -0.312322   1.03432
0.445976 0.113359 0.911748  0.445224 -0.312322   1.03424
0.446041 0.113359  0.91183  0.445289 -0.312323   1.03415
0.446105  0.11336 0.911912  0.445354 -0.312323   1.03407
0.446169  0.11336 0.911994  0.445418 -0.312324   1.03398
0.446233 0.113361 0.912076  0.445482 -0.312325    1.0339
0.446296 0.113361 0.912158  0.445546 -0.312325   1.03382
 0.44636 0.113362 0.912239   0.44561 -0.312326   1.03373
0.446424 0.113362 0.912321  0.445674 -0.312326   1.03365
0.446488 0.113363 0.912402  0.445738 -0.312326   1.03357
0.446551 0.113363 0.912484  0.445802 -0.312327   1.03348
0.446615 0.113363 0.912565  0.445866 -0.312327    1.0334
0.446678 0.113364 0.912648   0.44593 -0.312328   1.03331
0.446742 0.113364  0.91273  0.445994 -0.312328   1.03323
0.446805 0.113365 0.912813  0.446058 -0.312329   1.03314
0.446868 0.113365 0.912895 0.446121 -0.31233  1.03306
0.446931 0.113366 0.912978 0.446184 -0.31233  1.03297
0.446994 0.113366  0.91306  0.446247 -0.312331   1.03289
0.447057 0.113367 0.913143   0.44631 -0.312332   1.03281
 0.44712 0.113367 0.913225  0.446373 -0.312332   1.03272
0.447182 0.113368 0.913307  0.446436 -0.312333   1.03264
0.447245 0.113369 0.913389  0.446499 -0.312333   1.03255
0.447308 0.113369 0.913471  0.446563 -0.312334   1.03247
 0.44737  0.11337 0.913554  0.446626 -0.312334   1.03238
0.447432 0.113371 0.913637  0.446689 -0.312334   1.03229
0.447495 0.113371 0.913721  0.446752 -0.312335   1.03221
0.447557 0.113372 0.913804  0.446814 -0.312335   1.03212
0.447619 0.113372 0.913887  0.446876 -0.312336   1.03204
0.447681 0.113373  0.91397  0.446938 -0.312337   1.03195
0.447743 0.113374 0.914053     0.447 -0.312337   1.03187
0.447805 0.113374 0.914136  0.447062 -0.312338   1.03178
0.447866 0.113375 0.914219  0.447124 -0.312338    1.0317
0.447928 0.113376 0.914302  0.447186 -0.312339   1.03161
 0.44799 0.113376 0.914385 0.447248 -0.31234  1.03153
0.448051 0.113377 0.914468 0.447311 -0.31234  1.03144
0.448113 0.113378 0.914552 0.447373 -0.31234  1.03135
0.448174 0.113379 0.914636  0.447435 -0.312341   1.03127
0.448235 0.113379  0.91472  0.447496 -0.312341   1.03118
0.448296  0.11338 0.914804  0.447557 -0.312342   1.03109
0.448357 0.113381 0.914888  0.447618 -0.312342   1.03101
0.448418 0.113382 0.914971  0.447679 -0.312343   1.03092
0.448479 0.113383 0.915055   0.44774 -0.312343   1.03084
 0.44854 0.113383 0.915138  0.447801 -0.312344   1.03075
0.448601 0.113384 0.915222  0.447862 -0.312345   1.03067
0.448662 0.113385 0.915305  0.447924 -0.312345   1.03058
0.448722 0.113386 0.915389  0.447985 -0.312346   1.03049
0.448782 0.113387 0.915474  0.448046 -0.312346    1.0304
0.448843 0.113387 0.915558  0.448107 -0.312347   1.03032
0.448903 0.113388 0.915643  0.448167 -0.312347   1.03023
0.448963 0.113389 0.915728  0.448228 -0.312348   1.03014
0.449023  0.11339 0.915812  0.448288 -0.312348   1.03006
0.449083 0.113391 0.915896  0.448348 -0.312349   1.02997
0.449143 0.113392  0.91598  0.448408 -0.312349   1.02989
0.449203 0.113393 0.916064 0.448468 -0.31235   1.0298
0.449263 0.113394 0.916149 0.448528 -0.31235  1.02971
0.449323 0.113395 0.916233 0.448588 -0.31235  1.02962
0.449382 0.113396 0.916318  0.448649 -0.312351   1.02954
0.449442 0.113397 0.916403  0.448709 -0.312351   1.02945
0.449501 0.113398 0.916488  0.448768 -0.312352   1.02936
 0.44956 0.113399 0.916573  0.448828 -0.312352   1.02927
0.449619   0.1134 0.916658  0.448887 -0.312353   1.02919
0.449678 0.113401 0.916744  0.448946 -0.312354    1.0291
0.449738 0.113402 0.916828  0.449005 -0.312354   1.02901
0.449797 0.113403 0.916913  0.449064 -0.312355   1.02893
0.449856 0.113404 0.916998  0.449123 -0.312355   1.02884
0.449914 0.113405 0.917083  0.449182 -0.312356   1.02875
0.449973 0.113406 0.917168  0.449242 -0.312356   1.02866
0.450032 0.113407 0.917253  0.449301 -0.312357   1.02857
 0.45009 0.113408 0.917338   0.44936 -0.312357   1.02848
0.450149 0.113409 0.917424  0.449419 -0.312358    1.0284
0.450207  0.11341  0.91751  0.449478 -0.312358   1.02831
0.450265 0.113411 0.917596  0.449536 -0.312359   1.02822
0.450323 0.113413 0.917682  0.449594 -0.312359   1.02813
0.450381 0.113414 0.917768 0.449652 -0.31236  1.02805
0.450439 0.113415 0.917853  0.44971 -0.31236  1.02796
0.450497 0.113416 0.917938  0.449768 -0.312361   1.02787
0.450555 0.113417 0.918024  0.449826 -0.312361   1.02778
0.450613 0.113418 0.918109  0.449884 -0.312362   1.02769
0.450671 0.113419 0.918195  0.449943 -0.312362    1.0276
0.450728 0.113421 0.918281  0.450001 -0.312363   1.02751
0.450786 0.113422 0.918367  0.450059 -0.312363   1.02742
0.450843 0.113423 0.918453  0.450117 -0.312364   1.02734
  0.4509 0.113424 0.918539  0.450174 -0.312364   1.02725
0.450957 0.113426 0.918626  0.450231 -0.312365   1.02716
0.451014 0.113427 0.918712  0.450288 -0.312365   1.02707
0.451072 0.113428 0.918798  0.450345 -0.312366   1.02698
0.451128 0.113429 0.918884  0.450402 -0.312366   1.02689
0.451185 0.113431  0.91897  0.450459 -0.312366   1.02681
0.451242 0.113432 0.919056  0.450516 -0.312367   1.02672
0.451299 0.113433 0.919143  0.450573 -0.312367   1.02663
0.451355 0.113435 0.919229  0.450631 -0.312368   1.02654
0.451412 0.113436 0.919316  0.450687 -0.312369   1.02645
0.451468 0.113438 0.919403  0.450744 -0.312369   1.02636
0.451524 0.113439  0.91949   0.4508 -0.31237  1.02627
0.451581  0.11344 0.919577 0.450856 -0.31237  1.02618
0.451637 0.113442 0.919663  0.450912 -0.312371   1.02609
0.451693 0.113443  0.91975  0.450968 -0.312371     1.026
0.451749 0.113444 0.919837  0.451024 -0.312371   1.02591
0.451805 0.113446 0.919923   0.45108 -0.312372   1.02582
 0.45186 0.113447  0.92001  0.451137 -0.312372   1.02573
0.451916 0.113449 0.920097  0.451193 -0.312373   1.02564
0.451972  0.11345 0.920184  0.451249 -0.312373   1.02555
0.452027 0.113452 0.920271  0.451305 -0.312374   1.02546
0.452083 0.113453 0.920358   0.45136 -0.312374   1.02537
0.452138 0.113455 0.920446  0.451416 -0.312375   1.02528
0.452193 0.113456 0.920533  0.451471 -0.312375   1.02519
0.452248 0.113458  0.92062  0.451526 -0.312376    1.0251
0.452303 0.113459 0.920708   0.45158 -0.312377   1.02501
0.452358 0.113461 0.920795  0.451635 -0.312377   1.02492
0.452413 0.113462 0.920882  0.451691 -0.312377   1.02483
0.452468 0.113464 0.920969  0.451746 -0.312378   1.02474
0.452523 0.113466 0.921057  0.451801 -0.312378   1.02465
0.452577 0.113467 0.921144  0.451856 -0.312378   1.02456
0.452632 0.113469 0.921232  0.451911 -0.312379   1.02447
0.452686  0.11347  0.92132  0.451966 -0.312379   1.02438
0.452741 0.113472 0.921407  0.45202 -0.31238  1.02429
0.452795 0.113473 0.921495 0.452074 -0.31238   1.0242
0.452849 0.113475 0.921583  0.452128 -0.312381   1.02411
0.452903 0.113477 0.921671  0.452182 -0.312381   1.02402
0.452957 0.113478 0.921758  0.452235 -0.312382   1.02393
0.453011  0.11348 0.921846   0.45229 -0.312382   1.02384
0.453065 0.113482 0.921934  0.452344 -0.312383   1.02374
0.453118 0.113484 0.922021  0.452398 -0.312383   1.02365
0.453172 0.113485 0.922109  0.452452 -0.312384   1.02356
0.453226 0.113487 0.922197  0.452506 -0.312384   1.02347
0.453279 0.113489 0.922285  0.452559 -0.312385   1.02338
0.453333  0.11349 0.922373  0.452613 -0.312385   1.02329
0.453386 0.113492 0.922461  0.452666 -0.312386    1.0232
 0.45344 0.113494 0.922549  0.452718 -0.312386   1.02311
0.453493 0.113496 0.922637  0.452771 -0.312386   1.02301
0.453546 0.113497 0.922724  0.452824 -0.312387   1.02292
0.453599 0.113499 0.922812  0.452877 -0.312387   1.02283
0.453652 0.113501   0.9229   0.45293 -0.312388   1.02274
0.453705 0.113502 0.922988  0.452983 -0.312388   1.02265
0.453758 0.113504 0.923075  0.453036 -0.312389   1.02256
0.453811 0.113506 0.923163 0.453089 -0.31239  1.02246
0.453863 0.113507 0.923251 0.453141 -0.31239  1.02237
0.453916 0.113509 0.923339  0.453193 -0.312391   1.02228
0.453969 0.113511 0.923427  0.453245 -0.312392   1.02219
0.454021 0.113512 0.923514  0.453297 -0.312392    1.0221
0.454074 0.113514 0.923602  0.453348 -0.312393   1.02201
0.454126 0.113515  0.92369    0.4534 -0.312393   1.02191
0.454178 0.113517 0.923777  0.453452 -0.312394   1.02182
 0.45423 0.113519 0.923865  0.453504 -0.312394   1.02173
0.454283  0.11352 0.923952  0.453556 -0.312395   1.02164
0.454335 0.113522  0.92404  0.453608 -0.312395   1.02154
0.454387 0.113523 0.924127   0.45366 -0.312396   1.02145
0.454439 0.113524 0.924215  0.453711 -0.312397   1.02136
0.454491 0.113526 0.924302  0.453762 -0.312397   1.02127
0.454542 0.113527  0.92439  0.453812 -0.312398   1.02117
0.454594 0.113528 0.924477  0.453863 -0.312399   1.02108
0.454646  0.11353 0.924564 0.453913  -0.3124  1.02099
0.454697 0.113531 0.924652 0.453964  -0.3124   1.0209
0.454749 0.113532 0.924739  0.454015 -0.312401   1.02081
  0.4548 0.113534 0.924826  0.454066 -0.312402   1.02071
0.454852 0.113535 0.924913  0.454117 -0.312402   1.02062
0.454903 0.113536    0.925  0.454167 -0.312403   1.02053
0.454954 0.113537 0.925087  0.454218 -0.312403   1.02043
0.455005 0.113538 0.925174  0.454268 -0.312404   1.02034
0.455056 0.113539 0.925261  0.454318 -0.312405   1.02025
0.455108  0.11354 0.925348  0.454367 -0.312406   1.02015
0.455158 0.113541 0.925435  0.454417 -0.312407   1.02006
0.455209 0.113542 0.925522  0.454466 -0.312407   1.01997
 0.45526 0.113543 0.925609  0.454515 -0.312408   1.01988
0.455311 0.113544 0.925695  0.454565 -0.312409   1.01978
0.455361 0.113544 0.925782 0.454615 -0.31241  1.01969
0.455412 0.113545 0.925868 0.454665 -0.31241  1.01959
0.455463 0.113546 0.925955  0.454714 -0.312411    1.0195
0.455513 0.113547 0.926042  0.454764 -0.312412   1.01941
0.455563 0.113547 0.926128  0.454813 -0.312413   1.01931
0.455614 0.113548 0.926215  0.454861 -0.312414   1.01922
0.455664 0.113549 0.926301   0.45491 -0.312414   1.01913
0.455714 0.113549 0.926387  0.454958 -0.312415   1.01903
0.455764  0.11355 0.926473  0.455006 -0.312416   1.01894
0.455814  0.11355  0.92656  0.455055 -0.312417   1.01885
0.455864  0.11355 0.926646  0.455103 -0.312417   1.01875
0.455914 0.113551 0.926732  0.455152 -0.312418   1.01866
0.455964 0.113551 0.926817    0.4552 -0.312419   1.01856
0.456014 0.113552 0.926903 0.455249 -0.31242  1.01847
0.456063 0.113552 0.926989  0.455297 -0.312421   1.01838
0.456113 0.113552 0.927075  0.455345 -0.312422   1.01828
0.456163 0.113552 0.927161  0.455392 -0.312423   1.01819
0.456212 0.113552 0.927247  0.455439 -0.312424   1.01809
0.456262 0.113552 0.927332  0.455487 -0.312425     1.018
0.456311 0.113552 0.927418  0.455534 -0.312426   1.01791
 0.45636 0.113552 0.927504  0.455581 -0.312427   1.01781
0.456409 0.113552 0.927589  0.455628 -0.312427   1.01772
0.456458 0.113552 0.927674  0.455676 -0.312428   1.01762
0.456507 0.113552  0.92776  0.455723 -0.312429   1.01753
0.456556 0.113552 0.927845 0.455771 -0.31243  1.01743
0.456605 0.113552  0.92793  0.455818 -0.312431   1.01734
0.456654 0.113552 0.928015  0.455864 -0.312432   1.01724
0.456703 0.113552 0.928101  0.455911 -0.312433   1.01715
0.456752 0.113552 0.928186  0.455957 -0.312434   1.01706
0.456801 0.113551 0.928271  0.456003 -0.312435   1.01696
0.456849 0.113551 0.928355  0.456049 -0.312436   1.01687
0.456898 0.113551  0.92844  0.456095 -0.312437   1.01677
0.456946  0.11355 0.928525  0.456141 -0.312438   1.01668
0.456994  0.11355  0.92861  0.456187 -0.312439   1.01658
0.457043  0.11355 0.928694 0.456234 -0.31244  1.01649
0.457091 0.113549 0.928779   0.45628 -0.312441   1.01639
0.457139 0.113549 0.928863  0.456326 -0.312441    1.0163
0.457187 0.113548 0.928948  0.456371 -0.312442    1.0162
0.457236 0.113548 0.929033  0.456417 -0.312443   1.01611
0.457284 0.113548 0.929117  0.456462 -0.312444   1.01601
0.457332 0.113547 0.929201  0.456507 -0.312445   1.01592
 0.45738 0.113547 0.929285  0.456552 -0.312446   1.01582
0.457427 0.113546  0.92937  0.456596 -0.312447   1.01573
0.457475 0.113546 0.929454  0.456642 -0.312448   1.01563
0.457523 0.113545 0.929538  0.456687 -0.312449   1.01554
0.457571 0.113545 0.929621  0.456732 -0.312451   1.01544
0.457618 0.113544 0.929705  0.456777 -0.312452   1.01534
0.457666 0.113544 0.929789  0.456822 -0.312453   1.01525
0.457713 0.113543 0.929873  0.456866 -0.312454   1.01515
0.457761 0.113542 0.929957   0.45691 -0.312455   1.01506
0.457808 0.113542 0.930041  0.456954 -0.312456   1.01496
0.457856 0.113541 0.930124  0.456998 -0.312457   1.01487
0.457903 0.113541 0.930208  0.457042 -0.312458   1.01477
 0.45795  0.11354 0.930291  0.457086 -0.312459   1.01468
0.457997 0.113539 0.930375  0.45713 -0.31246  1.01458
0.458044 0.113539 0.930458  0.457174 -0.312461   1.01448
0.458091 0.113538 0.930541  0.457218 -0.312463   1.01439
0.458138 0.113538 0.930624  0.457262 -0.312464   1.01429
0.458185 0.113537 0.930708  0.457306 -0.312465   1.01419
0.458232 0.113536 0.930791  0.457349 -0.312466    1.0141
0.458279 0.113536 0.930874  0.457392 -0.312467     1.014
0.458326 0.113535 0.930957  0.457435 -0.312469   1.01391
0.458373 0.113534  0.93104 0.457478 -0.31247  1.01381
 0.45842 0.113534 0.931123  0.457521 -0.312471   1.01372
0.458466 0.113533 0.931206  0.457564 -0.312472   1.01362
0.458513 0.113533 0.931288  0.457607 -0.312473   1.01353
0.458559 0.113532 0.931371   0.45765 -0.312474   1.01343
0.458605 0.113531 0.931454  0.457693 -0.312476   1.01333
0.458651  0.11353 0.931537  0.457735 -0.312477   1.01323
0.458697 0.113529 0.931621  0.457778 -0.312478   1.01314
0.458743 0.113528 0.931705   0.45782 -0.312479   1.01304
0.458789 0.113527 0.931789 0.457863 -0.31248  1.01295
0.458834 0.113526 0.931873  0.457905 -0.312482   1.01285
 0.45888 0.113525 0.931957  0.457946 -0.312483   1.01275
0.458925 0.113524 0.932041  0.457988 -0.312484   1.01266
0.458971 0.113523 0.932124   0.45803 -0.312486   1.01256
0.459016 0.113522 0.932208  0.458072 -0.312487   1.01247
0.459061 0.113521 0.932292  0.458114 -0.312488   1.01237
0.459106 0.113519 0.932376 0.458156 -0.31249  1.01227
0.459151 0.113518 0.932461  0.458198 -0.312491   1.01218
0.459195 0.113517 0.932546  0.458239 -0.312492   1.01208
 0.45924 0.113515 0.932631  0.458281 -0.312493   1.01198
0.459284 0.113513 0.932717  0.458322 -0.312495   1.01189
0.459328 0.113512 0.932802  0.458363 -0.312496   1.01179
0.459372  0.11351 0.932888  0.458404 -0.312497   1.01169
0.459417 0.113509 0.932973  0.458445 -0.312499    1.0116
0.459461 0.113507 0.933058 0.458486  -0.3125   1.0115
0.459505 0.113505 0.933144  0.458527 -0.312501    1.0114
0.459549 0.113504 0.933229  0.458568 -0.312503   1.01131
0.459593 0.113502 0.933314  0.458609 -0.312504   1.01121
0.459636   0.1135 0.933401   0.45865 -0.312506   1.01111
 0.45968 0.113498 0.933487   0.45869 -0.312507   1.01102
0.459723 0.113496 0.933574  0.458731 -0.312509   1.01092
0.459766 0.113494 0.933661 0.458771 -0.31251  1.01082
0.459809 0.113492 0.933748  0.458812 -0.312512   1.01073
0.459852  0.11349 0.933835  0.458852 -0.312513   1.01063
0.459895 0.113488 0.933922  0.458892 -0.312515   1.01054
0.459938 0.113486 0.934008  0.458932 -0.312516   1.01044
0.459981 0.113484 0.934095  0.458972 -0.312517   1.01034
0.460024 0.113482 0.934182  0.459012 -0.312519   1.01025
0.460066  0.11348 0.934269 0.459053 -0.31252  1.01015
0.460109 0.113477 0.934357  0.459093 -0.312522   1.01005
0.460151 0.113475 0.934445  0.459133 -0.312523   1.00995
0.460193 0.113473 0.934533  0.459172 -0.312525   1.00986
0.460235  0.11347 0.934621  0.459212 -0.312527   1.00976
0.460277 0.113468  0.93471  0.459252 -0.312528   1.00967
0.460319 0.113465 0.934798 0.459291 -0.31253  1.00957
0.460361 0.113463 0.934886   0.45933 -0.312531   1.00948
0.460403  0.11346 0.934975   0.45937 -0.312533   1.00938
0.460445 0.113458 0.935063  0.459409 -0.312534   1.00928
0.460487 0.113455 0.935151  0.459449 -0.312536   1.00919
0.460528 0.113452  0.93524  0.459488 -0.312538   1.00909
 0.46057  0.11345 0.935329  0.459528 -0.312539   1.00899
0.460611 0.113447 0.935418  0.459567 -0.312541    1.0089
0.460652 0.113444 0.935508  0.459606 -0.312542    1.0088
0.460693 0.113441 0.935598  0.459645 -0.312544   1.00871
0.460734 0.113438 0.935688  0.459684 -0.312546   1.00861
0.460774 0.113435 0.935777  0.459722 -0.312547   1.00851
0.460815 0.113432 0.935867  0.459761 -0.312549   1.00842
0.460856 0.113429 0.935957    0.4598 -0.312551   1.00832
0.460897 0.113427 0.936046  0.459838 -0.312552   1.00823
0.460937 0.113424 0.936136  0.459877 -0.312554   1.00813
0.460978 0.113421 0.936226  0.459916 -0.312556   1.00804
0.461018 0.113417 0.936316  0.459955 -0.312557   1.00794
0.461058 0.113414 0.936407  0.459993 -0.312559   1.00784
0.461098 0.113411 0.936498  0.460032 -0.312561   1.00775
0.461138 0.113408 0.936589   0.46007 -0.312562   1.00765
0.461178 0.113404 0.936681  0.460108 -0.312564   1.00756
0.461218 0.113401 0.936772  0.460146 -0.312566   1.00746
0.461257 0.113398 0.936863  0.460184 -0.312567   1.00737
0.461297 0.113394 0.936953  0.460222 -0.312569   1.00727
0.461337 0.113391 0.937044   0.46026 -0.312571   1.00718
0.461376 0.113388 0.937135  0.460298 -0.312572   1.00708
0.461416 0.113384 0.937226  0.460336 -0.312574   1.00699
0.461455 0.113381 0.937318  0.460374 -0.312576   1.00689
0.461494 0.113377  0.93741  0.460412 -0.312578    1.0068
0.461533 0.113373 0.937503  0.46045 -0.31258   1.0067
0.461572  0.11337 0.937595  0.460487 -0.312581   1.00661
 0.46161 0.113366 0.937687  0.460525 -0.312583   1.00651
0.461649 0.113362  0.93778  0.460562 -0.312585   1.00642
0.461688 0.113358 0.937872    0.4606 -0.312586   1.00632
0.461726 0.113355 0.937964  0.460637 -0.312588   1.00623
0.461765 0.113351 0.938056 0.460674 -0.31259  1.00613
0.461803 0.113347 0.938148  0.460712 -0.312592   1.00604
0.461842 0.113344  0.93824  0.460749 -0.312593   1.00594
 0.46188  0.11334 0.938333  0.460786 -0.312595   1.00585
0.461918 0.113336 0.938427  0.460824 -0.312597   1.00575
0.461955 0.113332  0.93852  0.460861 -0.312599   1.00566
0.461993 0.113328 0.938614 0.460897  -0.3126  1.00556
 0.46203 0.113323 0.938707  0.460934 -0.312602   1.00547
0.462068 0.113319 0.938801  0.460971 -0.312604   1.00538
0.462106 0.113315 0.938894  0.461007 -0.312606   1.00528
0.462143 0.113311 0.938987  0.461044 -0.312608   1.00519
0.462181 0.113307  0.93908  0.461081 -0.312609    1.0051
0.462218 0.113303 0.939173  0.461118 -0.312611     1.005
0.462255 0.113299 0.939267  0.461154 -0.312613   1.00491
0.462292 0.113295 0.939361  0.461191 -0.312614   1.00481
0.462329  0.11329 0.939455  0.461227 -0.312616   1.00472
0.462366 0.113286  0.93955  0.461264 -0.312618   1.00462
0.462402 0.113281 0.939644   0.4613 -0.31262  1.00453
0.462438 0.113277 0.939739  0.461336 -0.312621   1.00444
0.462475 0.113272 0.939833  0.461372 -0.312623   1.00434
0.462511 0.113268 0.939928  0.461408 -0.312625   1.00425
0.462548 0.113264 0.940022  0.461444 -0.312626   1.00416
0.462584 0.113259 0.940116   0.46148 -0.312628   1.00406
 0.46262 0.113255  0.94021 0.461516 -0.31263  1.00397
0.462656  0.11325 0.940304  0.461552 -0.312632   1.00387
0.462692 0.113246 0.940399  0.461588 -0.312634   1.00378
0.462728 0.113241 0.940494  0.461624 -0.312636   1.00369
0.462763 0.113236  0.94059  0.461659 -0.312637   1.00359
0.462799 0.113231 0.940686  0.461695 -0.312639    1.0035
0.462834 0.113227 0.940781   0.46173 -0.312641   1.00341
0.462869 0.113222 0.940877  0.461765 -0.312642   1.00332
0.462905 0.113217 0.940972  0.461801 -0.312644   1.00322
 0.46294 0.113212 0.941067  0.461836 -0.312646   1.00313
0.462975 0.113208 0.941162  0.461871 -0.312647   1.00304
 0.46301 0.113203 0.941257  0.461907 -0.312649   1.00294
0.463045 0.113198 0.941352  0.461942 -0.312651   1.00285
 0.46308 0.113193 0.941448  0.461977 -0.312653   1.00276
0.463114 0.113188 0.941544  0.462012 -0.312655   1.00266
0.463149 0.113183  0.94164  0.462047 -0.312657   1.00257
0.463183 0.113178 0.941737  0.462082 -0.312658   1.00248
0.463217 0.113172 0.941833 0.462117 -0.31266  1.00239
0.463251 0.113167 0.941929  0.462151 -0.312662   1.00229
0.463286 0.113162 0.942025  0.462186 -0.312663    1.0022
 0.46332 0.113157 0.942121   0.46222 -0.312665   1.00211
0.463354 0.113152 0.942217  0.462255 -0.312667   1.00202
0.463388 0.113147 0.942313   0.46229 -0.312668   1.00192
0.463421 0.113142 0.942409 0.462324 -0.31267  1.00183
0.463455 0.113137 0.942505  0.462359 -0.312672   1.00174
0.463488 0.113131 0.942602  0.462393 -0.312673   1.00164
0.463522 0.113126 0.942699  0.462428 -0.312675   1.00155
0.463555  0.11312 0.942796  0.462462 -0.312677   1.00146
0.463588 0.113115 0.942894  0.462496 -0.312679   1.00137
0.463621 0.113109  0.94299 0.462529 -0.31268  1.00128
0.463654 0.113104 0.943087  0.462563 -0.312682   1.00119
0.463687 0.113098 0.943184  0.462597 -0.312684   1.00109
 0.46372 0.113093  0.94328  0.462631 -0.312686     1.001
0.463752 0.113088 0.943377  0.462665 -0.312687   1.00091
0.463785 0.113082 0.943474  0.462699 -0.312689   1.00082
0.463817 0.113077 0.943571  0.462733 -0.312691   1.00072
 0.46385 0.113071 0.943668  0.462767 -0.312692   1.00063
0.463882 0.113065 0.943766    0.4628 -0.312694   1.00054
0.463914 0.113059 0.943864  0.462834 -0.312696   1.00045
0.463945 0.113053 0.943962  0.462867 -0.312697   1.00036
0.463977 0.113048  0.94406    0.4629 -0.312699   1.00027
0.464009 0.113042 0.944157  0.462933 -0.312701   1.00018
0.464041 0.113036 0.944254  0.462966 -0.312702   1.00009
0.464073  0.11303 0.944351     0.463 -0.312704  0.999994
0.464104 0.113025 0.944448  0.463033 -0.312706  0.999902
0.464136 0.113019 0.944546  0.463066 -0.312708  0.999809
0.464167 0.113013 0.944644  0.463099 -0.312709  0.999718
0.464198 0.113007 0.944742  0.463132 -0.312711  0.999626
0.464229 0.113001  0.94484  0.463165 -0.312713  0.999535
 0.46426 0.112995 0.944939  0.463198 -0.312714  0.999444
0.464291 0.112989 0.945037  0.463231 -0.312716  0.999354
0.464321 0.112983 0.945136  0.463263 -0.312718  0.999263
0.464352 0.112977 0.945234  0.463296 -0.312719  0.999173
0.464383 0.112971 0.945331  0.463328 -0.312721  0.999082
0.464413 0.112965 0.945429  0.463361 -0.312722  0.998991
0.464444 0.112959 0.945527  0.463393 -0.312724  0.998899
0.464474 0.112953 0.945625  0.463426 -0.312726  0.998807
0.464504 0.112947 0.945723  0.463458 -0.312727  0.998716
0.464534 0.112941 0.945822   0.46349 -0.312729  0.998625
0.464564 0.112935 0.945921  0.463523 -0.312731  0.998534
0.464593 0.112929 0.946021  0.463555 -0.312733  0.998444
0.464623 0.112923  0.94612  0.463587 -0.312734  0.998354
0.464652 0.112917 0.946218  0.463618 -0.312736  0.998264
0.464682 0.112911 0.946317   0.46365 -0.312737  0.998174
0.464711 0.112905 0.946415  0.463682 -0.312739  0.998084
0.464741   0.1129 0.946514 0.463714 -0.31274 0.997993
 0.46477 0.112894 0.946612  0.463746 -0.312742  0.997902
0.464799 0.112889 0.946711  0.463778 -0.312744  0.997811
0.464828 0.112883  0.94681  0.463809 -0.312745   0.99772
0.464857 0.112878 0.946909  0.463841 -0.312747   0.99763
0.464886 0.112872 0.947009  0.463872 -0.312748   0.99754
0.464914 0.112867 0.947109 0.463904 -0.31275  0.99745
0.464943 0.112862 0.947209  0.463935 -0.312751   0.99736
0.464971 0.112857 0.947308  0.463966 -0.312753  0.997271
   0.465 0.112852 0.947407  0.463997 -0.312754  0.997181
0.465028 0.112848 0.947506  0.464028 -0.312756  0.997091
0.465056 0.112843 0.947605   0.46406 -0.312757  0.997001
0.465085 0.112839 0.947704  0.464091 -0.312759  0.996911
0.465113 0.112834 0.947804 0.464122 -0.31276  0.99682
0.465141  0.11283 0.947903  0.464153 -0.312762  0.996729
0.465168 0.112826 0.948003  0.464184 -0.312763  0.996639
0.465196 0.112822 0.948104  0.464215 -0.312764   0.99655
0.465223 0.112818 0.948204  0.464246 -0.312765   0.99646
 0.46525 0.112814 0.948305  0.464276 -0.312767  0.996371
0.465277  0.11281 0.948405  0.464307 -0.312768  0.996282
0.465305 0.112807 0.948505  0.464337 -0.312769  0.996193
0.465332 0.112803 0.948604 0.464368 -0.31277 0.996104
0.465359   0.1128 0.948704  0.464398 -0.312772  0.996014
0.465386 0.112797 0.948803  0.464429 -0.312773  0.995924
0.465413 0.112794 0.948903  0.464459 -0.312774  0.995834
 0.46544 0.112791 0.949003   0.46449 -0.312776  0.995744
0.465467 0.112788 0.949104   0.46452 -0.312777  0.995654
0.465493 0.112785 0.949205   0.46455 -0.312778  0.995565
0.465519 0.112782 0.949306   0.46458 -0.312779  0.995476
0.465545  0.11278 0.949407  0.46461 -0.31278 0.995388
0.465571 0.112778 0.949508   0.46464 -0.312782  0.995299
0.465597 0.112775 0.949608   0.46467 -0.312783   0.99521
0.465624 0.112773 0.949709    0.4647 -0.312784  0.995122
 0.46565 0.112772 0.949809   0.46473 -0.312785  0.995032
0.465676  0.11277 0.949909  0.464759 -0.312786  0.994942
0.465701 0.112768 0.950009  0.464789 -0.312787  0.994853
0.465727 0.112766  0.95011  0.464819 -0.312788  0.994763
0.465752 0.112765 0.950211  0.464848 -0.312789  0.994674
0.465778 0.112763 0.950313 0.464877 -0.31279 0.994585
0.465803 0.112762 0.950414  0.464906 -0.312791  0.994496
0.465827  0.11276 0.950516  0.464935 -0.312793  0.994408
0.465852 0.112759 0.950617  0.464963 -0.312794  0.994319
0.465877 0.112758 0.950718  0.464992 -0.312795  0.994231
0.465902 0.112758 0.950819   0.46502 -0.312796  0.994142
0.465927 0.112757 0.950919  0.465049 -0.312796  0.994052
0.465952 0.112757  0.95102  0.465078 -0.312797  0.993962
0.465977 0.112756 0.951121  0.465106 -0.312798  0.993871
0.466001 0.112756 0.951222  0.465134 -0.312799  0.993781
0.466025 0.112755 0.951323 0.465162  -0.3128 0.993691
0.466049 0.112755 0.951425  0.46519  -0.3128 0.993601
0.466073 0.112755 0.951527  0.465217 -0.312801  0.993512
0.466097 0.112755 0.951629  0.465244 -0.312802  0.993423
 0.46612 0.112755 0.951731  0.465271 -0.312803  0.993333
0.466144 0.112755 0.951832  0.465298 -0.312804  0.993244
0.466168 0.112755 0.951933  0.465325 -0.312805  0.993154
0.466192 0.112756 0.952034  0.465352 -0.312805  0.993063
0.466215 0.112756 0.952135  0.465379 -0.312806  0.992971
0.466239 0.112757 0.952236  0.465405 -0.312807   0.99288
0.466262 0.112758 0.952338  0.465432 -0.312807  0.992788
0.466285 0.112759  0.95244  0.465458 -0.312808  0.992697
0.466308  0.11276 0.952542  0.465484 -0.312809  0.992606
 0.46633  0.11276 0.952645  0.465509 -0.312809  0.992515
0.466353 0.112761 0.952747 0.465535 -0.31281 0.992424
0.466375 0.112763 0.952849  0.46556 -0.31281 0.992333
0.466398 0.112764 0.952951  0.465585 -0.312811  0.992242
 0.46642 0.112765 0.953052   0.46561 -0.312812   0.99215
0.466443 0.112766 0.953153  0.465635 -0.312812  0.992058
0.466465 0.112768 0.953255   0.46566 -0.312813  0.991965
0.466488 0.112769 0.953356  0.465685 -0.312813  0.991871
 0.46651 0.112771 0.953458  0.465709 -0.312814  0.991778
0.466531 0.112773  0.95356  0.465734 -0.312814  0.991685
0.466553 0.112775 0.953662  0.465758 -0.312815  0.991592
0.466574 0.112777 0.953765  0.465781 -0.312815    0.9915
0.466596 0.112779 0.953868  0.465805 -0.312816  0.991407
0.466617 0.112781  0.95397  0.465828 -0.312816  0.991315
0.466638 0.112784 0.954072  0.465851 -0.312816  0.991222
 0.46666 0.112786 0.954174  0.465874 -0.312817  0.991128
0.466681 0.112788 0.954276  0.465897 -0.312817  0.991034
0.466702 0.112791 0.954377  0.465921 -0.312817  0.990939
0.466723 0.112793 0.954478  0.465944 -0.312818  0.990844
0.466744 0.112796  0.95458  0.465966 -0.312818  0.990749
0.466765 0.112798 0.954683  0.465989 -0.312818  0.990654
0.466785 0.112801 0.954785  0.466011 -0.312819  0.990559
0.466805 0.112804 0.954889  0.466033 -0.312819  0.990465
0.466825 0.112806 0.954991  0.466054 -0.312819  0.990371
0.466845 0.112809 0.955094 0.466075 -0.31282 0.990276
0.466865 0.112812 0.955197 0.466097 -0.31282 0.990182
0.466885 0.112816 0.955299 0.466118 -0.31282 0.990086
0.466905 0.112819   0.9554  0.466139 -0.312821   0.98999
0.466926 0.112822 0.955502  0.466161 -0.312821  0.989894
0.466945 0.112826 0.955604  0.466182 -0.312821  0.989797
0.466965 0.112829 0.955705  0.466203 -0.312821    0.9897
0.466985 0.112832 0.955808  0.466223 -0.312821  0.989604
0.467004 0.112836 0.955911  0.466244 -0.312821  0.989507
0.467023 0.112839 0.956014  0.466263 -0.312821  0.989411
0.467041 0.112842 0.956117  0.466283 -0.312822  0.989315
 0.46706 0.112846  0.95622  0.466303 -0.312822  0.989219
0.467079  0.11285 0.956323  0.466322 -0.312822  0.989123
0.467098 0.112854 0.956425  0.466341 -0.312822  0.989026
0.467117 0.112858 0.956527  0.466361 -0.312822  0.988928
0.467136 0.112862 0.956629   0.46638 -0.312822   0.98883
0.467155 0.112866 0.956731    0.4664 -0.312823  0.988732
0.467173  0.11287 0.956833  0.466419 -0.312823  0.988633
0.467191 0.112874 0.956935  0.466438 -0.312823  0.988535
0.467209 0.112878 0.957038  0.466456 -0.312823  0.988437
0.467227 0.112882 0.957141  0.466474 -0.312823  0.988339
0.467245 0.112887 0.957245  0.466492 -0.312823  0.988242
0.467262 0.112891 0.957348   0.46651 -0.312823  0.988144
 0.46728 0.112895 0.957451  0.466527 -0.312823  0.988046
0.467298 0.112899 0.957553  0.466545 -0.312823  0.987948
0.467315 0.112904 0.957655  0.466563 -0.312823  0.987849
0.467333 0.112908 0.957757  0.466581 -0.312823  0.987749
0.467351 0.112913 0.957859  0.466598 -0.312823  0.987649
0.467368 0.112918 0.957961  0.466615 -0.312823   0.98755
0.467385 0.112923 0.958064  0.466633 -0.312823   0.98745
0.467402 0.112928 0.958167  0.466649 -0.312824  0.987351
0.467419 0.112933  0.95827  0.466666 -0.312824  0.987252
0.467435 0.112937 0.958374  0.466682 -0.312824  0.987153
0.467451 0.112942 0.958477  0.466698 -0.312824  0.987054
0.467468 0.112947  0.95858  0.466714 -0.312824  0.986955
0.467484 0.112952 0.958683   0.46673 -0.312824  0.986855
0.467501 0.112957 0.958785  0.466746 -0.312824  0.986755
0.467517 0.112962 0.958887  0.466762 -0.312824  0.986654
0.467533 0.112967 0.958989  0.466778 -0.312824  0.986552
 0.46755 0.112972 0.959091  0.466794 -0.312824  0.986451
0.467566 0.112977 0.959194  0.466809 -0.312824  0.986351
0.467581 0.112983 0.959297  0.466824 -0.312824   0.98625
0.467597 0.112988   0.9594  0.466839 -0.312824   0.98615
0.467612 0.112993 0.959504  0.466853 -0.312824   0.98605
0.467627 0.112999 0.959607  0.466868 -0.312824   0.98595
0.467642 0.113004 0.959711  0.466882 -0.312824   0.98585
0.467657  0.11301 0.959814  0.466896 -0.312824  0.985749
0.467672 0.113015 0.959916  0.466911 -0.312824  0.985647
0.467688 0.113021 0.960018  0.466925 -0.312824  0.985545
0.467703 0.113026  0.96012  0.466939 -0.312824  0.985443
0.467718 0.113032 0.960222  0.466954 -0.312824  0.985341
0.467733 0.113038 0.960325  0.466967 -0.312824  0.985239
0.467747 0.113043 0.960428  0.466981 -0.312824  0.985138
0.467762 0.113049 0.960531  0.466994 -0.312824  0.985037
0.467776 0.113054 0.960635  0.467007 -0.312824  0.984936
0.467789 0.113059 0.960739   0.46702 -0.312824  0.984835
0.467803 0.113065 0.960842  0.467032 -0.312825  0.984733
0.467817 0.113071 0.960945  0.467045 -0.312825  0.984632
0.467831 0.113077 0.961048  0.467058 -0.312825  0.984529
0.467845 0.113083 0.961151  0.467071 -0.312825  0.984426
0.467859 0.113089 0.961253  0.467084 -0.312825  0.984323
0.467873 0.113095 0.961355  0.467096 -0.312825  0.984221
0.467887 0.113101 0.961457  0.467108 -0.312825  0.984118
  0.4679 0.113107  0.96156   0.46712 -0.312825  0.984016
0.467913 0.113113 0.961663  0.467132 -0.312825  0.983914
0.467926 0.113119 0.961767  0.467143 -0.312825  0.983812
0.467938 0.113124 0.961871  0.467155 -0.312825   0.98371
0.467951  0.11313 0.961975  0.467166 -0.312825  0.983608
0.467964 0.113136 0.962078  0.467177 -0.312825  0.983505
0.467976 0.113142 0.962181  0.467188 -0.312825  0.983402
0.467989 0.113149 0.962284    0.4672 -0.312825  0.983299
0.468002 0.113155 0.962386  0.467211 -0.312825  0.983195
0.468015 0.113161 0.962488  0.467222 -0.312825  0.983091
0.468027 0.113168 0.962591  0.467233 -0.312825  0.982988
0.468039 0.113174 0.962693  0.467243 -0.312825  0.982885
0.468051 0.113181 0.962797  0.467253 -0.312825  0.982783
0.468063 0.113187 0.962901  0.467263 -0.312825   0.98268
0.468074 0.113193 0.963005  0.467273 -0.312825  0.982578
0.468086 0.113199 0.963108  0.467283 -0.312825  0.982475
0.468097 0.113205 0.963212  0.467293 -0.312825  0.982372
0.468108 0.113211 0.963315  0.467303 -0.312825  0.982268
 0.46812 0.113218 0.963418  0.467313 -0.312825  0.982164
0.468131 0.113224  0.96352  0.467322 -0.312825   0.98206
0.468143 0.113231 0.963623  0.467332 -0.312825  0.981955
0.468154 0.113237 0.963725  0.467341 -0.312825  0.981852
0.468165 0.113244 0.963828   0.46735 -0.312826  0.981748
0.468176 0.113251 0.963931  0.467359 -0.312826  0.981645
0.468186 0.113258 0.964035  0.467368 -0.312826  0.981542
0.468196 0.113264 0.964139  0.467376 -0.312826  0.981439
0.468207 0.113271 0.964243  0.467384 -0.312826  0.981336
0.468217 0.113277 0.964347  0.467393 -0.312826  0.981232
0.468227 0.113284  0.96445  0.467401 -0.312826  0.981128
0.468237  0.11329 0.964553   0.46741 -0.312826  0.981024
0.468247 0.113297 0.964655  0.467418 -0.312826  0.980919
0.468258 0.113304 0.964758  0.467426 -0.312826  0.980814
0.468268 0.113311  0.96486  0.467434 -0.312826   0.98071
0.468278 0.113317 0.964963  0.467442 -0.312826  0.980606
0.468287 0.113324 0.965066  0.467449 -0.312826  0.980503
0.468296  0.11333  0.96517  0.467456 -0.312826  0.980399
0.468305 0.113337 0.965274  0.467463 -0.312826  0.980296
0.468314 0.113344 0.965378   0.46747 -0.312826  0.980192
0.468323 0.113351 0.965482  0.467477 -0.312827  0.980088
0.468332 0.113358 0.965586  0.467484 -0.312827  0.979984
0.468341 0.113365 0.965689  0.467491 -0.312827  0.979879
 0.46835 0.113372 0.965792  0.467498 -0.312827  0.979774
0.468359 0.113379 0.965894  0.467505 -0.312827  0.979669
0.468368 0.113386 0.965997  0.467512 -0.312827  0.979564
0.468376 0.113393 0.966099  0.467518 -0.312827   0.97946
0.468385   0.1134 0.966202  0.467524 -0.312827  0.979356
0.468393 0.113406 0.966305   0.46753 -0.312827  0.979253
0.468401 0.113413 0.966409  0.467535 -0.312827  0.979149
0.468408  0.11342 0.966514  0.467541 -0.312827  0.979045
0.468416 0.113426 0.966618  0.467547 -0.312827  0.978941
0.468423 0.113433 0.966722  0.467552 -0.312828  0.978836
0.468431  0.11344 0.966825  0.467558 -0.312828  0.978731
0.468438 0.113447 0.966928  0.467564 -0.312828  0.978626
0.468446 0.113453  0.96703  0.467569 -0.312828   0.97852
0.468453  0.11346 0.967133  0.467575 -0.312828  0.978416
 0.46846 0.113467 0.967235   0.46758 -0.312828  0.978311
0.468468 0.113474 0.967338  0.467584 -0.312829  0.978207
0.468474  0.11348 0.967442  0.467589 -0.312829  0.978103
0.468481 0.113487 0.967546  0.467593 -0.312829  0.977999
0.468487 0.113493  0.96765  0.467597 -0.312829  0.977895
0.468492 0.113499 0.967754  0.467602 -0.312829  0.977791
0.468498 0.113506 0.967858  0.467606 -0.312829  0.977686
0.468504 0.113512 0.967961  0.467611 -0.312829   0.97758
 0.46851 0.113518 0.968064  0.467615 -0.312829  0.977475
0.468516 0.113524 0.968167  0.467619 -0.312829   0.97737
0.468522  0.11353 0.968269  0.467623 -0.312829  0.977265
0.468528 0.113537 0.968372 0.467627 -0.31283  0.97716
0.468534 0.113543 0.968475  0.46763 -0.31283 0.977056
0.468539 0.113549 0.968578 0.467633 -0.31283 0.976952
0.468544 0.113555 0.968682 0.467636 -0.31283 0.976848
0.468548 0.113562 0.968786 0.467639 -0.31283 0.976743
0.468553 0.113567  0.96889 0.467642 -0.31283 0.976639
0.468557 0.113573 0.968994 0.467645 -0.31283 0.976534
0.468561 0.113579 0.969098 0.467649 -0.31283 0.976428
0.468566 0.113585 0.969201 0.467652 -0.31283 0.976323
 0.46857 0.113591 0.969303 0.467655 -0.31283 0.976217
0.468575 0.113596 0.969406  0.467657 -0.312831  0.976112
0.468579 0.113602 0.969508   0.46766 -0.312831  0.976007
0.468583 0.113608  0.96961  0.467662 -0.312831  0.975903
0.468587 0.113613 0.969713  0.467663 -0.312831  0.975799
0.468591 0.113619 0.969817  0.467665 -0.312831  0.975695
0.468594 0.113624 0.969921  0.467667 -0.312831   0.97559
0.468597  0.11363 0.970025  0.467669 -0.312831  0.975486
  0.4686 0.113636 0.970129   0.46767 -0.312831   0.97538
0.468602 0.113641 0.970233  0.467672 -0.312832  0.975275
0.468605 0.113647 0.970336  0.467674 -0.312832  0.975169
0.468608 0.113652 0.970439  0.467676 -0.312832  0.975064
0.468611 0.113657 0.970541  0.467677 -0.312832  0.974958
0.468614 0.113662 0.970643  0.467678 -0.312832  0.974854
0.468617 0.113668 0.970745  0.467679 -0.312833  0.974749
0.468619 0.113673 0.970848   0.46768 -0.312833  0.974645
0.468621 0.113678 0.970951   0.46768 -0.312833  0.974541
0.468623 0.113683 0.971055  0.467681 -0.312833  0.974436
0.468624 0.113687  0.97116  0.467681 -0.312833  0.974331
0.468626 0.113692 0.971264  0.467682 -0.312833  0.974226
0.468627 0.113697 0.971367  0.467682 -0.312834  0.974121
0.468628 0.113702 0.971471  0.467683 -0.312834  0.974015
 0.46863 0.113706 0.971574  0.467683 -0.312834  0.973909
0.468631 0.113711 0.971676  0.467683 -0.312835  0.973804
0.468632 0.113716 0.971778  0.467683 -0.312835  0.973699
0.468633  0.11372  0.97188  0.467683 -0.312835  0.973595
0.468634 0.113725 0.971983  0.467682 -0.312835   0.97349
0.468635 0.113729 0.972085  0.467681 -0.312835  0.973386
0.468636 0.113734 0.972189   0.46768 -0.312836  0.973282
0.468636 0.113738 0.972293  0.467679 -0.312836  0.973177
0.468636 0.113742 0.972397  0.467679 -0.312836  0.973072
0.468635 0.113746 0.972501  0.467678 -0.312836  0.972966
0.468635  0.11375 0.972606  0.467677 -0.312836   0.97286
0.468634 0.113754 0.972709  0.467676 -0.312837  0.972755
0.468634 0.113758 0.972812  0.467675 -0.312837  0.972649
0.468634 0.113762 0.972915  0.467674 -0.312837  0.972544
0.468633 0.113766 0.973017  0.467672 -0.312837  0.972439
0.468633  0.11377  0.97312  0.467671 -0.312838  0.972335
0.468632 0.113774 0.973222  0.467669 -0.312838   0.97223
0.468631 0.113777 0.973324  0.467666 -0.312838  0.972126
 0.46863 0.113781 0.973427  0.467664 -0.312838  0.972022
0.468629 0.113785  0.97353  0.467662 -0.312839  0.971917
0.468627 0.113789 0.973634   0.46766 -0.312839  0.971812
0.468625 0.113793 0.973738  0.467658 -0.312839  0.971706
0.468623 0.113796 0.973842 0.467656 -0.31284   0.9716
0.468621   0.1138 0.973945 0.467654 -0.31284 0.971495
 0.46862 0.113803 0.974048 0.467651 -0.31284 0.971389
0.468618 0.113806 0.974151  0.467648 -0.312841  0.971284
0.468616 0.113809 0.974253  0.467645 -0.312841   0.97118
0.468614 0.113812 0.974355  0.467642 -0.312841  0.971076
0.468612 0.113815 0.974457  0.467639 -0.312841  0.970971
 0.46861 0.113818  0.97456  0.467635 -0.312842  0.970867
0.468607 0.113822 0.974662  0.467632 -0.312842  0.970762
0.468604 0.113825 0.974766  0.467628 -0.312843  0.970657
  0.4686 0.113828  0.97487  0.467625 -0.312843  0.970551
0.468597 0.113831 0.974974  0.467622 -0.312844  0.970445
0.468593 0.113834 0.975078  0.467618 -0.312845   0.97034
 0.46859 0.113837 0.975181  0.467615 -0.312845  0.970235
0.468587  0.11384 0.975284  0.467611 -0.312846   0.97013
0.468583 0.113842 0.975386  0.467606 -0.312846  0.970025
 0.46858 0.113845 0.975488  0.467602 -0.312847  0.969921
0.468577 0.113847  0.97559  0.467597 -0.312847  0.969817
0.468573  0.11385 0.975692  0.467593 -0.312848  0.969712
0.468569 0.113852 0.975795  0.467588 -0.312848  0.969608
0.468565 0.113855 0.975898  0.467584 -0.312849  0.969502
 0.46856 0.113857 0.976002 0.467579 -0.31285 0.969397
0.468555  0.11386 0.976106  0.467575 -0.312851  0.969291
 0.46855 0.113863  0.97621   0.46757 -0.312852  0.969186
0.468545 0.113865 0.976313  0.467565 -0.312853   0.96908
 0.46854 0.113868 0.976416   0.46756 -0.312854  0.968976
0.468536  0.11387 0.976519  0.467554 -0.312855  0.968871
0.468531 0.113872 0.976621  0.467549 -0.312855  0.968767
0.468526 0.113874 0.976723  0.467543 -0.312856  0.968663
0.468521 0.113876 0.976825  0.467537 -0.312857  0.968558
0.468516 0.113879 0.976927  0.467532 -0.312858  0.968453
 0.46851 0.113881  0.97703  0.467526 -0.312859  0.968348
0.468505 0.113883 0.977133  0.46752 -0.31286 0.968243
0.468498 0.113885 0.977237  0.467515 -0.312861  0.968137
0.468492 0.113887 0.977341  0.467509 -0.312862  0.968032
0.468486 0.113889 0.977445  0.467503 -0.312864  0.967927
 0.46848 0.113891 0.977548  0.467497 -0.312865  0.967822
0.468473 0.113892  0.97765   0.46749 -0.312866  0.967718
0.468467 0.113894 0.977752  0.467483 -0.312867  0.967613
0.468461 0.113896 0.977854  0.467477 -0.312869  0.967509
0.468455 0.113898 0.977956  0.46747 -0.31287 0.967405
0.468448   0.1139 0.978058  0.467463 -0.312872    0.9673
0.468441 0.113901 0.978161  0.467456 -0.312873  0.967195
0.468434 0.113903 0.978264   0.46745 -0.312875  0.967089
0.468427 0.113905 0.978368  0.467443 -0.312876  0.966984
0.468419 0.113907 0.978472  0.467436 -0.312878  0.966879
0.468412 0.113908 0.978575 0.467429 -0.31288 0.966774
0.468404  0.11391 0.978678  0.467421 -0.312881  0.966669
0.468397 0.113911 0.978781  0.467414 -0.312883  0.966565
0.468389 0.113912 0.978883  0.467406 -0.312885   0.96646
0.468382 0.113914 0.978985  0.467398 -0.312887  0.966356
0.468374 0.113915 0.979087   0.46739 -0.312888  0.966252
0.468366 0.113916 0.979188 0.467382 -0.31289 0.966148
0.468358 0.113918 0.979291  0.467374 -0.312892  0.966043
 0.46835 0.113919 0.979394  0.467366 -0.312895  0.965937
0.468341 0.113921 0.979497  0.467359 -0.312897  0.965832
0.468332 0.113922 0.979601   0.46735 -0.312899  0.965726
0.468323 0.113924 0.979705  0.467342 -0.312902  0.965621
0.468314 0.113925 0.979808  0.467334 -0.312904  0.965517
0.468306 0.113926 0.979911  0.467325 -0.312906  0.965413
0.468297 0.113927 0.980013  0.467316 -0.312908  0.965308
0.468288 0.113928 0.980115 0.467307 -0.31291 0.965204
0.468279 0.113929 0.980216  0.467298 -0.312913    0.9651
0.468271  0.11393 0.980318  0.467289 -0.312915  0.964996
0.468261 0.113931  0.98042   0.46728 -0.312918  0.964891
0.468252 0.113932 0.980522 0.467271 -0.31292 0.964786
0.468242 0.113934 0.980625  0.467262 -0.312923   0.96468
0.468232 0.113935 0.980729  0.467253 -0.312926  0.964575
0.468221 0.113936 0.980833  0.467244 -0.312929   0.96447
0.468211 0.113937 0.980936  0.467234 -0.312931  0.964366
0.468201 0.113938 0.981039  0.467224 -0.312934  0.964262
0.468191 0.113939 0.981141  0.467214 -0.312937  0.964158
0.468181  0.11394 0.981243 0.467204 -0.31294 0.964054
0.468171 0.113941 0.981345  0.467194 -0.312943   0.96395
0.468161 0.113942 0.981446  0.467184 -0.312946  0.963845
0.468151 0.113942 0.981547  0.467174 -0.312948   0.96374
 0.46814 0.113943  0.98165  0.467164 -0.312952  0.963635
0.468129 0.113944 0.981752  0.467154 -0.312955   0.96353
0.468118 0.113945 0.981856  0.467144 -0.312958  0.963425
0.468106 0.113945  0.98196  0.467134 -0.312961   0.96332
0.468094 0.113946 0.982064  0.467123 -0.312965  0.963216
0.468083 0.113947 0.982167  0.467112 -0.312968  0.963112
0.468071 0.113948 0.982269  0.467101 -0.312971  0.963008
 0.46806 0.113949 0.982371   0.46709 -0.312975  0.962904
0.468048  0.11395 0.982473  0.467079 -0.312978    0.9628
0.468037 0.113951 0.982574  0.467067 -0.312982  0.962696
0.468026 0.113951 0.982675  0.467056 -0.312985  0.962592
0.468014 0.113952 0.982776  0.467045 -0.312989  0.962487
0.468003 0.113953 0.982878  0.467034 -0.312992  0.962382
 0.46799 0.113954  0.98298  0.467023 -0.312996  0.962277
0.467978 0.113955 0.983083 0.467011   -0.313 0.962172
0.467965 0.113956 0.983187  0.466999 -0.313003  0.962068
0.467952 0.113956  0.98329  0.466987 -0.313007  0.961964
0.467939 0.113957 0.983393  0.466975 -0.313011   0.96186
0.467927 0.113957 0.983496  0.466963 -0.313015  0.961757
0.467914 0.113958 0.983598  0.466951 -0.313018  0.961653
0.467901 0.113958 0.983699  0.466938 -0.313022  0.961549
0.467889 0.113958   0.9838  0.466926 -0.313026  0.961445
0.467876 0.113958 0.983901  0.466914 -0.313031   0.96134
0.467863 0.113958 0.984003  0.466902 -0.313035  0.961235
0.467849 0.113959 0.984105  0.466889 -0.313039   0.96113
0.467836 0.113959 0.984207  0.466877 -0.313043  0.961026
0.467822  0.11396 0.984311  0.466864 -0.313048  0.960922
0.467807 0.113961 0.984414  0.466851 -0.313052  0.960818
0.467793 0.113961 0.984517  0.466838 -0.313056  0.960714
0.467779 0.113962  0.98462 0.466824 -0.31306 0.960611
0.467765 0.113962 0.984722  0.466811 -0.313064  0.960507
0.467751 0.113962 0.984823  0.466798 -0.313069  0.960403
0.467737 0.113962 0.984924  0.466784 -0.313073  0.960299
0.467723 0.113962 0.985025  0.466771 -0.313078  0.960195
0.467709 0.113963 0.985126  0.466758 -0.313082   0.96009
0.467695 0.113963 0.985228  0.466744 -0.313087  0.959985
 0.46768 0.113963  0.98533   0.46673 -0.313092  0.959881
0.467665 0.113963 0.985433  0.466716 -0.313096  0.959777
 0.46765 0.113963 0.985536  0.466702 -0.313101  0.959674
0.467634 0.113964 0.985639  0.466688 -0.313106   0.95957
0.467619 0.113964 0.985742  0.466673 -0.313111  0.959467
0.467603 0.113965 0.985844  0.466659 -0.313116  0.959364
0.467588 0.113965 0.985946 0.466644 -0.31312  0.95926
0.467573 0.113965 0.986047   0.46663 -0.313125  0.959156
0.467557 0.113965 0.986148 0.466615 -0.31313 0.959051
0.467542 0.113965 0.986248  0.466601 -0.313135  0.958947
0.467526 0.113966  0.98635 0.466586 -0.31314 0.958842
0.467511 0.113966 0.986451  0.466571 -0.313145  0.958738
0.467494 0.113966 0.986554 0.466556 -0.31315 0.958635
0.467478 0.113966 0.986657  0.466541 -0.313155  0.958531
0.467461 0.113967  0.98676 0.466525 -0.31316 0.958428
0.467444 0.113967 0.986862  0.466509 -0.313165  0.958325
0.467428 0.113966 0.986965 0.466494 -0.31317 0.958222
0.467411 0.113966 0.987066  0.466478 -0.313176  0.958119
0.467395 0.113966 0.987167  0.466462 -0.313181  0.958015
0.467378 0.113966 0.987268  0.466447 -0.313186  0.957911
0.467361 0.113966 0.987369  0.466431 -0.313192  0.957806
0.467345 0.113966  0.98747  0.466415 -0.313198  0.957702
0.467327 0.113966 0.987571  0.466399 -0.313203  0.957598
 0.46731 0.113967 0.987673  0.466383 -0.313209  0.957495
0.467292 0.113967 0.987776  0.466366 -0.313214  0.957392
0.467274 0.113967 0.987879   0.46635 -0.313219  0.957289
0.467256 0.113967 0.987981  0.466333 -0.313225  0.957186
0.467238 0.113967 0.988084 0.466316 -0.31323 0.957083
 0.46722 0.113967 0.988185  0.466299 -0.313236   0.95698
0.467203 0.113967 0.988286  0.466282 -0.313241  0.956876
0.467185 0.113966 0.988387  0.466266 -0.313247  0.956772
0.467167 0.113966 0.988488  0.466249 -0.313253  0.956668
0.467149 0.113966 0.988588  0.466232 -0.313259  0.956564
0.467131 0.113966 0.988689  0.466214 -0.313265  0.956461
0.467112 0.113966 0.988791  0.466197 -0.313271  0.956358
0.467093 0.113966 0.988893  0.466179 -0.313277  0.956255
0.467073 0.113966 0.988996  0.466161 -0.313282  0.956152
0.467054 0.113966 0.989099  0.466143 -0.313288   0.95605
0.467035 0.113966 0.989201  0.466125 -0.313294  0.955947
0.467015 0.113966 0.989303  0.466107 -0.313299  0.955844
0.466996 0.113966 0.989404  0.466089 -0.313305  0.955741
0.466977 0.113966 0.989505  0.466071 -0.313311  0.955637
0.466958 0.113966 0.989606  0.466053 -0.313317  0.955533
0.466939 0.113965 0.989706  0.466035 -0.313323   0.95543
0.466919 0.113965 0.989807  0.466017 -0.313329  0.955327
  0.4669 0.113965 0.989908  0.465998 -0.313335  0.955224
0.466879 0.113965  0.99001  0.465979 -0.313341  0.955121
0.466859 0.113965 0.990112   0.46596 -0.313347  0.955019
0.466838 0.113965 0.990215  0.465941 -0.313353  0.954917
0.466817 0.113965 0.990317  0.465922 -0.313359  0.954815
0.466796 0.113965 0.990419  0.465903 -0.313365  0.954712
0.466776 0.113965 0.990521  0.465883 -0.313371  0.954609
0.466755 0.113965 0.990622  0.465864 -0.313377  0.954505
0.466735 0.113965 0.990722  0.465845 -0.313383  0.954402
0.466714 0.113964 0.990822  0.465826 -0.313389  0.954299
0.466694 0.113964 0.990923  0.465806 -0.313395  0.954196
0.466673 0.113964 0.991023  0.465786 -0.313401  0.954093
0.466652 0.113964 0.991125  0.465766 -0.313407  0.953991
 0.46663 0.113964 0.991227  0.465746 -0.313413  0.953889
0.466608 0.113964 0.991329  0.465726 -0.313419  0.953787
0.466586 0.113964 0.991432  0.465705 -0.313425  0.953685
0.466564 0.113964 0.991534  0.465685 -0.313431  0.953583
0.466542 0.113964 0.991635  0.465665 -0.313437   0.95348
 0.46652 0.113964 0.991736  0.465644 -0.313444  0.953377
0.466498 0.113964 0.991837 0.465624 -0.31345 0.953274
0.466476 0.113964 0.991937  0.465604 -0.313456  0.953171
0.466454 0.113964 0.992037  0.465583 -0.313462  0.953068
0.466432 0.113964 0.992137  0.465562 -0.313468  0.952966
 0.46641 0.113965 0.992238  0.465541 -0.313474  0.952864
0.466387 0.113965 0.992339 0.465519 -0.31348 0.952762
0.466364 0.113965  0.99244  0.465498 -0.313486  0.952661
0.466341 0.113965 0.992543  0.465476 -0.313492  0.952559
0.466317 0.113966 0.992645  0.465455 -0.313498  0.952457
0.466294 0.113966 0.992747  0.465433 -0.313504  0.952355
0.466271 0.113966 0.992848 0.465412 -0.31351 0.952252
0.466248 0.113965 0.992949   0.46539 -0.313516   0.95215
0.466224 0.113965 0.993049  0.465369 -0.313523  0.952047
0.466201 0.113964 0.993149  0.465347 -0.313529  0.951944
0.466178 0.113964 0.993249  0.465325 -0.313535  0.951842
0.466155 0.113964 0.993349  0.465302 -0.313541   0.95174
0.466131 0.113963 0.993449   0.46528 -0.313547  0.951639
0.466107 0.113963  0.99355  0.465257 -0.313554  0.951538
0.466082 0.113964 0.993652 0.465235 -0.31356 0.951436
0.466057 0.113964 0.993754  0.465212 -0.313565  0.951335
0.466032 0.113964 0.993856  0.465189 -0.313571  0.951233
0.466008 0.113964 0.993958  0.465167 -0.313578  0.951131
0.465983 0.113964 0.994059  0.465144 -0.313584  0.951028
0.465958 0.113964 0.994159 0.465121 -0.31359 0.950926
0.465934 0.113964 0.994259  0.465098 -0.313596  0.950823
 0.46591 0.113963 0.994359  0.465075 -0.313602  0.950722
0.465885 0.113963 0.994458  0.465052 -0.313608   0.95062
 0.46586 0.113963 0.994558  0.465028 -0.313614  0.950519
0.465835 0.113962 0.994658 0.465004 -0.31362 0.950418
 0.46581 0.113962 0.994759  0.464981 -0.313626  0.950317
0.465784 0.113962 0.994861  0.464957 -0.313633  0.950216
0.465758 0.113962 0.994963  0.464933 -0.313639  0.950114
0.465731 0.113962 0.995064  0.464909 -0.313645  0.950012
0.465705 0.113962 0.995165  0.464885 -0.313651   0.94991
0.465679 0.113962 0.995266  0.464861 -0.313657  0.949808
0.465653 0.113962 0.995366  0.464837 -0.313663  0.949706
0.465628 0.113962 0.995465  0.464813 -0.313669  0.949604
0.465602 0.113962 0.995564  0.464788 -0.313675  0.949503
0.465576 0.113962 0.995664  0.464764 -0.313681  0.949402
 0.46555 0.113962 0.995764  0.464739 -0.313687  0.949301
0.465523 0.113962 0.995864  0.464714 -0.313693  0.949201
0.465496 0.113962 0.995965  0.464689 -0.313699    0.9491
0.465469 0.113962 0.996067  0.464664 -0.313705  0.948999
0.465442 0.113962 0.996168  0.464639 -0.313711  0.948897
0.465414 0.113962 0.996269  0.464614 -0.313717  0.948795
0.465387 0.113962 0.996369  0.464589 -0.313723  0.948693
 0.46536 0.113961 0.996469  0.464564 -0.313729  0.948592
0.465333 0.113961 0.996569  0.464538 -0.313735  0.948491
0.465306 0.113961 0.996668  0.464513 -0.313741   0.94839
0.465278 0.113961 0.996767  0.464487 -0.313747  0.948289
0.465251 0.113961 0.996866  0.464461 -0.313753  0.948188
0.465223 0.113961 0.996966  0.464435 -0.313759  0.948088
0.465195 0.113961 0.997067  0.464409 -0.313765  0.947987
0.465167 0.113961 0.997168  0.464382 -0.313771  0.947887
0.465138 0.113961 0.997269  0.464356 -0.313777  0.947785
0.465109 0.113961  0.99737   0.46433 -0.313783  0.947684
0.465081 0.113961  0.99747  0.464304 -0.313789  0.947582
0.465053  0.11396  0.99757  0.464278 -0.313795  0.947481
0.465025  0.11396  0.99767  0.464251 -0.313801   0.94738
0.464996  0.11396 0.997769  0.464224 -0.313807   0.94728
0.464968 0.113959 0.997868  0.464197 -0.313813  0.947179
0.464939 0.113959 0.997967   0.46417 -0.313818  0.947079
0.464911 0.113959 0.998066  0.464143 -0.313824  0.946979
0.464881 0.113959 0.998166 0.464116 -0.31383 0.946879
0.464852 0.113959 0.998267  0.464088 -0.313836  0.946778
0.464822 0.113959 0.998368  0.464061 -0.313841  0.946677
0.464792 0.113959 0.998469  0.464034 -0.313847  0.946576
0.464762  0.11396 0.998569  0.464007 -0.313853  0.946475
0.464732 0.113959 0.998669  0.463979 -0.313859  0.946374
0.464703 0.113959 0.998768  0.463951 -0.313865  0.946274
0.464673 0.113959 0.998867 0.463924 -0.31387 0.946174
0.464644 0.113959 0.998966  0.463895 -0.313876  0.946074
0.464614 0.113959 0.999064  0.463867 -0.313882  0.945974
0.464584 0.113959 0.999163  0.463839 -0.313888  0.945874
0.464554 0.113958 0.999262   0.46381 -0.313894  0.945774
0.464524 0.113958 0.999362  0.463782 -0.313899  0.945674
0.464493 0.113958 0.999463  0.463754 -0.313905  0.945573
0.464462 0.113958 0.999564  0.463725 -0.313911  0.945473
0.464431 0.113958 0.999664  0.463697 -0.313917  0.945372
  0.4644 0.113958 0.999764  0.463668 -0.313922  0.945271
0.464369 0.113958 0.999863  0.463639 -0.313928  0.945171
0.464338 0.113958 0.999962   0.46361 -0.313934  0.945071
0.464307 0.113958  1.00006  0.463581 -0.313939  0.944971
0.464276 0.113958  1.00016  0.463552 -0.313945  0.944872
0.464245 0.113958  1.00026  0.463522 -0.313951  0.944773
0.464214 0.113958  1.00036  0.463493 -0.313956  0.944673
0.464182 0.113958  1.00046  0.463463 -0.313962  0.944573
0.464151 0.113958  1.00056  0.463434 -0.313968  0.944473
0.464119 0.113958  1.00066  0.463404 -0.313974  0.944373
0.464086 0.113958  1.00076  0.463375 -0.313979  0.944272
0.464054 0.113958  1.00086  0.463345 -0.313985  0.944172
0.464022 0.113958  1.00096  0.463315 -0.313991  0.944072
 0.46399 0.113958  1.00105  0.463285 -0.313996  0.943973
0.463958 0.113957  1.00115  0.463255 -0.314002  0.943873
0.463926 0.113957  1.00125  0.463224 -0.314007  0.943774
0.463894 0.113957  1.00135  0.463193 -0.314013  0.943675
0.463861 0.113958  1.00145  0.463163 -0.314018  0.943576
0.463829 0.113958  1.00155  0.463132 -0.314024  0.943477
0.463796 0.113958  1.00165  0.463102 -0.314029  0.943377
0.463763 0.113958  1.00175  0.463071 -0.314035  0.943277
 0.46373 0.113958  1.00185   0.46304 -0.314041  0.943177
0.463696 0.113958  1.00195   0.46301 -0.314046  0.943077
0.463663 0.113958  1.00205  0.462978 -0.314052  0.942977
 0.46363 0.113958  1.00215  0.462947 -0.314057  0.942878
0.463597 0.113958  1.00224  0.462916 -0.314063  0.942779
0.463564 0.113958  1.00234  0.462884 -0.314068   0.94268
0.463531 0.113958  1.00244  0.462853 -0.314073  0.942582
0.463497 0.113958  1.00254  0.462821 -0.314079  0.942483
0.463464 0.113958  1.00264  0.462789 -0.314084  0.942384
 0.46343 0.113957  1.00274 0.462757 -0.31409 0.942285
0.463396 0.113957  1.00283  0.462725 -0.314095  0.942186
0.463361 0.113958  1.00293  0.462693 -0.314101  0.942086
0.463327 0.113958  1.00303  0.462662 -0.314106  0.941987
0.463292 0.113958  1.00313   0.46263 -0.314112  0.941887
0.463258 0.113958  1.00323  0.462597 -0.314117  0.941788
0.463223 0.113958  1.00333  0.462565 -0.314123  0.941689
0.463189 0.113958  1.00343  0.462532 -0.314128  0.941591
0.463154 0.113958  1.00353  0.462499 -0.314133  0.941493
 0.46312 0.113958  1.00363  0.462467 -0.314138  0.941394
0.463085 0.113958  1.00372  0.462434 -0.314144  0.941296
0.463051 0.113958  1.00382  0.462401 -0.314149  0.941197
0.463016 0.113958  1.00392  0.462368 -0.314154  0.941098
 0.46298 0.113958  1.00402  0.462335 -0.314159  0.940999
0.462945 0.113958  1.00412  0.462302 -0.314165    0.9409
0.462909 0.113958  1.00422 0.462269 -0.31417 0.940801
0.462874 0.113958  1.00432  0.462235 -0.314176  0.940702
0.462838 0.113958  1.00442  0.462202 -0.314181  0.940604
0.462802 0.113958  1.00451  0.462168 -0.314186  0.940506
0.462767 0.113958  1.00461  0.462134 -0.314191  0.940408
0.462731 0.113958  1.00471    0.4621 -0.314197   0.94031
0.462695 0.113958  1.00481  0.462066 -0.314202  0.940212
0.462659 0.113958   1.0049  0.462032 -0.314207  0.940114
0.462623 0.113958    1.005  0.461998 -0.314212  0.940015
0.462587 0.113958   1.0051  0.461964 -0.314218  0.939917
0.462551 0.113958   1.0052   0.46193 -0.314223  0.939818
0.462514 0.113958   1.0053  0.461895 -0.314228  0.939719
0.462478 0.113958   1.0054  0.461861 -0.314233  0.939621
0.462441 0.113958   1.0055  0.461826 -0.314238  0.939523
0.462404 0.113958   1.0056  0.461792 -0.314244  0.939425
0.462368 0.113958  1.00569  0.461757 -0.314249  0.939328
0.462331 0.113958  1.00579  0.461721 -0.314254  0.939231
0.462294 0.113958  1.00589  0.461686 -0.314259  0.939133
0.462257 0.113958  1.00599  0.461651 -0.314264  0.939035
 0.46222 0.113958  1.00608 0.461616 -0.31427 0.938937
0.462183 0.113958  1.00618  0.461581 -0.314275  0.938839
0.462146 0.113958  1.00628 0.461546 -0.31428  0.93874
0.462108 0.113959  1.00638   0.46151 -0.314285  0.938642
0.462071 0.113959  1.00648 0.461475 -0.31429 0.938544
0.462033 0.113959  1.00658  0.461439 -0.314296  0.938447
0.461996 0.113959  1.00668  0.461403 -0.314301   0.93835
0.461958 0.113959  1.00678  0.461367 -0.314306  0.938252
0.461921 0.113958  1.00687  0.461331 -0.314311  0.938155
0.461883 0.113958  1.00697  0.461295 -0.314316  0.938058
0.461846 0.113958  1.00707  0.461258 -0.314321  0.937961
0.461808 0.113958  1.00717  0.461222 -0.314326  0.937863
 0.46177 0.113958  1.00726  0.461186 -0.314331  0.937765
0.461732 0.113958  1.00736   0.46115 -0.314336  0.937667
0.461693 0.113959  1.00746  0.461113 -0.314342   0.93757
0.461655 0.113959  1.00756  0.461076 -0.314347  0.937472
0.461616 0.113959  1.00766   0.46104 -0.314352  0.937375
0.461578 0.113959  1.00776  0.461003 -0.314357  0.937279
 0.46154 0.113959  1.00786  0.460965 -0.314362  0.937182
0.461501 0.113959  1.00796  0.460928 -0.314367  0.937085
0.461463  0.11396  1.00806  0.460891 -0.314372  0.936989
0.461425  0.11396  1.00815  0.460854 -0.314377  0.936892
0.461386  0.11396  1.00825  0.460816 -0.314382  0.936794
0.461348  0.11396  1.00835  0.460779 -0.314387  0.936697
0.461309  0.11396  1.00845  0.460741 -0.314392  0.936599
0.46127 0.11396 1.00855  0.460704 -0.314397  0.936502
0.461231 0.113959  1.00865  0.460666 -0.314402  0.936405
0.461192 0.113959  1.00875  0.460628 -0.314407  0.936309
0.461152  0.11396  1.00885   0.46059 -0.314412  0.936212
0.461113  0.11396  1.00895  0.460552 -0.314417  0.936116
0.461074  0.11396  1.00904  0.460514 -0.314422   0.93602
0.461034 0.113961  1.00914  0.460475 -0.314427  0.935924
0.460995 0.113961  1.00924  0.460437 -0.314432  0.935827
0.460956 0.113961  1.00934  0.460398 -0.314437  0.935731
0.460917 0.113961  1.00944   0.46036 -0.314442  0.935634
0.460878 0.113962  1.00954  0.460321 -0.314446  0.935537
0.460838 0.113962  1.00963  0.460283 -0.314451   0.93544
0.460798 0.113962  1.00973  0.460244 -0.314456  0.935343
0.460759 0.113962  1.00984  0.460205 -0.314461  0.935247
0.460719 0.113962  1.00994  0.460166 -0.314466  0.935151
0.460679 0.113962  1.01004  0.460126 -0.314471  0.935056
0.460639 0.113962  1.01013  0.460087 -0.314476   0.93496
0.460599 0.113962  1.01023 0.460048 -0.31448 0.934864
0.460559 0.113962  1.01033  0.460008 -0.314485  0.934768
0.460519 0.113962  1.01043 0.459969 -0.31449 0.934672
0.460479 0.113963  1.01053  0.459929 -0.314495  0.934575
0.460439 0.113963  1.01063  0.45989  -0.3145 0.934479
0.460398 0.113963  1.01073   0.45985 -0.314505  0.934383
0.460358 0.113964  1.01083  0.45981 -0.31451 0.934287
0.460317 0.113964  1.01093   0.45977 -0.314515  0.934191
0.460277 0.113964  1.01103  0.45973 -0.31452 0.934096
0.460236 0.113964  1.01113  0.459689 -0.314524  0.934001
0.460195 0.113964  1.01123  0.459649 -0.314529  0.933905
0.460155 0.113964  1.01133  0.459608 -0.314534   0.93381
0.460114 0.113964  1.01143  0.459568 -0.314539  0.933715
0.460074 0.113964  1.01153  0.459527 -0.314544  0.933619
0.460033 0.113964  1.01163  0.459487 -0.314548  0.933523
0.459992 0.113964  1.01173  0.459446 -0.314553  0.933427
0.459951 0.113964  1.01182  0.459405 -0.314558  0.933331
 0.45991 0.113965  1.01192  0.459364 -0.314563  0.933236
0.459869 0.113965  1.01203  0.459323 -0.314568   0.93314
0.459827 0.113965  1.01213  0.459282 -0.314572  0.933046
0.459786 0.113965  1.01223   0.45924 -0.314577  0.932951
0.459744 0.113966  1.01233  0.459199 -0.314582  0.932856
0.459703 0.113966  1.01243  0.459157 -0.314586  0.932761
0.459661 0.113966  1.01253  0.459115 -0.314591  0.932666
 0.45962 0.113966  1.01263  0.459074 -0.314596  0.932571
0.459579 0.113967  1.01273 0.459032  -0.3146 0.932476
0.459538 0.113967  1.01283  0.458991 -0.314605   0.93238
0.459496 0.113967  1.01293 0.458949 -0.31461 0.932285
0.459455 0.113967  1.01303  0.458907 -0.314615   0.93219
0.459413 0.113967  1.01313  0.458864 -0.314619  0.932095
0.459371 0.113967  1.01323  0.458822 -0.314624  0.932001
0.459329 0.113967  1.01333   0.45878 -0.314628  0.931907
0.459286 0.113967  1.01343  0.458737 -0.314633  0.931813
0.459244 0.113967  1.01353  0.458694 -0.314638  0.931718
0.459202 0.113968  1.01363  0.458652 -0.314642  0.931624
0.459159 0.113968  1.01373  0.458609 -0.314647  0.931529
0.459117 0.113968  1.01383  0.458566 -0.314652  0.931434
0.459075 0.113969  1.01393  0.458524 -0.314656  0.931339
0.459033 0.113969  1.01403  0.458481 -0.314661  0.931245
0.458991 0.113969  1.01413  0.458438 -0.314666   0.93115
0.458949  0.11397  1.01423 0.458394 -0.31467 0.931056
0.458906  0.11397  1.01433  0.458351 -0.314675  0.930962
0.458863  0.11397  1.01444  0.458307 -0.314679  0.930868
0.45882 0.11397 1.01454  0.458264 -0.314684  0.930775
0.458777  0.11397  1.01464   0.45822 -0.314688  0.930681
0.458735  0.11397  1.01474  0.458176 -0.314693  0.930587
0.458692  0.11397  1.01484  0.458133 -0.314697  0.930493
0.458649  0.11397  1.01494  0.458089 -0.314702  0.930399
0.458606  0.11397  1.01504  0.458045 -0.314707  0.930304
0.458563 0.113971  1.01514  0.458001 -0.314711   0.93021
 0.45852 0.113971  1.01524  0.457957 -0.314716  0.930116
0.458477 0.113971  1.01534 0.457913 -0.31472 0.930022
0.458433 0.113972  1.01544  0.457868 -0.314725  0.929929
 0.45839 0.113972  1.01555  0.457824 -0.314729  0.929836
0.458346 0.113972  1.01565  0.457779 -0.314734  0.929743
0.458303 0.113972  1.01575  0.457734 -0.314738   0.92965
0.458259 0.113972  1.01585   0.45769 -0.314742  0.929556
0.458216 0.113972  1.01595  0.457645 -0.314747  0.929463
0.458172 0.113972  1.01605    0.4576 -0.314751  0.929369
0.458129 0.113972  1.01615  0.457555 -0.314756  0.929275
0.458085 0.113972  1.01625  0.45751 -0.31476 0.929181
0.458042 0.113972  1.01635  0.457465 -0.314765  0.929088
0.457998 0.113972  1.01646   0.45742 -0.314769  0.928995
0.457954 0.113973  1.01656  0.457374 -0.314774  0.928902
 0.45791 0.113973  1.01666  0.457329 -0.314778  0.928809
0.457865 0.113973  1.01676  0.457283 -0.314782  0.928717
0.457821 0.113973  1.01686  0.457237 -0.314787  0.928624
0.457776 0.113974  1.01697  0.457192 -0.314791  0.928531
0.457732 0.113974  1.01707  0.457146 -0.314795  0.928438
0.457688 0.113974  1.01717   0.4571  -0.3148 0.928345
0.457644 0.113974  1.01727  0.457054 -0.314804  0.928252
0.457599 0.113974  1.01737  0.457008 -0.314809  0.928159
0.457555 0.113975  1.01747  0.456962 -0.314813  0.928066
0.457511 0.113975  1.01757  0.456916 -0.314817  0.927973
0.457467 0.113975  1.01767  0.456869 -0.314822  0.927881
0.457422 0.113975  1.01777  0.456822 -0.314826  0.927789
0.457377 0.113975  1.01788 0.456776 -0.31483 0.927697
0.457332 0.113974  1.01798  0.456729 -0.314834  0.927605
0.457287 0.113975  1.01808  0.456682 -0.314839  0.927513
0.457241 0.113975  1.01818  0.456635 -0.314843   0.92742
0.457196 0.113975  1.01829  0.456589 -0.314847  0.927327
0.457151 0.113976  1.01839  0.456542 -0.314852  0.927235
0.457106 0.113976  1.01849  0.456495 -0.314856  0.927142
0.457061 0.113976  1.01859 0.456448 -0.31486  0.92705
0.457016 0.113976  1.01869    0.4564 -0.314864  0.926958
0.456971 0.113977  1.01879  0.456353 -0.314868  0.926866
0.456926 0.113977  1.01889  0.456305 -0.314873  0.926775
 0.45688 0.113977  1.01899  0.456257 -0.314877  0.926683
0.456835 0.113977   1.0191   0.45621 -0.314881  0.926592
0.456789 0.113977   1.0192  0.456162 -0.314885    0.9265
0.456743 0.113977   1.0193  0.456114 -0.314889  0.926408
0.456697 0.113976   1.0194  0.456066 -0.314894  0.926316
0.456652 0.113976  1.01951  0.456018 -0.314898  0.926224
0.456606 0.113977  1.01961   0.45597 -0.314902  0.926132
 0.45656 0.113977  1.01971  0.455922 -0.314906   0.92604
0.456514 0.113977  1.01981 0.455874 -0.31491 0.925949
0.456468 0.113978  1.01991  0.455825 -0.314915  0.925857
0.456422 0.113978  1.02001  0.455777 -0.314919  0.925766
0.456376 0.113978  1.02011  0.455728 -0.314923  0.925675
 0.45633 0.113978  1.02022  0.455679 -0.314927  0.925584
0.456283 0.113978  1.02032  0.455631 -0.314931  0.925493
0.456237 0.113978  1.02042  0.455582 -0.314935  0.925402
 0.45619 0.113979  1.02053  0.455533 -0.314939   0.92531
0.456144 0.113978  1.02063  0.455484 -0.314943  0.925219
0.456097 0.113978  1.02073  0.455435 -0.314947  0.925128
0.456051 0.113978  1.02083  0.455386 -0.314951  0.925036
0.456005 0.113978  1.02093  0.455337 -0.314955  0.924945
0.455958 0.113978  1.02103 0.455287 -0.31496 0.924855
0.455911 0.113979  1.02113  0.455238 -0.314964  0.924764
0.455864 0.113979  1.02124  0.455188 -0.314968  0.924673
0.455817 0.113979  1.02134  0.455138 -0.314972  0.924583
0.45577 0.11398 1.02144  0.455089 -0.314976  0.924492
0.455723  0.11398  1.02155 0.455039 -0.31498 0.924401
0.455675  0.11398  1.02165  0.454989 -0.314984   0.92431
0.455628  0.11398  1.02175  0.454939 -0.314988  0.924219
0.455581  0.11398  1.02185  0.454889 -0.314992  0.924129
0.455534  0.11398  1.02195  0.454839 -0.314996  0.924038
0.455487 0.113981  1.02206 0.454789   -0.315 0.923947
 0.45544 0.113981  1.02216  0.454738 -0.315004  0.923857
0.455393 0.113981  1.02226  0.454688 -0.315008  0.923767
0.455346 0.113981  1.02236  0.454638 -0.315012  0.923676
0.455298 0.113981  1.02246  0.454587 -0.315016  0.923586
0.45525 0.11398 1.02257 0.454536 -0.31502 0.923496
0.455202 0.113981  1.02267  0.454486 -0.315024  0.923406
0.455153 0.113981  1.02277  0.454435 -0.315028  0.923315
0.455105 0.113981  1.02287  0.454384 -0.315032  0.923225
0.455057 0.113981  1.02298  0.454333 -0.315035  0.923135
0.455009 0.113982  1.02308  0.454282 -0.315039  0.923044
0.454961 0.113982  1.02318  0.454231 -0.315043  0.922954
0.454913 0.113982  1.02328   0.45418 -0.315047  0.922864
0.454866 0.113982  1.02338  0.454128 -0.315051  0.922774
0.454818 0.113982  1.02348  0.454077 -0.315055  0.922684
0.454769 0.113983  1.02359  0.454025 -0.315059  0.922594
0.454721 0.113983  1.02369  0.453974 -0.315063  0.922504
0.454672 0.113983  1.02379  0.453922 -0.315067  0.922414
0.454622 0.113983  1.02389  0.453871 -0.315071  0.922324
0.454573 0.113983    1.024  0.453819 -0.315075  0.922234
0.454524 0.113983   1.0241  0.453767 -0.315079  0.922144
0.454475 0.113983   1.0242  0.453715 -0.315082  0.922054
0.454425 0.113983   1.0243  0.453663 -0.315086  0.921964
0.454376 0.113983   1.0244 0.453611 -0.31509 0.921874
0.454327 0.113984   1.0245  0.453559 -0.315094  0.921784
0.454278 0.113984   1.0246  0.453507 -0.315098  0.921694
0.454229 0.113984   1.0247  0.453455 -0.315102  0.921604
0.454179 0.113985  1.02481  0.453402 -0.315106  0.921514
0.454128 0.113985  1.02491  0.45335 -0.31511 0.921424
0.454078 0.113986  1.02501  0.453298 -0.315114  0.921334
0.454027 0.113986  1.02511  0.453245 -0.315118  0.921244
0.453977 0.113986  1.02521  0.453193 -0.315121  0.921153
0.453926 0.113986  1.02531   0.45314 -0.315125  0.921063
0.453876 0.113985  1.02541  0.453087 -0.315129  0.920973
0.453825 0.113985  1.02551  0.453035 -0.315133  0.920883
0.453775 0.113985  1.02561  0.452982 -0.315137  0.920792
0.453724 0.113985  1.02571  0.452929 -0.315141  0.920702
0.453673 0.113985  1.02581  0.452876 -0.315145  0.920612
0.453622 0.113986  1.02591  0.452823 -0.315149  0.920521
 0.45357 0.113986  1.02601   0.45277 -0.315153  0.920431
0.453518 0.113986  1.02611  0.452717 -0.315157   0.92034
0.453465 0.113987  1.02621  0.452664 -0.315161   0.92025
0.453413 0.113987  1.02631  0.452611 -0.315165  0.920159
0.453361 0.113987  1.02641  0.452557 -0.315169  0.920068
0.453309 0.113987  1.02651  0.452504 -0.315172  0.919978
0.453257 0.113987  1.02661  0.452451 -0.315176  0.919887
0.453205 0.113986   1.0267 0.452397 -0.31518 0.919796
0.453153 0.113986   1.0268  0.452344 -0.315184  0.919706
  0.4531 0.113986   1.0269   0.45229 -0.315188  0.919615
0.453048 0.113986  1.02699  0.452237 -0.315192  0.919524
0.452995 0.113986  1.02709  0.452183 -0.315196  0.919433
0.452941 0.113986  1.02719 0.452129  -0.3152 0.919342
0.452887 0.113987  1.02729  0.452075 -0.315204   0.91925
0.452833 0.113987  1.02739  0.452021 -0.315208  0.919159
0.452778 0.113987  1.02748  0.451967 -0.315212  0.919068
0.452724 0.113987  1.02758  0.451913 -0.315216  0.918977
0.452671 0.113987  1.02768 0.451859 -0.31522 0.918885
0.452617 0.113987  1.02777  0.451805 -0.315224  0.918794
0.452563 0.113987  1.02787  0.451751 -0.315228  0.918703
0.452509 0.113987  1.02796  0.451697 -0.315232  0.918611
0.452455 0.113987  1.02806  0.451643 -0.315236   0.91852
0.452401 0.113987  1.02815 0.451588 -0.31524 0.918428
0.452346 0.113987  1.02825  0.451534 -0.315244  0.918336
 0.45229 0.113987  1.02834  0.451479 -0.315248  0.918244
0.452234 0.113987  1.02844  0.451425 -0.315252  0.918152
0.452178 0.113987  1.02853   0.45137 -0.315256   0.91806
0.452122 0.113988  1.02863 0.451316 -0.31526 0.917968
0.452067 0.113988  1.02872  0.451261 -0.315264  0.917876
0.452011 0.113988  1.02881  0.451206 -0.315268  0.917784
0.451956 0.113988  1.02891  0.451151 -0.315272  0.917692
  0.4519 0.113988    1.029  0.451097 -0.315276    0.9176
0.451845 0.113988  1.02909 0.451042 -0.31528 0.917508
0.451789 0.113989  1.02918  0.450987 -0.315284  0.917416
0.451732 0.113989  1.02928  0.450931 -0.315288  0.917323
0.451675 0.113989  1.02937  0.450876 -0.315292   0.91723
0.451618 0.113989  1.02946  0.450821 -0.315296  0.917138
0.451561 0.113989  1.02956  0.450766 -0.315299  0.917045
0.451503 0.113989  1.02965  0.450711 -0.315303  0.916953
0.451446 0.113989  1.02974  0.450655 -0.315306   0.91686
0.451389 0.113989  1.02983   0.4506 -0.31531 0.916767
0.451332 0.113989  1.02992  0.450544 -0.315313  0.916674
0.451275 0.113989  1.03001  0.450489 -0.315317  0.916581
0.451217 0.113989   1.0301 0.450433 -0.31532 0.916488
0.45116 0.11399 1.03019  0.450377 -0.315323  0.916395
0.451102  0.11399  1.03028  0.450321 -0.315326  0.916302
0.451044  0.11399  1.03038  0.450265 -0.315329  0.916208
0.450985 0.113991  1.03047  0.450209 -0.315332  0.916115
0.450926 0.113991  1.03056  0.450153 -0.315335  0.916022
0.450867 0.113991  1.03065  0.450097 -0.315338  0.915928
0.450808 0.113991  1.03074  0.450041 -0.315341  0.915835
 0.45075 0.113991  1.03083  0.449985 -0.315343  0.915741
0.450691 0.113991  1.03092  0.449929 -0.315346  0.915648
0.450632 0.113991  1.03101  0.449873 -0.315348  0.915554
0.450574 0.113991  1.03109  0.449816 -0.315351   0.91546
0.450515 0.113991  1.03118   0.44976 -0.315353  0.915366
0.450456 0.113991  1.03127  0.449703 -0.315355  0.915272
0.450396 0.113992  1.03136  0.449646 -0.315357  0.915178
0.450336 0.113992  1.03145   0.44959 -0.315359  0.915084
0.450276 0.113993  1.03154  0.449533 -0.315361   0.91499
0.450215 0.113994  1.03163  0.449476 -0.315363  0.914896
0.450155 0.113994  1.03171  0.449419 -0.315365  0.914802
0.450094 0.113994   1.0318  0.449362 -0.315366  0.914708
0.450034 0.113995  1.03189  0.449305 -0.315368  0.914613
0.449974 0.113995  1.03198  0.449248 -0.315369  0.914519
0.449914 0.113995  1.03206  0.449191 -0.315371  0.914425
0.449854 0.113995  1.03215  0.449134 -0.315372   0.91433
0.449794 0.113995  1.03223  0.449077 -0.315373  0.914235
0.449734 0.113995  1.03232  0.449019 -0.315374  0.914141
0.449673 0.113996  1.03241  0.448962 -0.315375  0.914046
0.449611 0.113996  1.03249  0.448904 -0.315376  0.913951
0.449549 0.113997  1.03258  0.448847 -0.315376  0.913856
0.449487 0.113998  1.03267  0.448789 -0.315377  0.913761
0.449425 0.113999  1.03275  0.448731 -0.315377  0.913667
0.449363 0.113999  1.03284  0.448674 -0.315378  0.913572
0.449302    0.114  1.03292  0.448616 -0.315378  0.913477
0.44924   0.114 1.03301  0.448558 -0.315378  0.913382
0.449179 0.114001  1.03309    0.4485 -0.315378  0.913287
0.449117 0.114002  1.03318  0.448442 -0.315378  0.913192
0.449056 0.114002  1.03326  0.448384 -0.315378  0.913097
0.448994 0.114003  1.03335  0.448325 -0.315378  0.913002
0.448931 0.114004  1.03343  0.448266 -0.315377  0.912908
0.448868 0.114004  1.03352  0.448207 -0.315377  0.912815
0.448805 0.114005   1.0336  0.448148 -0.315376  0.912721
0.448742 0.114005  1.03369  0.448089 -0.315375  0.912628
0.448679 0.114006  1.03377   0.44803 -0.315374  0.912535
0.448616 0.114006  1.03386   0.44797 -0.315373  0.912442
0.448553 0.114007  1.03394  0.447911 -0.315372  0.912349
 0.44849 0.114008  1.03402  0.447852 -0.315371  0.912255
0.448428 0.114009   1.0341 0.447792 -0.31537 0.912162
0.448365  0.11401  1.03419  0.447732 -0.315368  0.912069
0.448302 0.114011  1.03427  0.447673 -0.315366  0.911976
0.448238 0.114012  1.03435  0.447613 -0.315365  0.911883
0.448174 0.114013  1.03444  0.447553 -0.315363  0.911791
 0.44811 0.114014  1.03452  0.447492 -0.315361  0.911699
0.448046 0.114015   1.0346  0.447432 -0.315359  0.911608
0.447982 0.114016  1.03469  0.447371 -0.315357  0.911516
0.447918 0.114016  1.03477  0.447311 -0.315354  0.911425
0.447854 0.114017  1.03485   0.44725 -0.315352  0.911333
 0.44779 0.114017  1.03493   0.44719 -0.315349  0.911242
0.447726 0.114018  1.03501  0.447129 -0.315347   0.91115
0.447662 0.114019  1.03509  0.447068 -0.315344  0.911059
0.447598  0.11402  1.03518  0.447007 -0.315341  0.910967
0.447533 0.114021  1.03526  0.446946 -0.315338  0.910877
0.447468 0.114023  1.03534  0.446885 -0.315335  0.910786
0.447403 0.114024  1.03542  0.446824 -0.315332  0.910696
0.447338 0.114025   1.0355  0.446762 -0.315329  0.910606
0.447272 0.114027  1.03559  0.446701 -0.315325  0.910517
0.447207 0.114028  1.03567  0.446639 -0.315322  0.910427
0.447142 0.114029  1.03575  0.446578 -0.315318  0.910337
0.447077  0.11403  1.03583  0.446516 -0.315315  0.910248
0.447012 0.114031  1.03591  0.446454 -0.315311  0.910158
0.446947 0.114032  1.03599  0.446392 -0.315307  0.910068
0.446882 0.114032  1.03607  0.446331 -0.315303  0.909979
0.446817 0.114033  1.03615  0.446269 -0.315299   0.90989
0.446751 0.114035  1.03623  0.446206 -0.315295  0.909801
0.446685 0.114036  1.03631 0.446144 -0.31529 0.909713
0.446618 0.114038  1.03639  0.446082 -0.315286  0.909625
0.446552 0.114039  1.03647  0.446019 -0.315282  0.909537
0.446485 0.114041  1.03655  0.445957 -0.315277  0.909449
0.446419 0.114042  1.03663  0.445894 -0.315273  0.909361
0.446353 0.114044  1.03671  0.445831 -0.315268  0.909273
0.446287 0.114045  1.03679  0.445768 -0.315263  0.909185
0.446221 0.114046  1.03687  0.445706 -0.315259  0.909098
0.446155 0.114047  1.03695  0.445643 -0.315254   0.90901
0.446089 0.114049  1.03702  0.445579 -0.315249  0.908923
0.446023  0.11405   1.0371  0.445516 -0.315245  0.908836
0.445956 0.114051  1.03718 0.445453 -0.31524  0.90875
0.445889 0.114052  1.03726  0.445389 -0.315235  0.908664
0.445821 0.114053  1.03734 0.445325 -0.31523 0.908578
0.445753 0.114055  1.03742  0.445262 -0.315226  0.908492
0.445686 0.114056   1.0375  0.445198 -0.315221  0.908406
0.445618 0.114058  1.03758  0.445134 -0.315216   0.90832
0.445551  0.11406  1.03766   0.44507 -0.315211  0.908234
0.445484 0.114061  1.03773  0.445006 -0.315206  0.908148
0.445417 0.114063  1.03781  0.444942 -0.315201  0.908062
 0.44535 0.114064  1.03789  0.444878 -0.315197  0.907977
0.445283 0.114066  1.03796  0.444813 -0.315192  0.907892
0.445216 0.114068  1.03804  0.444749 -0.315187  0.907808
0.445147 0.114069  1.03812  0.444684 -0.315183  0.907723
0.445079 0.114071   1.0382  0.444619 -0.315178  0.907639
0.445011 0.114072  1.03828  0.444554 -0.315173  0.907555
0.444942 0.114073  1.03836  0.444489 -0.315168  0.907471
0.444874 0.114074  1.03843  0.444424 -0.315164  0.907387
0.444806 0.114075  1.03851  0.444359 -0.315159  0.907302
0.444738 0.114076  1.03859  0.444294 -0.315154  0.907218
 0.44467 0.114077  1.03866 0.444229 -0.31515 0.907134
0.444602 0.114079  1.03874  0.444163 -0.315145  0.907051
0.444534  0.11408  1.03882  0.444098 -0.315141  0.906967
0.444465 0.114082  1.03889  0.444032 -0.315137  0.906884
0.444397 0.114084  1.03897  0.443966 -0.315132  0.906802
0.444327 0.114085  1.03905    0.4439 -0.315128  0.906719
0.444258 0.114087  1.03912  0.443834 -0.315123  0.906637
0.444188 0.114088   1.0392  0.443768 -0.315119  0.906554
0.444119  0.11409  1.03928  0.443702 -0.315115  0.906471
 0.44405 0.114091  1.03936  0.443636 -0.315111  0.906389
0.443981 0.114092  1.03943  0.443569 -0.315106  0.906306
0.443912 0.114093  1.03951  0.443503 -0.315102  0.906224
0.443844 0.114094  1.03958  0.443436 -0.315098  0.906142
0.443775 0.114095  1.03966   0.44337 -0.315094   0.90606
0.443706 0.114096  1.03973 0.443303 -0.31509 0.905979
0.443636 0.114097  1.03981  0.443236 -0.315086  0.905897
0.443566 0.114099  1.03988  0.443169 -0.315082  0.905816
0.443496 0.114101  1.03996  0.443102 -0.315079  0.905735
0.443425 0.114102  1.04004  0.443034 -0.315075  0.905654
0.443355 0.114104  1.04011  0.442967 -0.315071  0.905573
0.443285 0.114105  1.04019    0.4429 -0.315067  0.905492
0.443215 0.114106  1.04027  0.442832 -0.315064  0.905411
0.443145 0.114107  1.04034 0.442765 -0.31506  0.90533
0.443075 0.114108  1.04041  0.442697 -0.315057  0.905249
0.443006 0.114109  1.04049  0.442629 -0.315053  0.905169
0.442936  0.11411  1.04056 0.442561 -0.31505 0.905089
0.442866 0.114111  1.04064  0.442493 -0.315046  0.905009
0.442796 0.114112  1.04071  0.442425 -0.315043  0.904929
0.442725 0.114113  1.04079 0.442357 -0.31504  0.90485
0.442654 0.114115  1.04086  0.442288 -0.315037   0.90477
0.442582 0.114116  1.04094   0.44222 -0.315033   0.90469
0.442511 0.114118  1.04101 0.442152 -0.31503  0.90461
0.442439 0.114119  1.04109  0.442083 -0.315027  0.904531
0.442368  0.11412  1.04116  0.442015 -0.315024  0.904451
0.442298 0.114121  1.04124  0.441946 -0.315021  0.904372
0.442227 0.114123  1.04131  0.441877 -0.315018  0.904293
0.442157 0.114124  1.04138  0.441808 -0.315016  0.904214
0.442086 0.114125  1.04146  0.441739 -0.315013  0.904135
0.442015 0.114126  1.04153 0.441669 -0.31501 0.904057
0.441944 0.114128   1.0416    0.4416 -0.315007  0.903979
0.441872 0.114129  1.04168  0.441531 -0.315005    0.9039
 0.4418 0.11413 1.04175  0.441461 -0.315002  0.903822
0.441728 0.114131  1.04183 0.441392   -0.315 0.903743
0.441656 0.114131   1.0419  0.441322 -0.314997  0.903665
0.441584 0.114132  1.04197  0.441252 -0.314995  0.903586
0.441512 0.114133  1.04205  0.441183 -0.314992  0.903508
0.441441 0.114134  1.04212 0.441113 -0.31499 0.903431
0.441369 0.114135  1.04219  0.441042 -0.314988  0.903353
0.441297 0.114136  1.04226  0.440972 -0.314985  0.903276
0.441226 0.114137  1.04234  0.440902 -0.314983  0.903199
0.441154 0.114138  1.04241  0.440831 -0.314981  0.903122
0.441081 0.114139  1.04248  0.440761 -0.314979  0.903044
0.441008  0.11414  1.04256  0.440691 -0.314977  0.902967
0.440935 0.114142  1.04263   0.44062 -0.314975   0.90289
0.440862 0.114142   1.0427  0.440549 -0.314973  0.902812
0.440789 0.114143  1.04278  0.440479 -0.314971  0.902735
0.440717 0.114144  1.04285  0.440408 -0.314969  0.902658
0.440645 0.114144  1.04292  0.440337 -0.314967  0.902582
0.440572 0.114145  1.04299  0.440266 -0.314965  0.902505
  0.4405 0.114145  1.04306  0.440194 -0.314963  0.902429
0.440428 0.114146  1.04314  0.440123 -0.314962  0.902353
0.440355 0.114147  1.04321 0.440051 -0.31496 0.902277
0.440282 0.114148  1.04328   0.43998 -0.314958  0.902201
0.440208 0.114149  1.04335  0.439909 -0.314957  0.902125
0.440134  0.11415  1.04343  0.439837 -0.314955  0.902049
 0.44006 0.114151   1.0435  0.439765 -0.314954  0.901973
0.439986 0.114152  1.04357  0.439693 -0.314952  0.901897
0.439913 0.114152  1.04364  0.439622 -0.314951  0.901821
0.439839 0.114153  1.04371   0.43955 -0.314949  0.901746
0.439766 0.114154  1.04378  0.439477 -0.314948   0.90167
0.439693 0.114154  1.04386  0.439405 -0.314947  0.901595
 0.43962 0.114155  1.04393  0.439333 -0.314945  0.901521
0.439547 0.114155    1.044   0.43926 -0.314944  0.901446
0.439474 0.114156  1.04407  0.439188 -0.314943  0.901371
0.439399 0.114156  1.04414  0.439115 -0.314942  0.901296
0.439325 0.114157  1.04421 0.439043 -0.31494 0.901221
 0.43925 0.114157  1.04428   0.43897 -0.314939  0.901145
0.439175 0.114159  1.04435  0.438897 -0.314938   0.90107
0.439099  0.11416  1.04443  0.438825 -0.314937  0.900996
0.439025 0.114161   1.0445  0.438752 -0.314936  0.900921
 0.43895 0.114161  1.04457  0.438679 -0.314935  0.900847
0.438876 0.114162  1.04464  0.438605 -0.314934  0.900773
0.438802 0.114162  1.04471  0.438532 -0.314933  0.900699
0.438728 0.114163  1.04478  0.438459 -0.314932  0.900626
0.438654 0.114163  1.04485  0.438385 -0.314931  0.900552
 0.43858 0.114164  1.04492  0.438312 -0.314931  0.900478
0.438506 0.114164  1.04499 0.438238 -0.31493 0.900404
0.438431 0.114164  1.04506  0.438164 -0.314929  0.900331
0.438356 0.114165  1.04513  0.438091 -0.314928  0.900257
 0.43828 0.114166   1.0452  0.438017 -0.314927  0.900183
0.438204 0.114166  1.04527  0.437943 -0.314927   0.90011
0.438129 0.114167  1.04534  0.437869 -0.314926  0.900036
0.438053 0.114168  1.04541  0.437795 -0.314925  0.899963
0.437978 0.114168  1.04548   0.43772 -0.314925  0.899891
0.437903 0.114169  1.04555  0.437646 -0.314924  0.899818
0.437828 0.114169  1.04562  0.437572 -0.314924  0.899746
0.437753 0.114169  1.04568  0.437497 -0.314923  0.899673
0.437678  0.11417  1.04575  0.437423 -0.314923    0.8996
0.437603  0.11417  1.04582  0.437348 -0.314922  0.899527
0.437528 0.114171  1.04589  0.437274 -0.314922  0.899454
0.437452 0.114171  1.04596  0.437199 -0.314921  0.899381
0.437375 0.114171  1.04603  0.437124 -0.314921  0.899309
0.437298 0.114171   1.0461 0.437049 -0.31492 0.899237
0.437222 0.114172  1.04617 0.436974 -0.31492 0.899165
0.437145 0.114172  1.04624 0.436899 -0.31492 0.899093
0.437069 0.114173  1.04631  0.436824 -0.314919  0.899022
0.436993 0.114173  1.04638  0.436748 -0.314919   0.89895
0.436917 0.114173  1.04644  0.436673 -0.314919  0.898879
0.436841 0.114174  1.04651  0.436598 -0.314918  0.898807
0.436766 0.114174  1.04658  0.436522 -0.314918  0.898735
 0.43669 0.114175  1.04665  0.436447 -0.314918  0.898663
0.436613 0.114175  1.04671  0.436371 -0.314917  0.898592
0.436537 0.114176  1.04678  0.436295 -0.314917   0.89852
0.436459 0.114176  1.04685  0.436219 -0.314917  0.898449
0.436382 0.114177  1.04692  0.436143 -0.314917  0.898378
0.436305 0.114177  1.04699  0.436067 -0.314917  0.898308
0.436228 0.114177  1.04706  0.435991 -0.314917  0.898237
0.436151 0.114176  1.04713  0.435915 -0.314917  0.898167
0.436074 0.114176  1.04719  0.435839 -0.314916  0.898096
0.435997 0.114176  1.04726  0.435762 -0.314916  0.898026
0.435921 0.114177  1.04733  0.435686 -0.314916  0.897955
0.435844 0.114177  1.04739   0.43561 -0.314916  0.897884
0.435767 0.114177  1.04746  0.435533 -0.314916  0.897814
 0.43569 0.114177  1.04753  0.435456 -0.314916  0.897743
0.435612 0.114178  1.04759   0.43538 -0.314916  0.897673
0.435534 0.114178  1.04766  0.435303 -0.314916  0.897603
0.435455 0.114178  1.04773  0.435226 -0.314916  0.897533
0.435377 0.114178   1.0478  0.435149 -0.314916  0.897464
0.435299 0.114178  1.04786  0.435072 -0.314916  0.897395
0.435222 0.114178  1.04793  0.434995 -0.314916  0.897325
0.435144 0.114178    1.048  0.434918 -0.314916  0.897255
0.435067 0.114178  1.04806   0.43484 -0.314916  0.897186
0.434989 0.114178  1.04813  0.434763 -0.314916  0.897116
0.434912 0.114179  1.04819  0.434686 -0.314916  0.897046
0.434834 0.114179  1.04826  0.434608 -0.314916  0.896977
0.434755 0.114179  1.04833  0.434531 -0.314916  0.896908
0.434677  0.11418  1.04839  0.434453 -0.314917  0.896839
0.434597  0.11418  1.04846  0.434375 -0.314917   0.89677
0.434519  0.11418  1.04853  0.434297 -0.314917  0.896702
 0.43444 0.114181  1.04859  0.434219 -0.314917  0.896633
0.434361 0.114181  1.04866  0.434141 -0.314917  0.896565
0.434283 0.114181  1.04872  0.434063 -0.314917  0.896496
0.434205 0.114181  1.04879  0.433985 -0.314917  0.896428
0.434127  0.11418  1.04885  0.433907 -0.314918  0.896359
0.434049  0.11418  1.04892  0.433829 -0.314918   0.89629
0.433971  0.11418  1.04898  0.433751 -0.314918  0.896222
0.433892  0.11418  1.04905  0.433673 -0.314918  0.896153
0.433812 0.114181  1.04911  0.433594 -0.314918  0.896085
0.433732 0.114181  1.04918  0.433515 -0.314918  0.896018
0.433652 0.114182  1.04925  0.433437 -0.314919   0.89595
0.433571 0.114182  1.04931  0.433358 -0.314919  0.895883
0.433491 0.114182  1.04938  0.433279 -0.314919  0.895816
0.433412 0.114183  1.04944    0.4332 -0.314919  0.895749
0.433332 0.114183  1.04951  0.433121 -0.314919  0.895681
0.433253 0.114183  1.04957 0.433042 -0.31492 0.895614
0.433174 0.114183  1.04964 0.432963 -0.31492 0.895546
0.433095 0.114183   1.0497 0.432884 -0.31492 0.895479
0.433016 0.114183  1.04976 0.432805 -0.31492 0.895411
0.432937 0.114183  1.04983 0.432726 -0.31492 0.895344
0.432858 0.114183  1.04989  0.432646 -0.314921  0.895277
0.432778 0.114183  1.04996  0.432567 -0.314921  0.895211
0.432697 0.114183  1.05002  0.432487 -0.314921  0.895144
0.432617 0.114183  1.05009  0.432408 -0.314922  0.895078
0.432536 0.114183  1.05015  0.432328 -0.314922  0.895012
0.432455 0.114184  1.05021  0.432248 -0.314922  0.894946
0.432375 0.114184  1.05028  0.432169 -0.314922  0.894879
0.432294 0.114184  1.05034  0.432089 -0.314923  0.894813
0.432214 0.114184   1.0504  0.432009 -0.314923  0.894746
0.432135 0.114184  1.05047  0.431929 -0.314923   0.89468
0.432055 0.114185  1.05053  0.431849 -0.314924  0.894614
0.431975 0.114185  1.05059  0.431769 -0.314924  0.894548
0.431894 0.114185  1.05066  0.431688 -0.314924  0.894482
0.431813 0.114185  1.05072  0.431608 -0.314925  0.894417
0.431732 0.114185  1.05078  0.431528 -0.314925  0.894352
 0.43165 0.114185  1.05085  0.431447 -0.314925  0.894287
0.431569 0.114185  1.05091  0.431367 -0.314926  0.894221
0.431488 0.114185  1.05097  0.431286 -0.314926  0.894156
0.431407 0.114184  1.05104  0.431205 -0.314926   0.89409
0.431326 0.114184   1.0511  0.431125 -0.314927  0.894025
0.431245 0.114184  1.05116  0.431044 -0.314927   0.89396
0.431164 0.114185  1.05122  0.430963 -0.314927  0.893895
0.431084 0.114185  1.05128  0.430882 -0.314928   0.89383
0.431002 0.114185  1.05134  0.430801 -0.314928  0.893765
0.430921 0.114185  1.05141   0.43072 -0.314928  0.893701
0.430839 0.114186  1.05147  0.430639 -0.314929  0.893637
0.430757 0.114186  1.05153  0.430558 -0.314929  0.893573
0.430675 0.114186   1.0516 0.430476 -0.31493 0.893509
0.430593 0.114186  1.05166 0.430395 -0.31493 0.893444
0.430511 0.114186  1.05172 0.430314 -0.31493  0.89338
 0.43043 0.114186  1.05178  0.430232 -0.314931  0.893315
0.430348 0.114186  1.05184  0.430151 -0.314931  0.893251
0.430267 0.114185   1.0519  0.430069 -0.314931  0.893187
0.430185 0.114185  1.05196  0.429987 -0.314932  0.893123
0.430104 0.114185  1.05202  0.429906 -0.314932   0.89306
0.430021 0.114186  1.05209  0.429824 -0.314932  0.892996
0.429938 0.114186  1.05215  0.429742 -0.314933  0.892933
0.429855 0.114186  1.05221   0.42966 -0.314933   0.89287
0.429772 0.114187  1.05227  0.429578 -0.314934  0.892807
0.429689 0.114187  1.05233  0.429496 -0.314934  0.892744
0.429607 0.114187  1.05239  0.429414 -0.314935   0.89268
0.429524 0.114187  1.05245  0.429331 -0.314935  0.892617
0.429442 0.114187  1.05251  0.429249 -0.314935  0.892554
 0.42936 0.114187  1.05257  0.429167 -0.314936  0.892491
0.429278 0.114187  1.05263  0.429084 -0.314936  0.892428
0.429196 0.114186  1.05269  0.429002 -0.314937  0.892365
0.429113 0.114186  1.05275  0.428919 -0.314937  0.892303
 0.42903 0.114186  1.05281  0.428836 -0.314937  0.892241
0.428947 0.114186  1.05287  0.428754 -0.314938  0.892178
0.428863 0.114186  1.05294  0.428671 -0.314938  0.892116
0.428779 0.114187    1.053  0.428588 -0.314939  0.892054
0.428695 0.114187  1.05306  0.428505 -0.314939  0.891992
0.428612 0.114187  1.05312  0.428422 -0.314939   0.89193
0.428528 0.114188  1.05318 0.428339 -0.31494 0.891867
0.428445 0.114188  1.05323 0.428256 -0.31494 0.891805
0.428363 0.114188  1.05329 0.428173 -0.31494 0.891744
 0.42828 0.114188  1.05335   0.42809 -0.314941  0.891682
0.428197 0.114189  1.05341  0.428006 -0.314941  0.891621
0.428113 0.114189  1.05347  0.427923 -0.314942   0.89156
0.428029 0.114189  1.05353  0.427839 -0.314942  0.891498
0.427945 0.114189  1.05359  0.427756 -0.314942  0.891437
 0.42786 0.114189  1.05365  0.427672 -0.314943  0.891376
0.427776 0.114188  1.05371  0.427589 -0.314943  0.891315
0.427692 0.114188  1.05377  0.427505 -0.314944  0.891254
0.427608 0.114188  1.05383  0.427421 -0.314944  0.891193
0.427524 0.114188  1.05388  0.427338 -0.314944  0.891132
 0.42744 0.114188  1.05394  0.427254 -0.314945  0.891071
0.427356 0.114188    1.054   0.42717 -0.314945   0.89101
0.427272 0.114189  1.05406  0.427086 -0.314945   0.89095
0.427188 0.114189  1.05412  0.427001 -0.314946   0.89089
0.427104 0.114189  1.05417  0.426917 -0.314946   0.89083
0.427019  0.11419  1.05423  0.426833 -0.314947   0.89077
0.426934  0.11419  1.05429  0.426749 -0.314947   0.89071
0.426848  0.11419  1.05435  0.426664 -0.314947   0.89065
0.426763  0.11419  1.05441   0.42658 -0.314948   0.89059
0.426679  0.11419  1.05447  0.426496 -0.314948  0.890529
0.426594 0.114189  1.05452  0.426411 -0.314948  0.890469
 0.42651 0.114189  1.05458  0.426326 -0.314949   0.89041
0.426425 0.114189  1.05464  0.426242 -0.314949   0.89035
0.426341 0.114189  1.05469 0.426157 -0.31495 0.890291
0.426256 0.114189  1.05475 0.426072 -0.31495 0.890232
0.426171 0.114189  1.05481 0.425987 -0.31495 0.890173
0.426086  0.11419  1.05486  0.425902 -0.314951  0.890114
0.425999  0.11419  1.05492  0.425817 -0.314951  0.890055
0.425913  0.11419  1.05498  0.425732 -0.314952  0.889996
0.425827  0.11419  1.05504  0.425647 -0.314952  0.889937
0.425742  0.11419   1.0551  0.425562 -0.314952  0.889878
0.425656  0.11419  1.05515  0.425477 -0.314953  0.889819
0.425571  0.11419  1.05521  0.425391 -0.314953   0.88976
0.425486  0.11419  1.05526  0.425306 -0.314954  0.889701
0.425401  0.11419  1.05532  0.425221 -0.314954  0.889643
0.425316  0.11419  1.05538  0.425135 -0.314954  0.889585
0.425231  0.11419  1.05543  0.425049 -0.314955  0.889527
0.425145 0.114189  1.05549  0.424964 -0.314955  0.889469
0.425058 0.114189  1.05554  0.424878 -0.314955  0.889411
0.424971 0.114189   1.0556  0.424792 -0.314956  0.889353
0.424885  0.11419  1.05566  0.424706 -0.314956  0.889295
0.424798  0.11419  1.05571  0.424621 -0.314956  0.889237
0.424711  0.11419  1.05577  0.424535 -0.314957  0.889179
0.424625  0.11419  1.05583  0.424449 -0.314957  0.889122
0.424539  0.11419  1.05588  0.424363 -0.314957  0.889064
0.424453  0.11419  1.05594  0.424276 -0.314958  0.889007
0.424367 0.114191  1.05599   0.42419 -0.314958   0.88895
0.424282 0.114191  1.05604  0.424104 -0.314959  0.888893
0.424195 0.114191   1.0561  0.424018 -0.314959  0.888836
0.424109 0.114191  1.05615  0.423931 -0.314959  0.888779
0.424022  0.11419  1.05621 0.423845 -0.31496 0.888722
0.423934  0.11419  1.05627 0.423758 -0.31496 0.888665
0.423847  0.11419  1.05632 0.423672 -0.31496 0.888609
0.42376 0.11419 1.05638 0.423585 -0.31496 0.888552
0.423672  0.11419  1.05643  0.423498 -0.314961  0.888495
0.423586  0.11419  1.05649  0.423412 -0.314961  0.888439
0.423499  0.11419  1.05654  0.423325 -0.314961  0.888383
0.423412  0.11419  1.05659  0.423238 -0.314962  0.888327
0.423326  0.11419  1.05665  0.423151 -0.314962  0.888271
0.423239  0.11419   1.0567  0.423064 -0.314963  0.888215
0.423152 0.114191  1.05675  0.422977 -0.314963  0.888159
0.423064 0.114191  1.05681   0.42289 -0.314963  0.888103
0.422976 0.114191  1.05686  0.422803 -0.314964  0.888047
0.422888 0.114191  1.05692  0.422715 -0.314964  0.887991
 0.4228 0.11419 1.05697  0.422628 -0.314964  0.887936
0.422712  0.11419  1.05703  0.422541 -0.314965   0.88788
0.422624  0.11419  1.05708  0.422453 -0.314965  0.887825
0.422537 0.114189  1.05713  0.422366 -0.314965   0.88777
 0.42245 0.114189  1.05719  0.422278 -0.314966  0.887715
0.422362 0.114189  1.05724  0.422191 -0.314966   0.88766
0.422275 0.114189  1.05729  0.422103 -0.314966  0.887605
0.422187 0.114189  1.05734  0.422015 -0.314967  0.887551
0.422099 0.114189   1.0574  0.421928 -0.314967  0.887496
 0.42201 0.114189  1.05745   0.42184 -0.314967  0.887441
0.421921 0.114189   1.0575  0.421752 -0.314968  0.887386
0.421832 0.114189  1.05756  0.421664 -0.314968  0.887331
0.421744 0.114189  1.05761  0.421576 -0.314968  0.887277
0.421655 0.114189  1.05766  0.421488 -0.314969  0.887223
0.421567 0.114188  1.05772    0.4214 -0.314969  0.887169
0.421479 0.114188  1.05777  0.421311 -0.314969  0.887115
0.421391 0.114187  1.05782 0.421223 -0.31497 0.887061
0.421303 0.114187  1.05787 0.421135 -0.31497 0.887008
0.421215 0.114187  1.05792 0.421046 -0.31497 0.886954
0.421127 0.114186  1.05797  0.420958 -0.314971    0.8869
0.421038 0.114186  1.05803   0.42087 -0.314971  0.886846
0.420948 0.114186  1.05808  0.420781 -0.314971  0.886793
0.420858 0.114186  1.05813  0.420692 -0.314971  0.886739
0.420768 0.114186  1.05819  0.420604 -0.314972  0.886686
0.420679 0.114186  1.05824  0.420515 -0.314972  0.886632
 0.42059 0.114186  1.05829  0.420426 -0.314972  0.886579
0.420501 0.114186  1.05834  0.420337 -0.314973  0.886527
0.420413 0.114186  1.05839  0.420248 -0.314973  0.886474
0.420324 0.114185  1.05844  0.420159 -0.314973  0.886421
0.420235 0.114185  1.05849   0.42007 -0.314974  0.886369
0.420147 0.114185  1.05854  0.419981 -0.314974  0.886316
0.420057 0.114184  1.05859  0.419892 -0.314974  0.886263
0.419967 0.114183  1.05864  0.419803 -0.314975  0.886211
0.419877 0.114183   1.0587  0.419714 -0.314975  0.886158
0.419787 0.114182  1.05875  0.419625 -0.314975  0.886106
0.419697 0.114182   1.0588  0.419535 -0.314975  0.886054
0.419607 0.114182  1.05885  0.419446 -0.314976  0.886002
0.419517 0.114182   1.0589  0.419356 -0.314976   0.88595
0.419427 0.114182  1.05895  0.419267 -0.314977  0.885899
0.419338 0.114181    1.059  0.419177 -0.314977  0.885847
0.419248 0.114181  1.05905  0.419087 -0.314977  0.885796
0.419159 0.114181   1.0591  0.418998 -0.314978  0.885744
0.419069 0.114181  1.05915  0.418908 -0.314978  0.885692
0.418979 0.114181   1.0592  0.418818 -0.314978  0.885641
0.418888  0.11418  1.05925  0.418728 -0.314978  0.885589
0.418797  0.11418   1.0593  0.418638 -0.314979  0.885538
0.418707 0.114179  1.05935  0.418548 -0.314979  0.885487
0.418616 0.114178   1.0594  0.418458 -0.314979  0.885436
0.418525 0.114177  1.05945 0.418368 -0.31498 0.885386
0.418435 0.114176   1.0595 0.418278 -0.31498 0.885335
0.418345 0.114176  1.05955 0.418188 -0.31498 0.885285
0.418255 0.114176   1.0596  0.418097 -0.314981  0.885234
0.418165 0.114175  1.05965  0.418007 -0.314981  0.885184
0.418074 0.114175  1.05969  0.417917 -0.314981  0.885133
0.417984 0.114175  1.05974  0.417826 -0.314982  0.885083
0.417892 0.114174  1.05979  0.417736 -0.314982  0.885032
0.417801 0.114174  1.05984  0.417645 -0.314982  0.884982
0.417709 0.114173  1.05989  0.417555 -0.314983  0.884932
0.417618 0.114173  1.05994  0.417464 -0.314983  0.884883
0.417526 0.114172  1.05999  0.417373 -0.314983  0.884833
0.417435 0.114171  1.06004  0.417282 -0.314984  0.884784
0.417345  0.11417  1.06009  0.417192 -0.314984  0.884734
0.417254 0.114169  1.06013  0.417101 -0.314984  0.884685
0.417163 0.114168  1.06018   0.41701 -0.314984  0.884635
0.417073 0.114167  1.06023  0.416919 -0.314985  0.884586
0.416982 0.114167  1.06028  0.416828 -0.314985  0.884537
 0.41689 0.114166  1.06032  0.416737 -0.314985  0.884487
0.416798 0.114166  1.06037  0.416646 -0.314986  0.884438
0.416705 0.114165  1.06042  0.416554 -0.314986  0.884389
0.416613 0.114165  1.06047  0.416463 -0.314986  0.884341
0.416521 0.114164  1.06052  0.416372 -0.314987  0.884292
0.416429 0.114163  1.06057   0.41628 -0.314987  0.884244
0.416337 0.114163  1.06061  0.416189 -0.314987  0.884196
0.416246 0.114162  1.06066  0.416097 -0.314988  0.884148
0.416155 0.114161  1.06071  0.416006 -0.314988  0.884099
0.416063  0.11416  1.06075  0.415914 -0.314988  0.884051
0.415972 0.114159   1.0608  0.415823 -0.314988  0.884003
 0.41588 0.114158  1.06085  0.415731 -0.314989  0.883954
0.415788 0.114157  1.06089  0.415639 -0.314989  0.883906
0.415695 0.114155  1.06094  0.415547 -0.314989  0.883859
0.415602 0.114155  1.06099 0.415455 -0.31499 0.883811
0.415509 0.114154  1.06104 0.415363 -0.31499 0.883764
0.415416 0.114153  1.06108 0.415271 -0.31499 0.883717
0.415323 0.114152  1.06113  0.415179 -0.314991  0.883669
0.415231 0.114151  1.06118  0.415087 -0.314991  0.883622
0.415139  0.11415  1.06122  0.414995 -0.314991  0.883575
0.415047  0.11415  1.06127  0.414903 -0.314992  0.883528
0.414955 0.114149  1.06131  0.414811 -0.314992  0.883481
0.414863 0.114148  1.06136  0.414719 -0.314992  0.883433
 0.41477 0.114147  1.06141  0.414626 -0.314992  0.883387
0.414677 0.114146  1.06145  0.414534 -0.314993   0.88334
0.414584 0.114144   1.0615  0.414441 -0.314993  0.883294
 0.41449 0.114143  1.06155  0.414349 -0.314993  0.883247
0.414396 0.114142  1.06159  0.414256 -0.314994  0.883201
0.414303  0.11414  1.06164  0.414164 -0.314994  0.883155
 0.41421 0.114139  1.06168  0.414071 -0.314995  0.883109
0.414117 0.114138  1.06173  0.413978 -0.314995  0.883063
0.414024 0.114137  1.06177  0.413885 -0.314995  0.883017
0.413932 0.114137  1.06182  0.413793 -0.314996  0.882971
0.413839 0.114136  1.06186    0.4137 -0.314996  0.882925
0.413746 0.114135   1.0619  0.413607 -0.314996  0.882879
0.413653 0.114134  1.06195  0.413514 -0.314997  0.882833
0.413559 0.114133  1.06199  0.413421 -0.314997  0.882788
0.413464 0.114132  1.06204  0.413328 -0.314997  0.882743
 0.41337 0.114131  1.06209  0.413235 -0.314998  0.882698
0.413275  0.11413  1.06213  0.413141 -0.314998  0.882653
0.413181 0.114128  1.06218  0.413048 -0.314998  0.882608
0.413088 0.114126  1.06222  0.412955 -0.314999  0.882563
0.412994 0.114125  1.06227  0.412862 -0.314999  0.882518
0.412901 0.114123  1.06231  0.412768 -0.314999  0.882473
0.412807 0.114121  1.06235 0.412675   -0.315 0.882429
0.412714  0.11412   1.0624 0.412581   -0.315 0.882384
0.412621 0.114119  1.06244 0.412488   -0.315 0.882339
0.412527 0.114118  1.06248  0.412394 -0.315001  0.882295
0.412433 0.114117  1.06253  0.412301 -0.315001  0.882251
0.412339 0.114116  1.06257  0.412207 -0.315001  0.882207
0.412244 0.114114  1.06262  0.412113 -0.315002  0.882163
0.412148 0.114113  1.06266  0.412019 -0.315002  0.882119
0.412054 0.114112   1.0627  0.411925 -0.315002  0.882075
0.411959  0.11411  1.06275  0.411832 -0.315003  0.882032
0.411864 0.114109  1.06279  0.411738 -0.315003  0.881988
 0.41177 0.114107  1.06283  0.411644 -0.315003  0.881944
0.411676 0.114105  1.06288   0.41155 -0.315004  0.881901
0.411582 0.114103  1.06292  0.411456 -0.315004  0.881857
0.411489 0.114102  1.06296  0.411361 -0.315004  0.881814
0.411394   0.1141    1.063  0.411267 -0.315005  0.881771
  0.4113 0.114099  1.06305  0.411173 -0.315005  0.881728
0.411205 0.114098  1.06309  0.411079 -0.315006  0.881685
0.411109 0.114096  1.06313  0.410984 -0.315006  0.881643
0.411013 0.114095  1.06318   0.41089 -0.315006    0.8816
0.410918 0.114093  1.06322  0.410795 -0.315007  0.881558
0.410822 0.114092  1.06326  0.410701 -0.315007  0.881515
0.410727  0.11409   1.0633  0.410606 -0.315007  0.881472
0.410633 0.114089  1.06334  0.410512 -0.315008   0.88143
0.410538 0.114087  1.06339  0.410417 -0.315008  0.881388
0.410444 0.114085  1.06343  0.410323 -0.315008  0.881345
0.410349 0.114084  1.06347  0.410228 -0.315009  0.881304
0.410254 0.114082  1.06351  0.410133 -0.315009  0.881262
0.410159  0.11408  1.06355 0.410038 -0.31501  0.88122
0.410063 0.114078  1.06359 0.409943 -0.31501 0.881179
0.409967 0.114076  1.06364 0.409848 -0.31501 0.881137
0.409871 0.114075  1.06368  0.409753 -0.315011  0.881096
0.409775 0.114073  1.06372  0.409658 -0.315011  0.881054
0.409679 0.114072  1.06376  0.409563 -0.315011  0.881013
0.409583  0.11407   1.0638  0.409468 -0.315012  0.880972
0.409488 0.114069  1.06384  0.409373 -0.315012   0.88093
0.409393 0.114067  1.06388  0.409278 -0.315012  0.880889
0.409298 0.114065  1.06392  0.409183 -0.315013  0.880849
0.409202 0.114064  1.06396  0.409087 -0.315013  0.880808
0.409107 0.114062    1.064  0.408992 -0.315014  0.880768
0.409011  0.11406  1.06404  0.408896 -0.315014  0.880727
0.408914 0.114059  1.06408  0.408801 -0.315014  0.880687
0.408817 0.114057  1.06413  0.408705 -0.315015  0.880646
0.408721 0.114054  1.06417   0.40861 -0.315015  0.880606
0.408624 0.114052  1.06421  0.408514 -0.315015  0.880566
0.408528  0.11405  1.06425  0.408419 -0.315016  0.880526
0.408432 0.114048  1.06429  0.408323 -0.315016  0.880486
0.408336 0.114047  1.06433  0.408227 -0.315016  0.880446
 0.40824 0.114045  1.06436  0.408132 -0.315017  0.880406
0.408145 0.114043   1.0644  0.408036 -0.315017  0.880367
0.408049 0.114042  1.06444   0.40794 -0.315018  0.880327
0.407952  0.11404  1.06448  0.407844 -0.315018  0.880288
0.406248 0.113999  1.06521  0.406208 -0.315021  0.879624
0.406144 0.113996  1.06526  0.406111 -0.315021  0.879585
0.406039 0.113993  1.06531  0.406015 -0.315021  0.879547
0.405934  0.11399  1.06535  0.405918 -0.315021  0.879508
0.405837 0.113989  1.06539  0.405823 -0.315021  0.879467
0.405747 0.113989  1.06542  0.405729 -0.315022  0.879425
0.405666 0.113992  1.06545  0.405637 -0.315023  0.879381
0.405588 0.113996  1.06547  0.405547 -0.315025  0.879336
0.405511 0.113999  1.06549  0.405457 -0.315028  0.879291
0.40543   0.114 1.06551 0.405369 -0.31503 0.879245
0.405343    0.114  1.06555  0.405282 -0.315033    0.8792
0.405252 0.113999  1.06559  0.405196 -0.315036  0.879156
0.405159 0.113997  1.06563  0.405109 -0.315039  0.879114
0.405068 0.113995  1.06567  0.405024 -0.315041  0.879072
0.404983 0.113994   1.0657  0.404938 -0.315044  0.879032
0.404903 0.113995  1.06573  0.404853 -0.315046  0.878993
0.404828 0.113996  1.06575  0.404768 -0.315048  0.878954
0.404757 0.113998  1.06577 0.404683 -0.31505 0.878917
0.404686    0.114  1.06579  0.404599 -0.315052   0.87888
0.404609 0.114001  1.06581  0.404514 -0.315053  0.878843
0.404525 0.114001  1.06585  0.404431 -0.315055  0.878808
0.404435 0.114001  1.06589  0.404348 -0.315055  0.878772
0.404339 0.113999  1.06594  0.404265 -0.315056  0.878738
0.404244 0.113997  1.06598  0.404182 -0.315057  0.878704
0.404155 0.113996  1.06602  0.404099 -0.315058   0.87867
0.404071 0.113995  1.06606  0.404017 -0.315058  0.878638
0.403991 0.113995  1.06608  0.403934 -0.315059  0.878606
0.403917 0.113996   1.0661 0.403852 -0.31506 0.878574
0.403843 0.113996  1.06613  0.40377 -0.31506 0.878543
0.403764 0.113996  1.06615  0.403687 -0.315061  0.878512
0.403679 0.113995  1.06619  0.403605 -0.315061  0.878482
0.403587 0.113993  1.06623  0.403523 -0.315062  0.878452
 0.40349 0.113991  1.06628  0.403442 -0.315062  0.878422
0.403393 0.113988  1.06633   0.40336 -0.315062  0.878393
0.403301 0.113985  1.06637  0.403278 -0.315062  0.878364
0.403215 0.113983  1.06641  0.403196 -0.315062  0.878336
0.403133 0.113982  1.06643  0.403114 -0.315062  0.878308
0.403057 0.113982  1.06646  0.403031 -0.315062   0.87828
0.402982 0.113982  1.06648  0.402949 -0.315062  0.878253
0.402903 0.113981  1.06651  0.402867 -0.315062  0.878226
0.402817  0.11398  1.06654  0.402785 -0.315062  0.878199
0.402725 0.113978  1.06658  0.402702 -0.315061  0.878173
0.402627 0.113975  1.06663   0.40262 -0.315061  0.878146
0.402528 0.113972  1.06668  0.402538 -0.315061   0.87812
0.402433 0.113968  1.06672 0.402455 -0.31506 0.878094
0.402344 0.113965  1.06676 0.402372 -0.31506 0.878069
 0.40226 0.113963  1.06679  0.402289 -0.315059  0.878043
 0.40218 0.113962  1.06681  0.402207 -0.315059  0.878018
0.402104 0.113962  1.06684  0.402123 -0.315059  0.877993
0.402026 0.113961  1.06686   0.40204 -0.315059  0.877968
0.401941  0.11396  1.06689  0.401956 -0.315058  0.877944
 0.40185 0.113958  1.06693  0.401873 -0.315058  0.877919
0.401753 0.113955  1.06697  0.401789 -0.315057  0.877895
0.401651 0.113952  1.06702  0.401706 -0.315056   0.87787
0.401552 0.113947  1.06707  0.401622 -0.315055  0.877846
0.401458 0.113944  1.06711  0.401538 -0.315054  0.877822
0.401369 0.113941  1.06714  0.401454 -0.315054  0.877798
0.401285  0.11394  1.06717  0.401369 -0.315053  0.877774
0.401207 0.113939  1.06719  0.401285 -0.315052   0.87775
0.401128 0.113938  1.06721    0.4012 -0.315052  0.877726
0.401044 0.113937  1.06724  0.401115 -0.315051  0.877702
0.400953 0.113935  1.06727  0.40103 -0.31505 0.877679
0.400856 0.113933  1.06731 0.400945 -0.31505 0.877655
0.400752  0.11393  1.06736  0.400859 -0.315049  0.877631
 0.40065 0.113926  1.06741  0.400774 -0.315048  0.877608
0.400553 0.113923  1.06745  0.400688 -0.315047  0.877584
0.400461  0.11392  1.06749  0.400602 -0.315046  0.877561
0.400375 0.113919  1.06751  0.400516 -0.315045  0.877537
0.400294 0.113918  1.06753   0.40043 -0.315044  0.877514
0.400214 0.113918  1.06755  0.400343 -0.315044  0.877491
0.400129 0.113917  1.06758  0.400256 -0.315043  0.877467
0.400038 0.113916  1.06761  0.400169 -0.315042  0.877444
 0.39994 0.113913  1.06765  0.400082 -0.315041  0.877421
0.399836  0.11391   1.0677 0.399995 -0.31504 0.877397
0.399732 0.113907  1.06775  0.399908 -0.315039  0.877374
0.399632 0.113903  1.06779   0.39982 -0.315038  0.877351
0.399539 0.113901  1.06782  0.399732 -0.315037  0.877327
 0.39945 0.113899  1.06785  0.399644 -0.315037  0.877304
0.399367 0.113898  1.06787  0.399556 -0.315036  0.877281
0.399286 0.113898  1.06789  0.399468 -0.315035  0.877258
0.399202 0.113898  1.06791  0.399379 -0.315035  0.877235
0.399112 0.113897  1.06794   0.39929 -0.315034  0.877211
0.399015 0.113895  1.06797  0.399201 -0.315033  0.877188
0.398911 0.113892  1.06802  0.399112 -0.315032  0.877165
0.398806 0.113889  1.06806  0.399023 -0.315031  0.877142
0.398703 0.113885   1.0681 0.398933 -0.31503 0.877118
0.398605 0.113882  1.06814 0.398843 -0.31503 0.877095
0.398514 0.113879  1.06817  0.398753 -0.315029  0.877072
0.398427 0.113878  1.06819  0.398663 -0.315028  0.877048
0.398345 0.113878  1.06821  0.398573 -0.315028  0.877025
0.398263 0.113878  1.06822  0.398482 -0.315027  0.877002
0.398175 0.113877  1.06825  0.398391 -0.315026  0.876979
 0.39808 0.113876  1.06828  0.398301 -0.315026  0.876955
0.397978 0.113874  1.06832   0.39821 -0.315025  0.876932
 0.39787 0.113871  1.06836  0.398119 -0.315024  0.876909
0.397764 0.113868   1.0684  0.398027 -0.315023  0.876886
0.397663 0.113865  1.06844  0.397936 -0.315022  0.876862
0.397567 0.113863  1.06847  0.397844 -0.315021  0.876839
0.397478 0.113862  1.06849  0.397753 -0.315021  0.876815
0.397393 0.113863  1.06851 0.397661 -0.31502 0.876792
0.397309 0.113863  1.06853 0.397568 -0.31502 0.876769
 0.39722 0.113862  1.06855  0.397476 -0.315019  0.876746
0.397124 0.113862  1.06858  0.397383 -0.315018  0.876722
0.397022  0.11386  1.06861  0.397291 -0.315018  0.876699
0.396914 0.113858  1.06866  0.397198 -0.315017  0.876676
0.396806 0.113855   1.0687  0.397105 -0.315016  0.876652
0.396703 0.113853  1.06873  0.397012 -0.315016  0.876629
0.396606 0.113851  1.06876  0.396918 -0.315015  0.876605
0.396514  0.11385  1.06879  0.396825 -0.315015  0.876582
0.396428 0.113851   1.0688  0.396731 -0.315014  0.876559
0.396344 0.113852  1.06882  0.396637 -0.315014  0.876535
0.396256 0.113852  1.06883  0.396543 -0.315014  0.876512
0.396161 0.113852  1.06886  0.396449 -0.315013  0.876489
 0.39606 0.113851  1.06889  0.396355 -0.315013  0.876466
0.395952 0.113849  1.06893   0.39626 -0.315012  0.876442
0.395843 0.113846  1.06897  0.396166 -0.315012  0.876419
0.395738 0.113842  1.06901  0.396071 -0.315011  0.876396
0.395638  0.11384  1.06904  0.395976 -0.315011  0.876373
0.395544 0.113839  1.06906  0.395881 -0.315011  0.876349
0.395455 0.113838  1.06908 0.395786 -0.31501 0.876326
0.395371 0.113839  1.06909 0.395691 -0.31501 0.876303
0.395285 0.113839  1.06911 0.395595 -0.31501  0.87628
0.395192 0.113839  1.06913 0.395499 -0.31501 0.876257
0.395093 0.113839  1.06915  0.395404 -0.315009  0.876234
0.394987 0.113838  1.06919  0.395308 -0.315009  0.876211
0.394876 0.113835  1.06923  0.395212 -0.315009  0.876188
0.394767 0.113832  1.06927  0.395116 -0.315008  0.876165
0.394663  0.11383   1.0693   0.39502 -0.315008  0.876142
0.394566  0.11383  1.06933  0.394924 -0.315008  0.876119
0.394474  0.11383  1.06934  0.394827 -0.315007  0.876096
0.394387 0.113831  1.06936  0.394731 -0.315007  0.876073
0.394301 0.113832  1.06937  0.394634 -0.315007   0.87605
0.394209 0.113832  1.06939  0.394537 -0.315007  0.876027
 0.39411 0.113832  1.06941   0.39444 -0.315007  0.876004
0.394005  0.11383  1.06944  0.394343 -0.315007  0.875982
0.393893 0.113828  1.06948  0.394246 -0.315007  0.875959
0.393783 0.113825  1.06952  0.394149 -0.315006  0.875936
0.393678 0.113822  1.06955  0.394052 -0.315006  0.875913
0.393578 0.113821  1.06958  0.393954 -0.315006  0.875891
0.393485 0.113821   1.0696  0.393857 -0.315006  0.875868
0.393397 0.113822  1.06961  0.393759 -0.315006  0.875846
 0.39331 0.113822  1.06962  0.393661 -0.315006  0.875823
0.393218 0.113823  1.06963  0.393563 -0.315006  0.875801
 0.39312 0.113823  1.06966  0.393465 -0.315006  0.875778
0.393015 0.113822  1.06969  0.393367 -0.315006  0.875756
0.392904  0.11382  1.06972  0.393269 -0.315006  0.875734
0.392792 0.113818  1.06976  0.393171 -0.315006  0.875711
0.392685 0.113816  1.06979  0.393072 -0.315006  0.875689
0.392584 0.113814  1.06982  0.392974 -0.315006  0.875667
0.392489 0.113814  1.06983  0.392875 -0.315006  0.875645
0.392399 0.113815  1.06984  0.392776 -0.315007  0.875623
0.392312 0.113816  1.06985  0.392678 -0.315007  0.875601
0.392223 0.113817  1.06987  0.392578 -0.315007  0.875579
0.392127 0.113818  1.06988  0.392479 -0.315008  0.875557
0.392024 0.113817  1.06991   0.39238 -0.315008  0.875536
0.391914 0.113815  1.06994  0.392281 -0.315008  0.875514
0.391802 0.113813  1.06998  0.392182 -0.315008  0.875492
0.391691 0.113809  1.07001  0.392083 -0.315008  0.875471
0.391587 0.113807  1.07004  0.391983 -0.315008  0.875449
0.391488 0.113806  1.07006  0.391884 -0.315008  0.875427
0.391395 0.113806  1.07007  0.391784 -0.315009  0.875406
0.391308 0.113807  1.07008  0.391685 -0.315009  0.875385
 0.39122 0.113808  1.07009  0.391585 -0.315009  0.875363
0.391126 0.113809   1.0701 0.391485 -0.31501 0.875342
0.391025 0.113808  1.07012 0.391385 -0.31501 0.875321
0.390918 0.113807  1.07015 0.391285 -0.31501   0.8753
0.390804 0.113805  1.07019 0.391185 -0.31501 0.875279
0.390691 0.113802  1.07022 0.391085 -0.31501 0.875258
0.390584 0.113801  1.07025 0.390985 -0.31501 0.875237
0.390482   0.1138  1.07027 0.390885 -0.31501 0.875217
0.390387   0.1138  1.07029  0.390785 -0.315011  0.875196
0.390298 0.113802  1.07029  0.390684 -0.315011  0.875175
0.390209 0.113803   1.0703  0.390584 -0.315012  0.875155
0.390115 0.113804  1.07031  0.390483 -0.315012  0.875134
0.390015 0.113804  1.07033  0.390382 -0.315012  0.875114
0.389908 0.113803  1.07036  0.390282 -0.315013  0.875094
0.389794 0.113801  1.07039  0.390181 -0.315013  0.875074
0.389681 0.113799  1.07043  0.390081 -0.315013  0.875053
0.389572 0.113796  1.07045   0.38998 -0.315013  0.875033
 0.38947 0.113795  1.07048  0.389879 -0.315014  0.875013
0.389373 0.113795  1.07049  0.389778 -0.315014  0.874993
0.389283 0.113796   1.0705  0.389677 -0.315015  0.874974
0.389194 0.113798   1.0705  0.389575 -0.315015  0.874954
0.389102 0.113799  1.07051  0.389474 -0.315016  0.874934
0.389004 0.113799  1.07053  0.389373 -0.315017  0.874915
0.388898 0.113798  1.07055  0.389272 -0.315017  0.874896
0.388786 0.113796  1.07058   0.38917 -0.315017  0.874876
0.388672 0.113793  1.07062  0.389069 -0.315018  0.874857
0.388561  0.11379  1.07064  0.388968 -0.315018  0.874838
0.388456 0.113788  1.07067  0.388866 -0.315019  0.874819
0.388357 0.113787  1.07068  0.388765 -0.315019    0.8748
0.388263 0.113788  1.07069 0.388663 -0.31502 0.874781
0.388174 0.113789  1.07069 0.388561 -0.31502 0.874762
0.388085  0.11379   1.0707  0.388459 -0.315021  0.874743
0.38799 0.11379 1.07071  0.388357 -0.315022  0.874725
0.387887  0.11379  1.07073  0.388256 -0.315022  0.874706
0.387778 0.113789  1.07076  0.388154 -0.315023  0.874688
0.387662 0.113786  1.07079  0.388052 -0.315023  0.874669
0.387548 0.113783  1.07082   0.38795 -0.315023  0.874651
 0.38744 0.113781  1.07084  0.387848 -0.315024  0.874633
0.387337  0.11378  1.07086  0.387746 -0.315024  0.874615
0.387241  0.11378  1.07087  0.387644 -0.315025  0.874597
 0.38715 0.113781  1.07088  0.387542 -0.315025  0.874579
 0.38706 0.113783  1.07088   0.38744 -0.315026  0.874561
0.386965 0.113784  1.07089  0.387338 -0.315027  0.874544
0.386863 0.113784  1.07091  0.387235 -0.315027  0.874526
0.386753 0.113783  1.07093  0.387133 -0.315028  0.874509
0.386638 0.113781  1.07096  0.387031 -0.315028  0.874491
0.386523 0.113779  1.07099  0.386929 -0.315028  0.874474
0.386413 0.113777  1.07102  0.386826 -0.315029  0.874457
 0.38631 0.113776  1.07103  0.386724 -0.315029   0.87444
0.386213 0.113776  1.07104 0.386621 -0.31503 0.874422
0.386121 0.113778  1.07105  0.386519 -0.315031  0.874406
0.386031  0.11378  1.07105  0.386416 -0.315031  0.874389
0.385938 0.113781  1.07106  0.386313 -0.315032  0.874372
0.385837 0.113781  1.07107  0.386211 -0.315033  0.874356
0.38573 0.11378 1.07109  0.386108 -0.315033  0.874339
0.385616 0.113778  1.07112  0.386005 -0.315034  0.874323
0.385501 0.113775  1.07115  0.385903 -0.315034  0.874307
0.385389 0.113772  1.07117    0.3858 -0.315035   0.87429
0.385283  0.11377  1.07119  0.385697 -0.315036  0.874274
0.385184 0.113769   1.0712  0.385594 -0.315036  0.874258
 0.38509 0.113769  1.07121  0.385491 -0.315037  0.874242
0.385001  0.11377  1.07121  0.385388 -0.315038  0.874227
 0.38491 0.113771  1.07121  0.385285 -0.315039  0.874211
0.384812 0.113771  1.07122  0.385182 -0.315039  0.874196
0.384707  0.11377  1.07124 0.385079 -0.31504  0.87418
0.384595 0.113769  1.07126 0.384976 -0.31504 0.874165
0.384478 0.113766  1.07129  0.384873 -0.315041   0.87415
0.384363 0.113763  1.07132   0.38477 -0.315041  0.874135
0.384255 0.113761  1.07134  0.384667 -0.315042   0.87412
0.384152  0.11376  1.07135  0.384564 -0.315043  0.874105
0.384056 0.113761  1.07136   0.38446 -0.315043   0.87409
0.383965 0.113762  1.07136  0.384357 -0.315044  0.874075
0.383874 0.113764  1.07136  0.384254 -0.315045  0.874061
0.383778 0.113764  1.07137   0.38415 -0.315046  0.874046
0.383674 0.113764  1.07138  0.384047 -0.315046  0.874032
0.383564 0.113762   1.0714  0.383944 -0.315047  0.874018
0.383447 0.113759  1.07143  0.383841 -0.315047  0.874003
0.383331 0.113755  1.07146  0.383737 -0.315048  0.873989
0.383221 0.113752  1.07148  0.383634 -0.315048  0.873975
0.383117 0.113751  1.07149   0.38353 -0.315049  0.873962
0.383019  0.11375   1.0715 0.383427 -0.31505 0.873948
0.382927 0.113751   1.0715 0.383323 -0.31505 0.873934
0.382836 0.113752   1.0715   0.38322 -0.315051  0.873921
 0.38274 0.113753  1.07151  0.383116 -0.315052  0.873907
0.382638 0.113752  1.07152  0.383013 -0.315053  0.873894
0.382528 0.113751  1.07154  0.382909 -0.315053  0.873881
0.382413 0.113749  1.07156  0.382806 -0.315054  0.873868
0.382296 0.113745  1.07159  0.382702 -0.315054  0.873855
0.382184 0.113742  1.07161  0.382598 -0.315055  0.873842
0.382079  0.11374  1.07162  0.382495 -0.315055  0.873829
0.38198 0.11374 1.07163  0.382391 -0.315056  0.873817
0.381887 0.113741  1.07163  0.382287 -0.315057  0.873804
0.381796 0.113742  1.07163  0.382183 -0.315058  0.873792
0.381703 0.113743  1.07163  0.382079 -0.315058  0.873779
0.381603 0.113743  1.07164  0.381975 -0.315059  0.873767
0.381496 0.113741  1.07165 0.381872 -0.31506 0.873755
0.381383 0.113739  1.07168 0.381768 -0.31506 0.873743
0.381266 0.113735   1.0717  0.381664 -0.315061  0.873732
0.381151 0.113731  1.07172   0.38156 -0.315061   0.87372
0.381042 0.113727  1.07174  0.381456 -0.315062  0.873708
 0.38094 0.113725  1.07175  0.381353 -0.315063  0.873696
0.380843 0.113725  1.07175  0.381249 -0.315063  0.873685
0.380752 0.113726  1.07175  0.381145 -0.315064  0.873674
0.380661 0.113726  1.07175   0.38104 -0.315065  0.873663
0.380564 0.113726  1.07175  0.380936 -0.315066  0.873652
0.380459 0.113725  1.07176  0.380832 -0.315066  0.873641
0.380348 0.113723  1.07178  0.380728 -0.315067   0.87363
0.38023 0.11372 1.07181  0.380625 -0.315067  0.873619
0.380113 0.113716  1.07183  0.380521 -0.315068  0.873608
0.380002 0.113713  1.07185  0.380417 -0.315068  0.873598
0.379897 0.113712  1.07186  0.380313 -0.315069  0.873587
0.379799 0.113712  1.07186 0.380209 -0.31507 0.873577
0.379707 0.113714  1.07186 0.380104 -0.31507 0.873567
0.379615 0.113715  1.07186      0.38 -0.315071  0.873557
0.379519 0.113716  1.07186  0.379896 -0.315072  0.873547
0.379415 0.113715  1.07187  0.379792 -0.315072  0.873537
0.379305 0.113714  1.07188  0.379688 -0.315073  0.873527
0.379188  0.11371  1.07191  0.379584 -0.315073  0.873518
0.379071 0.113706  1.07193   0.37948 -0.315074  0.873508
0.378959 0.113702  1.07195  0.379375 -0.315074  0.873499
0.378854   0.1137  1.07196  0.379271 -0.315075   0.87349
0.378754 0.113699  1.07196  0.379167 -0.315076   0.87348
0.378661 0.113699  1.07196  0.379063 -0.315076  0.873471
0.37857  0.1137 1.07195  0.378958 -0.315077  0.873462
0.378475   0.1137  1.07195  0.378854 -0.315078  0.873453
0.378374 0.113699  1.07196  0.378749 -0.315079  0.873445
0.378265 0.113698  1.07197  0.378645 -0.315079  0.873436
 0.37815 0.113695  1.07199 0.378541 -0.31508 0.873428
0.378032 0.113691  1.07201  0.378437 -0.315081  0.873419
0.377918 0.113687  1.07203  0.378332 -0.315081  0.873411
 0.37781 0.113684  1.07204  0.378228 -0.315082  0.873403
0.377708 0.113682  1.07205  0.378124 -0.315082  0.873395
0.377612 0.113682  1.07205  0.378019 -0.315083  0.873387
0.377521 0.113683  1.07204  0.377915 -0.315084  0.873379
 0.37743 0.113684  1.07204   0.37781 -0.315085  0.873371
0.377332 0.113684  1.07204  0.377706 -0.315086  0.873364
0.377227 0.113683  1.07205  0.377601 -0.315086  0.873356
0.377114  0.11368  1.07206  0.377497 -0.315087  0.873349
0.376996 0.113676  1.07208  0.377393 -0.315087  0.873342
0.376879 0.113671   1.0721  0.377288 -0.315088  0.873334
0.376768 0.113667  1.07212  0.377184 -0.315088  0.873327
0.376663 0.113665  1.07213  0.377079 -0.315089   0.87332
0.376564 0.113664  1.07213  0.376975 -0.315089  0.873313
0.376471 0.113665  1.07212  0.37687 -0.31509 0.873307
0.376379 0.113666  1.07211  0.376766 -0.315091    0.8733
0.376282 0.113666  1.07211  0.376661 -0.315092  0.873294
0.376177 0.113665  1.07212  0.376557 -0.315092  0.873287
0.376066 0.113663  1.07213  0.376452 -0.315093  0.873281
0.375948 0.113659  1.07215  0.376348 -0.315093  0.873275
 0.37583 0.113655  1.07217  0.376243 -0.315094  0.873269
0.375718 0.113652  1.07219  0.376139 -0.315094  0.873263
0.375612  0.11365  1.07219  0.376034 -0.315095  0.873257
0.375513 0.113649  1.07219   0.37593 -0.315095  0.873252
0.375419  0.11365  1.07219  0.375825 -0.315096  0.873246
0.375328 0.113651  1.07218  0.375721 -0.315097  0.873241
0.375232 0.113652  1.07218  0.375616 -0.315098  0.873236
 0.37513 0.113651  1.07218  0.375511 -0.315098   0.87323
0.375021 0.113649  1.07219  0.375407 -0.315099  0.873225
0.374904 0.113646  1.07221  0.375302 -0.315099   0.87322
0.374786 0.113641  1.07223 0.375198  -0.3151 0.873215
0.374672 0.113636  1.07224  0.375093 -0.315101  0.873211
0.374565 0.113633  1.07225  0.374989 -0.315101  0.873206
0.374463 0.113631  1.07225  0.374884 -0.315102  0.873201
0.374368 0.113631  1.07225  0.374779 -0.315102  0.873197
0.374277 0.113631  1.07224  0.374675 -0.315103  0.873193
0.374184 0.113632  1.07223   0.37457 -0.315104  0.873189
0.374085 0.113631  1.07223  0.374465 -0.315105  0.873185
0.373978 0.113629  1.07224  0.374361 -0.315105  0.873181
0.373864 0.113627  1.07225  0.374256 -0.315106  0.873177
0.373745 0.113622  1.07227  0.374152 -0.315106  0.873173
0.373622 0.113616  1.07229  0.374047 -0.315107   0.87317
0.373504 0.113612  1.07231  0.373943 -0.315107  0.873166
0.373394 0.113609  1.07232  0.373838 -0.315108  0.873162
0.373289 0.113607  1.07232  0.373733 -0.315108  0.873159
0.373191 0.113607  1.07232  0.373629 -0.315109  0.873156
  0.3731 0.113609  1.07231  0.373524 -0.315109  0.873153
0.373008 0.113611   1.0723 0.373419 -0.31511  0.87315
 0.37291 0.113611  1.07229  0.373314 -0.315111  0.873147
0.372805  0.11361  1.07229   0.37321 -0.315111  0.873145
0.372693 0.113608  1.07231  0.373105 -0.315112  0.873142
0.372575 0.113604  1.07232  0.373001 -0.315112  0.873139
0.372457   0.1136  1.07234  0.372896 -0.315112  0.873137
0.372345 0.113596  1.07235  0.372792 -0.315113  0.873135
 0.37224 0.113594  1.07235  0.372687 -0.315113  0.873132
0.372141 0.113593  1.07235  0.372582 -0.315114   0.87313
0.372048 0.113595  1.07234  0.372478 -0.315115  0.873128
0.371956 0.113596  1.07233  0.372373 -0.315115  0.873126
0.371859 0.113596  1.07232  0.372268 -0.315116  0.873125
0.371756 0.113596  1.07232  0.372163 -0.315116  0.873123
0.371645 0.113594  1.07233  0.372059 -0.315117  0.873122
0.371528  0.11359  1.07234  0.371954 -0.315117  0.873121
 0.37141 0.113586  1.07236  0.371849 -0.315117  0.873119
0.371297 0.113582  1.07237  0.371745 -0.315118  0.873118
 0.37119 0.113579  1.07237   0.37164 -0.315118  0.873117
 0.37109 0.113578  1.07237  0.371535 -0.315119  0.873116
0.370996 0.113579  1.07236  0.371431 -0.315119  0.873115
0.370904 0.113581  1.07234 0.371326 -0.31512 0.873114
0.370811 0.113582  1.07234  0.371221 -0.315121  0.873114
 0.37071 0.113581  1.07233  0.371116 -0.315121  0.873113
0.370602  0.11358  1.07234  0.371011 -0.315122  0.873113
0.370488 0.113576  1.07235  0.370907 -0.315122  0.873113
0.370369 0.113571  1.07236  0.370802 -0.315122  0.873113
0.370253 0.113566  1.07237  0.370698 -0.315123  0.873112
0.370143 0.113562  1.07238  0.370593 -0.315123  0.873112
0.370039  0.11356  1.07238  0.370488 -0.315124  0.873112
0.369942 0.113559  1.07237  0.370384 -0.315124  0.873112
 0.36985 0.113561  1.07236  0.370279 -0.315125  0.873113
0.369759 0.113561  1.07234  0.370174 -0.315125  0.873113
0.369661 0.113561  1.07234  0.370069 -0.315126  0.873114
0.369556  0.11356  1.07234  0.369964 -0.315126  0.873115
0.369443 0.113557  1.07234   0.36986 -0.315126  0.873116
0.369324 0.113553  1.07236  0.369755 -0.315126  0.873117
0.369206 0.113548  1.07237  0.369651 -0.315127  0.873118
0.369094 0.113545  1.07238  0.369546 -0.315127  0.873119
0.368989 0.113543  1.07238  0.369441 -0.315127   0.87312
 0.36889 0.113543  1.07237  0.369337 -0.315128  0.873121
0.368797 0.113545  1.07236  0.369232 -0.315128  0.873122
0.368705 0.113546  1.07234  0.369127 -0.315129  0.873124
0.368608 0.113547  1.07233  0.369022 -0.315129  0.873126
0.368504 0.113546  1.07233  0.368918 -0.315129  0.873128
0.368393 0.113544  1.07234 0.368813 -0.31513  0.87313
0.368276  0.11354  1.07235 0.368708 -0.31513 0.873132
0.368158 0.113535  1.07236 0.368604 -0.31513 0.873134
0.368045  0.11353  1.07236 0.368499 -0.31513 0.873136
0.367939 0.113528  1.07236  0.368395 -0.315131  0.873138
0.367839 0.113526  1.07236   0.36829 -0.315131  0.873141
0.367745 0.113527  1.07234  0.368185 -0.315132  0.873143
0.367654 0.113528  1.07233  0.368081 -0.315132  0.873146
0.367559 0.113529  1.07232  0.367976 -0.315132  0.873149
0.367458 0.113528  1.07231  0.367871 -0.315133  0.873152
0.367349 0.113526  1.07231  0.367766 -0.315133  0.873155
0.367233 0.113522  1.07232  0.367662 -0.315133  0.873158
0.367114 0.113517  1.07233  0.367557 -0.315133  0.873162
0.366999 0.113512  1.07234  0.367452 -0.315134  0.873165
 0.36689 0.113509  1.07234  0.367348 -0.315134  0.873168
0.366788 0.113507  1.07234  0.367243 -0.315134  0.873171
0.366692 0.113507  1.07232  0.367139 -0.315135  0.873175
0.366601 0.113509  1.07231  0.367034 -0.315135  0.873178
0.366509  0.11351  1.07229  0.366929 -0.315135  0.873182
0.366418 0.113511  1.07227  0.366824 -0.315136  0.873186
0.366319 0.113511  1.07227   0.36672 -0.315136  0.873191
0.366213 0.113509  1.07226  0.366615 -0.315137  0.873195
0.366099 0.113506  1.07227   0.36651 -0.315137    0.8732
 0.36598 0.113501  1.07228  0.366406 -0.315137  0.873205
0.365862 0.113495  1.07229  0.366301 -0.315137  0.873209
0.365751 0.113491  1.07229  0.366197 -0.315137  0.873214
0.365646 0.113488  1.07229  0.366092 -0.315137  0.873218
0.365547 0.113487  1.07228  0.365988 -0.315138  0.873223
0.365454 0.113488  1.07226  0.365883 -0.315138  0.873228
0.365361 0.113488  1.07224  0.365779 -0.315138  0.873233
0.365263 0.113488  1.07223  0.365674 -0.315139  0.873238
0.365158 0.113487  1.07223  0.365569 -0.315139  0.873243
0.365046 0.113484  1.07223  0.365465 -0.315139  0.873249
0.364927 0.113479  1.07224   0.36536 -0.315139  0.873255
0.364809 0.113474  1.07225  0.365256 -0.315139  0.873261
0.364697  0.11347  1.07225  0.365152 -0.315139  0.873266
0.364591 0.113467  1.07224  0.365047 -0.315139  0.873272
0.364492 0.113466  1.07223 0.364943 -0.31514 0.873278
0.364399 0.113467  1.07222 0.364838 -0.31514 0.873284
0.364307 0.113469   1.0722 0.364734 -0.31514 0.873289
0.364212 0.113469  1.07218  0.364629 -0.315141  0.873296
0.364109 0.113469  1.07218  0.364524 -0.315141  0.873302
0.363999 0.113467  1.07218   0.36442 -0.315141  0.873309
0.363882 0.113463  1.07218  0.364316 -0.315141  0.873316
0.363764 0.113458  1.07219  0.364211 -0.315141  0.873323
 0.36365 0.113453  1.07219  0.364107 -0.315141   0.87333
0.363543 0.113449  1.07219  0.364002 -0.315141  0.873337
0.363442 0.113448  1.07218  0.363898 -0.315142  0.873344
0.363347 0.113449  1.07216  0.363793 -0.315142  0.873351
0.363259 0.113451  1.07214  0.363689 -0.315142  0.873358
0.363169 0.113453  1.07212  0.363585 -0.315142  0.873365
0.363071 0.113454   1.0721   0.36348 -0.315143  0.873372
0.362967 0.113453   1.0721  0.363376 -0.315142   0.87338
0.362855  0.11345   1.0721  0.363272 -0.315142  0.873387
0.362736 0.113445   1.0721  0.363167 -0.315142  0.873396
0.362612 0.113439  1.07212  0.363063 -0.315142  0.873404
0.362492 0.113432  1.07212  0.362959 -0.315142  0.873413
0.362378 0.113428  1.07213  0.362854 -0.315142  0.873421
0.362271 0.113425  1.07212   0.36275 -0.315142  0.873429
0.362171 0.113424  1.07211  0.362646 -0.315142  0.873438
0.362077 0.113425  1.07209  0.362542 -0.315142  0.873446
0.361985 0.113427  1.07207  0.362437 -0.315142  0.873454
 0.36189 0.113429  1.07205  0.362333 -0.315143  0.873462
0.361788 0.113429  1.07204  0.362229 -0.315143  0.873471
0.361679 0.113427  1.07204  0.362125 -0.315143  0.873479
0.361564 0.113424  1.07204   0.36202 -0.315143  0.873489
0.361446 0.113419  1.07205  0.361916 -0.315142  0.873498
0.361331 0.113415  1.07205  0.361812 -0.315142  0.873508
0.361224 0.113412  1.07204  0.361708 -0.315142  0.873518
0.361122 0.113411  1.07203  0.361603 -0.315142  0.873527
0.361027 0.113413  1.07201  0.361499 -0.315142  0.873537
0.360938 0.113416  1.07199  0.361395 -0.315142  0.873546
0.360849 0.113419  1.07196  0.361291 -0.315142  0.873556
0.360752  0.11342  1.07195  0.361187 -0.315142  0.873566
0.360649  0.11342  1.07194  0.361083 -0.315142  0.873575
0.360538 0.113418  1.07193  0.360979 -0.315141  0.873585
 0.36042 0.113414  1.07194  0.360875 -0.315141  0.873595
0.360301 0.113409  1.07194  0.360771 -0.315141  0.873606
0.360188 0.113404  1.07194 0.360667 -0.31514 0.873617
 0.36008 0.113401  1.07193 0.360563 -0.31514 0.873628
0.359979   0.1134  1.07192 0.360458 -0.31514 0.873639
0.359884 0.113401   1.0719 0.360354 -0.31514  0.87365
0.359793 0.113402  1.07188   0.36025 -0.315139  0.873661
0.359701 0.113404  1.07186  0.360146 -0.315139  0.873672
0.359602 0.113404  1.07184  0.360042 -0.315139  0.873682
0.359495 0.113402  1.07183  0.359938 -0.315139  0.873693
0.359381 0.113399  1.07183  0.359835 -0.315138  0.873704
0.359263 0.113394  1.07184  0.359731 -0.315138  0.873716
0.359147 0.113389  1.07184  0.359627 -0.315137  0.873727
0.359037 0.113385  1.07183  0.359523 -0.315137  0.873739
0.358934 0.113384  1.07182  0.359419 -0.315137  0.873752
0.358837 0.113385   1.0718  0.359315 -0.315136  0.873764
0.358746 0.113387  1.07178  0.359211 -0.315136  0.873776
0.358656  0.11339  1.07175  0.359107 -0.315136  0.873788
0.358559  0.11339  1.07173  0.359003 -0.315135    0.8738
0.358454 0.113389  1.07172  0.358899 -0.315135  0.873813
0.358343 0.113386  1.07172  0.358796 -0.315134  0.873825
0.358225 0.113382  1.07172  0.358692 -0.315133  0.873837
0.358108 0.113376  1.07172  0.358588 -0.315133  0.873849
0.357997 0.113372  1.07171  0.358485 -0.315132  0.873862
0.357892  0.11337   1.0717  0.358381 -0.315132  0.873875
0.357794  0.11337  1.07168  0.358277 -0.315131  0.873889
0.357702 0.113372  1.07166 0.358173 -0.31513 0.873902
0.357611 0.113374  1.07163 0.358069 -0.31513 0.873916
0.357515 0.113375  1.07161  0.357966 -0.315129  0.873929
0.357412 0.113374   1.0716  0.357862 -0.315129  0.873943
0.357302 0.113372  1.07159  0.357759 -0.315128  0.873956
0.357186 0.113368  1.07159  0.357655 -0.315127   0.87397
0.357069 0.113363  1.07159  0.357552 -0.315126  0.873983
0.356957 0.113358  1.07159  0.357448 -0.315125  0.873997
0.356852 0.113356  1.07158  0.357345 -0.315125  0.874011
0.356753 0.113355  1.07156  0.357241 -0.315124  0.874025
 0.35666 0.113357  1.07153  0.357137 -0.315123  0.874039
0.35657 0.11336  1.0715  0.357034 -0.315123  0.874054
0.356476 0.113361  1.07148   0.35693 -0.315122  0.874069
0.356376 0.113361  1.07146  0.356826 -0.315121  0.874084
0.356269 0.113359  1.07145 0.356723 -0.31512 0.874098
0.356154 0.113355  1.07145   0.35662 -0.315119  0.874113
0.356037  0.11335  1.07145  0.356516 -0.315118  0.874128
0.355923 0.113344  1.07145  0.356413 -0.315117  0.874142
0.355815 0.113341  1.07144   0.35631 -0.315116  0.874157
0.355713 0.113339  1.07142  0.356207 -0.315115  0.874172
0.355618 0.113339   1.0714  0.356103 -0.315114  0.874188
0.355528 0.113341  1.07137     0.356 -0.315113  0.874204
0.355438 0.113343  1.07134  0.355896 -0.315112   0.87422
0.355342 0.113344  1.07132  0.355793 -0.315112  0.874236
0.355238 0.113343   1.0713 0.355689 -0.31511 0.874252
0.355126  0.11334  1.07129  0.355586 -0.315109  0.874268
0.355009 0.113335  1.07129  0.355483 -0.315108  0.874283
0.354892  0.11333  1.07129   0.35538 -0.315107  0.874299
0.354782 0.113327  1.07128  0.355277 -0.315106  0.874315
0.354678 0.113325  1.07127  0.355174 -0.315105  0.874331
 0.35458 0.113326  1.07124  0.355071 -0.315104  0.874348
0.354489 0.113329  1.07122  0.354968 -0.315103  0.874364
0.354398 0.113332  1.07119  0.354864 -0.315101  0.874381
0.354303 0.113333  1.07116 0.354761  -0.3151 0.874399
  0.3542 0.113333  1.07115  0.354658 -0.315099  0.874416
0.35409 0.11333 1.07114  0.354555 -0.315098  0.874433
0.353973 0.113326  1.07113  0.354452 -0.315096   0.87445
0.353857  0.11332  1.07113  0.354349 -0.315095  0.874467
0.353746 0.113316  1.07112  0.354246 -0.315094  0.874484
0.353642 0.113313  1.07111  0.354144 -0.315093  0.874501
0.353543 0.113313  1.07108  0.354041 -0.315091  0.874519
0.353451 0.113315  1.07105 0.353938 -0.31509 0.874536
0.353361 0.113317  1.07102  0.353835 -0.315089  0.874554
0.353268 0.113318    1.071  0.353732 -0.315088  0.874572
0.353167 0.113318  1.07098  0.353629 -0.315086  0.874591
0.353059 0.113316  1.07097  0.353526 -0.315085  0.874609
0.352945 0.113312  1.07096  0.353423 -0.315083  0.874627
0.352828 0.113307  1.07096  0.353321 -0.315082  0.874646
0.352715 0.113302  1.07095 0.353218 -0.31508 0.874664
0.352609 0.113299  1.07093  0.353116 -0.315079  0.874682
0.352509 0.113299  1.07091  0.353013 -0.315077  0.874701
0.352415   0.1133  1.07088   0.35291 -0.315076  0.874719
0.352326 0.113303  1.07085  0.352807 -0.315075  0.874738
0.352236 0.113306  1.07082  0.352705 -0.315073  0.874757
0.352139 0.113306   1.0708  0.352602 -0.315072  0.874777
0.352036 0.113305  1.07078 0.352499 -0.31507 0.874796
0.351925 0.113302  1.07077  0.352397 -0.315068  0.874816
0.351808 0.113297  1.07076  0.352294 -0.315067  0.874836
0.351693 0.113291  1.07076  0.352192 -0.315065  0.874856
0.351585 0.113288  1.07074  0.352089 -0.315063  0.874875
0.351482 0.113286  1.07073  0.351987 -0.315062  0.874895
0.351386 0.113287   1.0707 0.351885 -0.31506 0.874914
0.351296  0.11329  1.07067  0.351782 -0.315058  0.874934
0.351207 0.113293  1.07063   0.35168 -0.315057  0.874954
0.351111 0.113294  1.07061  0.351577 -0.315055  0.874974
0.351008 0.113294  1.07059  0.351475 -0.315054  0.874994
0.350898 0.113292  1.07058  0.351373 -0.315052  0.875015
0.350782 0.113287  1.07057  0.35127 -0.31505 0.875036
0.350666 0.113282  1.07056  0.351168 -0.315048  0.875057
0.350556 0.113279  1.07055  0.351066 -0.315046  0.875078
0.350452 0.113277  1.07053  0.350964 -0.315044  0.875099
0.350355 0.113278   1.0705  0.350862 -0.315043  0.875119
0.350265 0.113281  1.07047   0.35076 -0.315041   0.87514
0.350175 0.113284  1.07044  0.350658 -0.315039  0.875161
0.350081 0.113286  1.07041  0.350555 -0.315038  0.875182
0.349981 0.113286  1.07039  0.350453 -0.315036  0.875203
0.349873 0.113283  1.07037  0.350351 -0.315034  0.875225
0.349758 0.113279  1.07036  0.350249 -0.315032  0.875247
0.349643 0.113273  1.07035 0.350147 -0.31503 0.875269
0.349532 0.113268  1.07034  0.350045 -0.315028  0.875292
0.349427 0.113265  1.07032  0.349943 -0.315026  0.875314
0.349329 0.113264   1.0703  0.349841 -0.315024  0.875336
0.349237 0.113266  1.07027   0.34974 -0.315022  0.875357
0.349148 0.113269  1.07023  0.349638 -0.315021  0.875379
0.349057 0.113271   1.0702  0.349536 -0.315019  0.875401
 0.34896 0.113271  1.07017  0.349434 -0.315017  0.875424
0.348855  0.11327  1.07015  0.349332 -0.315015  0.875446
0.348743 0.113267  1.07014  0.349231 -0.315013  0.875469
0.348626 0.113262  1.07013 0.349129 -0.31501 0.875493
0.348512 0.113257  1.07012  0.349027 -0.315008  0.875516
0.348405 0.113253   1.0701  0.348925 -0.315006  0.875539
0.348304 0.113252  1.07008  0.348824 -0.315004  0.875563
0.348209 0.113253  1.07005  0.348722 -0.315002  0.875586
 0.34812 0.113256  1.07002 0.348621   -0.315 0.875609
0.348032  0.11326  1.06998  0.348519 -0.314998  0.875632
0.347936 0.113261  1.06995  0.348418 -0.314996  0.875655
0.347834  0.11326  1.06993  0.348316 -0.314994  0.875679
0.347725 0.113258  1.06991  0.348215 -0.314992  0.875702
0.347609 0.113253   1.0699  0.348113 -0.314989  0.875726
0.347494 0.113248  1.06989  0.348012 -0.314987  0.875751
0.347385 0.113244  1.06988   0.34791 -0.314985  0.875776
0.347282 0.113243  1.06985  0.347809 -0.314983    0.8758
0.347186 0.113244  1.06982 0.347708 -0.31498 0.875825
0.347097 0.113247  1.06979  0.347606 -0.314978  0.875849
0.347008  0.11325  1.06975  0.347505 -0.314976  0.875874
0.346914 0.113252  1.06972  0.347404 -0.314974  0.875898
0.346813 0.113252  1.06969  0.347303 -0.314972  0.875922
0.346705 0.113249  1.06968 0.347202 -0.31497 0.875947
0.346591 0.113244  1.06967  0.347101 -0.314967  0.875971
0.346476 0.113238  1.06965     0.347 -0.314965  0.875997
0.346367 0.113233  1.06964  0.346898 -0.314962  0.876022
0.346263 0.113231  1.06961 0.346797 -0.31496 0.876048
0.346167  0.11323  1.06958  0.346696 -0.314958  0.876074
0.346076 0.113232  1.06955  0.346595 -0.314955    0.8761
0.345988 0.113235  1.06951  0.346494 -0.314953  0.876126
0.345897 0.113237  1.06948  0.346393 -0.314951  0.876151
0.345799 0.113238  1.06945  0.346292 -0.314948  0.876177
0.345694 0.113236  1.06943  0.346191 -0.314946  0.876202
0.345582 0.113233  1.06941  0.346091 -0.314944  0.876228
0.345467 0.113227   1.0694   0.34599 -0.314941  0.876254
0.345355 0.113222  1.06938  0.345889 -0.314939   0.87628
0.345249 0.113219  1.06936  0.345789 -0.314936  0.876307
 0.34515 0.113219  1.06934  0.345688 -0.314934  0.876334
0.345057  0.11322   1.0693  0.345587 -0.314931  0.876361
 0.34497 0.113224  1.06926  0.345486 -0.314929  0.876388
0.344882 0.113227  1.06922  0.345385 -0.314927  0.876415
0.344788 0.113229  1.06919  0.345285 -0.314924  0.876442
0.344687 0.113228  1.06916  0.345184 -0.314922  0.876469
0.344578 0.113225  1.06915  0.345084 -0.314919  0.876496
0.344463  0.11322  1.06913  0.344984 -0.314916  0.876523
0.344349 0.113214  1.06912  0.344883 -0.314914   0.87655
0.344242 0.113211   1.0691  0.344783 -0.314911  0.876577
 0.34414 0.113209  1.06907  0.344682 -0.314909  0.876605
0.344045  0.11321  1.06904  0.344582 -0.314906  0.876633
0.343956 0.113213    1.069  0.344481 -0.314904  0.876662
0.343868 0.113217  1.06896  0.344381 -0.314901   0.87669
0.343774 0.113218  1.06893  0.344281 -0.314899  0.876718
0.343674 0.113218   1.0689   0.34418 -0.314896  0.876746
0.343567 0.113215  1.06888   0.34408 -0.314893  0.876774
0.343453  0.11321  1.06887   0.34398 -0.314891  0.876802
0.343339 0.113205  1.06885   0.34388 -0.314888   0.87683
0.343231   0.1132  1.06883   0.34378 -0.314885  0.876859
 0.34313 0.113199   1.0688   0.34368 -0.314883  0.876887
0.343034 0.113199  1.06877  0.34358 -0.31488 0.876916
0.342945 0.113202  1.06873   0.34348 -0.314878  0.876945
0.342858 0.113206  1.06869   0.34338 -0.314875  0.876974
0.342766 0.113208  1.06866   0.34328 -0.314873  0.877004
0.342668 0.113208  1.06863  0.34318 -0.31487 0.877033
0.342563 0.113205   1.0686   0.34308 -0.314867  0.877063
0.342451 0.113201  1.06859   0.34298 -0.314864  0.877092
0.342337 0.113196  1.06857  0.342881 -0.314861  0.877121
0.342228 0.113191  1.06855  0.342781 -0.314859  0.877151
0.342125 0.113188  1.06852  0.342681 -0.314856   0.87718
0.342029 0.113188  1.06849  0.342582 -0.314853   0.87721
0.341939 0.113191  1.06845  0.342482 -0.314851   0.87724
0.341853 0.113194  1.06841  0.342382 -0.314848   0.87727
0.341764 0.113197  1.06837  0.342282 -0.314845  0.877301
0.341669 0.113198  1.06834  0.342183 -0.314842  0.877331
0.341567 0.113197  1.06831 0.342083 -0.31484 0.877362
0.341458 0.113193  1.06829  0.341984 -0.314837  0.877393
0.341344 0.113187  1.06827  0.341884 -0.314834  0.877423
0.341232 0.113182  1.06826  0.341785 -0.314831  0.877453
0.341127 0.113178  1.06823  0.341686 -0.314828  0.877484
0.341028 0.113177   1.0682  0.341587 -0.314825  0.877514
0.340935 0.113178  1.06816  0.341487 -0.314822  0.877545
0.340848 0.113182  1.06812  0.341388 -0.314819  0.877577
0.340761 0.113186  1.06808  0.341289 -0.314816  0.877608
0.340668 0.113187  1.06804  0.341189 -0.314813   0.87764
0.340568 0.113187  1.06801  0.34109 -0.31481 0.877672
0.340461 0.113184  1.06799  0.340991 -0.314807  0.877704
0.340347 0.113179  1.06797  0.340892 -0.314804  0.877735
0.340235 0.113173  1.06795  0.340793 -0.314801  0.877767
0.340128 0.113169  1.06793  0.340695 -0.314798  0.877799
0.340028 0.113167   1.0679  0.340596 -0.314795   0.87783
0.339934 0.113168  1.06786  0.340497 -0.314792  0.877862
0.339846 0.113172  1.06782  0.340398 -0.314789  0.877894
0.339759 0.113176  1.06777  0.340299 -0.314786  0.877927
0.339667 0.113178  1.06773    0.3402 -0.314783  0.877959
0.339569 0.113178   1.0677 0.340101 -0.31478 0.877992
0.339464 0.113175  1.06767  0.340003 -0.314777  0.878025
0.339352  0.11317  1.06766  0.339904 -0.314774  0.878058
0.339233 0.113163  1.06764  0.339806 -0.314771  0.878091
0.339115 0.113154  1.06763  0.339707 -0.314768  0.878124
0.339002 0.113148  1.06761  0.339609 -0.314764  0.878157
0.338897 0.113145  1.06758   0.33951 -0.314761  0.878189
0.338798 0.113144  1.06755  0.339412 -0.314758  0.878222
0.338705 0.113146  1.06751  0.339314 -0.314755  0.878256
0.338619 0.113151  1.06747  0.339215 -0.314752  0.878289
0.338534 0.113156  1.06742  0.339117 -0.314749  0.878323
0.338443 0.113159  1.06738  0.339018 -0.314746  0.878358
0.338346  0.11316  1.06735   0.33892 -0.314742  0.878392
0.338242 0.113159  1.06732  0.338821 -0.314739  0.878426
0.338131 0.113155   1.0673  0.338723 -0.314736  0.878459
0.338019  0.11315  1.06727  0.338625 -0.314733  0.878493
0.337913 0.113146  1.06725  0.338527 -0.314729  0.878527
0.337813 0.113145  1.06722  0.338429 -0.314726  0.878561
0.337719 0.113146  1.06718  0.338331 -0.314723  0.878596
0.337632  0.11315  1.06713 0.338233 -0.31472  0.87863
0.337547 0.113154  1.06708  0.338135 -0.314717  0.878666
 0.33746 0.113158  1.06704  0.338037 -0.314713  0.878701
0.337365 0.113158    1.067 0.337939 -0.31471 0.878736
0.337263 0.113157  1.06697  0.337841 -0.314706  0.878771
0.337155 0.113153  1.06695  0.337743 -0.314703  0.878807
0.337043 0.113147  1.06693 0.337646  -0.3147 0.878842
0.336934 0.113142   1.0669  0.337548 -0.314696  0.878877
0.336832 0.113138  1.06687  0.337451 -0.314693  0.878912
0.336736 0.113138  1.06683 0.337353 -0.31469 0.878947
0.336646  0.11314  1.06679  0.337256 -0.314686  0.878982
0.336561 0.113144  1.06674  0.337158 -0.314683  0.879018
0.336482  0.11315  1.06669  0.33706 -0.31468 0.879054
0.336397 0.113154  1.06664  0.336963 -0.314676  0.879091
0.336304 0.113157   1.0666  0.336865 -0.314673  0.879127
0.336204 0.113157  1.06657  0.336768 -0.314669  0.879164
0.336098 0.113155  1.06654   0.33667 -0.314666  0.879201
0.335985  0.11315  1.06652  0.336573 -0.314662  0.879237
0.335874 0.113143   1.0665  0.336476 -0.314659  0.879273
 0.33577 0.113138  1.06647  0.336379 -0.314655  0.879309
0.335672 0.113136  1.06643  0.336282 -0.314652  0.879346
 0.33558 0.113137  1.06639  0.336185 -0.314649  0.879382
0.335494 0.113142  1.06634  0.336088 -0.314646  0.879418
0.335408  0.11315  1.06629  0.335991 -0.314642  0.879455
0.335316 0.113158  1.06625  0.335894 -0.314639  0.879492
0.335217 0.113164  1.06621  0.335797 -0.314635   0.87953
0.335112 0.113162  1.06618    0.3357 -0.314632  0.879568
   0.335 0.113153  1.06616  0.335603 -0.314628  0.879606
0.334889 0.113139  1.06614  0.335506 -0.314624  0.879643
0.334784 0.113122  1.06611  0.335409 -0.314621  0.879681
0.334684 0.113112  1.06607  0.335313 -0.314617  0.879719
0.334589 0.113109  1.06603  0.335216 -0.314614  0.879756
0.334499 0.113113  1.06598  0.33512 -0.31461 0.879794
 0.33441 0.113122  1.06593  0.335023 -0.314607  0.879831
0.334317 0.113134  1.06588  0.334927 -0.314603  0.879869
0.334217 0.113138  1.06584  0.33483  -0.3146 0.879907
0.334111 0.113136  1.06581  0.334734 -0.314596  0.879946
0.333998 0.113126  1.06578  0.334637 -0.314592  0.879984
0.333885  0.11311  1.06576  0.334541 -0.314588  0.880023
0.333777 0.113088  1.06573  0.334445 -0.314585  0.880062
0.333675 0.113074  1.06569  0.334348 -0.314581  0.880101
0.333578 0.113067  1.06565  0.334252 -0.314577   0.88014
0.333487 0.113067   1.0656  0.334156 -0.314574  0.880179
0.333399 0.113074  1.06555  0.33406 -0.31457 0.880217
0.333308 0.113084  1.06549  0.333964 -0.314567  0.880256
0.333212 0.113093  1.06545  0.333868 -0.314563  0.880295
0.333109 0.113096  1.06541  0.333772 -0.314559  0.880334
   0.333 0.113091  1.06538  0.333676 -0.314555  0.880374
0.332887 0.113079  1.06535   0.33358 -0.314551  0.880414
0.332777 0.113061  1.06532  0.333484 -0.314547  0.880454
0.332673 0.113045  1.06529  0.333389 -0.314544  0.880494
0.332575 0.113036  1.06525 0.333293 -0.31454 0.880534
0.332483 0.113035   1.0652  0.333197 -0.314536  0.880574
0.332395 0.113041  1.06515  0.333102 -0.314532  0.880614
0.332307 0.113052  1.06509  0.333006 -0.314529  0.880653
0.332213 0.113063  1.06504   0.33291 -0.314525  0.880693
0.332113 0.113067    1.065  0.332815 -0.314522  0.880733
0.332006 0.113064  1.06496  0.332719 -0.314518  0.880774
0.331894 0.113054  1.06494  0.332624 -0.314514  0.880815
0.331783 0.113038  1.06491 0.332529 -0.31451 0.880856
0.331673 0.113016  1.06488  0.332433 -0.314506  0.880898
 0.33157 0.113002  1.06484  0.332338 -0.314502  0.880939
0.331472 0.112996   1.0648  0.332242 -0.314498   0.88098
0.331379 0.112996  1.06475  0.332147 -0.314494  0.881021
0.331292 0.113005   1.0647  0.332052 -0.314491  0.881062
0.331205 0.113018  1.06464  0.331957 -0.314487  0.881103
0.331112 0.113029  1.06459  0.331862 -0.314483  0.881144
0.331013 0.113034  1.06455 0.331767 -0.31448 0.881185
0.330907 0.113031  1.06451  0.331672 -0.314476  0.881226
0.330795  0.11302  1.06448  0.331577 -0.314472  0.881267
0.330686 0.113004  1.06445  0.331483 -0.314468  0.881309
0.330582  0.11299  1.06442  0.331388 -0.314464  0.881351
