-0.00035923
-5.48308e-05
0.000266343
0.000577923
0.000887097
0.00119985
0.0015126
0.00183131
0.00215
0.00246388
0.00277054
0.00308196
0.00340413
0.00371787
0.00403158
0.00433446
0.00465646
0.00497003
0.00527636
0.00558982
0.00590322
0.00622134
0.00653581
0.00684424
0.00715857
0.00747163
0.00778222
0.00809751
0.00840317
0.00872665
0.00903929
0.00934826
0.00966429
0.00997307
0.0102865
0.0105975
0.0109107
0.0112155
0.0115249
0.011845
0.012153
0.0124621
0.012771
0.0130846
0.0133897
0.0137113
0.0140186
0.0143316
0.014635
0.0149442
0.0152508
0.0155692
0.0158791
0.0161935
0.016496
0.016809
0.0171135
0.0174179
0.0177268
0.018039
0.0183452
0.0186524
0.0189664
0.0192709
0.0195822
0.0198862
0.0201924
0.0204973
0.0208124
0.0211087
0.0214141
0.0217298
0.02203
0.0223371
0.022637
0.0229506
0.0232558
0.0235585
0.0238644
0.0241689
0.0244743
0.0247714
0.0250787
0.0253834
0.0256843
0.0259839
0.0262947
0.0265926
0.0268902
0.027191
0.0275031
0.0277953
0.0281045
0.0284031
0.0286956
0.0289982
0.0293016
0.0295933
0.0299019
0.0301999
0.030501
0.0307995
0.0310875
0.0313933
0.0316886
0.0319836
0.0322749
0.0325783
0.0328746
0.0331717
0.0334651
0.0337593
0.0340475
0.0343489
0.0346365
0.0349338
0.0352274
0.035524
0.0358147
0.0361028
0.0363972
0.0366868
0.0369805
0.0372782
0.0375623
0.0378471
0.0381459
0.0384278
0.0387225
0.0390124
0.0392987
0.0395845
0.0398766
0.040155
0.0404441
0.0407349
0.0410177
0.0413066
0.0415918
0.0418777
0.042161
0.0424407
0.0427264
0.0430063
0.0432869
0.0435681
0.0438575
0.0441356
0.0444166
0.0446961
0.0449719
0.0452515
0.0455318
0.0458095
0.0460867
0.0463709
0.0466483
0.0469262
0.0472027
0.0474723
0.0477499
0.0480239
0.0482995
0.0485725
0.0488419
0.0491202
0.0493929
0.049665
0.0499377
0.0502015
0.0504732
0.0507423
0.0510192
0.0512832
0.0515477
0.051823
0.0520926
0.0523515
0.0526252
0.0528831
0.0531476
0.0534156
0.0536781
0.053947
0.0542124
0.0544733
0.0547346
0.0549963
0.0552576
0.0555172
0.0557744
0.056032
0.05629
0.0565514
0.0568074
0.0570637
0.0573195
0.0575806
0.0578324
0.0580884
0.0583477
0.0585939
0.0588491
0.0591028
0.0593579
0.0596027
0.0598604
0.0601108
0.0603558
0.060604
0.0608526
0.0611025
0.0613461
0.0615948
0.0618372
0.0620855
0.0623277
0.0625785
0.0628213
0.0630653
0.0633077
0.0635486
0.0637898
0.0640276
0.0642639
0.0645059
0.0647427
0.0649844
0.0652145
0.0654539
0.0656882
0.0659227
0.0661611
0.0663979
0.0666313
0.0668615
0.0670954
0.0673215
0.0675541
0.0677842
0.0680137
0.0682451
0.0684706
0.0686963
0.0689231
0.0691483
0.0693711
0.0695975
0.0698241
0.0700491
0.0702667
0.0704894
0.0707107
0.0709329
0.0711527
0.071371
0.0715886
0.0718038
0.0720258
0.0722355
0.0724576
0.0726709
0.0728825
0.073096
0.0733062
0.0735206
0.0737278
0.0739392
0.0741553
0.0743644
0.0745727
0.0747778
0.0749807
0.0751868
0.0753914
0.0755976
0.0757991
0.0760076
0.0762053
0.0764061
0.0766131
0.0768063
0.0770087
0.0772087
0.0774058
0.0776043
0.0777975
0.077993
0.078184
0.0783817
0.0785734
0.078765
0.0789596
0.079146
0.079339
0.0795282
0.0797167
0.0799037
0.0800877
0.0802788
0.0804619
0.0806436
0.0808309
0.0810103
0.0811966
0.0813723
0.0815563
0.0817332
0.0819128
0.0820902
0.0822688
0.0824406
0.0826222
0.0827944
0.0829684
0.0831422
0.0833139
0.0834815
0.0836536
0.0838254
0.0839931
0.0841607
0.0843313
0.084494
0.0846623
0.0848272
0.0849887
0.0851538
0.085318
0.0854752
0.0856395
0.0857945
0.0859547
0.086117
0.0862743
0.0864253
0.0865838
0.0867373
0.0868924
0.0870424
0.0871951
0.0873464
0.087498
0.0876492
0.0877933
0.0879439
0.0880875
0.0882386
0.0883793
0.0885231
0.0886671
0.0888097
0.0889508
0.0890932
0.0892315
0.0893727
0.0895093
0.0896486
0.0897845
0.0899205
0.0900515
0.0901877
0.0903221
0.090449
0.090584
0.0907102
0.0908404
0.0909683
0.0910967
0.0912223
0.0913508
0.0914726
0.091597
0.0917194
0.0918414
0.0919635
0.0920827
0.0922016
0.0923191
0.0924365
0.0925558
0.0926718
0.0927852
0.0928969
0.0930097
0.0931226
0.0932349
0.0933442
0.0934542
0.0935596
0.093669
0.093775
0.0938781
0.093983
0.0940894
0.0941902
0.0942924
0.0943932
0.0944924
0.0945932
0.0946883
0.0947857
0.0948812
0.0949779
0.0950707
0.0951641
0.0952597
0.0953494
0.0954392
0.0955288
0.0956188
0.0957045
0.0957922
0.0958787
0.0959635
0.0960455
0.0961291
0.0962117
0.0962928
0.096371
0.0964499
0.096529
0.0966056
0.0966828
0.0967581
0.0968333
0.0969053
0.0969789
0.0970493
0.0971193
0.0971894
0.0972575
0.0973252
0.0973919
0.0974581
0.0975228
0.0975864
0.0976497
0.0977113
0.0977727
0.0978317
0.0978914
0.0979489
0.0980051
0.0980607
0.0981171
0.09817
0.0982233
0.0982753
0.0983267
0.098377
0.0984265
0.0984753
0.0985221
0.0985681
0.0986129
0.0986577
0.0987018
0.0987437
0.0987855
0.0988262
0.0988652
0.0989042
0.0989409
0.0989776
0.0990134
0.0990483
0.099082
0.0991135
0.0991458
0.0991774
0.0992062
0.0992346
0.0992632
0.0992903
0.0993151
0.0993402
0.0993638
0.0993873
0.0994088
0.0994299
0.0994496
0.0994682
0.0994861
0.0995034
0.0995193
0.0995342
0.0995482
0.0995612
0.0995731
0.0995841
0.0995942
0.0996034
0.0996116
0.0996185
0.0996247
0.0996297
0.099634
0.0996372
0.0996393
0.0996405
0.0996407
0.09964
0.0996382
0.0996354
0.0996318
0.0996271
0.0996213
0.0996146
0.0996071
0.0995984
0.0995887
0.0995783
0.0995664
0.099554
0.0995404
0.0995261
0.0995102
0.0994936
0.0994766
0.0994577
0.0994385
0.0994182
0.0993968
0.0993744
0.0993513
0.0993261
0.0993009
0.0992753
0.0992474
0.0992197
0.0991896
0.0991597
0.0991286
0.0990961
0.0990633
0.0990284
0.0989942
0.0989571
0.0989209
0.0988831
0.0988438
0.0988033
0.0987632
0.0987212
0.0986784
0.0986341
0.0985895
0.0985429
0.0984965
0.0984485
0.0983989
0.0983501
0.0982983
0.0982464
0.0981948
0.0981412
0.0980859
0.0980311
0.0979741
0.0979169
0.0978595
0.0977989
0.0977394
0.097676
0.0976139
0.0975517
0.0974876
0.0974211
0.0973556
0.0972886
0.0972202
0.0971508
0.0970806
0.0970112
0.0969389
0.0968662
0.09679
0.0967165
0.0966398
0.0965639
0.0964852
0.0964083
0.0963265
0.0962483
0.0961646
0.0960842
0.0960001
0.0959164
0.0958303
0.095744
0.0956561
0.0955685
0.0954783
0.0953882
0.0952989
0.0952066
0.0951151
0.0950201
0.0949257
0.0948284
0.0947321
0.0946379
0.0945386
0.0944387
0.094339
0.0942365
0.0941335
0.0940322
0.0939285
0.0938214
0.0937166
0.0936097
0.0934993
0.0933905
0.0932812
0.0931723
0.093062
0.0929491
0.0928353
0.0927214
0.0926057
0.0924892
0.0923725
0.0922559
0.0921375
0.0920154
0.091897
0.0917749
0.091651
0.091529
0.0914042
0.0912775
0.0911552
0.0910263
0.0908968
0.0907675
0.0906412
0.0905081
0.0903776
0.0902482
0.0901128
0.0899786
0.0898435
0.0897076
0.0895722
0.0894356
0.0892969
0.0891531
0.089017
0.0888757
0.0887341
0.08859
0.0884461
0.0882985
0.0881562
0.0880091
0.0878606
0.0877117
0.0875626
0.0874171
0.0872657
0.0871145
0.0869584
0.0868079
0.0866489
0.086499
0.086343
0.0861861
0.0860296
0.085868
0.0857067
0.0855507
0.085389
0.085227
0.0850629
0.0849005
0.0847379
0.0845726
0.0844058
0.0842394
0.084069
0.0839023
0.0837334
0.0835637
0.0833932
0.0832173
0.0830438
0.0828735
0.0827004
0.0825225
0.0823484
0.0821722
0.0819952
0.0818119
0.0816339
0.0814537
0.0812721
0.0810896
0.0809112
0.0807279
0.0805437
0.080356
0.0801759
0.0799886
0.079802
0.0796096
0.0794192
0.0792346
0.0790449
0.0788522
0.0786564
0.0784666
0.07827
0.0780771
0.0778842
0.077686
0.0774916
0.0772934
0.0770952
0.0768947
0.0766964
0.0764952
0.0762939
0.0760919
0.0758891
0.0756863
0.0754868
0.0752771
0.0750768
0.0748656
0.0746639
0.0744551
0.0742432
0.0740369
0.0738284
0.0736175
0.0734002
0.073187
0.0729771
0.0727617
0.0725537
0.0723376
0.0721167
0.0718992
0.0716892
0.0714645
0.0712523
0.0710312
0.0708109
0.0705849
0.0703675
0.0701418
0.0699205
0.0696968
0.0694715
0.0692456
0.0690215
0.0688011
0.0685714
0.0683436
0.0681151
0.0678842
0.0676596
0.06743
0.0671962
0.0669617
0.06673
0.066496
0.0662684
0.0660339
0.0657925
0.0655612
0.0653266
0.0650913
0.0648509
0.0646125
0.0643763
0.0641293
0.0638918
0.0636545
0.0634139
0.0631671
0.0629308
0.0626809
0.0624378
0.0621931
0.0619544
0.0617057
0.0614611
0.061214
0.0609682
0.060717
0.0604662
0.0602214
0.0599646
0.0597139
0.0594636
0.0592165
0.0589572
0.0587129
0.0584583
0.058205
0.0579502
0.057687
0.057433
0.0571755
0.0569253
0.0566637
0.0564075
0.0561527
0.0558924
0.0556295
0.055374
0.0551101
0.0548475
0.0545835
0.0543279
0.0540637
0.053792
0.0535378
0.0532721
0.0530068
0.052741
0.0524716
0.0522099
0.0519415
0.0516716
0.0514032
0.0511302
0.0508628
0.0505919
0.0503245
0.0500536
0.0497863
0.0495072
0.0492358
0.048966
0.0486968
0.0484199
0.0481424
0.0478717
0.0475933
0.0473249
0.0470455
0.0467688
0.0464948
0.0462183
0.045937
0.0456585
0.0453827
0.0450979
0.044818
0.0445366
0.0442569
0.0439789
0.0436983
0.0434173
0.0431315
0.0428453
0.0425706
0.0422836
0.0419939
0.0417169
0.0414275
0.0411442
0.0408594
0.0405688
0.0402832
0.0400049
0.0397141
0.0394207
0.0391435
0.0388537
0.038557
0.0382687
0.0379855
0.0376953
0.037397
0.0371072
0.0368159
0.0365298
0.0362366
0.0359487
0.0356515
0.0353629
0.0350706
0.0347745
0.0344849
0.0341859
0.03389
0.033597
0.0333049
0.0330091
0.0327152
0.0324142
0.0321163
0.0318191
0.031524
0.0312194
0.0309213
0.0306252
0.0303242
0.0300275
0.0297282
0.0294367
0.0291345
0.0288366
0.0285304
0.0282309
0.0279356
0.0276251
0.0273316
0.0270228
0.0267207
0.0264218
0.0261203
0.0258185
0.0255153
0.0252119
0.0249082
0.024609
0.0243048
0.0240004
0.0236969
0.0233827
0.0230834
0.0227734
0.0224701
0.0221702
0.021863
0.0215521
0.0212456
0.0209413
0.0206344
0.0203331
0.0200188
0.0197184
0.0194071
0.0190993
0.0187935
0.0184888
0.0181721
0.0178705
0.0175535
0.0172551
0.0169365
0.0166378
0.0163235
0.0160162
0.0157029
0.0153917
0.0150804
0.0147784
0.0144679
0.0141573
0.0138442
0.0135333
0.0132211
0.0129148
0.0126011
0.0122873
0.0119758
0.0116713
0.0113548
0.0110464
0.010738
0.0104212
0.010103
0.00979187
0.00948542
0.00917649
0.00885673
0.00854284
0.00823364
0.00792435
0.00760424
0.00729121
0.00698767
0.00667091
0.00636005
0.00603957
0.00573337
0.00541874
0.00510166
0.00479171
0.00447931
0.00416567
0.00385198
0.00354184
0.0032173
0.00291547
0.00260164
0.00228418
0.0019667
0.00165998
0.00135203
0.0010297
0.00071933
0.000400563
9.25741e-05
-0.000225006
-0.000537795
-0.000857771
-0.00116935
-0.00148452
-0.0017877
-0.00210764
-0.00242396
-0.00273668
-0.00304697
-0.00336202
-0.00367945
-0.00398606
-0.00430341
-0.00461354
-0.00493321
-0.00524086
-0.00555205
-0.00586679
-0.00618147
-0.00649848
-0.00680826
-0.00711797
-0.00743838
-0.00775035
-0.00806344
-0.00836809
-0.00869178
-0.00899627
-0.00931024
-0.0096253
-0.00993909
-0.0102468
-0.0105592
-0.0108715
-0.0111801
-0.0114946
-0.011809
-0.012122
-0.0124338
-0.012743
-0.0130533
-0.0133671
-0.013676
-0.0139859
-0.0142969
-0.0146066
-0.0149173
-0.0152255
-0.015543
-0.0158438
-0.0161598
-0.0164734
-0.0167737
-0.0170857
-0.0173976
-0.0177057
-0.0180125
-0.0183214
-0.0186373
-0.0189365
-0.0192449
-0.0195579
-0.01986
-0.0201738
-0.0204826
-0.0207889
-0.0210926
-0.0213997
-0.0217042
-0.0220144
-0.0223173
-0.0226282
-0.022926
-0.0232411
-0.0235362
-0.0238485
-0.0241466
-0.0244572
-0.0247607
-0.0250604
-0.0253634
-0.0256719
-0.0259744
-0.0262778
-0.0265809
-0.0268861
-0.0271829
-0.0274934
-0.027792
-0.028088
-0.0283965
-0.0286908
-0.0289987
-0.0292959
-0.0295895
-0.0298953
-0.0301906
-0.0304981
-0.0307962
-0.031094
-0.0313949
-0.031683
-0.0319811
-0.0322776
-0.0325807
-0.0328767
-0.0331779
-0.0334744
-0.0337705
-0.0340572
-0.0343527
-0.0346467
-0.0349505
-0.0352404
-0.0355311
-0.0358327
-0.0361239
-0.036418
-0.0367029
-0.0369941
-0.0372861
-0.0375822
-0.0378756
-0.0381643
-0.0384492
-0.0387438
-0.0390313
-0.0393229
-0.0396119
-0.0398939
-0.040181
-0.040471
-0.0407595
-0.0410476
-0.041331
-0.0416237
-0.0419019
-0.0421906
-0.0424788
-0.0427569
-0.0430411
-0.043328
-0.0436135
-0.0438942
-0.0441735
-0.0444576
-0.0447425
-0.0450225
-0.0452968
-0.0455771
-0.0458548
-0.0461448
-0.0464142
-0.0466958
-0.0469781
-0.0472567
-0.0475327
-0.0477988
-0.048076
-0.0483517
-0.0486343
-0.0489038
-0.0491802
-0.0494539
-0.0497293
-0.049998
-0.0502724
-0.0505452
-0.0508083
-0.0510853
-0.0513526
-0.0516204
-0.0518969
-0.0521565
-0.052431
-0.0526967
-0.052965
-0.0532328
-0.0535001
-0.0537587
-0.0540219
-0.0542896
-0.0545568
-0.0548204
-0.0550774
-0.05534
-0.055601
-0.0558674
-0.0561273
-0.0563907
-0.0566495
-0.0569067
-0.0571644
-0.0574255
-0.0576762
-0.0579351
-0.0581906
-0.0584514
-0.0586979
-0.0589584
-0.0592126
-0.0594681
-0.059721
-0.0599725
-0.0602214
-0.0604697
-0.0607271
-0.0609733
-0.0612227
-0.0614706
-0.0617179
-0.0619693
-0.0622125
-0.0624589
-0.0627066
-0.062949
-0.0631963
-0.0634375
-0.0636836
-0.0639208
-0.0641647
-0.0644061
-0.0646433
-0.0648835
-0.0651304
-0.0653611
-0.0656057
-0.065837
-0.0660767
-0.0663121
-0.0665478
-0.0667864
-0.0670217
-0.0672536
-0.0674832
-0.0677156
-0.0679517
-0.0681828
-0.0684123
-0.0686394
-0.0688667
-0.0690977
-0.0693202
-0.0695533
-0.0697805
-0.0699984
-0.070226
-0.0704477
-0.0706705
-0.0708943
-0.0711182
-0.071338
-0.071558
-0.0717773
-0.0719976
-0.0722221
-0.0724343
-0.0726574
-0.0728731
-0.0730849
-0.0733008
-0.0735128
-0.0737306
-0.0739403
-0.0741526
-0.0743666
-0.0745757
-0.074785
-0.0749944
-0.0752022
-0.0754132
-0.0756156
-0.0758212
-0.0760269
-0.0762341
-0.0764406
-0.0766448
-0.0768428
-0.0770447
-0.0772443
-0.0774454
-0.0776489
-0.0778455
-0.0780428
-0.0782401
-0.0784382
-0.0786332
-0.0788268
-0.079024
-0.0792108
-0.0794065
-0.0795984
-0.0797896
-0.079977
-0.0801724
-0.0803568
-0.0805441
-0.0807328
-0.0809213
-0.081102
-0.0812854
-0.0814723
-0.0816534
-0.0818387
-0.0820217
-0.0822004
-0.0823825
-0.0825604
-0.0827354
-0.0829157
-0.0830938
-0.0832691
-0.0834449
-0.0836192
-0.0837868
-0.0839628
-0.0841333
-0.0843024
-0.0844739
-0.0846433
-0.0848138
-0.0849783
-0.0851471
-0.0853138
-0.0854746
-0.0856396
-0.0858044
-0.0859709
-0.0861272
-0.0862888
-0.086449
-0.0866077
-0.0867674
-0.0869274
-0.0870812
-0.0872412
-0.0873951
-0.0875493
-0.0877026
-0.0878527
-0.0880055
-0.088154
-0.0883061
-0.0884534
-0.0885999
-0.0887489
-0.0888947
-0.0890392
-0.0891849
-0.0893287
-0.0894705
-0.089611
-0.0897527
-0.089893
-0.090034
-0.0901735
-0.0903117
-0.0904473
-0.0905822
-0.0907187
-0.0908527
-0.0909818
-0.0911142
-0.0912486
-0.0913781
-0.0915091
-0.0916373
-0.0917656
-0.0918925
-0.0920142
-0.0921426
-0.0922649
-0.0923901
-0.0925111
-0.0926317
-0.0927513
-0.0928723
-0.0929893
-0.0931094
-0.0932254
-0.0933419
-0.0934561
-0.093572
-0.0936826
-0.0937963
-0.0939047
-0.0940194
-0.0941261
-0.0942335
-0.0943433
-0.0944481
-0.0945551
-0.0946617
-0.0947657
-0.0948664
-0.0949686
-0.095071
-0.095172
-0.0952714
-0.0953698
-0.0954676
-0.0955627
-0.0956561
-0.095754
-0.0958474
-0.0959381
-0.0960296
-0.0961215
-0.0962122
-0.0962998
-0.0963879
-0.0964744
-0.0965606
-0.0966474
-0.0967298
-0.0968154
-0.0968955
-0.096977
-0.0970599
-0.097137
-0.0972162
-0.0972927
-0.0973696
-0.0974456
-0.0975213
-0.0975934
-0.0976682
-0.0977389
-0.0978099
-0.0978798
-0.0979499
-0.0980171
-0.098085
-0.0981498
-0.0982152
-0.0982804
-0.0983414
-0.0984037
-0.0984666
-0.0985256
-0.098585
-0.0986447
-0.0987006
-0.0987568
-0.0988125
-0.0988668
-0.0989216
-0.098974
-0.0990248
-0.099076
-0.0991243
-0.0991743
-0.0992226
-0.0992686
-0.0993131
-0.0993593
-0.099402
-0.0994448
-0.0994881
-0.0995279
-0.0995674
-0.0996075
-0.0996441
-0.0996821
-0.0997178
-0.0997522
-0.099787
-0.0998199
-0.0998514
-0.0998827
-0.0999124
-0.0999418
-0.0999703
-0.0999974
-0.100024
-0.100049
-0.100073
-0.100096
-0.100119
-0.100139
-0.10016
-0.100179
-0.100198
-0.100215
-0.100231
-0.100247
-0.100261
-0.100274
-0.100287
-0.100298
-0.100309
-0.100318
-0.100327
-0.100334
-0.100341
-0.100346
-0.100351
-0.100354
-0.100357
-0.100359
-0.100359
-0.100359
-0.100357
-0.100355
-0.100352
-0.100348
-0.100342
-0.100336
-0.100329
-0.10032
-0.100311
-0.100301
-0.10029
-0.100278
-0.100265
-0.10025
-0.100235
-0.100219
-0.100202
-0.100184
-0.100165
-0.100145
-0.100124
-0.100102
-0.100079
-0.100055
-0.10003
-0.100004
-0.0999772
-0.0999494
-0.0999205
-0.0998905
-0.0998602
-0.0998285
-0.0997957
-0.0997618
-0.0997267
-0.0996907
-0.0996544
-0.099617
-0.099578
-0.0995379
-0.0994979
-0.0994559
-0.099413
-0.0993703
-0.099325
-0.0992795
-0.0992339
-0.0991859
-0.0991373
-0.099089
-0.0990373
-0.0989869
-0.0989337
-0.098881
-0.0988278
-0.0987711
-0.0987153
-0.0986577
-0.0986013
-0.0985427
-0.0984826
-0.0984197
-0.0983589
-0.0982947
-0.0982327
-0.0981681
-0.0981002
-0.0980346
-0.0979676
-0.097897
-0.0978273
-0.097758
-0.0976855
-0.0976138
-0.0975411
-0.0974669
-0.0973891
-0.0973147
-0.0972356
-0.0971581
-0.09708
-0.0969995
-0.0969186
-0.0968356
-0.0967509
-0.0966671
-0.0965825
-0.0964992
-0.0964126
-0.0963225
-0.0962361
-0.096145
-0.096056
-0.0959634
-0.0958709
-0.0957777
-0.0956837
-0.0955887
-0.0954913
-0.0953929
-0.0952951
-0.0951964
-0.0950979
-0.0949973
-0.094893
-0.094791
-0.0946892
-0.0945817
-0.094476
-0.0943719
-0.0942636
-0.0941556
-0.0940442
-0.0939377
-0.0938257
-0.0937145
-0.0936032
-0.0934871
-0.0933727
-0.0932565
-0.0931394
-0.09302
-0.0929051
-0.0927829
-0.092663
-0.0925418
-0.0924187
-0.0922975
-0.0921735
-0.0920468
-0.0919248
-0.0917953
-0.0916672
-0.0915402
-0.0914113
-0.0912815
-0.0911509
-0.0910168
-0.0908843
-0.090751
-0.0906178
-0.0904843
-0.0903441
-0.0902083
-0.090071
-0.0899287
-0.0897892
-0.0896525
-0.0895053
-0.0893637
-0.0892218
-0.0890773
-0.0889354
-0.0887892
-0.0886382
-0.088492
-0.0883426
-0.0881964
-0.088043
-0.0878899
-0.087737
-0.0875868
-0.0874334
-0.0872768
-0.0871217
-0.0869646
-0.0868066
-0.0866489
-0.086491
-0.0863335
-0.086174
-0.0860111
-0.0858461
-0.0856853
-0.0855186
-0.0853555
-0.0851897
-0.0850236
-0.0848568
-0.0846916
-0.0845167
-0.0843519
-0.0841791
-0.0840061
-0.0838356
-0.083663
-0.0834909
-0.0833133
-0.0831402
-0.082963
-0.0827815
-0.0826033
-0.0824277
-0.0822465
-0.0820694
-0.0818894
-0.0817064
-0.0815178
-0.0813347
-0.0811501
-0.080966
-0.080782
-0.0805914
-0.0804093
-0.080215
-0.0800285
-0.0798412
-0.079651
-0.0794549
-0.0792675
-0.0790706
-0.078878
-0.0786832
-0.0784853
-0.0782882
-0.0780933
-0.0778985
-0.077696
-0.0774988
-0.0773002
-0.0771
-0.0768937
-0.076692
-0.0764903
-0.0762895
-0.0760809
-0.075877
-0.0756716
-0.0754655
-0.075257
-0.0750494
-0.074841
-0.0746319
-0.0744165
-0.0742076
-0.0739971
-0.0737868
-0.0735684
-0.0733557
-0.0731408
-0.0729243
-0.0727137
-0.0724908
-0.0722754
-0.0720611
-0.0718368
-0.0716177
-0.0713971
-0.0711766
-0.0709512
-0.0707327
-0.0705093
-0.0702886
-0.0700578
-0.0698331
-0.0696095
-0.0693801
-0.0691534
-0.0689269
-0.0687007
-0.0684659
-0.06824
-0.0680065
-0.0677784
-0.0675462
-0.0673169
-0.067078
-0.0668473
-0.0666071
-0.0663761
-0.066139
-0.0659022
-0.0656638
-0.065423
-0.0651906
-0.0649466
-0.0647057
-0.0644678
-0.0642302
-0.0639837
-0.0637457
-0.0635054
-0.0632607
-0.0630106
-0.0627684
-0.0625228
-0.0622803
-0.0620344
-0.0617869
-0.0615332
-0.0612902
-0.0610352
-0.0607872
-0.0605406
-0.0602828
-0.0600311
-0.0597808
-0.059529
-0.0592794
-0.0590215
-0.0587679
-0.0585167
-0.0582629
-0.0580047
-0.0577478
-0.0574924
-0.0572344
-0.0569779
-0.0567188
-0.0564542
-0.05619
-0.0559312
-0.0556709
-0.055412
-0.0551506
-0.0548877
-0.0546252
-0.0543582
-0.0540957
-0.0538357
-0.0535691
-0.053304
-0.0530303
-0.0527662
-0.0524985
-0.0522282
-0.0519606
-0.0516934
-0.0514258
-0.0511556
-0.0508828
-0.0506136
-0.0503399
-0.0500687
-0.049797
-0.0495291
-0.0492544
-0.048975
-0.0487004
-0.0484306
-0.0481497
-0.0478768
-0.0476003
-0.0473223
-0.0470449
-0.0467691
-0.0464929
-0.0462098
-0.0459337
-0.045653
-0.0453685
-0.0450911
-0.0448122
-0.0445308
-0.0442478
-0.0439654
-0.0436816
-0.0434027
-0.0431212
-0.0428383
-0.0425484
-0.0422657
-0.0419837
-0.0416914
-0.0414075
-0.0411253
-0.0408395
-0.0405533
-0.0402667
-0.0399709
-0.0396802
-0.0393979
-0.0391087
-0.0388224
-0.0385323
-0.0382353
-0.0379523
-0.0376545
-0.0373641
-0.03707
-0.0367822
-0.0364862
-0.0361944
-0.0359011
-0.0356153
-0.0353179
-0.0350179
-0.0347345
-0.0344372
-0.0341407
-0.0338405
-0.0335467
-0.0332481
-0.0329503
-0.0326556
-0.0323594
-0.0320618
-0.0317661
-0.0314724
-0.0311738
-0.0308693
-0.0305678
-0.0302752
-0.0299743
-0.0296685
-0.0293762
-0.0290733
-0.0287759
-0.0284747
-0.0281686
-0.0278749
-0.0275637
-0.027266
-0.026967
-0.0266549
-0.0263576
-0.0260509
-0.0257508
-0.0254481
-0.0251405
-0.0248409
-0.0245294
-0.0242362
-0.0239219
-0.0236259
-0.0233134
-0.0230077
-0.0227041
-0.0224003
-0.0220892
-0.0217885
-0.0214794
-0.0211735
-0.0208687
-0.0205542
-0.0202489
-0.0199458
-0.0196378
-0.019332
-0.0190213
-0.0187151
-0.0183992
-0.0180998
-0.0177883
-0.0174802
-0.017172
-0.0168553
-0.0165491
-0.0162403
-0.0159243
-0.0156153
-0.0153108
-0.0150038
-0.014686
-0.0143776
-0.014069
-0.0137627
-0.0134443
-0.0131354
-0.0128227
-0.0125158
-0.0122017
-0.011884
-0.0115756
-0.0112695
-0.0109525
-0.0106391
-0.0103291
-0.0100142
-0.0096957
-0.00939737
-0.00908343
-0.00877179
-0.00845529
-0.00814468
-0.00782564
-0.00751249
-0.00720286
-0.00689316
-0.00657503
-0.0062676
-0.00595533
-0.00563344
-0.00532704
-0.00500743
-0.00469496
-0.00438484
-0.00406869
-0.0037573
-0.00343869
-0.00313442
-0.00281335
-0.00250424
-0.00219271
-0.00187158
-0.00156002
-0.00125204
-0.000929676
-0.000620485
-0.000310094
8.68522e-06
0.000316675
0.00063904
0.000943419
0.00125737
0.0015797
0.00188523
0.00220392
0.00252018
0.00283043
0.00314424
0.00345442
0.00376337
0.00407947
0.0044015
0.00471271
0.0050167
0.00534097
0.00565322
0.00596781
0.00627157
0.0065932
0.00690639
0.00721712
0.00752539
0.00783836
0.00815244
0.00846047
0.00877916
0.00909059
0.00940074
0.00971795
0.0100231
0.0103413
0.0106523
0.0109631
0.0112786
0.0115892
0.0118997
0.0122041
0.0125191
0.0128304
0.013138
0.0134479
0.0137624
0.0140719
0.0143814
0.0146978
0.0149987
0.0153159
0.0156271
0.0159276
0.0162373
0.0165551
0.0168633
0.0171749
0.0174827
0.0177869
0.0180932
0.0184005
0.0187135
0.0190193
0.0193261
0.0196373
0.0199379
0.0202487
0.020557
0.0208698
0.0211672
0.0214714
0.0217765
0.0220908
0.0223885
0.0227011
0.0229984
0.0233117
0.023612
0.0239202
0.0242212
0.0245266
0.024834
0.0251331
0.0254343
0.0257352
0.0260417
0.0263409
0.0266434
0.0269536
0.0272555
0.0275468
0.0278563
0.028155
0.028457
0.0287541
0.0290509
0.0293577
0.0296505
0.0299487
0.0302467
0.0305489
0.0308473
0.03115
0.0314479
0.0317386
0.0320414
0.0323293
0.0326292
0.0329278
0.0332169
0.0335193
0.0338066
0.0341049
0.0343984
0.0347005
0.0349854
0.0352778
0.0355721
0.0358661
0.0361597
0.0364563
0.0367413
0.0370372
0.0373293
0.0376122
0.0379047
0.0381902
0.0384896
0.0387744
0.0390631
0.0393537
0.0396416
0.0399281
0.0402142
0.0405043
0.0407906
0.0410766
0.0413589
0.041644
0.0419299
0.0422131
0.0424981
0.0427826
0.0430571
0.0433472
0.0436294
0.0439058
0.0441839
0.0444702
0.0447517
0.0450306
0.0453091
0.0455818
0.0458648
0.0461483
0.0464239
0.0466959
0.0469737
0.0472469
0.047526
0.0477982
0.0480816
0.0483456
0.0486237
0.0488941
0.0491744
0.0494376
0.0497158
0.0499863
0.0502574
0.0505238
0.0508
0.0510685
0.0513365
0.051605
0.0518659
0.0521375
0.0524024
0.0526669
0.0529298
0.0532003
0.0534672
0.0537295
0.0539923
0.0542596
0.0545194
0.0547766
0.0550373
0.0552994
0.055559
0.055821
0.0560815
0.0563384
0.0565968
0.0568585
0.0571118
0.0573665
0.0576314
0.0578781
0.058136
0.0583885
0.0586481
0.0588955
0.059151
0.0594002
0.0596487
0.0599034
0.0601566
0.0603967
0.0606544
0.0608943
0.061146
0.0613895
0.061639
0.0618906
0.0621342
0.0623744
0.0626167
0.062864
0.0631023
0.0633474
0.0635928
0.0638312
0.0640688
0.0643068
0.0645497
0.0647846
0.0650243
0.0652642
0.0654963
0.0657314
0.0659658
0.0662058
0.0664389
0.0666687
0.0669076
0.0671387
0.0673639
0.067599
0.0678246
0.0680583
0.0682808
0.0685158
0.0687396
0.0689628
0.0691922
0.0694166
0.069642
0.0698617
0.0700908
0.0703099
0.0705351
0.0707503
0.0709757
0.0711954
0.0714144
0.071631
0.0718428
0.0720655
0.0722833
0.0724921
0.0727093
0.0729241
0.0731334
0.0733483
0.0735586
0.0737705
0.0739841
0.0741913
0.0743994
0.0746092
0.0748118
0.0750241
0.0752269
0.0754313
0.0756365
0.0758433
0.0760455
0.0762446
0.0764438
0.0766445
0.0768436
0.0770474
0.0772405
0.0774412
0.0776426
0.0778349
0.078031
0.0782241
0.0784201
0.0786131
0.0788046
0.0789917
0.079186
0.0793744
0.079565
0.0797526
0.0799351
0.0801254
0.0803078
0.0804923
0.0806823
0.0808609
0.0810472
0.0812278
0.0814082
0.0815858
0.0817688
0.0819482
0.0821234
0.0823039
0.0824782
0.082655
0.0828243
0.0829995
0.0831719
0.0833461
0.0835155
0.0836867
0.083859
0.0840253
0.0841908
0.0843632
0.0845276
0.0846913
0.0848567
0.0850187
0.0851799
0.0853439
0.0855047
0.0856695
0.0858261
0.0859837
0.0861417
0.0863024
0.0864574
0.0866122
0.086765
0.0869216
0.0870733
0.0872229
0.0873723
0.0875266
0.0876742
0.087825
0.0879726
0.0881171
0.0882625
0.0884058
0.0885516
0.0886949
0.0888362
0.0889804
0.08912
0.0892587
0.0893954
0.0895361
0.08967
0.0898083
0.0899437
0.0900796
0.0902121
0.0903418
0.0904771
0.0906044
0.0907339
0.0908655
0.0909917
0.0911175
0.0912458
0.0913742
0.0914978
0.0916195
0.0917404
0.0918637
0.0919837
0.0921056
0.0922256
0.092342
0.0924598
0.0925775
0.0926885
0.0928066
0.0929206
0.0930316
0.0931413
0.0932543
0.0933621
0.0934733
0.0935822
0.0936869
0.0937952
0.0938993
0.0940025
0.0941079
0.0942101
0.0943124
0.0944131
0.0945109
0.094609
0.0947084
0.094806
0.0949013
0.0949952
0.0950879
0.0951839
0.0952755
0.0953664
0.0954578
0.0955465
0.0956336
0.0957215
0.0958087
0.0958943
0.0959777
0.096063
0.0961439
0.0962254
0.0963066
0.0963862
0.0964646
0.0965447
0.0966194
0.0966978
0.0967721
0.0968471
0.0969201
0.0969904
0.0970617
0.0971342
0.0972031
0.0972697
0.0973387
0.0974047
0.097469
0.0975346
0.097599
0.0976611
0.0977226
0.0977824
0.097843
0.0979018
0.0979586
0.0980161
0.0980719
0.0981275
0.0981798
0.0982336
0.0982852
0.0983356
0.0983859
0.0984346
0.0984828
0.0985315
0.0985765
0.0986222
0.0986666
0.0987103
0.0987516
0.0987938
0.098833
0.0988728
0.0989104
0.0989477
0.0989848
0.0990203
0.0990546
0.0990877
0.0991198
0.0991517
0.0991823
0.0992122
0.0992405
0.0992676
0.099295
0.0993201
0.0993452
0.099368
0.0993907
0.0994129
0.0994331
0.0994527
0.0994719
0.0994898
0.0995063
0.0995224
0.0995367
0.0995506
0.0995638
0.0995752
0.0995861
0.099596
0.0996049
0.0996129
0.0996198
0.0996257
0.0996307
0.0996347
0.0996377
0.0996396
0.0996406
0.0996407
0.0996397
0.0996378
0.0996349
0.099631
0.099626
0.0996202
0.0996134
0.0996054
0.0995969
0.0995871
0.0995762
0.0995646
0.0995518
0.0995382
0.0995233
0.0995077
0.0994906
0.0994728
0.0994548
0.0994348
0.0994142
0.0993924
0.0993699
0.0993468
0.0993223
0.099296
0.0992701
0.099243
0.099214
0.0991846
0.0991544
0.0991231
0.0990908
0.0990567
0.0990227
0.098987
0.0989506
0.098914
0.0988761
0.0988365
0.0987963
0.0987555
0.0987129
0.0986689
0.0986249
0.0985805
0.0985347
0.0984875
0.0984391
0.0983906
0.0983405
0.0982903
0.0982372
0.0981855
0.0981302
0.0980755
0.0980195
0.0979627
0.0979058
0.0978467
0.0977883
0.0977282
0.0976659
0.0976035
0.0975405
0.0974747
0.0974103
0.0973418
0.0972752
0.097207
0.0971385
0.0970669
0.0969973
0.0969242
0.0968525
0.0967772
0.096703
0.0966279
0.0965497
0.0964721
0.0963917
0.0963118
0.0962335
0.0961501
0.0960687
0.0959841
0.0958995
0.0958159
0.0957271
0.09564
0.0955523
0.0954619
0.0953747
0.0952828
0.0951885
0.0950986
0.0950032
0.0949086
0.0948123
0.0947158
0.0946165
0.0945208
0.0944188
0.0943194
0.0942186
0.0941166
0.09401
0.0939061
0.0938024
0.0936971
0.0935875
0.0934828
0.0933726
0.0932648
0.0931528
0.0930393
0.0929271
0.0928135
0.0927004
0.0925854
0.0924669
0.092351
0.0922356
0.0921143
0.0919961
0.0918762
0.0917516
0.0916308
0.0915068
0.0913828
0.0912569
0.091132
0.0910029
0.0908748
0.0907458
0.0906159
0.0904866
0.0903549
0.0902228
0.0900873
0.0899534
0.0898192
0.0896851
0.0895476
0.089406
0.0892714
0.0891275
0.0889869
0.0888481
0.0887042
0.0885643
0.0884191
0.0882719
0.08813
0.0879822
0.0878363
0.0876833
0.087534
0.0873844
0.0872368
0.0870843
0.0869316
0.0867762
0.0866223
0.0864675
0.0863119
0.0861555
0.0859952
0.0858376
0.0856786
0.0855176
0.0853557
0.0851935
0.0850305
0.0848711
0.0847064
0.0845416
0.0843759
0.0842055
0.084042
0.0838719
0.0837016
0.0835324
0.0833579
0.0831903
0.0830161
0.0828396
0.082669
0.082493
0.0823113
0.082141
0.0819618
0.0817791
0.0816016
0.0814241
0.0812416
0.081059
0.0808798
0.0806956
0.0805078
0.0803248
0.0801411
0.0799501
0.0797676
0.0795794
0.0793874
0.0791991
0.0790092
0.0788192
0.0786219
0.0784297
0.0782411
0.0780407
0.0778461
0.077656
0.0774532
0.0772594
0.077061
0.0768634
0.076659
0.0764645
0.0762577
0.0760556
0.0758573
0.0756498
0.0754461
0.075241
0.0750335
0.0748324
0.074625
0.0744161
0.0742049
0.0739977
0.0737858
0.0735771
0.0733645
0.0731529
0.0729429
0.0727281
0.0725118
0.0722997
0.0720804
0.0718635
0.0716485
0.0714278
0.071208
0.0709892
0.0707655
0.0705461
0.0703235
0.0701078
0.0698796
0.0696566
0.0694321
0.069212
0.0689853
0.0687578
0.0685297
0.0683044
0.0680749
0.0678456
0.0676139
0.0673841
0.0671573
0.0669262
0.0666865
0.0664585
0.0662228
0.0659927
0.0657503
0.0655153
0.065285
0.0650451
0.0648027
0.0645725
0.0643324
0.0640936
0.0638449
0.0636122
0.0633696
0.0631246
0.0628779
0.0626428
0.0623902
0.0621538
0.0619019
0.0616634
0.0614093
0.0611687
0.0609161
0.0606705
0.0604205
0.0601728
0.0599235
0.0596746
0.0594232
0.0591683
0.0589148
0.0586635
0.0584127
0.0581545
0.0578986
0.0576431
0.05739
0.0571285
0.0568781
0.0566174
0.0563562
0.0561012
0.0558398
0.0555838
0.0553263
0.0550662
0.0548036
0.0545404
0.0542817
0.0540145
0.0537497
0.0534853
0.0532235
0.0529571
0.0526902
0.0524238
0.0521558
0.0518884
0.0516204
0.051354
0.0510819
0.0508175
0.0505485
0.050277
0.050005
0.0497335
0.0494583
0.04919
0.0489139
0.0486436
0.0483707
0.0480973
0.0478224
0.047547
0.047268
0.0469949
0.046716
0.0464429
0.0461663
0.0458818
0.0456042
0.0453262
0.0450435
0.0447645
0.0444927
0.0442086
0.0439262
0.0436413
0.0433677
0.043084
0.042801
0.0425143
0.0422305
0.0419472
0.041668
0.0413731
0.0410962
0.0408081
0.0405207
0.0402372
0.0399501
0.0396603
0.0393691
0.0390818
0.0387986
0.0385106
0.0382233
0.0379268
0.037641
0.0373515
0.0370527
0.0367692
0.0364752
0.0361865
0.0358895
0.0355923
0.0353058
0.0350134
0.0347151
0.0344197
0.0341252
0.0338382
0.0335452
0.0332485
0.0329549
0.0326575
0.0323599
0.032063
0.0317624
0.0314672
0.0311693
0.0308689
0.0305751
0.0302797
0.0299727
0.0296722
0.0293806
0.0290795
0.0287759
0.0284765
0.0281769
0.0278747
0.027571
0.0272763
0.0269755
0.0266711
0.0263675
0.0260648
0.0257595
0.0254656
0.0251609
0.0248491
0.0245463
0.0242479
0.0239446
0.0236399
0.0233361
0.0230287
0.0227244
0.0224211
0.0221153
0.0218092
0.0215041
0.0211906
0.0208851
0.0205746
0.0202733
0.0199601
0.0196632
0.0193449
0.0190475
0.0187371
0.0184241
0.0181238
0.0178163
0.0175039
0.017189
0.016881
0.0165764
0.016268
0.0159583
0.0156508
0.0153325
0.0150247
0.0147108
0.014411
0.0140968
0.0137813
0.0134752
0.0131689
0.0128589
0.0125405
0.0122362
0.0119258
0.0116094
0.0113024
0.0109833
0.0106797
0.0103604
0.010047
0.0097418
0.00943056
0.00910968
0.00880064
0.0084939
0.0081811
0.00786225
0.00755287
0.00724102
0.0069279
0.00661591
0.00629548
0.00598455
0.00567117
0.0053649
0.0050514
0.00472947
0.00442305
0.00410221
0.00379091
0.00348317
0.00317179
0.00284959
0.00253935
0.00223147
0.00191159
0.00159527
0.00128613
0.000973377
0.00066061
0.000339445
2.66614e-05
-0.000287324
-0.000598914
-0.000905708
-0.00122448
-0.00153965
-0.00185481
-0.00216276
-0.00248148
-0.00279658
-0.00310687
-0.00342431
-0.00373814
-0.00404714
-0.0043573
-0.00467221
-0.00498828
-0.00529592
-0.00561788
-0.00592183
-0.0062365
-0.00655111
-0.00687164
-0.00717656
-0.00749097
-0.00780293
-0.0081184
-0.00842901
-0.00874313
-0.00905597
-0.00936514
-0.00967542
-0.00999754
-0.0103005
-0.0106212
-0.0109323
-0.0112433
-0.0115553
-0.0118697
-0.0121815
-0.0124825
-0.0127953
-0.0131068
-0.0134182
-0.0137294
-0.0140405
-0.0143491
-0.0146588
-0.0149754
-0.0152871
-0.0155975
-0.0159089
-0.0162155
-0.0165242
-0.0168375
-0.017146
-0.0174554
-0.0177635
-0.0180714
-0.0183757
-0.018688
-0.0190024
-0.0193014
-0.0196131
-0.0199176
-0.0202266
-0.0205343
-0.0208429
-0.0211466
-0.0214618
-0.0217592
-0.022067
-0.0223734
-0.0226784
-0.022982
-0.0232936
-0.0236003
-0.0238962
-0.0242129
-0.0245096
-0.024813
-0.0251243
-0.0254261
-0.0257264
-0.0260312
-0.026331
-0.0266353
-0.0269392
-0.027243
-0.0275464
-0.0278461
-0.0281456
-0.0284505
-0.0287529
-0.0290458
-0.0293441
-0.0296536
-0.0299526
-0.0302512
-0.0305507
-0.0308453
-0.0311442
-0.0314462
-0.0317399
-0.0320368
-0.0323367
-0.032634
-0.0329322
-0.0332232
-0.0335275
-0.0338168
-0.0341204
-0.0344147
-0.0347041
-0.0349954
-0.0352909
-0.0355827
-0.0358809
-0.0361776
-0.0364717
-0.0367621
-0.0370465
-0.0373396
-0.0376389
-0.0379201
-0.0382186
-0.0385035
-0.0387903
-0.0390811
-0.039377
-0.0396582
-0.0399478
-0.0402337
-0.0405303
-0.0408099
-0.0410969
-0.0413845
-0.0416783
-0.0419564
-0.0422428
-0.0425288
-0.0428155
-0.0430931
-0.0433757
-0.0436589
-0.0439449
-0.0442273
-0.044505
-0.0447875
-0.0450686
-0.0453493
-0.0456273
-0.0459071
-0.0461853
-0.0464684
-0.0467436
-0.0470194
-0.0473043
-0.0475792
-0.0478526
-0.0481308
-0.0484011
-0.0486763
-0.0489551
-0.0492303
-0.0495072
-0.0497741
-0.0500469
-0.050316
-0.050595
-0.0508621
-0.0511287
-0.0514041
-0.0516718
-0.0519411
-0.0522129
-0.052479
-0.0527478
-0.0530129
-0.0532755
-0.0535407
-0.0538063
-0.0540725
-0.0543401
-0.0546041
-0.0548686
-0.0551316
-0.055387
-0.0556549
-0.0559153
-0.056178
-0.0564313
-0.056698
-0.0569571
-0.0572147
-0.0574649
-0.0577302
-0.057988
-0.0582385
-0.0584982
-0.0587495
-0.0590031
-0.059262
-0.0595106
-0.0597625
-0.0600148
-0.0602675
-0.0605205
-0.0607672
-0.061019
-0.0612693
-0.0615199
-0.0617595
-0.062008
-0.0622549
-0.0625003
-0.0627469
-0.0629966
-0.0632411
-0.063484
-0.0637244
-0.0639652
-0.064209
-0.064454
-0.0646883
-0.0649265
-0.0651696
-0.0654111
-0.0656457
-0.0658841
-0.06612
-0.0663536
-0.0665891
-0.0668241
-0.0670592
-0.0672911
-0.0675284
-0.0677634
-0.0679862
-0.0682242
-0.0684483
-0.0686832
-0.068906
-0.0691412
-0.0693636
-0.0695914
-0.0698202
-0.070044
-0.0702672
-0.0704896
-0.070714
-0.0709376
-0.0711681
-0.0713802
-0.0716043
-0.0718184
-0.072036
-0.0722604
-0.072475
-0.0726913
-0.0729078
-0.0731243
-0.0733394
-0.0735504
-0.0737624
-0.0739809
-0.0741946
-0.0744004
-0.0746167
-0.074825
-0.0750334
-0.0752379
-0.0754457
-0.0756519
-0.0758597
-0.0760629
-0.0762684
-0.076474
-0.0766765
-0.0768798
-0.0770831
-0.0772826
-0.0774828
-0.07768
-0.0778795
-0.0780783
-0.078277
-0.0784689
-0.0786668
-0.0788595
-0.0790558
-0.0792499
-0.0794373
-0.0796371
-0.079823
-0.0800162
-0.0802013
-0.0803899
-0.0805814
-0.0807684
-0.0809526
-0.0811395
-0.0813234
-0.0815073
-0.0816904
-0.0818741
-0.0820556
-0.0822355
-0.082414
-0.0825945
-0.0827666
-0.0829454
-0.0831254
-0.0832965
-0.0834722
-0.0836471
-0.0838224
-0.0839936
-0.0841647
-0.0843369
-0.0845076
-0.0846762
-0.0848433
-0.0850109
-0.0851782
-0.0853448
-0.0855054
-0.0856703
-0.0858337
-0.0859975
-0.0861604
-0.0863219
-0.0864825
-0.0866368
-0.0867951
-0.0869526
-0.0871098
-0.087265
-0.0874216
-0.0875757
-0.0877265
-0.08788
-0.0880292
-0.0881838
-0.0883301
-0.0884784
-0.0886303
-0.0887758
-0.088922
-0.0890674
-0.0892113
-0.0893555
-0.0894977
-0.0896364
-0.0897774
-0.0899218
-0.0900578
-0.0901999
-0.0903363
-0.0904728
-0.0906064
-0.0907402
-0.0908752
-0.0910097
-0.0911398
-0.0912715
-0.0914024
-0.0915318
-0.0916608
-0.0917889
-0.0919118
-0.0920386
-0.0921626
-0.092289
-0.0924126
-0.0925348
-0.0926524
-0.092776
-0.0928942
-0.0930128
-0.0931291
-0.093245
-0.0933634
-0.0934784
-0.0935906
-0.0937059
-0.093815
-0.0939284
-0.0940371
-0.0941452
-0.0942558
-0.0943633
-0.0944667
-0.0945761
-0.0946804
-0.0947839
-0.0948887
-0.0949891
-0.0950886
-0.0951876
-0.0952895
-0.0953847
-0.095485
-0.0955792
-0.0956753
-0.0957706
-0.0958645
-0.0959546
-0.096046
-0.096137
-0.0962272
-0.0963177
-0.0964033
-0.0964902
-0.0965753
-0.096661
-0.0967467
-0.0968293
-0.0969112
-0.0969921
-0.097073
-0.0971536
-0.0972305
-0.0973085
-0.0973833
-0.0974603
-0.0975346
-0.0976068
-0.0976808
-0.0977528
-0.097822
-0.0978931
-0.0979601
-0.0980305
-0.0980961
-0.0981608
-0.0982278
-0.0982908
-0.0983529
-0.0984167
-0.098478
-0.098537
-0.0985959
-0.0986546
-0.0987121
-0.0987673
-0.0988226
-0.0988769
-0.0989297
-0.0989837
-0.0990336
-0.0990848
-0.0991343
-0.0991822
-0.0992296
-0.0992758
-0.0993219
-0.0993679
-0.0994096
-0.0994537
-0.0994944
-0.0995353
-0.0995743
-0.0996136
-0.0996511
-0.0996886
-0.0997235
-0.0997593
-0.0997921
-0.0998253
-0.0998572
-0.0998884
-0.0999181
-0.0999475
-0.099975
-0.100002
-0.100029
-0.100053
-0.100077
-0.1001
-0.100122
-0.100144
-0.100164
-0.100183
-0.100201
-0.100218
-0.100234
-0.10025
-0.100263
-0.100277
-0.100289
-0.1003
-0.10031
-0.10032
-0.100328
-0.100336
-0.100342
-0.100347
-0.100352
-0.100355
-0.100357
-0.100359
-0.100359
-0.100359
-0.100357
-0.100355
-0.100351
-0.100347
-0.100341
-0.100335
-0.100327
-0.100319
-0.100309
-0.100299
-0.100288
-0.100275
-0.100262
-0.100248
-0.100232
-0.100216
-0.100199
-0.100181
-0.100162
-0.100141
-0.10012
-0.100098
-0.100075
-0.100051
-0.100026
-0.0999997
-0.0999718
-0.0999442
-0.0999149
-0.0998851
-0.0998537
-0.0998225
-0.0997887
-0.0997553
-0.09972
-0.099684
-0.0996474
-0.0996101
-0.0995708
-0.0995317
-0.0994898
-0.0994479
-0.0994053
-0.0993625
-0.099318
-0.0992721
-0.0992251
-0.0991769
-0.0991298
-0.0990787
-0.0990281
-0.098977
-0.0989243
-0.0988716
-0.0988169
-0.0987613
-0.098706
-0.0986482
-0.098589
-0.0985304
-0.0984713
-0.0984098
-0.0983462
-0.0982845
-0.0982184
-0.0981561
-0.0980875
-0.0980218
-0.0979535
-0.0978851
-0.0978139
-0.0977428
-0.0976715
-0.0975995
-0.0975264
-0.0974525
-0.0973749
-0.0972985
-0.0972237
-0.0971431
-0.0970654
-0.0969844
-0.0969027
-0.0968214
-0.0967381
-0.0966542
-0.0965697
-0.0964817
-0.0963949
-0.0963069
-0.0962187
-0.0961264
-0.0960362
-0.0959469
-0.0958524
-0.0957594
-0.0956645
-0.0955686
-0.0954739
-0.0953739
-0.0952763
-0.0951781
-0.0950798
-0.0949763
-0.0948739
-0.0947712
-0.0946669
-0.0945656
-0.0944586
-0.0943502
-0.0942455
-0.0941352
-0.0940266
-0.0939166
-0.0938057
-0.093693
-0.0935781
-0.0934648
-0.0933507
-0.0932343
-0.0931161
-0.0929983
-0.0928805
-0.0927609
-0.0926432
-0.0925185
-0.0923967
-0.0922763
-0.0921531
-0.0920247
-0.0918993
-0.0917729
-0.0916457
-0.0915175
-0.091387
-0.0912581
-0.0911267
-0.0909945
-0.0908614
-0.0907294
-0.090593
-0.0904557
-0.0903195
-0.0901819
-0.0900451
-0.0899047
-0.0897639
-0.0896266
-0.0894809
-0.0893386
-0.0891943
-0.0890535
-0.0889086
-0.0887606
-0.0886117
-0.0884665
-0.0883175
-0.0881689
-0.0880165
-0.0878667
-0.0877137
-0.0875604
-0.0874069
-0.0872484
-0.0870955
-0.0869388
-0.0867806
-0.0866222
-0.0864654
-0.0863047
-0.0861419
-0.0859833
-0.08582
-0.0856547
-0.0854935
-0.0853233
-0.0851579
-0.0849917
-0.0848241
-0.0846569
-0.0844888
-0.0843206
-0.0841464
-0.0839752
-0.0838053
-0.0836272
-0.0834556
-0.0832825
-0.0831073
-0.0829292
-0.0827517
-0.0825706
-0.0823921
-0.0822115
-0.0820376
-0.0818505
-0.0816695
-0.0814898
-0.0813023
-0.0811211
-0.0809348
-0.0807478
-0.0805592
-0.0803748
-0.0801861
-0.0799944
-0.0798041
-0.0796138
-0.0794197
-0.0792263
-0.0790336
-0.0788446
-0.0786474
-0.0784532
-0.0782582
-0.0780549
-0.0778598
-0.0776595
-0.0774615
-0.0772611
-0.0770601
-0.0768582
-0.0766556
-0.0764484
-0.0762489
-0.0760457
-0.0758393
-0.0756345
-0.0754298
-0.075222
-0.0750135
-0.074805
-0.0745918
-0.0743778
-0.0741672
-0.0739598
-0.0737453
-0.0735316
-0.0733148
-0.0731046
-0.0728839
-0.0726673
-0.0724559
-0.0722346
-0.0720201
-0.0717974
-0.0715782
-0.0713574
-0.071136
-0.0709181
-0.0706927
-0.0704708
-0.0702466
-0.0700182
-0.0697952
-0.0695646
-0.0693402
-0.0691117
-0.0688824
-0.0686604
-0.0684246
-0.0681995
-0.0679676
-0.0677333
-0.0675062
-0.067267
-0.0670414
-0.0668053
-0.066564
-0.0663355
-0.0660975
-0.0658542
-0.065623
-0.0653847
-0.0651441
-0.0649055
-0.0646672
-0.0644227
-0.0641887
-0.0639448
-0.063704
-0.0634598
-0.0632085
-0.0629686
-0.0627263
-0.0624758
-0.062237
-0.0619891
-0.0617358
-0.0614895
-0.0612408
-0.0609933
-0.0607395
-0.0604889
-0.0602406
-0.0599936
-0.0597384
-0.0594874
-0.0592349
-0.0589788
-0.0587271
-0.0584582
-0.0582131
-0.0579567
-0.0576978
-0.0574462
-0.0571881
-0.0569285
-0.0566703
-0.0564055
-0.0561512
-0.0558883
-0.0556269
-0.055364
-0.0551065
-0.0548385
-0.0545799
-0.0543078
-0.0540462
-0.0537851
-0.0535204
-0.0532471
-0.0529803
-0.0527141
-0.0524484
-0.0521873
-0.0519164
-0.0516471
-0.0513753
-0.051106
-0.0508373
-0.0505608
-0.0502911
-0.0500188
-0.049746
-0.0494706
-0.0492042
-0.048931
-0.0486479
-0.0483791
-0.0480992
-0.0478262
-0.0475528
-0.0472715
-0.0469961
-0.0467128
-0.0464354
-0.0461576
-0.0458815
-0.0455985
-0.0453257
-0.0450332
-0.0447586
-0.0444845
-0.0441939
-0.0439126
-0.0436308
-0.0433454
-0.0430692
-0.0427829
-0.0425017
-0.0422178
-0.0419281
-0.0416412
-0.0413572
-0.0410684
-0.0407803
-0.0404908
-0.0402118
-0.0399247
-0.0396339
-0.0393461
-0.0390523
-0.0387593
-0.0384792
-0.0381876
-0.037889
-0.0376011
-0.037314
-0.0370242
-0.0367308
-0.0364393
-0.0361396
-0.0358529
-0.0355525
-0.0352573
-0.0349707
-0.034676
-0.0343797
-0.0340888
-0.0337874
-0.033497
-0.0332006
-0.0328971
-0.0326034
-0.0323094
-0.0320049
-0.0317126
-0.0314177
-0.0311134
-0.0308213
-0.030521
-0.0302157
-0.0299228
-0.0296147
-0.02932
-0.0290148
-0.0287195
-0.0284195
-0.0281157
-0.0278162
-0.0275095
-0.0272106
-0.0269057
-0.0266075
-0.0262975
-0.0260022
-0.0256928
-0.0253889
-0.025086
-0.0247851
-0.0244875
-0.0241757
-0.0238706
-0.0235641
-0.0232644
-0.0229564
-0.0226515
-0.0223477
-0.0220331
-0.0217335
-0.0214208
-0.0211208
-0.02081
-0.0205037
-0.0201926
-0.0198859
-0.0195779
-0.0192743
-0.0189624
-0.0186597
-0.0183509
-0.0180396
-0.0177246
-0.0174165
-0.0171164
-0.0168009
-0.0164911
-0.0161859
-0.0158746
-0.0155655
-0.0152587
-0.0149374
-0.0146374
-0.0143254
-0.0140061
-0.0136997
-0.0133885
-0.0130771
-0.0127704
-0.0124611
-0.012147
-0.0118375
-0.0115148
-0.0112063
-0.0108918
-0.0105878
-0.010273
-0.00996652
-0.00965156
-0.00934008
-0.00901896
-0.00870611
-0.00840154
-0.00808255
-0.00776947
-0.00745989
-0.00715145
-0.00683815
-0.00651523
-0.00620659
-0.0058991
-0.00558437
-0.00527198
-0.00495835
-0.00464467
-0.00432138
-0.004016
-0.00369502
-0.00338359
-0.00307692
-0.00275465
-0.00244673
-0.0021316
-0.00181766
-0.00150729
-0.00119572
-0.000870954
-0.000561763
-0.000247776
6.74075e-05
0.000381389
0.000688172
0.00100933
0.00131848
0.00162643
0.00194393
0.00226142
0.0025681
0.00288194
0.00319694
0.0035155
0.00382564
0.00413574
0.00445896
0.00476298
0.00507773
0.00539242
0.00570466
0.00602402
0.00633016
0.00664341
0.00696496
0.00727209
0.00758393
0.00789927
0.00821453
0.00852732
0.00883167
0.00914547
0.00946514
0.00977637
0.0100815
0.0103914
0.0107106
0.0110214
0.0113345
0.011638
0.0119591
0.01226
0.0125797
0.0128862
0.0131998
0.0135108
0.0138169
0.0141324
0.0144359
0.014744
0.0150579
0.0153668
0.0156792
0.0159855
0.0162952
0.0166082
0.0169129
0.0172209
0.0175417
0.0178458
0.0181521
0.0184641
0.0187724
0.0190746
0.0193848
0.0196878
0.019993
0.0203085
0.0206133
0.020919
0.021228
0.021531
0.0218361
0.0221398
0.0224515
0.0227501
0.0230624
0.0233676
0.0236725
0.023976
0.0242758
0.0245834
0.0248816
0.0251922
0.0254957
0.0258
0.0260948
0.026394
0.0267045
0.0269986
0.0272993
0.0276032
0.0279045
0.0282102
0.0285109
0.0288091
0.0291093
0.0294046
0.0297042
0.0300036
0.0303071
0.030607
0.0308985
0.0312046
0.0314967
0.031793
0.0320902
0.0323848
0.0326824
0.0329797
0.0332745
0.0335756
0.0338641
0.0341578
0.0344546
0.0347442
0.035047
0.0353327
0.0356325
0.0359163
0.0362088
0.0365042
0.0367925
0.0370894
0.0373815
0.0376687
0.0379634
0.0382443
0.0385426
0.0388295
0.0391127
0.0394076
0.0396933
0.0399731
0.0402701
0.0405557
0.0408365
0.0411191
0.0414068
0.0416941
0.0419787
0.0422565
0.0425414
0.0428259
0.0431153
0.0433882
0.0436725
0.043952
0.0442419
0.0445162
0.0447977
0.045084
0.0453528
0.0456383
0.0459189
0.046196
0.0464673
0.0467413
0.0470276
0.0472965
0.0475733
0.0478507
0.0481225
0.0483947
0.0486697
0.0489431
0.0492171
0.0494874
0.0497583
0.0500371
0.050308
0.0505785
0.0508412
0.0511168
0.0513806
0.0516532
0.051918
0.0521895
0.0524554
0.0527197
0.0529865
0.0532458
0.0535076
0.0537789
0.0540416
0.0543048
0.0545664
0.0548236
0.0550921
0.0553561
0.0556136
0.0558676
0.0561319
0.0563868
0.0566431
0.0569066
0.0571589
0.0574213
0.0576704
0.0579288
0.0581788
0.0584389
0.0586858
0.0589437
0.0591991
0.0594434
0.0596957
0.0599493
0.0601947
0.0604453
0.0606971
0.0609407
0.0611951
0.0614357
0.0616832
0.0619338
0.0621782
0.0624219
0.0626642
0.0629048
0.0631533
0.0633918
0.0636297
0.063878
0.0641165
0.064358
0.064598
0.0648336
0.0650723
0.065304
0.065545
0.0657808
0.0660115
0.0662505
0.0664773
0.0667105
0.066943
0.067182
0.0674106
0.0676376
0.0678675
0.0680985
0.0683288
0.0685566
0.0687812
0.0690103
0.0692327
0.0694578
0.0696831
0.0699077
0.0701248
0.0703472
0.0705706
0.0707949
0.0710118
0.0712323
0.0714503
0.0716701
0.0718843
0.0721051
0.0723195
0.0725348
0.0727469
0.0729641
0.0731772
0.0733864
0.0735997
0.0738115
0.0740225
0.0742328
0.0744384
0.0746472
0.0748498
0.0750626
0.0752645
0.0754711
0.0756716
0.0758744
0.0760818
0.0762831
0.076486
0.0766804
0.0768848
0.0770792
0.077279
0.0774781
0.077671
0.0778685
0.0780615
0.0782619
0.0784496
0.0786447
0.0788383
0.079031
0.0792187
0.0794062
0.0795945
0.0797884
0.0799694
0.0801553
0.0803453
0.0805318
0.0807132
0.0808959
0.0810806
0.0812624
0.0814379
0.081625
0.0817996
0.0819809
0.0821553
0.0823316
0.0825077
0.0826831
0.0828589
0.0830333
0.0832074
0.0833795
0.0835461
0.0837172
0.0838861
0.0840568
0.0842254
0.0843931
0.0845555
0.0847253
0.0848849
0.0850517
0.0852146
0.0853742
0.085536
0.085697
0.0858565
0.0860157
0.0861711
0.0863293
0.0864842
0.0866371
0.0867915
0.0869497
0.0871012
0.087253
0.0874005
0.0875517
0.0876998
0.0878487
0.0879996
0.0881417
0.0882902
0.088434
0.0885801
0.0887189
0.0888649
0.0890047
0.0891435
0.0892826
0.0894255
0.0895591
0.0896992
0.0898337
0.0899694
0.0901001
0.0902365
0.0903705
0.0904986
0.0906323
0.0907621
0.090887
0.0910151
0.0911456
0.0912674
0.0913942
0.0915195
0.0916412
0.0917633
0.0918887
0.0920053
0.0921252
0.0922437
0.0923649
0.0924816
0.0925982
0.0927122
0.0928279
0.0929383
0.0930517
0.0931651
0.0932728
0.0933826
0.0934915
0.093599
0.0937089
0.0938149
0.0939197
0.0940211
0.0941268
0.094228
0.0943294
0.0944299
0.0945283
0.0946292
0.094724
0.0948229
0.0949166
0.0950125
0.0951068
0.0952009
0.0952902
0.095381
0.0954732
0.0955614
0.0956504
0.0957371
0.0958244
0.0959083
0.0959931
0.096077
0.0961592
0.0962397
0.0963225
0.096402
0.0964804
0.0965595
0.0966349
0.0967093
0.096786
0.0968601
0.0969312
0.0970052
0.0970747
0.0971462
0.0972154
0.0972842
0.0973507
0.0974173
0.0974812
0.0975454
0.0976088
0.097673
0.0977326
0.0977941
0.0978537
0.097912
0.0979703
0.0980257
0.0980819
0.098137
0.0981898
0.0982436
0.0982954
0.0983449
0.0983955
0.0984445
0.0984915
0.0985399
0.098585
0.09863
0.098674
0.0987173
0.0987595
0.0988011
0.0988398
0.0988792
0.0989178
0.0989548
0.0989912
0.0990262
0.0990602
0.0990942
0.0991266
0.0991569
0.0991878
0.0992167
0.0992455
0.0992726
0.0992992
0.0993246
0.099349
0.0993723
0.0993954
0.0994168
0.0994374
0.0994563
0.0994747
0.0994928
0.0995091
0.0995252
0.0995395
0.0995531
0.0995657
0.0995773
0.099588
0.0995978
0.0996065
0.0996141
0.0996209
0.0996266
0.0996315
0.0996352
0.099638
0.0996399
0.0996407
0.0996406
0.0996394
0.0996373
0.0996343
0.0996301
0.0996251
0.099619
0.0996121
0.0996041
0.0995951
0.099585
0.0995741
0.0995622
0.0995492
0.0995352
0.0995203
0.0995045
0.0994879
0.0994695
0.0994507
0.099431
0.0994102
0.0993889
0.0993661
0.0993425
0.0993172
0.0992916
0.099265
0.0992371
0.0992083
0.0991792
0.0991485
0.0991168
0.0990848
0.0990516
0.0990163
0.0989805
0.0989447
0.0989072
0.0988688
0.0988291
0.0987893
0.0987479
0.0987054
0.0986624
0.0986179
0.0985731
0.0985258
0.098478
0.0984311
0.098381
0.0983312
0.0982809
0.0982276
0.0981755
0.0981217
0.0980667
0.0980098
0.0979544
0.0978947
0.0978363
0.0977766
0.0977151
0.0976533
0.097591
0.097527
0.0974626
0.0973977
0.0973311
0.097264
0.0971947
0.0971265
0.0970544
0.0969849
0.0969103
0.0968373
0.0967635
0.096688
0.0966121
0.0965349
0.0964568
0.0963777
0.0962995
0.0962186
0.0961341
0.0960515
0.0959693
0.0958845
0.0958001
0.0957125
0.0956262
0.0955373
0.0954478
0.095357
0.095266
0.0951712
0.0950811
0.0949844
0.0948921
0.0947953
0.0946983
0.0946
0.0945011
0.0943997
0.0943012
0.0941984
0.0940961
0.0939926
0.0938893
0.0937835
0.0936759
0.0935711
0.0934621
0.0933517
0.0932416
0.0931307
0.0930179
0.0929085
0.0927948
0.0926775
0.0925642
0.0924482
0.0923285
0.0922134
0.0920937
0.0919713
0.0918498
0.0917292
0.0916078
0.0914821
0.0913603
0.0912314
0.0911059
0.090979
0.0908517
0.0907206
0.090591
0.090464
0.0903291
0.0901984
0.0900633
0.0899282
0.0897933
0.0896585
0.0895193
0.0893849
0.0892448
0.0891071
0.0889616
0.0888243
0.0886824
0.0885379
0.0883937
0.0882497
0.0881043
0.0879574
0.0878097
0.0876606
0.0875077
0.0873585
0.087205
0.0870564
0.0869023
0.0867515
0.0865963
0.086439
0.0862832
0.086126
0.0859686
0.0858127
0.0856505
0.0854899
0.0853266
0.0851687
0.0850056
0.0848385
0.0846781
0.0845067
0.0843421
0.0841767
0.0840099
0.0838416
0.0836692
0.0835011
0.0833297
0.0831554
0.082981
0.082807
0.0826336
0.082456
0.0822796
0.0821065
0.0819251
0.0817483
0.08157
0.0813924
0.081209
0.0810235
0.0808428
0.0806577
0.0804796
0.0802887
0.0801019
0.079913
0.0797339
0.0795448
0.0793534
0.0791656
0.0789698
0.0787782
0.0785903
0.0783994
0.0781996
0.0780087
0.0778147
0.0776133
0.0774201
0.0772224
0.0770261
0.0768261
0.0766253
0.0764269
0.0762261
0.0760184
0.0758193
0.0756139
0.0754133
0.0752017
0.0749973
0.0747913
0.0745838
0.0743763
0.0741681
0.073956
0.0737496
0.0735408
0.0733224
0.073113
0.0729046
0.0726905
0.0724708
0.0722569
0.0720407
0.0718221
0.0716036
0.071386
0.0711661
0.0709539
0.070725
0.0705055
0.0702879
0.0700644
0.0698369
0.0696155
0.0693934
0.0691698
0.0689421
0.0687162
0.068488
0.0682573
0.0680303
0.0678062
0.0675699
0.0673392
0.0671086
0.0668792
0.0666482
0.0664148
0.0661826
0.0659434
0.0657107
0.0654792
0.0652371
0.0650007
0.0647664
0.0645241
0.0642876
0.064045
0.0638054
0.0635643
0.0633243
0.063081
0.0628408
0.0625906
0.0623473
0.0621089
0.0618569
0.0616108
0.061365
0.0611214
0.0608744
0.0606287
0.060372
0.0601251
0.0598786
0.0596248
0.0593704
0.059126
0.0588713
0.058619
0.0583662
0.0581059
0.0578509
0.0575982
0.057343
0.0570883
0.0568251
0.0565682
0.0563147
0.0560577
0.0557962
0.0555322
0.0552705
0.0550183
0.0547566
0.0544873
0.0542295
0.0539662
0.0537033
0.0534348
0.053177
0.0529085
0.0526425
0.0523729
0.0521079
0.0518444
0.0515753
0.0513078
0.0510387
0.0507629
0.050498
0.0502253
0.0499563
0.0496847
0.0494074
0.0491442
0.0488701
0.0485903
0.0483246
0.0480501
0.0477699
0.0474923
0.0472248
0.046941
0.0466631
0.0463942
0.0461101
0.0458307
0.0455606
0.0452814
0.0450018
0.0447143
0.0444391
0.0441571
0.04388
0.0435971
0.0433084
0.0430247
0.042748
0.0424591
0.0421773
0.0418973
0.0416125
0.0413273
0.0410406
0.0407557
0.0404693
0.0401813
0.0398963
0.0396065
0.0393207
0.0390312
0.0387446
0.0384554
0.0381647
0.0378737
0.0375834
0.0372971
0.0370049
0.0367146
0.0364262
0.036134
0.0358348
0.0355419
0.0352498
0.0349562
0.034669
0.0343669
0.0340723
0.0337841
0.0334854
0.0331875
0.0328984
0.0325964
0.0323078
0.0320086
0.0317091
0.0314172
0.0311182
0.0308177
0.0305181
0.0302204
0.0299236
0.0296231
0.0293257
0.0290246
0.0287277
0.028418
0.0281183
0.0278252
0.0275238
0.027221
0.0269214
0.0266111
0.0263178
0.0260151
0.0257121
0.0254065
0.025096
0.0247992
0.0244894
0.024184
0.0238853
0.0235829
0.0232826
0.0229716
0.0226673
0.0223593
0.0220522
0.021752
0.0214456
0.0211391
0.0208312
0.0205207
0.0202135
0.0199062
0.0195916
0.0192955
0.018984
0.0186806
0.0183746
0.0180626
0.0177598
0.017445
0.0171347
0.0168231
0.0165244
0.0162125
0.0159004
0.015594
0.015284
0.0149702
0.0146622
0.0143494
0.0140399
0.0137339
0.0134241
0.0131131
0.0127936
0.0124918
0.012172
0.011858
0.0115571
0.0112369
0.010925
0.0106189
0.0103068
0.00998857
0.00968576
0.00936377
0.00906076
0.00874813
0.00843301
0.0081202
0.00780611
0.00749791
0.00717649
0.00687053
0.00655853
0.00624287
0.00592595
0.00562212
0.00530029
0.00499396
0.00468159
0.00436798
0.00405193
0.00373464
0.00342449
0.00310831
0.0027909
0.00247706
0.00216438
0.00185168
0.00154135
0.00122382
0.000909866
0.000599494
0.000287914
-2.96641e-05
-0.000341253
-0.000657636
-0.000972818
-0.00127841
-0.00159957
-0.00190633
-0.00222027
-0.00254138
-0.00285409
-0.00315838
-0.00347343
-0.00379563
-0.00409983
-0.00442316
-0.00472729
-0.00504335
-0.00536175
-0.00567652
-0.00598285
-0.0063011
-0.00661211
-0.00692665
-0.00723753
-0.00755433
-0.00786627
-0.00816977
-0.00849351
-0.00880522
-0.00911327
-0.00942601
-0.00973866
-0.0100524
-0.0103625
-0.0106796
-0.0109883
-0.0113028
-0.0116054
-0.0119197
-0.0122315
-0.0125515
-0.0128524
-0.0131674
-0.0134788
-0.0137912
-0.0141022
-0.0144073
-0.0147169
-0.0150263
-0.0153392
-0.0156543
-0.0159669
-0.0162711
-0.0165798
-0.0168872
-0.0171956
-0.0175145
-0.0178143
-0.0181316
-0.0184417
-0.0187398
-0.0190483
-0.0193602
-0.0196696
-0.0199799
-0.0202818
-0.0205859
-0.0208956
-0.0212063
-0.0215145
-0.0218236
-0.022122
-0.0224319
-0.0227403
-0.0230392
-0.0233438
-0.0236481
-0.0239615
-0.0242676
-0.0245619
-0.0248769
-0.0251754
-0.0254771
-0.0257809
-0.0260914
-0.0263924
-0.0266885
-0.0269935
-0.0272995
-0.027596
-0.0278968
-0.0282008
-0.0285011
-0.0288
-0.0291043
-0.0294038
-0.0297052
-0.0300041
-0.0303004
-0.0306078
-0.0309069
-0.0311978
-0.0315009
-0.0317968
-0.0320924
-0.0323912
-0.0326873
-0.0329854
-0.0332877
-0.0335807
-0.0338687
-0.0341712
-0.0344654
-0.0347592
-0.0350584
-0.0353437
-0.0356399
-0.0359347
-0.0362324
-0.0365186
-0.0368112
-0.0371012
-0.0373997
-0.0376867
-0.0379767
-0.0382674
-0.0385589
-0.0388489
-0.0391418
-0.039431
-0.0397111
-0.0400006
-0.0402909
-0.0405797
-0.0408691
-0.0411505
-0.0414403
-0.0417242
-0.0420131
-0.0422983
-0.0425756
-0.04286
-0.0431429
-0.0434308
-0.0437129
-0.0439913
-0.0442822
-0.0445652
-0.0448369
-0.0451276
-0.0454006
-0.0456829
-0.0459647
-0.0462375
-0.0465152
-0.0467946
-0.0470714
-0.0473466
-0.0476267
-0.0479095
-0.0481845
-0.0484547
-0.0487266
-0.0490085
-0.0492805
-0.0495531
-0.049822
-0.0500999
-0.050371
-0.0506416
-0.0509117
-0.0511793
-0.0514474
-0.0517253
-0.0519862
-0.0522631
-0.0525281
-0.0527978
-0.0530578
-0.0533304
-0.0535914
-0.0538539
-0.054123
-0.0543885
-0.0546534
-0.0549108
-0.0551737
-0.055438
-0.0556988
-0.0559611
-0.0562198
-0.05648
-0.0567396
-0.0569966
-0.057262
-0.057514
-0.0577783
-0.0580341
-0.0582903
-0.0585362
-0.058801
-0.0590497
-0.0593046
-0.0595599
-0.0598088
-0.06006
-0.0603173
-0.0605655
-0.0608159
-0.0610657
-0.0613139
-0.0615616
-0.0618096
-0.0620598
-0.062301
-0.0625453
-0.0627909
-0.0630377
-0.0632821
-0.0635258
-0.0637661
-0.0640086
-0.0642514
-0.0644935
-0.064735
-0.0649732
-0.0652125
-0.0654494
-0.0656883
-0.0659302
-0.0661616
-0.0664031
-0.0666313
-0.0668661
-0.0671003
-0.0673364
-0.0675675
-0.0677997
-0.0680303
-0.0682611
-0.0684939
-0.0687234
-0.0689531
-0.069176
-0.0694087
-0.0696294
-0.0698616
-0.070087
-0.0703117
-0.070534
-0.0707557
-0.0709775
-0.0711994
-0.0714224
-0.0716446
-0.0718586
-0.0720761
-0.0722987
-0.0725132
-0.0727352
-0.0729523
-0.0731671
-0.0733819
-0.0735912
-0.0738071
-0.0740182
-0.0742326
-0.0744439
-0.0746536
-0.074861
-0.0750685
-0.0752784
-0.075486
-0.0756913
-0.0759029
-0.076102
-0.0763059
-0.0765129
-0.0767145
-0.0769168
-0.0771215
-0.0773216
-0.0775225
-0.0777165
-0.0779143
-0.0781137
-0.0783092
-0.0785063
-0.078704
-0.0788973
-0.0790935
-0.0792845
-0.0794806
-0.0796663
-0.0798572
-0.0800473
-0.0802366
-0.0804265
-0.0806157
-0.080799
-0.0809887
-0.0811719
-0.0813558
-0.0815388
-0.0817225
-0.0819067
-0.0820853
-0.0822624
-0.0824448
-0.0826251
-0.0828053
-0.0829785
-0.083157
-0.0833327
-0.0835075
-0.0836769
-0.0838501
-0.0840245
-0.0841941
-0.0843668
-0.0845374
-0.0847065
-0.084876
-0.0850389
-0.0852062
-0.0853744
-0.08554
-0.0856984
-0.085866
-0.086029
-0.0861863
-0.0863476
-0.0865105
-0.0866659
-0.0868288
-0.0869807
-0.0871384
-0.0872928
-0.0874481
-0.087602
-0.0877545
-0.0879067
-0.088058
-0.0882084
-0.0883568
-0.0885056
-0.0886562
-0.0888037
-0.0889509
-0.0890906
-0.0892394
-0.0893823
-0.08952
-0.0896639
-0.0898031
-0.0899441
-0.0900864
-0.0902214
-0.0903613
-0.0904941
-0.0906297
-0.0907643
-0.0908991
-0.0910309
-0.0911639
-0.091295
-0.0914247
-0.0915554
-0.0916848
-0.0918093
-0.0919359
-0.092063
-0.0921878
-0.0923112
-0.0924313
-0.0925543
-0.0926755
-0.0927962
-0.0929151
-0.0930326
-0.0931519
-0.0932689
-0.0933815
-0.0934967
-0.0936136
-0.0937252
-0.093838
-0.093947
-0.0940572
-0.0941668
-0.0942768
-0.0943825
-0.0944902
-0.0945937
-0.0946967
-0.0948032
-0.0949028
-0.0950058
-0.095109
-0.095207
-0.0953053
-0.0954041
-0.0955009
-0.0955989
-0.0956906
-0.0957871
-0.0958787
-0.0959739
-0.0960627
-0.0961543
-0.0962452
-0.0963312
-0.096419
-0.0965081
-0.0965936
-0.0966778
-0.0967624
-0.0968457
-0.0969277
-0.0970081
-0.097088
-0.0971677
-0.0972448
-0.0973206
-0.0973972
-0.0974746
-0.0975467
-0.0976221
-0.097693
-0.0977664
-0.0978361
-0.0979047
-0.0979749
-0.0980426
-0.098108
-0.0981748
-0.0982381
-0.0983017
-0.0983641
-0.0984277
-0.0984886
-0.098547
-0.0986065
-0.0986641
-0.0987218
-0.0987773
-0.0988335
-0.0988868
-0.098939
-0.0989928
-0.0990442
-0.0990943
-0.0991436
-0.0991907
-0.0992379
-0.0992844
-0.0993309
-0.0993753
-0.0994183
-0.0994607
-0.0995024
-0.0995423
-0.0995816
-0.0996206
-0.0996588
-0.0996955
-0.09973
-0.0997646
-0.0997987
-0.099831
-0.099863
-0.0998939
-0.0999235
-0.099952
-0.0999804
-0.100007
-0.100033
-0.100057
-0.100081
-0.100104
-0.100126
-0.100147
-0.100167
-0.100186
-0.100204
-0.100221
-0.100237
-0.100252
-0.100266
-0.100279
-0.100291
-0.100302
-0.100312
-0.100322
-0.10033
-0.100337
-0.100343
-0.100348
-0.100352
-0.100355
-0.100358
-0.100359
-0.100359
-0.100358
-0.100357
-0.100354
-0.10035
-0.100346
-0.10034
-0.100333
-0.100326
-0.100317
-0.100308
-0.100297
-0.100286
-0.100273
-0.10026
-0.100245
-0.10023
-0.100213
-0.100195
-0.100177
-0.100158
-0.100138
-0.100116
-0.100094
-0.10007
-0.100046
-0.100021
-0.0999946
-0.0999674
-0.0999388
-0.09991
-0.0998795
-0.0998479
-0.0998159
-0.0997825
-0.0997486
-0.0997139
-0.0996782
-0.0996413
-0.0996032
-0.0995637
-0.0995239
-0.0994829
-0.0994406
-0.0993985
-0.0993546
-0.0993099
-0.099264
-0.099217
-0.0991696
-0.09912
-0.0990695
-0.0990201
-0.098968
-0.0989151
-0.0988621
-0.0988064
-0.0987521
-0.0986947
-0.0986367
-0.0985787
-0.0985206
-0.0984592
-0.098398
-0.0983354
-0.0982733
-0.0982088
-0.0981426
-0.0980761
-0.0980086
-0.0979423
-0.0978716
-0.0978029
-0.0977313
-0.0976604
-0.0975878
-0.0975139
-0.0974382
-0.0973632
-0.0972847
-0.0972082
-0.0971292
-0.0970511
-0.0969696
-0.0968865
-0.0968059
-0.0967212
-0.0966368
-0.0965514
-0.0964674
-0.0963789
-0.0962907
-0.0962026
-0.0961132
-0.0960215
-0.0959303
-0.0958349
-0.095744
-0.0956485
-0.0955535
-0.095455
-0.0953593
-0.0952597
-0.0951606
-0.0950602
-0.09496
-0.0948562
-0.0947546
-0.0946501
-0.0945467
-0.0944379
-0.094331
-0.0942228
-0.0941144
-0.0940051
-0.093895
-0.0937835
-0.0936736
-0.0935607
-0.0934442
-0.0933313
-0.0932143
-0.0930973
-0.0929789
-0.0928578
-0.0927398
-0.0926219
-0.0924971
-0.0923775
-0.0922503
-0.0921274
-0.0920027
-0.0918771
-0.0917496
-0.0916246
-0.0914943
-0.0913642
-0.0912321
-0.0911041
-0.0909717
-0.0908374
-0.0907048
-0.0905698
-0.0904297
-0.090297
-0.0901567
-0.0900196
-0.0898817
-0.0897414
-0.0896007
-0.0894548
-0.089315
-0.0891673
-0.0890253
-0.0888802
-0.0887332
-0.0885875
-0.0884358
-0.0882896
-0.088139
-0.0879876
-0.0878394
-0.0876851
-0.0875299
-0.0873738
-0.087224
-0.0870686
-0.08691
-0.0867493
-0.0865937
-0.0864362
-0.0862765
-0.0861105
-0.0859517
-0.0857914
-0.0856278
-0.0854602
-0.0852961
-0.0851287
-0.0849662
-0.084792
-0.0846278
-0.0844597
-0.0842881
-0.0841169
-0.0839457
-0.0837696
-0.0835946
-0.0834215
-0.0832496
-0.0830722
-0.0828954
-0.082719
-0.0825433
-0.0823633
-0.0821811
-0.0819975
-0.0818157
-0.0816339
-0.0814492
-0.0812692
-0.081085
-0.0808972
-0.0807107
-0.0805255
-0.0803381
-0.0801507
-0.0799596
-0.0797721
-0.0795757
-0.0793896
-0.0791917
-0.0789973
-0.0788015
-0.0786131
-0.078418
-0.0782168
-0.0780194
-0.077825
-0.0776238
-0.0774271
-0.0772236
-0.0770277
-0.0768181
-0.0766223
-0.0764173
-0.0762122
-0.0760081
-0.0758008
-0.0755951
-0.0753887
-0.0751831
-0.0749696
-0.0747586
-0.07455
-0.0743416
-0.0741267
-0.073916
-0.073707
-0.0734907
-0.0732787
-0.0730618
-0.0728459
-0.0726284
-0.0724168
-0.0721979
-0.0719741
-0.0717605
-0.071537
-0.0713152
-0.0710945
-0.0708739
-0.0706492
-0.0704247
-0.070202
-0.0699821
-0.0697495
-0.0695291
-0.0693011
-0.0690725
-0.068844
-0.0686166
-0.0683895
-0.0681564
-0.0679226
-0.0676952
-0.0674601
-0.0672234
-0.0669895
-0.0667578
-0.066529
-0.0662878
-0.0660505
-0.0658143
-0.0655757
-0.0653428
-0.0651066
-0.0648633
-0.0646222
-0.0643776
-0.0641453
-0.0638949
-0.0636511
-0.0634087
-0.0631656
-0.0629275
-0.0626794
-0.0624354
-0.0621833
-0.0619409
-0.0616904
-0.0614431
-0.0611932
-0.0609456
-0.0606955
-0.0604429
-0.0601945
-0.0599407
-0.059694
-0.0594362
-0.0591835
-0.0589293
-0.0586755
-0.0584211
-0.0581642
-0.0579116
-0.0576516
-0.057396
-0.0571378
-0.05688
-0.0566128
-0.0563619
-0.0560975
-0.0558395
-0.055579
-0.05532
-0.0550584
-0.0547902
-0.0545326
-0.0542603
-0.0540007
-0.0537374
-0.0534706
-0.0532084
-0.0529314
-0.0526681
-0.0523972
-0.0521288
-0.0518671
-0.0515988
-0.0513289
-0.0510575
-0.0507814
-0.0505172
-0.0502454
-0.0499678
-0.049696
-0.0494205
-0.0491519
-0.0488786
-0.0486028
-0.0483244
-0.0480476
-0.0477756
-0.0475021
-0.0472175
-0.0469389
-0.046665
-0.0463854
-0.0461107
-0.045826
-0.0455546
-0.0452733
-0.0449914
-0.0447135
-0.0444307
-0.0441498
-0.0438683
-0.0435843
-0.0432988
-0.0430129
-0.0427363
-0.0424517
-0.0421623
-0.0418725
-0.0415866
-0.0413091
-0.0410159
-0.0407266
-0.0404447
-0.0401513
-0.039873
-0.0395755
-0.0392931
-0.0389982
-0.0387161
-0.0384226
-0.0381354
-0.0378423
-0.0375521
-0.0372638
-0.0369718
-0.0366772
-0.0363789
-0.036087
-0.0357935
-0.0354986
-0.0352123
-0.0349201
-0.0346174
-0.0343245
-0.0340256
-0.0337389
-0.0334416
-0.0331474
-0.0328461
-0.0325444
-0.0322515
-0.0319583
-0.0316603
-0.0313585
-0.0310655
-0.0307631
-0.0304627
-0.0301597
-0.0298644
-0.029562
-0.029265
-0.0289631
-0.0286644
-0.0283631
-0.0280592
-0.0277574
-0.0274553
-0.0271518
-0.0268561
-0.0265508
-0.0262465
-0.0259431
-0.0256441
-0.0253425
-0.0250291
-0.0247247
-0.024427
-0.0241151
-0.0238193
-0.023507
-0.0232084
-0.0229015
-0.0225978
-0.0222822
-0.0219769
-0.0216773
-0.0213728
-0.0210575
-0.020749
-0.0204427
-0.020135
-0.0198306
-0.019519
-0.019219
-0.0189082
-0.0186019
-0.0182872
-0.0179865
-0.0176774
-0.0173657
-0.0170597
-0.0167406
-0.0164367
-0.0161232
-0.0158154
-0.0155027
-0.0151958
-0.0148829
-0.0145781
-0.0142696
-0.0139503
-0.0136439
-0.0133362
-0.0130248
-0.0127133
-0.0123993
-0.0120899
-0.0117732
-0.0114613
-0.0111492
-0.0108346
-0.0105234
-0.0102206
-0.0099033
-0.00959309
-0.0092792
-0.00897
-0.00864878
-0.00833822
-0.00802759
-0.0077133
-0.00740251
-0.00708808
-0.00677238
-0.0064614
-0.00615395
-0.00583209
-0.00552812
-0.00521453
-0.00490089
-0.0045872
-0.00427108
-0.00395851
-0.00364351
-0.00332489
-0.00301462
-0.00269954
-0.00238443
-0.00207648
-0.00176254
-0.00144857
-0.0011382
-0.000818224
-0.000504239
-0.000192649
0.000115344
0.000436514
0.000750487
0.00106325
0.0013772
0.00168514
0.00200504
0.00231653
0.00262919
0.00293823
0.00325802
0.00357058
0.0038879
0.00420278
0.00450804
0.00481804
0.00513995
0.00545224
0.00576686
0.00608023
0.00639353
0.00670318
0.00701754
0.00732944
0.00763649
0.00794824
0.00826707
0.00858103
0.0088973
0.00920035
0.00951404
0.0098336
0.0101364
0.0104545
0.010763
0.0110762
0.0113869
0.0117022
0.0120139
0.0123242
0.012632
0.0129421
0.013258
0.0135618
0.0138774
0.0141834
0.014494
0.0148032
0.0151123
0.0154307
0.0157348
0.0160434
0.0163602
0.016659
0.0169742
0.0172787
0.0175959
0.0178953
0.0182074
0.0185123
0.0188288
0.0191263
0.0194436
0.019743
0.0200575
0.020366
0.0206719
0.020974
0.0212795
0.0215813
0.0218945
0.0221935
0.0225063
0.0228072
0.0231114
0.0234165
0.0237225
0.0240283
0.0243304
0.0246415
0.0249407
0.0252397
0.0255478
0.0258509
0.0261561
0.0264587
0.0267587
0.0270574
0.0273615
0.0276607
0.0279609
0.0282596
0.0285672
0.0288584
0.0291631
0.029463
0.0297671
0.0300584
0.0303596
0.0306548
0.03096
0.0312546
0.031549
0.0318532
0.0321423
0.0324482
0.0327344
0.0330317
0.0333309
0.0336297
0.0339192
0.034214
0.0345085
0.0348003
0.0351008
0.0353853
0.0356783
0.0359722
0.0362679
0.0365576
0.0368548
0.037145
0.0374281
0.0377186
0.0380087
0.0383007
0.0385868
0.0388758
0.0391611
0.0394548
0.0397394
0.0400312
0.0403193
0.0406071
0.0408911
0.0411715
0.041458
0.0417441
0.0420308
0.0423183
0.0425988
0.0428767
0.0431682
0.0434475
0.0437263
0.0440057
0.0442933
0.0445709
0.0448522
0.045131
0.045404
0.0456915
0.0459625
0.0462469
0.0465192
0.0467963
0.0470782
0.0473533
0.047628
0.0479043
0.0481759
0.048445
0.0487188
0.0489984
0.049266
0.0495404
0.0498143
0.0500795
0.0503576
0.0506187
0.0508947
0.0511589
0.0514329
0.0516992
0.0519681
0.0522354
0.0524981
0.0527644
0.0530362
0.0532923
0.0535631
0.0538262
0.0540848
0.054351
0.0546145
0.0548745
0.055139
0.0553989
0.0556553
0.0559151
0.0561744
0.0564312
0.0566903
0.0569508
0.0572089
0.0574594
0.0577153
0.0579716
0.0582235
0.0584854
0.0587322
0.0589852
0.0592396
0.0594924
0.0597455
0.0599952
0.0602443
0.0604919
0.0607426
0.0609862
0.0612404
0.061479
0.0617339
0.0619788
0.0622174
0.0624658
0.0627088
0.062955
0.0631986
0.0634398
0.0636776
0.0639193
0.0641559
0.0644009
0.0646399
0.0648736
0.0651131
0.0653501
0.0655901
0.0658249
0.0660519
0.0662907
0.0665218
0.0667549
0.0669909
0.0672209
0.067452
0.0676842
0.0679131
0.068136
0.068368
0.0685922
0.0688253
0.0690491
0.0692714
0.0695016
0.069725
0.0699444
0.070169
0.0703896
0.070612
0.0708295
0.0710546
0.0712741
0.0714928
0.0717117
0.0719224
0.0721398
0.0723549
0.0725693
0.0727862
0.0729999
0.0732129
0.0734261
0.0736368
0.0738493
0.0740602
0.0742663
0.0744782
0.0746852
0.07489
0.0750933
0.0753021
0.0755071
0.0757105
0.0759108
0.0761158
0.0763162
0.0765174
0.0767163
0.0769175
0.0771171
0.0773191
0.0775164
0.07771
0.0779051
0.0781016
0.0782944
0.0784894
0.0786807
0.0788726
0.0790624
0.0792549
0.0794424
0.0796298
0.0798199
0.0800036
0.0801901
0.0803765
0.080562
0.0807475
0.0809273
0.0811098
0.0812908
0.0814716
0.0816558
0.0818351
0.0820121
0.0821904
0.0823679
0.0825392
0.0827144
0.0828895
0.083063
0.0832351
0.0834103
0.0835774
0.083749
0.0839178
0.084087
0.0842516
0.0844223
0.0845859
0.0847505
0.0849156
0.0850773
0.0852444
0.0854056
0.085566
0.0857226
0.0858868
0.0860411
0.0862023
0.0863591
0.0865109
0.086666
0.0868202
0.0869754
0.0871262
0.0872778
0.0874315
0.0875774
0.087731
0.0878775
0.088022
0.0881679
0.0883152
0.0884615
0.0886037
0.0887472
0.0888893
0.0890315
0.0891681
0.0893075
0.0894461
0.0895869
0.08972
0.0898559
0.0899925
0.0901256
0.0902588
0.0903902
0.0905246
0.0906522
0.0907843
0.0909111
0.0910374
0.0911649
0.0912924
0.0914175
0.0915427
0.091666
0.0917885
0.091909
0.0920301
0.0921475
0.0922668
0.0923855
0.0925029
0.0926163
0.0927332
0.0928466
0.092959
0.093074
0.0931841
0.0932943
0.0934039
0.093513
0.0936215
0.0937255
0.0938331
0.0939369
0.0940413
0.0941468
0.0942451
0.0943487
0.0944471
0.094548
0.0946472
0.0947447
0.0948398
0.0949366
0.0950316
0.0951247
0.0952154
0.0953101
0.0953996
0.0954893
0.095577
0.0956658
0.0957543
0.0958392
0.0959245
0.0960088
0.0960922
0.0961746
0.0962548
0.0963357
0.0964174
0.0964942
0.0965713
0.0966497
0.0967249
0.0968
0.0968735
0.0969469
0.097018
0.0970895
0.0971577
0.0972272
0.0972948
0.0973622
0.0974286
0.0974933
0.0975578
0.0976208
0.0976824
0.0977438
0.0978053
0.0978645
0.0979216
0.0979802
0.0980358
0.0980911
0.0981474
0.0981993
0.0982521
0.0983042
0.0983554
0.098405
0.0984537
0.0985018
0.0985475
0.0985935
0.098638
0.098682
0.0987254
0.0987668
0.0988076
0.0988475
0.0988865
0.0989244
0.0989618
0.0989983
0.0990331
0.0990662
0.0990998
0.0991316
0.0991626
0.0991927
0.0992228
0.0992502
0.0992775
0.0993033
0.0993293
0.0993532
0.0993764
0.099399
0.0994202
0.0994406
0.0994598
0.0994785
0.0994958
0.0995122
0.0995276
0.0995424
0.0995557
0.099568
0.0995795
0.09959
0.0995993
0.0996078
0.0996155
0.0996221
0.0996275
0.0996321
0.0996358
0.0996385
0.0996401
0.0996408
0.0996404
0.0996391
0.0996368
0.0996336
0.0996292
0.0996241
0.0996178
0.0996106
0.0996026
0.0995933
0.0995833
0.0995721
0.0995599
0.0995467
0.0995325
0.0995174
0.0995012
0.0994841
0.0994665
0.0994473
0.0994278
0.0994066
0.0993844
0.0993616
0.0993378
0.0993123
0.0992871
0.0992595
0.0992321
0.0992028
0.0991736
0.0991425
0.0991109
0.0990787
0.0990449
0.0990101
0.0989747
0.0989371
0.0988992
0.0988619
0.0988219
0.0987814
0.0987394
0.0986973
0.0986532
0.0986083
0.0985637
0.0985169
0.0984695
0.0984212
0.0983719
0.0983213
0.0982714
0.0982191
0.0981653
0.098111
0.0980554
0.0979999
0.0979423
0.0978847
0.0978251
0.0977655
0.0977055
0.0976435
0.0975801
0.0975155
0.0974519
0.0973855
0.0973187
0.0972513
0.0971831
0.0971129
0.0970412
0.0969709
0.0968986
0.0968249
0.0967507
0.096675
0.0965995
0.0965221
0.0964424
0.0963646
0.0962832
0.0962036
0.0961193
0.0960388
0.0959551
0.0958702
0.0957814
0.0956972
0.095608
0.09552
0.09543
0.0953397
0.0952478
0.095156
0.0950614
0.0949678
0.0948728
0.0947776
0.0946812
0.0945808
0.094484
0.0943848
0.0942831
0.0941804
0.0940772
0.0939743
0.0938712
0.0937636
0.0936555
0.0935522
0.0934426
0.0933337
0.0932226
0.0931124
0.0929982
0.0928869
0.0927713
0.0926582
0.0925447
0.0924254
0.0923092
0.0921898
0.0920722
0.0919506
0.0918298
0.0917082
0.0915861
0.0914603
0.091334
0.0912088
0.091085
0.090958
0.0908291
0.0906988
0.0905685
0.0904379
0.0903054
0.0901725
0.0900397
0.089905
0.0897705
0.0896319
0.0894982
0.0893563
0.0892177
0.0890766
0.08894
0.0887939
0.0886556
0.0885105
0.088365
0.0882191
0.0880774
0.0879237
0.0877803
0.0876298
0.0874854
0.0873337
0.087183
0.0870308
0.0868783
0.0867226
0.0865684
0.0864134
0.0862575
0.0860965
0.0859395
0.0857811
0.0856218
0.0854623
0.0853019
0.0851376
0.0849712
0.0848127
0.0846427
0.0844795
0.0843128
0.0841473
0.083979
0.0838099
0.0836412
0.0834691
0.0832982
0.0831257
0.0829518
0.0827744
0.0826028
0.0824258
0.0822506
0.0820753
0.0818978
0.0817182
0.0815336
0.0813551
0.0811764
0.0809922
0.0808085
0.0806268
0.0804408
0.080254
0.0800678
0.0798865
0.0796944
0.0795059
0.079318
0.0791286
0.0789384
0.0787467
0.0785535
0.078358
0.0781655
0.0779759
0.0777789
0.0775818
0.0773854
0.0771876
0.0769882
0.0767873
0.0765902
0.0763862
0.0761837
0.0759844
0.0757835
0.0755749
0.0753687
0.075168
0.0749626
0.0747581
0.0745489
0.0743373
0.0741314
0.0739207
0.0737125
0.0734964
0.0732892
0.0730756
0.0728638
0.0726471
0.0724305
0.0722174
0.072001
0.0717839
0.0715653
0.0713451
0.0711326
0.070906
0.0706913
0.07047
0.0702497
0.070021
0.0698036
0.0695795
0.0693513
0.0691276
0.0689023
0.0686772
0.0684506
0.0682189
0.0679936
0.0677623
0.0675277
0.0673021
0.0670697
0.0668375
0.0666091
0.0663684
0.0661414
0.0659003
0.0656639
0.0654341
0.0651919
0.0649562
0.0647209
0.0644776
0.064241
0.0640028
0.063764
0.0635219
0.0632772
0.0630328
0.0627906
0.0625459
0.0623071
0.0620631
0.0618193
0.0615675
0.0613225
0.0610751
0.0608308
0.0605822
0.0603253
0.0600802
0.0598298
0.0595816
0.0593329
0.0590797
0.058826
0.0585726
0.0583138
0.0580592
0.0578051
0.0575552
0.0572941
0.0570412
0.0567828
0.0565278
0.0562673
0.0560112
0.0557496
0.0554834
0.0552237
0.0549654
0.0547036
0.0544422
0.0541853
0.0539189
0.0536539
0.0533924
0.0531284
0.0528557
0.0525896
0.052324
0.0520538
0.0517913
0.0515211
0.0512524
0.0509832
0.0507186
0.0504505
0.0501736
0.0499097
0.0496359
0.0493575
0.049088
0.0488148
0.0485391
0.048267
0.0479998
0.0477247
0.047446
0.0471721
0.0468924
0.0466134
0.0463402
0.0460612
0.0457882
0.0454999
0.0452323
0.0449463
0.0446672
0.0443898
0.0441088
0.0438263
0.0435379
0.0432642
0.0429761
0.0426951
0.0424158
0.0421328
0.041843
0.041557
0.041275
0.0409926
0.040701
0.0404135
0.0401287
0.0398469
0.0395516
0.0392657
0.0389772
0.0386938
0.038398
0.0381139
0.0378205
0.0375346
0.0372427
0.0369482
0.0366578
0.0363671
0.0360738
0.035789
0.0354882
0.0351949
0.0349103
0.034614
0.0343197
0.0340262
0.0337334
0.0334302
0.033139
0.0328328
0.0325432
0.0322511
0.0319553
0.0316591
0.0313626
0.0310613
0.0307574
0.0304611
0.0301611
0.0298619
0.029567
0.0292673
0.028965
0.0286681
0.0283698
0.0280689
0.0277689
0.0274663
0.0271576
0.0268579
0.0265637
0.0262589
0.0259515
0.0256508
0.0253463
0.0250497
0.0247447
0.0244395
0.0241329
0.0238295
0.0235247
0.023222
0.0229179
0.0226148
0.0223033
0.0219985
0.0216947
0.0213907
0.0210794
0.0207773
0.0204727
0.0201631
0.0198592
0.0195411
0.0192403
0.0189311
0.0186229
0.0183134
0.0180084
0.0177008
0.0173872
0.0170816
0.0167759
0.0164641
0.0161593
0.0158448
0.0155349
0.0152201
0.014911
0.0146042
0.0142889
0.0139794
0.0136769
0.0133636
0.0130478
0.0127473
0.01243
0.0121244
0.0118057
0.0114988
0.0111845
0.0108797
0.0105582
0.0102532
0.0099385
0.00962971
0.00930771
0.00899514
0.00868726
0.00837213
0.00806766
0.00774878
0.00744176
0.00712271
0.00681196
0.00650234
0.00618188
0.00586973
0.00555752
0.00524645
0.00493532
0.00461337
0.00430693
0.00399566
0.00367836
0.00336341
0.00305681
0.00274538
0.00242435
0.00211167
0.00179896
0.00148025
0.0011675
0.000852346
0.000546765
0.000226796
-7.87992e-05
-0.000392785
-0.000716359
-0.00102075
-0.00133952
-0.0016487
-0.00196265
-0.00228498
-0.0025929
-0.00291279
-0.00321588
-0.00353811
-0.00385072
-0.00415732
-0.00447106
-0.00478715
-0.00510081
-0.0054192
-0.00572558
-0.00604029
-0.00635493
-0.00666354
-0.00698524
-0.00729612
-0.0076117
-0.00792483
-0.00822832
-0.00854129
-0.00885538
-0.00917416
-0.00947733
-0.00979473
-0.0101049
-0.0104138
-0.0107273
-0.0110479
-0.0113552
-0.0116637
-0.011978
-0.0122946
-0.0125991
-0.0129154
-0.0132233
-0.0135334
-0.013847
-0.0141592
-0.0144666
-0.0147785
-0.0150927
-0.0153997
-0.0157041
-0.0160143
-0.0163302
-0.0166342
-0.0169415
-0.0172606
-0.0175617
-0.0178792
-0.0181894
-0.0184959
-0.0188046
-0.0191048
-0.0194214
-0.0197284
-0.0200363
-0.0203441
-0.0206469
-0.020959
-0.0212579
-0.0215707
-0.0218763
-0.0221863
-0.0224821
-0.0227952
-0.0230953
-0.0234032
-0.023711
-0.0240173
-0.0243153
-0.0246247
-0.0249303
-0.0252357
-0.0255316
-0.0258435
-0.0261389
-0.0264421
-0.0267463
-0.0270536
-0.0273561
-0.0276629
-0.0279602
-0.0282538
-0.0285598
-0.0288574
-0.0291594
-0.0294611
-0.029759
-0.0300613
-0.0303587
-0.0306626
-0.030956
-0.0312593
-0.0315555
-0.031848
-0.0321493
-0.0324502
-0.032744
-0.0330409
-0.0333364
-0.0336372
-0.0339275
-0.0342242
-0.0345228
-0.0348178
-0.0351033
-0.0354055
-0.0356938
-0.0359851
-0.0362805
-0.0365756
-0.0368625
-0.0371625
-0.0374475
-0.0377367
-0.0380355
-0.0383284
-0.0386099
-0.0389053
-0.0391982
-0.0394796
-0.0397661
-0.0400578
-0.0403447
-0.0406378
-0.0409195
-0.0412041
-0.0414894
-0.0417776
-0.0420621
-0.0423451
-0.0426277
-0.0429196
-0.0432025
-0.0434827
-0.0437593
-0.0440538
-0.0443328
-0.0446168
-0.0448895
-0.0451704
-0.045453
-0.0457352
-0.0460063
-0.0462939
-0.0465694
-0.0468487
-0.0471307
-0.0474048
-0.0476795
-0.0479506
-0.048236
-0.0485083
-0.0487801
-0.0490567
-0.0493317
-0.0496063
-0.0498762
-0.0501425
-0.0504146
-0.0506882
-0.0509593
-0.0512319
-0.051502
-0.0517757
-0.0520437
-0.0523081
-0.0525731
-0.0528468
-0.0531097
-0.0533772
-0.0536442
-0.0539056
-0.0541695
-0.0544419
-0.0546947
-0.054967
-0.0552288
-0.05549
-0.0557497
-0.0560149
-0.0562675
-0.0565266
-0.056793
-0.057043
-0.0573083
-0.0575661
-0.0578224
-0.0580752
-0.0583372
-0.0585908
-0.0588399
-0.0590953
-0.0593481
-0.0596072
-0.0598521
-0.0601052
-0.0603567
-0.0606085
-0.0608626
-0.0611057
-0.0613595
-0.0616109
-0.0618522
-0.0621042
-0.0623508
-0.062596
-0.0628358
-0.0630835
-0.0633277
-0.0635732
-0.0638115
-0.0640511
-0.0643002
-0.0645413
-0.0647781
-0.065018
-0.0652572
-0.065493
-0.06573
-0.0659682
-0.0662076
-0.0664436
-0.0666744
-0.0669109
-0.0671431
-0.06738
-0.0676101
-0.067843
-0.0680753
-0.0683086
-0.0685316
-0.068768
-0.0689932
-0.0692177
-0.0694503
-0.0696744
-0.0699055
-0.0701265
-0.0703451
-0.0705716
-0.0707931
-0.0710233
-0.0712417
-0.0714586
-0.0716791
-0.0719038
-0.0721187
-0.0723395
-0.0725521
-0.0727699
-0.0729853
-0.073204
-0.0734204
-0.0736296
-0.0738469
-0.0740579
-0.074273
-0.0744769
-0.0746913
-0.0748978
-0.0751115
-0.0753189
-0.07552
-0.0757323
-0.075932
-0.076145
-0.0763456
-0.0765533
-0.0767516
-0.0769569
-0.0771538
-0.077356
-0.0775537
-0.0777567
-0.0779552
-0.0781521
-0.0783468
-0.0785444
-0.0787413
-0.0789344
-0.0791282
-0.0793176
-0.0795099
-0.0797043
-0.0798906
-0.0800828
-0.0802726
-0.0804617
-0.080645
-0.0808339
-0.0810206
-0.0812072
-0.0813881
-0.0815738
-0.0817573
-0.0819379
-0.0821191
-0.0823015
-0.0824784
-0.0826551
-0.0828338
-0.0830143
-0.0831852
-0.0833681
-0.0835408
-0.0837107
-0.0838871
-0.0840553
-0.08423
-0.0843993
-0.0845697
-0.0847386
-0.0849074
-0.085074
-0.0852391
-0.0854066
-0.0855682
-0.085734
-0.0858934
-0.0860562
-0.0862188
-0.0863812
-0.0865373
-0.0866991
-0.0868529
-0.0870101
-0.0871658
-0.0873242
-0.0874758
-0.0876325
-0.0877842
-0.0879373
-0.0880867
-0.0882376
-0.0883842
-0.0885327
-0.0886826
-0.0888306
-0.088972
-0.0891182
-0.0892619
-0.089409
-0.0895498
-0.0896897
-0.0898315
-0.0899729
-0.090107
-0.0902498
-0.0903843
-0.0905211
-0.0906544
-0.0907919
-0.090925
-0.0910572
-0.0911875
-0.0913204
-0.0914484
-0.0915761
-0.0917038
-0.0918326
-0.0919585
-0.0920845
-0.0922077
-0.0923328
-0.0924538
-0.0925789
-0.0926967
-0.0928177
-0.0929373
-0.0930573
-0.0931711
-0.0932875
-0.0934043
-0.0935168
-0.0936313
-0.0937445
-0.093858
-0.0939673
-0.0940777
-0.0941855
-0.0942953
-0.0944025
-0.0945088
-0.0946117
-0.0947182
-0.0948197
-0.0949223
-0.0950267
-0.0951274
-0.095226
-0.0953256
-0.0954216
-0.095519
-0.0956146
-0.0957101
-0.0958053
-0.0958967
-0.0959908
-0.0960814
-0.096169
-0.0962609
-0.09635
-0.0964366
-0.0965245
-0.0966098
-0.0966942
-0.0967773
-0.0968592
-0.0969398
-0.0970223
-0.097101
-0.0971797
-0.0972581
-0.0973346
-0.0974128
-0.0974868
-0.0975608
-0.0976338
-0.0977061
-0.0977775
-0.0978482
-0.0979171
-0.0979866
-0.0980541
-0.0981204
-0.0981862
-0.0982506
-0.0983131
-0.0983758
-0.0984373
-0.0984985
-0.0985586
-0.0986172
-0.0986746
-0.0987315
-0.0987868
-0.0988434
-0.0988976
-0.0989498
-0.0990015
-0.0990522
-0.0991036
-0.0991511
-0.0992007
-0.099247
-0.0992926
-0.0993377
-0.0993833
-0.0994268
-0.0994687
-0.0995088
-0.0995492
-0.0995889
-0.0996271
-0.0996654
-0.0997016
-0.0997365
-0.0997718
-0.0998053
-0.0998368
-0.0998691
-0.0998996
-0.0999284
-0.0999577
-0.0999849
-0.100011
-0.100038
-0.100062
-0.100085
-0.100109
-0.10013
-0.100151
-0.100171
-0.100189
-0.100207
-0.100224
-0.10024
-0.100254
-0.100268
-0.100281
-0.100293
-0.100304
-0.100314
-0.100323
-0.100331
-0.100338
-0.100344
-0.100349
-0.100353
-0.100356
-0.100358
-0.100359
-0.100359
-0.100358
-0.100356
-0.100353
-0.10035
-0.100345
-0.100339
-0.100332
-0.100324
-0.100316
-0.100306
-0.100295
-0.100283
-0.100271
-0.100257
-0.100242
-0.100227
-0.10021
-0.100193
-0.100174
-0.100154
-0.100133
-0.100112
-0.100089
-0.100066
-0.100042
-0.100016
-0.0999895
-0.0999621
-0.0999341
-0.0999039
-0.0998736
-0.0998425
-0.0998107
-0.0997764
-0.0997422
-0.0997072
-0.0996718
-0.0996344
-0.0995963
-0.099556
-0.0995154
-0.0994751
-0.0994326
-0.0993907
-0.0993466
-0.0993021
-0.099255
-0.0992081
-0.0991601
-0.099111
-0.0990607
-0.0990109
-0.0989588
-0.0989066
-0.0988515
-0.0987974
-0.0987423
-0.0986855
-0.0986281
-0.0985683
-0.0985082
-0.098449
-0.0983867
-0.0983234
-0.0982616
-0.0981974
-0.0981297
-0.0980651
-0.0979972
-0.0979284
-0.0978599
-0.0977905
-0.0977193
-0.0976469
-0.0975735
-0.097498
-0.0974255
-0.0973478
-0.0972699
-0.097195
-0.0971153
-0.0970348
-0.0969535
-0.0968717
-0.0967907
-0.096708
-0.0966222
-0.0965373
-0.0964512
-0.0963621
-0.0962734
-0.0961852
-0.0960966
-0.0960037
-0.0959112
-0.0958207
-0.0957263
-0.0956296
-0.0955355
-0.0954383
-0.0953406
-0.0952426
-0.0951423
-0.0950413
-0.0949406
-0.094839
-0.0947332
-0.0946318
-0.0945249
-0.0944184
-0.0943117
-0.0942062
-0.0940952
-0.0939875
-0.0938763
-0.0937642
-0.0936499
-0.0935368
-0.0934228
-0.0933083
-0.0931916
-0.0930771
-0.0929545
-0.0928386
-0.0927183
-0.0925965
-0.0924752
-0.0923516
-0.0922309
-0.092106
-0.0919806
-0.0918558
-0.0917267
-0.0916006
-0.0914677
-0.0913388
-0.091211
-0.0910799
-0.0909479
-0.0908144
-0.0906796
-0.0905413
-0.0904057
-0.0902687
-0.090134
-0.089992
-0.0898524
-0.0897161
-0.0895709
-0.0894297
-0.0892855
-0.0891453
-0.0890009
-0.0888518
-0.0887068
-0.0885593
-0.088408
-0.0882633
-0.088112
-0.0879633
-0.0878092
-0.0876547
-0.0875058
-0.0873472
-0.0871913
-0.087037
-0.0868782
-0.0867203
-0.0865664
-0.086402
-0.0862471
-0.0860852
-0.0859182
-0.0857596
-0.0855958
-0.0854312
-0.0852676
-0.0851007
-0.0849329
-0.0847624
-0.0845981
-0.0844253
-0.0842581
-0.0840848
-0.0839141
-0.0837425
-0.0835687
-0.0833895
-0.0832195
-0.0830433
-0.0828622
-0.0826891
-0.0825085
-0.0823297
-0.0821488
-0.0819684
-0.0817823
-0.0816039
-0.0814204
-0.0812361
-0.0810511
-0.0808624
-0.0806771
-0.0804882
-0.0803043
-0.0801146
-0.0799226
-0.0797335
-0.0795406
-0.0793543
-0.0791592
-0.0789648
-0.0787673
-0.0785758
-0.0783775
-0.078183
-0.0779847
-0.0777909
-0.0775857
-0.0773859
-0.0771868
-0.076987
-0.0767841
-0.0765866
-0.0763791
-0.0761794
-0.0759681
-0.0757653
-0.0755587
-0.0753514
-0.0751433
-0.0749345
-0.0747282
-0.0745155
-0.0743028
-0.0740927
-0.0738843
-0.0736646
-0.073454
-0.0732393
-0.0730207
-0.0728104
-0.0725878
-0.0723711
-0.0721537
-0.0719373
-0.0717152
-0.0714949
-0.0712781
-0.071053
-0.0708356
-0.0706083
-0.0703904
-0.0701582
-0.0699399
-0.0697124
-0.0694884
-0.0692586
-0.0690307
-0.0688038
-0.0685755
-0.0683464
-0.0681105
-0.0678828
-0.0676482
-0.0674201
-0.0671823
-0.0669475
-0.0667192
-0.066484
-0.0662481
-0.0660116
-0.0657681
-0.0655357
-0.0652936
-0.0650609
-0.0648157
-0.0645744
-0.0643353
-0.0640992
-0.0638578
-0.0636075
-0.0633687
-0.0631236
-0.0628789
-0.0626363
-0.0623838
-0.0621447
-0.0618918
-0.0616469
-0.0614023
-0.0611523
-0.0609037
-0.0606506
-0.0604017
-0.0601513
-0.0598945
-0.0596477
-0.0593936
-0.0591409
-0.0588817
-0.0586258
-0.0583782
-0.0581222
-0.0578587
-0.0576055
-0.0573448
-0.0570865
-0.0568296
-0.0565761
-0.0563142
-0.0560547
-0.0557896
-0.055533
-0.0552659
-0.0550042
-0.0547389
-0.0544812
-0.0542129
-0.053947
-0.0536847
-0.0534209
-0.0531524
-0.0528865
-0.0526242
-0.0523481
-0.0520786
-0.0518188
-0.0515442
-0.0512732
-0.0510027
-0.0507327
-0.0504654
-0.0501924
-0.049921
-0.049648
-0.0493746
-0.0491027
-0.0488294
-0.0485503
-0.0482718
-0.0480023
-0.0477218
-0.0474439
-0.0471667
-0.0468975
-0.0466193
-0.0463429
-0.0460553
-0.0457822
-0.0454948
-0.045224
-0.044941
-0.0446597
-0.0443791
-0.0440926
-0.043809
-0.0435281
-0.0432425
-0.0429663
-0.0426809
-0.0423908
-0.0421068
-0.0418234
-0.0415353
-0.0412544
-0.0409644
-0.0406828
-0.0403876
-0.0401007
-0.0398179
-0.0395281
-0.0392357
-0.0389529
-0.0386641
-0.0383728
-0.0380822
-0.0377912
-0.0374932
-0.0371992
-0.0369138
-0.0366192
-0.036332
-0.0360411
-0.0357476
-0.0354515
-0.035155
-0.0348594
-0.0345634
-0.0342738
-0.033976
-0.0336812
-0.0333805
-0.0330874
-0.0327882
-0.0324899
-0.0321947
-0.0319037
-0.0316056
-0.0313038
-0.0310073
-0.0307083
-0.030409
-0.0301105
-0.029806
-0.0295092
-0.029203
-0.0289103
-0.0286092
-0.0283044
-0.0280017
-0.0276986
-0.0274034
-0.0271033
-0.0268006
-0.0264907
-0.026191
-0.025884
-0.0255884
-0.0252764
-0.0249745
-0.02467
-0.0243653
-0.0240616
-0.0237564
-0.0234534
-0.0231454
-0.0228489
-0.0225405
-0.0222308
-0.0219243
-0.0216152
-0.021313
-0.0210094
-0.0206915
-0.0203934
-0.0200868
-0.0197707
-0.0194685
-0.019159
-0.0188493
-0.0185454
-0.0182354
-0.0179216
-0.0176219
-0.0173043
-0.017003
-0.0166898
-0.0163764
-0.0160664
-0.015755
-0.0154518
-0.015139
-0.0148272
-0.0145188
-0.0142067
-0.0138945
-0.0135857
-0.013272
-0.0129677
-0.0126479
-0.0123457
-0.0120328
-0.0117197
-0.0113981
-0.0110967
-0.0107809
-0.0104662
-0.0101609
-0.00984961
-0.00953342
-0.00922429
-0.00890433
-0.00860101
-0.00828447
-0.00797621
-0.00765832
-0.00734513
-0.00702829
-0.00672095
-0.00640039
-0.00608815
-0.00577584
-0.00546708
-0.00515707
-0.00484342
-0.00452494
-0.00420641
-0.00390342
-0.00358961
-0.00327817
-0.00295951
-0.00264921
-0.00232931
-0.00201298
-0.00169903
-0.00139585
-0.00107708
-0.000766692
-0.000446714
-0.000137522
0.000183653
0.000495235
0.000802016
0.00112436
0.00142992
0.00174984
0.00206015
0.00237283
0.00268549
0.0030065
0.00330952
0.00363285
0.00393699
0.00424827
0.00456549
0.00487788
0.00519021
0.00550368
0.00582069
0.00613285
0.00645332
0.00675578
0.00707372
0.00738321
0.00770219
0.00801392
0.0083196
0.00864191
0.00894741
0.00926119
0.00957844
0.00988605
0.0101924
0.0105117
0.0108214
0.0111334
0.0114464
0.0117522
0.0120674
0.0123729
0.0126843
0.0130038
0.0133054
0.0136259
0.0139356
0.0142427
0.0145532
0.0148636
0.0151751
0.0154828
0.0157916
0.016099
0.0164098
0.016724
0.0170297
0.0173388
0.0176513
0.0179589
0.0182592
0.0185712
0.0188759
0.0191851
0.0194952
0.0198052
0.0201138
0.0204199
0.0207258
0.0210302
0.0213345
0.0216421
0.0219483
0.0222554
0.02256
0.0228643
0.0231673
0.023477
0.0237841
0.0240829
0.0243861
0.024689
0.0249917
0.0252988
0.0256045
0.0259006
0.0262081
0.026506
0.0268083
0.0271185
0.0274168
0.0277114
0.028016
0.0283239
0.0286188
0.0289226
0.0292146
0.0295144
0.0298151
0.03012
0.0304189
0.0307118
0.0310101
0.0313058
0.0316091
0.0319042
0.0322001
0.0324968
0.0327944
0.0330893
0.0333805
0.0336748
0.0339811
0.0342669
0.034559
0.0348542
0.035149
0.0354435
0.0357387
0.0360235
0.0363214
0.0366144
0.0369038
0.0371938
0.0374824
0.0377751
0.0380663
0.0383571
0.0386453
0.0389265
0.0392227
0.039512
0.0397975
0.0400871
0.0403686
0.0406551
0.0409468
0.0412303
0.0415124
0.0418017
0.0420808
0.0423649
0.0426507
0.0429275
0.0432189
0.0434949
0.0437736
0.0440616
0.0443362
0.044619
0.0448971
0.0451822
0.0454583
0.0457372
0.0460156
0.0462904
0.0465679
0.0468449
0.0471236
0.0474018
0.0476764
0.0479536
0.0482241
0.0485004
0.0487678
0.0490484
0.0493149
0.0495871
0.0498631
0.0501354
0.0503999
0.0506692
0.0509431
0.0512113
0.051479
0.0517452
0.0520099
0.0522792
0.0525489
0.0528151
0.0530818
0.05335
0.0536075
0.0538746
0.0541361
0.0543981
0.0546586
0.0549265
0.0551878
0.0554447
0.055701
0.0559617
0.0562189
0.0564805
0.0567375
0.0569911
0.0572539
0.0575122
0.0577631
0.0580242
0.058272
0.058528
0.0587796
0.0590296
0.0592877
0.0595404
0.0597877
0.0600411
0.060291
0.0605413
0.0607882
0.0610373
0.061282
0.061527
0.0617715
0.0620237
0.0622651
0.0625068
0.0627544
0.0629976
0.0632402
0.0634841
0.0637171
0.0639634
0.0641989
0.0644457
0.0646799
0.064919
0.0651548
0.0653962
0.0656297
0.0658653
0.0660949
0.06633
0.0665681
0.066794
0.067029
0.0672624
0.0674969
0.0677263
0.0679551
0.0681849
0.0684097
0.0686356
0.0688608
0.0690888
0.0693144
0.0695401
0.0697618
0.0699895
0.0702098
0.0704344
0.0706491
0.0708774
0.0710932
0.0713125
0.0715287
0.0717474
0.0719662
0.0721835
0.0723944
0.0726152
0.0728278
0.0730431
0.0732487
0.0734681
0.0736747
0.0738846
0.0740954
0.0743062
0.0745139
0.0747217
0.0749287
0.0751326
0.0753413
0.075543
0.0757455
0.075948
0.0761544
0.0763647
0.0765526
0.0767529
0.0769532
0.0771558
0.0773507
0.0775465
0.0777459
0.0779409
0.0781358
0.0783314
0.0785196
0.0787144
0.0789099
0.0790951
0.0792861
0.0794741
0.0796621
0.079855
0.0800393
0.0802249
0.0804153
0.0805944
0.0807812
0.0809601
0.0811473
0.0813281
0.081504
0.0816846
0.0818624
0.0820454
0.0822222
0.0823975
0.0825767
0.0827491
0.0829213
0.0830954
0.083266
0.0834417
0.08361
0.0837801
0.0839494
0.0841159
0.0842835
0.0844534
0.0846194
0.0847851
0.0849443
0.0851096
0.0852704
0.0854309
0.085593
0.0857543
0.0859135
0.0860712
0.0862281
0.0863848
0.0865406
0.0866979
0.0868519
0.0870011
0.0871534
0.0873084
0.0874584
0.0876053
0.0877537
0.087904
0.0880506
0.0881969
0.0883417
0.0884885
0.0886289
0.0887717
0.0889147
0.0890578
0.0891948
0.0893362
0.089474
0.0896079
0.0897471
0.0898823
0.0900171
0.0901526
0.0902821
0.0904153
0.0905471
0.090678
0.0908069
0.0909355
0.0910613
0.0911919
0.0913149
0.0914394
0.0915625
0.0916857
0.0918089
0.0919294
0.0920498
0.0921689
0.0922884
0.0924075
0.0925247
0.0926379
0.0927542
0.0928665
0.0929827
0.0930919
0.0932028
0.0933148
0.0934243
0.0935332
0.0936396
0.093747
0.093852
0.0939556
0.0940583
0.0941648
0.0942664
0.0943648
0.0944657
0.0945638
0.0946625
0.0947595
0.0948589
0.0949536
0.0950482
0.0951393
0.0952344
0.0953265
0.0954172
0.095505
0.0955939
0.0956835
0.0957691
0.0958545
0.0959406
0.0960244
0.0961073
0.0961886
0.09627
0.0963506
0.0964306
0.0965097
0.096586
0.0966631
0.0967367
0.0968116
0.0968864
0.0969583
0.0970303
0.0971016
0.0971709
0.0972403
0.0973079
0.0973754
0.0974406
0.0975064
0.0975697
0.0976325
0.0976942
0.0977551
0.0978158
0.0978746
0.0979339
0.0979914
0.0980473
0.098101
0.0981562
0.09821
0.0982615
0.0983132
0.0983635
0.0984145
0.0984625
0.098511
0.0985558
0.0986004
0.0986459
0.0986894
0.0987325
0.0987747
0.0988151
0.0988543
0.0988934
0.0989312
0.0989686
0.0990037
0.0990384
0.0990729
0.0991062
0.099138
0.0991691
0.0991984
0.0992281
0.0992558
0.0992826
0.0993085
0.0993335
0.0993575
0.099381
0.0994034
0.099424
0.0994448
0.0994639
0.0994816
0.0994989
0.0995151
0.0995301
0.0995443
0.0995576
0.0995699
0.0995813
0.0995916
0.0996009
0.0996093
0.0996168
0.0996232
0.0996286
0.0996329
0.0996364
0.0996388
0.0996403
0.0996408
0.0996403
0.0996388
0.0996363
0.0996328
0.0996284
0.0996229
0.0996167
0.0996091
0.0996008
0.0995916
0.0995813
0.0995701
0.0995576
0.099544
0.0995297
0.0995145
0.0994985
0.0994814
0.0994627
0.0994439
0.0994236
0.0994025
0.0993803
0.0993568
0.0993332
0.0993085
0.0992824
0.0992547
0.0992273
0.0991982
0.0991685
0.0991364
0.0991053
0.0990724
0.0990387
0.0990029
0.098967
0.0989301
0.0988933
0.0988546
0.0988142
0.0987734
0.0987317
0.0986888
0.0986459
0.0986009
0.0985545
0.0985093
0.0984608
0.0984121
0.0983639
0.0983118
0.0982617
0.098209
0.0981554
0.0981014
0.098045
0.0979901
0.0979328
0.0978737
0.0978142
0.097754
0.0976928
0.0976321
0.097569
0.0975051
0.0974404
0.0973731
0.0973061
0.097238
0.0971691
0.0970997
0.0970289
0.0969574
0.0968855
0.0968119
0.0967358
0.0966613
0.0965851
0.0965061
0.09643
0.0963491
0.0962681
0.096188
0.0961064
0.0960232
0.0959397
0.0958536
0.0957678
0.0956808
0.0955935
0.0955046
0.0954151
0.0953219
0.0952309
0.0951378
0.0950471
0.0949522
0.0948552
0.094758
0.0946633
0.0945646
0.0944654
0.0943648
0.0942629
0.0941628
0.0940575
0.0939552
0.09385
0.0937446
0.0936367
0.0935299
0.0934222
0.0933127
0.0932023
0.0930915
0.092978
0.0928665
0.0927512
0.0926357
0.0925198
0.0924021
0.0922862
0.0921666
0.0920493
0.0919284
0.0918071
0.0916829
0.0915625
0.0914394
0.0913111
0.09119
0.0910617
0.0909341
0.090804
0.0906735
0.0905461
0.0904138
0.0902801
0.0901501
0.0900136
0.0898792
0.089744
0.0896105
0.0894667
0.089333
0.0891953
0.0890535
0.0889147
0.0887684
0.0886289
0.0884824
0.0883412
0.0881958
0.08805
0.0879006
0.0877548
0.0876019
0.0874538
0.0873026
0.087154
0.0870028
0.0868478
0.086692
0.0865388
0.0863854
0.0862293
0.0860718
0.0859117
0.0857512
0.0855906
0.0854327
0.0852704
0.0851096
0.0849468
0.0847794
0.0846143
0.0844503
0.0842828
0.0841146
0.0839448
0.0837749
0.0836054
0.0834377
0.0832634
0.0830888
0.08292
0.0827424
0.0825721
0.0823948
0.0822188
0.082038
0.0818651
0.0816839
0.0815068
0.0813226
0.0811424
0.0809594
0.0807756
0.0805937
0.0804033
0.080222
0.0800364
0.0798529
0.0796657
0.0794741
0.0792832
0.0790907
0.0789033
0.0787115
0.0785189
0.078327
0.0781336
0.0779394
0.0777399
0.077545
0.0773455
0.0771512
0.0769525
0.0767522
0.0765496
0.0763524
0.0761498
0.0759495
0.0757447
0.0755422
0.0753366
0.0751326
0.0749208
0.0747201
0.0745123
0.0743022
0.0740922
0.073883
0.0736731
0.0734632
0.0732462
0.0730341
0.0728197
0.0726061
0.0723903
0.0721753
0.0719588
0.0717474
0.0715237
0.071305
0.0710915
0.0708648
0.0706516
0.0704251
0.0702089
0.0699802
0.0697575
0.0695376
0.0693066
0.0690888
0.0688625
0.0686287
0.0684089
0.0681727
0.0679446
0.0677167
0.0674863
0.0672545
0.0670254
0.0667931
0.0665646
0.0663274
0.0660922
0.0658581
0.0656279
0.0653907
0.065152
0.0649118
0.0646763
0.0644329
0.0642016
0.0639615
0.0637181
0.0634776
0.0632338
0.0629893
0.0627507
0.0625059
0.0622623
0.0620191
0.0617752
0.061528
0.061281
0.0610344
0.0607815
0.0605299
0.0602805
0.0600325
0.0597819
0.0595346
0.0592809
0.0590267
0.0587728
0.058528
0.0582701
0.0580164
0.0577563
0.0575015
0.057249
0.056996
0.0567356
0.0564805
0.0562179
0.0559597
0.055704
0.0554447
0.0551759
0.0549195
0.0546575
0.0543971
0.0541281
0.0538716
0.0536045
0.0533439
0.0530798
0.0528121
0.0525439
0.0522812
0.0520079
0.0517463
0.051477
0.0512041
0.0509379
0.050662
0.050403
0.050125
0.0498558
0.0495871
0.0493159
0.0490411
0.0487689
0.0484931
0.0482147
0.047941
0.0476711
0.0473976
0.0471225
0.0468375
0.0465658
0.0462861
0.0460113
0.0457308
0.0454551
0.0451737
0.0448992
0.0446137
0.0443319
0.0440551
0.0437682
0.0434916
0.0432114
0.0429296
0.0426388
0.0423649
0.0420786
0.041793
0.0415091
0.0412183
0.040938
0.0406464
0.0403675
0.0400783
0.0397899
0.0395076
0.0392183
0.0389309
0.0386431
0.038346
0.0380585
0.0377707
0.0374769
0.0371905
0.0369004
0.0366089
0.036318
0.0360191
0.0357342
0.0354334
0.035149
0.0348542
0.0345534
0.034259
0.0339688
0.0336737
0.0333828
0.033087
0.0327842
0.0324889
0.032199
0.0318986
0.0316046
0.0313012
0.0310067
0.0307084
0.0304086
0.0301166
0.0298105
0.0295144
0.0292124
0.02891
0.0286085
0.0283135
0.0280114
0.0277068
0.0274087
0.0271069
0.0268037
0.0265049
0.0262081
0.0259018
0.025601
0.0252976
0.0249906
0.024689
0.0243873
0.0240806
0.023776
0.0234735
0.023165
0.0228608
0.0225611
0.0222472
0.0219483
0.0216351
0.021331
0.0210221
0.0207164
0.020407
0.0201091
0.0197935
0.0194929
0.0191862
0.0188782
0.01857
0.0182628
0.0179518
0.0176466
0.0173306
0.0170191
0.0167192
0.0164039
0.0160966
0.0157916
0.0154781
0.0151727
0.0148613
0.0145461
0.0142379
0.0139225
0.0136223
0.0133054
0.0129908
0.0126795
0.0123682
0.0120614
0.0117462
0.011444
0.0111286
0.0108154
0.010501
0.01019
0.00988248
0.00957009
0.00925403
0.00894264
0.00863116
0.00832079
0.00800198
0.00769383
0.00738441
0.00706774
0.00675937
0.00644495
0.00613285
0.00581351
0.0055001
0.00519021
0.00487189
0.00455951
0.00425306
0.00393699
0.00362327
0.00331071
0.00299692
0.00268429
0.00236924
0.00205176
0.00174025
0.00143232
0.00110998
0.000799619
0.000490442
0.000176463
-0.000135125
-0.0004575
-0.000772684
-0.00107948
-0.00139944
-0.00171221
-0.00201897
-0.0023341
-0.00264921
-0.00296431
-0.00327697
-0.00358842
-0.00389863
-0.00421839
-0.00453093
-0.00484103
-0.00516066
-0.00546947
-0.00578422
-0.00609891
-0.00641116
-0.00672573
-0.00704025
-0.00734633
-0.00766668
-0.00798099
-0.00829522
-0.00860579
-0.00891986
-0.00922668
-0.00953581
-0.00985439
-0.0101693
-0.0104769
-0.0107928
-0.0111039
-0.0114077
-0.0117232
-0.0120375
-0.0123481
-0.0126621
-0.0129725
-0.0132815
-0.0135881
-0.013898
-0.014215
-0.0145247
-0.0148343
-0.0151496
-0.0154601
-0.0157633
-0.0160711
-0.016387
-0.0166933
-0.0170006
-0.0173113
-0.0176266
-0.0179275
-0.0182377
-0.0185466
-0.0188588
-0.0191637
-0.0194673
-0.0197777
-0.0200939
-0.0203993
-0.0207079
-0.0210141
-0.0213118
-0.0216258
-0.021929
-0.0222378
-0.0225476
-0.0228548
-0.0231594
-0.0234592
-0.0237681
-0.0240744
-0.02437
-0.0246817
-0.0249838
-0.0252903
-0.0255908
-0.0258968
-0.0262002
-0.0264953
-0.0268029
-0.0271079
-0.0274011
-0.0277044
-0.0280097
-0.028309
-0.0286161
-0.0289149
-0.0292202
-0.0295173
-0.029814
-0.0301116
-0.0304193
-0.0307129
-0.0310119
-0.0313095
-0.0316068
-0.0319015
-0.0322072
-0.0325036
-0.0327939
-0.0330976
-0.0333862
-0.0336846
-0.0339805
-0.034276
-0.0345758
-0.0348661
-0.0351663
-0.0354515
-0.0357498
-0.0360433
-0.0363342
-0.0366259
-0.036915
-0.0372081
-0.0375032
-0.037799
-0.0380799
-0.0383761
-0.0386719
-0.0389529
-0.0392401
-0.0395314
-0.0398179
-0.0401139
-0.0403963
-0.040685
-0.0409677
-0.0412533
-0.0415408
-0.0418278
-0.04211
-0.0423951
-0.042682
-0.0429717
-0.0432512
-0.04354
-0.0438165
-0.0441056
-0.0443802
-0.0446587
-0.0449464
-0.0452272
-0.0455044
-0.0457811
-0.0460649
-0.046345
-0.0466172
-0.0468985
-0.0471762
-0.0474534
-0.0477323
-0.0480075
-0.0482749
-0.0485598
-0.0488283
-0.0491048
-0.0493808
-0.049648
-0.049923
-0.0501976
-0.0504695
-0.050741
-0.0510141
-0.0512804
-0.0515545
-0.0518219
-0.0520858
-0.0523593
-0.0526232
-0.0528947
-0.0531626
-0.0534209
-0.0536908
-0.0539531
-0.0542149
-0.0544863
-0.054751
-0.0550122
-0.0552719
-0.055542
-0.0557966
-0.0560547
-0.0563182
-0.0565751
-0.0568385
-0.0570983
-0.0573497
-0.0576055
-0.0578646
-0.058128
-0.0583821
-0.0586375
-0.0588924
-0.0591428
-0.0593975
-0.0596497
-0.0598993
-0.0601503
-0.0604055
-0.0606544
-0.0609017
-0.0611571
-0.0614004
-0.0616497
-0.0619003
-0.0621438
-0.0623932
-0.0626344
-0.0628854
-0.0631255
-0.0633696
-0.063614
-0.0638588
-0.0640964
-0.0643389
-0.0645799
-0.0648203
-0.0650582
-0.0653037
-0.0655376
-0.0657754
-0.0660125
-0.06625
-0.0664876
-0.0667201
-0.0669529
-0.0671913
-0.0674227
-0.0676553
-0.067889
-0.0681141
-0.0683491
-0.0685807
-0.0688047
-0.0690342
-0.0692595
-0.0694901
-0.0697124
-0.0699417
-0.0701703
-0.0703922
-0.0706159
-0.0708382
-0.071058
-0.0712781
-0.071505
-0.0717261
-0.0719415
-0.0721629
-0.0723786
-0.0725994
-0.0728145
-0.0730322
-0.0732442
-0.073458
-0.0736711
-0.0738827
-0.0740943
-0.0743053
-0.0745203
-0.0747258
-0.0749385
-0.0751449
-0.0753546
-0.0755595
-0.0757677
-0.0759759
-0.076181
-0.0763861
-0.0765889
-0.0767926
-0.07699
-0.0771937
-0.0773943
-0.0775888
-0.0777894
-0.077993
-0.0781837
-0.078382
-0.0785818
-0.0787718
-0.0789655
-0.0791585
-0.0793551
-0.0795435
-0.07974
-0.0799277
-0.0801204
-0.0803094
-0.0804968
-0.0806843
-0.080868
-0.081056
-0.0812354
-0.0814267
-0.081608
-0.0817914
-0.0819725
-0.0821488
-0.0823297
-0.0825105
-0.0826884
-0.082869
-0.0830446
-0.0832228
-0.0833968
-0.083572
-0.0837438
-0.083918
-0.0840881
-0.0842613
-0.0844311
-0.0845988
-0.0847688
-0.0849361
-0.0851026
-0.0852664
-0.0854324
-0.0855971
-0.0857639
-0.0859269
-0.0860865
-0.0862459
-0.0864075
-0.0865682
-0.0867251
-0.0868818
-0.0870412
-0.0871943
-0.087349
-0.0875058
-0.0876588
-0.0878109
-0.0879639
-0.0881155
-0.0882616
-0.088416
-0.0885598
-0.0887068
-0.0888574
-0.0890031
-0.0891442
-0.0892898
-0.089433
-0.0895753
-0.0897167
-0.0898593
-0.0899947
-0.0901329
-0.0902739
-0.0904073
-0.0905444
-0.0906817
-0.090817
-0.0909479
-0.0910824
-0.0912105
-0.0913428
-0.0914726
-0.0915996
-0.0917306
-0.0918544
-0.0919816
-0.0921074
-0.09223
-0.0923545
-0.0924804
-0.0925988
-0.0927196
-0.09284
-0.0929595
-0.0930757
-0.0931925
-0.0933087
-0.0934241
-0.093539
-0.0936516
-0.0937663
-0.0938767
-0.0939883
-0.0940986
-0.0942074
-0.0943158
-0.0944229
-0.0945257
-0.094631
-0.0947364
-0.0948386
-0.0949422
-0.0950425
-0.095143
-0.0952419
-0.0953417
-0.0954391
-0.0955366
-0.0956314
-0.0957267
-0.0958203
-0.0959158
-0.0960051
-0.0960959
-0.0961882
-0.0962768
-0.0963638
-0.0964535
-0.0965383
-0.0966238
-0.096709
-0.0967916
-0.0968733
-0.0969566
-0.0970379
-0.0971162
-0.0971953
-0.0972735
-0.0973504
-0.0974246
-0.0975011
-0.097576
-0.0976488
-0.0977206
-0.0977907
-0.0978607
-0.0979313
-0.0979993
-0.0980656
-0.0981325
-0.0981972
-0.0982609
-0.0983251
-0.0983874
-0.0984485
-0.0985093
-0.0985696
-0.098629
-0.0986853
-0.0987429
-0.098798
-0.098853
-0.0989056
-0.0989598
-0.0990115
-0.0990626
-0.0991121
-0.0991611
-0.0992089
-0.0992566
-0.0993014
-0.0993461
-0.0993915
-0.0994344
-0.0994764
-0.0995175
-0.0995575
-0.0995969
-0.0996344
-0.0996719
-0.0997073
-0.0997434
-0.0997776
-0.0998111
-0.0998436
-0.0998745
-0.099905
-0.099934
-0.0999622
-0.09999
-0.100017
-0.100042
-0.100066
-0.10009
-0.100112
-0.100134
-0.100155
-0.100174
-0.100193
-0.10021
-0.100227
-0.100243
-0.100257
-0.100271
-0.100284
-0.100295
-0.100306
-0.100316
-0.100324
-0.100332
-0.100339
-0.100345
-0.10035
-0.100354
-0.100356
-0.100358
-0.100359
-0.100359
-0.100358
-0.100356
-0.100353
-0.100349
-0.100344
-0.100338
-0.100331
-0.100323
-0.100314
-0.100304
-0.100293
-0.100281
-0.100268
-0.100254
-0.10024
-0.100224
-0.100207
-0.100189
-0.10017
-0.100151
-0.10013
-0.100108
-0.100085
-0.100062
-0.100037
-0.100011
-0.0999842
-0.0999574
-0.099928
-0.0998987
-0.0998687
-0.0998368
-0.0998038
-0.0997713
-0.0997369
-0.0997013
-0.0996643
-0.0996269
-0.0995886
-0.0995492
-0.0995093
-0.0994668
-0.099426
-0.0993815
-0.0993384
-0.099292
-0.0992455
-0.099199
-0.0991512
-0.0991019
-0.0990516
-0.0990007
-0.0989486
-0.0988964
-0.098842
-0.0987866
-0.0987313
-0.0986733
-0.0986165
-0.0985574
-0.0984974
-0.0984378
-0.0983748
-0.0983133
-0.0982489
-0.0981845
-0.0981189
-0.0980534
-0.0979835
-0.0979155
-0.0978479
-0.097777
-0.0977059
-0.0976319
-0.0975594
-0.0974854
-0.0974111
-0.0973346
-0.0972569
-0.0971785
-0.0971004
-0.0970198
-0.0969395
-0.0968582
-0.0967757
-0.096691
-0.0966056
-0.0965225
-0.0964349
-0.0963474
-0.0962585
-0.0961704
-0.09608
-0.0959866
-0.095895
-0.0958017
-0.0957072
-0.0956146
-0.0955175
-0.0954205
-0.0953218
-0.0952233
-0.0951243
-0.0950243
-0.0949215
-0.0948185
-0.0947146
-0.0946101
-0.0945052
-0.0944013
-0.0942932
-0.0941847
-0.0940747
-0.0939647
-0.0938538
-0.0937441
-0.0936317
-0.0935185
-0.0934039
-0.093288
-0.0931729
-0.0930551
-0.0929364
-0.0928181
-0.0926957
-0.0925766
-0.0924542
-0.0923305
-0.0922091
-0.0920802
-0.0919571
-0.0918321
-0.0917033
-0.0915736
-0.0914459
-0.0913149
-0.0911845
-0.0910537
-0.090921
-0.0907899
-0.0906528
-0.0905206
-0.0903838
-0.0902435
-0.0901102
-0.0899702
-0.0898304
-0.0896854
-0.0895482
-0.0894052
-0.0892635
-0.0891171
-0.0889732
-0.0888272
-0.0886787
-0.0885333
-0.0883859
-0.0882387
-0.0880844
-0.087935
-0.0877824
-0.0876266
-0.0874746
-0.0873183
-0.0871676
-0.0870077
-0.0868517
-0.0866961
-0.0865342
-0.0863794
-0.0862158
-0.0860531
-0.0858946
-0.0857265
-0.085567
-0.0853978
-0.0852341
-0.0850676
-0.0849022
-0.0847309
-0.084562
-0.084398
-0.0842248
-0.0840534
-0.0838811
-0.0837067
-0.0835355
-0.0833588
-0.0831872
-0.0830075
-0.0828297
-0.0826565
-0.0824756
-0.0822974
-0.0821115
-0.0819358
-0.0817496
-0.0815675
-0.0813846
-0.0812009
-0.0810185
-0.0808282
-0.0806464
-0.0804538
-0.0802712
-0.0800806
-0.0798928
-0.0796977
-0.0795077
-0.0793124
-0.0791267
-0.0789262
-0.0787346
-0.0785399
-0.0783445
-0.0781461
-0.0779514
-0.0777492
-0.0775514
-0.0773522
-0.0771507
-0.0769507
-0.0767485
-0.076547
-0.0763417
-0.0761411
-0.0759288
-0.0757299
-0.0755184
-0.0753141
-0.0751051
-0.0748994
-0.0746865
-0.0744737
-0.0742657
-0.0740547
-0.0738453
-0.0736279
-0.0734171
-0.0731966
-0.0729836
-0.0727707
-0.0725521
-0.0723354
-0.0721154
-0.0718988
-0.0716782
-0.0714603
-0.0712358
-0.0710182
-0.0707957
-0.0705673
-0.070346
-0.0701248
-0.0698969
-0.0696726
-0.0694408
-0.0692117
-0.0689888
-0.0687619
-0.068529
-0.0683025
-0.0680709
-0.0678351
-0.0676065
-0.0673774
-0.0671413
-0.0669091
-0.0666753
-0.0664409
-0.0662004
-0.0659682
-0.0657255
-0.0654948
-0.0652544
-0.0650162
-0.0647745
-0.0645367
-0.0642919
-0.0640567
-0.0638115
-0.0635676
-0.0633268
-0.0630835
-0.0628349
-0.0625903
-0.0623405
-0.0620929
-0.0618474
-0.0615986
-0.0613519
-0.0611019
-0.060856
-0.0606028
-0.0603509
-0.0601061
-0.0598463
-0.0595946
-0.0593491
-0.0590963
-0.0588428
-0.0585869
-0.0583235
-0.0580732
-0.0578146
-0.0575632
-0.0572985
-0.0570421
-0.0567791
-0.0565236
-0.0562645
-0.0560009
-0.0557457
-0.055478
-0.0552208
-0.054954
-0.0546937
-0.0544349
-0.0541705
-0.0539045
-0.0536361
-0.0533701
-0.0531046
-0.0528345
-0.052567
-0.0523051
-0.0520283
-0.0517603
-0.0514999
-0.0512288
-0.050951
-0.0506872
-0.0504187
-0.0501425
-0.0498658
-0.0495948
-0.0493213
-0.0490483
-0.0487749
-0.048503
-0.0482297
-0.0479464
-0.0476721
-0.0473985
-0.0471159
-0.0468466
-0.046563
-0.0462886
-0.0460116
-0.0457235
-0.0454466
-0.0451651
-0.0448906
-0.0446092
-0.0443221
-0.0440431
-0.0437636
-0.0434741
-0.0431906
-0.0429055
-0.0426266
-0.0423473
-0.0420545
-0.0417711
-0.041484
-0.041203
-0.0409107
-0.0406312
-0.0403337
-0.0400545
-0.0397606
-0.0394708
-0.039186
-0.0388965
-0.0386087
-0.038314
-0.0380211
-0.0377334
-0.0374409
-0.0371513
-0.0368625
-0.0365689
-0.0362738
-0.0359784
-0.0356938
-0.0353987
-0.0351033
-0.0348099
-0.0345138
-0.0342174
-0.0339229
-0.0336281
-0.0333296
-0.0330319
-0.0327372
-0.03244
-0.0321424
-0.0318389
-0.0315498
-0.0312468
-0.0309537
-0.0306523
-0.030353
-0.0300544
-0.029751
-0.0294485
-0.0291548
-0.0288517
-0.0285483
-0.0282469
-0.0279464
-0.0276525
-0.0273526
-0.0270397
-0.0267428
-0.0264421
-0.0261354
-0.0258377
-0.0255351
-0.0252241
-0.0249222
-0.0246224
-0.0243118
-0.024008
-0.0237028
-0.0234009
-0.0230918
-0.0227824
-0.0224786
-0.0221781
-0.0218728
-0.021559
-0.0212556
-0.0209519
-0.0206387
-0.0203347
-0.0200269
-0.0197131
-0.0194155
-0.0190978
-0.0187963
-0.0184853
-0.0181788
-0.017865
-0.017557
-0.0172511
-0.0169427
-0.0166354
-0.0163243
-0.0160166
-0.0157005
-0.0153902
-0.0150785
-0.0147714
-0.0144618
-0.0141497
-0.0138363
-0.0135251
-0.013215
-0.0129059
-0.0125967
-0.012285
-0.0119685
-0.0116566
-0.0113529
-0.0110372
-0.0107297
-0.010409
-0.0101025
-0.00978519
-0.00947136
-0.00916222
-0.00884821
-0.00854487
-0.00822832
-0.0079069
-0.00759616
-0.00729014
-0.00697209
-0.00666713
-0.00635135
-0.00603191
-0.00572319
-0.00541202
-0.00509243
-0.00478715
-0.00446746
-0.00415851
-0.00384713
-0.00352972
-0.00321229
-0.00290201
-0.00258811
-0.0022718
-0.00196025
-0.00165229
-0.00133593
-0.00102315
-0.000706771
-0.000391587
-8.23944e-05
0.000239978
0.000545567
0.000860734
0.0011711
0.00148743
0.00180735
0.00211885
0.00243153
0.00273939
0.0030616
0.0033658
0.00369153
0.00400164
0.00430933
0.00462175
0.00493412
0.00525123
0.00557068
0.00587451
0.00618786
0.00649994
0.00682272
0.00713347
0.00744534
0.00775833
0.00807005
0.00838407
0.00868965
0.00900349
0.0093256
0.00962733
0.0099397
0.0102579
0.0105653
0.0108786
0.0111953
0.0115071
0.0118081
0.0121221
0.0124312
0.0127425
0.0130608
0.0133636
0.0136769
0.0139854
0.0143043
0.0146054
0.0149181
0.0152295
0.0155443
0.0158495
0.0161605
0.0164689
0.0167759
0.0170923
0.0173966
0.0176996
0.0180131
0.0183169
0.0186335
0.0189429
0.0192438
0.0195469
0.0198604
0.0201713
0.0204785
0.0207843
0.0210818
0.0213953
0.0216982
0.0220055
0.0223056
0.0226195
0.0229261
0.023229
0.023534
0.0238353
0.0241398
0.024443
0.0247436
0.0250566
0.025359
0.0256531
0.0259584
0.0262693
0.0265684
0.026866
0.0271668
0.0274755
0.0277758
0.0280689
0.0283778
0.0286773
0.0289741
0.0292707
0.0295682
0.0298688
0.0301736
0.0304691
0.0307676
0.0310624
0.0313672
0.0316591
0.0319564
0.0322511
0.0325466
0.0328498
0.0331469
0.0334426
0.0337357
0.0340295
0.0343231
0.0346129
0.0349125
0.0352005
0.0355028
0.0357923
0.0360816
0.0363693
0.0366679
0.036956
0.0372438
0.0375323
0.0378238
0.0381216
0.0384068
0.0386971
0.0389849
0.0392723
0.0395658
0.0398447
0.0401342
0.0404277
0.0407098
0.040997
0.0412783
0.0415679
0.0418506
0.0421296
0.0424179
0.0426961
0.0429869
0.0432675
0.043553
0.0438241
0.0441099
0.0443909
0.0446715
0.0449484
0.0452355
0.0455148
0.045785
0.0460697
0.0463423
0.0466176
0.046903
0.0471763
0.0474492
0.0477279
0.048004
0.0482775
0.0485506
0.0488221
0.0490932
0.049369
0.0496359
0.0499097
0.0501788
0.0504567
0.0507197
0.0509873
0.0512657
0.0515323
0.0517964
0.0520599
0.0523352
0.0526008
0.0528638
0.0531264
0.0533904
0.0536529
0.0539219
0.0541843
0.0544502
0.0547096
0.0549684
0.0552366
0.0554904
0.0557575
0.0560132
0.0562703
0.0565298
0.0567877
0.0570392
0.0573009
0.0575562
0.0578109
0.0580621
0.0583254
0.0585764
0.0588308
0.0590816
0.059331
0.0595816
0.0598374
0.0600879
0.0603358
0.0605869
0.0608299
0.0610808
0.0613301
0.0615684
0.0618231
0.062064
0.0623071
0.0625562
0.0627953
0.0630403
0.06328
0.0635209
0.0637631
0.0640083
0.0642474
0.0644895
0.0647263
0.0649581
0.0651973
0.065435
0.065672
0.0659057
0.0661369
0.0663756
0.0666118
0.0668419
0.0670706
0.0673057
0.0675321
0.0677684
0.0679953
0.0682285
0.0684506
0.0686755
0.0689049
0.0691328
0.0693548
0.0695795
0.0698011
0.070027
0.0702522
0.0704683
0.0706955
0.0709094
0.0711335
0.071351
0.0715745
0.0717856
0.0720068
0.0722165
0.0724355
0.0726487
0.0728679
0.0730797
0.0732908
0.0735045
0.0737125
0.0739215
0.0741346
0.0743461
0.0745489
0.0747589
0.0749689
0.0751735
0.0753797
0.0755804
0.0757874
0.0759875
0.0761907
0.0763908
0.0765894
0.0767918
0.0769889
0.077186
0.0773854
0.0775885
0.0777796
0.0779759
0.0781737
0.0783654
0.0785609
0.0787526
0.0789413
0.0791337
0.0793245
0.0795102
0.079698
0.0798865
0.080072
0.0802618
0.0804464
0.0806296
0.080812
0.0809977
0.0811751
0.0813599
0.0815384
0.0817161
0.0818958
0.0820753
0.082256
0.0824298
0.0826075
0.0827797
0.0829545
0.0831297
0.0832988
0.0834685
0.0836406
0.0838124
0.0839796
0.0841473
0.0843135
0.084482
0.084649
0.0848134
0.0849768
0.0851382
0.0852994
0.0854623
0.0856261
0.0857811
0.0859456
0.086102
0.0862569
0.0864116
0.0865714
0.0867273
0.086876
0.0870285
0.0871853
0.0873355
0.0874848
0.0876333
0.0877814
0.0879333
0.0880774
0.0882241
0.0883699
0.0885143
0.0886551
0.088801
0.0889427
0.0890804
0.0892209
0.0893574
0.0894982
0.089634
0.0897694
0.0899071
0.0900412
0.090174
0.0903105
0.0904414
0.0905715
0.0907032
0.0908311
0.0909585
0.091085
0.0912146
0.0913407
0.0914632
0.0915871
0.0917077
0.0918335
0.0919538
0.0920718
0.0921921
0.0923087
0.0924285
0.0925429
0.0926608
0.0927765
0.0928895
0.0930003
0.0931145
0.0932256
0.0933358
0.0934421
0.0935526
0.0936604
0.0937657
0.0938708
0.0939747
0.0940776
0.0941828
0.0942831
0.0943829
0.0944829
0.0945831
0.0946801
0.0947798
0.0948764
0.0949714
0.0950654
0.095156
0.0952513
0.0953404
0.095433
0.0955207
0.0956087
0.0956978
0.0957853
0.0958718
0.0959564
0.0960401
0.0961225
0.0962058
0.096286
0.0963662
0.0964448
0.0965236
0.0966004
0.0966764
0.0967515
0.0968251
0.0969006
0.0969731
0.0970444
0.0971147
0.0971841
0.0972523
0.0973208
0.0973871
0.0974526
0.0975184
0.0975818
0.0976445
0.097705
0.0977658
0.0978267
0.0978853
0.0979436
0.0980001
0.0980577
0.0981123
0.0981667
0.0982193
0.0982708
0.0983227
0.098373
0.0984227
0.0984704
0.0985178
0.098564
0.098609
0.0986552
0.0986987
0.098741
0.0987827
0.0988231
0.0988624
0.0989016
0.0989379
0.0989753
0.0990107
0.0990447
0.0990794
0.0991112
0.0991434
0.0991738
0.0992039
0.0992333
0.0992608
0.0992875
0.0993134
0.0993376
0.0993622
0.0993855
0.0994066
0.0994274
0.0994479
0.0994667
0.0994852
0.0995021
0.0995178
0.0995331
0.0995471
0.09956
0.0995721
0.0995834
0.0995933
0.0996027
0.0996109
0.0996179
0.0996242
0.0996293
0.0996337
0.0996369
0.0996392
0.0996404
0.0996407
0.0996401
0.0996384
0.0996357
0.0996321
0.0996276
0.0996219
0.0996152
0.0996079
0.0995992
0.0995895
0.099579
0.0995678
0.0995553
0.0995418
0.099527
0.0995119
0.0994955
0.0994782
0.0994594
0.0994406
0.0994198
0.0993985
0.0993765
0.0993534
0.099329
0.0993035
0.0992776
0.0992501
0.0992212
0.0991925
0.0991628
0.0991312
0.0990988
0.0990661
0.0990324
0.0989965
0.0989603
0.0989237
0.0988864
0.0988463
0.098807
0.0987666
0.0987239
0.0986808
0.0986368
0.0985935
0.0985475
0.0985005
0.0984516
0.0984029
0.0983537
0.0983034
0.0982519
0.0981995
0.0981463
0.0980905
0.0980347
0.0979782
0.0979214
0.0978633
0.0978035
0.0977433
0.0976817
0.0976203
0.0975575
0.0974936
0.0974266
0.0973609
0.097294
0.0972267
0.0971582
0.0970874
0.097015
0.0969447
0.0968724
0.0967968
0.096724
0.0966471
0.096571
0.0964918
0.0964149
0.0963363
0.0962545
0.096174
0.0960903
0.0960072
0.0959228
0.0958372
0.0957506
0.0956654
0.0955763
0.0954876
0.0953962
0.0953076
0.0952136
0.0951229
0.0950277
0.094934
0.0948384
0.0947429
0.094645
0.0945461
0.0944459
0.0943444
0.0942435
0.0941433
0.0940405
0.0939321
0.0938294
0.0937259
0.0936175
0.0935093
0.093401
0.0932917
0.0931837
0.0930701
0.0929599
0.092844
0.0927293
0.0926177
0.0924985
0.092382
0.0922645
0.0921443
0.0920283
0.0919063
0.0917829
0.0916623
0.0915375
0.0914175
0.091289
0.091162
0.091037
0.0909081
0.0907813
0.0906512
0.0905226
0.0903907
0.0902563
0.0901225
0.089991
0.0898544
0.0897174
0.0895843
0.089445
0.0893091
0.089167
0.0890251
0.0888882
0.0887434
0.088602
0.0884555
0.0883124
0.0881657
0.0880226
0.0878752
0.0877248
0.087578
0.0874257
0.0872784
0.0871232
0.0869748
0.0868167
0.0866631
0.0865121
0.086352
0.0861951
0.0860411
0.0858826
0.0857244
0.085563
0.0854044
0.0852363
0.0850779
0.0849143
0.0847505
0.0845827
0.084421
0.0842535
0.0840838
0.0839158
0.0837451
0.0835735
0.083405
0.0832311
0.0830584
0.0828855
0.0827151
0.0825406
0.0823659
0.0821871
0.0820047
0.0818276
0.0816531
0.081473
0.0812928
0.0811063
0.0809273
0.0807419
0.080562
0.0803758
0.0801922
0.0800043
0.0798135
0.0796254
0.0794409
0.0792513
0.0790609
0.078869
0.0786755
0.0784843
0.0782922
0.0780979
0.0779028
0.0777055
0.0775089
0.0773145
0.0771134
0.0769129
0.0767132
0.076512
0.0763124
0.0761158
0.0759093
0.0757027
0.0755032
0.0752943
0.0750941
0.0748837
0.0746813
0.0744686
0.0742639
0.0740497
0.0738476
0.0736287
0.0734228
0.0732073
0.0729975
0.0727821
0.0725676
0.0723516
0.0721373
0.0719248
0.0717059
0.0714845
0.0712682
0.0710488
0.0708278
0.0706077
0.0703862
0.0701673
0.0699384
0.0697199
0.0694955
0.0692705
0.069044
0.0688176
0.0685896
0.0683619
0.0681352
0.0679052
0.067678
0.0674476
0.0672191
0.0669812
0.0667549
0.0665218
0.0662809
0.0660554
0.0658141
0.0655784
0.0653474
0.0651104
0.0648673
0.064628
0.0643945
0.064155
0.0639175
0.0636757
0.0634305
0.0631921
0.0629447
0.0627042
0.062463
0.0622202
0.0619675
0.0617254
0.061478
0.0612376
0.0609805
0.0607407
0.0604909
0.0602415
0.0599904
0.0597379
0.0594847
0.0592386
0.0589872
0.0587312
0.0584825
0.0582206
0.0579687
0.0577144
0.0574555
0.057204
0.0569469
0.0566874
0.0564262
0.0561744
0.0559161
0.0556543
0.05539
0.055132
0.0548665
0.0546125
0.0543479
0.0540818
0.0538222
0.053557
0.0532933
0.053023
0.0527654
0.052491
0.0522272
0.0519558
0.051689
0.0514257
0.0511589
0.0508896
0.0506218
0.0503493
0.0500816
0.0498102
0.0495321
0.0492587
0.0489942
0.0487198
0.0484481
0.0481749
0.0478959
0.0476217
0.047347
0.0470708
0.0467931
0.0465149
0.0462395
0.0459625
0.045684
0.0454019
0.0451235
0.0448458
0.0445644
0.0442848
0.0440025
0.0437198
0.0434378
0.0431553
0.0428724
0.0425933
0.0423118
0.0420254
0.0417408
0.041458
0.0411671
0.0408802
0.0405983
0.0403062
0.0400257
0.0397416
0.0394482
0.0391633
0.0388747
0.0385835
0.0382952
0.0380076
0.0377108
0.0374292
0.0371405
0.0368448
0.0365587
0.0362623
0.0359666
0.0356817
0.0353808
0.0350874
0.0348026
0.0344995
0.034205
0.033917
0.0336207
0.0333219
0.0330294
0.0327367
0.0324368
0.0321435
0.0318464
0.031549
0.0312524
0.0309532
0.0306548
0.0303585
0.0300595
0.0297545
0.0294573
0.029162
0.0288561
0.028558
0.0282642
0.0279609
0.0276584
0.027358
0.0270551
0.0267472
0.0264506
0.0261492
0.0258486
0.0255385
0.0252432
0.0249338
0.0246368
0.0243338
0.0240295
0.0237178
0.0234141
0.0231055
0.022799
0.0224935
0.0221935
0.021891
0.0215848
0.0212749
0.0209623
0.0206672
0.0203589
0.020047
0.0197442
0.019433
0.0191228
0.0188218
0.0185123
0.0182015
0.0178917
0.0175877
0.017281
0.0169636
0.0166555
0.0163507
0.0160446
0.0157253
0.0154165
0.0151064
0.0148044
0.0144857
0.0141763
0.0138679
0.0135571
0.0132532
0.0129338
0.0126332
0.0123159
0.0119996
0.0116927
0.0113869
0.0110738
0.0107583
0.0104521
0.0101376
0.0098181
0.00950689
0.00919796
0.00888537
0.00857387
0.00825513
0.00794585
0.00763649
0.00732705
0.00701037
0.00669242
0.00638875
0.00606947
0.00576208
0.00544506
0.00513636
0.00482282
0.00450564
0.00419679
0.00387593
0.0035634
0.00324724
0.00293584
0.002622
0.00230694
0.00199425
0.00168394
0.0013724
0.00106205
0.000743297
0.000429324
0.000112947
-0.000203435
-0.000515025
-0.000825414
-0.00114299
-0.00145217
-0.00176373
-0.00207529
-0.00239761
-0.00270912
-0.00302181
-0.00333687
-0.0036495
-0.00396091
-0.00427348
-0.004586
-0.0048961
-0.00521094
-0.00553291
-0.00583927
-0.00615515
-0.00647216
-0.00678314
-0.00708927
-0.00741208
-0.00772405
-0.00802998
-0.00834181
-0.00866192
-0.00897478
-0.00928159
-0.00959428
-0.00990926
-0.0102253
-0.0105306
-0.0108441
-0.0111575
-0.0114648
-0.011778
-0.0120899
-0.0124028
-0.0127109
-0.0130224
-0.0133421
-0.0136487
-0.0139586
-0.0142672
-0.0145817
-0.0148936
-0.0151994
-0.0155075
-0.0158178
-0.0161362
-0.0164402
-0.0167536
-0.0170562
-0.0173692
-0.0176797
-0.0179901
-0.018292
-0.0186008
-0.0189094
-0.0192167
-0.0195238
-0.0198318
-0.0201421
-0.0204462
-0.0207643
-0.0210715
-0.0213774
-0.0216843
-0.0219851
-0.0222939
-0.0225966
-0.0229085
-0.0232096
-0.0235175
-0.0238159
-0.0241303
-0.0244293
-0.0247328
-0.025036
-0.0253425
-0.0256441
-0.0259478
-0.0262512
-0.0265508
-0.0268561
-0.0271587
-0.0274587
-0.0277689
-0.0280604
-0.0283654
-0.0286713
-0.0289734
-0.029265
-0.0295723
-0.0298656
-0.0301734
-0.0304627
-0.0307631
-0.0310621
-0.031363
-0.0316614
-0.0319583
-0.0322583
-0.0325558
-0.0328461
-0.0331508
-0.033445
-0.0337411
-0.0340381
-0.0343369
-0.0346264
-0.0349212
-0.0352112
-0.0355065
-0.035807
-0.036097
-0.0363923
-0.0366851
-0.0369741
-0.0372661
-0.0375555
-0.0378445
-0.0381332
-0.0384315
-0.0387161
-0.0390059
-0.0393019
-0.0395843
-0.0398774
-0.0401579
-0.040449
-0.0407343
-0.0410257
-0.0413124
-0.0415954
-0.0418877
-0.0421645
-0.0424495
-0.0427341
-0.0430194
-0.0432967
-0.0435865
-0.0438705
-0.0441541
-0.044434
-0.0447177
-0.0449925
-0.0452711
-0.0455504
-0.0458324
-0.0461139
-0.046395
-0.0466714
-0.0469484
-0.0472271
-0.0475042
-0.0477819
-0.0480602
-0.048337
-0.0486028
-0.0488797
-0.0491561
-0.0494289
-0.0497012
-0.0499782
-0.0502423
-0.0505193
-0.0507886
-0.0510575
-0.0513268
-0.0515977
-0.0518651
-0.0521401
-0.0524085
-0.0526692
-0.0529426
-0.0532104
-0.0534778
-0.0537425
-0.0540007
-0.0542725
-0.0545286
-0.0548003
-0.0550564
-0.055319
-0.055583
-0.0558435
-0.0561054
-0.0563609
-0.0566227
-0.056885
-0.0571398
-0.0573979
-0.0576565
-0.0579116
-0.0581671
-0.058425
-0.0586784
-0.0589322
-0.0591942
-0.059442
-0.0597008
-0.0599513
-0.0601983
-0.0604515
-0.0606993
-0.0609542
-0.061198
-0.0614516
-0.0616942
-0.0619466
-0.0621927
-0.0624354
-0.0626822
-0.0629294
-0.0631702
-0.0634152
-0.0636586
-0.0639032
-0.0641499
-0.0643859
-0.0646259
-0.0648633
-0.0651039
-0.0653474
-0.0655821
-0.0658207
-0.0660622
-0.0662905
-0.0665272
-0.0667605
-0.0669949
-0.0672323
-0.0674654
-0.067697
-0.0679279
-0.0681555
-0.0683895
-0.0686193
-0.0688458
-0.0690725
-0.0693011
-0.0695317
-0.0697607
-0.0699804
-0.0702114
-0.0704349
-0.070656
-0.070879
-0.0710979
-0.0713195
-0.0715445
-0.0717664
-0.071985
-0.0722029
-0.0724235
-0.07264
-0.072855
-0.0730684
-0.0732803
-0.0734989
-0.0737127
-0.0739241
-0.0741332
-0.074344
-0.0745597
-0.074765
-0.0749776
-0.0751823
-0.0753934
-0.0755982
-0.0758063
-0.076012
-0.0762185
-0.0764227
-0.0766269
-0.0768242
-0.0770254
-0.077229
-0.0774263
-0.0776306
-0.0778303
-0.0780254
-0.0782213
-0.0784225
-0.0786176
-0.0788127
-0.079004
-0.0791939
-0.0793933
-0.0795831
-0.0797721
-0.0799603
-0.0801522
-0.0803432
-0.0805291
-0.0807178
-0.0809014
-0.0810872
-0.0812742
-0.0814583
-0.0816381
-0.0818213
-0.0820016
-0.0821839
-0.0823626
-0.0825412
-0.0827218
-0.0829015
-0.0830783
-0.0832523
-0.0834255
-0.0836019
-0.0837742
-0.0839443
-0.0841196
-0.084292
-0.0844577
-0.0846298
-0.084801
-0.0849636
-0.0851306
-0.0852999
-0.0854664
-0.085629
-0.0857939
-0.0859554
-0.0861173
-0.0862741
-0.0864368
-0.0865962
-0.0867553
-0.08691
-0.087071
-0.0872222
-0.0873821
-0.0875317
-0.0876892
-0.0878394
-0.0879917
-0.0881419
-0.088293
-0.0884421
-0.088588
-0.0887382
-0.0888836
-0.0890297
-0.0891739
-0.0893139
-0.0894591
-0.089598
-0.0897403
-0.0898834
-0.0900244
-0.0901582
-0.0902965
-0.0904323
-0.0905718
-0.0907038
-0.0908379
-0.0909702
-0.0911036
-0.0912381
-0.0913652
-0.0914978
-0.0916251
-0.091753
-0.091879
-0.0920041
-0.0921303
-0.0922546
-0.0923803
-0.0925027
-0.0926243
-0.0927408
-0.0928637
-0.0929825
-0.0930995
-0.0932178
-0.0933335
-0.0934478
-0.0935629
-0.0936723
-0.0937882
-0.0938962
-0.0940068
-0.0941161
-0.0942269
-0.0943355
-0.0944432
-0.0945483
-0.0946533
-0.0947538
-0.094857
-0.0949628
-0.0950637
-0.0951621
-0.0952619
-0.0953608
-0.0954569
-0.0955542
-0.0956492
-0.0957432
-0.0958367
-0.095931
-0.0960233
-0.0961139
-0.096204
-0.0962917
-0.0963826
-0.0964668
-0.0965534
-0.09664
-0.0967247
-0.0968081
-0.0968905
-0.0969696
-0.0970529
-0.0971316
-0.0972085
-0.0972879
-0.0973626
-0.0974387
-0.0975156
-0.0975875
-0.0976615
-0.0977332
-0.0978045
-0.0978735
-0.0979433
-0.0980127
-0.0980781
-0.0981441
-0.098209
-0.0982736
-0.0983376
-0.0983985
-0.0984608
-0.0985215
-0.0985791
-0.0986396
-0.0986953
-0.098753
-0.0988073
-0.0988631
-0.098917
-0.098969
-0.0990205
-0.0990714
-0.0991215
-0.0991697
-0.0992172
-0.0992647
-0.0993097
-0.0993542
-0.0993978
-0.0994421
-0.0994842
-0.0995245
-0.0995643
-0.0996037
-0.099642
-0.0996783
-0.099715
-0.0997487
-0.0997842
-0.0998163
-0.0998493
-0.0998799
-0.09991
-0.0999393
-0.0999683
-0.0999948
-0.100021
-0.100046
-0.10007
-0.100094
-0.100117
-0.100138
-0.100158
-0.100178
-0.100196
-0.100213
-0.10023
-0.100245
-0.10026
-0.100273
-0.100286
-0.100297
-0.100308
-0.100317
-0.100326
-0.100334
-0.10034
-0.100346
-0.100351
-0.100354
-0.100357
-0.100358
-0.100359
-0.100359
-0.100358
-0.100355
-0.100352
-0.100348
-0.100343
-0.100337
-0.100329
-0.100321
-0.100312
-0.100302
-0.100291
-0.100279
-0.100266
-0.100252
-0.100237
-0.10022
-0.100203
-0.100186
-0.100166
-0.100147
-0.100126
-0.100104
-0.100081
-0.100057
-0.100033
-0.100007
-0.0999793
-0.0999516
-0.0999234
-0.0998932
-0.0998627
-0.0998309
-0.0997982
-0.0997645
-0.0997304
-0.0996947
-0.0996574
-0.0996199
-0.0995811
-0.0995423
-0.0995008
-0.0994604
-0.099417
-0.0993736
-0.0993292
-0.0992836
-0.0992371
-0.0991905
-0.0991414
-0.0990918
-0.0990425
-0.098992
-0.0989386
-0.0988872
-0.0988307
-0.0987775
-0.0987207
-0.0986636
-0.0986056
-0.0985461
-0.0984861
-0.0984253
-0.0983632
-0.0983017
-0.0982379
-0.0981726
-0.098106
-0.098039
-0.0979731
-0.0979044
-0.0978337
-0.0977631
-0.097691
-0.0976213
-0.0975456
-0.0974711
-0.097396
-0.0973215
-0.0972439
-0.097165
-0.0970846
-0.0970054
-0.0969239
-0.0968412
-0.0967601
-0.0966759
-0.0965896
-0.0965054
-0.096419
-0.0963332
-0.0962418
-0.0961519
-0.0960609
-0.0959701
-0.0958783
-0.0957842
-0.0956895
-0.0955942
-0.0955013
-0.0954011
-0.0953042
-0.0952047
-0.095104
-0.0950058
-0.094902
-0.0947992
-0.0946975
-0.0945933
-0.0944866
-0.0943801
-0.0942727
-0.0941664
-0.0940576
-0.0939474
-0.0938346
-0.0937235
-0.093611
-0.093498
-0.0933802
-0.0932658
-0.0931505
-0.0930344
-0.0929141
-0.0927934
-0.0926746
-0.0925548
-0.0924327
-0.0923093
-0.0921864
-0.0920587
-0.0919354
-0.0918093
-0.0916789
-0.0915495
-0.0914252
-0.091295
-0.0911624
-0.0910294
-0.0908996
-0.0907648
-0.0906286
-0.0904936
-0.0903561
-0.0902188
-0.090079
-0.0899409
-0.0898042
-0.0896623
-0.0895227
-0.0893774
-0.0892372
-0.0890901
-0.0889443
-0.0887987
-0.0886523
-0.0885056
-0.088354
-0.0882084
-0.0880591
-0.0879067
-0.0877533
-0.0875997
-0.0874458
-0.0872934
-0.0871348
-0.0869789
-0.0868252
-0.0866628
-0.0865074
-0.0863488
-0.0861838
-0.0860228
-0.0858604
-0.0856984
-0.085535
-0.0853694
-0.0852049
-0.0850383
-0.0848683
-0.0847013
-0.0845361
-0.0843668
-0.0841908
-0.0840206
-0.0838482
-0.0836762
-0.0835002
-0.0833287
-0.0831537
-0.0829778
-0.0828019
-0.0826231
-0.0824428
-0.082261
-0.0820797
-0.0819018
-0.0817211
-0.0815395
-0.0813502
-0.0811698
-0.0809852
-0.0807998
-0.0806107
-0.0804244
-0.080233
-0.0800466
-0.0798587
-0.0796671
-0.0794754
-0.0792779
-0.0790883
-0.0788943
-0.0786988
-0.0785063
-0.0783115
-0.0781137
-0.0779151
-0.0777157
-0.0775179
-0.0773178
-0.0771138
-0.0769122
-0.0767152
-0.0765051
-0.0763074
-0.0761036
-0.0758966
-0.0756858
-0.0754829
-0.075276
-0.0750677
-0.0748586
-0.0746472
-0.0744374
-0.0742278
-0.0740133
-0.0738022
-0.0735879
-0.0733729
-0.0731589
-0.0729449
-0.0727261
-0.072509
-0.0722971
-0.0720753
-0.0718553
-0.0716413
-0.0714199
-0.0711994
-0.0709732
-0.0707497
-0.0705255
-0.0703049
-0.0700835
-0.069853
-0.0696268
-0.0694052
-0.0691769
-0.0689487
-0.0687225
-0.0684852
-0.0682594
-0.0680303
-0.0677997
-0.0675666
-0.0673347
-0.0670958
-0.0668652
-0.066634
-0.0663977
-0.0661607
-0.0659194
-0.0656874
-0.0654475
-0.065207
-0.0649686
-0.0647277
-0.0644871
-0.0642459
-0.0640105
-0.0637633
-0.0635212
-0.0632784
-0.0630331
-0.0627881
-0.0625406
-0.0622982
-0.0620476
-0.0618011
-0.0615597
-0.0613092
-0.0610562
-0.0608073
-0.0605569
-0.0603058
-0.060059
-0.0598097
-0.0595502
-0.0593007
-0.0590419
-0.0587952
-0.0585372
-0.0582805
-0.0580253
-0.0577734
-0.057516
-0.0572551
-0.0569976
-0.0567405
-0.0564809
-0.0562188
-0.0559581
-0.0556948
-0.05543
-0.0551757
-0.0549048
-0.0546434
-0.0543824
-0.0541169
-0.0538519
-0.0535904
-0.0533233
-0.0530588
-0.0527906
-0.052521
-0.0522569
-0.0519852
-0.0517181
-0.0514474
-0.0511731
-0.0509107
-0.0506395
-0.0503606
-0.0500905
-0.0498252
-0.0495468
-0.0492774
-0.0490033
-0.0487287
-0.0484547
-0.0481792
-0.0479
-0.0476236
-0.0473477
-0.0470661
-0.0467956
-0.0465131
-0.04623
-0.0459561
-0.0456743
-0.0454006
-0.0451136
-0.044838
-0.0445555
-0.0442747
-0.043987
-0.0437129
-0.0434297
-0.0431462
-0.0428546
-0.042569
-0.0422874
-0.0420022
-0.0417154
-0.0414282
-0.0411461
-0.0408636
-0.0405742
-0.0402865
-0.0399984
-0.03971
-0.0394255
-0.0391297
-0.0388445
-0.0385545
-0.0382619
-0.0379689
-0.0376823
-0.0373863
-0.0371023
-0.0368134
-0.0365153
-0.0362257
-0.0359291
-0.0356411
-0.0353471
-0.0350438
-0.0347502
-0.0344552
-0.0341678
-0.0338665
-0.0335705
-0.0332719
-0.0329832
-0.0326794
-0.0323855
-0.0320936
-0.0317923
-0.0314963
-0.0311989
-0.0309012
-0.0305918
-0.0303015
-0.0299949
-0.0296949
-0.0294003
-0.0290986
-0.0288034
-0.0284919
-0.0281997
-0.0278922
-0.0275914
-0.0272949
-0.0269901
-0.0266815
-0.0263819
-0.0260763
-0.0257716
-0.0254678
-0.0251684
-0.0248618
-0.0245607
-0.0242618
-0.0239556
-0.0236469
-0.0233379
-0.0230392
-0.0227321
-0.0224225
-0.0221138
-0.0218084
-0.0215086
-0.0211958
-0.0208933
-0.0205824
-0.0202748
-0.0199717
-0.0196578
-0.0193591
-0.0190472
-0.0187351
-0.0184252
-0.0181257
-0.0178095
-0.0175097
-0.0171968
-0.0168884
-0.0165774
-0.0162699
-0.0159527
-0.0156425
-0.0153381
-0.0150275
-0.0147169
-0.0144096
-0.0140987
-0.0137876
-0.0134764
-0.0131663
-0.0128465
-0.0125396
-0.0122267
-0.0119113
-0.0116077
-0.0112909
-0.0109835
-0.0106665
-0.0103577
-0.0100441
-0.00972792
-0.00942124
-0.00910372
-0.00879448
-0.00847799
-0.00817336
-0.00785551
-0.00754357
-0.00722916
-0.00691469
-0.00660015
-0.00629632
-0.00597927
-0.00566934
-0.00535337
-0.00503377
-0.00472609
-0.00441358
-0.00409983
-0.00378245
-0.00346983
-0.00315718
-0.0028457
-0.0025306
-0.00221308
-0.00190753
-0.00158878
-0.00127122
-0.000959636
-0.000650446
-0.000335261
-2.3672e-05
0.000299898
0.000611477
0.000917056
0.0012358
0.00155094
0.00186126
0.00217876
0.00249263
0.00280168
0.0031119
0.00342449
0.00373943
0.00405552
0.00437038
0.00468519
0.00500114
0.00531585
0.00562571
0.0059391
0.00625243
0.00655733
0.00687412
0.00718725
0.0075003
0.00781328
0.00811901
0.00844137
0.00875052
0.0090727
0.00937212
0.00969053
0.0099981
0.0103163
0.0106261
0.0109345
0.01125
0.011563
0.0118676
0.0121827
0.0124953
0.0128078
0.013119
0.0134253
0.0137398
0.0140447
0.0143577
0.0146646
0.0149797
0.0152852
0.015594
0.0159027
0.0162148
0.0165291
0.0168361
0.0171418
0.0174532
0.0177574
0.0180708
0.0183805
0.0186877
0.0189911
0.0193014
0.0196033
0.019912
0.0202276
0.0205336
0.0208359
0.0211426
0.0214468
0.021759
0.0220581
0.0223721
0.0226766
0.0229809
0.0232849
0.023591
0.0238865
0.0241956
0.0245034
0.0248039
0.025103
0.0254146
0.0257121
0.0260139
0.0263144
0.0266261
0.0269283
0.027221
0.0275227
0.0278229
0.0281263
0.0284318
0.0287312
0.0290314
0.0293245
0.0296334
0.0299236
0.0302307
0.0305295
0.0308188
0.031117
0.0314229
0.0317204
0.0320165
0.0323089
0.03261
0.0328984
0.0332033
0.0334967
0.0337841
0.0340869
0.0343815
0.0346735
0.0349674
0.035261
0.0355464
0.0358471
0.0361407
0.0364306
0.0367224
0.037006
0.0373049
0.0375944
0.037877
0.0381747
0.0384642
0.0387435
0.0390411
0.0393229
0.0396087
0.0398974
0.0401912
0.0404747
0.040759
0.0410504
0.0413317
0.0416169
0.0419038
0.0421827
0.0424634
0.0427491
0.0430322
0.0433203
0.0435993
0.0438833
0.0441614
0.0444423
0.0447196
0.045005
0.0452867
0.0455584
0.0458424
0.0461133
0.0463921
0.0466758
0.0469537
0.0472237
0.0474976
0.0477793
0.0480533
0.0483299
0.0486018
0.0488732
0.0491411
0.0494178
0.0496847
0.0499553
0.0502326
0.0505042
0.0507743
0.0510356
0.0513129
0.0515825
0.0518475
0.0521161
0.0523821
0.0526445
0.0529085
0.053175
0.0534439
0.0537023
0.0539652
0.0542295
0.0544923
0.0547606
0.0550203
0.0552795
0.0555461
0.0558041
0.0560577
0.0563157
0.05658
0.056832
0.0570883
0.0573499
0.057607
0.0578616
0.0581166
0.0583642
0.058621
0.0588723
0.0591231
0.0593761
0.0596267
0.0598786
0.060127
0.0603748
0.0606259
0.0608763
0.0611252
0.0613716
0.0616258
0.0618672
0.0621071
0.0623585
0.0626018
0.0628464
0.0630866
0.0633299
0.0635735
0.0638054
0.0640468
0.0642895
0.0645314
0.0647655
0.0650043
0.0652434
0.0654792
0.0657134
0.0659497
0.0661835
0.0664202
0.0666474
0.0668801
0.0671131
0.0673436
0.0675796
0.0678088
0.0680347
0.0682625
0.0684923
0.0687154
0.0689438
0.0691698
0.0693926
0.0696224
0.0698454
0.0700661
0.0702879
0.070514
0.070736
0.0709514
0.0711753
0.0713886
0.0716136
0.0718312
0.0720423
0.0722602
0.0724749
0.0726905
0.0729029
0.0731187
0.0733289
0.0735448
0.0737552
0.0739656
0.0741705
0.0743811
0.0745893
0.0747952
0.0750059
0.0752057
0.0754117
0.0756202
0.0758239
0.0760223
0.0762261
0.0764284
0.0766292
0.0768307
0.0770254
0.0772231
0.0774261
0.0776193
0.0778162
0.0780124
0.0782063
0.0784031
0.0785903
0.0787826
0.0789742
0.07917
0.0793534
0.0795455
0.0797332
0.0799194
0.0801076
0.0802937
0.0804782
0.080664
0.0808435
0.081027
0.0812097
0.081393
0.0815755
0.0817517
0.0819298
0.0821078
0.0822837
0.0824607
0.0826356
0.0828104
0.0829836
0.0831587
0.0833316
0.0835037
0.0836744
0.0838428
0.0840105
0.0841787
0.0843447
0.0845124
0.0846787
0.0848447
0.0850062
0.0851693
0.085331
0.0854912
0.0856524
0.0858127
0.0859734
0.086129
0.0862862
0.0864426
0.0865957
0.0867538
0.0869088
0.0870576
0.087209
0.0873602
0.0875123
0.0876611
0.0878103
0.0879563
0.0881054
0.088248
0.0883937
0.0885368
0.0886791
0.0888243
0.0889664
0.0891061
0.0892459
0.0893849
0.0895224
0.0896632
0.0897949
0.0899313
0.0900653
0.0901994
0.0903302
0.0904625
0.0905965
0.0907265
0.0908527
0.0909814
0.0911078
0.0912338
0.0913632
0.0914836
0.0916115
0.0917334
0.0918521
0.0919768
0.0920937
0.0922129
0.0923326
0.0924504
0.0925659
0.0926802
0.0927957
0.0929072
0.09302
0.0931341
0.0932446
0.0933538
0.0934629
0.0935698
0.0936775
0.0937839
0.0938893
0.0939946
0.0940977
0.0942011
0.0943024
0.0944035
0.0945026
0.0946026
0.0946998
0.0947961
0.0948921
0.094988
0.0950804
0.0951744
0.0952667
0.0953563
0.0954492
0.0955366
0.0956249
0.0957148
0.0957995
0.0958871
0.0959693
0.0960538
0.0961376
0.0962201
0.0962992
0.0963789
0.0964586
0.0965373
0.0966141
0.0966897
0.0967653
0.0968398
0.0969123
0.0969855
0.0970553
0.0971273
0.0971968
0.097264
0.0973311
0.0973982
0.0974633
0.0975282
0.097592
0.0976549
0.0977177
0.0977785
0.0978372
0.097896
0.0979531
0.098012
0.0980675
0.0981225
0.0981761
0.0982286
0.0982805
0.0983318
0.0983819
0.0984305
0.0984799
0.0985269
0.0985724
0.0986177
0.0986617
0.0987057
0.0987488
0.0987888
0.0988294
0.0988695
0.0989077
0.0989449
0.0989811
0.0990174
0.0990516
0.0990852
0.0991174
0.0991486
0.0991799
0.0992088
0.0992382
0.0992652
0.0992917
0.0993182
0.0993428
0.0993667
0.0993888
0.0994106
0.0994312
0.0994516
0.0994701
0.0994879
0.0995047
0.0995208
0.0995355
0.0995498
0.0995623
0.0995742
0.0995855
0.0995951
0.0996042
0.0996121
0.0996193
0.0996252
0.0996303
0.0996344
0.0996374
0.0996395
0.0996406
0.0996407
0.0996398
0.099638
0.0996352
0.0996313
0.0996266
0.0996209
0.0996141
0.0996063
0.0995977
0.0995878
0.0995772
0.0995655
0.0995527
0.0995393
0.0995246
0.099509
0.0994926
0.0994745
0.0994558
0.0994368
0.099416
0.0993945
0.0993718
0.0993488
0.0993243
0.0992991
0.0992728
0.0992443
0.0992169
0.0991874
0.0991571
0.0991259
0.0990927
0.0990602
0.0990251
0.0989909
0.0989546
0.0989165
0.0988795
0.0988403
0.0987994
0.0987579
0.0987161
0.098673
0.098629
0.0985843
0.0985388
0.0984908
0.0984443
0.0983938
0.0983455
0.0982936
0.0982428
0.0981896
0.0981362
0.0980817
0.0980251
0.0979693
0.0979114
0.0978532
0.0977929
0.0977326
0.0976715
0.0976091
0.0975441
0.0974799
0.0974148
0.0973489
0.0972814
0.0972139
0.0971449
0.0970731
0.0970033
0.0969303
0.0968572
0.0967843
0.0967105
0.0966346
0.0965553
0.0964795
0.0964004
0.0963195
0.0962387
0.0961567
0.0960766
0.0959928
0.0959089
0.0958205
0.0957364
0.0956477
0.0955594
0.0954722
0.0953827
0.0952888
0.095197
0.0951047
0.0950115
0.0949166
0.0948204
0.0947251
0.0946259
0.0945257
0.0944295
0.0943294
0.0942264
0.0941225
0.0940223
0.0939185
0.0938101
0.0937068
0.0935998
0.0934894
0.093383
0.0932741
0.0931608
0.0930487
0.092937
0.0928231
0.09271
0.0925947
0.0924807
0.0923622
0.0922433
0.0921261
0.0920044
0.0918855
0.0917638
0.0916421
0.0915167
0.0913913
0.0912665
0.0911388
0.0910155
0.0908885
0.0907552
0.0906258
0.0904956
0.0903635
0.0902355
0.0901006
0.0899642
0.0898285
0.0896956
0.089556
0.0894203
0.0892826
0.0891441
0.0890036
0.0888611
0.0887178
0.088578
0.0884318
0.088288
0.0881417
0.0879951
0.0878448
0.0877004
0.0875471
0.0873982
0.0872501
0.0870994
0.0869462
0.0867885
0.0866394
0.0864836
0.0863269
0.0861669
0.0860121
0.0858552
0.0856951
0.0855348
0.0853723
0.0852127
0.0850455
0.084883
0.0847178
0.0845549
0.0843873
0.0842209
0.0840517
0.0838842
0.083712
0.0835422
0.0833756
0.0832028
0.08303
0.0828569
0.0826817
0.0825057
0.0823282
0.0821553
0.0819734
0.0817934
0.081616
0.0814399
0.0812555
0.0810778
0.0808903
0.0807118
0.080524
0.0803425
0.0801567
0.0799658
0.0797834
0.0795923
0.079407
0.0792114
0.0790216
0.0788302
0.078644
0.0784511
0.0782574
0.078063
0.0778693
0.077671
0.0774735
0.0772737
0.0770747
0.0768772
0.0766789
0.0764791
0.076277
0.076078
0.0758744
0.0756677
0.075468
0.0752598
0.0750548
0.0748498
0.0746417
0.074436
0.0742256
0.0740193
0.0738018
0.0735973
0.0733807
0.0731715
0.07296
0.0727469
0.0725332
0.0723121
0.072096
0.0718809
0.0716643
0.0714461
0.0712272
0.0710093
0.0707899
0.0705706
0.070343
0.0701265
0.0699026
0.0696814
0.0694578
0.0692292
0.0690008
0.0687751
0.0685445
0.0683227
0.068095
0.0678658
0.0676341
0.0674027
0.0671696
0.0669404
0.0667123
0.0664737
0.0662461
0.0660124
0.0657772
0.0655405
0.0653013
0.0650687
0.0648264
0.0645916
0.0643461
0.0641082
0.0638679
0.0636269
0.0633899
0.0631449
0.0629002
0.0626632
0.0624117
0.0621726
0.0619253
0.0616813
0.0614385
0.0611857
0.0609379
0.0606895
0.0604386
0.0601957
0.0599436
0.0596928
0.0594386
0.0591924
0.0589389
0.0586858
0.0584331
0.058173
0.0579181
0.0576636
0.0574096
0.0571579
0.0569007
0.0566431
0.0563799
0.056123
0.0558656
0.0556086
0.0553412
0.0550871
0.0548186
0.0545564
0.0542938
0.0540386
0.0537749
0.0535086
0.0532478
0.0529774
0.0527085
0.0524421
0.0521834
0.0519129
0.051647
0.0513786
0.0511107
0.0508381
0.0505712
0.0502946
0.0500308
0.0497532
0.0494874
0.049216
0.0489431
0.0486697
0.0483906
0.0481235
0.0478392
0.047566
0.0472891
0.0470202
0.0467371
0.0464673
0.0461886
0.0459126
0.0456361
0.0453475
0.0450765
0.0447881
0.0445184
0.0442354
0.043951
0.0436682
0.043386
0.04311
0.042827
0.0425414
0.0422586
0.0419722
0.0416875
0.0413981
0.041118
0.0408321
0.0405436
0.0402558
0.0399764
0.0396867
0.0393988
0.0391105
0.0388207
0.038536
0.0382443
0.0379545
0.0376665
0.0373693
0.0370772
0.0367903
0.0365064
0.0362054
0.035913
0.0356213
0.0353349
0.0350381
0.0347487
0.0344568
0.0341555
0.0338596
0.03357
0.0332722
0.0329741
0.0326768
0.032378
0.0320823
0.0317874
0.0314933
0.0311955
0.0308974
0.0306013
0.0303026
0.0300024
0.029702
0.0294012
0.0291036
0.0287999
0.0285029
0.0282033
0.0278988
0.0276009
0.0273016
0.026994
0.0266999
0.0263987
0.0260971
0.025785
0.0254899
0.0251841
0.0248793
0.0245742
0.02427
0.0239655
0.0236608
0.0233571
0.0230531
0.0227501
0.0224421
0.0221375
0.0218326
0.0215228
0.0212187
0.0209096
0.0206051
0.0202991
0.0199989
0.0196843
0.0193801
0.0190746
0.0187618
0.018457
0.0181462
0.0178399
0.0175311
0.017222
0.0169117
0.0166023
0.0162928
0.0159796
0.015678
0.0153668
0.0150579
0.0147476
0.0144312
0.0141289
0.0138086
0.0134989
0.013195
0.0128756
0.012575
0.0122612
0.0119508
0.0116415
0.0113214
0.0110143
0.0107023
0.0103949
0.0100756
0.00976326
0.00944964
0.00913473
0.00882451
0.008513
0.0082014
0.00789569
0.00758273
0.00726133
0.00695779
0.00663504
0.00632418
0.00601684
0.00569988
0.00538763
0.00507653
0.0047558
0.0044446
0.00413813
0.00382324
0.00350592
0.00319095
0.00288074
0.0025681
0.00225543
0.00194154
0.00163002
0.00131129
0.00100094
0.000684577
0.000368206
5.66217e-05
-0.000253768
-0.000574946
-0.000879343
-0.00119332
-0.00150849
-0.00182365
-0.0021328
-0.00244433
-0.00276902
-0.00307452
-0.00338718
-0.0037034
-0.0040148
-0.00433694
-0.00464228
-0.00495955
-0.00526839
-0.00558796
-0.00590149
-0.00620539
-0.00653197
-0.00683457
-0.00715264
-0.00746707
-0.00778142
-0.0080945
-0.00839795
-0.00871686
-0.00902851
-0.00934366
-0.00965752
-0.00996175
-0.010273
-0.0105938
-0.0108965
-0.0112159
-0.0115303
-0.0118411
-0.012153
-0.0124623
-0.0127727
-0.0130831
-0.013398
-0.0137021
-0.0140203
-0.0143218
-0.0146386
-0.0149445
-0.0152622
-0.0155667
-0.0158746
-0.0161859
-0.0164923
-0.0168033
-0.0171188
-0.0174271
-0.0177387
-0.0180443
-0.0183556
-0.0186644
-0.0189683
-0.0192743
-0.0195849
-0.0198906
-0.0201996
-0.0205096
-0.0208182
-0.0211161
-0.0214255
-0.0217323
-0.0220389
-0.0223489
-0.0226574
-0.0229634
-0.0232644
-0.023577
-0.0238753
-0.0241815
-0.0244875
-0.0247851
-0.0250976
-0.0253936
-0.0256974
-0.0260057
-0.0263067
-0.026611
-0.0269081
-0.0272176
-0.027521
-0.0278231
-0.0281226
-0.0284218
-0.0287264
-0.0290194
-0.0293223
-0.0296227
-0.0299262
-0.0302226
-0.0305267
-0.0308225
-0.0311202
-0.0314189
-0.0317172
-0.0320152
-0.0323174
-0.0326068
-0.0329073
-0.0332029
-0.0335027
-0.0337976
-0.0340854
-0.0343888
-0.0346838
-0.0349752
-0.0352696
-0.0355547
-0.0358596
-0.0361496
-0.0364438
-0.0367331
-0.0370242
-0.0373229
-0.0376044
-0.0379045
-0.0381865
-0.0384858
-0.0387737
-0.0390634
-0.0393461
-0.0396416
-0.0399313
-0.0402096
-0.0405061
-0.040788
-0.0410761
-0.0413638
-0.0416499
-0.0419357
-0.0422189
-0.0425049
-0.0427927
-0.0430757
-0.0433594
-0.0436319
-0.0439234
-0.0441972
-0.0444878
-0.0447629
-0.0450504
-0.0453246
-0.0456059
-0.0458836
-0.0461672
-0.0464397
-0.0467203
-0.0470025
-0.0472779
-0.0475539
-0.0478347
-0.0481045
-0.0483822
-0.0486605
-0.048931
-0.0492094
-0.0494821
-0.0497481
-0.0500229
-0.0502983
-0.0505639
-0.0508342
-0.0511039
-0.0513804
-0.0516492
-0.0519164
-0.0521883
-0.0524586
-0.0527202
-0.0529864
-0.0532552
-0.0535255
-0.0537881
-0.0540543
-0.0543189
-0.054583
-0.0548395
-0.0551055
-0.055367
-0.0556299
-0.0558903
-0.0561502
-0.0564105
-0.0566772
-0.0569255
-0.0571851
-0.0574491
-0.0577066
-0.0579606
-0.058216
-0.0584748
-0.058729
-0.0589817
-0.0592339
-0.0594864
-0.0597394
-0.0599907
-0.0602435
-0.0604965
-0.0607442
-0.0609999
-0.0612474
-0.061499
-0.0617377
-0.0619872
-0.0622351
-0.0624862
-0.0627253
-0.0629761
-0.063215
-0.063458
-0.0637077
-0.0639494
-0.0641868
-0.0644301
-0.0646681
-0.0649155
-0.0651477
-0.0653902
-0.0656275
-0.0658633
-0.0660993
-0.0663337
-0.0665721
-0.0668053
-0.067044
-0.0672777
-0.0675098
-0.0677395
-0.0679676
-0.0681986
-0.0684325
-0.068663
-0.0688912
-0.0691151
-0.0693445
-0.069575
-0.0697969
-0.0700242
-0.0702483
-0.0704751
-0.0706918
-0.0709223
-0.0711377
-0.0713625
-0.0715841
-0.0718041
-0.0720252
-0.0722379
-0.0724542
-0.0726723
-0.0728905
-0.0731062
-0.0733172
-0.0735324
-0.073751
-0.0739631
-0.0741728
-0.0743851
-0.074595
-0.0748034
-0.0750111
-0.0752236
-0.075433
-0.0756345
-0.0758401
-0.076048
-0.0762497
-0.07646
-0.076661
-0.0768605
-0.0770631
-0.0772627
-0.0774691
-0.0776641
-0.0778667
-0.0780586
-0.0782604
-0.0784524
-0.0786496
-0.0788431
-0.0790403
-0.0792315
-0.0794278
-0.0796145
-0.0798099
-0.079998
-0.080189
-0.0803748
-0.0805635
-0.0807527
-0.0809391
-0.0811197
-0.0813094
-0.081494
-0.0816758
-0.0818533
-0.082039
-0.0822149
-0.082399
-0.0825733
-0.0827523
-0.0829346
-0.0831106
-0.0832865
-0.0834569
-0.0836358
-0.0838046
-0.0839818
-0.0841503
-0.0843232
-0.0844921
-0.0846633
-0.0848311
-0.0849981
-0.0851617
-0.0853321
-0.0854966
-0.0856603
-0.0858225
-0.0859839
-0.0861438
-0.0863041
-0.0864642
-0.0866259
-0.0867837
-0.0869406
-0.0870961
-0.0872525
-0.0874081
-0.0875639
-0.0877125
-0.0878649
-0.0880193
-0.0881706
-0.088321
-0.088467
-0.0886157
-0.0887646
-0.0889081
-0.0890524
-0.0891992
-0.0893435
-0.089483
-0.0896261
-0.0897677
-0.0899084
-0.0900483
-0.0901872
-0.0903253
-0.0904614
-0.0905946
-0.0907305
-0.0908645
-0.0909986
-0.0911272
-0.0912581
-0.0913915
-0.091519
-0.0916476
-0.0917778
-0.0919022
-0.0920295
-0.0921517
-0.0922772
-0.0924018
-0.0925237
-0.0926455
-0.0927641
-0.0928837
-0.0930015
-0.0931192
-0.0932361
-0.0933516
-0.0934661
-0.0935802
-0.0936934
-0.0938052
-0.0939166
-0.0940295
-0.0941361
-0.0942463
-0.0943515
-0.0944602
-0.0945648
-0.0946713
-0.094776
-0.094879
-0.094981
-0.0950806
-0.0951804
-0.0952793
-0.0953776
-0.0954758
-0.0955718
-0.0956659
-0.0957627
-0.0958545
-0.0959493
-0.0960386
-0.0961302
-0.0962197
-0.0963096
-0.0963953
-0.0964827
-0.0965697
-0.0966536
-0.0967375
-0.0968223
-0.0969034
-0.0969869
-0.0970663
-0.0971458
-0.0972254
-0.0973
-0.0973781
-0.097454
-0.0975283
-0.0976006
-0.0976731
-0.0977466
-0.097816
-0.0978865
-0.0979559
-0.0980243
-0.0980903
-0.0981568
-0.0982219
-0.0982862
-0.0983489
-0.0984101
-0.098472
-0.0985311
-0.0985919
-0.0986498
-0.0987062
-0.098763
-0.0988174
-0.0988726
-0.0989275
-0.0989784
-0.0990301
-0.0990796
-0.0991302
-0.0991788
-0.0992258
-0.099272
-0.099318
-0.0993634
-0.0994071
-0.09945
-0.0994914
-0.0995321
-0.0995717
-0.0996103
-0.0996481
-0.0996856
-0.0997205
-0.0997564
-0.0997896
-0.0998227
-0.0998546
-0.0998854
-0.0999153
-0.0999447
-0.0999722
-0.1
-0.100026
-0.100051
-0.100075
-0.100098
-0.100121
-0.100141
-0.100162
-0.100181
-0.100199
-0.100216
-0.100233
-0.100248
-0.100263
-0.100276
-0.100288
-0.100299
-0.10031
-0.100319
-0.100327
-0.100335
-0.100341
-0.100347
-0.100351
-0.100355
-0.100357
-0.100359
-0.100359
-0.100359
-0.100357
-0.100355
-0.100351
-0.100347
-0.100342
-0.100335
-0.100328
-0.10032
-0.10031
-0.1003
-0.100289
-0.100277
-0.100263
-0.100249
-0.100234
-0.100217
-0.1002
-0.100182
-0.100163
-0.100143
-0.100121
-0.1001
-0.100076
-0.100053
-0.100027
-0.100002
-0.0999749
-0.0999468
-0.0999173
-0.0998874
-0.0998573
-0.0998255
-0.0997917
-0.0997584
-0.0997234
-0.0996874
-0.0996507
-0.0996135
-0.0995744
-0.0995345
-0.0994933
-0.0994529
-0.0994087
-0.0993659
-0.0993216
-0.0992755
-0.0992285
-0.0991815
-0.0991326
-0.0990842
-0.0990336
-0.0989813
-0.0989301
-0.0988763
-0.0988222
-0.0987658
-0.0987106
-0.0986535
-0.0985951
-0.0985356
-0.0984752
-0.0984143
-0.0983524
-0.0982901
-0.0982256
-0.0981601
-0.0980959
-0.098029
-0.0979606
-0.0978918
-0.0978217
-0.0977512
-0.0976781
-0.0976054
-0.0975334
-0.0974585
-0.0973836
-0.0973071
-0.0972299
-0.0971497
-0.0970706
-0.0969921
-0.096909
-0.0968286
-0.0967439
-0.0966617
-0.0965743
-0.0964899
-0.096404
-0.0963137
-0.0962251
-0.096137
-0.0960442
-0.0959529
-0.0958613
-0.0957677
-0.0956721
-0.0955762
-0.0954813
-0.0953829
-0.0952861
-0.0951884
-0.0950886
-0.0949868
-0.0948852
-0.0947795
-0.0946796
-0.0945744
-0.0944691
-0.0943609
-0.0942525
-0.0941456
-0.0940366
-0.0939238
-0.0938129
-0.0937037
-0.0935893
-0.093474
-0.0933612
-0.0932445
-0.0931277
-0.0930087
-0.0928937
-0.0927706
-0.092652
-0.092532
-0.0924098
-0.0922867
-0.0921631
-0.0920386
-0.0919089
-0.0917855
-0.0916584
-0.0915269
-0.0913999
-0.091269
-0.0911358
-0.0910077
-0.0908721
-0.0907402
-0.0906059
-0.0904681
-0.0903326
-0.0901925
-0.0900552
-0.089917
-0.0897795
-0.0896347
-0.0894961
-0.0893544
-0.0892091
-0.0890624
-0.0889209
-0.0887707
-0.0886236
-0.0884806
-0.0883301
-0.0881809
-0.088028
-0.0878788
-0.0877242
-0.0875721
-0.0874187
-0.0872608
-0.0871098
-0.0869526
-0.0867933
-0.0866368
-0.0864794
-0.0863151
-0.0861555
-0.0859938
-0.0858337
-0.0856684
-0.0855054
-0.0853378
-0.085177
-0.0850051
-0.0848375
-0.084673
-0.0845057
-0.0843304
-0.0841634
-0.0839917
-0.0838152
-0.0836471
-0.0834689
-0.0832979
-0.0831227
-0.0829468
-0.0827646
-0.082587
-0.0824113
-0.0822328
-0.0820493
-0.0818651
-0.0816841
-0.0815031
-0.0813199
-0.0811317
-0.0809476
-0.0807641
-0.0805785
-0.0803863
-0.0801991
-0.0800125
-0.0798179
-0.0796276
-0.0794402
-0.0792491
-0.0790528
-0.0788609
-0.0786616
-0.0784666
-0.0782709
-0.0780752
-0.0778795
-0.0776823
-0.077479
-0.0772803
-0.077077
-0.0768775
-0.0766727
-0.0764709
-0.0762669
-0.076066
-0.0758558
-0.0756479
-0.0754417
-0.075234
-0.0750286
-0.0748194
-0.0746119
-0.0743972
-0.0741866
-0.0739768
-0.0737599
-0.0735471
-0.0733361
-0.0731194
-0.0729078
-0.0726864
-0.07247
-0.0722521
-0.0720369
-0.0718209
-0.0715942
-0.071376
-0.0711529
-0.0709367
-0.0707114
-0.0704922
-0.0702646
-0.070038
-0.069809
-0.0695871
-0.0693653
-0.069136
-0.0689034
-0.0686762
-0.0684474
-0.0682162
-0.067987
-0.0677581
-0.0675222
-0.0672875
-0.0670557
-0.0668196
-0.0665882
-0.0663554
-0.0661137
-0.0658768
-0.0656411
-0.0654048
-0.065165
-0.0649265
-0.0646846
-0.0644485
-0.0642025
-0.0639605
-0.0637235
-0.0634756
-0.0632346
-0.0629938
-0.0627431
-0.0624993
-0.0622568
-0.0620032
-0.0617633
-0.0615085
-0.0612664
-0.0610123
-0.0607643
-0.0605176
-0.0602636
-0.0600119
-0.0597606
-0.0595019
-0.0592504
-0.0589953
-0.0587465
-0.0584884
-0.0582326
-0.0579753
-0.0577194
-0.0574629
-0.0572029
-0.0569482
-0.0566851
-0.0564294
-0.0561731
-0.0559053
-0.0556519
-0.055383
-0.0551276
-0.0548646
-0.0545971
-0.054336
-0.0540755
-0.0538023
-0.0535387
-0.0532796
-0.0530099
-0.0527447
-0.0524739
-0.0522067
-0.0519411
-0.0516646
-0.0513949
-0.0511318
-0.0508549
-0.0505857
-0.0503149
-0.0500448
-0.0497668
-0.049502
-0.049222
-0.0489509
-0.0486763
-0.0484011
-0.0481308
-0.0478494
-0.0475771
-0.0472916
-0.0470173
-0.0467383
-0.0464663
-0.0461885
-0.0459017
-0.045622
-0.0453428
-0.0450622
-0.0447833
-0.0445017
-0.0442252
-0.0439428
-0.0436567
-0.0433757
-0.0430963
-0.0428079
-0.042518
-0.0422341
-0.0419531
-0.0416696
-0.0413791
-0.0410925
-0.0408034
-0.0405171
-0.0402283
-0.0399467
-0.0396538
-0.0393693
-0.0390811
-0.0387903
-0.0384969
-0.038212
-0.0379234
-0.0376256
-0.0373329
-0.0370499
-0.0367532
-0.0364628
-0.0361664
-0.0358753
-0.0355827
-0.0352898
-0.0349988
-0.034703
-0.0344068
-0.0341091
-0.0338157
-0.0335174
-0.0332187
-0.0329322
-0.0326306
-0.0323344
-0.0320379
-0.0317399
-0.0314451
-0.0311396
-0.030843
-0.0305404
-0.0302386
-0.0299434
-0.0296491
-0.0293476
-0.0290481
-0.0287437
-0.0284482
-0.0281387
-0.027845
-0.0275337
-0.0272418
-0.0269312
-0.0266272
-0.0263241
-0.0260288
-0.025716
-0.0254203
-0.0251104
-0.0248049
-0.0245084
-0.0242013
-0.0238997
-0.0235944
-0.0232866
-0.0229797
-0.0226726
-0.0223641
-0.0220623
-0.0217534
-0.0214454
-0.0211395
-0.0208323
-0.0205331
-0.0202231
-0.0199176
-0.0196073
-0.0192979
-0.0189883
-0.0186832
-0.0183733
-0.0180667
-0.0177541
-0.0174483
-0.0171353
-0.016834
-0.0165195
-0.0162072
-0.0158947
-0.0155916
-0.0152753
-0.0149718
-0.0146599
-0.0143527
-0.0140393
-0.0137318
-0.013417
-0.0131056
-0.0127977
-0.0124778
-0.012166
-0.0118554
-0.0115422
-0.0112385
-0.0109275
-0.0106093
-0.0102969
-0.00998322
-0.00967303
-0.00936156
-0.00904642
-0.00874074
-0.00843021
-0.0081172
-0.00780532
-0.00748978
-0.00717656
-0.00686207
-0.00654513
-0.00623889
-0.00592542
-0.00561189
-0.00529353
-0.0049799
-0.00466742
-0.00435011
-0.00404594
-0.00373095
-0.00340874
-0.00310088
-0.0027858
-0.0024683
-0.00216276
-0.00184762
-0.00153486
-0.00121489
-0.000902112
-0.000590525
-0.000278935
3.74471e-05
0.00034304
0.000664205
0.000981765
0.00128733
0.00160486
0.00192117
0.00223506
0.00255133
0.00285798
0.00317179
0.00348676
0.00380289
0.0041082
0.00443262
0.00474144
0.00505379
0.00537088
0.00568552
0.00599532
0.00630744
0.00662428
0.00693508
0.00724819
0.00755406
0.00787061
0.00818349
0.00849748
0.00880183
0.00911565
0.00943056
0.0097418
0.0100565
0.0103664
0.0106797
0.0109905
0.0113072
0.0116118
0.0119247
0.0122338
0.0125452
0.0128565
0.0131665
0.0134882
0.0137896
0.014104
0.0144158
0.0147227
0.0150283
0.0153432
0.0156484
0.0159595
0.0162763
0.0165858
0.0168904
0.0171985
0.0175063
0.017814
0.0181203
0.0184288
0.0187453
0.0190499
0.0193543
0.0196597
0.0199684
0.0202851
0.020584
0.0208921
0.0211953
0.021503
0.0218116
0.02212
0.0224258
0.0227221
0.023038
0.0233327
0.0236434
0.0239516
0.0242479
0.0245579
0.0248607
0.0251621
0.0254621
0.0257688
0.0260752
0.0263686
0.0266734
0.0269813
0.0272786
0.0275768
0.0278792
0.0281826
0.0284857
0.0287896
0.0290853
0.0293875
0.0296837
0.0299853
0.030282
0.0305751
0.0308758
0.0311739
0.0314763
0.0317726
0.0320698
0.0323666
0.0326632
0.0329594
0.0332474
0.0335452
0.0338393
0.0341353
0.0344265
0.0347252
0.0350168
0.0353092
0.0356057
0.0358996
0.0361943
0.0364852
0.0367714
0.0370627
0.0373548
0.0376399
0.0379335
0.0382211
0.038515
0.0388008
0.039095
0.0393812
0.0396713
0.0399511
0.0402394
0.0405196
0.0408158
0.0411039
0.0413785
0.0416712
0.0419538
0.0422348
0.0425197
0.0428064
0.0430873
0.0433742
0.043651
0.0439359
0.0442075
0.0444948
0.0447742
0.0450509
0.0453315
0.0456085
0.0458903
0.0461652
0.0464408
0.0467276
0.046998
0.0472786
0.0475533
0.0478287
0.0481046
0.048379
0.0486488
0.0489243
0.04919
0.0494656
0.0497376
0.0500081
0.050277
0.0505547
0.0508247
0.0510932
0.051356
0.0516265
0.0518925
0.052162
0.0524248
0.0526923
0.0529602
0.0532225
0.0534884
0.0537577
0.0540145
0.0542847
0.0545464
0.0548016
0.0550662
0.0553322
0.0555848
0.0558448
0.0561032
0.0563631
0.0566214
0.0568772
0.0571383
0.05739
0.057648
0.0579054
0.0581603
0.0584176
0.0586694
0.0589206
0.059176
0.0594261
0.0596785
0.0599302
0.0601738
0.0604234
0.0606724
0.0609218
0.0611677
0.0614159
0.0616653
0.0619113
0.0621538
0.0623977
0.0626465
0.06289
0.0631338
0.0633715
0.0636186
0.0638578
0.0640918
0.0643343
0.0645761
0.0648109
0.0650469
0.0652841
0.0655261
0.0657602
0.06599
0.0662309
0.0664612
0.0666927
0.0669244
0.0671546
0.0673894
0.0676236
0.0678509
0.0680766
0.0683052
0.0685314
0.0687578
0.0689896
0.0692163
0.0694389
0.0696626
0.0698881
0.0701087
0.0703294
0.070552
0.0707781
0.0709959
0.0712139
0.0714278
0.0716527
0.0718644
0.0720861
0.072303
0.0725127
0.0727257
0.0729462
0.0731537
0.0733702
0.0735812
0.073789
0.0739985
0.0742113
0.0744233
0.0746282
0.0748355
0.0750374
0.0752433
0.0754508
0.0756544
0.0758573
0.076061
0.0762646
0.0764614
0.0766674
0.0768634
0.0770626
0.0772609
0.077457
0.0776553
0.0778499
0.0780451
0.0782411
0.0784378
0.0786307
0.0788229
0.0790084
0.0792034
0.0793911
0.0795823
0.0797684
0.0799551
0.0801411
0.0803255
0.0805099
0.0806998
0.0808819
0.0810646
0.0812444
0.0814268
0.0816057
0.0817838
0.0819632
0.082139
0.0823214
0.0824909
0.082669
0.0828423
0.0830174
0.083187
0.0833611
0.0835324
0.0837049
0.0838758
0.0840401
0.0842075
0.0843765
0.0845428
0.0847077
0.084873
0.0850355
0.0851966
0.0853631
0.0855206
0.0856854
0.0858431
0.0859976
0.0861573
0.0863149
0.0864723
0.0866246
0.0867791
0.0869327
0.0870884
0.0872374
0.0873919
0.0875391
0.0876867
0.0878397
0.0879855
0.0881294
0.0882786
0.0884185
0.0885643
0.0887064
0.0888492
0.0889907
0.0891302
0.0892725
0.0894108
0.0895476
0.0896851
0.0898218
0.0899586
0.0900914
0.0902223
0.0903594
0.0904876
0.0906198
0.0907507
0.0908797
0.0910034
0.0911335
0.0912564
0.0913847
0.0915101
0.0916289
0.091754
0.0918743
0.0919957
0.0921161
0.0922356
0.0923532
0.0924718
0.0925867
0.0927004
0.092817
0.0929288
0.093041
0.0931545
0.0932648
0.0933755
0.093482
0.093592
0.0936975
0.0938041
0.0939101
0.0940124
0.0941162
0.0942175
0.0943217
0.0944204
0.0945219
0.0946206
0.0947169
0.0948152
0.0949104
0.0950057
0.0950983
0.0951931
0.0952835
0.0953761
0.0954643
0.095554
0.0956413
0.0957291
0.0958166
0.0959031
0.0959851
0.0960706
0.0961511
0.0962331
0.0963136
0.0963932
0.0964724
0.0965503
0.0966276
0.0967036
0.0967804
0.0968528
0.0969265
0.0969986
0.0970682
0.0971396
0.0972078
0.097278
0.0973444
0.097412
0.0974752
0.097541
0.0976038
0.0976659
0.0977291
0.0977879
0.0978491
0.0979074
0.0979642
0.0980214
0.098077
0.0981312
0.0981855
0.098238
0.0982897
0.0983416
0.0983918
0.0984398
0.0984886
0.0985349
0.0985812
0.0986263
0.0986707
0.0987129
0.0987562
0.0987964
0.0988367
0.0988765
0.0989146
0.098952
0.0989886
0.0990236
0.0990572
0.0990913
0.0991234
0.099155
0.0991855
0.0992148
0.0992431
0.0992701
0.099297
0.0993225
0.0993466
0.0993708
0.0993937
0.0994149
0.099435
0.0994547
0.0994737
0.099491
0.099508
0.0995234
0.099538
0.0995519
0.0995649
0.0995764
0.0995871
0.0995971
0.0996056
0.0996135
0.0996204
0.0996262
0.099631
0.0996349
0.0996378
0.0996398
0.0996407
0.0996406
0.0996396
0.0996375
0.0996345
0.0996306
0.0996256
0.0996197
0.0996126
0.0996046
0.0995959
0.0995861
0.0995752
0.0995631
0.0995504
0.0995363
0.0995218
0.0995057
0.0994889
0.0994716
0.0994524
0.0994328
0.099412
0.0993907
0.0993676
0.0993439
0.0993198
0.0992934
0.0992668
0.0992399
0.0992114
0.0991815
0.0991516
0.0991201
0.0990876
0.0990533
0.0990199
0.0989837
0.098948
0.09891
0.0988713
0.098833
0.0987924
0.0987514
0.0987091
0.0986659
0.098622
0.0985761
0.0985301
0.0984828
0.0984339
0.0983855
0.098336
0.098284
0.0982326
0.0981802
0.098125
0.09807
0.0980154
0.097959
0.0979009
0.0978403
0.0977828
0.0977209
0.0976587
0.0975961
0.0975322
0.0974688
0.0974042
0.0973372
0.0972694
0.0972002
0.0971318
0.0970617
0.0969904
0.096919
0.0968454
0.096771
0.0966949
0.0966182
0.0965432
0.096464
0.0963853
0.0963066
0.0962257
0.0961417
0.0960614
0.095978
0.0958927
0.095807
0.0957181
0.0956343
0.0955441
0.0954533
0.0953654
0.0952741
0.0951818
0.0950894
0.094996
0.0948991
0.0948034
0.0947065
0.0946094
0.0945094
0.0944097
0.094309
0.0942085
0.0941056
0.0940009
0.0938977
0.0937936
0.0936865
0.0935781
0.0934699
0.093363
0.0932509
0.0931421
0.093029
0.0929167
0.0928027
0.0926876
0.0925713
0.0924553
0.0923398
0.0922233
0.0921038
0.0919842
0.0918614
0.09174
0.0916162
0.0914945
0.0913703
0.0912444
0.0911185
0.0909888
0.0908625
0.0907319
0.0906024
0.090472
0.0903418
0.0902106
0.0900755
0.0899431
0.0898052
0.08967
0.0895324
0.0893949
0.0892571
0.0891141
0.0889734
0.088833
0.0886933
0.0885505
0.088402
0.0882586
0.0881121
0.0879647
0.0878193
0.0876697
0.0875214
0.087374
0.0872223
0.0870715
0.0869146
0.0867644
0.0866105
0.0864562
0.0862952
0.0861423
0.0859855
0.0858255
0.0856621
0.0855004
0.0853452
0.0851811
0.0850162
0.0848516
0.0846919
0.0845213
0.0843574
0.0841915
0.0840234
0.0838551
0.0836821
0.0835135
0.0833421
0.0831686
0.0829982
0.0828257
0.0826463
0.0824715
0.0822978
0.0821234
0.0819441
0.0817626
0.0815845
0.0814068
0.0812264
0.0810388
0.0808574
0.0806746
0.0804944
0.0803043
0.0801233
0.0799308
0.0797476
0.0795585
0.0793723
0.0791794
0.0789895
0.0787987
0.0786087
0.0784134
0.0782233
0.0780243
0.0778319
0.0776336
0.0774359
0.077236
0.0770383
0.0768452
0.0766452
0.0764399
0.07624
0.0760416
0.0758387
0.0756318
0.0754305
0.0752261
0.075017
0.0748095
0.074602
0.0743978
0.0741833
0.0739752
0.0737648
0.0735594
0.0733459
0.0731317
0.0729201
0.0727085
0.0724938
0.0722742
0.0720572
0.071842
0.0716244
0.0714069
0.0711879
0.0709682
0.0707486
0.0705292
0.0703091
0.0700874
0.0698582
0.0696361
0.0694132
0.0691827
0.0689576
0.0687336
0.0685054
0.06828
0.0680522
0.0678228
0.0675963
0.0673586
0.0671343
0.0668969
0.0666643
0.06643
0.066196
0.0659622
0.0657332
0.0654936
0.065257
0.0650243
0.06478
0.0645478
0.0643077
0.0640643
0.063822
0.0635892
0.0633484
0.063106
0.0628584
0.0626176
0.0623706
0.0621267
0.061886
0.0616352
0.0613866
0.0611431
0.0608924
0.0606515
0.0603939
0.0601442
0.0598987
0.059644
0.0593925
0.0591414
0.0588887
0.0586355
0.0583865
0.0581341
0.0578772
0.0576197
0.0573655
0.0571059
0.0568516
0.0565938
0.0563394
0.0560795
0.055822
0.055555
0.0552974
0.0550343
0.0547716
0.0545094
0.0542506
0.0539843
0.0537235
0.0534641
0.0531962
0.0529298
0.0526648
0.0523933
0.0521273
0.0518669
0.0515979
0.0513314
0.0510552
0.0507918
0.0505207
0.0502501
0.049977
0.0497044
0.0494386
0.0491629
0.0488857
0.0486175
0.0483445
0.0480711
0.0477972
0.0475197
0.0472396
0.0469621
0.0466927
0.0464101
0.0461377
0.0458616
0.045585
0.0453038
0.0450242
0.044741
0.0444638
0.0441775
0.0439037
0.0436176
0.0433375
0.0430581
0.0427751
0.0424927
0.0422088
0.0419158
0.0416353
0.0413458
0.0410701
0.0407764
0.04049
0.040212
0.0399215
0.0396285
0.0393405
0.0390565
0.0387688
0.0384808
0.0381891
0.0379003
0.0376144
0.037316
0.0370261
0.0367424
0.0364451
0.0361597
0.0358672
0.0355677
0.0352722
0.0349887
0.034687
0.0343984
0.0341027
0.03381
0.033517
0.0332124
0.0329244
0.0326281
0.0323293
0.0320312
0.0317306
0.0314399
0.0311443
0.0308439
0.0305489
0.0302467
0.0299453
0.0296471
0.029344
0.029052
0.0287495
0.0284478
0.0281436
0.0278482
0.0275468
0.0272452
0.0269421
0.0266411
0.0263386
0.0260382
0.0257294
0.025432
0.0251273
0.0248259
0.0245219
0.0242177
0.0239144
0.023612
0.023307
0.0230007
0.0226883
0.0223908
0.0220791
0.0217707
0.0214702
0.0211613
0.0208523
0.02055
0.0202382
0.019939
0.0196327
0.0193214
0.0190111
0.0187053
0.018397
0.0180838
0.0177763
0.0174733
0.0171619
0.0168574
0.016548
0.0162396
0.015924
0.015613
0.01531
0.0149975
0.0146907
0.0143802
0.0140719
0.0137552
0.0134491
0.0131321
0.0128209
0.0125096
0.0122053
0.0118842
0.0115737
0.0112631
0.0109524
0.0106392
0.0103318
0.010016
0.00971318
0.0093912
0.00908821
0.0087708
0.00846047
0.00814886
0.00783478
0.00752539
0.00721473
0.00688966
0.00658603
0.00626439
0.00595704
0.00564126
0.00533499
0.00501311
0.00470553
0.00439552
0.00407228
0.00376697
0.00345442
0.00313945
0.00281965
0.00251539
0.00219912
0.00187684
0.00157251
0.00125018
0.000937427
0.000627056
0.000316675
3.89156e-06
-0.00031369
-0.00063247
-0.000939263
-0.00124725
-0.00156242
-0.00188716
-0.00219751
-0.00250544
-0.00282533
-0.00313202
-0.00345186
-0.00376329
-0.00407708
-0.00438963
-0.00469975
-0.0050218
-0.00533542
-0.0056454
-0.00595773
-0.00627359
-0.00657743
-0.00690154
-0.00720764
-0.00752564
-0.00783161
-0.00815066
-0.00846126
-0.0087694
-0.00907984
-0.00939617
-0.00970764
-0.0100226
-0.0103374
-0.0106498
-0.0109549
-0.0112754
-0.0115863
-0.0118923
-0.0122077
-0.0125218
-0.0128239
-0.013146
-0.0134562
-0.0137567
-0.0140761
-0.0143883
-0.0146908
-0.0150026
-0.0153084
-0.0156259
-0.0159314
-0.0162391
-0.0165573
-0.0168683
-0.017172
-0.0174814
-0.0177966
-0.0181033
-0.0184051
-0.0187209
-0.0190201
-0.0193332
-0.0196437
-0.0199458
-0.0202607
-0.0205659
-0.0208769
-0.0211759
-0.0214805
-0.021792
-0.0220998
-0.0224003
-0.0227111
-0.0230206
-0.0233169
-0.0236317
-0.0239347
-0.0242443
-0.0245375
-0.0248502
-0.0251487
-0.0254551
-0.0257566
-0.0260624
-0.0263611
-0.0266723
-0.0269647
-0.0272707
-0.0275695
-0.0278738
-0.0281744
-0.0284804
-0.0287782
-0.0290768
-0.0293797
-0.0296777
-0.0299732
-0.0302752
-0.0305792
-0.0308761
-0.0311738
-0.0314781
-0.0317695
-0.0320709
-0.0323662
-0.0326692
-0.0329548
-0.0332549
-0.0335501
-0.033845
-0.0341464
-0.0344406
-0.0347311
-0.0350325
-0.0353168
-0.0356164
-0.0359067
-0.0362078
-0.0364985
-0.0367889
-0.0370833
-0.0373707
-0.0376578
-0.0379545
-0.0382397
-0.038539
-0.0388212
-0.0391142
-0.0393968
-0.0396857
-0.0399775
-0.0402667
-0.0405511
-0.0408472
-0.0411297
-0.041413
-0.0417034
-0.0419837
-0.04227
-0.0425495
-0.0428361
-0.0431191
-0.0434038
-0.0436924
-0.0439741
-0.0442564
-0.0445372
-0.0448144
-0.0450944
-0.0453814
-0.0456572
-0.0459423
-0.0462173
-0.046495
-0.0467765
-0.0470533
-0.0473276
-0.0476014
-0.0478842
-0.0481592
-0.0484327
-0.0487046
-0.0489771
-0.0492492
-0.0495322
-0.0498054
-0.0500708
-0.0503461
-0.0506219
-0.0508911
-0.0511597
-0.0514258
-0.0516986
-0.0519626
-0.0522344
-0.0525036
-0.0527723
-0.0530415
-0.053306
-0.0535721
-0.0538317
-0.0541048
-0.0543683
-0.0546293
-0.0548867
-0.0551567
-0.055418
-0.0556759
-0.0559392
-0.0561969
-0.0564581
-0.0567158
-0.0569769
-0.0572344
-0.0574904
-0.0577508
-0.0580086
-0.058262
-0.0585186
-0.0587718
-0.0590283
-0.0592784
-0.0595376
-0.0597914
-0.0600379
-0.0602895
-0.0605444
-0.0607977
-0.0610419
-0.0612892
-0.0615436
-0.061785
-0.0620334
-0.0622775
-0.0625265
-0.0627694
-0.0630153
-0.0632653
-0.0635054
-0.0637457
-0.0639883
-0.0642293
-0.0644733
-0.0647176
-0.0649485
-0.065197
-0.0654302
-0.0656711
-0.0659049
-0.0661408
-0.0663779
-0.0666188
-0.0668527
-0.0670851
-0.0673169
-0.0675506
-0.0677846
-0.0680118
-0.0682462
-0.0684737
-0.0686989
-0.0689339
-0.0691586
-0.0693853
-0.0696165
-0.0698418
-0.0700681
-0.0702894
-0.070511
-0.0707412
-0.0709563
-0.0711774
-0.0714047
-0.0716253
-0.0718393
-0.0720569
-0.0722804
-0.0724949
-0.0727137
-0.0729342
-0.0731473
-0.0733615
-0.0735724
-0.07379
-0.0739996
-0.07421
-0.0744246
-0.0746327
-0.0748442
-0.075051
-0.0752618
-0.0754686
-0.0756732
-0.0758786
-0.0760825
-0.0762903
-0.0764919
-0.0766951
-0.0768983
-0.0771
-0.0772987
-0.0775034
-0.0777006
-0.077903
-0.0780933
-0.0782935
-0.0784883
-0.078681
-0.0788832
-0.0790765
-0.0792668
-0.0794578
-0.0796532
-0.0798412
-0.0800299
-0.0802229
-0.0804079
-0.0805971
-0.080782
-0.0809689
-0.0811585
-0.0813431
-0.0815255
-0.0817064
-0.081888
-0.0820673
-0.0822507
-0.0824291
-0.0826074
-0.0827842
-0.0829677
-0.0831375
-0.0833166
-0.0834889
-0.083667
-0.0838389
-0.0840094
-0.0841797
-0.0843512
-0.0845206
-0.0846923
-0.084858
-0.0850287
-0.0851909
-0.0853593
-0.0855218
-0.0856878
-0.0858536
-0.086013
-0.0861733
-0.0863384
-0.0864953
-0.0866537
-0.0868156
-0.0869688
-0.0871265
-0.0872786
-0.0874375
-0.0875874
-0.0877434
-0.087898
-0.0880441
-0.0881952
-0.0883483
-0.0884959
-0.0886427
-0.0887892
-0.0889376
-0.089079
-0.0892251
-0.0893697
-0.0895097
-0.0896498
-0.0897929
-0.0899324
-0.0900732
-0.0902088
-0.0903493
-0.0904848
-0.0906199
-0.090753
-0.0908859
-0.0910218
-0.0911549
-0.0912845
-0.0914118
-0.0915441
-0.0916696
-0.0918006
-0.0919258
-0.0920506
-0.0921783
-0.0923013
-0.0924229
-0.092545
-0.0926649
-0.092787
-0.0929037
-0.0930231
-0.0931425
-0.0932565
-0.093374
-0.0934897
-0.0936036
-0.0937158
-0.0938287
-0.093936
-0.0940492
-0.0941573
-0.094264
-0.0943707
-0.0944801
-0.0945849
-0.094688
-0.0947933
-0.0948977
-0.0949988
-0.0950971
-0.0951994
-0.0952966
-0.0953944
-0.0954939
-0.0955894
-0.0956833
-0.0957788
-0.0958716
-0.0959645
-0.0960547
-0.096147
-0.096235
-0.0963238
-0.0964136
-0.0964998
-0.0965844
-0.0966694
-0.096755
-0.0968359
-0.096919
-0.0969992
-0.0970813
-0.0971599
-0.0972379
-0.0973156
-0.0973926
-0.0974674
-0.0975411
-0.0976146
-0.0976883
-0.0977596
-0.0978287
-0.0978994
-0.0979692
-0.0980344
-0.0981027
-0.0981676
-0.0982335
-0.0982966
-0.0983586
-0.0984214
-0.0984819
-0.0985427
-0.0986009
-0.0986603
-0.0987177
-0.098773
-0.098828
-0.0988829
-0.0989356
-0.0989877
-0.0990384
-0.0990894
-0.0991386
-0.0991879
-0.0992343
-0.0992802
-0.0993261
-0.0993704
-0.0994151
-0.0994571
-0.0994985
-0.0995387
-0.0995792
-0.099617
-0.0996554
-0.0996913
-0.0997275
-0.0997619
-0.0997962
-0.0998287
-0.0998599
-0.0998913
-0.0999212
-0.0999501
-0.099978
-0.100005
-0.100031
-0.100056
-0.10008
-0.100102
-0.100124
-0.100146
-0.100165
-0.100184
-0.100203
-0.10022
-0.100235
-0.100251
-0.100265
-0.100278
-0.10029
-0.100301
-0.100311
-0.100321
-0.100329
-0.100336
-0.100342
-0.100348
-0.100352
-0.100355
-0.100358
-0.100359
-0.100359
-0.100359
-0.100357
-0.100354
-0.100351
-0.100346
-0.100341
-0.100334
-0.100327
-0.100318
-0.100309
-0.100298
-0.100287
-0.100274
-0.100261
-0.100246
-0.100231
-0.100214
-0.100197
-0.100179
-0.100159
-0.100139
-0.100118
-0.100096
-0.100072
-0.100048
-0.100023
-0.0999971
-0.0999692
-0.0999418
-0.0999124
-0.0998825
-0.0998507
-0.0998191
-0.0997861
-0.0997522
-0.0997175
-0.0996808
-0.0996434
-0.0996057
-0.0995669
-0.0995273
-0.0994864
-0.0994443
-0.0994016
-0.0993581
-0.0993135
-0.0992681
-0.0992201
-0.0991732
-0.0991247
-0.0990739
-0.0990242
-0.0989726
-0.0989198
-0.098866
-0.0988117
-0.098756
-0.0987001
-0.0986422
-0.0985845
-0.0985254
-0.098465
-0.0984032
-0.0983412
-0.0982775
-0.0982128
-0.0981498
-0.0980819
-0.0980143
-0.0979462
-0.097878
-0.0978093
-0.0977365
-0.0976657
-0.0975925
-0.0975193
-0.0974451
-0.0973682
-0.0972918
-0.0972141
-0.0971373
-0.0970569
-0.0969761
-0.0968943
-0.0968122
-0.0967308
-0.0966442
-0.0965586
-0.0964741
-0.0963856
-0.0962995
-0.0962112
-0.0961191
-0.0960275
-0.0959367
-0.0958449
-0.0957512
-0.0956547
-0.0955605
-0.0954639
-0.0953679
-0.0952668
-0.0951701
-0.0950671
-0.0949682
-0.0948652
-0.0947625
-0.0946581
-0.0945556
-0.0944493
-0.0943425
-0.0942347
-0.0941252
-0.0940148
-0.093906
-0.0937933
-0.0936818
-0.0935676
-0.0934556
-0.0933405
-0.0932232
-0.0931058
-0.0929906
-0.0928696
-0.0927495
-0.0926284
-0.0925102
-0.0923854
-0.0922635
-0.0921393
-0.0920137
-0.0918867
-0.0917593
-0.091632
-0.0915062
-0.0913761
-0.0912461
-0.0911136
-0.0909818
-0.0908502
-0.090713
-0.090577
-0.0904416
-0.0903085
-0.0901698
-0.0900297
-0.0898903
-0.0897537
-0.0896115
-0.0894711
-0.0893243
-0.0891811
-0.0890397
-0.088893
-0.0887449
-0.0885971
-0.0884483
-0.0882998
-0.0881522
-0.088002
-0.0878487
-0.0876991
-0.0875475
-0.0873921
-0.0872377
-0.0870806
-0.086925
-0.0867662
-0.0866053
-0.0864471
-0.086287
-0.0861259
-0.0859659
-0.085802
-0.0856403
-0.0854771
-0.0853081
-0.0851446
-0.084979
-0.0848074
-0.0846414
-0.0844739
-0.0843044
-0.0841327
-0.0839621
-0.0837861
-0.0836119
-0.0834389
-0.083263
-0.0830864
-0.0829103
-0.0827326
-0.0825597
-0.0823791
-0.0821997
-0.0820134
-0.081838
-0.0816513
-0.0814716
-0.0812826
-0.0811034
-0.0809142
-0.0807285
-0.0805391
-0.080354
-0.080168
-0.0799785
-0.0797866
-0.0795918
-0.0794035
-0.0792079
-0.0790151
-0.0788245
-0.078625
-0.0784352
-0.0782394
-0.0780398
-0.0778401
-0.0776458
-0.0774462
-0.0772404
-0.0770393
-0.0768374
-0.0766378
-0.0764328
-0.0762294
-0.0760237
-0.0758165
-0.0756132
-0.0754061
-0.075203
-0.0749888
-0.0747842
-0.0745741
-0.0743641
-0.0741526
-0.0739395
-0.0737233
-0.0735095
-0.0732943
-0.0730799
-0.0728649
-0.0726541
-0.072436
-0.0722171
-0.0719917
-0.0717739
-0.0715597
-0.0713389
-0.0711182
-0.0708951
-0.0706705
-0.0704477
-0.0702234
-0.0699967
-0.0697702
-0.0695429
-0.0693185
-0.0690925
-0.0688667
-0.0686377
-0.0684009
-0.0681705
-0.0679438
-0.0677102
-0.0674769
-0.0672492
-0.0670155
-0.066782
-0.0665487
-0.0663112
-0.0660749
-0.0658325
-0.0655948
-0.065362
-0.0651231
-0.0648807
-0.0646405
-0.0643979
-0.0641638
-0.0639189
-0.0636743
-0.0634338
-0.0631889
-0.0629452
-0.062701
-0.0624533
-0.0622135
-0.0619579
-0.0617112
-0.0614649
-0.061217
-0.0609714
-0.0607223
-0.0604649
-0.0602204
-0.0599619
-0.0597162
-0.0594642
-0.0592116
-0.0589497
-0.0587008
-0.0584387
-0.0581926
-0.0579342
-0.0576781
-0.0574147
-0.0571634
-0.0569047
-0.0566425
-0.0563867
-0.0561263
-0.0558644
-0.055605
-0.055341
-0.0550764
-0.0548164
-0.0545528
-0.0542876
-0.0540249
-0.0537526
-0.053492
-0.0532288
-0.0529589
-0.0526937
-0.0524269
-0.0521575
-0.0518825
-0.0516214
-0.0513474
-0.0510802
-0.0508052
-0.050539
-0.0502672
-0.0499886
-0.049722
-0.0494477
-0.0491728
-0.0488996
-0.0486227
-0.0483528
-0.0480781
-0.0477967
-0.0475211
-0.0472419
-0.0469675
-0.0466958
-0.0464163
-0.0461384
-0.0458569
-0.0455782
-0.0452936
-0.0450107
-0.0447328
-0.0444533
-0.0441756
-0.0438856
-0.0436027
-0.0433215
-0.04304
-0.0427558
-0.0424756
-0.0421841
-0.0419041
-0.0416172
-0.0413277
-0.0410422
-0.0407595
-0.0404721
-0.0401777
-0.0398961
-0.0396097
-0.0393119
-0.0390225
-0.0387338
-0.0384448
-0.0381587
-0.0378679
-0.03758
-0.0372895
-0.0369886
-0.0366996
-0.0364113
-0.0361172
-0.0358249
-0.0355334
-0.0352382
-0.0349347
-0.0346501
-0.0343561
-0.0340606
-0.033766
-0.0334699
-0.0331678
-0.032871
-0.0325716
-0.0322765
-0.0319845
-0.0316842
-0.031387
-0.0310849
-0.0307928
-0.0304913
-0.0301906
-0.0298873
-0.0295872
-0.0292868
-0.0289838
-0.0286885
-0.0283838
-0.0280903
-0.0277897
-0.0274841
-0.0271841
-0.0268757
-0.0265728
-0.0262778
-0.0259663
-0.0256627
-0.0253588
-0.0250651
-0.0247572
-0.0244468
-0.0241431
-0.023838
-0.0235397
-0.0232294
-0.0229307
-0.0226247
-0.0223091
-0.0220038
-0.0217019
-0.0213997
-0.0210903
-0.020783
-0.0204767
-0.0201702
-0.0198624
-0.0195543
-0.0192473
-0.0189306
-0.0186302
-0.0183179
-0.0180136
-0.0176951
-0.0173893
-0.0170857
-0.0167678
-0.0164568
-0.0161563
-0.015845
-0.0155288
-0.0152243
-0.0149114
-0.0146042
-0.0142933
-0.0139788
-0.0136665
-0.0133635
-0.013045
-0.0127347
-0.0124207
-0.0121089
-0.0118066
-0.0114934
-0.0111837
-0.010862
-0.0105592
-0.0102385
-0.00992596
-0.00961814
-0.00931024
-0.0089903
-0.00868461
-0.00836331
-0.00805985
-0.00773839
-0.0074336
-0.00711677
-0.00680347
-0.0064925
-0.00617309
-0.00586439
-0.00555086
-0.00523966
-0.00492124
-0.00461115
-0.00429623
-0.00398845
-0.00366507
-0.00335244
-0.00303619
-0.00272709
-0.00241318
-0.00210644
-0.0017853
-0.00147733
-0.00116456
-0.000844589
-0.000534199
-0.000217816
8.89789e-05
0.000401761
0.000725321
0.0010297
0.00134844
0.00166117
0.00197269
0.00228897
0.00260523
0.00292026
0.00322568
0.00354903
0.00385557
0.00417165
0.00448529
0.00479769
0.00511482
0.00541754
0.00573935
0.00605272
0.00636603
0.00668047
0.00699364
0.00730555
0.00761021
0.00793032
0.00824438
0.00855119
0.00886747
0.00918007
0.00949019
0.00979783
0.0101101
0.0104283
0.0107356
0.0110441
0.0113643
0.0116701
0.0119877
0.0122945
0.0126142
0.0129171
0.0132318
0.0135345
0.0138525
0.0141621
0.0144726
0.0147748
0.0150934
0.0154023
0.0157064
0.0160151
0.0163247
0.0166342
0.0169495
0.0172527
0.01757
0.0178741
0.0181815
0.0184864
0.0187947
0.0191063
0.0194177
0.0197172
0.0200235
0.0203367
0.0206379
0.0209506
0.021255
0.0215602
0.0218688
0.0221713
0.0224736
0.0227851
0.0230857
0.0233897
0.0236946
0.0239981
0.0243036
0.0246066
0.0249187
0.02522
0.0255211
0.0258243
0.0261272
0.0264287
0.0267311
0.027032
0.0273293
0.02764
0.0279379
0.0282366
0.0285396
0.0288378
0.0291391
0.0294367
0.0297317
0.0300355
0.0303334
0.0306377
0.0309316
0.0312308
0.031524
0.0318282
0.0321208
0.0324165
0.0327118
0.0330148
0.0333004
0.0336016
0.0338911
0.0341893
0.0344793
0.0347757
0.0350706
0.0353629
0.0356582
0.0359487
0.0362378
0.0365309
0.0368303
0.037115
0.0374081
0.0377009
0.0379877
0.0382709
0.038568
0.0388515
0.0391413
0.0394339
0.0397229
0.0399994
0.0402887
0.0405797
0.0408649
0.0411464
0.0414308
0.0417191
0.0420037
0.0422847
0.0425685
0.0428551
0.0431423
0.0434216
0.0437026
0.0439853
0.0442708
0.0445409
0.0448308
0.0451054
0.0453827
0.0456606
0.0459381
0.0462172
0.0464927
0.0467752
0.0470518
0.0473249
0.0475986
0.0478812
0.0481528
0.0484251
0.0486958
0.0489681
0.0492431
0.0495113
0.0497843
0.0500567
0.0503256
0.050598
0.05087
0.0511404
0.0514073
0.0516767
0.0519466
0.0522078
0.0524798
0.0527461
0.0530109
0.0532741
0.0535358
0.0538011
0.0540617
0.0543239
0.0545905
0.0548515
0.0551101
0.055377
0.0556325
0.0558993
0.0561566
0.0564104
0.0566746
0.0569332
0.0571893
0.0574409
0.0576988
0.0579561
0.058204
0.0584641
0.0587119
0.0589659
0.0592165
0.0594741
0.0597235
0.0599723
0.0602272
0.0604681
0.060717
0.0609634
0.0612149
0.0614649
0.0617113
0.0619535
0.0622043
0.0624462
0.0626902
0.0629318
0.0631745
0.0634158
0.0636592
0.0638955
0.064144
0.0643799
0.0646207
0.0648527
0.065095
0.0653248
0.0655675
0.0657961
0.0660321
0.066272
0.0664987
0.0667389
0.0669688
0.0672015
0.0674335
0.067664
0.0678938
0.0681186
0.0683497
0.0685749
0.0688054
0.069031
0.0692533
0.0694835
0.0697002
0.0699248
0.0701469
0.0703743
0.0705892
0.070816
0.0710362
0.0712557
0.0714678
0.0716909
0.0719041
0.0721192
0.0723409
0.072552
0.0727682
0.0729861
0.0731935
0.073405
0.0736167
0.0738292
0.0740393
0.074248
0.0744551
0.0746647
0.0748719
0.0750807
0.0752818
0.0754914
0.0756934
0.0758961
0.0760965
0.0762985
0.0765028
0.076701
0.0769015
0.0770997
0.0773017
0.0774931
0.0776943
0.0778857
0.0780845
0.0782744
0.0784739
0.0786601
0.0788551
0.0790478
0.0792404
0.0794229
0.0796161
0.0798006
0.0799929
0.0801794
0.0803602
0.0805494
0.0807328
0.0809126
0.0810994
0.0812769
0.0814558
0.0816353
0.081816
0.0819979
0.0821762
0.0823531
0.0825278
0.0826991
0.0828775
0.0830465
0.0832232
0.0833952
0.0835644
0.083736
0.0839068
0.0840722
0.0842401
0.0844096
0.084572
0.0847417
0.0849018
0.0850636
0.0852313
0.0853939
0.0855532
0.0857122
0.0858729
0.0860266
0.0861891
0.0863448
0.0864996
0.0866548
0.0868079
0.0869602
0.0871163
0.0872674
0.0874194
0.0875688
0.0877168
0.0878668
0.0880125
0.0881607
0.0883013
0.0884488
0.0885927
0.0887325
0.0888752
0.0890165
0.089159
0.0892975
0.089435
0.0895738
0.0897081
0.0898492
0.0899817
0.0901133
0.0902502
0.0903816
0.0905141
0.0906407
0.0907719
0.0909027
0.0910302
0.0911552
0.0912828
0.0914066
0.0915309
0.0916538
0.0917768
0.0918966
0.0920182
0.0921393
0.0922555
0.0923734
0.0924914
0.092608
0.0927232
0.0928362
0.0929487
0.0930646
0.0931744
0.0932858
0.0933959
0.0935055
0.0936109
0.0937178
0.0938254
0.0939269
0.094031
0.0941354
0.0942373
0.0943383
0.0944387
0.0945386
0.0946364
0.0947343
0.0948295
0.0949282
0.0950201
0.0951168
0.0952104
0.0953017
0.0953903
0.0954824
0.0955692
0.0956571
0.0957457
0.095833
0.095917
0.0960014
0.0960849
0.0961668
0.0962496
0.0963299
0.0964089
0.0964873
0.0965651
0.0966427
0.0967165
0.0967934
0.0968673
0.0969384
0.097012
0.0970817
0.0971534
0.0972215
0.0972902
0.0973553
0.0974228
0.0974879
0.0975532
0.0976163
0.0976767
0.0977401
0.0977987
0.0978586
0.0979178
0.0979765
0.098033
0.0980867
0.098141
0.0981948
0.098248
0.0983003
0.0983516
0.0983999
0.0984487
0.0984967
0.0985438
0.0985897
0.0986342
0.0986792
0.0987208
0.0987635
0.098805
0.0988447
0.0988837
0.0989214
0.0989583
0.0989945
0.0990303
0.0990643
0.0990974
0.0991297
0.0991599
0.0991912
0.0992198
0.0992487
0.0992754
0.0993013
0.0993269
0.0993515
0.099375
0.0993967
0.0994187
0.0994388
0.0994586
0.0994766
0.0994941
0.099511
0.0995262
0.0995407
0.0995544
0.0995671
0.0995783
0.0995891
0.0995985
0.0996072
0.099615
0.0996214
0.0996272
0.0996318
0.0996356
0.0996383
0.09964
0.0996407
0.0996405
0.0996393
0.0996371
0.0996339
0.0996298
0.0996245
0.0996185
0.0996112
0.0996031
0.0995941
0.099584
0.0995729
0.0995607
0.0995479
0.0995341
0.0995188
0.0995028
0.0994859
0.0994678
0.0994493
0.0994292
0.0994081
0.0993862
0.0993634
0.0993392
0.0993144
0.0992887
0.0992622
0.0992344
0.0992054
0.0991757
0.0991456
0.0991132
0.0990816
0.0990479
0.0990127
0.0989776
0.098941
0.098903
0.0988651
0.0988249
0.0987843
0.0987439
0.0987003
0.0986572
0.0986135
0.0985684
0.0985205
0.0984744
0.0984252
0.0983762
0.0983256
0.0982741
0.0982237
0.0981708
0.0981152
0.0980607
0.0980038
0.0979471
0.0978902
0.0978315
0.0977697
0.097709
0.097648
0.0975857
0.0975216
0.0974571
0.0973903
0.0973239
0.0972572
0.0971873
0.0971198
0.0970493
0.0969756
0.0969051
0.0968302
0.0967558
0.0966816
0.0966056
0.0965293
0.0964508
0.0963701
0.0962894
0.0962098
0.0961291
0.0960455
0.09596
0.0958754
0.0957896
0.0957038
0.0956168
0.0955288
0.0954392
0.095347
0.0952558
0.0951634
0.0950693
0.0949764
0.0948819
0.0947835
0.0946864
0.0945902
0.0944908
0.0943913
0.0942908
0.0941878
0.0940883
0.0939815
0.0938789
0.0937709
0.0936649
0.0935596
0.0934529
0.0933433
0.0932302
0.09312
0.0930072
0.0928969
0.0927822
0.0926666
0.0925509
0.0924356
0.0923182
0.0922016
0.0920818
0.0919612
0.091841
0.0917166
0.0915955
0.0914726
0.0913436
0.0912194
0.0910933
0.0909702
0.0908375
0.0907121
0.090581
0.0904495
0.0903185
0.0901822
0.0900525
0.0899174
0.0897793
0.089646
0.0895056
0.0893722
0.0892294
0.0890911
0.0889486
0.0888064
0.0886633
0.0885204
0.0883782
0.088233
0.0880892
0.0879423
0.0877894
0.0876418
0.0874957
0.0873435
0.0871911
0.0870395
0.0868859
0.0867362
0.086582
0.0864259
0.0862671
0.086111
0.0859553
0.0857963
0.0856365
0.0854752
0.0853155
0.0851507
0.0849881
0.0848209
0.0846573
0.0844928
0.0843269
0.0841627
0.0839899
0.0838228
0.0836562
0.0834809
0.0833087
0.0831416
0.0829631
0.0827904
0.0826169
0.0824399
0.0822675
0.0820882
0.0819108
0.0817339
0.0815542
0.0813744
0.0811882
0.0810068
0.0808281
0.0806443
0.0804598
0.0802703
0.0800841
0.0798965
0.0797131
0.0795246
0.0793354
0.0791482
0.0789523
0.0787658
0.078569
0.0783787
0.0781877
0.077993
0.0777968
0.0775953
0.0773997
0.0772019
0.0770026
0.0768033
0.0766078
0.0764054
0.0762045
0.0760045
0.0757967
0.0755929
0.0753898
0.0751868
0.0749823
0.0747707
0.0745687
0.0743612
0.0741473
0.0739351
0.0737294
0.0735174
0.073307
0.0730951
0.0728825
0.07267
0.0724486
0.0722347
0.0720184
0.0718063
0.0715828
0.0713677
0.0711444
0.0709287
0.0707056
0.0704894
0.0702675
0.0700466
0.0698173
0.0695932
0.0693728
0.0691448
0.0689213
0.0686972
0.0684628
0.0682355
0.068012
0.0677807
0.0675541
0.0673207
0.0670874
0.066857
0.066626
0.0663934
0.0661575
0.0659236
0.0656864
0.0654521
0.0652118
0.0649771
0.0647427
0.0645004
0.0642602
0.0640239
0.0637852
0.0635431
0.0633012
0.0630579
0.062812
0.0625711
0.0623267
0.0620827
0.0618409
0.061591
0.0613404
0.061093
0.060846
0.0605983
0.0603558
0.0601012
0.0598537
0.0596046
0.0593454
0.0590999
0.0588433
0.0585948
0.058337
0.0580835
0.0578275
0.0575709
0.0573186
0.0570608
0.0568084
0.0565436
0.0562841
0.056029
0.0557655
0.0555093
0.0552536
0.0549884
0.0547236
0.0544623
0.0542044
0.05394
0.0536741
0.0534086
0.0531507
0.0528831
0.052615
0.0523474
0.0520783
0.0518117
0.0515436
0.0512791
0.0510089
0.0507444
0.0504743
0.0501953
0.0499335
0.0496536
0.0493908
0.0491109
0.048844
0.0485704
0.0482964
0.0480218
0.0477426
0.0474744
0.047189
0.046921
0.046644
0.0463582
0.0460867
0.0458106
0.0455297
0.0452494
0.0449719
0.0446886
0.0444134
0.0441281
0.0438446
0.043567
0.0432826
0.0430009
0.0427167
0.042432
0.042148
0.0418658
0.0415875
0.0413044
0.041009
0.0407295
0.0404463
0.0401605
0.03987
0.0395768
0.0392943
0.0390058
0.0387159
0.0384311
0.0381382
0.0378493
0.037559
0.0372627
0.0369805
0.0366846
0.0363894
0.0361039
0.0358136
0.0355162
0.0352196
0.034926
0.0346331
0.0343422
0.0340475
0.0337559
0.0334629
0.0331672
0.0328656
0.0325727
0.0322772
0.0319779
0.0316784
0.0313819
0.0310875
0.0307892
0.0304941
0.030193
0.0298962
0.0295933
0.0292879
0.0289902
0.0286945
0.0283939
0.0280919
0.0277896
0.0274916
0.0271933
0.0268914
0.0265845
0.0262855
0.025985
0.0256646
0.0253799
0.0250717
0.0247714
0.0244674
0.0241666
0.0238586
0.0235515
0.02325
0.0229389
0.0226358
0.0223301
0.0220277
0.0217157
0.0214129
0.021104
0.0208054
0.0204902
0.0201819
0.0198803
0.0195704
0.0192662
0.0189617
0.0186477
0.0183369
0.0180308
0.017722
0.0174179
0.01711
0.0168043
0.0164878
0.0161794
0.0158708
0.0155597
0.0152579
0.0149406
0.0146291
0.0143174
0.0140055
0.0136995
0.0133874
0.0130751
0.0127639
0.0124621
0.0121435
0.011839
0.0115202
0.0112084
0.0109036
0.0105891
0.0102794
0.00995877
0.00965356
0.00933991
0.00902736
0.00871232
0.00840078
0.00808438
0.00778222
0.00745968
0.00714781
0.00683945
0.00652625
0.00621297
0.00589604
0.00558503
0.00527636
0.00496285
0.00464808
0.00433207
0.0040232
0.00370231
0.00338976
0.00308076
0.00276215
0.00245669
0.00213443
0.00182892
0.0015078
0.00119866
0.000885899
0.000570733
0.000259152
-5.96245e-05
-0.000367619
-0.000682803
-0.000997984
-0.00131556
-0.00162114
-0.00194348
-0.00225382
-0.00256654
-0.00288404
-0.00318953
-0.00350217
-0.00382557
-0.00412977
-0.00444471
-0.00475722
-0.00506968
-0.00538928
-0.00570165
-0.00602234
-0.00632503
-0.00663723
-0.00695176
-0.00728057
-0.00758062
-0.00789137
-0.00820562
-0.00852457
-0.00883388
-0.0091467
-0.00945465
-0.00976252
-0.0100763
-0.0103899
-0.0107046
-0.0110217
-0.0113278
-0.0116363
-0.011953
-0.0122589
-0.0125729
-0.0128833
-0.0132007
-0.0135037
-0.0138209
-0.0141343
-0.0144452
-0.0147572
-0.0150655
-0.0153736
-0.0156804
-0.0159906
-0.016303
-0.0166165
-0.0169262
-0.0172275
-0.0175345
-0.0178544
-0.0181516
-0.0184617
-0.0187728
-0.0190789
-0.0193873
-0.0196954
-0.0200046
-0.0203171
-0.0206164
-0.0209238
-0.0212321
-0.0215414
-0.0218505
-0.0221559
-0.0224599
-0.0227684
-0.0230707
-0.0233811
-0.0236865
-0.0239882
-0.0242979
-0.0245968
-0.024899
-0.025209
-0.0255084
-0.0258064
-0.0261134
-0.026419
-0.0267243
-0.0270294
-0.0273295
-0.0276317
-0.0279325
-0.0282354
-0.0285322
-0.0288425
-0.0291376
-0.0294359
-0.0297304
-0.0300361
-0.0303335
-0.0306284
-0.0309263
-0.0312263
-0.0315316
-0.0318287
-0.0321197
-0.032423
-0.0327202
-0.0330172
-0.0333104
-0.0336033
-0.0338992
-0.0342005
-0.0344879
-0.0347919
-0.0350775
-0.0353695
-0.0356657
-0.0359683
-0.0362514
-0.0365533
-0.0368391
-0.0371346
-0.0374253
-0.0377201
-0.0380078
-0.0382929
-0.0385844
-0.0388732
-0.0391705
-0.0394542
-0.039743
-0.0400358
-0.0403173
-0.0406038
-0.0408954
-0.0411833
-0.0414621
-0.0417558
-0.0420338
-0.0423266
-0.0426016
-0.0428947
-0.0431721
-0.0434568
-0.0437399
-0.0440237
-0.0443027
-0.0445867
-0.0448691
-0.0451522
-0.0454327
-0.0457053
-0.0459924
-0.0462652
-0.0465439
-0.0468264
-0.0471031
-0.0473805
-0.0476605
-0.0479348
-0.0482034
-0.0484852
-0.048756
-0.0490337
-0.0493014
-0.0495792
-0.0498512
-0.0501217
-0.0504
-0.0506696
-0.0509365
-0.0512041
-0.0514773
-0.0517448
-0.0520201
-0.0522836
-0.0525547
-0.0528202
-0.0530853
-0.0533477
-0.0536178
-0.0538863
-0.0541503
-0.0544137
-0.0546826
-0.0549349
-0.0552008
-0.055462
-0.0557288
-0.055984
-0.0562437
-0.0565107
-0.0567702
-0.0570213
-0.0572857
-0.0575416
-0.0577979
-0.0580576
-0.0583098
-0.0585664
-0.0588224
-0.0590759
-0.0593298
-0.0595859
-0.0598309
-0.0600869
-0.0603394
-0.0605923
-0.0608331
-0.0610838
-0.0613386
-0.0615853
-0.0618323
-0.0620759
-0.0623226
-0.0625735
-0.062818
-0.0630657
-0.0633082
-0.0635527
-0.0637976
-0.0640373
-0.0642763
-0.0645202
-0.064758
-0.0649942
-0.0652362
-0.0654712
-0.0657119
-0.065951
-0.066185
-0.0664256
-0.0666618
-0.0668966
-0.0671235
-0.0673596
-0.0675888
-0.0678236
-0.0680523
-0.068284
-0.0685115
-0.0687435
-0.0689732
-0.0692004
-0.0694278
-0.0696571
-0.069884
-0.0701085
-0.070328
-0.0705571
-0.0707752
-0.0709961
-0.0712214
-0.0714401
-0.0716598
-0.0718796
-0.0720995
-0.0723187
-0.0725397
-0.0727558
-0.0729655
-0.073186
-0.0733983
-0.0736165
-0.0738291
-0.0740376
-0.0742528
-0.0744656
-0.0746737
-0.0748802
-0.07509
-0.0752999
-0.0755042
-0.0757157
-0.0759194
-0.07612
-0.0763308
-0.0765292
-0.0767315
-0.0769392
-0.0771361
-0.0773354
-0.0775354
-0.07774
-0.0779325
-0.078134
-0.078328
-0.0785287
-0.0787227
-0.0789144
-0.0791134
-0.0793007
-0.0794916
-0.0796846
-0.0798761
-0.0800639
-0.0802525
-0.0804466
-0.0806336
-0.080819
-0.0810022
-0.0811868
-0.0813712
-0.0815542
-0.0817434
-0.081922
-0.0821032
-0.0822844
-0.0824654
-0.0826442
-0.0828188
-0.0829974
-0.0831731
-0.0833494
-0.0835242
-0.0836994
-0.0838693
-0.0840422
-0.0842144
-0.084385
-0.0845555
-0.0847245
-0.0848926
-0.0850555
-0.0852239
-0.0853896
-0.0855563
-0.0857147
-0.0858828
-0.0860451
-0.0862016
-0.0863672
-0.0865221
-0.086681
-0.0868439
-0.0870011
-0.0871539
-0.0873123
-0.0874664
-0.0876161
-0.0877754
-0.0879234
-0.0880758
-0.0882233
-0.0883716
-0.0885242
-0.088668
-0.0888144
-0.0889615
-0.0891061
-0.0892509
-0.0893948
-0.0895373
-0.08968
-0.0898197
-0.089959
-0.0900975
-0.0902335
-0.0903749
-0.0905092
-0.0906451
-0.0907807
-0.0909128
-0.0910451
-0.0911745
-0.0913099
-0.091436
-0.0915667
-0.0916955
-0.0918224
-0.091947
-0.0920759
-0.0921977
-0.0923229
-0.0924477
-0.0925669
-0.0926879
-0.0928071
-0.0929268
-0.0930443
-0.0931644
-0.0932773
-0.0933942
-0.0935098
-0.0936214
-0.0937372
-0.0938483
-0.0939597
-0.0940672
-0.094176
-0.0942858
-0.0943939
-0.0944987
-0.0946045
-0.0947083
-0.094813
-0.0949165
-0.0950151
-0.095117
-0.0952169
-0.0953139
-0.0954123
-0.0955094
-0.0956059
-0.0957014
-0.0957953
-0.09589
-0.0959824
-0.0960713
-0.0961618
-0.096251
-0.0963423
-0.0964276
-0.0965163
-0.0966007
-0.0966865
-0.0967706
-0.096851
-0.0969336
-0.0970155
-0.0970949
-0.0971746
-0.0972525
-0.0973282
-0.0974044
-0.0974806
-0.0975555
-0.0976285
-0.0977012
-0.0977721
-0.0978426
-0.0979129
-0.0979801
-0.0980482
-0.0981156
-0.0981793
-0.098244
-0.0983075
-0.0983708
-0.0984333
-0.0984944
-0.098554
-0.0986118
-0.0986704
-0.098727
-0.0987838
-0.0988374
-0.0988917
-0.0989448
-0.0989966
-0.0990489
-0.0990994
-0.0991481
-0.0991952
-0.0992427
-0.0992893
-0.0993343
-0.0993788
-0.099422
-0.0994648
-0.099506
-0.0995463
-0.0995856
-0.0996248
-0.0996613
-0.0996977
-0.0997333
-0.0997679
-0.0998023
-0.0998342
-0.0998661
-0.0998972
-0.0999259
-0.0999549
-0.0999824
-0.10001
-0.100035
-0.10006
-0.100084
-0.100107
-0.100128
-0.100149
-0.100169
-0.100188
-0.100206
-0.100222
-0.100239
-0.100253
-0.100267
-0.10028
-0.100292
-0.100303
-0.100313
-0.100322
-0.10033
-0.100337
-0.100343
-0.100349
-0.100353
-0.100356
-0.100358
-0.100359
-0.100359
-0.100358
-0.100357
-0.100354
-0.10035
-0.100345
-0.100339
-0.100333
-0.100325
-0.100316
-0.100307
-0.100296
-0.100284
-0.100272
-0.100258
-0.100244
-0.100228
-0.100211
-0.100194
-0.100175
-0.100156
-0.100136
-0.100114
-0.100091
-0.100068
-0.100044
-0.100018
-0.099992
-0.0999649
-0.099936
-0.0999075
-0.0998766
-0.0998457
-0.0998132
-0.0997797
-0.0997457
-0.0997107
-0.0996744
-0.0996372
-0.0995989
-0.09956
-0.0995203
-0.0994781
-0.0994372
-0.0993943
-0.0993497
-0.0993043
-0.0992589
-0.0992116
-0.0991646
-0.0991161
-0.0990657
-0.0990142
-0.098963
-0.0989092
-0.0988571
-0.0988012
-0.0987461
-0.0986903
-0.0986316
-0.0985739
-0.0985148
-0.0984539
-0.0983914
-0.0983287
-0.0982663
-0.0982019
-0.0981365
-0.0980697
-0.098004
-0.0979357
-0.0978666
-0.0977967
-0.097725
-0.0976518
-0.0975808
-0.0975045
-0.0974298
-0.0973551
-0.0972785
-0.0971998
-0.0971222
-0.0970422
-0.0969615
-0.0968815
-0.0967957
-0.0967144
-0.0966306
-0.0965445
-0.0964592
-0.0963708
-0.0962809
-0.0961941
-0.0961046
-0.0960132
-0.0959211
-0.0958271
-0.0957332
-0.0956372
-0.0955436
-0.0954469
-0.0953496
-0.095251
-0.0951491
-0.0950521
-0.0949507
-0.0948484
-0.0947443
-0.0946401
-0.0945358
-0.094429
-0.0943203
-0.0942124
-0.094104
-0.0939946
-0.0938839
-0.0937745
-0.0936624
-0.0935481
-0.0934342
-0.0933167
-0.0932036
-0.0930843
-0.0929667
-0.0928487
-0.0927275
-0.0926099
-0.092485
-0.0923624
-0.0922408
-0.092116
-0.0919897
-0.0918669
-0.0917364
-0.0916114
-0.0914805
-0.0913522
-0.0912226
-0.0910905
-0.0909545
-0.0908241
-0.0906904
-0.0905553
-0.0904203
-0.0902807
-0.0901461
-0.0900085
-0.0898652
-0.0897253
-0.0895855
-0.0894444
-0.0892992
-0.0891546
-0.089012
-0.088868
-0.0887219
-0.0885711
-0.0884239
-0.0882759
-0.0881258
-0.0879749
-0.0878237
-0.087667
-0.0875135
-0.0873602
-0.0872086
-0.0870531
-0.0868956
-0.0867372
-0.0865798
-0.0864179
-0.0862569
-0.0860994
-0.0859349
-0.0857739
-0.0856121
-0.0854444
-0.0852809
-0.0851141
-0.0849483
-0.0847823
-0.0846091
-0.0844415
-0.0842679
-0.0840966
-0.0839285
-0.083757
-0.0835833
-0.0834089
-0.0832342
-0.0830588
-0.0828778
-0.0826993
-0.0825248
-0.0823475
-0.0821646
-0.081985
-0.0818039
-0.0816199
-0.0814351
-0.0812516
-0.0810666
-0.0808794
-0.0806928
-0.0805097
-0.0803216
-0.0801276
-0.0799429
-0.0797531
-0.0795626
-0.0793705
-0.0791725
-0.0789818
-0.0787896
-0.0785915
-0.0783992
-0.0782033
-0.0780058
-0.077806
-0.0776055
-0.0774057
-0.0772075
-0.0770077
-0.0768049
-0.0765975
-0.0763978
-0.0761943
-0.0759908
-0.0757819
-0.0755745
-0.0753665
-0.0751608
-0.0749553
-0.0747434
-0.0745356
-0.0743262
-0.074113
-0.0738997
-0.0736874
-0.0734695
-0.0732533
-0.0730437
-0.0728294
-0.0726118
-0.0723927
-0.0721771
-0.0719557
-0.0717353
-0.0715184
-0.0712941
-0.0710708
-0.0708552
-0.0706253
-0.0704007
-0.070178
-0.0699529
-0.0697288
-0.0695075
-0.0692751
-0.0690464
-0.0688178
-0.0685886
-0.0683631
-0.068129
-0.0679014
-0.0676677
-0.0674334
-0.067202
-0.0669699
-0.0667381
-0.0665029
-0.0662626
-0.0660315
-0.0657935
-0.0655548
-0.0653182
-0.0650801
-0.0648423
-0.0645965
-0.0643555
-0.064113
-0.0638726
-0.0636317
-0.0633863
-0.063146
-0.0628957
-0.062656
-0.0624129
-0.0621598
-0.0619126
-0.0616705
-0.0614231
-0.0611675
-0.0609256
-0.0606764
-0.060419
-0.0601715
-0.0599186
-0.0596651
-0.059411
-0.0591564
-0.058906
-0.0586492
-0.0583948
-0.0581427
-0.0578861
-0.0576251
-0.0573684
-0.0571151
-0.0568543
-0.05659
-0.0563311
-0.0560766
-0.0558176
-0.055556
-0.0552949
-0.0550313
-0.0547611
-0.0545034
-0.0542331
-0.0539713
-0.053705
-0.0534432
-0.0531789
-0.0529069
-0.0526477
-0.0523757
-0.0521083
-0.0518353
-0.0515648
-0.0512959
-0.0510285
-0.0507628
-0.0504861
-0.0502184
-0.0499387
-0.0496678
-0.0493944
-0.0491247
-0.0488493
-0.0485797
-0.0483065
-0.0480244
-0.0477471
-0.0474714
-0.0471995
-0.0469166
-0.0466406
-0.0463631
-0.0460873
-0.0457993
-0.0455236
-0.045239
-0.0449668
-0.0446834
-0.0444039
-0.0441174
-0.0438327
-0.0435562
-0.0432718
-0.0429912
-0.042708
-0.0424212
-0.0421307
-0.0418463
-0.0415648
-0.041273
-0.0409896
-0.0407025
-0.0404106
-0.0401238
-0.0398443
-0.039549
-0.0392611
-0.0389772
-0.0386818
-0.0383927
-0.0381021
-0.037819
-0.0375221
-0.0372338
-0.0369406
-0.0366437
-0.0363566
-0.0360623
-0.0357689
-0.0354762
-0.0351842
-0.0348897
-0.0345881
-0.0343031
-0.0339997
-0.0337084
-0.0334088
-0.0331168
-0.0328132
-0.032524
-0.0322208
-0.0319265
-0.0316329
-0.03133
-0.0310267
-0.0307289
-0.0304353
-0.0301322
-0.0298392
-0.0295299
-0.0292328
-0.0289344
-0.0286345
-0.0283286
-0.0280327
-0.027724
-0.0274311
-0.0271264
-0.0268202
-0.0265208
-0.0262106
-0.0259107
-0.025614
-0.02531
-0.0250058
-0.0246944
-0.0243909
-0.024086
-0.0237914
-0.0234814
-0.0231711
-0.0228676
-0.0225663
-0.0222553
-0.0219559
-0.021641
-0.0213388
-0.0210317
-0.0207279
-0.0204133
-0.0201115
-0.019806
-0.0195014
-0.0191849
-0.0188811
-0.0185642
-0.018259
-0.0179558
-0.0176479
-0.017335
-0.0170278
-0.0167134
-0.0164024
-0.0160959
-0.0157846
-0.0154755
-0.0151698
-0.0148604
-0.0145437
-0.0142364
-0.0139206
-0.0136118
-0.0133065
-0.0129868
-0.0126776
-0.0123731
-0.0120554
-0.011747
-0.011435
-0.0111194
-0.0108107
-0.0104936
-0.0101812
-0.0098699
-0.00955848
-0.00924817
-0.0089318
-0.0086249
-0.00830716
-0.0080013
-0.00768103
-0.00736904
-0.00705579
-0.00674607
-0.00643628
-0.00612165
-0.00580337
-0.00549461
-0.0051858
-0.00486976
-0.00454889
-0.00423635
-0.00392258
-0.00361357
-0.00330093
-0.00298347
-0.00266838
-0.00235807
-0.00204773
-0.00173498
-0.00141143
-0.00110704
-0.000795454
-0.000476675
-0.000157895
0.000148899
0.000470069
0.000780445
0.00108841
0.00141195
0.00172228
0.0020314
0.00235127
0.00266273
0.00296698
0.00328796
0.00359932
0.00391185
0.00423271
0.00454275
0.00485155
0.00516867
0.00548215
0.00579318
0.00610893
0.00641745
0.00672948
0.00704145
0.00736529
0.00767711
0.00798765
0.00829811
0.00861445
0.00892236
0.00923971
0.00954862
0.00985386
0.0101709
0.0104855
0.0107928
0.0111012
0.011419
0.011726
0.0120424
0.0123539
0.012657
0.0129765
0.0132841
0.0135927
0.0139095
0.0142213
0.014526
0.0148317
0.0151514
0.0154603
0.0157644
0.0160718
0.0163803
0.016698
0.0170073
0.0173164
0.0176195
0.0179259
0.0182404
0.0185512
0.0188535
0.019158
0.0194694
0.0197724
0.020088
0.0203953
0.0207023
0.0210057
0.0213111
0.0216129
0.0219261
0.0222251
0.0225366
0.0228387
0.023144
0.0234456
0.0237504
0.0240527
0.0243547
0.0246693
0.0249697
0.0252722
0.025579
0.0258763
0.0261769
0.0264864
0.0267841
0.027085
0.0273903
0.0276907
0.0279896
0.0282871
0.028597
0.0288974
0.0291929
0.0294881
0.0297934
0.0300892
0.0303881
0.0306924
0.0309794
0.0312853
0.0315808
0.0318793
0.0321718
0.0324742
0.0327672
0.0330633
0.033358
0.0336579
0.0339474
0.0342466
0.0345377
0.0348362
0.0351266
0.0354211
0.0357096
0.0360034
0.0362935
0.0365855
0.0368726
0.0371694
0.037458
0.0377552
0.0380353
0.0383295
0.0386144
0.0389033
0.0391919
0.0394845
0.0397701
0.0400531
0.0403445
0.0406278
0.0409206
0.0412009
0.0414928
0.0417778
0.0420612
0.0423432
0.0426258
0.0429037
0.0431866
0.0434776
0.0437542
0.0440315
0.0443105
0.0446008
0.0448736
0.0451598
0.0454296
0.0457106
0.0459869
0.0462713
0.0465435
0.0468269
0.0470993
0.0473723
0.0476532
0.0479253
0.0481958
0.0484795
0.0487428
0.0490254
0.049291
0.0495622
0.0498382
0.0501064
0.0503762
0.0506517
0.0509184
0.0511897
0.0514575
0.0517217
0.0519875
0.0522629
0.0525225
0.0527958
0.0530615
0.0533267
0.0535863
0.0538464
0.054116
0.05438
0.0546385
0.0549035
0.0551609
0.0554268
0.0556791
0.0559468
0.0561981
0.0564627
0.0567218
0.0569705
0.0572343
0.0574907
0.0577475
0.057994
0.0582526
0.0585048
0.0587573
0.059018
0.0592684
0.0595183
0.0597704
0.060021
0.0602653
0.0605118
0.0607654
0.0610164
0.061264
0.0615035
0.0617564
0.0620003
0.0622473
0.0624872
0.0627302
0.0629726
0.063219
0.0634592
0.0637061
0.0639459
0.0641788
0.0644192
0.0646599
0.0648972
0.0651339
0.0653682
0.0656045
0.0658464
0.066076
0.0663158
0.0665432
0.0667807
0.0670077
0.0672386
0.067474
0.0677
0.067935
0.0681622
0.068388
0.0686217
0.0688461
0.0690741
0.0692989
0.069523
0.0697472
0.0699682
0.0701886
0.070415
0.0706348
0.070853
0.0710739
0.0712942
0.0715087
0.0717324
0.0719439
0.0721662
0.0723796
0.0725922
0.0728099
0.0730235
0.073234
0.0734503
0.0736529
0.0738693
0.0740818
0.0742895
0.0744972
0.0747035
0.0749082
0.0751177
0.0753202
0.0755242
0.0757276
0.0759325
0.0761374
0.0763362
0.0765419
0.0767384
0.0769357
0.0771376
0.0773326
0.0775322
0.0777317
0.077926
0.0781187
0.0783137
0.0785056
0.0786961
0.0788865
0.079082
0.079268
0.0794583
0.0796499
0.0798371
0.0800272
0.0802071
0.0803941
0.0805775
0.0807608
0.0809447
0.0811306
0.0813067
0.0814909
0.0816695
0.081848
0.0820251
0.0822053
0.0823807
0.0825607
0.0827311
0.0829054
0.0830828
0.0832535
0.0834253
0.0835931
0.0837684
0.0839377
0.0841056
0.0842707
0.0844388
0.0846017
0.0847706
0.0849318
0.0850966
0.0852592
0.0854216
0.085582
0.0857384
0.0858977
0.0860592
0.0862173
0.0863728
0.0865263
0.0866808
0.0868367
0.0869882
0.087143
0.087294
0.0874424
0.0875951
0.0877429
0.0878899
0.0880405
0.0881852
0.0883279
0.0884725
0.0886174
0.0887597
0.0889044
0.0890412
0.0891836
0.0893213
0.0894593
0.0896011
0.0897346
0.0898704
0.0900043
0.0901373
0.0902745
0.0904068
0.0905336
0.0906661
0.0907966
0.0909243
0.0910506
0.0911803
0.0913039
0.0914323
0.0915517
0.0916759
0.0917978
0.0919206
0.0920393
0.0921593
0.0922803
0.0923958
0.0925127
0.0926278
0.0927446
0.0928592
0.0929698
0.0930812
0.0931947
0.0933069
0.0934143
0.0935233
0.0936301
0.0937361
0.0938411
0.0939464
0.0940528
0.0941558
0.0942563
0.0943591
0.0944578
0.0945563
0.0946566
0.0947514
0.0948475
0.0949424
0.0950392
0.0951318
0.0952238
0.0953177
0.0954082
0.0954992
0.0955858
0.0956758
0.0957625
0.0958467
0.0959319
0.0960158
0.096101
0.0961812
0.0962641
0.0963448
0.096424
0.0965019
0.0965807
0.0966558
0.0967323
0.0968059
0.0968794
0.0969533
0.0970248
0.0970944
0.0971648
0.0972333
0.0973023
0.097368
0.0974351
0.0975002
0.0975636
0.0976261
0.0976885
0.0977493
0.0978115
0.097869
0.0979284
0.097986
0.0980418
0.0980978
0.0981511
0.0982062
0.0982583
0.0983091
0.0983595
0.0984081
0.0984583
0.0985057
0.0985533
0.098598
0.098643
0.0986856
0.0987293
0.0987709
0.0988124
0.0988515
0.09889
0.0989285
0.0989653
0.0990007
0.0990356
0.0990702
0.0991031
0.0991352
0.0991664
0.0991955
0.0992246
0.0992534
0.0992804
0.0993064
0.0993317
0.0993554
0.0993788
0.099401
0.099422
0.0994427
0.0994617
0.0994805
0.0994975
0.0995136
0.0995294
0.0995431
0.0995567
0.0995692
0.0995806
0.099591
0.0996003
0.0996089
0.0996161
0.0996225
0.0996282
0.0996325
0.0996361
0.0996386
0.0996402
0.0996408
0.0996403
0.0996389
0.0996365
0.0996332
0.0996289
0.0996236
0.0996171
0.0996097
0.0996015
0.0995923
0.099582
0.0995709
0.0995586
0.0995452
0.0995315
0.0995157
0.0995001
0.0994826
0.0994649
0.0994458
0.0994256
0.0994046
0.0993825
0.0993595
0.0993351
0.0993104
0.0992842
0.0992577
0.09923
0.0992009
0.0991705
0.0991392
0.0991078
0.0990745
0.0990416
0.0990058
0.0989706
0.0989339
0.0988959
0.0988578
0.0988187
0.0987764
0.098736
0.0986922
0.0986498
0.098605
0.0985586
0.098512
0.0984649
0.0984171
0.0983675
0.0983161
0.0982647
0.0982143
0.0981601
0.0981054
0.0980497
0.0979951
0.0979359
0.0978795
0.0978208
0.0977586
0.0976991
0.0976378
0.0975738
0.0975098
0.0974446
0.0973787
0.0973121
0.097245
0.0971757
0.097107
0.097036
0.0969643
0.0968908
0.096817
0.0967432
0.0966669
0.0965915
0.0965126
0.0964345
0.0963573
0.0962752
0.0961958
0.0961124
0.0960308
0.0959445
0.0958591
0.0957748
0.0956882
0.0955989
0.0955121
0.0954227
0.0953313
0.09524
0.0951492
0.0950535
0.0949572
0.0948618
0.0947688
0.0946722
0.0945744
0.0944718
0.0943713
0.0942707
0.0941683
0.0940693
0.093962
0.09386
0.0937547
0.0936453
0.0935406
0.0934313
0.0933232
0.09321
0.0930987
0.0929891
0.0928752
0.0927621
0.0926467
0.0925331
0.0924169
0.0922965
0.0921803
0.0920608
0.0919381
0.0918168
0.0916946
0.091571
0.0914499
0.091325
0.0911967
0.0910724
0.0909419
0.0908158
0.0906849
0.0905526
0.0904254
0.0902933
0.0901587
0.0900253
0.0898916
0.0897559
0.0896209
0.0894803
0.0893457
0.0892076
0.0890664
0.0889255
0.0887803
0.0886398
0.088494
0.0883533
0.0882052
0.0880635
0.0879113
0.0877684
0.0876156
0.0874665
0.0873147
0.0871662
0.0870145
0.0868619
0.0867073
0.0865518
0.0863985
0.0862389
0.0860839
0.0859262
0.085764
0.0856034
0.0854432
0.0852858
0.0851202
0.0849593
0.0847958
0.084632
0.0844636
0.0842969
0.0841306
0.0839584
0.0837937
0.0836204
0.0834528
0.0832811
0.0831099
0.0829319
0.0827584
0.0825828
0.0824117
0.0822357
0.0820542
0.0818753
0.0817024
0.0815198
0.0813399
0.0811598
0.0809726
0.0807931
0.0806106
0.0804259
0.0802398
0.0800528
0.0798679
0.0796758
0.0794893
0.0793049
0.0791089
0.0789187
0.0787254
0.0785366
0.0783396
0.0781506
0.0779513
0.0777564
0.0775637
0.0773681
0.0771694
0.0769707
0.0767705
0.076571
0.0763677
0.0761675
0.0759681
0.0757595
0.0755562
0.0753538
0.0751515
0.0749397
0.0747343
0.0745298
0.0743221
0.0741082
0.0739006
0.0736916
0.0734818
0.0732705
0.0730561
0.0728376
0.072625
0.0724075
0.0722
0.0719778
0.0717607
0.071547
0.0713259
0.07111
0.070885
0.0706651
0.0704438
0.0702234
0.0700049
0.0697771
0.0695521
0.0693316
0.0691017
0.0688755
0.0686512
0.0684254
0.068198
0.0679717
0.0677421
0.0675119
0.0672792
0.0670476
0.0668109
0.0665851
0.0663506
0.0661137
0.0658815
0.0656423
0.0654106
0.0651747
0.0649308
0.0646945
0.0644557
0.0642181
0.0639836
0.0637438
0.0634961
0.0632578
0.0630152
0.0627702
0.0625226
0.0622791
0.0620369
0.0617949
0.0615421
0.0612971
0.0610543
0.0608062
0.0605527
0.0603072
0.0600592
0.0598087
0.0595586
0.0593031
0.0590498
0.0587999
0.0585474
0.0582924
0.0580359
0.0577856
0.0575269
0.0572696
0.0570186
0.0567533
0.0564982
0.0562387
0.0559835
0.0557248
0.0554606
0.0552068
0.0549424
0.0546806
0.0544181
0.0541572
0.0538877
0.0536266
0.0533641
0.053099
0.0528324
0.0525703
0.0523047
0.0520354
0.0517616
0.0515006
0.0512267
0.0509636
0.050696
0.0504257
0.0501529
0.0498817
0.049611
0.0493409
0.0490588
0.0487898
0.0485161
0.0482482
0.0479735
0.0476953
0.0474165
0.0471468
0.0468618
0.0465922
0.0463126
0.0460347
0.0457563
0.0454828
0.0452014
0.0449142
0.0446436
0.044362
0.044082
0.0438026
0.0435142
0.0432362
0.0429556
0.0426637
0.0423887
0.0421057
0.0418158
0.0415331
0.0412489
0.040961
0.0406726
0.0403916
0.0401057
0.0398173
0.039523
0.0392437
0.0389562
0.0386607
0.0383781
0.0380818
0.0377917
0.0375035
0.0372183
0.0369271
0.0366311
0.0363415
0.0360526
0.0357566
0.0354614
0.0351759
0.0348744
0.0345837
0.034286
0.0339913
0.0337052
0.033402
0.0331096
0.0328147
0.0325172
0.0322205
0.0319258
0.0316307
0.0313251
0.0310294
0.0307323
0.030436
0.0301314
0.0298391
0.0295407
0.0292444
0.0289432
0.0286371
0.0283353
0.0280379
0.0277321
0.0274409
0.0271369
0.0268314
0.026528
0.0262277
0.0259272
0.025623
0.0253197
0.0250149
0.0247111
0.0244105
0.0241015
0.0237981
0.0234933
0.0231894
0.0228911
0.0225821
0.0222717
0.0219693
0.0216631
0.0213579
0.021049
0.0207433
0.020434
0.0201373
0.0198275
0.0195152
0.0192121
0.0189053
0.0185959
0.0182816
0.0179754
0.0176655
0.0173577
0.0170545
0.0167488
0.0164381
0.0161203
0.015814
0.01551
0.015194
0.0148873
0.0145746
0.0142676
0.0139522
0.0136413
0.0133292
0.0130157
0.0127104
0.0124014
0.0120888
0.0117748
0.0114666
0.0111572
0.0108464
0.010532
0.0102246
0.00991109
0.00959871
0.00927908
0.00896651
0.00865265
0.00834825
0.00803064
0.00772369
0.00740711
0.00709523
0.00677969
0.00647125
0.00616035
0.00584342
0.00552522
0.00521773
0.00489942
0.00459063
0.00427461
0.00396453
0.00365081
0.00333946
0.00301848
0.00271065
0.002392
0.00208291
0.0017738
0.00145149
0.00114114
0.000830776
0.000515608
0.000202828
-0.000114752
-0.000426341
-0.000741525
-0.00105431
-0.00136349
-0.00167746
-0.001995
-0.00231134
-0.00262046
-0.00293915
-0.00324822
-0.00356686
-0.00387827
-0.00419085
-0.00450818
-0.00481828
-0.00512834
-0.00544554
-0.00575191
-0.00606781
-0.00638963
-0.00669942
-0.00700677
-0.007326
-0.00763441
-0.00794872
-0.00826057
-0.00857712
-0.00889001
-0.00920161
-0.00950716
-0.00982814
-0.0101323
-0.0104555
-0.0107559
-0.0110669
-0.0113886
-0.0117006
-0.0120066
-0.0123195
-0.0126288
-0.0129404
-0.0132542
-0.0135608
-0.0138707
-0.0141901
-0.014501
-0.014807
-0.0151141
-0.0154293
-0.0157349
-0.0160462
-0.0163574
-0.016672
-0.0169805
-0.017283
-0.0175912
-0.0179039
-0.0182141
-0.0185242
-0.0188352
-0.0191343
-0.0194426
-0.0197531
-0.0200692
-0.0203734
-0.0206716
-0.0209871
-0.0212919
-0.0216012
-0.0219067
-0.0222144
-0.0225183
-0.0228209
-0.0231233
-0.0234324
-0.0237366
-0.0240418
-0.0243456
-0.0246561
-0.0249629
-0.0252555
-0.0255594
-0.0258724
-0.026169
-0.0264699
-0.0267786
-0.027079
-0.0273861
-0.0276802
-0.027989
-0.0282814
-0.0285897
-0.0288827
-0.0291892
-0.0294886
-0.0297842
-0.0300842
-0.0303838
-0.0306866
-0.0309879
-0.031281
-0.0315783
-0.031881
-0.0321743
-0.0324786
-0.0327735
-0.0330693
-0.0333601
-0.0336632
-0.0339523
-0.034258
-0.0345431
-0.0348459
-0.0351416
-0.0354335
-0.0357184
-0.0360187
-0.0363141
-0.0366058
-0.0368938
-0.0371825
-0.0374743
-0.0377679
-0.0380633
-0.0383462
-0.0386431
-0.0389329
-0.039218
-0.0395071
-0.0397926
-0.0400798
-0.0403656
-0.0406543
-0.0409436
-0.0412304
-0.0415156
-0.0418038
-0.042085
-0.0423723
-0.0426538
-0.0429467
-0.0432274
-0.0435119
-0.0437939
-0.0440754
-0.0443533
-0.0446436
-0.0449185
-0.0451983
-0.0454755
-0.0457566
-0.0460404
-0.0463173
-0.0465917
-0.0468784
-0.0471519
-0.0474334
-0.0477049
-0.047978
-0.0482613
-0.0485293
-0.0488084
-0.0490776
-0.0493599
-0.0496271
-0.0499022
-0.0501768
-0.0504498
-0.0507214
-0.0509841
-0.0512577
-0.0515288
-0.0517952
-0.0520704
-0.0523358
-0.0526017
-0.0528723
-0.0531402
-0.0533985
-0.0536634
-0.0539298
-0.0541937
-0.0544661
-0.0547208
-0.0549931
-0.0552478
-0.055512
-0.0557807
-0.0560398
-0.0563003
-0.0565583
-0.0568177
-0.0570766
-0.0573339
-0.0575848
-0.0578459
-0.0581036
-0.0583577
-0.0586141
-0.0588642
-0.0591253
-0.0593801
-0.0596294
-0.0598772
-0.0601369
-0.0603893
-0.0606305
-0.0608846
-0.0611371
-0.0613871
-0.0616279
-0.0618824
-0.0621258
-0.0623697
-0.0626166
-0.062863
-0.0631049
-0.0633482
-0.0635936
-0.0638393
-0.0640798
-0.0643251
-0.0645643
-0.0648047
-0.0650381
-0.0652845
-0.0655221
-0.0657581
-0.0659935
-0.0662328
-0.0664669
-0.0667022
-0.0669341
-0.0671708
-0.0673996
-0.0676314
-0.067866
-0.0680991
-0.0683288
-0.0685579
-0.0687864
-0.0690167
-0.0692403
-0.0694676
-0.0696985
-0.0699253
-0.0701497
-0.0703742
-0.0705929
-0.0708152
-0.0710394
-0.0712612
-0.0714831
-0.0717026
-0.0719265
-0.0721412
-0.072357
-0.0725787
-0.0727914
-0.0730075
-0.0732221
-0.0734425
-0.0736508
-0.0738648
-0.0740773
-0.074294
-0.0744978
-0.0747137
-0.0749177
-0.0751322
-0.075334
-0.0755429
-0.0757528
-0.0759539
-0.0761638
-0.0763659
-0.0765727
-0.0767694
-0.0769723
-0.0771745
-0.0773759
-0.0775743
-0.0777712
-0.0779756
-0.0781717
-0.0783655
-0.0785601
-0.0787539
-0.0789551
-0.079143
-0.0793374
-0.0795326
-0.0797225
-0.0799117
-0.0801023
-0.0802928
-0.0804811
-0.0806686
-0.0808545
-0.0810362
-0.0812248
-0.0814064
-0.0815885
-0.0817726
-0.0819518
-0.0821343
-0.082318
-0.0824955
-0.0826755
-0.0828541
-0.0830257
-0.083202
-0.0833821
-0.0835548
-0.0837272
-0.0839035
-0.0840711
-0.0842431
-0.0844149
-0.0845859
-0.0847508
-0.0849202
-0.085088
-0.0852556
-0.0854192
-0.0855864
-0.0857452
-0.0859101
-0.086071
-0.0862317
-0.086394
-0.0865531
-0.0867148
-0.0868728
-0.087028
-0.0871824
-0.0873378
-0.0874946
-0.0876442
-0.087801
-0.0879524
-0.0881023
-0.0882507
-0.0884012
-0.0885491
-0.0886944
-0.0888417
-0.0889881
-0.0891315
-0.0892761
-0.0894199
-0.0895606
-0.0897027
-0.0898438
-0.089983
-0.0901218
-0.0902629
-0.0903963
-0.0905325
-0.0906678
-0.0908052
-0.0909387
-0.0910703
-0.0912005
-0.0913303
-0.0914628
-0.0915903
-0.0917199
-0.0918442
-0.091972
-0.0920964
-0.0922214
-0.092346
-0.0924687
-0.0925886
-0.09271
-0.0928304
-0.0929477
-0.0930659
-0.0931836
-0.0933008
-0.0934144
-0.0935281
-0.0936456
-0.0937548
-0.0938665
-0.0939778
-0.0940894
-0.094195
-0.0943047
-0.0944127
-0.0945185
-0.0946226
-0.0947265
-0.0948319
-0.0949332
-0.0950336
-0.0951339
-0.0952336
-0.0953357
-0.0954305
-0.0955282
-0.0956226
-0.0957184
-0.0958125
-0.0959059
-0.0959985
-0.0960873
-0.0961804
-0.0962677
-0.0963568
-0.0964442
-0.0965311
-0.0966176
-0.0967019
-0.0967856
-0.0968674
-0.0969482
-0.0970309
-0.0971089
-0.097189
-0.0972667
-0.0973422
-0.0974194
-0.0974948
-0.0975673
-0.0976424
-0.0977146
-0.0977845
-0.0978562
-0.0979252
-0.0979913
-0.0980592
-0.0981275
-0.0981922
-0.0982565
-0.0983203
-0.0983834
-0.0984448
-0.098505
-0.0985644
-0.0986236
-0.0986812
-0.0987382
-0.0987942
-0.0988486
-0.0989025
-0.0989544
-0.0990072
-0.0990582
-0.0991076
-0.099157
-0.099204
-0.0992525
-0.0992984
-0.099343
-0.0993868
-0.0994297
-0.0994718
-0.099513
-0.0995534
-0.099593
-0.0996319
-0.0996695
-0.099705
-0.0997406
-0.099774
-0.0998075
-0.09984
-0.0998715
-0.0999023
-0.099932
-0.0999598
-0.0999874
-0.100014
-0.100039
-0.100064
-0.100088
-0.100111
-0.100132
-0.100153
-0.100172
-0.100191
-0.100209
-0.100225
-0.100241
-0.100256
-0.10027
-0.100283
-0.100294
-0.100305
-0.100315
-0.100324
-0.100332
-0.100339
-0.100344
-0.100349
-0.100353
-0.100356
-0.100358
-0.100359
-0.100359
-0.100358
-0.100356
-0.100353
-0.100349
-0.100344
-0.100338
-0.100331
-0.100324
-0.100315
-0.100305
-0.100294
-0.100282
-0.10027
-0.100256
-0.100241
-0.100225
-0.100208
-0.100191
-0.100172
-0.100152
-0.100132
-0.10011
-0.100087
-0.100064
-0.100039
-0.100013
-0.0999874
-0.0999589
-0.0999312
-0.0999015
-0.0998705
-0.0998395
-0.0998068
-0.099774
-0.0997397
-0.0997036
-0.099668
-0.0996306
-0.0995926
-0.0995521
-0.0995126
-0.0994715
-0.0994282
-0.099385
-0.0993415
-0.0992956
-0.0992505
-0.0992029
-0.0991544
-0.0991064
-0.099057
-0.0990056
-0.0989528
-0.0989005
-0.0988468
-0.098791
-0.0987358
-0.0986785
-0.0986218
-0.0985631
-0.0985022
-0.0984417
-0.0983815
-0.0983193
-0.0982553
-0.0981902
-0.0981247
-0.0980574
-0.0979918
-0.0979231
-0.0978527
-0.0977826
-0.0977113
-0.0976399
-0.097565
-0.0974917
-0.0974166
-0.0973422
-0.0972652
-0.0971851
-0.0971059
-0.0970275
-0.0969479
-0.0968639
-0.096783
-0.0966997
-0.0966137
-0.0965271
-0.0964426
-0.0963554
-0.0962673
-0.0961759
-0.0960876
-0.0959967
-0.0959028
-0.0958085
-0.0957155
-0.0956205
-0.0955252
-0.0954294
-0.0953312
-0.0952336
-0.0951316
-0.0950328
-0.094932
-0.0948272
-0.0947257
-0.0946206
-0.0945169
-0.0944074
-0.0943039
-0.0941959
-0.0940856
-0.0939761
-0.0938644
-0.0937544
-0.0936387
-0.0935285
-0.0934109
-0.0932959
-0.0931809
-0.0930623
-0.0929468
-0.0928277
-0.0927072
-0.0925872
-0.0924645
-0.0923418
-0.0922181
-0.0920936
-0.0919701
-0.0918442
-0.091714
-0.0915849
-0.0914558
-0.0913284
-0.091197
-0.0910638
-0.0909331
-0.0907996
-0.0906662
-0.0905315
-0.0903953
-0.0902556
-0.0901165
-0.0899825
-0.0898395
-0.0896989
-0.0895579
-0.0894188
-0.0892756
-0.0891276
-0.0889837
-0.0888389
-0.0886933
-0.0885468
-0.0883978
-0.0882456
-0.0880954
-0.0879483
-0.0877952
-0.0876418
-0.0874876
-0.0873313
-0.0871806
-0.0870244
-0.0868655
-0.0867076
-0.086547
-0.0863879
-0.0862287
-0.0860679
-0.085907
-0.0857409
-0.0855795
-0.0854148
-0.0852512
-0.085081
-0.0849182
-0.0847489
-0.0845813
-0.0844116
-0.0842392
-0.0840685
-0.0838963
-0.0837213
-0.0835494
-0.0833761
-0.0832027
-0.0830224
-0.0828453
-0.082666
-0.0824914
-0.0823132
-0.0821329
-0.0819531
-0.0817656
-0.0815836
-0.0814049
-0.0812171
-0.0810348
-0.0808446
-0.0806586
-0.0804725
-0.080287
-0.0800936
-0.0799044
-0.0797167
-0.079523
-0.0793308
-0.0791385
-0.0789448
-0.0787524
-0.0785601
-0.0783618
-0.0781634
-0.0779673
-0.0777674
-0.0775712
-0.0773713
-0.0771722
-0.0769715
-0.0767624
-0.0765657
-0.0763581
-0.0761521
-0.0759477
-0.0757409
-0.0755422
-0.07533
-0.0751234
-0.0749145
-0.0747057
-0.0744954
-0.0742851
-0.0740725
-0.0738608
-0.0736442
-0.073436
-0.0732147
-0.073005
-0.0727881
-0.0725737
-0.0723495
-0.0721312
-0.0719198
-0.0716942
-0.071473
-0.0712561
-0.0710369
-0.070811
-0.0705861
-0.0703614
-0.0701368
-0.0699133
-0.0696856
-0.0694659
-0.0692317
-0.0690115
-0.0687768
-0.0685509
-0.0683227
-0.0680911
-0.0678616
-0.0676287
-0.0673978
-0.0671592
-0.0669323
-0.0666932
-0.0664579
-0.0662247
-0.0659881
-0.06575
-0.0655076
-0.0652763
-0.0650299
-0.064791
-0.0645579
-0.0643168
-0.0640751
-0.063831
-0.0635908
-0.0633445
-0.0631003
-0.0628592
-0.0626091
-0.0623668
-0.062123
-0.0618682
-0.0616251
-0.0613738
-0.0611304
-0.0608731
-0.0606229
-0.0603797
-0.0601302
-0.0598743
-0.0596236
-0.0593714
-0.0591166
-0.0588574
-0.0586025
-0.0583499
-0.0580967
-0.0578391
-0.0575838
-0.057328
-0.0570628
-0.0568029
-0.0565464
-0.0562923
-0.0560238
-0.0557667
-0.055501
-0.0552438
-0.0549821
-0.0547118
-0.054457
-0.0541887
-0.0539248
-0.0536563
-0.0533945
-0.053128
-0.052858
-0.0525936
-0.0523204
-0.052056
-0.051787
-0.0515236
-0.0512536
-0.0509769
-0.0507069
-0.0504364
-0.0501612
-0.0498897
-0.0496209
-0.0493464
-0.0490745
-0.0488032
-0.0485293
-0.0482465
-0.047977
-0.0476954
-0.0474207
-0.0471476
-0.0468731
-0.0465885
-0.0463099
-0.0460318
-0.0457491
-0.045468
-0.0451951
-0.0449131
-0.0446297
-0.04435
-0.04407
-0.0437885
-0.0435
-0.043223
-0.0429316
-0.0426527
-0.0423603
-0.0420795
-0.0417972
-0.0415146
-0.0412249
-0.0409425
-0.0406488
-0.0403678
-0.0400809
-0.0397827
-0.0395038
-0.0392136
-0.0389164
-0.0386353
-0.0383384
-0.0380566
-0.0377545
-0.0374665
-0.0371736
-0.0368848
-0.0365979
-0.0362984
-0.0360097
-0.0357184
-0.0354234
-0.0351314
-0.0348324
-0.0345397
-0.0342377
-0.0339466
-0.0336553
-0.0333556
-0.0330523
-0.0327633
-0.0324661
-0.0321709
-0.0318673
-0.031576
-0.031281
-0.0309777
-0.030682
-0.0303758
-0.0300773
-0.0297774
-0.0294771
-0.0291755
-0.028877
-0.0285736
-0.0282745
-0.0279798
-0.0276744
-0.0273745
-0.0270721
-0.0267624
-0.0264606
-0.0261574
-0.0258539
-0.0255537
-0.025252
-0.0249512
-0.0246491
-0.0243386
-0.024036
-0.023732
-0.0234196
-0.0231163
-0.0228197
-0.0225102
-0.0222062
-0.0218938
-0.0215895
-0.0212849
-0.0209766
-0.0206716
-0.020364
-0.0200516
-0.0197378
-0.0194402
-0.0191343
-0.0188187
-0.01851
-0.0182047
-0.0178992
-0.0175829
-0.0172724
-0.0169664
-0.0166543
-0.0163551
-0.0160391
-0.0157313
-0.0154222
-0.0151153
-0.0147951
-0.0144867
-0.014177
-0.0138672
-0.0135548
-0.0132471
-0.0129392
-0.0126217
-0.0123172
-0.0120042
-0.0116935
-0.0113767
-0.0110669
-0.0107464
-0.0104448
-0.0101252
-0.00981263
-0.00950716
-0.00918729
-0.00887807
-0.00856876
-0.00825818
-0.00794633
-0.00762246
-0.00731524
-0.00700557
-0.00669225
-0.00637647
-0.00606422
-0.00574473
-0.00543117
-0.00512116
-0.00481349
-0.0044962
-0.00418246
-0.00387348
-0.00355368
-0.00324104
-0.00292836
-0.00260968
-0.00230055
-0.00198662
-0.00167506
-0.0013563
-0.00104113
-0.000733137
-0.000422746
-0.000101569
0.000206423
0.000519203
0.000842759
0.00115432
0.00146227
0.001775
0.00208651
0.00240997
0.00271424
0.00302806
0.00334544
0.0036568
0.00397171
0.00428658
0.0046026
0.0049066
0.0052297
0.00553359
0.00585538
0.00616275
0.00647364
0.00679284
0.0071024
0.00741428
0.00773444
0.00804497
0.0083578
0.00866936
0.00898082
0.00929578
0.00960825
0.00992062
0.0102269
0.0105415
0.0108524
0.0111667
0.0114797
0.0117879
0.0120983
0.0124062
0.0127164
0.0130276
0.0133446
0.0136544
0.0139676
0.0142723
0.014584
0.0148944
0.0152059
0.0155077
0.0158282
0.0161297
0.0164358
0.0167535
0.0170604
0.0173671
0.017682
0.0179907
0.0182899
0.0185982
0.0189053
0.0192191
0.0195211
0.0198287
0.020142
0.0204492
0.0207586
0.0210595
0.0213673
0.0216748
0.0219833
0.0222869
0.0225915
0.0228981
0.0232057
0.0235038
0.0238144
0.0241108
0.0244244
0.0247192
0.0250288
0.0253278
0.0256288
0.025933
0.0262358
0.0265384
0.026836
0.0271438
0.027449
0.027747
0.0280494
0.0283514
0.0286429
0.0289489
0.0292513
0.0295465
0.0298494
0.0301474
0.0304485
0.0307391
0.0310397
0.0313388
0.0316319
0.0319314
0.0322285
0.0325263
0.0328249
0.0331141
0.0334099
0.0337075
0.0340014
0.0342961
0.0345949
0.0348856
0.0351781
0.0354737
0.0357678
0.0360548
0.0363537
0.03664
0.0369304
0.0372183
0.0375146
0.0378072
0.0380895
0.0383847
0.0386662
0.0389607
0.0392525
0.0395351
0.0398228
0.0401112
0.0403959
0.0406825
0.040973
0.0412598
0.041544
0.0418234
0.042109
0.0423887
0.0426723
0.0429577
0.0432427
0.0435293
0.0438069
0.0440852
0.0443716
0.0446501
0.0449238
0.0452078
0.0454903
0.0457606
0.0460485
0.0463169
0.0465943
0.0468681
0.0471468
0.0474281
0.0477016
0.0479788
0.0482513
0.0485234
0.0488002
0.0490713
0.0493409
0.0496183
0.0498848
0.050156
0.0504257
0.0506991
0.0509667
0.0512401
0.0515077
0.051777
0.0520416
0.0523057
0.0525774
0.0528375
0.0531031
0.0533702
0.0536377
0.0538937
0.0541662
0.0544272
0.0546876
0.0549454
0.0552058
0.0554665
0.0557337
0.0559924
0.0562525
0.0565041
0.0567612
0.0570176
0.0572823
0.0575357
0.0577904
0.0580475
0.0583021
0.0585542
0.0588095
0.0590595
0.0593108
0.0595624
0.0598173
0.0600659
0.0603167
0.0605575
0.0608128
0.0610618
0.0613018
0.0615571
0.0618024
0.0620406
0.0622866
0.0625366
0.0627767
0.0630208
0.0632606
0.063508
0.0637457
0.0639827
0.0642218
0.0644621
0.0647072
0.064939
0.0651765
0.0654169
0.0656504
0.0658868
0.0661181
0.0663586
0.0665913
0.0668242
0.0670529
0.0672862
0.0675145
0.0677448
0.0679708
0.0681998
0.0684315
0.0686512
0.0688868
0.0691121
0.0693393
0.0695641
0.0697831
0.0700049
0.0702276
0.0704497
0.0706761
0.0708942
0.0711167
0.0713368
0.0715553
0.0717715
0.0719828
0.0722033
0.0724166
0.0726299
0.0728491
0.0730626
0.0732754
0.0734851
0.0736932
0.0739039
0.0741138
0.0743237
0.0745346
0.0747407
0.07495
0.0751515
0.0753577
0.0755648
0.0757688
0.0759666
0.0761706
0.0763746
0.0765764
0.0767766
0.0769722
0.0771709
0.0773696
0.0775683
0.0777661
0.077958
0.0781536
0.078347
0.0785373
0.078735
0.0789274
0.0791184
0.0793064
0.0794922
0.0796815
0.07987
0.0800592
0.0802462
0.0804323
0.0806113
0.080798
0.0809803
0.0811626
0.0813447
0.0815253
0.0817058
0.0818849
0.082059
0.0822391
0.0824144
0.0825935
0.0827631
0.0829366
0.0831099
0.0832844
0.0834554
0.0836262
0.0837943
0.0839635
0.084137
0.0843013
0.0844668
0.0846358
0.0847983
0.0849625
0.0851271
0.0852895
0.0854512
0.085612
0.0857719
0.0859317
0.0860857
0.0862443
0.0864015
0.0865572
0.0867114
0.0868619
0.0870185
0.0871708
0.0873188
0.0874705
0.0876202
0.0877701
0.0879181
0.0880674
0.0882086
0.0883545
0.0884984
0.0886452
0.0887852
0.0889265
0.0890707
0.0892086
0.0893484
0.0894872
0.0896235
0.0897606
0.0898978
0.090032
0.0901659
0.0902958
0.0904299
0.0905586
0.0906894
0.0908188
0.0909497
0.0910734
0.0912011
0.0913264
0.0914522
0.0915743
0.0916988
0.0918229
0.0919409
0.0920608
0.0921816
0.0923024
0.09242
0.092534
0.0926503
0.092766
0.0928795
0.0929934
0.093103
0.0932142
0.0933249
0.0934347
0.0935439
0.0936514
0.0937555
0.0938628
0.0939651
0.0940693
0.0941726
0.0942734
0.0943752
0.0944753
0.0945744
0.0946734
0.0947702
0.0948666
0.0949601
0.0950578
0.0951489
0.0952432
0.0953345
0.0954231
0.0955152
0.095604
0.0956905
0.0957758
0.095863
0.0959468
0.0960308
0.0961162
0.0961971
0.0962783
0.0963589
0.0964385
0.0965159
0.0965924
0.0966692
0.0967461
0.0968186
0.0968922
0.0969654
0.0970371
0.0971072
0.097177
0.0972473
0.0973149
0.097382
0.0974469
0.0975118
0.0975745
0.097638
0.0976994
0.0977621
0.0978213
0.0978815
0.0979379
0.0979964
0.098052
0.0981085
0.0981622
0.0982149
0.0982664
0.0983178
0.0983688
0.098419
0.0984676
0.098514
0.09856
0.0986064
0.0986511
0.0986934
0.0987372
0.0987786
0.0988188
0.0988589
0.0988966
0.0989352
0.0989718
0.0990076
0.0990423
0.0990757
0.0991089
0.0991404
0.099171
0.0992015
0.0992303
0.0992585
0.0992852
0.0993113
0.0993356
0.0993601
0.099383
0.0994049
0.0994262
0.0994462
0.0994652
0.0994833
0.0995008
0.0995162
0.0995316
0.0995458
0.0995591
0.0995712
0.0995825
0.0995926
0.0996018
0.09961
0.0996175
0.0996236
0.0996289
0.0996333
0.0996366
0.099639
0.0996404
0.0996408
0.0996402
0.0996386
0.099636
0.0996325
0.099628
0.0996224
0.0996159
0.0996084
0.0995999
0.0995905
0.0995803
0.0995687
0.0995562
0.0995431
0.0995283
0.0995135
0.099497
0.0994797
0.0994614
0.099442
0.0994218
0.0994003
0.099378
0.0993553
0.0993311
0.0993059
0.0992799
0.0992523
0.0992241
0.099195
0.0991653
0.0991344
0.0991018
0.0990685
0.0990345
0.0990004
0.0989642
0.0989277
0.098889
0.0988506
0.0988101
0.0987695
0.0987278
0.0986852
0.0986414
0.0985969
0.0985508
0.0985045
0.0984563
0.0984072
0.0983577
0.0983073
0.0982553
0.0982032
0.0981494
0.0980964
0.0980411
0.097983
0.0979273
0.0978674
0.097808
0.0977498
0.0976878
0.0976258
0.0975617
0.0974987
0.0974334
0.0973658
0.0973007
0.0972322
0.0971632
0.0970925
0.0970224
0.0969514
0.0968777
0.0968039
0.0967295
0.0966541
0.0965783
0.0965004
0.0964225
0.0963406
0.0962613
0.0961808
0.0960982
0.0960155
0.0959312
0.0958451
0.0957573
0.0956728
0.0955824
0.0954961
0.0954055
0.0953143
0.0952231
0.09513
0.0950349
0.094942
0.0948464
0.0947488
0.0946509
0.0945529
0.0944555
0.0943537
0.0942544
0.0941523
0.0940488
0.0939448
0.0938383
0.0937324
0.0936277
0.0935188
0.0934101
0.0933014
0.0931905
0.0930791
0.0929685
0.0928553
0.0927394
0.0926265
0.0925083
0.0923932
0.0922767
0.092158
0.0920374
0.0919187
0.0917936
0.0916721
0.0915503
0.0914275
0.0913024
0.0911755
0.0910457
0.0909223
0.0907902
0.0906646
0.0905306
0.0904002
0.0902674
0.0901353
0.0900007
0.0898689
0.0897315
0.0895937
0.0894587
0.0893197
0.0891777
0.0890417
0.0888995
0.0887581
0.0886157
0.0884714
0.088324
0.0881807
0.0880321
0.0878888
0.0877389
0.0875911
0.0874389
0.0872894
0.0871372
0.0869865
0.0868337
0.0866754
0.0865216
0.0863687
0.0862095
0.0860519
0.0858977
0.0857378
0.0855777
0.0854173
0.0852512
0.085091
0.0849249
0.0847656
0.0845966
0.0844344
0.0842669
0.084096
0.0839326
0.0837606
0.0835918
0.0834181
0.0832456
0.0830769
0.0829041
0.0827271
0.082556
0.0823747
0.0821992
0.0820217
0.081846
0.0816661
0.0814861
0.0813088
0.0811202
0.080942
0.0807608
0.0805726
0.0803934
0.0802022
0.0800172
0.07983
0.0796441
0.0794554
0.0792644
0.0790776
0.0788858
0.0786932
0.078499
0.0783078
0.0781105
0.0779178
0.0777235
0.0775292
0.0773266
0.0771338
0.076935
0.07673
0.0765358
0.0763347
0.0761274
0.0759302
0.0757276
0.0755219
0.0753115
0.0751067
0.0749058
0.0746987
0.0744869
0.0742799
0.074069
0.0738597
0.0736553
0.0734438
0.0732267
0.073017
0.0728017
0.0725906
0.0723738
0.072158
0.0719398
0.0717241
0.0715078
0.0712891
0.0710664
0.0708463
0.0706272
0.0704074
0.0701869
0.0699606
0.0697387
0.0695144
0.069286
0.0690655
0.0688357
0.0686087
0.0683827
0.0681526
0.0679253
0.0676991
0.0674617
0.0672324
0.0670042
0.06677
0.066537
0.066305
0.0660743
0.0658392
0.0656036
0.0653655
0.0651267
0.0648872
0.0646526
0.0644137
0.064176
0.0639359
0.0636914
0.0634499
0.063206
0.0629707
0.0627274
0.0624798
0.0622371
0.0619881
0.0617461
0.0614997
0.0612546
0.0610032
0.0607569
0.0605118
0.0602624
0.0600143
0.0597561
0.0595087
0.059255
0.0590084
0.0587554
0.0584961
0.0582439
0.057995
0.0577339
0.0574819
0.0572235
0.0569626
0.0567149
0.0564548
0.0561962
0.0559389
0.0556791
0.0554148
0.0551519
0.0548925
0.0546325
0.054372
0.054107
0.0538434
0.0535772
0.0533125
0.0530514
0.0527898
0.0525195
0.0522547
0.0519875
0.0517176
0.0514452
0.0511764
0.0509132
0.0506413
0.050369
0.0501023
0.049833
0.0495612
0.049291
0.0490119
0.0487386
0.048469
0.0481948
0.0479221
0.0476448
0.0473713
0.047093
0.0468164
0.0465435
0.046266
0.0459859
0.045701
0.0454306
0.045147
0.0448715
0.0445891
0.0443126
0.0440229
0.0437435
0.0434679
0.0431812
0.0428983
0.0426172
0.0423334
0.0420493
0.0417691
0.0414754
0.0411987
0.0409107
0.0406267
0.0403401
0.0400487
0.0397657
0.0394757
0.0391875
0.0388989
0.03861
0.0383228
0.0380287
0.0377385
0.0374547
0.0371616
0.0368659
0.0365766
0.0362868
0.035999
0.0356996
0.035411
0.0351221
0.0348239
0.0345253
0.0342354
0.0339384
0.0336455
0.0333501
0.0330498
0.0327604
0.0324618
0.0321673
0.0318702
0.0315728
0.0312796
0.0309839
0.0306788
0.0303778
0.0300835
0.029782
0.0294824
0.0291826
0.0288825
0.0285844
0.0282883
0.0279827
0.0276838
0.0273799
0.0270735
0.0267737
0.026476
0.0261711
0.0258682
0.0255697
0.0252664
0.0249627
0.0246589
0.0243524
0.024055
0.0237434
0.0234386
0.0231335
0.0228282
0.0225226
0.0222145
0.0219179
0.0216023
0.0213076
0.0209986
0.0206941
0.02038
0.0200798
0.01977
0.0194577
0.0191545
0.0188488
0.0185382
0.0182274
0.0179283
0.0176171
0.0173011
0.0169896
0.0166874
0.0163779
0.0160659
0.0157608
0.0154509
0.0151407
0.0148257
0.0145153
0.0142119
0.0139012
0.0135879
0.0132793
0.0129658
0.012657
0.0123456
0.0120293
0.0117224
0.0114131
0.0110988
0.0107821
0.0104772
0.0101626
0.00984552
0.00953312
0.00922063
0.00890804
0.00860252
0.00828736
0.00798168
0.00766397
0.00734617
0.00704025
0.00672709
0.00641147
0.00609817
0.00578241
0.00547378
0.00516029
0.00484437
0.00453557
0.00421954
0.00390825
0.00359693
0.00327598
0.00296219
0.00264836
0.00234408
0.00202301
0.0017115
0.00139996
0.00108122
0.000767264
0.000455689
0.000144106
-0.000169879
-0.000486262
-0.000800248
-0.00111663
-0.0014282
-0.00173498
-0.00205372
-0.00237005
-0.00267677
-0.00299066
-0.00331171
-0.00362076
-0.00393935
-0.00424354
-0.00456445
-0.00487575
-0.00518699
-0.00550298
-0.00581653
-0.00612763
-0.00644346
-0.00675444
-0.00706297
-0.00738339
-0.00768939
-0.00800728
-0.00831792
-0.00863087
-0.00893896
-0.0092613
-0.00956683
-0.00987705
-0.010192
-0.0105068
-0.0108215
-0.011136
-0.0114434
-0.0117554
-0.0120673
-0.012379
-0.0126907
-0.0129903
-0.0133089
-0.0136201
-0.0139384
-0.0142447
-0.0145508
-0.0148663
-0.0151745
-0.0154802
-0.0158
-0.0161007
-0.016413
-0.0167229
-0.0170396
-0.0173397
-0.0176585
-0.0179606
-0.0182696
-0.0185878
-0.0188894
-0.0191955
-0.0194991
-0.0198048
-0.0201127
-0.0204227
-0.0207279
-0.0210399
-0.0213517
-0.0216515
-0.0219605
-0.0222647
-0.0225709
-0.022877
-0.0231874
-0.023493
-0.0237984
-0.0240988
-0.0244014
-0.0247061
-0.0250128
-0.025317
-0.0256232
-0.02592
-0.0262234
-0.0265289
-0.0268341
-0.0271321
-0.0274345
-0.0277366
-0.0280431
-0.0283355
-0.028646
-0.028947
-0.0292478
-0.0295459
-0.0298415
-0.0301391
-0.0304456
-0.030738
-0.0310438
-0.0313357
-0.0316364
-0.031939
-0.0322277
-0.0325228
-0.03282
-0.0331259
-0.0334133
-0.0337095
-0.0340098
-0.0343099
-0.034596
-0.0348976
-0.0351876
-0.0354818
-0.0357756
-0.0360735
-0.0363599
-0.0366594
-0.036954
-0.0372349
-0.0375266
-0.0378245
-0.0381155
-0.0383994
-0.038694
-0.038986
-0.0392732
-0.0395645
-0.0398487
-0.0401348
-0.0404205
-0.040708
-0.0410038
-0.0412861
-0.0415681
-0.0418561
-0.042146
-0.0424245
-0.0427113
-0.0429955
-0.0432793
-0.043567
-0.0438478
-0.0441304
-0.0444125
-0.0446898
-0.0449668
-0.0452561
-0.0455279
-0.0458057
-0.0460894
-0.0463705
-0.046647
-0.0469293
-0.0472027
-0.0474778
-0.0477587
-0.0480328
-0.0483065
-0.0485797
-0.0488608
-0.049131
-0.0494028
-0.0496824
-0.049947
-0.0502236
-0.0504934
-0.050769
-0.0510399
-0.0513124
-0.0515782
-0.0518435
-0.0521145
-0.0523788
-0.0526528
-0.052912
-0.053185
-0.0534493
-0.0537212
-0.0539845
-0.0542412
-0.0545074
-0.0547691
-0.0550383
-0.0552989
-0.055561
-0.0558265
-0.0560855
-0.05634
-0.0565979
-0.0568593
-0.0571141
-0.0573782
-0.057632
-0.0578969
-0.0581515
-0.0584055
-0.058655
-0.0589138
-0.0591641
-0.0594255
-0.0596767
-0.0599292
-0.060183
-0.0604266
-0.0606774
-0.0609256
-0.0611751
-0.0614241
-0.0616781
-0.061924
-0.0621692
-0.0624176
-0.0626597
-0.0629107
-0.0631516
-0.0633994
-0.0636428
-0.0638819
-0.0641222
-0.0643638
-0.0646084
-0.0648487
-0.0650865
-0.0653219
-0.0655621
-0.0658035
-0.0660351
-0.066277
-0.066511
-0.0667461
-0.0669788
-0.0672109
-0.0674423
-0.0676783
-0.0679067
-0.0681379
-0.0683737
-0.0685982
-0.0688239
-0.0690525
-0.0692838
-0.0695109
-0.0697357
-0.0699632
-0.0701883
-0.0704093
-0.0706347
-0.070856
-0.0710801
-0.0713017
-0.0715227
-0.0717479
-0.0719591
-0.0721779
-0.0723977
-0.0726218
-0.0728318
-0.0730528
-0.0732664
-0.0734744
-0.0736948
-0.0739062
-0.0741154
-0.0743287
-0.074538
-0.0747466
-0.0749609
-0.0751696
-0.0753712
-0.0755848
-0.0757882
-0.0759908
-0.0761958
-0.0764017
-0.0766099
-0.076808
-0.0770131
-0.0772129
-0.0774103
-0.077607
-0.0778091
-0.0780073
-0.0782033
-0.0784015
-0.0786004
-0.0787956
-0.078987
-0.0791791
-0.0793764
-0.079567
-0.0797597
-0.0799473
-0.0801399
-0.0803274
-0.080514
-0.0807
-0.0808894
-0.0810751
-0.0812601
-0.0814386
-0.0816234
-0.0818088
-0.0819905
-0.0821674
-0.082353
-0.0825269
-0.0827041
-0.0828873
-0.0830642
-0.0832403
-0.0834102
-0.083586
-0.083757
-0.0839351
-0.0841071
-0.0842757
-0.0844447
-0.084613
-0.084783
-0.0849509
-0.0851192
-0.0852841
-0.0854495
-0.0856115
-0.0857802
-0.085938
-0.086105
-0.0862612
-0.0864227
-0.0865846
-0.086742
-0.086901
-0.0870531
-0.0872139
-0.0873644
-0.0875187
-0.0876734
-0.0878249
-0.0879801
-0.0881287
-0.0882787
-0.0884279
-0.0885796
-0.0887214
-0.0888713
-0.089017
-0.0891618
-0.0893068
-0.0894488
-0.0895877
-0.0897323
-0.0898716
-0.0900122
-0.0901477
-0.0902844
-0.0904244
-0.0905584
-0.0906925
-0.0908298
-0.09096
-0.0910905
-0.0912251
-0.0913577
-0.0914835
-0.0916124
-0.0917394
-0.0918693
-0.0919936
-0.0921217
-0.0922442
-0.0923667
-0.092492
-0.0926127
-0.0927325
-0.0928523
-0.0929703
-0.0930901
-0.0932036
-0.0933207
-0.0934359
-0.0935511
-0.0936637
-0.0937753
-0.0938861
-0.0939984
-0.0941107
-0.0942194
-0.0943257
-0.0944326
-0.094537
-0.0946437
-0.0947471
-0.0948496
-0.0949519
-0.0950533
-0.0951522
-0.095254
-0.0953503
-0.0954487
-0.0955454
-0.0956427
-0.095736
-0.0958314
-0.0959215
-0.0960135
-0.0961053
-0.0961975
-0.096286
-0.0963729
-0.0964615
-0.0965478
-0.0966319
-0.0967151
-0.0967999
-0.0968811
-0.0969621
-0.0970459
-0.0971243
-0.0972025
-0.0972803
-0.0973583
-0.0974341
-0.0975068
-0.097583
-0.0976538
-0.0977264
-0.0977975
-0.0978687
-0.0979378
-0.0980055
-0.0980717
-0.098139
-0.0982034
-0.0982692
-0.0983326
-0.098394
-0.098456
-0.0985146
-0.098576
-0.0986327
-0.0986903
-0.0987483
-0.0988039
-0.0988569
-0.0989115
-0.0989638
-0.0990164
-0.0990672
-0.0991166
-0.0991651
-0.0992134
-0.099261
-0.0993055
-0.0993505
-0.0993955
-0.0994372
-0.0994805
-0.0995206
-0.0995607
-0.0996004
-0.0996377
-0.0996757
-0.0997118
-0.0997468
-0.0997815
-0.0998142
-0.0998462
-0.0998777
-0.0999082
-0.0999366
-0.0999656
-0.0999921
-0.100019
-0.100044
-0.100069
-0.100092
-0.100115
-0.100136
-0.100156
-0.100176
-0.100194
-0.100212
-0.100228
-0.100244
-0.100258
-0.100272
-0.100285
-0.100296
-0.100307
-0.100317
-0.100325
-0.100333
-0.10034
-0.100345
-0.10035
-0.100354
-0.100357
-0.100358
-0.100359
-0.100359
-0.100358
-0.100356
-0.100353
-0.100348
-0.100343
-0.100337
-0.10033
-0.100322
-0.100313
-0.100303
-0.100292
-0.10028
-0.100267
-0.100253
-0.100238
-0.100222
-0.100205
-0.100187
-0.100168
-0.100148
-0.100128
-0.100106
-0.100083
-0.100059
-0.100035
-0.100009
-0.099982
-0.0999541
-0.0999253
-0.0998956
-0.0998649
-0.099833
-0.0998011
-0.099767
-0.0997324
-0.0996979
-0.0996608
-0.0996232
-0.099585
-0.0995455
-0.0995051
-0.099463
-0.0994215
-0.0993778
-0.0993328
-0.0992885
-0.0992414
-0.0991952
-0.0991466
-0.0990966
-0.0990475
-0.0989948
-0.0989442
-0.0988915
-0.0988374
-0.0987819
-0.0987255
-0.0986689
-0.0986105
-0.098552
-0.0984925
-0.0984312
-0.0983694
-0.0983066
-0.0982423
-0.0981785
-0.0981113
-0.0980467
-0.0979791
-0.097911
-0.0978394
-0.097771
-0.0976974
-0.097626
-0.0975521
-0.0974777
-0.097403
-0.0973273
-0.0972507
-0.0971713
-0.0970916
-0.097014
-0.0969323
-0.096851
-0.0967681
-0.0966836
-0.0965981
-0.0965117
-0.0964256
-0.0963379
-0.0962486
-0.0961611
-0.0960713
-0.0959778
-0.0958875
-0.0957928
-0.0956978
-0.095604
-0.0955086
-0.0954116
-0.0953113
-0.0952146
-0.0951155
-0.0950139
-0.0949098
-0.0948095
-0.0947075
-0.0945997
-0.0944975
-0.0943903
-0.0942821
-0.0941747
-0.0940664
-0.0939554
-0.0938436
-0.0937334
-0.0936179
-0.0935067
-0.0933903
-0.0932773
-0.0931608
-0.0930407
-0.092925
-0.0928049
-0.0926838
-0.0925617
-0.0924397
-0.0923187
-0.0921968
-0.0920702
-0.0919426
-0.091818
-0.0916936
-0.0915643
-0.0914351
-0.091305
-0.0911729
-0.0910431
-0.0909103
-0.0907725
-0.090641
-0.0905055
-0.0903681
-0.090233
-0.0900917
-0.0899559
-0.0898128
-0.089673
-0.0895335
-0.0893921
-0.0892487
-0.0891033
-0.0889593
-0.0888132
-0.0886652
-0.0885186
-0.0883699
-0.0882181
-0.0880724
-0.0879188
-0.0877679
-0.0876137
-0.0874599
-0.0873052
-0.0871485
-0.0869909
-0.0868385
-0.0866768
-0.0865178
-0.0863629
-0.0861973
-0.0860395
-0.0858747
-0.085714
-0.0855488
-0.0853827
-0.0852182
-0.0850555
-0.0848869
-0.0847161
-0.084551
-0.0843772
-0.0842104
-0.0840403
-0.0838666
-0.0836935
-0.0835155
-0.0833447
-0.0831691
-0.082994
-0.0828168
-0.0826347
-0.0824558
-0.0822789
-0.0820956
-0.0819199
-0.0817378
-0.0815549
-0.0813656
-0.0811853
-0.0809987
-0.0808126
-0.0806286
-0.0804409
-0.0802525
-0.0800589
-0.0798703
-0.0796839
-0.0794908
-0.0792955
-0.0791038
-0.0789099
-0.0787137
-0.0785242
-0.0783265
-0.078131
-0.0779302
-0.0777287
-0.0775309
-0.0773308
-0.0771284
-0.0769284
-0.0767276
-0.0765261
-0.0763254
-0.0761192
-0.0759124
-0.0757047
-0.0755026
-0.0752967
-0.0750836
-0.0748746
-0.0746648
-0.0744543
-0.0742496
-0.074036
-0.0738185
-0.0736034
-0.0733959
-0.0731761
-0.0729605
-0.0727509
-0.0725273
-0.0723129
-0.0720945
-0.0718771
-0.0716556
-0.071435
-0.0712189
-0.0709902
-0.070771
-0.0705477
-0.0703237
-0.0701007
-0.0698771
-0.0696493
-0.0694208
-0.0691986
-0.0689636
-0.0687383
-0.0685071
-0.068277
-0.0680462
-0.0678165
-0.0675808
-0.0673551
-0.0671199
-0.0668822
-0.0666529
-0.0664175
-0.0661796
-0.0659465
-0.0657092
-0.0654712
-0.0652326
-0.0649915
-0.0647516
-0.0645073
-0.0642698
-0.064028
-0.0637874
-0.0635444
-0.0632988
-0.0630583
-0.0628134
-0.062566
-0.0623179
-0.0620693
-0.0618295
-0.0615815
-0.061331
-0.0610819
-0.0608321
-0.0605779
-0.0603269
-0.0600811
-0.0598252
-0.0595724
-0.0593249
-0.0590652
-0.0588127
-0.0585596
-0.058302
-0.0580497
-0.0577891
-0.0575376
-0.0572798
-0.0570193
-0.0567564
-0.0564968
-0.0562367
-0.05598
-0.0557228
-0.055455
-0.0551927
-0.0549299
-0.0546705
-0.0544066
-0.0541442
-0.0538792
-0.0536137
-0.0533457
-0.0530812
-0.0528141
-0.0525465
-0.0522784
-0.0520078
-0.0517387
-0.051467
-0.051201
-0.0509303
-0.0506613
-0.0503834
-0.0501155
-0.0498429
-0.0495719
-0.0493004
-0.0490221
-0.0487539
-0.0484789
-0.0481971
-0.047919
-0.0476489
-0.047372
-0.0470989
-0.0468126
-0.0465365
-0.0462641
-0.0459828
-0.0457053
-0.045421
-0.0451469
-0.0448595
-0.0445759
-0.0443005
-0.0440161
-0.0437291
-0.0434546
-0.0431711
-0.0428871
-0.0426005
-0.0423179
-0.0420305
-0.0417405
-0.0414588
-0.0411724
-0.0408877
-0.0406005
-0.0403085
-0.0400248
-0.0397386
-0.0394498
-0.0391628
-0.0388666
-0.0385744
-0.0382841
-0.038
-0.0377067
-0.0374175
-0.0371257
-0.0368335
-0.0365454
-0.0362436
-0.0359504
-0.0356657
-0.0353651
-0.0350775
-0.0347806
-0.0344834
-0.0341904
-0.0338879
-0.0335987
-0.0333002
-0.0330081
-0.0327043
-0.0324071
-0.032114
-0.0318161
-0.0315157
-0.0312194
-0.0309252
-0.0306192
-0.0303198
-0.0300293
-0.0297201
-0.029429
-0.0291192
-0.0288207
-0.0285264
-0.0282181
-0.0279256
-0.0276144
-0.0273122
-0.0270166
-0.0267162
-0.0264086
-0.0261076
-0.0258041
-0.0254933
-0.0251963
-0.0248943
-0.0245921
-0.0242827
-0.0239778
-0.0236725
-0.0233694
-0.0230637
-0.0227625
-0.0224471
-0.0221477
-0.0218365
-0.0215297
-0.0212274
-0.020925
-0.0206082
-0.020303
-0.0199952
-0.0196872
-0.0193814
-0.0190731
-0.0187645
-0.0184558
-0.0181516
-0.0178355
-0.017531
-0.0172145
-0.0169167
-0.0165975
-0.0162971
-0.0159847
-0.0156745
-0.0153618
-0.0150512
-0.0147382
-0.0144298
-0.0141212
-0.0138102
-0.0134966
-0.01319
-0.0128833
-0.0125694
-0.0122553
-0.0119411
-0.0116363
-0.0113171
-0.0110074
-0.0106975
-0.0103875
-0.0100679
-0.00975298
-0.00944988
-0.00913715
-0.00882433
-0.00850904
-0.00820084
-0.00787822
-0.00756748
-0.00725905
-0.00694578
-0.00663244
-0.00632383
-0.00600798
-0.00569208
-0.00537851
-0.00506729
-0.00475123
-0.00443274
-0.00412618
-0.00381719
-0.00349379
-0.00318953
-0.00287326
-0.00255936
-0.00224543
-0.0019291
-0.00161754
-0.00129878
-0.000984802
-0.000678009
-0.00035923
-5.2434e-05
0.000259152
0.00058032
0.000889494
0.00121064
0.00152218
0.00183371
0.0021524
0.00246148
0.00277533
0.00308915
0.00340053
0.00371188
0.00402798
0.00434644
0.00465526
0.00496883
0.00528713
0.00560059
0.00590681
0.00622493
0.00653342
0.00684902
0.00715498
0.0074776
0.00778103
0.00809393
0.0084163
0.00872903
0.00903213
0.0093423
0.00966191
0.00997665
0.0102889
0.0105939
0.0109083
0.0112155
0.0115368
0.011839
0.012153
0.0124692
0.0127781
0.013087
0.013398
0.013709
0.0140174
0.014328
0.0146386
0.0149489
0.0152568
0.0155763
0.0158814
0.0161841
0.0164937
0.0168031
0.017117
0.0174238
0.0177374
0.0180366
0.0183546
0.0186559
0.0189617
0.0192767
0.0195869
0.0198874
0.0201924
0.0205066
0.0208136
0.0211157
0.0214269
0.0217309
0.0220394
0.022343
0.0226463
0.0229471
0.0232546
0.0235573
0.0238621
0.0241689
0.0244732
0.0247818
0.0250856
0.0253891
0.0256808
0.0259954
0.0262889
0.0265984
0.0269006
0.0272026
0.0274973
0.0277988
0.0281068
0.0284008
0.0286991
0.0289993
0.0292971
0.0295991
0.0298985
0.0301999
0.0304964
0.0307927
0.0310954
0.031391
0.0316863
0.0319836
0.0322806
0.0325795
0.0328758
0.0331763
0.0334629
0.0337604
0.0340599
0.0343545
0.0346466
0.0349361
0.0352364
0.0355274
0.0358225
0.0361061
0.0364028
0.0366946
0.0369838
0.0372727
0.0375634
0.0378604
0.0381481
0.0384399
0.0387181
0.0390179
0.039302
0.0395834
0.0398711
0.0401583
0.0404539
0.0407316
0.0410177
0.0413012
0.0415951
0.0418734
0.0421578
0.0424483
0.0427253
0.0430085
0.043289
0.0435756
0.0438532
0.0441389
0.044422
0.0447025
0.0449783
0.0452558
0.0455329
0.0458116
0.0460941
0.0463699
0.0466472
0.0469199
0.0471963
0.0474744
0.0477499
0.0480228
0.0482995
0.0485757
0.0488451
0.0491223
0.0493908
0.0496691
0.0499366
0.0502057
0.0504743
0.0507465
0.0510202
0.0512914
0.0515518
0.0518179
0.0520936
0.0523546
0.0526211
0.0528872
0.0531527
0.0534237
0.0536801
0.0539501
0.0542114
0.0544763
0.0547406
0.0550003
0.0552576
0.0555202
0.0557724
0.0560399
0.0562969
0.0565554
0.0568093
0.0570647
0.0573293
0.0575836
0.0578411
0.0580942
0.0583487
0.0585968
0.058854
0.0591086
0.0593569
0.0596066
0.0598594
0.0601136
0.0603577
0.0606069
0.0608555
0.0611072
0.0613508
0.0615957
0.0618456
0.0620874
0.0623305
0.0625785
0.0628204
0.0630616
0.0633059
0.0635532
0.0637852
0.0640331
0.0642712
0.0645086
0.0647436
0.0649835
0.0652226
0.0654593
0.0656918
0.0659254
0.066162
0.0663997
0.0666331
0.0668588
0.0670927
0.0673312
0.0675603
0.0677869
0.0680146
0.0682434
0.0684697
0.0686989
0.0689257
0.06915
0.0693788
0.0696018
0.0698224
0.0700508
0.0702734
0.0704954
0.0707115
0.0709388
0.0711569
0.0713693
0.0715911
0.0718071
0.0720225
0.0722388
0.0724544
0.0726741
0.072885
0.0730984
0.0733143
0.0735198
0.0737311
0.073948
0.0741545
0.0743636
0.0745703
0.0747747
0.0749878
0.0751923
0.075393
0.0756038
0.075803
0.0760061
0.0762115
0.0764131
0.0766093
0.0768094
0.0770117
0.0772118
0.077408
0.0776065
0.0777968
0.0779968
0.0781929
0.0783809
0.0785726
0.0787694
0.0789596
0.0791475
0.0793433
0.0795253
0.0797196
0.0799087
0.0800941
0.0802802
0.0804655
0.0806458
0.0808281
0.081011
0.0811931
0.0813758
0.0815604
0.0817387
0.0819135
0.0820929
0.0822702
0.082448
0.0826209
0.0827944
0.0829684
0.0831455
0.0833192
0.0834894
0.0836601
0.0838286
0.0839938
0.0841671
0.0843332
0.0844985
0.0846617
0.0848265
0.0849943
0.0851575
0.0853186
0.0854813
0.0856371
0.0858018
0.0859607
0.0861152
0.0862725
0.0864289
0.0865856
0.0867368
0.0868906
0.0870459
0.0872004
0.0873504
0.0874974
0.0876492
0.0877967
0.0879434
0.0880903
0.0882375
0.0883815
0.088528
0.0886725
0.088814
0.0889513
0.0890975
0.0892353
0.0893711
0.0895124
0.0896497
0.089784
0.0899225
0.090054
0.0901888
0.0903185
0.0904525
0.0905825
0.0907136
0.0908419
0.0909702
0.0911006
0.0912223
0.0913508
0.0914736
0.0915974
0.0917194
0.0918405
0.0919625
0.0920864
0.0922039
0.0923204
0.0924379
0.0925544
0.0926692
0.0927848
0.0928986
0.0930115
0.0931234
0.0932353
0.0933446
0.0934529
0.0935637
0.0936694
0.0937766
0.0938821
0.0939858
0.0940894
0.0941921
0.0942931
0.0943947
0.0944954
0.0945943
0.0946894
0.094788
0.0948856
0.0949779
0.0950743
0.0951677
0.0952579
0.0953515
0.095442
0.0955315
0.0956188
0.0957058
0.0957932
0.095879
0.0959632
0.0960458
0.0961294
0.0962108
0.0962937
0.0963731
0.0964523
0.0965311
0.0966071
0.0966839
0.0967593
0.096833
0.0969064
0.0969783
0.0970504
0.0971209
0.097191
0.0972596
0.0973262
0.0973934
0.0974586
0.0975233
0.0975866
0.09765
0.0977109
0.0977722
0.0978322
0.0978925
0.0979504
0.0980074
0.0980631
0.0981181
0.098171
0.0982241
0.0982763
0.0983279
0.0983774
0.098427
0.098476
0.0985233
0.0985696
0.0986143
0.098658
0.0987021
0.0987452
0.098786
0.0988255
0.0988657
0.0989045
0.0989423
0.098978
0.0990147
0.0990485
0.0990827
0.0991146
0.0991467
0.0991765
0.0992064
0.0992352
0.0992638
0.0992903
0.0993155
0.0993401
0.0993645
0.099387
0.0994089
0.0994302
0.0994496
0.0994683
0.0994862
0.099503
0.0995196
0.0995342
0.0995482
0.0995615
0.0995731
0.0995844
0.0995945
0.0996034
0.0996116
0.0996186
0.0996247
0.0996298
0.0996339
0.0996371
0.0996394
0.0996405
0.0996407
0.09964
0.0996382
0.0996354
0.0996317
0.0996271
0.0996213
0.0996146
0.0996069
0.0995984
0.0995889
0.0995782
0.0995663
0.0995537
0.0995404
0.0995257
0.0995104
0.0994937
0.0994762
0.099458
0.0994381
0.0994181
0.0993961
0.0993742
0.0993508
0.0993264
0.0993009
0.0992743
0.0992472
0.0992188
0.0991895
0.0991592
0.0991285
0.0990957
0.0990628
0.0990286
0.0989934
0.0989569
0.0989209
0.098882
0.0988432
0.0988025
0.0987624
0.0987207
0.0986777
0.0986331
0.0985885
0.0985425
0.0984956
0.0984485
0.0983982
0.0983487
0.0982975
0.098247
0.0981942
0.0981405
0.0980859
0.0980294
0.0979741
0.0979169
0.0978584
0.097798
0.0977384
0.097677
0.0976141
0.0975502
0.0974869
0.0974211
0.0973553
0.0972886
0.0972204
0.0971513
0.097079
0.0970096
0.096937
0.0968645
0.0967906
0.0967168
0.096641
0.096563
0.096484
0.0964077
0.0963286
0.0962468
0.0961652
0.0960814
0.0959985
0.0959154
0.0958313
0.095743
0.0956551
0.0955689
0.0954797
0.0953896
0.0952972
0.0952044
0.0951122
0.0950205
0.0949257
0.0948284
0.0947303
0.0946334
0.0945348
0.0944376
0.0943364
0.0942342
0.0941327
0.0940294
0.0939253
0.0938202
0.0937142
0.0936072
0.0934985
0.0933914
0.0932825
0.0931718
0.0930603
0.0929495
0.0928335
0.0927183
0.0926066
0.0924905
0.0923734
0.0922555
0.0921339
0.092014
0.0918924
0.0917708
0.091652
0.0915266
0.0914051
0.0912761
0.0911518
0.0910248
0.0908988
0.090766
0.0906402
0.0905076
0.090375
0.0902456
0.0901133
0.0899771
0.089843
0.0897081
0.0895712
0.0894345
0.0892906
0.0891553
0.0890149
0.0888725
0.0887281
0.0885851
0.0884433
0.0883007
0.088154
0.0880063
0.0878611
0.087714
0.0875648
0.0874125
0.0872616
0.0871122
0.0869584
0.086805
0.0866495
0.0864931
0.0863382
0.0861837
0.0860248
0.085865
0.0857018
0.0855489
0.085384
0.085222
0.0850604
0.084898
0.0847335
0.0845669
0.084402
0.0842337
0.0840671
0.083901
0.0837315
0.0835598
0.0833887
0.0832153
0.0830372
0.0828729
0.0826957
0.0825218
0.0823444
0.0821674
0.0819911
0.0818112
0.0816332
0.081453
0.0812707
0.0810889
0.0809119
0.0807286
0.0805416
0.0803581
0.0801709
0.0799872
0.0797999
0.0796118
0.07942
0.0792303
0.0790383
0.07885
0.0786609
0.0784651
0.078273
0.0780771
0.077882
0.0776905
0.0774878
0.0772904
0.0770967
0.0768962
0.0766949
0.0764959
0.0762962
0.0760926
0.0758914
0.0756863
0.0754852
0.0752818
0.0750713
0.0748648
0.0746559
0.0744559
0.0742456
0.0740313
0.0738195
0.0736167
0.0734034
0.0731862
0.072973
0.0727641
0.0725479
0.072331
0.0721117
0.0718983
0.0716809
0.0714661
0.071244
0.0710312
0.0708059
0.07059
0.0703667
0.0701444
0.0699214
0.0696994
0.0694767
0.0692447
0.0690224
0.0687959
0.068574
0.0683392
0.068116
0.0678815
0.067657
0.0674264
0.0671953
0.0669617
0.0667327
0.0664995
0.0662639
0.0660295
0.0657979
0.0655549
0.0653185
0.0650886
0.0648455
0.0646071
0.0643662
0.0641266
0.0638918
0.0636545
0.0634056
0.063169
0.0629262
0.0626828
0.0624369
0.0621941
0.061945
0.061701
0.0614526
0.0612074
0.0609578
0.0607094
0.0604586
0.0602186
0.0599685
0.0597158
0.0594645
0.0592107
0.0589563
0.0587032
0.0584534
0.0581972
0.0579483
0.0576929
0.0574389
0.0571804
0.0569175
0.0566598
0.0564016
0.0561448
0.0558854
0.0556235
0.0553631
0.0551061
0.0548426
0.0545825
0.0543239
0.0540567
0.053793
0.0535267
0.053268
0.0530048
0.052741
0.0524706
0.0522078
0.0519364
0.0516685
0.0514022
0.0511312
0.0508577
0.0505939
0.0503194
0.0500547
0.0497812
0.0495113
0.049241
0.0489598
0.0486948
0.0484188
0.0481487
0.0478675
0.0475901
0.0473144
0.0470381
0.0467699
0.0464906
0.0462151
0.0459349
0.0456563
0.0453731
0.0450936
0.0448223
0.0445419
0.044259
0.0439757
0.0436962
0.0434141
0.0431294
0.0428443
0.0425674
0.0422771
0.0419972
0.0417169
0.0414319
0.0411464
0.0408562
0.0405655
0.0402788
0.0399939
0.0397042
0.0394251
0.0391369
0.038846
0.0385526
0.0382698
0.0379777
0.0376853
0.037397
0.0371105
0.0368192
0.0365231
0.0362288
0.0359454
0.0356459
0.0353528
0.0350594
0.0347678
0.0344714
0.0341859
0.0338888
0.0335846
0.0333004
0.0329955
0.0327062
0.0324097
0.0321083
0.0318203
0.0315137
0.0312182
0.0309224
0.0306218
0.0303163
0.0300241
0.0297294
0.0294275
0.0291253
0.0288252
0.0285247
0.0282331
0.0279298
0.0276239
0.02732
0.0270251
0.0267207
0.026416
0.0261156
0.0258127
0.0255165
0.0252061
0.0249025
0.0245985
0.0242967
0.0239899
0.0236923
0.0233897
0.0230776
0.0227722
0.0224666
0.0221702
0.0218571
0.0215556
0.0212444
0.0209448
0.0206356
0.0203261
0.0200141
0.019709
0.0194036
0.0190957
0.0187853
0.018477
0.0181733
0.0178646
0.0175605
0.0172492
0.01694
0.0166307
0.0163235
0.0160115
0.0157017
0.0153964
0.0150863
0.0147689
0.0144608
0.0141526
0.0138442
0.0135357
0.01322
0.0129136
0.0125975
0.0122814
0.0119746
0.0116653
0.0113488
0.0110393
0.0107321
0.0104128
0.0100935
0.00979545
0.00947588
0.00916575
0.00886031
0.00853806
0.00823722
0.00791241
0.00760662
0.00729599
0.00697571
0.00666254
0.00635168
0.00603837
0.00573217
0.00541156
0.00510286
0.00478453
0.00447332
0.00416447
0.0038436
0.00352987
0.00322089
0.00290948
0.00259086
0.0022746
0.0019679
0.00164919
0.00134005
0.0010309
0.000714536
0.00040296
8.89789e-05
-0.000232197
-0.000543787
-0.000852978
-0.00117175
-0.00147853
-0.00180208
-0.00211603
-0.00242277
-0.00273428
-0.00305056
-0.00336682
-0.00367825
-0.00399205
-0.00430581
-0.00461474
-0.00493321
-0.00524445
-0.00556043
-0.00587875
-0.00618984
-0.00649609
-0.00681902
-0.00712275
-0.00744077
-0.00775632
-0.00806702
-0.00837287
-0.00869058
-0.00900105
-0.00931143
-0.00963127
-0.0099367
-0.0102468
-0.0105592
-0.0108763
-0.0111932
-0.0115006
-0.0118078
-0.0121244
-0.0124338
-0.0127478
-0.0130545
-0.0133659
-0.0136795
-0.013993
-0.014304
-0.0146078
-0.0149185
-0.0152338
-0.0155371
-0.0158474
-0.0161575
-0.0164674
-0.0167749
-0.0170893
-0.0173987
-0.0177057
-0.0180148
-0.0183238
-0.0186279
-0.0189483
-0.0192543
-0.0195649
-0.0198683
-0.0201761
-0.0204814
-0.0207866
-0.0210938
-0.0214032
-0.0217054
-0.0220191
-0.0223255
-0.022634
-0.0229353
-0.0232458
-0.023549
-0.023845
-0.0241547
-0.0244619
-0.0247595
-0.0250709
-0.025375
-0.0256789
-0.0259802
-0.0262813
-0.0265821
-0.0268873
-0.0271852
-0.0274876
-0.027792
-0.0280915
-0.0283953
-0.0287012
-0.0289929
-0.0293005
-0.0295963
-0.0298988
-0.0302009
-0.0304913
-0.0307928
-0.0310963
-0.0313949
-0.0316955
-0.0319936
-0.032289
-0.0325841
-0.0328767
-0.0331757
-0.0334699
-0.0337727
-0.0340618
-0.034355
-0.0346591
-0.0349493
-0.0352438
-0.0355401
-0.0358271
-0.036125
-0.0364203
-0.0367085
-0.0370031
-0.037295
-0.0375844
-0.0378734
-0.0381621
-0.0384592
-0.0387493
-0.0390346
-0.0393218
-0.039613
-0.039906
-0.0401876
-0.0404798
-0.0407672
-0.0410476
-0.0413364
-0.0416205
-0.0419085
-0.0421895
-0.0424745
-0.0427591
-0.0430454
-0.0433291
-0.0436103
-0.0438996
-0.0441778
-0.0444641
-0.0447457
-0.0450268
-0.0453011
-0.0455835
-0.0458591
-0.0461427
-0.0464152
-0.046698
-0.0469738
-0.0472493
-0.0475243
-0.0478093
-0.0480855
-0.0483549
-0.0486322
-0.0489048
-0.0491812
-0.049455
-0.0497304
-0.049999
-0.0502713
-0.0505432
-0.0508145
-0.0510895
-0.0513557
-0.0516214
-0.0518928
-0.0521616
-0.052434
-0.0526978
-0.0529691
-0.0532318
-0.053496
-0.0537638
-0.054029
-0.0542896
-0.0545618
-0.0548274
-0.0550885
-0.055351
-0.055611
-0.0558644
-0.0561313
-0.0563936
-0.0566475
-0.0569087
-0.0571674
-0.0574216
-0.0576772
-0.057942
-0.0581965
-0.0584465
-0.0587018
-0.0589604
-0.0592106
-0.05947
-0.0597172
-0.0599715
-0.0602214
-0.0604784
-0.0607271
-0.060979
-0.0612265
-0.0614715
-0.0617198
-0.061973
-0.0622125
-0.0624627
-0.0627066
-0.0629518
-0.0631963
-0.0634366
-0.0636818
-0.06393
-0.0641665
-0.0644117
-0.0646506
-0.0648872
-0.0651285
-0.0653674
-0.0656021
-0.0658415
-0.0660803
-0.0663184
-0.0665469
-0.0667891
-0.0670164
-0.0672519
-0.0674903
-0.0677156
-0.0679491
-0.0681837
-0.0684141
-0.0686455
-0.0688711
-0.0691012
-0.0693202
-0.0695559
-0.0697771
-0.0700062
-0.0702312
-0.0704503
-0.0706756
-0.0708985
-0.0711224
-0.0713389
-0.0715647
-0.0717815
-0.0720043
-0.0722163
-0.0724409
-0.0726582
-0.0728715
-0.0730906
-0.0733058
-0.0735153
-0.0737322
-0.0739436
-0.0741558
-0.0743674
-0.0745749
-0.0747898
-0.0749976
-0.0752093
-0.0754156
-0.0756195
-0.0758244
-0.0760284
-0.0762318
-0.076439
-0.0766424
-0.0768466
-0.0770485
-0.0772481
-0.07745
-0.0776451
-0.077847
-0.078042
-0.0782424
-0.0784359
-0.0786332
-0.0788268
-0.0790255
-0.0792189
-0.0794102
-0.0795991
-0.0797903
-0.0799835
-0.0801673
-0.080359
-0.080547
-0.0807371
-0.0809206
-0.0811048
-0.0812883
-0.0814737
-0.0816597
-0.0818407
-0.0820196
-0.0822004
-0.0823846
-0.0825583
-0.0827408
-0.0829197
-0.0830924
-0.0832697
-0.0834462
-0.0836166
-0.083794
-0.0839654
-0.0841372
-0.084307
-0.0844772
-0.084644
-0.0848125
-0.0849828
-0.0851484
-0.0853144
-0.0854809
-0.0856415
-0.0858063
-0.0859702
-0.0861284
-0.0862955
-0.0864532
-0.0866138
-0.0867698
-0.086925
-0.0870818
-0.0872365
-0.0873939
-0.0875481
-0.0877014
-0.0878516
-0.0880044
-0.0881551
-0.0883073
-0.0884551
-0.0886021
-0.0887483
-0.0888969
-0.0890425
-0.089186
-0.0893298
-0.0894749
-0.0896158
-0.089758
-0.089893
-0.0900334
-0.0901719
-0.0903127
-0.0904463
-0.0905863
-0.0907212
-0.0908543
-0.0909864
-0.0911167
-0.0912511
-0.0913815
-0.0915091
-0.0916369
-0.0917656
-0.0918916
-0.0920195
-0.0921436
-0.0922678
-0.092392
-0.0925106
-0.0926358
-0.0927527
-0.0928714
-0.0929902
-0.093108
-0.0932241
-0.0933419
-0.0934569
-0.093572
-0.0936852
-0.0937967
-0.0939081
-0.0940169
-0.0941265
-0.094236
-0.0943429
-0.0944529
-0.094558
-0.0946637
-0.0947677
-0.0948668
-0.0949721
-0.0950725
-0.0951705
-0.0952691
-0.0953683
-0.0954687
-0.0955645
-0.0956601
-0.095754
-0.0958478
-0.0959405
-0.0960317
-0.0961226
-0.0962132
-0.0963015
-0.0963889
-0.096476
-0.0965635
-0.0966461
-0.0967304
-0.0968157
-0.0968955
-0.0969776
-0.0970599
-0.0971394
-0.0972174
-0.097295
-0.0973717
-0.0974456
-0.0975227
-0.0975942
-0.0976671
-0.0977389
-0.0978109
-0.0978793
-0.0979499
-0.0980179
-0.0980845
-0.0981516
-0.0982152
-0.0982789
-0.0983431
-0.0984058
-0.0984662
-0.0985256
-0.0985863
-0.0986451
-0.0987008
-0.0987577
-0.0988144
-0.0988689
-0.0989216
-0.0989738
-0.0990262
-0.0990756
-0.0991264
-0.099174
-0.0992224
-0.0992695
-0.0993145
-0.0993583
-0.0994031
-0.099445
-0.0994881
-0.0995287
-0.099568
-0.0996069
-0.0996454
-0.0996827
-0.0997175
-0.0997523
-0.0997874
-0.0998204
-0.0998522
-0.0998831
-0.0999128
-0.0999421
-0.0999703
-0.0999972
-0.100024
-0.100049
-0.100073
-0.100096
-0.100119
-0.10014
-0.10016
-0.100179
-0.100198
-0.100215
-0.100231
-0.100247
-0.100261
-0.100274
-0.100287
-0.100298
-0.100309
-0.100318
-0.100327
-0.100334
-0.100341
-0.100346
-0.100351
-0.100354
-0.100357
-0.100359
-0.100359
-0.100359
-0.100357
-0.100355
-0.100352
-0.100348
-0.100342
-0.100336
-0.100329
-0.10032
-0.100311
-0.100301
-0.10029
-0.100278
-0.100264
-0.10025
-0.100235
-0.100219
-0.100202
-0.100184
-0.100165
-0.100145
-0.100124
-0.100102
-0.100079
-0.100055
-0.10003
-0.100004
-0.0999766
-0.0999495
-0.09992
-0.0998903
-0.0998602
-0.0998278
-0.0997955
-0.0997604
-0.0997262
-0.099691
-0.0996548
-0.0996163
-0.0995779
-0.0995373
-0.0994976
-0.0994553
-0.0994137
-0.0993704
-0.0993256
-0.0992804
-0.0992325
-0.0991865
-0.099138
-0.0990875
-0.0990378
-0.0989865
-0.0989345
-0.0988796
-0.0988257
-0.0987722
-0.0987147
-0.0986579
-0.0985993
-0.0985411
-0.0984801
-0.0984209
-0.0983584
-0.0982949
-0.098231
-0.0981656
-0.0980997
-0.0980328
-0.0979661
-0.0978973
-0.0978287
-0.0977564
-0.0976853
-0.0976138
-0.0975385
-0.0974651
-0.0973902
-0.0973144
-0.0972359
-0.0971569
-0.0970782
-0.096998
-0.0969168
-0.0968334
-0.0967522
-0.0966668
-0.0965831
-0.0964965
-0.0964103
-0.0963238
-0.0962337
-0.0961453
-0.0960533
-0.0959631
-0.0958684
-0.0957742
-0.0956804
-0.0955865
-0.0954894
-0.0953937
-0.0952962
-0.0951949
-0.0950963
-0.0949969
-0.0948919
-0.0947921
-0.0946868
-0.0945829
-0.0944756
-0.094369
-0.0942632
-0.0941556
-0.0940446
-0.0939352
-0.0938223
-0.0937127
-0.0936006
-0.0934832
-0.0933709
-0.0932534
-0.0931403
-0.0930191
-0.0929023
-0.0927838
-0.0926635
-0.0925404
-0.0924192
-0.0922951
-0.0921731
-0.0920492
-0.0919215
-0.0917957
-0.0916711
-0.0915407
-0.0914093
-0.091278
-0.0911499
-0.0910148
-0.0908869
-0.090752
-0.0906152
-0.0904817
-0.0903441
-0.0902088
-0.0900684
-0.0899303
-0.0897881
-0.0896482
-0.0895075
-0.0893637
-0.0892223
-0.0890746
-0.0889292
-0.0887886
-0.0886393
-0.0884925
-0.0883437
-0.0881952
-0.0880401
-0.0878933
-0.0877388
-0.087588
-0.0874305
-0.087278
-0.0871187
-0.0869646
-0.086806
-0.0866465
-0.0864898
-0.0863335
-0.086169
-0.0860086
-0.0858474
-0.0856816
-0.0855199
-0.0853561
-0.0851903
-0.0850224
-0.0848536
-0.0846891
-0.0845173
-0.0843473
-0.0841791
-0.0840048
-0.083831
-0.0836577
-0.0834862
-0.0833139
-0.0831328
-0.0829616
-0.0827829
-0.0826006
-0.0824257
-0.0822459
-0.0820666
-0.0818796
-0.0817002
-0.0815157
-0.0813361
-0.0811501
-0.0809632
-0.0807827
-0.0805914
-0.0804007
-0.0802178
-0.0800299
-0.0798398
-0.0796488
-0.0794556
-0.0792617
-0.0790669
-0.0788758
-0.0786795
-0.0784838
-0.078292
-0.0780933
-0.0778969
-0.0776968
-0.0774958
-0.0772941
-0.0770977
-0.0768929
-0.0766889
-0.0764919
-0.0762864
-0.0760817
-0.0758762
-0.0756716
-0.0754662
-0.0752522
-0.0750438
-0.074833
-0.0746311
-0.0744205
-0.074206
-0.0739971
-0.0737811
-0.0735675
-0.0733549
-0.0731367
-0.0729276
-0.0727062
-0.0724908
-0.0722763
-0.0720544
-0.0718402
-0.0716152
-0.0713946
-0.0711783
-0.0709529
-0.0707301
-0.0705118
-0.070286
-0.0700578
-0.069834
-0.0696095
-0.069381
-0.0691569
-0.0689234
-0.068698
-0.0684685
-0.0682382
-0.068002
-0.0677775
-0.06754
-0.0673071
-0.0670753
-0.0668429
-0.0666062
-0.0663779
-0.0661327
-0.0658995
-0.0656584
-0.0654275
-0.0651888
-0.0649457
-0.0647075
-0.0644687
-0.0642293
-0.0639874
-0.0637448
-0.0635016
-0.0632523
-0.0630135
-0.0627666
-0.0625247
-0.0622784
-0.0620316
-0.0617822
-0.0615303
-0.0612854
-0.0610362
-0.0607825
-0.0605377
-0.0602828
-0.0600369
-0.0597827
-0.0595261
-0.0592746
-0.0590206
-0.0587699
-0.0585089
-0.058261
-0.0579988
-0.0577498
-0.0574924
-0.0572265
-0.0569759
-0.0567148
-0.0564552
-0.0561949
-0.0559342
-0.0556709
-0.055411
-0.0551466
-0.0548837
-0.0546222
-0.0543623
-0.0540977
-0.0538327
-0.053563
-0.0532928
-0.0530343
-0.0527611
-0.0525015
-0.0522313
-0.0519626
-0.0516893
-0.0514237
-0.0511535
-0.0508807
-0.0506074
-0.0503357
-0.0500697
-0.049795
-0.0495155
-0.0492439
-0.0489782
-0.0486993
-0.04842
-0.0481466
-0.047879
-0.0475982
-0.0473212
-0.0470459
-0.046768
-0.0464833
-0.0462109
-0.0459295
-0.0456519
-0.0453653
-0.0450868
-0.0448079
-0.0445308
-0.0442467
-0.0439665
-0.0436816
-0.0433984
-0.0431169
-0.0428307
-0.0425484
-0.0422657
-0.0419826
-0.0416925
-0.0414086
-0.0411264
-0.0408308
-0.0405478
-0.0402579
-0.0399742
-0.0396813
-0.0393968
-0.0391032
-0.0388201
-0.0385213
-0.0382397
-0.0379489
-0.03766
-0.0373663
-0.0370655
-0.0367755
-0.0364806
-0.0361966
-0.0359011
-0.0356097
-0.0353112
-0.0350191
-0.0347244
-0.0344271
-0.0341317
-0.0338383
-0.0335422
-0.0332481
-0.0329469
-0.032659
-0.0323571
-0.0320595
-0.0317638
-0.0314656
-0.0311647
-0.0308727
-0.0305735
-0.0302649
-0.0299697
-0.0296651
-0.0293739
-0.029071
-0.0287678
-0.0284712
-0.0281698
-0.0278611
-0.0275637
-0.0272684
-0.0269589
-0.0266561
-0.0263484
-0.0260543
-0.0257531
-0.0254469
-0.0251429
-0.0248409
-0.0245294
-0.0242222
-0.0239195
-0.0236189
-0.0233181
-0.0230077
-0.0227041
-0.0223909
-0.0220939
-0.021785
-0.0214735
-0.0211665
-0.0208616
-0.0205542
-0.0202489
-0.0199364
-0.0196378
-0.0193226
-0.0190142
-0.0187056
-0.0184063
-0.0180927
-0.0177812
-0.0174743
-0.0171601
-0.0168529
-0.0165502
-0.0162379
-0.0159302
-0.01562
-0.0153096
-0.014992
-0.0146813
-0.0143681
-0.0140595
-0.0137579
-0.0134467
-0.0131377
-0.0128167
-0.0125147
-0.0122006
-0.0118911
-0.0115696
-0.0112671
-0.0109549
-0.0106379
-0.0103207
-0.010013
-0.00970525
-0.00939259
-0.00908223
-0.00876462
-0.00844693
-0.00814349
-0.00782803
-0.00751249
-0.00720406
-0.00688838
-0.00657503
-0.00625923
-0.00594816
-0.00563942
-0.00531627
-0.00500264
-0.00469137
-0.00438245
-0.00407109
-0.00375491
-0.00344348
-0.00312484
-0.00281814
-0.00249466
-0.00218313
-0.00187398
-0.00155523
-0.00124605
-0.000934469
-0.000615692
-0.000299309
1.22805e-05
0.000326263
0.000633048
0.00094941
0.00126336
0.0015749
0.00189601
0.00221709
0.00251419
0.00283762
0.00314664
0.00345802
0.00376697
0.00408785
0.00439671
0.00470793
0.00503106
0.00534456
0.00565562
0.005969
0.00627755
0.0065932
0.006904
0.00721712
0.00753734
0.00784791
0.00815602
0.00846883
0.00877916
0.0090894
0.00940432
0.00971676
0.0100267
0.0103389
0.0106511
0.0109702
0.0112774
0.0115916
0.0118985
0.0122077
0.0125191
0.0128328
0.0131416
0.0134526
0.0137635
0.0140814
0.0143921
0.0146931
0.0150058
0.0153183
0.015626
0.0159358
0.0162503
0.0165551
0.0168621
0.017169
0.0174804
0.0177869
0.0180979
0.018404
0.0187171
0.0190252
0.0193331
0.0196385
0.0199484
0.0202487
0.0205559
0.0208651
0.0211672
0.0214737
0.021787
0.0220954
0.0223943
0.0226999
0.0230053
0.0233105
0.0236155
0.0239225
0.0242223
0.0245266
0.0248375
0.0251343
0.0254401
0.0257456
0.026044
0.026349
0.0266491
0.026949
0.0272532
0.0275595
0.0278517
0.0281573
0.0284604
0.028761
0.0290566
0.0293543
0.0296562
0.029951
0.0302592
0.0305534
0.0308519
0.0311455
0.0314433
0.0317476
0.032038
0.0323372
0.0326292
0.0329345
0.0332237
0.033517
0.0338123
0.0341072
0.0344017
0.034696
0.0349899
0.0352834
0.0355811
0.0358694
0.0361619
0.036454
0.0367436
0.0370416
0.0373238
0.0376233
0.0379135
0.0381946
0.0384841
0.0387777
0.0390642
0.0393504
0.0396361
0.0399281
0.0402109
0.0404999
0.0407841
0.0410766
0.04136
0.0416451
0.041932
0.042212
0.0424938
0.0427816
0.0430625
0.0433451
0.043623
0.0439133
0.0441861
0.0444713
0.044756
0.0450274
0.0453049
0.0455861
0.045869
0.0461493
0.0464207
0.0467001
0.046979
0.0472533
0.0475291
0.0478045
0.0480774
0.0483539
0.0486216
0.0488993
0.0491723
0.0494448
0.0497189
0.0499905
0.0502594
0.05053
0.0507959
0.0510634
0.0513386
0.0516071
0.0518731
0.0521385
0.0524055
0.0526699
0.0529399
0.0532053
0.0534641
0.0537305
0.0539943
0.0542596
0.0545204
0.0547866
0.0550442
0.0553034
0.0555659
0.055826
0.0560874
0.0563463
0.0566027
0.0568565
0.0571196
0.0573685
0.0576265
0.057884
0.0581409
0.0583894
0.058651
0.0588945
0.0591549
0.059403
0.0596526
0.0599034
0.0601537
0.0604034
0.0606506
0.0609009
0.0611488
0.0613961
0.0616465
0.0618906
0.0621361
0.0623753
0.0626214
0.0628649
0.0631097
0.0633465
0.0635901
0.0638312
0.0640716
0.0643114
0.0645542
0.0647891
0.065027
0.0652624
0.065499
0.065735
0.0659703
0.0662067
0.0664425
0.0666758
0.0669067
0.0671352
0.0673683
0.0676025
0.0678325
0.0680548
0.0682817
0.0685167
0.0687388
0.0689689
0.0691948
0.0694183
0.0696412
0.0698668
0.07009
0.0703142
0.0705326
0.070757
0.0709757
0.0711971
0.0714161
0.0716344
0.0718519
0.0720688
0.0722849
0.0724938
0.0727085
0.0729225
0.0731407
0.0733483
0.0735634
0.0737729
0.0739865
0.0741929
0.0744018
0.0746068
0.0748142
0.0750241
0.07523
0.0754368
0.0756365
0.0758449
0.0760401
0.0762485
0.0764453
0.0766445
0.0768475
0.0770497
0.0772481
0.0774457
0.0776426
0.0778342
0.0780265
0.0782241
0.0784208
0.0786124
0.0788046
0.0789931
0.0791838
0.0793737
0.0795614
0.079754
0.0799415
0.0801283
0.0803099
0.0804993
0.0806837
0.080863
0.0810472
0.0812291
0.0814117
0.081592
0.0817702
0.0819503
0.0821282
0.0823012
0.0824775
0.0826583
0.0828263
0.0830041
0.0831758
0.083348
0.0835194
0.0836886
0.0838584
0.084026
0.0841915
0.0843612
0.0845302
0.0846919
0.0848554
0.0850205
0.0851873
0.0853458
0.0855108
0.0856701
0.0858273
0.0859861
0.0861465
0.0863
0.0864586
0.0866152
0.086765
0.0869187
0.0870715
0.087227
0.0873746
0.0875271
0.0876754
0.0878239
0.0879715
0.0881182
0.0882608
0.0884103
0.0885544
0.0886965
0.0888378
0.0889794
0.0891211
0.0892619
0.0893997
0.0895376
0.0896716
0.0898088
0.0899462
0.0900817
0.0902132
0.0903448
0.0904786
0.0906094
0.0907354
0.0908645
0.0909927
0.0911209
0.0912473
0.0913746
0.0914954
0.0916228
0.0917456
0.0918655
0.0919883
0.0921056
0.0922238
0.0923429
0.0924593
0.0925766
0.0926929
0.0928066
0.0929202
0.0930329
0.0931447
0.0932539
0.093363
0.093472
0.0935826
0.0936889
0.0937952
0.0939013
0.0940057
0.0941083
0.0942101
0.0943109
0.0944123
0.0945136
0.0946116
0.0947072
0.0948071
0.0949024
0.0949952
0.0950908
0.0951832
0.0952762
0.0953674
0.0954564
0.0955472
0.0956343
0.0957211
0.0958103
0.0958946
0.095978
0.0960624
0.0961445
0.0962282
0.0963084
0.0963877
0.0964661
0.0965435
0.0966223
0.0966978
0.096773
0.096846
0.0969209
0.0969926
0.0970644
0.0971326
0.0972031
0.097271
0.0973375
0.0974045
0.0974715
0.0975361
0.0975987
0.0976623
0.0977226
0.0977842
0.0978439
0.0979032
0.0979596
0.0980161
0.0980732
0.0981269
0.0981816
0.0982346
0.0982873
0.0983376
0.0983869
0.098437
0.0984855
0.0985308
0.098577
0.0986232
0.0986671
0.0987103
0.0987519
0.0987929
0.0988338
0.0988737
0.0989114
0.0989488
0.0989852
0.0990209
0.0990553
0.0990882
0.0991207
0.0991519
0.0991829
0.0992115
0.0992401
0.0992681
0.0992951
0.0993207
0.0993448
0.0993684
0.0993916
0.0994128
0.0994338
0.0994533
0.0994723
0.0994894
0.0995063
0.0995222
0.0995367
0.0995509
0.0995637
0.0995752
0.0995862
0.099596
0.099605
0.0996128
0.0996199
0.0996257
0.0996307
0.0996346
0.0996376
0.0996396
0.0996406
0.0996407
0.0996397
0.0996377
0.0996348
0.0996309
0.099626
0.0996202
0.0996133
0.0996054
0.0995966
0.0995869
0.099576
0.0995642
0.0995516
0.099538
0.0995229
0.0995073
0.0994904
0.0994732
0.099454
0.0994347
0.0994137
0.0993923
0.0993695
0.0993462
0.099322
0.0992963
0.0992696
0.0992418
0.0992135
0.0991845
0.0991541
0.0991226
0.0990905
0.0990568
0.0990227
0.0989874
0.0989502
0.0989129
0.0988755
0.0988362
0.0987963
0.0987544
0.0987122
0.0986694
0.0986246
0.0985798
0.0985344
0.0984862
0.0984389
0.0983899
0.0983407
0.0982897
0.0982374
0.0981849
0.0981314
0.0980757
0.0980199
0.0979623
0.0979058
0.0978471
0.0977879
0.0977263
0.0976642
0.0976016
0.0975385
0.0974745
0.097409
0.0973426
0.0972752
0.0972073
0.0971364
0.0970688
0.096997
0.0969231
0.0968516
0.0967775
0.0967024
0.0966264
0.0965476
0.0964703
0.0963914
0.0963115
0.0962307
0.0961501
0.0960681
0.0959851
0.0958979
0.0958129
0.0957278
0.0956396
0.0955519
0.0954619
0.0953709
0.0952797
0.0951882
0.0950972
0.0950032
0.0949053
0.0948093
0.0947147
0.0946169
0.0945174
0.0944192
0.0943194
0.0942163
0.0941146
0.0940096
0.0939077
0.0938024
0.0936938
0.0935892
0.0934795
0.0933722
0.0932631
0.0931498
0.0930398
0.0929271
0.0928144
0.0926982
0.0925845
0.0924691
0.092351
0.0922329
0.092112
0.091992
0.091872
0.0917512
0.0916266
0.0915058
0.0913823
0.091255
0.0911306
0.0909995
0.0908753
0.0907423
0.0906124
0.0904866
0.0903508
0.0902182
0.0900878
0.0899514
0.0898192
0.0896799
0.089545
0.0894081
0.0892693
0.0891264
0.088988
0.0888465
0.088702
0.0885599
0.0884202
0.088273
0.0881272
0.0879805
0.087834
0.0876833
0.0875328
0.0873861
0.0872339
0.0870808
0.0869292
0.0867768
0.0866223
0.0864658
0.0863107
0.0861537
0.0859982
0.0858395
0.0856786
0.085517
0.0853557
0.085196
0.0850293
0.0848654
0.0847033
0.0845378
0.0843689
0.0842055
0.0840375
0.08387
0.0836977
0.0835272
0.0833572
0.0831864
0.0830147
0.082837
0.082661
0.0824869
0.0823107
0.0821363
0.0819584
0.081777
0.0816016
0.0814213
0.0812402
0.0810583
0.0808756
0.0806935
0.0805078
0.0803255
0.0801368
0.0799487
0.0797655
0.0795729
0.0793838
0.0791954
0.0790092
0.0788148
0.0786256
0.0784312
0.0782374
0.0780384
0.0778476
0.0776516
0.0774517
0.0772571
0.0770618
0.0768581
0.0766567
0.0764606
0.0762592
0.0760571
0.0758557
0.0756505
0.0754461
0.0752378
0.0750319
0.0748316
0.0746242
0.0744161
0.0742025
0.0739961
0.0737809
0.0735731
0.0733597
0.0731488
0.0729356
0.07272
0.0725069
0.0722948
0.072082
0.0718635
0.0716394
0.0714261
0.0712038
0.0709875
0.0707688
0.0705495
0.0703226
0.0701053
0.0698821
0.0696566
0.0694303
0.0692103
0.0689844
0.0687526
0.0685288
0.0682991
0.0680705
0.0678377
0.0676148
0.0673841
0.0671493
0.0669173
0.0666865
0.0664532
0.0662192
0.0659846
0.0657476
0.0655153
0.0652769
0.0650433
0.0648037
0.0645688
0.064326
0.0640844
0.0638495
0.063603
0.063365
0.0631264
0.0628816
0.0626362
0.0623921
0.0621492
0.0619038
0.0616578
0.0614093
0.0611602
0.0609142
0.0606639
0.0604205
0.0601709
0.0599187
0.059666
0.0594184
0.0591645
0.0589119
0.0586606
0.0584108
0.0581487
0.0578996
0.057646
0.0573841
0.0571314
0.0568644
0.0566184
0.0563542
0.0561032
0.0558438
0.0555838
0.0553173
0.0550582
0.0547946
0.0545324
0.0542717
0.0540145
0.0537466
0.0534864
0.0532195
0.0529541
0.0526882
0.0524258
0.0521528
0.0518874
0.0516153
0.0513488
0.051086
0.0508165
0.0505382
0.050276
0.0500029
0.0497314
0.0494615
0.0491869
0.0489139
0.0486446
0.0483623
0.04809
0.0478192
0.047546
0.0472659
0.0469959
0.0467191
0.0464398
0.0461599
0.0458818
0.045601
0.0453283
0.0450467
0.0447688
0.0444863
0.0442032
0.0439241
0.0436402
0.043358
0.0430819
0.0427967
0.0425111
0.0422272
0.0419407
0.041656
0.0413774
0.0410853
0.0408081
0.0405196
0.040235
0.0399413
0.0396581
0.0393658
0.039084
0.0387953
0.0385062
0.0382123
0.037929
0.0376321
0.0373437
0.0370505
0.036768
0.0364674
0.0361775
0.0358918
0.035599
0.0353058
0.0350056
0.0347117
0.0344242
0.0341297
0.033837
0.0335418
0.033244
0.0329481
0.0326473
0.0323508
0.0320517
0.0317635
0.0314638
0.0311705
0.0308678
0.0305671
0.0302752
0.0299716
0.0296699
0.0293749
0.0290772
0.0287747
0.0284788
0.0281803
0.0278747
0.027571
0.0272763
0.0269652
0.0266699
0.0263652
0.0260625
0.0257595
0.0254609
0.0251482
0.0248445
0.0245428
0.0242432
0.0239411
0.0236387
0.0233338
0.0230193
0.0227139
0.0224106
0.0221025
0.0218057
0.0214901
0.0211859
0.0208815
0.020577
0.0202745
0.0199672
0.0196597
0.0193449
0.019037
0.0187312
0.0184182
0.0181144
0.0178081
0.0174945
0.0171855
0.0168857
0.0165693
0.0162645
0.0159571
0.0156402
0.0153349
0.0150294
0.0147191
0.0143992
0.0140933
0.0137873
0.0134764
0.0131582
0.0128565
0.0125452
0.0122267
0.0119199
0.0116058
0.0112988
0.0109845
0.0106701
0.0103628
0.0100434
0.00973583
0.00942579
0.00911087
0.00879586
0.00848315
0.00817513
0.00786225
0.00754211
0.00723863
0.00692073
0.00661472
0.00629907
0.00598814
0.00566519
0.00536131
0.0050502
0.00473665
0.00441826
0.004107
0.00379331
0.00347718
0.0031634
0.00285678
0.00253575
0.00222668
0.00191278
0.00159887
0.00128493
0.000973377
0.000657015
0.000345437
2.42646e-05
-0.000289721
-0.00059412
-0.000917692
-0.00122927
-0.00154085
-0.00185481
-0.00217115
-0.00248507
-0.00279898
-0.00310327
-0.00342671
-0.00374053
-0.00405432
-0.00436568
-0.004677
-0.00498589
-0.00529951
-0.0056107
-0.0059338
-0.00624009
-0.0065535
-0.00687403
-0.00718493
-0.00749337
-0.00781369
-0.00811959
-0.00843021
-0.00874313
-0.00905358
-0.00936633
-0.00968377
-0.00999396
-0.0103064
-0.0106188
-0.0109382
-0.0112457
-0.0115601
-0.0118697
-0.0121791
-0.0124956
-0.0128072
-0.013114
-0.0134229
-0.0137389
-0.0140405
-0.0143515
-0.0146694
-0.014973
-0.015293
-0.0155963
-0.0159042
-0.0162166
-0.0165219
-0.0168364
-0.0171531
-0.0174507
-0.0177671
-0.0180762
-0.0183827
-0.0186868
-0.0190001
-0.0193038
-0.0196167
-0.0199223
-0.0202231
-0.0205378
-0.0208452
-0.0211501
-0.0214571
-0.0217709
-0.0220682
-0.0223769
-0.0226854
-0.0229844
-0.0232971
-0.0235956
-0.0239032
-0.0242129
-0.0245154
-0.0248176
-0.025122
-0.0254307
-0.0257276
-0.0260288
-0.0263391
-0.0266353
-0.0269381
-0.0272499
-0.0275453
-0.0278542
-0.0281536
-0.0284643
-0.0287494
-0.0290526
-0.029351
-0.0296559
-0.0299583
-0.0302512
-0.0305484
-0.0308499
-0.0311465
-0.0314542
-0.0317411
-0.0320458
-0.0323367
-0.0326363
-0.0329333
-0.03323
-0.0335264
-0.0338224
-0.0341159
-0.034409
-0.0347064
-0.0350011
-0.0352954
-0.0355895
-0.0358809
-0.0361765
-0.036465
-0.0367665
-0.0370521
-0.0373462
-0.0376333
-0.0379267
-0.0382175
-0.0385146
-0.038798
-0.0390855
-0.0393748
-0.0396659
-0.0399544
-0.0402447
-0.0405303
-0.0408198
-0.0411002
-0.0413889
-0.0416685
-0.041963
-0.0422461
-0.0425332
-0.0428177
-0.0430996
-0.0433789
-0.0436686
-0.0439514
-0.0442338
-0.0445114
-0.0447908
-0.045074
-0.0453503
-0.0456369
-0.0459103
-0.0461896
-0.0464663
-0.0467468
-0.0470247
-0.0473107
-0.047575
-0.0478621
-0.0481276
-0.0484074
-0.0486889
-0.0489593
-0.0492272
-0.0495051
-0.0497783
-0.0500531
-0.0503253
-0.050595
-0.0508642
-0.0511349
-0.0514031
-0.051677
-0.0519483
-0.0522108
-0.0524811
-0.0527508
-0.053014
-0.0532847
-0.0535488
-0.0538124
-0.0540795
-0.054338
-0.0546081
-0.0548696
-0.0551306
-0.055391
-0.0556529
-0.0559202
-0.056181
-0.0564413
-0.056695
-0.0569581
-0.0572186
-0.0574688
-0.0577341
-0.0579851
-0.0582395
-0.0584972
-0.0587543
-0.059005
-0.0592591
-0.0595125
-0.0597654
-0.0600177
-0.0602675
-0.0605167
-0.0607748
-0.0610247
-0.0612664
-0.0615227
-0.061769
-0.0620127
-0.0622634
-0.0625078
-0.0627534
-0.0630004
-0.0632374
-0.0634886
-0.0637244
-0.063967
-0.064209
-0.0644522
-0.0646929
-0.0649311
-0.065176
-0.0654093
-0.0656457
-0.0658868
-0.0661218
-0.0663599
-0.0665936
-0.0668321
-0.067061
-0.0672964
-0.0675276
-0.0677634
-0.0679915
-0.0682206
-0.0684527
-0.068684
-0.0689147
-0.0691378
-0.0693653
-0.0695923
-0.0698202
-0.070044
-0.0702706
-0.070493
-0.0707199
-0.0709376
-0.0711614
-0.0713844
-0.0716068
-0.0718217
-0.0720427
-0.0722629
-0.0724758
-0.0726946
-0.0729078
-0.0731268
-0.0733418
-0.0735545
-0.0737729
-0.0739841
-0.0741979
-0.074406
-0.0746167
-0.074825
-0.0750342
-0.0752443
-0.0754488
-0.0756558
-0.0758637
-0.0760707
-0.0762692
-0.0764733
-0.0766796
-0.0768837
-0.077087
-0.0772879
-0.0774821
-0.0776861
-0.0778788
-0.0780813
-0.0782785
-0.0784749
-0.0786705
-0.0788609
-0.0790595
-0.0792543
-0.0794424
-0.0796371
-0.0798252
-0.0800154
-0.0802077
-0.0803949
-0.0805785
-0.0807656
-0.0809504
-0.0811416
-0.0813248
-0.0815101
-0.0816932
-0.0818727
-0.0820514
-0.0822376
-0.082412
-0.0825911
-0.0827747
-0.0829481
-0.0831261
-0.0832979
-0.0834756
-0.0836497
-0.0838244
-0.0839956
-0.0841673
-0.0843408
-0.0845095
-0.0846749
-0.084842
-0.0850147
-0.0851776
-0.0853448
-0.0855111
-0.0856716
-0.0858399
-0.0860012
-0.0861629
-0.0863188
-0.0864801
-0.086638
-0.0867975
-0.086955
-0.0871128
-0.0872685
-0.0874246
-0.0875798
-0.0877271
-0.0878841
-0.0880355
-0.0881826
-0.0883312
-0.0884846
-0.0886326
-0.0887752
-0.0889214
-0.0890668
-0.0892124
-0.0893582
-0.0894966
-0.0896385
-0.0897827
-0.0899218
-0.090062
-0.0901962
-0.0903347
-0.0904723
-0.0906101
-0.0907418
-0.0908746
-0.0910117
-0.0911388
-0.091274
-0.0914044
-0.0915318
-0.0916594
-0.0917899
-0.0919147
-0.0920396
-0.0921655
-0.0922904
-0.0924126
-0.092533
-0.092657
-0.0927747
-0.092896
-0.0930128
-0.0931331
-0.0932481
-0.0933648
-0.0934762
-0.0935945
-0.0937067
-0.0938163
-0.0939293
-0.0940404
-0.094149
-0.094255
-0.094365
-0.0944708
-0.0945748
-0.0946796
-0.094785
-0.0948872
-0.0949899
-0.0950886
-0.0951888
-0.095291
-0.0953885
-0.0954857
-0.0955821
-0.0956761
-0.0957706
-0.0958648
-0.095956
-0.0960491
-0.0961377
-0.0962268
-0.0963164
-0.096405
-0.0964906
-0.0965772
-0.0966623
-0.0967464
-0.0968308
-0.0969124
-0.0969924
-0.0970734
-0.0971521
-0.0972311
-0.0973068
-0.097385
-0.0974617
-0.0975346
-0.0976087
-0.0976814
-0.0977536
-0.0978233
-0.097892
-0.0979609
-0.0980303
-0.0980977
-0.0981626
-0.098229
-0.0982906
-0.0983551
-0.0984171
-0.0984782
-0.0985379
-0.0985971
-0.0986544
-0.0987121
-0.0987679
-0.0988228
-0.0988784
-0.0989309
-0.0989825
-0.0990351
-0.0990848
-0.0991347
-0.0991832
-0.0992303
-0.0992772
-0.0993221
-0.0993671
-0.099411
-0.0994537
-0.099495
-0.0995351
-0.0995761
-0.0996136
-0.0996514
-0.0996893
-0.0997238
-0.0997591
-0.099793
-0.0998256
-0.0998573
-0.0998887
-0.0999184
-0.0999469
-0.0999749
-0.100003
-0.100028
-0.100053
-0.100078
-0.1001
-0.100123
-0.100143
-0.100163
-0.100183
-0.100201
-0.100218
-0.100234
-0.100249
-0.100264
-0.100277
-0.100289
-0.1003
-0.100311
-0.10032
-0.100328
-0.100336
-0.100342
-0.100347
-0.100352
-0.100355
-0.100357
-0.100359
-0.100359
-0.100359
-0.100357
-0.100355
-0.100351
-0.100347
-0.100341
-0.100335
-0.100327
-0.100319
-0.100309
-0.100299
-0.100288
-0.100275
-0.100262
-0.100248
-0.100232
-0.100216
-0.100199
-0.100181
-0.100161
-0.100141
-0.10012
-0.100097
-0.100074
-0.10005
-0.100026
-0.0999989
-0.099972
-0.0999434
-0.099915
-0.0998852
-0.0998539
-0.0998214
-0.0997889
-0.0997544
-0.0997194
-0.0996835
-0.0996474
-0.0996095
-0.0995704
-0.0995314
-0.0994906
-0.0994485
-0.0994061
-0.0993613
-0.0993166
-0.0992709
-0.0992249
-0.0991769
-0.0991275
-0.0990787
-0.0990281
-0.0989766
-0.0989253
-0.0988714
-0.0988157
-0.0987615
-0.0987038
-0.0986473
-0.0985899
-0.0985302
-0.0984704
-0.0984087
-0.098346
-0.0982828
-0.0982187
-0.0981546
-0.098089
-0.098021
-0.0979541
-0.0978857
-0.0978152
-0.0977433
-0.0976726
-0.0975981
-0.0975244
-0.097452
-0.0973763
-0.097298
-0.0972204
-0.0971431
-0.0970642
-0.0969819
-0.0969024
-0.0968182
-0.0967356
-0.0966539
-0.0965688
-0.09648
-0.0963943
-0.0963063
-0.0962166
-0.0961288
-0.0960359
-0.0959441
-0.0958513
-0.0957584
-0.0956637
-0.0955675
-0.0954732
-0.0953743
-0.0952751
-0.0951774
-0.0950779
-0.0949775
-0.0948754
-0.0947708
-0.0946669
-0.094562
-0.0944578
-0.0943511
-0.0942418
-0.0941332
-0.0940236
-0.0939123
-0.0938052
-0.0936913
-0.0935755
-0.0934622
-0.093348
-0.0932347
-0.0931188
-0.0929992
-0.0928814
-0.0927591
-0.0926386
-0.092519
-0.0923967
-0.0922744
-0.0921493
-0.0920243
-0.0918964
-0.0917705
-0.0916466
-0.091516
-0.0913865
-0.0912581
-0.0911237
-0.0909905
-0.0908573
-0.0907243
-0.0905894
-0.0904578
-0.090319
-0.0901825
-0.0900419
-0.0899015
-0.0897623
-0.0896212
-0.0894792
-0.0893364
-0.0891937
-0.0890513
-0.0889036
-0.0887584
-0.0886134
-0.0884642
-0.0883164
-0.0881631
-0.0880124
-0.0878643
-0.0877108
-0.0875575
-0.0874033
-0.0872507
-0.0870925
-0.0869382
-0.0867806
-0.0866222
-0.0864642
-0.0862992
-0.0861432
-0.0859777
-0.0858188
-0.0856528
-0.0854922
-0.0853246
-0.0851573
-0.0849892
-0.0848215
-0.0846543
-0.0844862
-0.0843148
-0.0841464
-0.0839746
-0.083802
-0.0836245
-0.0834556
-0.0832778
-0.0831019
-0.0829251
-0.0827503
-0.0825747
-0.0823942
-0.0822128
-0.0820348
-0.0818505
-0.0816681
-0.0814849
-0.0813009
-0.0811147
-0.080932
-0.080747
-0.0805613
-0.0803734
-0.0801789
-0.0799951
-0.0798005
-0.0796079
-0.0794175
-0.0792263
-0.0790314
-0.0788387
-0.0786452
-0.0784509
-0.0782514
-0.0780556
-0.0778576
-0.0776603
-0.0774561
-0.0772573
-0.0770547
-0.0768605
-0.0766564
-0.0764484
-0.0762458
-0.0760425
-0.0758369
-0.075629
-0.0754235
-0.0752205
-0.0750055
-0.0747978
-0.0745878
-0.0743819
-0.0741672
-0.0739566
-0.0737469
-0.0735267
-0.073314
-0.0730972
-0.0728814
-0.0726648
-0.0724509
-0.0722329
-0.0720193
-0.0717949
-0.0715765
-0.0713574
-0.0711343
-0.0709087
-0.0706858
-0.0704657
-0.0702414
-0.0700217
-0.0697892
-0.0695646
-0.0693428
-0.0691117
-0.0688798
-0.068656
-0.0684228
-0.0681925
-0.0679667
-0.0677333
-0.0675045
-0.0672679
-0.067036
-0.0668017
-0.0665631
-0.0663328
-0.0660948
-0.0658578
-0.0656202
-0.0653856
-0.0651377
-0.0649018
-0.0646672
-0.064419
-0.0641813
-0.0639448
-0.0637003
-0.0634552
-0.063215
-0.0629705
-0.0627197
-0.0624796
-0.0622276
-0.0619806
-0.0617349
-0.0614886
-0.0612398
-0.0609923
-0.0607423
-0.060486
-0.0602387
-0.059985
-0.0597345
-0.0594739
-0.059232
-0.0589779
-0.0587212
-0.0584621
-0.0582063
-0.0579538
-0.0576948
-0.0574393
-0.0571792
-0.0569225
-0.0566613
-0.0564075
-0.0561492
-0.0558804
-0.055623
-0.055365
-0.0551005
-0.0548395
-0.0545759
-0.0543078
-0.0540472
-0.0537861
-0.0535102
-0.0532481
-0.0529773
-0.052712
-0.0524484
-0.052178
-0.0519092
-0.051642
-0.0513681
-0.051106
-0.0508352
-0.0505556
-0.0502859
-0.0500219
-0.0497429
-0.0494717
-0.0492021
-0.0489237
-0.0486469
-0.0483696
-0.0480981
-0.0478199
-0.0475475
-0.0472705
-0.0469972
-0.0467128
-0.0464301
-0.0461576
-0.0458783
-0.0456027
-0.0453225
-0.0450418
-0.0447629
-0.044477
-0.0441972
-0.0439147
-0.0436232
-0.0433443
-0.0430584
-0.0427743
-0.0424962
-0.0422047
-0.0419215
-0.0416358
-0.0413496
-0.041063
-0.0407782
-0.040493
-0.040203
-0.0399236
-0.0396328
-0.0393395
-0.0390501
-0.0387648
-0.0384681
-0.0381798
-0.0378934
-0.0376022
-0.0373128
-0.0370187
-0.0367219
-0.0364382
-0.0361407
-0.0358495
-0.0355513
-0.0352595
-0.0349673
-0.0346771
-0.0343797
-0.0340776
-0.0337795
-0.0334947
-0.0331915
-0.0328971
-0.0325955
-0.0323003
-0.0320049
-0.0317137
-0.0314154
-0.0311123
-0.0308133
-0.0305141
-0.0302146
-0.0299194
-0.0296216
-0.0293189
-0.0290136
-0.0287172
-0.0284137
-0.0281168
-0.0278127
-0.0275037
-0.0272037
-0.0269034
-0.0266006
-0.0263021
-0.0259941
-0.0256928
-0.0253936
-0.0250871
-0.0247781
-0.0244759
-0.0241687
-0.0238636
-0.0235653
-0.0232621
-0.0229517
-0.0226364
-0.0223372
-0.0220354
-0.0217311
-0.0214173
-0.0211102
-0.02081
-0.0204955
-0.0201902
-0.0198824
-0.0195814
-0.0192732
-0.0189553
-0.0186585
-0.018345
-0.0180361
-0.0177222
-0.0174176
-0.0171058
-0.0168009
-0.0164935
-0.0161811
-0.0158663
-0.0155631
-0.0152456
-0.0149445
-0.0146291
-0.0143135
-0.0140049
-0.0136962
-0.0133873
-0.0130783
-0.0127644
-0.0124504
-0.0121387
-0.011834
-0.0115172
-0.0112075
-0.0108906
-0.0105759
-0.0102683
-0.0099534
-0.00964082
-0.0093353
-0.00901537
-0.00870491
-0.00839915
-0.00807658
-0.00777066
-0.00746229
-0.00714427
-0.00683337
-0.00651283
-0.00620181
-0.00589072
-0.00558197
-0.00526121
-0.00494758
-0.00463869
-0.00432736
-0.004016
-0.00370221
-0.00338359
-0.00306733
-0.00275824
-0.00244673
-0.00213041
-0.00181886
-0.00149531
-0.00118853
-0.000874549
-0.000562961
-0.000253768
6.74075e-05
0.000386182
0.000688172
0.00100933
0.00132567
0.00163721
0.00194873
0.00226262
0.00257409
0.00289272
0.00320891
0.00351071
0.00382684
0.00414771
0.00446135
0.00477256
0.00507892
0.0053996
0.00570825
0.00602163
0.00633733
0.00665058
0.00696137
0.00727926
0.00758751
0.00790285
0.00821334
0.00852374
0.00883644
0.00914666
0.00946634
0.00977637
0.0100887
0.0103961
0.0107106
0.011025
0.0113393
0.0116439
0.0119556
0.0122647
0.0125761
0.0128851
0.0131986
0.0135096
0.0138181
0.0141265
0.0144442
0.0147523
0.0150579
0.0153775
0.0156827
0.0159926
0.0162999
0.0166118
0.0169164
0.0172327
0.017537
0.0178505
0.0181591
0.0184653
0.0187759
0.0190746
0.0193895
0.0196949
0.0200024
0.0203097
0.0206121
0.0209237
0.0212304
0.0215322
0.0218384
0.0221445
0.0224573
0.0227629
0.0230589
0.0233711
0.023676
0.023969
0.0242758
0.0245869
0.0248932
0.0251922
0.0254933
0.0257942
0.0261018
0.0264044
0.0266999
0.0270044
0.0273062
0.0276055
0.0279091
0.0282102
0.0285063
0.0288137
0.0291093
0.0294069
0.0297065
0.0300104
0.0303048
0.0306081
0.0308997
0.0312092
0.0314956
0.0317976
0.0320993
0.032387
0.0326903
0.0329888
0.0332801
0.0335734
0.0338731
0.0341657
0.0344534
0.0347476
0.0350459
0.0353349
0.035637
0.0359253
0.0362155
0.0365053
0.0367947
0.0370883
0.0373837
0.0376698
0.0379623
0.0382565
0.0385371
0.0388262
0.0391149
0.039412
0.0396976
0.0399786
0.0402701
0.0405502
0.0408431
0.0411268
0.0414144
0.0416908
0.0419842
0.0422597
0.0425457
0.0428335
0.0431121
0.0433925
0.0436832
0.0439542
0.044244
0.0445184
0.0447966
0.045083
0.0453624
0.0456414
0.04592
0.0461939
0.0464737
0.0467487
0.0470255
0.0472996
0.0475733
0.0478528
0.0481319
0.0484021
0.048678
0.0489452
0.0492223
0.0494926
0.0497666
0.0500381
0.0503028
0.0505774
0.0508515
0.0511148
0.0513858
0.0516521
0.051916
0.0521895
0.0524584
0.0527207
0.0529845
0.0532478
0.0535207
0.0537829
0.0540426
0.0543078
0.0545705
0.0548286
0.0550961
0.0553472
0.0556156
0.0558715
0.0561309
0.0563877
0.056646
0.0569057
0.0571608
0.0574154
0.0576753
0.0579288
0.0581836
0.058436
0.0586955
0.0589466
0.0591934
0.0594511
0.0596986
0.0599532
0.0602033
0.0604548
0.060698
0.0609445
0.0611904
0.0614413
0.0616879
0.06193
0.0621791
0.0624219
0.0626642
0.0629095
0.0631579
0.0633927
0.0636361
0.0638789
0.0641174
0.0643534
0.0645961
0.0648327
0.0650705
0.0653058
0.0655423
0.0657763
0.0660169
0.0662532
0.0664799
0.0667132
0.0669457
0.0671829
0.0674088
0.0676376
0.0678745
0.0680967
0.0683305
0.0685601
0.0687803
0.069012
0.0692378
0.0694578
0.0696874
0.0699077
0.0701257
0.0703514
0.0705731
0.0707941
0.0710127
0.0712356
0.0714495
0.0716676
0.0718917
0.0721068
0.0723179
0.0725332
0.0727478
0.0729616
0.0731764
0.0733888
0.0735989
0.0738099
0.0740185
0.0742344
0.07444
0.074648
0.0748553
0.0750603
0.0752645
0.075468
0.075677
0.0758821
0.0760849
0.0762808
0.0764867
0.0766873
0.076887
0.0770815
0.0772843
0.0774818
0.0776755
0.0778685
0.0780682
0.0782611
0.0784518
0.0786491
0.0788353
0.0790325
0.079223
0.0794099
0.0795988
0.0797856
0.0799715
0.0801595
0.0803439
0.0805332
0.0807174
0.0808994
0.0810834
0.0812596
0.0814406
0.081625
0.0818043
0.0819802
0.0821607
0.0823349
0.0825124
0.0826891
0.0828582
0.0830359
0.0832061
0.0833782
0.0835533
0.0837224
0.0838919
0.0840581
0.0842273
0.0843956
0.0845618
0.0847272
0.0848905
0.0850505
0.0852134
0.0853803
0.0855354
0.0857031
0.0858565
0.0860175
0.0861705
0.0863299
0.0864836
0.0866424
0.0867979
0.0869468
0.0870994
0.0872536
0.087401
0.0875557
0.0877038
0.087851
0.0879984
0.088145
0.0882885
0.0884378
0.0885818
0.0887238
0.0888628
0.0890052
0.0891435
0.0892842
0.0894229
0.0895628
0.0896977
0.0898327
0.089972
0.0901021
0.0902355
0.090367
0.0905016
0.0906313
0.0907631
0.090891
0.091017
0.0911431
0.0912722
0.0913937
0.09152
0.0916426
0.091768
0.0918878
0.0920104
0.0921302
0.0922446
0.0923636
0.0924807
0.0925987
0.092714
0.0928266
0.0929392
0.0930552
0.0931668
0.0932766
0.093383
0.0934952
0.0936023
0.0937085
0.0938137
0.0939197
0.0940239
0.0941288
0.094228
0.0943325
0.0944307
0.0945295
0.0946311
0.0947266
0.0948255
0.0949198
0.0950133
0.0951065
0.0952009
0.0952923
0.0953827
0.0954729
0.0955641
0.0956497
0.0957364
0.0958241
0.0959089
0.0959953
0.096077
0.0961589
0.0962424
0.0963231
0.096401
0.0964804
0.0965583
0.0966346
0.0967128
0.096786
0.0968589
0.0969342
0.0970052
0.0970769
0.0971476
0.0972147
0.0972824
0.0973518
0.0974181
0.0974829
0.0975468
0.0976093
0.0976732
0.0977352
0.0977943
0.0978552
0.0979125
0.0979701
0.0980277
0.0980833
0.0981385
0.098191
0.0982446
0.0982968
0.0983472
0.0983967
0.0984441
0.0984935
0.0985404
0.098586
0.0986314
0.098675
0.0987184
0.0987592
0.0988006
0.0988401
0.0988808
0.0989189
0.0989555
0.0989909
0.0990272
0.0990612
0.099094
0.0991268
0.0991571
0.0991886
0.0992173
0.0992459
0.0992729
0.0992993
0.0993245
0.0993488
0.099373
0.0993953
0.0994166
0.099437
0.099457
0.0994751
0.0994929
0.0995094
0.0995247
0.0995394
0.0995532
0.0995657
0.0995776
0.0995881
0.0995977
0.0996066
0.0996143
0.0996209
0.0996266
0.0996314
0.0996353
0.099638
0.0996399
0.0996407
0.0996406
0.0996394
0.0996373
0.0996342
0.0996301
0.0996251
0.099619
0.099612
0.0996038
0.099595
0.0995848
0.099574
0.099562
0.0995491
0.0995353
0.09952
0.0995042
0.0994874
0.0994694
0.0994508
0.0994311
0.0994098
0.0993887
0.0993654
0.0993418
0.0993174
0.0992919
0.0992646
0.0992369
0.0992084
0.0991795
0.0991484
0.099116
0.0990837
0.0990506
0.0990163
0.0989797
0.0989443
0.0989056
0.0988675
0.0988292
0.0987885
0.0987468
0.0987044
0.098661
0.0986167
0.0985721
0.0985258
0.0984779
0.09843
0.0983812
0.0983306
0.0982799
0.0982282
0.0981743
0.0981206
0.0980643
0.0980092
0.0979526
0.0978947
0.0978363
0.0977768
0.0977146
0.0976528
0.09759
0.0975268
0.0974621
0.0973959
0.0973303
0.0972627
0.0971947
0.0971236
0.0970531
0.0969833
0.0969109
0.0968387
0.0967621
0.0966874
0.0966118
0.0965352
0.0964583
0.0963786
0.0962967
0.0962164
0.0961351
0.0960528
0.0959683
0.0958849
0.0957978
0.0957125
0.0956255
0.0955349
0.0954447
0.095357
0.095265
0.0951726
0.0950786
0.0949844
0.0948892
0.0947924
0.0946968
0.0945973
0.0945007
0.0943986
0.0942978
0.0941992
0.0940965
0.0939914
0.0938877
0.0937814
0.0936743
0.0935703
0.0934604
0.0933504
0.0932412
0.0931319
0.0930192
0.0929072
0.0927909
0.0926771
0.0925606
0.0924468
0.0923285
0.0922102
0.0920901
0.0919708
0.0918489
0.0917269
0.0916078
0.091484
0.0913584
0.0912338
0.0911064
0.090979
0.0908497
0.0907206
0.0905905
0.0904605
0.0903266
0.0901989
0.0900602
0.0899287
0.0897923
0.0896591
0.0895208
0.0893817
0.0892417
0.0891018
0.08896
0.0888183
0.0886791
0.0885357
0.0883915
0.0882441
0.0881015
0.0879546
0.0878035
0.0876594
0.08751
0.0873585
0.0872085
0.0870552
0.0869023
0.0867497
0.0865963
0.0864384
0.0862832
0.0861248
0.0859656
0.0858066
0.0856469
0.0854862
0.085326
0.0851625
0.0850018
0.0848391
0.084673
0.0845061
0.0843409
0.0841735
0.0840054
0.0838377
0.0836679
0.0834959
0.0833244
0.0831521
0.082983
0.082809
0.0826289
0.0824574
0.0822796
0.0821024
0.0819257
0.0817442
0.0815687
0.0813868
0.0812028
0.0810221
0.0808407
0.080657
0.0804768
0.0802859
0.0801055
0.079913
0.0797311
0.0795398
0.0793477
0.0791606
0.0789698
0.0787826
0.0785844
0.0783913
0.0782033
0.0780057
0.0778132
0.0776185
0.0774171
0.0772193
0.0770208
0.0768216
0.0766215
0.0764192
0.0762192
0.0760184
0.0758169
0.0756131
0.075407
0.0751986
0.0749941
0.0747937
0.0745798
0.0743763
0.0741673
0.0739528
0.0737439
0.0735327
0.0733273
0.0731147
0.0729013
0.0726807
0.0724708
0.0722553
0.0720357
0.0718188
0.0716061
0.0713877
0.071167
0.0709455
0.0707267
0.0705055
0.0702853
0.0700644
0.0698395
0.0696172
0.0693926
0.0691638
0.0689412
0.0687162
0.0684906
0.0682573
0.0680268
0.0677974
0.0675743
0.0673418
0.0671069
0.0668801
0.0666474
0.0664139
0.0661745
0.0659452
0.0657044
0.0654684
0.0652389
0.0649998
0.0647655
0.064525
0.064284
0.0640459
0.0637999
0.0635587
0.063317
0.0630801
0.0628334
0.0625953
0.062351
0.0620986
0.0618606
0.0616126
0.0613621
0.0611148
0.0608668
0.0606259
0.0603691
0.060127
0.0598767
0.0596257
0.0593742
0.0591144
0.0588694
0.0586103
0.0583623
0.0581078
0.0578548
0.0575914
0.0573371
0.0570843
0.0568231
0.0565692
0.0563127
0.0560518
0.0557922
0.0555361
0.0552715
0.0550123
0.0547506
0.0544843
0.0542295
0.0539621
0.0537003
0.0534338
0.0531669
0.0529054
0.0526374
0.0523688
0.0521018
0.0518363
0.0515682
0.0513016
0.0510367
0.0507671
0.050497
0.0502202
0.049949
0.0496857
0.0494137
0.0491411
0.048868
0.0485924
0.0483162
0.0480417
0.0477667
0.0474955
0.0472174
0.0469431
0.0466641
0.046391
0.046109
0.0458307
0.0455542
0.045275
0.0449933
0.0447132
0.0444391
0.0441539
0.0438725
0.043595
0.0433084
0.0430301
0.0427383
0.0424613
0.0421773
0.0418908
0.0416038
0.0413273
0.0410373
0.0407469
0.0404649
0.040178
0.0398908
0.0396054
0.0393174
0.039029
0.0387424
0.038451
0.0381658
0.037867
0.0375789
0.0372949
0.0370016
0.0367057
0.0364228
0.0361284
0.0358359
0.0355386
0.0352521
0.0349585
0.0346646
0.0343703
0.0340757
0.0337785
0.0334854
0.0331875
0.0328961
0.0325953
0.0323055
0.032004
0.0317068
0.0314138
0.0311136
0.0308132
0.0305124
0.0302159
0.029919
0.0296219
0.0293245
0.0290246
0.028722
0.028426
0.0281137
0.0278195
0.0275204
0.0272164
0.0269144
0.0266122
0.0263074
0.0260116
0.0257063
0.0254007
0.0250949
0.0247934
0.0244871
0.0241828
0.0238783
0.0235829
0.0232709
0.0229704
0.0226603
0.0223616
0.0220557
0.0217473
0.0214339
0.0211391
0.020823
0.0205184
0.0202088
0.0199109
0.0195986
0.0192908
0.0189829
0.0186724
0.018364
0.0180626
0.0177539
0.017445
0.0171383
0.016822
0.0165197
0.0162077
0.0158933
0.0155881
0.0152804
0.0149679
0.0146599
0.0143518
0.0140316
0.0137303
0.013417
0.013106
0.0127971
0.0124882
0.0121672
0.0118628
0.0115487
0.0112417
0.0109274
0.010613
0.0102984
0.00998857
0.00968099
0.00936854
0.00905838
0.00874574
0.0084354
0.00811304
0.00780014
0.00749672
0.0071741
0.00686097
0.00654777
0.00623928
0.00592834
0.00561733
0.00529431
0.00498319
0.00466963
0.0043608
0.00404475
0.00374062
0.00341969
0.00310112
0.0027921
0.00248305
0.00215959
0.00184809
0.00153896
0.00122023
0.000908667
0.000592303
0.000280724
-2.60688e-05
-0.000347245
-0.000654041
-0.000975215
-0.0012868
-0.00159837
-0.00190993
-0.00223106
-0.00254019
-0.00285888
-0.00317036
-0.0034866
-0.00379563
-0.00410462
-0.00441837
-0.00474166
-0.00504574
-0.00535936
-0.00568011
-0.00599362
-0.0063023
-0.00661809
-0.00692426
-0.0072471
-0.00755313
-0.00786627
-0.00817455
-0.00848754
-0.00880761
-0.00911088
-0.0094284
-0.00974343
-0.0100584
-0.0103684
-0.0106808
-0.0109954
-0.0113005
-0.0116125
-0.0119292
-0.012241
-0.0125527
-0.0128548
-0.0131686
-0.0134823
-0.0137912
-0.0141022
-0.0144156
-0.0147287
-0.015037
-0.0153428
-0.0156555
-0.0159634
-0.0162758
-0.0165857
-0.0168907
-0.017205
-0.0175074
-0.0178166
-0.0181257
-0.0184464
-0.0187433
-0.0190613
-0.0193673
-0.0196778
-0.0199858
-0.0202889
-0.0205988
-0.0209039
-0.0212063
-0.0215133
-0.0218178
-0.0221337
-0.022433
-0.0227392
-0.0230404
-0.0233484
-0.0236585
-0.0239568
-0.0242618
-0.0245735
-0.0248781
-0.0251754
-0.0254817
-0.0257878
-0.0260937
-0.0263877
-0.0266931
-0.0269982
-0.0272984
-0.0276075
-0.0279003
-0.0282066
-0.028508
-0.0288115
-0.0291123
-0.0294129
-0.0297018
-0.0300132
-0.030313
-0.030601
-0.0309092
-0.031208
-0.0315043
-0.0318048
-0.0320936
-0.032398
-0.0326885
-0.0329877
-0.0332821
-0.0335784
-0.0338744
-0.0341701
-0.0344676
-0.0347626
-0.0350528
-0.0353561
-0.0356478
-0.0359414
-0.0362279
-0.0365209
-0.0368201
-0.0371123
-0.0373952
-0.0376889
-0.0379823
-0.0382686
-0.0385678
-0.0388467
-0.0391407
-0.0394321
-0.0397166
-0.0400072
-0.0402931
-0.0405808
-0.0408702
-0.0411593
-0.0414414
-0.0417296
-0.0420131
-0.0423027
-0.0425766
-0.0428697
-0.0431537
-0.0434373
-0.0437118
-0.044001
-0.0442833
-0.0445673
-0.0448402
-0.0451211
-0.045406
-0.0456861
-0.0459636
-0.0462407
-0.0465237
-0.0467999
-0.0470777
-0.0473572
-0.0476278
-0.0479021
-0.0481803
-0.0484558
-0.0487287
-0.0490054
-0.0492795
-0.0495573
-0.0498241
-0.0501051
-0.050371
-0.0506406
-0.05092
-0.0511824
-0.0514567
-0.0517263
-0.0519934
-0.052258
-0.0525261
-0.0528019
-0.0530669
-0.0533254
-0.0535975
-0.0538671
-0.054126
-0.0543885
-0.0546544
-0.0549158
-0.0551747
-0.055439
-0.0557088
-0.0559641
-0.0562248
-0.0564809
-0.0567425
-0.0569976
-0.05726
-0.0575199
-0.0577773
-0.0580341
-0.0582922
-0.0585498
-0.0587952
-0.0590536
-0.0593075
-0.0595608
-0.0598155
-0.0600658
-0.0603193
-0.0605664
-0.0608187
-0.0610704
-0.0613177
-0.0615682
-0.0618181
-0.062058
-0.0623104
-0.0625528
-0.0628003
-0.0630396
-0.0632821
-0.0635277
-0.0637726
-0.0640151
-0.0642569
-0.0645
-0.0647405
-0.0649768
-0.0652161
-0.0654512
-0.0656947
-0.0659266
-0.0661634
-0.0664067
-0.0666385
-0.0668733
-0.0671092
-0.0673427
-0.0675737
-0.0678041
-0.0680391
-0.0682629
-0.0684913
-0.068726
-0.0689514
-0.0691865
-0.0694087
-0.0696389
-0.069865
-0.0700835
-0.0703117
-0.0705374
-0.0707574
-0.0709766
-0.0712037
-0.0714283
-0.0716421
-0.071862
-0.0720811
-0.0722979
-0.072519
-0.0727376
-0.0729523
-0.0731646
-0.0733795
-0.0735937
-0.0738071
-0.0740198
-0.0742302
-0.0744431
-0.074652
-0.0748666
-0.0750709
-0.075284
-0.0754852
-0.0756921
-0.0759045
-0.0761099
-0.0763129
-0.0765183
-0.0767152
-0.0769207
-0.0771238
-0.0773247
-0.0775202
-0.0777195
-0.0779181
-0.078119
-0.0783175
-0.0785123
-0.0787003
-0.0789025
-0.0790905
-0.0792837
-0.0794776
-0.0796707
-0.079863
-0.0800473
-0.0802409
-0.0804294
-0.0806143
-0.0807998
-0.0809845
-0.0811712
-0.0813614
-0.0815451
-0.0817253
-0.0819088
-0.0820887
-0.0822679
-0.0824435
-0.0826279
-0.0828032
-0.0829819
-0.083157
-0.0833313
-0.0835075
-0.0836815
-0.0838521
-0.0840298
-0.0841961
-0.0843668
-0.0845406
-0.0847084
-0.0848741
-0.0850402
-0.0852119
-0.0853776
-0.0855437
-0.0857065
-0.0858685
-0.0860284
-0.0861887
-0.0863543
-0.0865129
-0.0866707
-0.0868276
-0.0869849
-0.0871402
-0.0872981
-0.0874493
-0.0876067
-0.0877574
-0.0879084
-0.0880643
-0.0882124
-0.088362
-0.0885084
-0.088654
-0.0888021
-0.0889493
-0.0890923
-0.0892377
-0.0893801
-0.0895249
-0.0896666
-0.0898063
-0.0899452
-0.0900875
-0.0902235
-0.0903619
-0.0904972
-0.0906358
-0.0907684
-0.0909011
-0.091035
-0.0911679
-0.091299
-0.0914271
-0.0915544
-0.0916848
-0.0918093
-0.0919369
-0.0920635
-0.0921864
-0.0923102
-0.0924369
-0.092559
-0.0926755
-0.0927957
-0.0929187
-0.0930344
-0.093151
-0.0932693
-0.0933833
-0.0934989
-0.0936119
-0.0937248
-0.0938376
-0.093947
-0.0940572
-0.0941681
-0.0942764
-0.0943846
-0.094491
-0.0945941
-0.0947011
-0.094804
-0.0949067
-0.0950077
-0.0951078
-0.0952085
-0.095309
-0.0954049
-0.0955013
-0.0955967
-0.0956935
-0.0957892
-0.0958826
-0.0959743
-0.0960658
-0.0961563
-0.0962459
-0.0963332
-0.096421
-0.0965064
-0.0965929
-0.0966791
-0.096763
-0.0968466
-0.0969274
-0.0970072
-0.097088
-0.0971683
-0.0972465
-0.0973226
-0.0973984
-0.0974731
-0.0975481
-0.0976221
-0.0976946
-0.0977667
-0.0978356
-0.0979068
-0.0979734
-0.0980416
-0.0981078
-0.0981751
-0.0982384
-0.0983022
-0.0983656
-0.0984275
-0.0984879
-0.0985488
-0.0986065
-0.0986654
-0.0987229
-0.0987794
-0.0988328
-0.0988878
-0.0989406
-0.0989932
-0.099044
-0.0990939
-0.0991429
-0.0991927
-0.0992396
-0.0992857
-0.0993311
-0.0993755
-0.0994186
-0.0994604
-0.0995023
-0.0995428
-0.0995823
-0.0996212
-0.0996582
-0.0996951
-0.0997308
-0.0997654
-0.0997993
-0.0998323
-0.099864
-0.0998942
-0.099924
-0.0999525
-0.0999801
-0.100007
-0.100033
-0.100058
-0.100082
-0.100105
-0.100127
-0.100148
-0.100167
-0.100187
-0.100204
-0.100221
-0.100237
-0.100252
-0.100266
-0.100279
-0.100291
-0.100302
-0.100312
-0.100321
-0.10033
-0.100337
-0.100343
-0.100348
-0.100352
-0.100356
-0.100358
-0.100359
-0.100359
-0.100358
-0.100357
-0.100354
-0.10035
-0.100346
-0.10034
-0.100333
-0.100326
-0.100317
-0.100308
-0.100297
-0.100286
-0.100273
-0.10026
-0.100245
-0.100229
-0.100213
-0.100195
-0.100177
-0.100158
-0.100137
-0.100116
-0.100094
-0.10007
-0.100046
-0.100021
-0.0999938
-0.0999673
-0.0999386
-0.0999091
-0.0998791
-0.0998476
-0.0998154
-0.099782
-0.0997489
-0.0997135
-0.0996771
-0.0996408
-0.0996019
-0.0995637
-0.0995231
-0.0994827
-0.0994398
-0.0993968
-0.0993532
-0.0993083
-0.0992631
-0.0992163
-0.0991688
-0.0991189
-0.0990695
-0.0990184
-0.0989682
-0.0989151
-0.0988611
-0.098806
-0.0987508
-0.0986938
-0.0986367
-0.0985778
-0.0985201
-0.0984592
-0.0983973
-0.098335
-0.0982716
-0.0982078
-0.0981426
-0.0980768
-0.0980097
-0.0979415
-0.0978719
-0.0978018
-0.0977297
-0.0976582
-0.0975852
-0.0975113
-0.0974364
-0.0973618
-0.0972832
-0.0972079
-0.097128
-0.0970489
-0.0969696
-0.0968855
-0.0968056
-0.0967215
-0.0966358
-0.0965524
-0.0964655
-0.0963775
-0.0962907
-0.0962009
-0.0961108
-0.0960212
-0.0959278
-0.0958356
-0.0957411
-0.0956478
-0.0955506
-0.0954539
-0.0953578
-0.0952578
-0.0951583
-0.0950602
-0.0949597
-0.0948543
-0.0947542
-0.0946477
-0.0945419
-0.0944375
-0.0943314
-0.0942236
-0.094114
-0.0940051
-0.0938929
-0.0937822
-0.0936689
-0.0935581
-0.0934421
-0.0933295
-0.0932116
-0.0930937
-0.0929784
-0.0928569
-0.0927408
-0.0926201
-0.0924957
-0.0923742
-0.0922527
-0.0921284
-0.0920022
-0.0918771
-0.0917481
-0.0916212
-0.0914894
-0.0913647
-0.0912301
-0.0910975
-0.0909692
-0.0908339
-0.0907027
-0.0905687
-0.0904317
-0.0902918
-0.0901551
-0.0900164
-0.0898769
-0.0897398
-0.0895953
-0.0894564
-0.0893123
-0.0891662
-0.0890214
-0.0888791
-0.0887326
-0.0885864
-0.0884393
-0.088289
-0.088139
-0.087987
-0.0878342
-0.0876816
-0.0875317
-0.0873774
-0.0872199
-0.0870639
-0.0869058
-0.0867529
-0.0865931
-0.0864313
-0.0862735
-0.0861099
-0.0859479
-0.0857851
-0.0856252
-0.0854608
-0.0852917
-0.0851306
-0.0849636
-0.0847958
-0.0846233
-0.0844577
-0.0842874
-0.0841137
-0.0839443
-0.0837702
-0.083594
-0.0834249
-0.0832496
-0.0830736
-0.0828927
-0.0827204
-0.0825406
-0.0823626
-0.0821798
-0.0819961
-0.0818157
-0.0816346
-0.0814513
-0.0812657
-0.081085
-0.0808936
-0.0807128
-0.0805255
-0.0803331
-0.0801442
-0.0799603
-0.0797713
-0.0795772
-0.0793837
-0.0791909
-0.0789959
-0.078803
-0.0786094
-0.0784105
-0.0782183
-0.0780164
-0.0778197
-0.0776192
-0.0774195
-0.0772221
-0.0770193
-0.0768219
-0.0766145
-0.076411
-0.0762068
-0.0760049
-0.0757976
-0.0755959
-0.0753823
-0.0751823
-0.0749704
-0.074761
-0.0745541
-0.0743432
-0.0741267
-0.0739127
-0.0737062
-0.0734907
-0.0732779
-0.073061
-0.0728484
-0.0726251
-0.072411
-0.0721913
-0.0719708
-0.0717597
-0.0715361
-0.0713119
-0.071097
-0.0708747
-0.0706518
-0.070423
-0.0702037
-0.0699804
-0.0697512
-0.0695196
-0.0692942
-0.0690716
-0.0688449
-0.0686123
-0.068386
-0.0681484
-0.0679243
-0.0676854
-0.0674601
-0.0672234
-0.0669895
-0.0667587
-0.0665236
-0.0662896
-0.066046
-0.0658125
-0.0655766
-0.0653365
-0.0651048
-0.064856
-0.0646213
-0.0643785
-0.064137
-0.0639004
-0.0636558
-0.0634105
-0.0631702
-0.0629237
-0.0626747
-0.0624289
-0.062188
-0.0619334
-0.0616933
-0.0614374
-0.0611961
-0.0609466
-0.0606965
-0.0604458
-0.0601964
-0.0599426
-0.059694
-0.0594391
-0.0591835
-0.0589274
-0.0586706
-0.0584211
-0.0581671
-0.0579067
-0.0576497
-0.0573901
-0.0571358
-0.0568771
-0.0566158
-0.0563539
-0.0560955
-0.0558325
-0.055573
-0.0553129
-0.0550483
-0.0547932
-0.0545215
-0.0542553
-0.0539986
-0.0537314
-0.0534615
-0.0532033
-0.0529365
-0.052661
-0.0523993
-0.0521329
-0.051864
-0.0515885
-0.0513248
-0.0510564
-0.0507793
-0.0505079
-0.0502443
-0.0499636
-0.0496908
-0.0494237
-0.0491477
-0.0488734
-0.0485965
-0.0483254
-0.0480455
-0.0477777
-0.0474989
-0.0472196
-0.046942
-0.046664
-0.0463833
-0.0461022
-0.0458249
-0.0455472
-0.045269
-0.0449882
-0.0447092
-0.0444189
-0.0441476
-0.0438586
-0.04358
-0.0432923
-0.0430085
-0.042733
-0.0424441
-0.0421547
-0.0418758
-0.0415899
-0.0413036
-0.0410192
-0.0407321
-0.0404468
-0.0401502
-0.0398642
-0.0395777
-0.0392931
-0.0389949
-0.0387117
-0.0384193
-0.0381266
-0.0378401
-0.0375488
-0.0372549
-0.0369607
-0.0366683
-0.03638
-0.0360847
-0.0357958
-0.035502
-0.0352078
-0.0349134
-0.0346185
-0.0343211
-0.0340256
-0.0337366
-0.0334405
-0.0331349
-0.0328381
-0.0325455
-0.0322458
-0.0319504
-0.0316568
-0.0313516
-0.0310621
-0.0307631
-0.0304638
-0.0301643
-0.0298598
-0.029562
-0.0292661
-0.0289585
-0.0286598
-0.0283608
-0.0280592
-0.0277528
-0.0274507
-0.0271506
-0.0268526
-0.0265497
-0.0262396
-0.0259385
-0.0256325
-0.0253379
-0.0250291
-0.02472
-0.02442
-0.0241151
-0.0238054
-0.0235117
-0.0232038
-0.022891
-0.0225896
-0.0222857
-0.0219793
-0.0216749
-0.0213681
-0.021061
-0.020749
-0.0204439
-0.0201315
-0.0198236
-0.0195226
-0.0192167
-0.0189082
-0.0185949
-0.0182861
-0.0179794
-0.0176703
-0.0173609
-0.0170491
-0.0167418
-0.0164272
-0.0161196
-0.0158166
-0.0155063
-0.0151958
-0.0148829
-0.0145722
-0.0142613
-0.0139479
-0.0136415
-0.013335
-0.0130165
-0.0127026
-0.0123957
-0.0120887
-0.0117744
-0.0114601
-0.011148
-0.0108358
-0.0105282
-0.0102063
-0.00990091
-0.00959309
-0.00928039
-0.00896523
-0.00865475
-0.00833942
-0.00802879
-0.00771569
-0.00740012
-0.00709166
-0.00676879
-0.0064602
-0.00614438
-0.00583089
-0.00551974
-0.00521094
-0.00489011
-0.00457643
-0.0042627
-0.00395612
-0.00363513
-0.00333088
-0.00301223
-0.00270073
-0.00238203
-0.00207289
-0.00176134
-0.00144498
-0.00112621
-0.000814629
-0.000500643
-0.000186657
0.000127328
0.000431721
0.000745693
0.00106684
0.00138319
0.00168993
0.00201103
0.00231773
0.00263877
0.00294542
0.00325922
0.00357298
0.0038891
0.00420517
0.00451402
0.00482761
0.00514115
0.00545463
0.00576567
0.00607664
0.00639473
0.00670796
0.00701874
0.00732705
0.00764246
0.00795779
0.00827065
0.00858103
0.00889372
0.0092087
0.0095212
0.00983837
0.0101435
0.0104557
0.0107654
0.0110774
0.011394
0.0116986
0.0120103
0.0123289
0.0126356
0.0129444
0.0132603
0.0135737
0.0138774
0.0141858
0.0145058
0.0148068
0.0151171
0.0154343
0.0157372
0.0160517
0.0163543
0.0166637
0.0169825
0.0172917
0.0175935
0.0179023
0.018211
0.0185194
0.01883
0.0191357
0.0194389
0.0197465
0.0200611
0.0203683
0.020666
0.0209822
0.0212842
0.021593
0.0218969
0.0222052
0.022504
0.0228095
0.0231195
0.0234246
0.0237248
0.0240318
0.0243315
0.024638
0.0249442
0.0252455
0.0255535
0.0258567
0.0261526
0.0264552
0.0267553
0.0270574
0.0273661
0.0276676
0.0279689
0.0282722
0.0285637
0.0288733
0.0291666
0.029471
0.0297705
0.0300629
0.0303619
0.0306674
0.0309634
0.0312569
0.0315524
0.031852
0.0321491
0.0324459
0.0327401
0.033034
0.0333388
0.0336342
0.0339181
0.0342151
0.0345074
0.0348104
0.0350975
0.0353954
0.0356884
0.0359744
0.0362712
0.0365654
0.036857
0.0371438
0.0374392
0.0377275
0.0380176
0.0383007
0.0385967
0.0388813
0.0391743
0.0394603
0.0397482
0.040029
0.0403182
0.0406049
0.0408867
0.0411813
0.0414667
0.0417473
0.0420319
0.0423161
0.0426042
0.042881
0.0431618
0.0434507
0.0437284
0.0440122
0.0442955
0.0445762
0.0448565
0.0451278
0.0454136
0.0456904
0.045971
0.0462427
0.0465266
0.0467952
0.0470782
0.0473565
0.0476301
0.0479011
0.0481759
0.0484481
0.0487219
0.0489952
0.0492743
0.0495466
0.0498102
0.0500816
0.0503566
0.0506249
0.0508906
0.051162
0.0514309
0.0516992
0.0519732
0.0522344
0.0525052
0.0527654
0.0530311
0.0533024
0.053559
0.0538252
0.0540868
0.054358
0.0546125
0.0548825
0.055136
0.0554049
0.0556652
0.0559211
0.0561803
0.0564351
0.0566952
0.0569548
0.0572059
0.0574663
0.0577183
0.0579755
0.0582264
0.0584825
0.0587341
0.0589949
0.0592396
0.0594914
0.0597503
0.0599914
0.0602491
0.0604985
0.0607474
0.060988
0.0612433
0.0614903
0.0617348
0.061975
0.0622202
0.0624667
0.0627088
0.0629577
0.0632005
0.0634444
0.063684
0.0639175
0.064165
0.0644028
0.0646399
0.06488
0.065114
0.0653528
0.0655874
0.0658231
0.0660581
0.0662907
0.0665263
0.0667576
0.0669936
0.06722
0.0674564
0.0676886
0.0679113
0.0681387
0.0683671
0.0685983
0.0688236
0.0690534
0.0692757
0.0695007
0.069725
0.0699469
0.0701699
0.0703921
0.070612
0.0708345
0.0710563
0.0712791
0.0714928
0.0717125
0.0719265
0.0721448
0.0723574
0.0725742
0.0727919
0.0730056
0.0732138
0.0734261
0.0736376
0.0738485
0.0740586
0.0742663
0.0744797
0.0746892
0.0748948
0.075098
0.0753053
0.0755086
0.0757112
0.0759162
0.0761158
0.0763239
0.0765205
0.0767239
0.0769236
0.0771224
0.0773221
0.0775179
0.0777115
0.0779073
0.0781039
0.0782937
0.0784902
0.0786844
0.0788719
0.0790675
0.0792549
0.0794445
0.0796333
0.0798242
0.0800058
0.0801936
0.0803779
0.0805628
0.0807496
0.0809287
0.0811112
0.081297
0.0814737
0.0816538
0.0818344
0.0820115
0.0821931
0.0823699
0.0825406
0.0827158
0.0828915
0.083065
0.0832377
0.0834083
0.0835807
0.0837535
0.0839178
0.0840876
0.0842567
0.0844261
0.0845922
0.0847524
0.0849181
0.0850816
0.0852444
0.0854062
0.0855697
0.085725
0.0858856
0.0860465
0.0862017
0.0863585
0.0865145
0.0866707
0.0868261
0.0869748
0.0871273
0.0872813
0.0874343
0.0875831
0.0877299
0.0878781
0.0880276
0.0881707
0.0883174
0.088461
0.0886026
0.0887466
0.0888887
0.0890299
0.0891713
0.0893118
0.0894503
0.089588
0.0897226
0.0898565
0.0899956
0.0901297
0.0902629
0.0903952
0.0905226
0.0906571
0.0907828
0.0909135
0.0910433
0.0911712
0.0912924
0.0914213
0.0915408
0.0916679
0.0917875
0.091909
0.0920296
0.0921484
0.0922663
0.0923878
0.0925021
0.0926181
0.0927341
0.0928483
0.0929616
0.0930731
0.0931863
0.0932943
0.0934039
0.0935159
0.0936211
0.0937263
0.0938331
0.0939388
0.0940437
0.0941476
0.0942482
0.0943502
0.0944505
0.0945476
0.0946461
0.0947436
0.0948409
0.0949373
0.095032
0.0951257
0.0952185
0.095309
0.0954013
0.0954906
0.0955783
0.0956678
0.095753
0.0958398
0.095927
0.0960088
0.0960928
0.0961765
0.0962554
0.0963366
0.0964174
0.0964948
0.0965736
0.0966503
0.0967255
0.0967985
0.0968729
0.0969447
0.0970188
0.0970898
0.0971587
0.0972278
0.0972969
0.097364
0.0974286
0.0974948
0.097559
0.0976223
0.0976855
0.0977468
0.0978062
0.0978656
0.0979236
0.0979815
0.0980379
0.0980918
0.098148
0.0982011
0.0982541
0.0983046
0.0983549
0.0984053
0.0984537
0.0985014
0.0985489
0.0985933
0.0986385
0.098682
0.0987255
0.0987668
0.0988077
0.0988477
0.0988864
0.098925
0.0989614
0.0989975
0.0990333
0.0990674
0.0991002
0.0991318
0.0991637
0.0991934
0.0992228
0.0992505
0.0992778
0.0993038
0.0993293
0.0993537
0.0993768
0.0993993
0.0994205
0.0994409
0.0994599
0.0994782
0.099496
0.0995122
0.0995276
0.0995419
0.0995555
0.0995679
0.0995796
0.09959
0.0995995
0.0996079
0.0996155
0.0996221
0.0996276
0.0996322
0.0996359
0.0996384
0.0996401
0.0996408
0.0996404
0.0996391
0.0996368
0.0996335
0.0996293
0.0996239
0.0996178
0.0996107
0.0996023
0.099593
0.0995829
0.0995716
0.0995595
0.0995464
0.0995323
0.0995171
0.099501
0.0994839
0.099466
0.0994468
0.0994269
0.0994064
0.0993843
0.0993611
0.0993373
0.0993128
0.0992861
0.09926
0.0992321
0.0992033
0.0991735
0.0991419
0.0991114
0.0990773
0.0990443
0.0990091
0.0989733
0.0989372
0.098899
0.0988612
0.098821
0.098781
0.0987388
0.0986975
0.0986537
0.0986081
0.0985633
0.0985172
0.0984684
0.0984214
0.0983717
0.0983209
0.0982712
0.0982177
0.0981648
0.0981106
0.098055
0.0979984
0.097943
0.0978849
0.097824
0.0977653
0.0977043
0.0976419
0.0975784
0.097515
0.0974506
0.0973853
0.097318
0.0972497
0.0971825
0.0971113
0.0970417
0.096969
0.0968986
0.0968229
0.0967501
0.0966747
0.0965983
0.096521
0.0964433
0.096364
0.0962851
0.0962008
0.0961187
0.0960363
0.0959522
0.0958666
0.0957807
0.0956945
0.0956087
0.0955179
0.0954282
0.0953404
0.0952474
0.0951556
0.0950621
0.094967
0.0948717
0.0947776
0.0946775
0.0945823
0.0944832
0.0943825
0.09428
0.0941781
0.0940768
0.0939715
0.0938684
0.0937645
0.0936571
0.0935497
0.0934405
0.0933303
0.0932201
0.0931089
0.0929969
0.0928873
0.0927699
0.0926586
0.0925411
0.0924236
0.092306
0.0921902
0.092069
0.0919496
0.0918275
0.0917082
0.0915833
0.0914603
0.0913345
0.0912107
0.0910821
0.0909556
0.0908291
0.0906968
0.0905675
0.0904374
0.0903024
0.0901715
0.0900376
0.089904
0.0897705
0.0896309
0.0894935
0.0893563
0.0892172
0.0890761
0.0889373
0.0887966
0.0886529
0.0885116
0.0883661
0.0882197
0.0880746
0.0879276
0.0877763
0.0876287
0.0874802
0.0873309
0.0871783
0.0870261
0.086873
0.0867203
0.0865678
0.086411
0.0862509
0.0860947
0.0859401
0.0857762
0.0856175
0.0854604
0.0852988
0.0851326
0.0849693
0.0848077
0.0846453
0.0844744
0.0843116
0.0841454
0.0839732
0.083804
0.0836393
0.0834659
0.0832903
0.0831218
0.0829525
0.0827717
0.0825982
0.0824278
0.0822486
0.0820699
0.0818903
0.0817113
0.081537
0.0813523
0.0811709
0.0809901
0.0808085
0.0806233
0.0804387
0.0802533
0.0800713
0.0798801
0.079698
0.079508
0.0793173
0.0791286
0.0789391
0.0787445
0.078552
0.0783617
0.0781618
0.0779744
0.0777759
0.077581
0.0773839
0.0771891
0.0769829
0.0767834
0.0765894
0.0763885
0.0761853
0.0759813
0.0757797
0.0755726
0.0753695
0.0751672
0.0749595
0.0747525
0.0745449
0.0743349
0.0741306
0.0739159
0.0737053
0.0734988
0.0732868
0.0730707
0.0728638
0.0726479
0.0724264
0.0722124
0.072001
0.0717839
0.0715678
0.0713426
0.0711268
0.0709085
0.0706896
0.0704632
0.070248
0.0700253
0.0698002
0.0695727
0.0693496
0.0691224
0.0688963
0.0686694
0.0684419
0.0682137
0.0679848
0.0677623
0.0675321
0.0672995
0.0670626
0.0668357
0.0666046
0.066364
0.0661316
0.0659021
0.0656666
0.0654269
0.0651955
0.0649544
0.0647145
0.0644794
0.0642401
0.0640019
0.0637613
0.06352
0.0632726
0.0630375
0.0627925
0.0625506
0.0623043
0.0620575
0.0618137
0.0615675
0.0613169
0.061077
0.0608289
0.0605784
0.060331
0.0600793
0.0598307
0.0595797
0.05933
0.0590739
0.0588211
0.0585639
0.0583176
0.0580573
0.057808
0.0575503
0.057296
0.0570392
0.0567838
0.0565219
0.0562653
0.0560023
0.0557426
0.0554884
0.0552237
0.0549664
0.0547046
0.0544422
0.0541753
0.0539158
0.0536498
0.0533894
0.0531223
0.0528527
0.0525906
0.0523261
0.052061
0.0517892
0.0515211
0.0512524
0.0509832
0.0507114
0.0504454
0.0501747
0.0499055
0.0496297
0.0493617
0.049089
0.0488117
0.0485401
0.048266
0.0479914
0.0477184
0.047445
0.0471689
0.0468946
0.0466176
0.0463338
0.0460559
0.0457755
0.0455052
0.0452238
0.0449463
0.044664
0.0443855
0.0441024
0.0438209
0.0435433
0.043261
0.0429761
0.0426929
0.0424071
0.0421252
0.041843
0.0415538
0.041275
0.0409871
0.0406945
0.0404167
0.040132
0.0398403
0.0395548
0.0392668
0.0389783
0.0386872
0.0383935
0.0381061
0.0378161
0.0375346
0.0372394
0.0369527
0.0366523
0.0363671
0.0360749
0.0357868
0.0354893
0.0351961
0.0348957
0.0346084
0.0343186
0.0340194
0.0337221
0.0334268
0.0331379
0.0328419
0.0325455
0.0322466
0.0319451
0.03165
0.0313592
0.031059
0.0307608
0.0304622
0.0301656
0.0298688
0.0295625
0.029265
0.0289696
0.0286601
0.0283663
0.0280631
0.0277666
0.0274651
0.0271634
0.0268614
0.0265522
0.0262497
0.0259515
0.0256461
0.0253498
0.0250439
0.0247401
0.0244383
0.0241271
0.0238295
0.0235247
0.0232197
0.0229168
0.0226113
0.0222963
0.0219973
0.0216912
0.0213872
0.0210806
0.0207668
0.0204691
0.0201549
0.0198522
0.0195399
0.0192368
0.0189288
0.0186206
0.0183122
0.0180037
0.0176926
0.0173837
0.0170816
0.0167724
0.0164582
0.0161534
0.015846
0.0155313
0.015226
0.0149158
0.014603
0.0142949
0.0139818
0.013671
0.0133624
0.0130466
0.0127425
0.0124216
0.0121126
0.011801
0.0114988
0.0111822
0.0108702
0.0105534
0.0102508
0.00993135
0.00961898
0.00930413
0.00900111
0.00868368
0.00837094
0.00806288
0.00774519
0.00743937
0.00712152
0.00680599
0.00650234
0.00617949
0.00586375
0.00555513
0.00524166
0.00492575
0.00461217
0.00430573
0.00398967
0.00367836
0.003367
0.00304603
0.00273939
0.00242315
0.00210687
0.00179057
0.00147665
0.0011675
0.000848751
0.000541972
0.000225597
-8.59897e-05
-0.000402373
-0.000709168
-0.00102794
-0.00134432
-0.00166068
-0.00196984
-0.00228617
-0.00259051
-0.0029044
-0.00322067
-0.00353452
-0.00385312
-0.00416211
-0.00448064
-0.00478715
-0.00510081
-0.00541442
-0.00573276
-0.00604627
-0.00636211
-0.00666833
-0.00698644
-0.00729731
-0.00760812
-0.00791885
-0.00823429
-0.00854487
-0.00885538
-0.00917296
-0.00949046
-0.00979354
-0.0101061
-0.0104233
-0.010738
-0.0110407
-0.01136
-0.011672
-0.0119863
-0.0122981
-0.0126051
-0.0129142
-0.0132281
-0.013537
-0.0138482
-0.0141616
-0.0144654
-0.0147785
-0.0150892
-0.0153997
-0.0157147
-0.0160273
-0.016335
-0.0166448
-0.0169451
-0.0172617
-0.0175664
-0.017878
-0.0181917
-0.0184912
-0.0187999
-0.0191107
-0.0194214
-0.0197272
-0.0200375
-0.0203452
-0.0206551
-0.0209625
-0.021272
-0.0215696
-0.021881
-0.0221781
-0.0224915
-0.0227999
-0.0230964
-0.0234091
-0.0237075
-0.024022
-0.0243246
-0.0246224
-0.0249269
-0.0252381
-0.0255374
-0.0258412
-0.0261493
-0.0264502
-0.0267509
-0.0270513
-0.0273584
-0.027656
-0.0279625
-0.0282618
-0.0285586
-0.0288597
-0.0291674
-0.029468
-0.0297568
-0.0300659
-0.0303633
-0.0306558
-0.0309617
-0.0312559
-0.0315567
-0.0318503
-0.0321572
-0.0324548
-0.0327474
-0.0330421
-0.0333409
-0.0336349
-0.0339354
-0.0342219
-0.0345262
-0.0348211
-0.035109
-0.0354032
-0.0356994
-0.0359884
-0.0362861
-0.0365745
-0.036867
-0.0371591
-0.0374576
-0.0377401
-0.0380289
-0.0383218
-0.0386121
-0.038902
-0.0392004
-0.0394785
-0.039765
-0.0400578
-0.0403502
-0.0406356
-0.0409228
-0.0412096
-0.041496
-0.0417754
-0.0420675
-0.0423505
-0.0426396
-0.042924
-0.0432014
-0.0434892
-0.0437744
-0.0440549
-0.0443285
-0.0446146
-0.0448981
-0.045179
-0.0454552
-0.0457352
-0.0460169
-0.0462939
-0.046579
-0.0468551
-0.0471307
-0.0474016
-0.0476869
-0.047957
-0.0482371
-0.0485062
-0.0487812
-0.0490556
-0.0493296
-0.0496011
-0.0498824
-0.0501467
-0.050427
-0.0506882
-0.0509655
-0.0512319
-0.0515102
-0.0517798
-0.0520427
-0.0523071
-0.0525833
-0.0528508
-0.0531158
-0.0533762
-0.0536462
-0.0539096
-0.0541765
-0.0544409
-0.0547047
-0.0549681
-0.0552248
-0.055493
-0.0557567
-0.0560099
-0.0562745
-0.0565305
-0.056788
-0.0570529
-0.0573054
-0.0575711
-0.0578205
-0.058083
-0.0583333
-0.0585947
-0.0588457
-0.059104
-0.0593559
-0.0596033
-0.0598618
-0.0601138
-0.0603653
-0.0606143
-0.0608588
-0.0611142
-0.0613633
-0.0616061
-0.0618616
-0.0621051
-0.062348
-0.0625941
-0.0628377
-0.0630881
-0.0633268
-0.063576
-0.0638189
-0.0640613
-0.0643012
-0.0645404
-0.0647809
-0.0650226
-0.0652617
-0.0654985
-0.0657346
-0.06597
-0.0662139
-0.066448
-0.0666834
-0.0669127
-0.0671467
-0.0673836
-0.0676145
-0.0678466
-0.0680797
-0.0683051
-0.0685351
-0.0687628
-0.0689932
-0.0692264
-0.0694486
-0.0696752
-0.0699064
-0.0701265
-0.0703528
-0.0705733
-0.0707999
-0.0710241
-0.0712392
-0.0714654
-0.0716858
-0.0719038
-0.0721195
-0.0723445
-0.0725555
-0.072774
-0.0729902
-0.0732057
-0.0734188
-0.0736312
-0.0738461
-0.0740587
-0.0742738
-0.0744849
-0.0746969
-0.0748986
-0.0751123
-0.0753189
-0.0755279
-0.0757346
-0.0759375
-0.0761458
-0.0763503
-0.076554
-0.0767539
-0.0769577
-0.0771576
-0.0773614
-0.0775613
-0.0777605
-0.0779529
-0.0781491
-0.078355
-0.0785437
-0.0787435
-0.0789336
-0.0791304
-0.0793235
-0.0795113
-0.0797043
-0.0798979
-0.0800864
-0.080277
-0.0804639
-0.0806543
-0.0808339
-0.0810199
-0.0812093
-0.0813909
-0.0815731
-0.0817573
-0.0819421
-0.0821232
-0.0823022
-0.0824832
-0.0826605
-0.0828398
-0.0830156
-0.0831866
-0.0833661
-0.0835381
-0.0837147
-0.0838851
-0.0840612
-0.0842261
-0.084398
-0.0845716
-0.0847393
-0.0849061
-0.0850746
-0.085241
-0.0854066
-0.0855676
-0.0857365
-0.0858946
-0.0860581
-0.0862207
-0.08638
-0.0865385
-0.0867009
-0.0868529
-0.0870125
-0.0871664
-0.0873254
-0.0874776
-0.0876336
-0.0877853
-0.0879373
-0.0880896
-0.0882376
-0.0883859
-0.0885355
-0.0886843
-0.0888311
-0.0889782
-0.0891221
-0.0892663
-0.0894085
-0.089552
-0.0896924
-0.089831
-0.0899697
-0.0901086
-0.0902487
-0.090388
-0.0905242
-0.0906575
-0.090793
-0.0909265
-0.0910582
-0.09119
-0.0913189
-0.0914519
-0.091579
-0.0917072
-0.0918335
-0.0919628
-0.0920864
-0.092211
-0.0923328
-0.0924575
-0.0925766
-0.0926985
-0.0928213
-0.0929395
-0.0930587
-0.0931724
-0.0932888
-0.093407
-0.0935189
-0.0936361
-0.0937454
-0.093858
-0.0939698
-0.0940756
-0.0941872
-0.0942945
-0.0944017
-0.094508
-0.0946149
-0.0947178
-0.0948221
-0.0949262
-0.0950263
-0.0951262
-0.0952252
-0.0953241
-0.0954235
-0.0955212
-0.0956172
-0.0957122
-0.0958057
-0.0958974
-0.0959897
-0.0960831
-0.0961728
-0.0962609
-0.0963487
-0.0964356
-0.0965229
-0.0966085
-0.0966945
-0.0967789
-0.0968611
-0.0969411
-0.0970226
-0.0971025
-0.0971815
-0.0972608
-0.0973355
-0.0974134
-0.0974891
-0.0975628
-0.0976349
-0.0977061
-0.097778
-0.09785
-0.0979173
-0.0979858
-0.0980544
-0.0981199
-0.0981865
-0.0982516
-0.0983148
-0.0983765
-0.0984392
-0.0985004
-0.0985588
-0.098619
-0.0986759
-0.0987319
-0.0987883
-0.0988428
-0.0988976
-0.0989494
-0.0990023
-0.0990537
-0.0991027
-0.0991529
-0.099201
-0.0992475
-0.099293
-0.0993396
-0.0993838
-0.0994271
-0.0994681
-0.0995104
-0.0995504
-0.0995904
-0.0996282
-0.0996658
-0.099702
-0.0997374
-0.0997711
-0.0998052
-0.0998377
-0.0998685
-0.0998993
-0.0999289
-0.0999579
-0.0999857
-0.100012
-0.100038
-0.100063
-0.100086
-0.100109
-0.10013
-0.100151
-0.100171
-0.100189
-0.100207
-0.100224
-0.10024
-0.100254
-0.100269
-0.100282
-0.100293
-0.100304
-0.100314
-0.100323
-0.100331
-0.100338
-0.100344
-0.100349
-0.100353
-0.100356
-0.100358
-0.100359
-0.100359
-0.100358
-0.100356
-0.100353
-0.10035
-0.100345
-0.100339
-0.100332
-0.100324
-0.100315
-0.100305
-0.100295
-0.100283
-0.100271
-0.100257
-0.100242
-0.100226
-0.10021
-0.100192
-0.100174
-0.100154
-0.100133
-0.100112
-0.10009
-0.100066
-0.100041
-0.100016
-0.0999893
-0.0999622
-0.0999335
-0.0999043
-0.0998739
-0.0998418
-0.0998099
-0.0997766
-0.0997422
-0.0997064
-0.0996704
-0.0996328
-0.0995951
-0.0995556
-0.0995157
-0.0994745
-0.0994323
-0.0993895
-0.0993451
-0.0993003
-0.0992539
-0.0992079
-0.0991588
-0.0991095
-0.0990607
-0.0990101
-0.0989582
-0.098905
-0.098852
-0.0987955
-0.0987414
-0.0986842
-0.098627
-0.0985683
-0.0985077
-0.0984471
-0.0983865
-0.0983229
-0.0982604
-0.0981959
-0.0981305
-0.0980641
-0.0979946
-0.0979268
-0.097858
-0.0977883
-0.0977182
-0.0976466
-0.0975718
-0.0974988
-0.0974238
-0.0973489
-0.0972696
-0.0971917
-0.0971147
-0.0970348
-0.0969528
-0.0968736
-0.0967903
-0.0967067
-0.0966202
-0.0965353
-0.0964502
-0.0963621
-0.0962758
-0.0961858
-0.0960942
-0.0960044
-0.095913
-0.0958171
-0.095726
-0.0956281
-0.0955351
-0.0954376
-0.0953383
-0.0952411
-0.09514
-0.0950394
-0.0949379
-0.0948362
-0.0947336
-0.0946318
-0.0945233
-0.0944196
-0.0943101
-0.0942054
-0.094094
-0.0939833
-0.0938725
-0.0937616
-0.0936482
-0.0935372
-0.0934228
-0.0933048
-0.0931902
-0.0930721
-0.0929549
-0.0928359
-0.092715
-0.092597
-0.0924762
-0.0923526
-0.092229
-0.0921026
-0.0919801
-0.0918529
-0.0917257
-0.0915996
-0.0914687
-0.0913378
-0.091206
-0.0910784
-0.0909418
-0.0908093
-0.090677
-0.0905397
-0.0904078
-0.0902697
-0.090134
-0.0899941
-0.0898513
-0.0897107
-0.0895704
-0.089427
-0.0892838
-0.0891408
-0.0889992
-0.0888535
-0.0887034
-0.088557
-0.0884097
-0.0882582
-0.0881115
-0.0879593
-0.0878098
-0.087657
-0.0875011
-0.0873467
-0.0871913
-0.087034
-0.0868818
-0.0867203
-0.086564
-0.086402
-0.086244
-0.0860828
-0.0859207
-0.085759
-0.0855939
-0.0854306
-0.0852638
-0.0850988
-0.0849291
-0.0847624
-0.0845949
-0.0844214
-0.0842522
-0.0840822
-0.0839088
-0.0837372
-0.0835634
-0.0833888
-0.0832161
-0.0830386
-0.0828602
-0.0826823
-0.0825023
-0.0823297
-0.0821481
-0.081967
-0.0817865
-0.0816025
-0.0814204
-0.0812361
-0.0810511
-0.0808652
-0.0806728
-0.0804911
-0.0803043
-0.0801153
-0.0799226
-0.0797335
-0.0795421
-0.0793514
-0.079157
-0.0789633
-0.0787703
-0.078572
-0.0783775
-0.0781822
-0.0779831
-0.0777863
-0.0775888
-0.0773904
-0.0771868
-0.0769885
-0.0767802
-0.0765773
-0.0763783
-0.0761708
-0.0759704
-0.0757598
-0.075558
-0.0753459
-0.0751425
-0.0749337
-0.0747193
-0.0745139
-0.0742996
-0.0740879
-0.0738819
-0.0736687
-0.0734482
-0.0732401
-0.0730215
-0.0728021
-0.0725903
-0.0723744
-0.0721512
-0.0719373
-0.0717177
-0.0714974
-0.071273
-0.071053
-0.0708305
-0.0706074
-0.0703853
-0.0701557
-0.0699374
-0.0697046
-0.0694849
-0.0692595
-0.0690315
-0.068796
-0.0685737
-0.0683438
-0.0681114
-0.0678801
-0.0676464
-0.0674156
-0.0671841
-0.0669484
-0.0667139
-0.0664804
-0.0662445
-0.0660098
-0.065769
-0.0655294
-0.0652964
-0.0650536
-0.0648212
-0.0645753
-0.0643343
-0.0640982
-0.0638523
-0.0636094
-0.0633696
-0.0631199
-0.0628789
-0.0626335
-0.06238
-0.0621409
-0.0618956
-0.0616421
-0.0613994
-0.0611447
-0.0609008
-0.0606506
-0.0603998
-0.0601503
-0.0598964
-0.0596439
-0.0593888
-0.0591331
-0.0588827
-0.0586297
-0.0583743
-0.0581163
-0.0578597
-0.0575986
-0.0573428
-0.0570845
-0.0568256
-0.0565741
-0.0563082
-0.0560457
-0.0557926
-0.055527
-0.0552669
-0.0550022
-0.054743
-0.0544792
-0.0542149
-0.053944
-0.0536847
-0.0534188
-0.0531545
-0.0528794
-0.0526181
-0.0523501
-0.0520775
-0.0518147
-0.0515411
-0.051267
-0.0509986
-0.0507317
-0.0504581
-0.0501924
-0.0499199
-0.0496386
-0.0493673
-0.0490891
-0.0488252
-0.0485482
-0.0482707
-0.0479928
-0.0477165
-0.0474439
-0.0471709
-0.0468911
-0.0466087
-0.0463344
-0.0460596
-0.0457737
-0.0455001
-0.0452197
-0.0449367
-0.044649
-0.0443716
-0.0440873
-0.0438068
-0.0435303
-0.0432469
-0.042963
-0.0426722
-0.0423919
-0.0421111
-0.0418169
-0.0415309
-0.0412446
-0.0409557
-0.0406773
-0.0403919
-0.0400952
-0.0398069
-0.0395204
-0.0392357
-0.0389484
-0.0386586
-0.0383706
-0.0380711
-0.037789
-0.0374954
-0.0371992
-0.0369116
-0.0366214
-0.0363219
-0.0360287
-0.0357352
-0.0354414
-0.0351517
-0.0348594
-0.0345622
-0.034267
-0.0339737
-0.0336801
-0.0333839
-0.0330874
-0.0327928
-0.0324888
-0.0321981
-0.0318912
-0.0316045
-0.0312969
-0.0310028
-0.030706
-0.0303998
-0.0301002
-0.0298026
-0.0295092
-0.0292087
-0.0289034
-0.0286
-0.0283033
-0.027997
-0.0276975
-0.0274045
-0.0270929
-0.0267994
-0.0264919
-0.0261887
-0.0258852
-0.0255838
-0.0252729
-0.024978
-0.0246665
-0.0243665
-0.0240639
-0.0237588
-0.0234441
-0.0231501
-0.0228419
-0.0225335
-0.0222319
-0.0219254
-0.0216187
-0.0213095
-0.0210024
-0.0206997
-0.0203852
-0.0200774
-0.0197766
-0.0194638
-0.0191578
-0.0188517
-0.018543
-0.0182271
-0.0179181
-0.0176089
-0.0173043
-0.01699
-0.0166898
-0.0163799
-0.0160628
-0.0157574
-0.0154447
-0.0151366
-0.0148307
-0.0145128
-0.0142067
-0.0138957
-0.0135821
-0.0132732
-0.0129594
-0.0126455
-0.0123386
-0.0120292
-0.011722
-0.0114029
-0.0110908
-0.0107785
-0.0104662
-0.0101514
-0.00984604
-0.00953342
-0.00921832
-0.00890792
-0.00859504
-0.00827491
-0.00796187
-0.00765832
-0.00733557
-0.00703188
-0.00671138
-0.006398
-0.00608695
-0.00577824
-0.0054599
-0.0051463
-0.00483743
-0.00451895
-0.0042148
-0.00389144
-0.00358482
-0.00327338
-0.00295951
-0.00264083
-0.0023341
-0.00201058
-0.00169663
-0.00138027
-0.00107109
-0.000759502
-0.000440722
-0.000136323
0.000184851
0.000494037
0.000812801
0.00112676
0.00143591
0.00174984
0.00206614
0.00237763
0.00269388
0.00300051
0.00332389
0.00363285
0.00394417
0.00425545
0.00456669
0.00488266
0.00519619
0.00551206
0.00582308
0.00613405
0.00645212
0.00676534
0.00707372
0.0073868
0.00770219
0.00801511
0.00832557
0.00864071
0.00895577
0.00926357
0.00957605
0.00988605
0.0102055
0.0105129
0.010825
0.0111298
0.0114416
0.0117581
0.0120721
0.0123836
0.012695
0.0130062
0.0133102
0.0136259
0.0139344
0.0142522
0.014558
0.0148684
0.0151763
0.0154864
0.0157963
0.0161037
0.0164181
0.0167275
0.0170344
0.0173412
0.0176525
0.0179565
0.0182651
0.0185759
0.0188864
0.0191945
0.0195023
0.0198029
0.0201127
0.0204246
0.0207316
0.0210408
0.021338
0.0216468
0.0219506
0.0222636
0.0225623
0.0228655
0.0231708
0.0234782
0.0237876
0.0240852
0.0243942
0.024696
0.0249952
0.0252988
0.0256091
0.0259122
0.0262081
0.026513
0.0268153
0.0271127
0.0274145
0.0277183
0.0280195
0.0283181
0.0286211
0.0289283
0.0292169
0.029519
0.0298254
0.0301177
0.0304143
0.030722
0.031018
0.0313069
0.0316137
0.031902
0.0322035
0.0324934
0.0327989
0.0330904
0.0333929
0.0336793
0.0339789
0.0342736
0.0345658
0.0348643
0.035158
0.0354513
0.0357398
0.0360258
0.0363225
0.03661
0.0369104
0.0372016
0.0374902
0.0377762
0.0380685
0.0383626
0.0386431
0.0389364
0.0392249
0.0395131
0.0398008
0.0400882
0.0403708
0.0406551
0.0409457
0.0412292
0.0415124
0.0417952
0.0420797
0.0423681
0.0426475
0.0429393
0.04322
0.0435045
0.0437843
0.0440637
0.0443448
0.044619
0.0449078
0.0451875
0.0454647
0.0457436
0.0460198
0.0462957
0.046571
0.046846
0.0471331
0.0474028
0.0476806
0.0479494
0.0482241
0.0485004
0.0487783
0.0490515
0.0493159
0.0495923
0.0498662
0.0501354
0.0504103
0.0506785
0.0509503
0.0512154
0.0514801
0.0517483
0.052014
0.0522812
0.052552
0.0528222
0.0530798
0.053351
0.0536075
0.0538756
0.0541351
0.0543981
0.0546666
0.0549225
0.0551918
0.0554506
0.0557069
0.0559627
0.0562258
0.0564884
0.0567425
0.0569999
0.0572588
0.0575152
0.0577651
0.0580203
0.0582749
0.0585329
0.0587863
0.0590334
0.0592935
0.0595452
0.0597886
0.0600411
0.0602929
0.0605442
0.0607872
0.0610373
0.061281
0.0615317
0.0617818
0.06202
0.0622651
0.0625133
0.0627516
0.0629967
0.063243
0.063485
0.0637245
0.0639615
0.0642053
0.0644411
0.0646818
0.0649199
0.0651575
0.065398
0.065627
0.0658644
0.0661011
0.0663354
0.0665672
0.066802
0.0670308
0.0672624
0.0674987
0.0677237
0.0679516
0.0681823
0.0684071
0.0686417
0.0688617
0.0690914
0.0693204
0.0695418
0.0697677
0.0699895
0.0702157
0.0704361
0.0706542
0.0708766
0.0710915
0.0713159
0.0715345
0.0717524
0.0719662
0.0721827
0.0724018
0.0726102
0.0728311
0.0730398
0.0732511
0.0734649
0.0736763
0.073887
0.0740938
0.0743062
0.0745147
0.074724
0.0749342
0.0751389
0.0753382
0.0755445
0.0757548
0.0759488
0.0761575
0.0763593
0.0765557
0.0767606
0.0769585
0.0771588
0.0773568
0.0775525
0.0777474
0.0779476
0.0781395
0.0783307
0.0785226
0.0787152
0.0789099
0.0790995
0.0792912
0.0794777
0.0796707
0.0798557
0.0800414
0.0802362
0.0804175
0.0805979
0.0807805
0.0809692
0.0811431
0.0813247
0.0815109
0.0816867
0.0818699
0.0820481
0.0822229
0.0823996
0.0825741
0.0827531
0.0829273
0.0830993
0.0832666
0.0834436
0.0836106
0.083782
0.0839513
0.0841184
0.0842848
0.0844528
0.0846225
0.0847801
0.0849481
0.0851115
0.0852741
0.0854333
0.0855979
0.0857555
0.0859147
0.0860754
0.0862281
0.0863872
0.0865453
0.0866979
0.0868508
0.0870075
0.0871552
0.0873101
0.0874573
0.0876105
0.0877582
0.0879051
0.0880489
0.0882008
0.0883428
0.0884885
0.0886299
0.0887738
0.0889136
0.0890546
0.0891958
0.0893383
0.0894735
0.089612
0.0897466
0.0898864
0.0900202
0.0901521
0.0902852
0.0904183
0.0905476
0.090678
0.0908064
0.090935
0.0910666
0.0911934
0.0913154
0.0914413
0.0915673
0.0916895
0.0918108
0.091933
0.0920535
0.0921721
0.0922916
0.0924084
0.0925243
0.0926393
0.0927542
0.09287
0.0929831
0.0930945
0.0932066
0.0933161
0.0934247
0.0935324
0.09364
0.0937491
0.093854
0.0939572
0.0940611
0.094164
0.094266
0.0943687
0.0944665
0.094565
0.0946663
0.0947629
0.0948593
0.0949547
0.0950492
0.0951421
0.0952326
0.0953251
0.0954158
0.0955063
0.0955959
0.0956838
0.0957708
0.0958575
0.0959419
0.096026
0.0961092
0.096189
0.0962721
0.0963512
0.0964306
0.0965097
0.096586
0.0966631
0.0967387
0.0968144
0.0968875
0.0969602
0.0970325
0.0971011
0.0971709
0.0972398
0.0973077
0.0973741
0.0974406
0.0975066
0.0975716
0.0976328
0.0976963
0.097757
0.0978158
0.0978764
0.097935
0.0979906
0.0980469
0.0981031
0.0981562
0.0982108
0.0982629
0.0983143
0.0983648
0.0984139
0.0984621
0.0985104
0.0985567
0.0986019
0.0986466
0.0986899
0.0987343
0.0987744
0.0988164
0.0988558
0.0988934
0.0989312
0.0989681
0.099004
0.0990399
0.0990735
0.0991062
0.0991383
0.0991684
0.0991986
0.0992276
0.0992558
0.0992833
0.0993087
0.0993338
0.0993577
0.099381
0.0994029
0.0994247
0.0994443
0.0994636
0.0994816
0.0994989
0.0995153
0.0995303
0.0995445
0.0995581
0.0995701
0.0995814
0.0995919
0.099601
0.0996095
0.0996169
0.0996232
0.0996286
0.0996329
0.0996364
0.0996388
0.0996403
0.0996408
0.0996403
0.0996387
0.0996363
0.0996329
0.0996284
0.099623
0.0996165
0.099609
0.0996008
0.0995913
0.0995809
0.0995699
0.0995572
0.0995439
0.0995297
0.0995145
0.0994985
0.099481
0.0994624
0.0994437
0.0994236
0.099402
0.0993805
0.0993572
0.0993327
0.0993075
0.0992818
0.0992548
0.0992263
0.0991979
0.0991672
0.0991371
0.0991042
0.099072
0.0990373
0.0990029
0.0989667
0.0989304
0.0988919
0.0988534
0.0988133
0.0987734
0.0987314
0.0986889
0.0986442
0.0986006
0.0985553
0.0985079
0.0984596
0.0984113
0.0983621
0.0983116
0.0982609
0.0982084
0.0981554
0.0980997
0.0980443
0.0979884
0.0979302
0.0978728
0.0978149
0.0977528
0.0976916
0.0976299
0.0975668
0.0975047
0.0974381
0.0973726
0.0973046
0.0972377
0.0971688
0.0970995
0.0970292
0.0969563
0.0968836
0.0968104
0.0967364
0.0966613
0.0965824
0.0965055
0.096427
0.0963488
0.096269
0.0961871
0.0961048
0.0960222
0.0959367
0.0958529
0.0957662
0.0956812
0.0955905
0.0955036
0.0954124
0.0953216
0.0952319
0.0951385
0.0950449
0.0949504
0.0948556
0.0947577
0.0946588
0.0945642
0.0944627
0.0943625
0.0942622
0.0941617
0.0940563
0.0939516
0.09385
0.0937426
0.0936367
0.0935291
0.0934222
0.0933102
0.093199
0.093091
0.092978
0.0928648
0.092749
0.092634
0.0925198
0.092403
0.0922871
0.0921657
0.0920452
0.0919257
0.0918071
0.0916829
0.0915616
0.0914356
0.0913115
0.0911856
0.0910579
0.0909341
0.0908015
0.090671
0.0905426
0.0904143
0.0902781
0.0901491
0.090011
0.0898771
0.0897403
0.0896047
0.0894693
0.0893298
0.0891894
0.0890503
0.0889082
0.0887673
0.0886278
0.0884797
0.0883406
0.0881907
0.0880467
0.0878995
0.0877525
0.0876036
0.0874516
0.087302
0.0871494
0.0869993
0.0868472
0.0866931
0.0865358
0.0863812
0.0862257
0.0860658
0.0859098
0.0857482
0.0855918
0.0854309
0.0852654
0.0851028
0.0849406
0.0847775
0.0846099
0.084449
0.0842809
0.0841133
0.0839448
0.0837743
0.0836041
0.0834345
0.0832627
0.0830914
0.082918
0.0827438
0.0825687
0.0823955
0.0822148
0.0820414
0.081863
0.0816798
0.0814999
0.0813205
0.0811403
0.0809552
0.0807721
0.0805923
0.080409
0.0802249
0.0800314
0.07985
0.0796564
0.079472
0.0792839
0.0790893
0.0788982
0.0787122
0.0785182
0.0783248
0.0781261
0.0779327
0.0777355
0.0775405
0.0773417
0.0771452
0.0769464
0.0767468
0.0765465
0.0763454
0.0761452
0.0759426
0.0757392
0.0755398
0.075335
0.0751295
0.0749216
0.0747145
0.0745052
0.0742966
0.0740874
0.0738822
0.0736666
0.07346
0.073243
0.0730366
0.0728197
0.072607
0.0723935
0.0721761
0.0719596
0.0717407
0.0715262
0.0713025
0.0710865
0.0708715
0.0706491
0.0704226
0.0702055
0.0699776
0.0697558
0.0695298
0.0693118
0.0690828
0.068853
0.0686278
0.0683984
0.0681753
0.0679463
0.0677132
0.0674899
0.0672536
0.0670272
0.0667913
0.0665566
0.0663229
0.0660868
0.0658518
0.065618
0.0653817
0.0651466
0.064909
0.0646727
0.0644338
0.064198
0.0639579
0.063719
0.0634758
0.0632282
0.0629911
0.0627497
0.062504
0.0622576
0.0620144
0.0617705
0.0615204
0.0612716
0.061024
0.0607758
0.0605328
0.0602815
0.0600353
0.059779
0.0595298
0.0592819
0.0590277
0.0587709
0.0585174
0.0582711
0.0580125
0.0577573
0.0575015
0.057249
0.0569842
0.0567287
0.0564726
0.056214
0.0559567
0.055695
0.0554407
0.0551699
0.0549125
0.0546586
0.0543921
0.0541311
0.0538615
0.0535974
0.0533328
0.0530737
0.052806
0.0525378
0.0522731
0.0520058
0.0517422
0.0514698
0.051199
0.0509379
0.0506661
0.0503958
0.050125
0.0498496
0.049584
0.0493055
0.0490348
0.0487616
0.048492
0.0482199
0.0479389
0.0476701
0.0473944
0.0471225
0.0468354
0.0465562
0.0462872
0.0460071
0.0457266
0.0454519
0.0451769
0.0448864
0.0446126
0.0443362
0.0440508
0.0437714
0.043483
0.0432092
0.0429221
0.0426388
0.0423529
0.0420775
0.0417908
0.0415015
0.0412183
0.0409348
0.0406486
0.0403664
0.0400729
0.0397921
0.0394955
0.0392161
0.0389276
0.0386298
0.0383493
0.0380619
0.0377696
0.0374791
0.0371861
0.0368971
0.0366011
0.0363069
0.0360191
0.0357286
0.0354401
0.0351445
0.0348418
0.0345545
0.0342646
0.0339676
0.033668
0.0333726
0.0330769
0.0327876
0.0324889
0.0321899
0.0318952
0.0315978
0.0313047
0.0310044
0.0307061
0.0304075
0.0301109
0.0298071
0.0295099
0.0292124
0.0289146
0.0286096
0.0283112
0.0280126
0.0277068
0.0274029
0.0271058
0.0268014
0.0264991
0.0262011
0.0259029
0.0255906
0.0252895
0.0249882
0.0246867
0.0243826
0.0240759
0.0237737
0.0234619
0.0231591
0.0228608
0.022546
0.0222496
0.0219343
0.0216398
0.0213263
0.0210221
0.0207152
0.0204035
0.0201033
0.0197888
0.0194859
0.0191804
0.01887
0.0185688
0.018251
0.0179471
0.0176336
0.0173247
0.0170203
0.0167181
0.0163968
0.0160943
0.0157892
0.0154769
0.0151597
0.0148565
0.0145485
0.0142356
0.0139272
0.013614
0.0132983
0.0129872
0.0126831
0.0123717
0.0120626
0.011751
0.0114321
0.0111298
0.0108059
0.0104986
0.010184
0.00987413
0.00956413
0.00925641
0.00894384
0.00862162
0.00831363
0.00800317
0.00769263
0.00737246
0.00706176
0.00675339
0.0064306
0.00612209
0.0058183
0.00550249
0.00518183
0.00487548
0.0045643
0.00424827
0.00393699
0.00362088
0.00330712
0.00299572
0.00267231
0.00236325
0.00205656
0.00173786
0.00142153
0.00111478
0.000798421
0.00048445
0.00016328
-0.000148307
-0.0004575
-0.000778676
-0.00108067
-0.00140184
-0.00171341
-0.00202256
-0.00234608
-0.00266
-0.00297149
-0.00327817
-0.00359441
-0.00390582
-0.00422198
-0.00453332
-0.00484941
-0.00516784
-0.00547905
-0.00578542
-0.00610609
-0.00642192
-0.0067353
-0.00704144
-0.0073523
-0.00766549
-0.0079786
-0.00828925
-0.00859981
-0.00891508
-0.00923026
-0.00954297
-0.00985797
-0.0101705
-0.0104829
-0.0107952
-0.0111075
-0.0114124
-0.0117244
-0.0120435
-0.0123457
-0.0126598
-0.0129737
-0.0132851
-0.0135916
-0.0139028
-0.0142209
-0.0145295
-0.0148426
-0.0151484
-0.0154636
-0.0157692
-0.016077
-0.016387
-0.0167016
-0.0170113
-0.0173208
-0.0176278
-0.0179346
-0.0182413
-0.0185477
-0.0188564
-0.0191649
-0.0194732
-0.0197813
-0.0200892
-0.0204039
-0.0207068
-0.0210141
-0.0213189
-0.0216234
-0.0219325
-0.0222436
-0.0225476
-0.0228559
-0.0231594
-0.023458
-0.0237634
-0.0240686
-0.0243735
-0.0246851
-0.0249896
-0.0252868
-0.0255931
-0.0258991
-0.0261956
-0.0265011
-0.0268017
-0.0271137
-0.0274068
-0.027709
-0.0280178
-0.0283171
-0.0286161
-0.0289195
-0.0292179
-0.0295161
-0.0298163
-0.0301162
-0.0304158
-0.0307197
-0.0310187
-0.0313197
-0.0316068
-0.0319117
-0.0322095
-0.0325024
-0.0327996
-0.0330964
-0.0333975
-0.0336846
-0.0339828
-0.034276
-0.034578
-0.0348661
-0.0351607
-0.0354638
-0.0357532
-0.0360489
-0.0363353
-0.0366236
-0.0369205
-0.0372104
-0.0375021
-0.0377912
-0.0380866
-0.0383839
-0.0386674
-0.0389617
-0.0392512
-0.0395402
-0.0398223
-0.0401084
-0.0404007
-0.0406926
-0.0409732
-0.0412665
-0.0415484
-0.0418365
-0.0421176
-0.0424027
-0.0426874
-0.0429717
-0.0432555
-0.0435368
-0.0438198
-0.0441067
-0.0443888
-0.0446619
-0.0449496
-0.0452283
-0.0455129
-0.0457907
-0.0460702
-0.0463493
-0.0466257
-0.0469017
-0.0471794
-0.0474503
-0.047727
-0.0480139
-0.0482792
-0.0485629
-0.0488357
-0.0491059
-0.0493798
-0.0496511
-0.0499282
-0.0501986
-0.0504727
-0.05074
-0.051011
-0.0512794
-0.0515555
-0.051825
-0.052094
-0.0523583
-0.0526263
-0.0528957
-0.0531626
-0.053427
-0.0536989
-0.0539622
-0.054223
-0.0544853
-0.054753
-0.0550142
-0.0552789
-0.055539
-0.0557966
-0.0560597
-0.0563162
-0.0565801
-0.0568415
-0.0570944
-0.0573586
-0.0576163
-0.0578714
-0.05813
-0.0583821
-0.0586336
-0.0588963
-0.0591467
-0.0594043
-0.0596554
-0.0599022
-0.060158
-0.0604094
-0.0606563
-0.0609084
-0.0611599
-0.061407
-0.0616554
-0.0618994
-0.0621541
-0.062395
-0.0626466
-0.0628882
-0.0631329
-0.063377
-0.0636168
-0.0638597
-0.0641056
-0.0643417
-0.0645882
-0.0648212
-0.0650664
-0.0653018
-0.0655385
-0.0657763
-0.0660134
-0.0662536
-0.066493
-0.0667264
-0.0669538
-0.067193
-0.0674263
-0.0676571
-0.0678855
-0.0681167
-0.0683561
-0.068579
-0.0688082
-0.0690385
-0.0692629
-0.0694936
-0.0697201
-0.0699425
-0.0701677
-0.0703956
-0.0706194
-0.0708424
-0.0710597
-0.0712865
-0.0715008
-0.0717244
-0.0719407
-0.0721596
-0.0723811
-0.0726019
-0.0728153
-0.073033
-0.0732434
-0.0734597
-0.0736736
-0.07389
-0.0740976
-0.0743093
-0.0745235
-0.074729
-0.0749369
-0.0751489
-0.0753585
-0.0755611
-0.0757724
-0.0759783
-0.0761849
-0.076383
-0.0765882
-0.0767941
-0.0769962
-0.0771944
-0.077392
-0.0775964
-0.0777969
-0.0779907
-0.0781912
-0.0783835
-0.0785795
-0.0787762
-0.0789737
-0.0791658
-0.0793543
-0.0795509
-0.0797437
-0.0799313
-0.0801211
-0.080313
-0.0804968
-0.0806843
-0.0808737
-0.0810581
-0.0812446
-0.0814246
-0.0816094
-0.0817935
-0.0819712
-0.082155
-0.0823311
-0.0825119
-0.0826946
-0.0828683
-0.083048
-0.0832242
-0.0833928
-0.0835727
-0.0837425
-0.0839154
-0.084094
-0.0842613
-0.0844318
-0.0845988
-0.0847663
-0.0849393
-0.0851026
-0.0852702
-0.0854369
-0.0855989
-0.0857639
-0.0859256
-0.0860889
-0.0862502
-0.0864118
-0.0865713
-0.0867287
-0.0868866
-0.0870435
-0.0871997
-0.0873549
-0.0875093
-0.0876629
-0.0878156
-0.0879674
-0.0881184
-0.0882685
-0.0884143
-0.0885615
-0.0887124
-0.0888546
-0.0890026
-0.0891464
-0.0892915
-0.0894357
-0.089578
-0.0897161
-0.0898598
-0.0899952
-0.0901382
-0.090275
-0.090413
-0.0905491
-0.0906832
-0.0908144
-0.0909519
-0.0910804
-0.091212
-0.0913438
-0.0914716
-0.0916026
-0.0917316
-0.0918577
-0.0919849
-0.0921065
-0.0922328
-0.0923591
-0.0924771
-0.0925997
-0.0927215
-0.0928423
-0.0929586
-0.0930766
-0.0931947
-0.0933109
-0.0934263
-0.0935424
-0.0936551
-0.0937668
-0.0938767
-0.0939908
-0.0940973
-0.0942095
-0.094315
-0.094422
-0.0945282
-0.0946333
-0.094736
-0.0948394
-0.0949426
-0.0950463
-0.0951446
-0.0952434
-0.0953436
-0.095442
-0.0955374
-0.0956325
-0.0957267
-0.0958207
-0.0959165
-0.0960065
-0.0960977
-0.0961879
-0.0962778
-0.0963668
-0.0964548
-0.0965386
-0.0966254
-0.0967099
-0.0967916
-0.0968761
-0.0969578
-0.0970373
-0.0971183
-0.0971959
-0.0972738
-0.0973495
-0.0974261
-0.0975005
-0.0975746
-0.0976493
-0.0977204
-0.097791
-0.0978618
-0.0979305
-0.0979983
-0.0980677
-0.0981335
-0.0981984
-0.0982624
-0.0983263
-0.0983883
-0.0984494
-0.09851
-0.098571
-0.0986287
-0.098686
-0.0987431
-0.098798
-0.0988532
-0.098907
-0.098959
-0.0990109
-0.0990618
-0.0991121
-0.0991607
-0.0992094
-0.0992567
-0.0993024
-0.0993478
-0.0993905
-0.0994339
-0.0994767
-0.0995182
-0.0995571
-0.0995972
-0.0996348
-0.0996718
-0.0997077
-0.0997433
-0.0997776
-0.0998107
-0.0998438
-0.0998749
-0.0999055
-0.099934
-0.0999635
-0.0999905
-0.100017
-0.100042
-0.100067
-0.10009
-0.100113
-0.100134
-0.100154
-0.100175
-0.100193
-0.10021
-0.100227
-0.100242
-0.100257
-0.100271
-0.100284
-0.100295
-0.100306
-0.100316
-0.100324
-0.100332
-0.100339
-0.100345
-0.10035
-0.100354
-0.100356
-0.100358
-0.100359
-0.100359
-0.100358
-0.100356
-0.100353
-0.100349
-0.100344
-0.100338
-0.100331
-0.100323
-0.100314
-0.100304
-0.100293
-0.100281
-0.100268
-0.100254
-0.100239
-0.100224
-0.100207
-0.100189
-0.10017
-0.10015
-0.10013
-0.100108
-0.100085
-0.100061
-0.100036
-0.100011
-0.0999841
-0.0999562
-0.0999278
-0.0998982
-0.0998675
-0.0998367
-0.0998034
-0.0997706
-0.0997353
-0.0997009
-0.0996644
-0.099627
-0.0995883
-0.0995495
-0.0995076
-0.0994671
-0.0994251
-0.0993818
-0.0993379
-0.099292
-0.0992464
-0.0991989
-0.0991499
-0.0991011
-0.0990506
-0.0990007
-0.0989482
-0.0988956
-0.0988412
-0.0987857
-0.0987315
-0.0986728
-0.0986163
-0.0985574
-0.0984971
-0.0984354
-0.0983755
-0.0983123
-0.0982472
-0.0981845
-0.0981189
-0.0980523
-0.0979843
-0.0979158
-0.0978458
-0.0977764
-0.0977056
-0.097631
-0.0975594
-0.0974851
-0.0974099
-0.0973343
-0.0972566
-0.0971779
-0.0970989
-0.0970207
-0.0969386
-0.096856
-0.0967732
-0.0966894
-0.0966066
-0.0965215
-0.0964343
-0.096346
-0.0962568
-0.0961666
-0.096079
-0.0959876
-0.0958953
-0.0957999
-0.0957079
-0.0956135
-0.0955167
-0.095419
-0.0953211
-0.0952222
-0.0951239
-0.0950232
-0.0949215
-0.0948181
-0.0947162
-0.0946109
-0.0945048
-0.0943976
-0.0942895
-0.094183
-0.0940756
-0.0939656
-0.0938546
-0.0937436
-0.0936283
-0.0935172
-0.0934026
-0.0932853
-0.0931697
-0.0930524
-0.0929341
-0.092814
-0.0926957
-0.092572
-0.0924538
-0.09233
-0.0922053
-0.0920807
-0.0919561
-0.0918277
-0.0917043
-0.0915761
-0.091445
-0.0913149
-0.091183
-0.0910522
-0.0909204
-0.0907868
-0.0906513
-0.0905159
-0.0903796
-0.0902414
-0.0901054
-0.0899665
-0.0898277
-0.089686
-0.0895433
-0.0894052
-0.0892575
-0.0891166
-0.0889726
-0.0888267
-0.0886787
-0.0885321
-0.0883847
-0.088233
-0.0880816
-0.087935
-0.0877772
-0.0876255
-0.0874705
-0.0873206
-0.0871628
-0.0870077
-0.0868493
-0.0866925
-0.086536
-0.0863763
-0.0862145
-0.0860507
-0.0858921
-0.0857265
-0.0855601
-0.0854016
-0.0852322
-0.0850644
-0.0849022
-0.0847328
-0.0845639
-0.0843915
