90.512   1.08988 -0.160973   0.22522
90.513   1.08988 -0.160973   0.22522
90.514   1.08988 -0.160973   0.22522
90.5155   1.08988 -0.160973   0.22522
90.5165   1.08988 -0.160973   0.22522
90.5175   1.08988 -0.160973   0.22522
90.519   1.08988 -0.160973   0.22522
90.52   1.08988 -0.160973   0.22522
90.5215   1.08988 -0.160973   0.22522
90.5225   1.08988 -0.160973   0.22522
90.524   1.08988 -0.160973   0.22522
90.525   1.08988 -0.160973   0.22522
90.5265   1.08988 -0.160973   0.22522
90.5275   1.08988 -0.160973   0.22522
90.529   1.08988 -0.160973   0.22522
90.53   1.08988 -0.160973   0.22522
90.5315   1.08988 -0.160973   0.22522
90.5325   1.08988 -0.160973   0.22522
90.534   1.08988 -0.160973   0.22522
90.535   1.08988 -0.160973   0.22522
90.5365   1.08988 -0.160973   0.22522
90.538   1.08988 -0.160973   0.22522
90.5395   1.08988 -0.160973   0.22522
90.541   1.08988 -0.160973   0.22522
90.542   1.08988 -0.160973   0.22522
90.5435   1.08988 -0.160973   0.22522
90.5445   1.08988 -0.160973   0.22522
90.546   1.08988 -0.160973   0.22522
90.547   1.08988 -0.160973   0.22522
90.5485   1.08988 -0.160973   0.22522
90.55   1.08988 -0.160973   0.22522
90.5515   1.08988 -0.160973   0.22522
90.553   1.08988 -0.160973   0.22522
90.554   1.08988 -0.160973   0.22522
90.5555   1.08988 -0.160973   0.22522
90.5564   1.08988 -0.160973   0.22522
90.558   1.08988 -0.160973   0.22522
90.5589   1.08988 -0.160973   0.22522
90.5604   1.08988 -0.160973   0.22522
90.5614   1.08988 -0.160973   0.22522
90.5629   1.08988 -0.160973   0.22522
90.5639   1.08988 -0.160973   0.22522
90.5654   1.08988 -0.160973   0.22522
90.5669   1.08988 -0.160973   0.22522
90.5679   1.08988 -0.160973   0.22522
90.5694   1.08988 -0.160973   0.22522
90.5704   1.08988 -0.160973   0.22522
90.5719   1.08988 -0.160973   0.22522
90.5729   1.08988 -0.160973   0.22522
90.5744   1.08988 -0.160973   0.22522
90.5754   1.08988 -0.160973   0.22522
90.5769   1.08988 -0.160973   0.22522
90.5784   1.08988 -0.160973   0.22522
90.5799   1.08988 -0.160973   0.22522
90.5814   1.08988 -0.160973   0.22522
90.5829   1.08988 -0.160973   0.22522
90.5839   1.08988 -0.160973   0.22522
90.5854   1.08988 -0.160973   0.22522
90.5864   1.08988 -0.160973   0.22522
90.5879   1.08988 -0.160973   0.22522
90.5894   1.08988 -0.160973  0.225221
90.5904   1.08988 -0.160973  0.225221
90.5919   1.08988 -0.160973  0.225221
90.5929   1.08988 -0.160973  0.225221
90.5944   1.08988 -0.160973  0.225221
90.5954   1.08988 -0.160973  0.225221
90.5969   1.08988 -0.160973  0.225221
90.5979   1.08988 -0.160973  0.225221
90.5994   1.08988 -0.160973  0.225221
90.6004   1.08988 -0.160973  0.225221
90.6019   1.08988 -0.160973  0.225221
90.6034   1.08988 -0.160973  0.225221
90.6049   1.08988 -0.160973  0.225221
90.6059   1.08988 -0.160973  0.225221
90.6074   1.08988 -0.160973  0.225221
90.6084   1.08988 -0.160973  0.225221
90.6094   1.08988 -0.160973  0.225221
90.6109   1.08988 -0.160973  0.225221
90.6119   1.08988 -0.160973  0.225221
90.6134   1.08988 -0.160973  0.225221
90.6144   1.08988 -0.160973  0.225221
90.6154   1.08988 -0.160973  0.225221
90.6169   1.08988 -0.160973  0.225221
90.6179   1.08988 -0.160973  0.225221
90.6194   1.08988 -0.160973  0.225221
90.6204   1.08988 -0.160973  0.225221
90.6219   1.08988 -0.160973  0.225221
90.6234   1.08988 -0.160973  0.225221
90.6244   1.08988 -0.160973  0.225221
90.6254   1.08988 -0.160973  0.225221
90.6269   1.08988 -0.160973  0.225221
90.6278   1.08988 -0.160973  0.225221
90.6294   1.08988 -0.160973  0.225221
90.6303   1.08988 -0.160973  0.225221
90.6318   1.08988 -0.160973  0.225221
90.6329   1.08988 -0.160973  0.225221
90.6339   1.08988 -0.160973  0.225221
90.6353   1.08988 -0.160973  0.225221
90.6363   1.08988 -0.160973  0.225221
90.6378   1.08988 -0.160973  0.225221
90.6388   1.08988 -0.160973  0.225221
90.6403   1.08988 -0.160973  0.225221
90.6413   1.08988 -0.160973  0.225221
90.6428   1.08988 -0.160973  0.225221
90.6443   1.08988 -0.160973  0.225221
90.6453   1.08988 -0.160973  0.225221
90.6468   1.08988 -0.160973  0.225221
90.6478   1.08988 -0.160973  0.225221
90.6488   1.08988 -0.160973  0.225221
90.6503   1.08988 -0.160973  0.225221
90.6513   1.08988 -0.160973  0.225221
90.6523   1.08988 -0.160973  0.225221
90.6538   1.08988 -0.160973  0.225221
90.6548   1.08988 -0.160973  0.225221
90.6558   1.08988 -0.160973  0.225221
90.6573   1.08988 -0.160973  0.225221
90.6583   1.08988 -0.160973  0.225221
90.6598   1.08988 -0.160973  0.225221
90.6608   1.08988 -0.160973  0.225221
90.6618   1.08988 -0.160973  0.225221
90.6633   1.08988 -0.160973  0.225221
90.6643   1.08988 -0.160973  0.225221
90.6653   1.08988 -0.160973  0.225221
90.6668   1.08988 -0.160973  0.225221
90.6678   1.08988 -0.160973  0.225221
90.6693   1.08988 -0.160973  0.225221
90.6703   1.08988 -0.160973  0.225221
90.6713   1.08988 -0.160973  0.225221
90.6728   1.08988 -0.160973  0.225221
90.6738   1.08988 -0.160973  0.225221
90.6753   1.08988 -0.160973  0.225221
90.6763   1.08988 -0.160973  0.225221
90.6778   1.08988 -0.160973  0.225221
90.6788   1.08988 -0.160973  0.225221
90.6798   1.08988 -0.160973  0.225221
90.6813   1.08988 -0.160973  0.225221
90.6823   1.08988 -0.160973  0.225221
90.6838   1.08988 -0.160973  0.225221
90.6848   1.08988 -0.160973  0.225221
90.6863   1.08988 -0.160973  0.225221
90.6873   1.08988 -0.160973  0.225221
90.6888   1.08988 -0.160973  0.225221
90.6898   1.08988 -0.160973  0.225221
90.6913   1.08988 -0.160973  0.225221
90.6923   1.08988 -0.160973  0.225221
90.6933   1.08988 -0.160973  0.225221
90.6948   1.08988 -0.160973  0.225221
90.6957   1.08988 -0.160973  0.225221
90.6968   1.08988 -0.160973  0.225221
90.6983   1.08988 -0.160973  0.225221
90.6992   1.08988 -0.160973  0.225221
90.7007   1.08988 -0.160973  0.225221
90.7017   1.08988 -0.160973  0.225221
90.7032   1.08988 -0.160973  0.225221
90.7042   1.08988 -0.160973  0.225221
90.7057   1.08988 -0.160973  0.225221
90.7067   1.08988 -0.160973  0.225221
90.7082   1.08988 -0.160973  0.225221
90.7092   1.08988 -0.160973  0.225221
90.7107   1.08988 -0.160973  0.225221
90.7117   1.08988 -0.160973  0.225221
90.7127   1.08988 -0.160973  0.225221
90.7142   1.08988 -0.160973  0.225221
90.7152   1.08988 -0.160973  0.225221
90.7162   1.08988 -0.160973  0.225221
90.7177   1.08988 -0.160973  0.225221
90.7187   1.08988 -0.160973  0.225221
90.7197   1.08988 -0.160973  0.225221
90.7212   1.08988 -0.160973  0.225221
90.7222   1.08988 -0.160973  0.225221
90.7232   1.08988 -0.160973  0.225221
90.7247   1.08988 -0.160973  0.225221
90.7257   1.08988 -0.160973  0.225221
90.7267   1.08988 -0.160973  0.225221
90.7282   1.08988 -0.160973  0.225221
90.7292   1.08988 -0.160973  0.225221
90.7302   1.08988 -0.160973  0.225221
90.7317   1.08988 -0.160973  0.225221
90.7327   1.08988 -0.160973  0.225221
90.7337   1.08988 -0.160973  0.225221
90.7352   1.08988 -0.160973  0.225221
90.7362   1.08988 -0.160973  0.225221
90.7372   1.08988 -0.160973  0.225221
90.7387   1.08988 -0.160973  0.225221
90.7397   1.08988 -0.160973  0.225221
90.7407   1.08988 -0.160973  0.225221
90.7422   1.08988 -0.160973  0.225221
90.7432   1.08988 -0.160973  0.225221
90.7442   1.08988 -0.160973  0.225221
90.7452   1.08988 -0.160973  0.225221
90.7467   1.08988 -0.160973  0.225221
90.7477   1.08988 -0.160973  0.225221
90.7487   1.08988 -0.160973  0.225221
90.7502   1.08988 -0.160973  0.225221
90.7512   1.08988 -0.160973  0.225221
90.7522   1.08988 -0.160973  0.225221
90.7537   1.08988 -0.160973  0.225221
90.7547   1.08988 -0.160973  0.225221
90.7557   1.08988 -0.160973  0.225221
90.7572   1.08988 -0.160973  0.225221
90.7582   1.08988 -0.160973  0.225221
90.7592   1.08988 -0.160973  0.225221
90.7607   1.08988 -0.160973  0.225221
90.7617   1.08988 -0.160973  0.225221
90.7627   1.08988 -0.160973  0.225221
90.7642   1.08988 -0.160973  0.225221
90.7652   1.08988 -0.160973  0.225221
90.7667   1.08988 -0.160973  0.225221
90.7676   1.08988 -0.160973  0.225221
90.7687   1.08988 -0.160973  0.225221
90.7702   1.08988 -0.160973  0.225221
90.7712   1.08988 -0.160973  0.225221
90.7726   1.08988 -0.160973  0.225221
90.7736   1.08988 -0.160973  0.225221
90.7751   1.08988 -0.160973  0.225221
90.7761   1.08988 -0.160973  0.225221
90.7771   1.08988 -0.160973  0.225221
90.7786   1.08988 -0.160973  0.225221
90.7796   1.08988 -0.160973  0.225221
90.7806   1.08988 -0.160973  0.225221
90.7821   1.08988 -0.160973  0.225221
90.7831   1.08988 -0.160973  0.225221
90.7841   1.08988 -0.160973  0.225221
90.7856   1.08988 -0.160973  0.225221
90.7866   1.08988 -0.160973  0.225221
90.7876   1.08988 -0.160973  0.225221
90.7891   1.08988 -0.160973  0.225221
90.7901   1.08988 -0.160973  0.225221
90.7911   1.08988 -0.160973  0.225221
90.7926   1.08988 -0.160973  0.225221
90.7936   1.08988 -0.160973  0.225221
90.7946   1.08988 -0.160973  0.225221
90.7961   1.08988 -0.160973  0.225221
90.7971   1.08988 -0.160973  0.225221
90.7981   1.08988 -0.160973  0.225221
90.7996   1.08988 -0.160973  0.225221
90.8006   1.08988 -0.160973  0.225221
90.8016   1.08988 -0.160973  0.225221
90.8031   1.08988 -0.160973  0.225221
90.8041   1.08988 -0.160973  0.225221
90.8051   1.08988 -0.160973  0.225221
90.8066   1.08988 -0.160973  0.225221
90.8076   1.08988 -0.160973  0.225221
90.8086   1.08988 -0.160973  0.225221
90.8101   1.08988 -0.160973  0.225221
90.8111   1.08988 -0.160973  0.225221
90.8121   1.08988 -0.160973  0.225221
90.8136   1.08988 -0.160973  0.225221
90.8146   1.08988 -0.160973  0.225221
90.8156   1.08988 -0.160973  0.225221
90.8171   1.08988 -0.160973  0.225221
90.8181   1.08988 -0.160973  0.225221
90.8191   1.08988 -0.160973  0.225221
90.8206   1.08988 -0.160973  0.225221
90.8216   1.08988 -0.160973  0.225221
90.8226   1.08988 -0.160973  0.225221
90.8241   1.08988 -0.160973  0.225221
90.8251   1.08988 -0.160973  0.225221
90.8261   1.08988 -0.160973  0.225221
90.8276   1.08988 -0.160973  0.225221
90.8286   1.08988 -0.160973  0.225221
90.8296   1.08988 -0.160973  0.225221
90.8311   1.08988 -0.160973  0.225221
90.8321   1.08988 -0.160973  0.225221
90.8336   1.08988 -0.160973  0.225221
90.8345   1.08988 -0.160973  0.225221
90.836   1.08988 -0.160973  0.225221
90.8371   1.08988 -0.160973  0.225221
90.8385   1.08988 -0.160973  0.225221
90.8396   1.08988 -0.160973  0.225221
90.8405   1.08988 -0.160973  0.225221
90.842   1.08988 -0.160973  0.225221
90.843   1.08988 -0.160973  0.225221
90.8445   1.08988 -0.160973  0.225221
90.8455   1.08988 -0.160973  0.225221
90.8465   1.08988 -0.160973  0.225221
90.848   1.08988 -0.160973  0.225221
90.849   1.08988 -0.160973  0.225221
90.8505   1.08988 -0.160973  0.225221
90.8515   1.08988 -0.160973  0.225221
90.853   1.08988 -0.160973  0.225221
90.854   1.08988 -0.160973  0.225221
90.855   1.08988 -0.160973  0.225221
90.8565   1.08988 -0.160973  0.225221
90.8575   1.08988 -0.160973  0.225221
90.859   1.08988 -0.160973  0.225221
90.86   1.08988 -0.160973  0.225221
90.861   1.08988 -0.160973  0.225221
90.8625   1.08988 -0.160973  0.225221
90.8635   1.08988 -0.160973  0.225221
90.865   1.08988 -0.160973  0.225221
90.866   1.08988 -0.160973  0.225221
90.8675   1.08988 -0.160973  0.225221
90.8685   1.08988 -0.160973  0.225221
90.87   1.08988 -0.160973  0.225221
90.871   1.08988 -0.160973  0.225221
90.872   1.08988 -0.160973  0.225221
90.8735   1.08988 -0.160973  0.225221
90.8745   1.08988 -0.160973  0.225221
90.8755   1.08988 -0.160973  0.225221
90.877   1.08988 -0.160973  0.225221
90.878   1.08988 -0.160973  0.225221
90.879   1.08988 -0.160973  0.225221
90.88   1.08988 -0.160973  0.225221
90.8815   1.08988 -0.160973  0.225221
90.883   1.08988 -0.160973  0.225221
90.884   1.08988 -0.160973  0.225221
90.885   1.08988 -0.160973  0.225221
90.886   1.08988 -0.160973  0.225221
90.8875   1.08988 -0.160973  0.225221
90.8885   1.08988 -0.160973  0.225221
90.8895   1.08988 -0.160973  0.225221
90.891   1.08988 -0.160973  0.225221
90.892   1.08988 -0.160973  0.225221
90.893   1.08988 -0.160973  0.225221
90.8945   1.08988 -0.160973  0.225221
90.8955   1.08988 -0.160973  0.225221
90.8965   1.08988 -0.160973  0.225221
90.898   1.08988 -0.160973  0.225221
90.899   1.08988 -0.160973  0.225221
90.9   1.08988 -0.160973  0.225221
90.9015   1.08988 -0.160973  0.225221
90.9025   1.08988 -0.160973  0.225221
90.9035   1.08988 -0.160973  0.225221
90.9049   1.08988 -0.160973  0.225221
90.906   1.08988 -0.160973  0.225221
90.9069   1.08988 -0.160973  0.225221
90.9084   1.08988 -0.160973  0.225221
90.9094   1.08988 -0.160973  0.225221
90.9105   1.08988 -0.160973  0.225221
90.9119   1.08988 -0.160973  0.225221
90.9129   1.08988 -0.160973  0.225221
90.9139   1.08988 -0.160973  0.225221
90.9154   1.08988 -0.160973  0.225221
90.9164   1.08988 -0.160973  0.225221
90.9179   1.08988 -0.160973  0.225221
90.9189   1.08988 -0.160973  0.225221
90.9199   1.08988 -0.160973  0.225221
90.9214   1.08988 -0.160973  0.225221
90.9224   1.08988 -0.160973  0.225221
90.9239   1.08988 -0.160973  0.225221
90.9249   1.08988 -0.160973  0.225221
90.9259   1.08988 -0.160973  0.225221
90.9274   1.08988 -0.160973  0.225221
90.9284   1.08988 -0.160973  0.225221
90.9294   1.08988 -0.160973  0.225221
90.9309   1.08988 -0.160973  0.225221
90.9319   1.08988 -0.160973  0.225221
90.9329   1.08988 -0.160973  0.225221
90.9344   1.08988 -0.160973  0.225221
90.9354   1.08988 -0.160973  0.225221
90.9364   1.08988 -0.160973  0.225221
90.9379   1.08988 -0.160973  0.225221
90.9389   1.08988 -0.160973  0.225221
90.9399   1.08988 -0.160973  0.225221
90.9409   1.08988 -0.160973  0.225221
90.9424   1.08988 -0.160973  0.225221
90.9434   1.08988 -0.160973  0.225221
90.9444   1.08988 -0.160973  0.225221
90.9459   1.08988 -0.160973  0.225221
90.9469   1.08988 -0.160973  0.225221
90.9479   1.08988 -0.160973  0.225221
90.9494   1.08988 -0.160973  0.225221
90.9504   1.08988 -0.160973  0.225221
90.9514   1.08988 -0.160973  0.225221
90.9529   1.08988 -0.160973  0.225221
90.9539   1.08988 -0.160973  0.225221
90.9549   1.08988 -0.160973  0.225221
90.9564   1.08988 -0.160973  0.225221
90.9574   1.08988 -0.160973  0.225221
90.9584   1.08988 -0.160973  0.225221
90.9599   1.08988 -0.160973  0.225221
90.9609   1.08988 -0.160973  0.225221
90.9619   1.08988 -0.160973  0.225221
90.9634   1.08988 -0.160973  0.225221
90.9644   1.08988 -0.160973  0.225221
90.9654   1.08988 -0.160973  0.225221
90.9669   1.08988 -0.160973  0.225221
90.9679   1.08988 -0.160973  0.225221
90.9689   1.08988 -0.160973  0.225221
90.9704   1.08988 -0.160973  0.225221
90.9714   1.08988 -0.160973  0.225221
90.9724   1.08988 -0.160973  0.225221
90.9739   1.08988 -0.160973  0.225221
90.9749   1.08988 -0.160973  0.225221
90.9758   1.08988 -0.160973  0.225221
90.9773   1.08988 -0.160973  0.225221
90.9784   1.08988 -0.160973  0.225221
90.9793   1.08988 -0.160973  0.225221
90.9808   1.08988 -0.160973  0.225221
90.9818   1.08988 -0.160973  0.225221
90.9828   1.08988 -0.160973  0.225221
90.9838   1.08988 -0.160973  0.225221
90.9853   1.08988 -0.160973  0.225221
90.9863   1.08988 -0.160973  0.225221
90.9873   1.08988 -0.160973  0.225221
90.9888   1.08988 -0.160973  0.225221
90.9898   1.08988 -0.160973  0.225221
90.9908   1.08988 -0.160973  0.225221
90.9923   1.08988 -0.160973  0.225221
90.9933   1.08988 -0.160973  0.225221
90.9943   1.08988 -0.160973  0.225221
90.9958   1.08988 -0.160973  0.225221
90.9968   1.08988 -0.160973  0.225221
90.9978   1.08988 -0.160973  0.225221
90.9993   1.08988 -0.160973  0.225221
91.0003   1.08988 -0.160973  0.225221
91.0013   1.08988 -0.160973  0.225221
91.0028   1.08988 -0.160973  0.225221
91.0038   1.08988 -0.160973  0.225221
91.0048   1.08988 -0.160973  0.225221
91.0063   1.08988 -0.160973  0.225221
91.0073   1.08988 -0.160973  0.225221
91.0083   1.08988 -0.160973  0.225221
91.0098   1.08988 -0.160973  0.225221
91.0108   1.08988 -0.160973  0.225221
91.0118   1.08988 -0.160973  0.225221
91.0133   1.08988 -0.160973  0.225221
91.0143   1.08988 -0.160973  0.225221
91.0153   1.08988 -0.160973  0.225221
91.0168   1.08988 -0.160973  0.225221
91.0178   1.08988 -0.160973  0.225221
91.0188   1.08988 -0.160973  0.225221
91.0203   1.08988 -0.160973  0.225221
91.0213   1.08988 -0.160973  0.225221
91.0223   1.08988 -0.160973  0.225221
91.0233   1.08988 -0.160973  0.225221
91.0248   1.08988 -0.160973  0.225221
91.0258   1.08988 -0.160973  0.225221
91.0268   1.08988 -0.160973  0.225221
91.0283   1.08988 -0.160973  0.225221
91.0293   1.08988 -0.160973  0.225221
91.0303   1.08988 -0.160973  0.225221
91.0318   1.08988 -0.160973  0.225221
91.0328   1.08988 -0.160973  0.225221
91.0338   1.08988 -0.160973  0.225221
91.0353   1.08988 -0.160973  0.225221
91.0363   1.08988 -0.160973  0.225221
91.0378   1.08988 -0.160973  0.225221
91.0393   1.08988 -0.160973  0.225221
91.0403   1.08988 -0.160973  0.225221
91.0418   1.08988 -0.160973  0.225221
91.0427   1.08988 -0.160973  0.225221
91.0438   1.08988 -0.160973  0.225221
91.0447   1.08988 -0.160973  0.225221
91.0462   1.08988 -0.160973  0.225221
91.0477   1.08988 -0.160973  0.225221
91.0488   1.08988 -0.160973  0.225221
91.0497   1.08988 -0.160973  0.225221
91.0512   1.08988 -0.160973  0.225221
91.0522   1.08988 -0.160973  0.225221
91.0537   1.08988 -0.160973  0.225221
91.0547   1.08988 -0.160973  0.225221
91.0557   1.08988 -0.160973  0.225221
91.0572   1.08988 -0.160973  0.225221
91.0582   1.08988 -0.160973  0.225221
91.0592   1.08988 -0.160973  0.225221
91.0607   1.08988 -0.160973  0.225221
91.0617   1.08988 -0.160973  0.225221
91.0627   1.08988 -0.160973  0.225221
91.0642   1.08988 -0.160973  0.225221
91.0652   1.08988 -0.160973  0.225221
91.0662   1.08988 -0.160973  0.225221
91.0677   1.08988 -0.160973  0.225221
91.0687   1.08988 -0.160973  0.225221
91.0697   1.08988 -0.160973  0.225221
91.0712   1.08988 -0.160973  0.225221
91.0722   1.08988 -0.160973  0.225221
91.0737   1.08988 -0.160973  0.225221
91.0747   1.08988 -0.160973  0.225221
91.0762   1.08988 -0.160973  0.225221
91.0772   1.08988 -0.160973  0.225221
91.0782   1.08988 -0.160973  0.225221
91.0797   1.08988 -0.160973  0.225221
91.0807   1.08988 -0.160973  0.225221
91.0822   1.08988 -0.160973  0.225221
91.0832   1.08988 -0.160973  0.225221
91.0842   1.08988 -0.160973  0.225221
91.0857   1.08988 -0.160973  0.225221
91.0867   1.08988 -0.160973  0.225221
91.0882   1.08988 -0.160973  0.225221
91.0892   1.08988 -0.160973  0.225221
91.0907   1.08988 -0.160973  0.225221
91.0917   1.08988 -0.160973  0.225221
91.0932   1.08988 -0.160973  0.225221
91.0942   1.08988 -0.160973  0.225221
91.0957   1.08988 -0.160973  0.225221
91.0967   1.08988 -0.160973  0.225221
91.0977   1.08988 -0.160973  0.225221
91.0992   1.08988 -0.160973  0.225221
91.1002   1.08988 -0.160973  0.225221
91.1017   1.08988 -0.160973  0.225221
91.1027   1.08988 -0.160973  0.225221
91.1037   1.08988 -0.160973  0.225221
91.1052   1.08988 -0.160973  0.225221
91.1062   1.08988 -0.160973  0.225221
91.1077   1.08988 -0.160973  0.225221
91.1087   1.08988 -0.160973  0.225221
91.1097   1.08988 -0.160973  0.225221
91.1112   1.08988 -0.160973  0.225221
91.1122   1.08988 -0.160973  0.225221
91.1136   1.08988 -0.160973  0.225221
91.1147   1.08988 -0.160973  0.225221
91.1161   1.08988 -0.160973  0.225221
91.1171   1.08988 -0.160973  0.225221
91.1186   1.08988 -0.160973  0.225221
91.1196   1.08988 -0.160973  0.225221
91.1206   1.08988 -0.160973  0.225221
91.1221   1.08988 -0.160973  0.225221
91.1236   1.08988 -0.160973  0.225221
91.1246   1.08988 -0.160973  0.225221
91.1256   1.08988 -0.160973  0.225221
91.1271   1.08988 -0.160973  0.225221
91.1281   1.08988 -0.160973  0.225221
91.1296   1.08988 -0.160973  0.225221
91.1306   1.08988 -0.160973  0.225221
91.1321   1.08988 -0.160973  0.225221
91.1331   1.08988 -0.160973  0.225221
91.1346   1.08988 -0.160973  0.225221
91.1356   1.08988 -0.160973  0.225221
91.1371   1.08988 -0.160973  0.225221
91.1381   1.08988 -0.160973  0.225221
91.1396   1.08988 -0.160973  0.225221
91.1406   1.08965 -0.160869  0.226717
91.1421  1.08953  -0.1608 0.228116
91.1431   1.08938 -0.160714  0.229875
91.1446    1.0893 -0.160668  0.230829
91.1456   1.08924 -0.160628  0.231629
91.1471   1.08915 -0.160582  0.232582
91.1481   1.08911 -0.160557  0.233081
91.1496   1.08906 -0.160529  0.233669
91.1506   1.08904 -0.160514  0.233975
91.1521   1.08901 -0.160496  0.234333
91.1531   1.08899 -0.160487  0.234519
91.1541  1.08898 -0.16048 0.234672
91.1556   1.08896 -0.160471   0.23485
91.1566   1.08895 -0.160466  0.234943
91.1581   1.08895 -0.160463  0.235018
91.1591   1.08894 -0.160458  0.235106
91.1606   1.08894 -0.160456  0.235152
91.1616   1.08893 -0.160454  0.235189
91.1626   1.08893 -0.160452  0.235233
91.1641   1.08893 -0.160451  0.235255
91.1651  1.08893 -0.16045 0.235281
91.1666   1.08784 -0.160379  0.234349
91.1676   1.08691 -0.160318  0.233551
91.1691   1.08578 -0.160245  0.232584
91.1701   1.08518 -0.160206  0.232071
91.1716  1.08448 -0.16016 0.231463
91.1726   1.08411 -0.160136  0.231145
91.1736    1.0838 -0.160117  0.230883
91.1751   1.08345 -0.160094  0.230576
91.1761   1.08326 -0.160082  0.230417
91.1776   1.08311 -0.160072  0.230286
91.1786  1.08293 -0.16006 0.230133
91.1801   1.08284 -0.160054  0.230053
91.1811   1.08277 -0.160049  0.229988
91.1821   1.08268 -0.160044  0.229912
91.1836   1.08263 -0.160041  0.229872
91.1845    1.0826 -0.160038   0.22984
91.1861   1.08255 -0.160036  0.229802
91.187   1.08253 -0.160034  0.229782
91.188    1.0825 -0.160032  0.229759
91.1895   1.08249 -0.160032  0.229747
91.191   1.08248 -0.160031  0.229737
91.192  1.08247 -0.16003 0.229725
91.193  1.08246 -0.16003 0.229719
91.1945   1.08245 -0.160029  0.229714
91.1955   1.08245 -0.160029  0.229708
91.197   1.08245 -0.160029  0.229705
91.198   1.08244 -0.160029  0.229702
91.199   1.08244 -0.160029  0.229699
91.2005   1.08266 -0.160056  0.229736
91.2015   1.08306 -0.160104  0.229804
91.203   1.08354 -0.160163  0.229885
91.204    1.0838 -0.160195  0.229929
91.2055   1.08411 -0.160232   0.22998
91.2065   1.08427 -0.160252  0.230007
91.2075   1.08441 -0.160268  0.230029
91.209   1.08456 -0.160287  0.230054
91.21   1.08464 -0.160297  0.230068
91.2115   1.08471 -0.160305  0.230079
91.2125   1.08479 -0.160315  0.230091
91.2135  1.08483 -0.16032 0.230098
91.215   1.08486 -0.160324  0.230103
91.216    1.0849 -0.160329  0.230109
91.2175   1.08492 -0.160331  0.230112
91.2185   1.08494 -0.160333  0.230115
91.2195   1.08496 -0.160335  0.230118
91.221   1.08497 -0.160337  0.230119
91.222   1.08498 -0.160338  0.230121
91.2235   1.08499 -0.160339  0.230122
91.2245  1.08499 -0.16034 0.230123
91.226    1.085 -0.16034 0.230123
91.227     1.085 -0.160341  0.230124
91.228     1.085 -0.160341  0.230124
91.2295   1.08501 -0.160341  0.230124
91.2305   1.08501 -0.160342  0.230124
91.232   1.08501 -0.160342  0.230124
91.2335   1.08473 -0.160308  0.229933
91.2345   1.08439 -0.160267  0.229697
91.236    1.0842 -0.160245  0.229571
91.237   1.08405 -0.160227  0.229465
91.238   1.08387 -0.160205   0.22934
91.2395   1.08378 -0.160194  0.229275
91.2405    1.0837 -0.160185  0.229221
91.2415   1.08364 -0.160177  0.229177
91.243   1.08356 -0.160168  0.229125
91.244   1.08352 -0.160164  0.229098
91.2455   1.08348 -0.160158  0.229066
91.2465   1.08346 -0.160156   0.22905
91.2475   1.08344 -0.160153  0.229036
91.249   1.08341 -0.160151   0.22902
91.25    1.0834 -0.160149  0.229012
91.2515   1.08339 -0.160148  0.229005
91.2525   1.08338 -0.160147  0.228997
91.254   1.08338 -0.160146  0.228993
91.255   1.08337 -0.160146  0.228988
91.2564   1.08337 -0.160145  0.228986
91.2574   1.08336 -0.160145  0.228984
91.2585   1.08336 -0.160144  0.228981
91.2599   1.08336 -0.160144   0.22898
91.2609   1.08336 -0.160144  0.228979
91.2624   1.08336 -0.160144  0.228977
91.2634   1.08336 -0.160144  0.228977
91.2649   1.08336 -0.160144  0.228976
91.2659   1.08336 -0.160144  0.228975
91.2674   1.08388 -0.160306  0.229065
91.2684   1.08453 -0.160506  0.229174
91.2694   1.08488 -0.160613  0.229232
91.2704   1.08517 -0.160703  0.229281
91.2719   1.08541 -0.160776  0.229321
91.2729   1.08569 -0.160864  0.229368
91.2739   1.08584 -0.160909  0.229393
91.2754   1.08596 -0.160946  0.229413
91.2764   1.08606 -0.160977  0.229429
91.2774   1.08617 -0.161013  0.229449
91.2789   1.08623 -0.161031  0.229459
91.2799   1.08628 -0.161046  0.229467
91.2809   1.08632 -0.161059  0.229473
91.2824   1.08637 -0.161074  0.229481
91.2834    1.0864 -0.161081  0.229485
91.2849  1.08643 -0.16109  0.22949
91.2859   1.08644 -0.161094  0.229492
91.2869   1.08645 -0.161098  0.229494
91.2884   1.08647 -0.161103  0.229496
91.2894   1.08648 -0.161105  0.229497
91.2909   1.08648 -0.161108  0.229499
91.2919   1.08649 -0.161109  0.229499
91.2934  1.08649 -0.16111   0.2295
91.2944    1.0865 -0.161111    0.2295
91.2959    1.0865 -0.161112  0.229501
91.2969    1.0865 -0.161113  0.229501
91.2979   1.08637 -0.161048  0.229369
91.2994   1.08613 -0.160931  0.229132
91.3004   1.08592 -0.160831  0.228931
91.3014   1.08575 -0.160748  0.228762
91.3029   1.08561 -0.160679  0.228622
91.3039   1.08544 -0.160597  0.228455
91.3049   1.08535 -0.160554  0.228368
91.3059   1.08528 -0.160519  0.228297
91.3074  1.08522 -0.16049 0.228238
91.3084   1.08515 -0.160456  0.228169
91.3094   1.08512 -0.160438  0.228133
91.3109   1.08509 -0.160424  0.228104
91.3119   1.08506 -0.160412   0.22808
91.3129   1.08504 -0.160398  0.228051
91.3144   1.08502 -0.160391  0.228037
91.3154   1.08501 -0.160385  0.228025
91.3164     1.085 -0.160378  0.228011
91.3179   1.08499 -0.160375  0.228004
91.3189   1.08498 -0.160372  0.227998
91.3204   1.08498 -0.160368  0.227991
91.3214   1.08497 -0.160367  0.227987
91.3224   1.08497 -0.160365  0.227984
91.3239   1.08497 -0.160364   0.22798
91.3254   1.08496 -0.160363  0.227979
91.3264   1.08496 -0.160362  0.227977
91.3273   1.08496 -0.160361  0.227975
91.3288   1.08496 -0.160361  0.227974
91.3298  1.08496 -0.16036 0.227974
91.3309  1.08496 -0.16036 0.227973
91.3323  1.08496 -0.16036 0.227972
91.3334  1.08496 -0.16036 0.227972
91.3343   1.08532 -0.160498  0.228054
91.3358   1.08576 -0.160668  0.228154
91.3368   1.08599 -0.160759  0.228208
91.3378   1.08619 -0.160835  0.228253
91.3393   1.08642 -0.160925  0.228305
91.3403   1.08654 -0.160972  0.228333
91.3413  1.08664 -0.16101 0.228356
91.3428   1.08673 -0.161042  0.228374
91.3438   1.08682 -0.161079  0.228396
91.3448   1.08687 -0.161098  0.228407
91.3458   1.08691 -0.161114  0.228417
91.3473   1.08695 -0.161127  0.228424
91.3483   1.08699 -0.161142  0.228433
91.3493  1.08701 -0.16115 0.228438
91.3508   1.08702 -0.161156  0.228441
91.3518   1.08704 -0.161162  0.228445
91.3528   1.08705 -0.161168  0.228448
91.3543   1.08706 -0.161171   0.22845
91.3553   1.08707 -0.161173  0.228451
91.3563   1.08707 -0.161176  0.228453
91.3578   1.08708 -0.161178  0.228454
91.3588   1.08708 -0.161179  0.228455
91.3598  1.08709 -0.16118 0.228455
91.3613   1.08709 -0.161181  0.228456
91.3623   1.08709 -0.161182  0.228456
91.3633   1.08709 -0.161183  0.228456
91.3648   1.08709 -0.161183  0.228457
91.3658   1.08709 -0.161184  0.228457
91.3668    1.0871 -0.161184  0.228457
91.3683    1.0871 -0.161184  0.228457
91.3693   1.08586 -0.161002  0.229006
91.3703    1.0848 -0.160845  0.229475
91.3713   1.08352 -0.160656  0.230043
91.3728   1.08284 -0.160556  0.230344
91.3738   1.08228 -0.160473  0.230593
91.3748   1.08182 -0.160405  0.230798
91.3763   1.08127 -0.160324   0.23104
91.3773   1.08099 -0.160282  0.231165
91.3783   1.08076 -0.160248  0.231268
91.3798   1.08048 -0.160208  0.231389
91.3808   1.08034 -0.160187  0.231451
91.3818  1.08023 -0.16017 0.231502
91.3833   1.08013 -0.160156  0.231544
91.3843   1.08006 -0.160144  0.231578
91.3853   1.07997 -0.160131  0.231618
91.3868   1.07992 -0.160124  0.231639
91.3878   1.07988 -0.160118  0.231656
91.3888   1.07984 -0.160112  0.231676
91.3903   1.07981 -0.160108  0.231686
91.3913   1.07979 -0.160106  0.231694
91.3928   1.07977 -0.160102  0.231704
91.3938   1.07976 -0.160101  0.231709
91.3947   1.07975 -0.160099  0.231713
91.3963   1.07974 -0.160098  0.231718
91.3972   1.07974 -0.160097   0.23172
91.3982   1.07973 -0.160096  0.231722
91.3997   1.07973 -0.160096  0.231723
91.4007  1.08054 -0.16025 0.231306
91.4017     1.082 -0.160526  0.230559
91.4032  1.08324 -0.16076 0.229924
91.4042   1.08429 -0.160956  0.229392
91.4052  1.08553 -0.16119 0.228756
91.4067   1.08618 -0.161313  0.228423
91.4077   1.08671 -0.161414  0.228149
91.4087   1.08735 -0.161533  0.227826
91.4102   1.08767 -0.161595  0.227658
91.4112   1.08794 -0.161646  0.227521
91.4122   1.08816 -0.161688  0.227408
91.4137   1.08842 -0.161736  0.227276
91.4147   1.08856 -0.161761  0.227207
91.4157   1.08866 -0.161782  0.227151
91.4172   1.08875 -0.161799  0.227105
91.4182   1.08886 -0.161819  0.227052
91.4192   1.08891 -0.161829  0.227024
91.4207   1.08896 -0.161837  0.227001
91.4217   1.08901 -0.161847  0.226974
91.4227   1.08904 -0.161852   0.22696
91.4242   1.08906 -0.161856  0.226949
91.4252  1.08908 -0.16186  0.22694
91.4262    1.0891 -0.161864  0.226929
91.4272   1.08911 -0.161866  0.226923
91.4287   1.08912 -0.161867  0.226919
91.4297   1.08913 -0.161869  0.226914
91.4312  1.08913 -0.16187 0.226911
91.4322   1.08914 -0.161871  0.226908
91.4332   1.08914 -0.161872  0.226906
91.4347   1.08915 -0.161872  0.226905
91.4357   1.08913 -0.161828  0.226833
91.4367    1.0891 -0.161748  0.226706
91.4382   1.08907 -0.161651  0.226552
91.4392   1.08905 -0.161599   0.22647
91.4402   1.08904 -0.161556  0.226401
91.4417  1.08902 -0.16152 0.226345
91.4427   1.08901 -0.161478  0.226279
91.4437     1.089 -0.161456  0.226244
91.4452   1.08899 -0.161438  0.226216
91.4462   1.08899 -0.161424  0.226193
91.4472   1.08898 -0.161406  0.226166
91.4487   1.08898 -0.161397  0.226152
91.4497  1.08898 -0.16139  0.22614
91.4507   1.08897 -0.161384  0.226131
91.4522   1.08897 -0.161377   0.22612
91.4532   1.08897 -0.161373  0.226114
91.4542  1.08897 -0.16137  0.22611
91.4557   1.08897 -0.161367  0.226104
91.4567   1.08897 -0.161365  0.226101
91.4577   1.08897 -0.161363  0.226099
91.4592   1.08897 -0.161362  0.226097
91.4602   1.08897 -0.161361  0.226095
91.4612  1.08896 -0.16136 0.226094
91.4627   1.08896 -0.161359  0.226093
91.4637   1.08896 -0.161359  0.226093
91.4647   1.08896 -0.161358  0.226092
91.4657   1.08852 -0.161341  0.226406
91.4671   1.08772 -0.161309  0.226969
91.4681   1.08704 -0.161283  0.227447
91.4691   1.08622 -0.161251  0.228022
91.4706   1.08579 -0.161234  0.228325
91.4716  1.08544 -0.16122 0.228575
91.4726   1.08514 -0.161209  0.228782
91.4742    1.0848 -0.161195  0.229025
91.4751   1.08462 -0.161188  0.229151
91.4761   1.08447 -0.161182  0.229254
91.4776   1.08435 -0.161178  0.229339
91.4786   1.08421 -0.161172  0.229438
91.4796   1.08414 -0.161169  0.229489
91.4811   1.08408 -0.161167  0.229531
91.4821   1.08403 -0.161165  0.229566
91.4831   1.08397 -0.161163  0.229606
91.4846   1.08394 -0.161161  0.229627
91.4856  1.08392 -0.16116 0.229644
91.4866   1.0839 -0.16116 0.229658
91.4881   1.08387 -0.161159  0.229674
91.4891   1.08386 -0.161158  0.229683
91.4901   1.08385 -0.161158   0.22969
91.4916   1.08385 -0.161157  0.229695
91.4926   1.08384 -0.161157  0.229702
91.4936   1.08383 -0.161157  0.229705
91.4951   1.08383 -0.161157  0.229708
91.4961   1.08382 -0.161157  0.229711
91.4971   1.08382 -0.161156  0.229713
91.4981   1.08382 -0.161156  0.229714
91.4996   1.08382 -0.161156  0.229715
91.5006   1.08447 -0.161151  0.229308
91.5016   1.08503 -0.161147  0.228959
91.5031    1.0855 -0.161143  0.228664
91.5041   1.0859 -0.16114 0.228418
91.5051   1.08637 -0.161137  0.228126
91.5066   1.08661 -0.161135  0.227973
91.5076   1.08681 -0.161133  0.227847
91.5086   1.08698 -0.161132  0.227744
91.5101  1.08717 -0.16113 0.227622
91.5111  1.08727 -0.16113 0.227559
91.5121   1.08736 -0.161129  0.227508
91.5136   1.08742 -0.161128  0.227466
91.5146    1.0875 -0.161128  0.227416
91.5156   1.08755 -0.161127   0.22739
91.5171   1.08758 -0.161127  0.227369
91.5181   1.08761 -0.161127  0.227352
91.5191   1.08764 -0.161127  0.227332
91.5206   1.08766 -0.161127  0.227322
91.5216   1.08767 -0.161126  0.227313
91.5226   1.08768 -0.161126  0.227306
91.5241   1.08769 -0.161126  0.227298
91.5251    1.0877 -0.161126  0.227294
91.5261   1.08771 -0.161126   0.22729
91.5276   1.08771 -0.161126  0.227287
91.5286   1.08772 -0.161126  0.227284
91.5296   1.08772 -0.161126  0.227282
91.5306   1.08772 -0.161126  0.227281
91.5321   1.08772 -0.161126  0.227279
91.5331   1.08772 -0.161126  0.227279
91.5341   1.08773 -0.161126  0.227278
91.5356   1.08773 -0.161126  0.227277
91.5366    1.0868 -0.160989  0.227899
91.5376   1.08565 -0.160821  0.228664
91.539   1.08503 -0.160731  0.229073
91.5401   1.08452 -0.160656  0.229414
91.541   1.08392 -0.160567  0.229818
91.5425   1.0836 -0.16052 0.230029
91.5435   1.08334 -0.160482  0.230202
91.5445   1.08313 -0.160451  0.230344
91.546   1.08288 -0.160414  0.230511
91.547   1.08275 -0.160395  0.230598
91.548   1.08264 -0.160379  0.230669
91.5495   1.08255 -0.160366  0.230727
91.5505   1.08245 -0.160351  0.230795
91.5515    1.0824 -0.160344   0.23083
91.553   1.08236 -0.160337  0.230859
91.554   1.08232 -0.160332  0.230882
91.555   1.08228 -0.160326   0.23091
91.5565   1.08226 -0.160323  0.230924
91.5575  1.08224 -0.16032 0.230936
91.5585   1.08223 -0.160318  0.230945
91.56   1.08222 -0.160317  0.230953
91.561    1.0822 -0.160315  0.230962
91.562    1.0822 -0.160314  0.230967
91.5635   1.08219 -0.160313   0.23097
91.5645   1.08218 -0.160312  0.230973
91.5655   1.08218 -0.160311  0.230977
91.5665   1.08218 -0.160311  0.230979
91.568   1.08329 -0.160489  0.230244
91.569   1.08425 -0.160642  0.229616
91.57   1.08541 -0.160827  0.228855
91.5715   1.08602 -0.160925  0.228452
91.5725   1.08653 -0.161006  0.228118
91.5735   1.08695 -0.161073  0.227842
91.575   1.08744 -0.161151  0.227518
91.576    1.0877 -0.161192   0.22735
91.577   1.08791 -0.161226  0.227211
91.5785   1.08808 -0.161253  0.227098
91.5795   1.08828 -0.161286  0.226965
91.5805   1.08839 -0.161302  0.226897
91.582   1.08847 -0.161316   0.22684
91.583   1.08854 -0.161327  0.226794
91.584    1.0886 -0.161336  0.226756
91.5855   1.08867 -0.161347  0.226712
91.5865    1.0887 -0.161353  0.226689
91.5875   1.08873 -0.161357   0.22667
91.589   1.08876 -0.161361  0.226655
91.59   1.08878 -0.161365  0.226637
91.591    1.0888 -0.161367  0.226628
91.5925   1.08881 -0.161369   0.22662
91.5935   1.08882 -0.161371  0.226614
91.5945   1.08883 -0.161373  0.226607
91.5955   1.08884 -0.161373  0.226603
91.597   1.08884 -0.161374    0.2266
91.598   1.08884 -0.161375  0.226597
91.599   1.08885 -0.161375  0.226595
91.6005   1.08885 -0.161376  0.226593
91.6015   1.08865 -0.161339  0.226785
91.6025   1.08847 -0.161307   0.22695
91.604   1.08826 -0.161269  0.227149
91.605   1.08815 -0.161248  0.227254
91.6059   1.08806 -0.161231  0.227342
91.6075   1.08798 -0.161217  0.227414
91.6084   1.08789 -0.161201  0.227499
91.6095   1.08784 -0.161192  0.227543
91.6109    1.0878 -0.161185  0.227579
91.6119  1.08777 -0.16118 0.227609
91.6129   1.08773 -0.161173  0.227644
91.6144  1.08772 -0.16117 0.227662
91.6154    1.0877 -0.161167  0.227677
91.6164   1.08768 -0.161163  0.227694
91.6179   1.08767 -0.161162  0.227703
91.6189  1.08766 -0.16116  0.22771
91.6199   1.08766 -0.161159  0.227716
91.6214   1.08765 -0.161158  0.227723
91.6224   1.08765 -0.161157  0.227727
91.6234   1.08764 -0.161156   0.22773
91.6249   1.08764 -0.161156  0.227732
91.6259   1.08764 -0.161155  0.227735
91.6269   1.08764 -0.161155  0.227737
91.6284   1.08763 -0.161155  0.227738
91.6294   1.08763 -0.161154  0.227739
91.6304   1.08763 -0.161154   0.22774
91.6319   1.08763 -0.161154  0.227741
91.6329   1.08763 -0.161154  0.227741
91.6339   1.08763 -0.161154  0.227742
91.6349   1.08702 -0.160963  0.228046
91.6364  1.08669 -0.16086 0.228211
91.6374   1.08641 -0.160773   0.22835
91.6384   1.08618 -0.160701  0.228465
91.6399    1.0859 -0.160615  0.228602
91.6409  1.08576 -0.16057 0.228674
91.6419   1.08564 -0.160533  0.228732
91.6434   1.08555 -0.160503   0.22878
91.6444   1.08543 -0.160468  0.228837
91.6454   1.08537 -0.160449  0.228866
91.6469   1.08533 -0.160434   0.22889
91.6479   1.08529 -0.160422   0.22891
91.6489   1.08524 -0.160407  0.228933
91.6504  1.08522  -0.1604 0.228945
91.6514    1.0852 -0.160394  0.228955
91.6524   1.08517 -0.160387  0.228966
91.6539   1.08516 -0.160383  0.228972
91.6549  1.08515 -0.16038 0.228977
91.6559   1.08514 -0.160378  0.228981
91.6574   1.08514 -0.160375  0.228985
91.6584   1.08513 -0.160373  0.228988
91.6594   1.08513 -0.160372   0.22899
91.6609   1.08512 -0.160371  0.228991
91.6619  1.08512 -0.16037 0.228993
91.6629   1.08512 -0.160369  0.228994
91.6644   1.08512 -0.160369  0.228995
91.6654   1.08511 -0.160368  0.228995
91.6664   1.08511 -0.160368  0.228996
91.6679   1.08502 -0.160351  0.229088
91.6689  1.08485 -0.16032 0.229251
91.6699   1.08471 -0.160294  0.229389
91.6709   1.08454 -0.160262  0.229556
91.6724   1.08445 -0.160246  0.229643
91.6734   1.08438 -0.160232  0.229716
91.6744   1.08431 -0.160221  0.229776
91.6759   1.08424 -0.160208  0.229846
91.6769   1.08421 -0.160201  0.229882
91.6778   1.08417 -0.160195  0.229912
91.6793   1.08415 -0.160191  0.229936
91.6803   1.08412 -0.160185  0.229965
91.6813   1.08411 -0.160183   0.22998
91.6828  1.08409 -0.16018 0.229992
91.6838   1.08408 -0.160178  0.230002
91.6848   1.08407 -0.160176  0.230013
91.6863   1.08406 -0.160175  0.230019
91.6873   1.08406 -0.160174  0.230024
91.6883   1.08406 -0.160174  0.230028
91.6898   1.08405 -0.160173  0.230033
91.6908   1.08405 -0.160172  0.230035
91.6918   1.08405 -0.160172  0.230037
91.6933   1.08405 -0.160172  0.230039
91.6943   1.08404 -0.160171   0.23004
91.6953   1.08404 -0.160171  0.230041
91.6968   1.08404 -0.160171  0.230042
91.6978   1.08404 -0.160171  0.230043
91.6988   1.08404 -0.160171  0.230043
91.7003   1.08404 -0.160171  0.230044
91.7013   1.08404 -0.160171  0.230044
91.7023   1.08421 -0.160204  0.229907
91.7038   1.08442 -0.160245  0.229737
91.7048   1.08453 -0.160267  0.229646
91.7058   1.08463 -0.160286   0.22957
91.7073   1.08471 -0.160301  0.229508
91.7083    1.0848 -0.160319  0.229434
91.7093   1.08485 -0.160328  0.229395
91.7108   1.08489 -0.160336  0.229363
91.7118   1.08493 -0.160345  0.229326
91.7128  1.08496 -0.16035 0.229307
91.7143   1.08498 -0.160354  0.229291
91.7153   1.08499 -0.160357  0.229278
91.7163  1.08501 -0.16036 0.229263
91.7178   1.08502 -0.160362  0.229255
91.7188   1.08503 -0.160364  0.229248
91.7198   1.08504 -0.160365  0.229243
91.7213   1.08504 -0.160367  0.229237
91.7223   1.08505 -0.160368  0.229234
91.7233   1.08505 -0.160368  0.229231
91.7243   1.08505 -0.160369  0.229229
91.7258   1.08506 -0.160369  0.229226
91.7268  1.08506 -0.16037 0.229225
91.7278  1.08506 -0.16037 0.229224
91.7293  1.08506 -0.16037 0.229223
91.7303   1.08506 -0.160371  0.229222
91.7313   1.08506 -0.160371  0.229221
91.7328   1.08506 -0.160371  0.229221
91.7338   1.08506 -0.160371   0.22922
91.7348   1.08489 -0.160337  0.229388
91.7363   1.08474 -0.160308  0.229531
91.7373   1.08461 -0.160283  0.229651
91.7383   1.08445 -0.160253  0.229796
91.7398   1.08437 -0.160238  0.229872
91.7408   1.08431 -0.160225  0.229934
91.7418   1.08425 -0.160215  0.229985
91.7432   1.08419 -0.160202  0.230046
91.7443   1.08416 -0.160196  0.230077
91.7453   1.08413 -0.160191  0.230103
91.7467   1.08411 -0.160187  0.230124
91.7477   1.08408 -0.160182  0.230148
91.7487   1.08407 -0.160179  0.230161
91.7503   1.08406 -0.160177  0.230172
91.7512   1.08405 -0.160175   0.23018
91.7522   1.08404 -0.160173   0.23019
91.7532   1.08403 -0.160172  0.230195
91.7547   1.08403 -0.160171  0.230199
91.7557   1.08402 -0.160171  0.230203
91.7567  1.08402 -0.16017 0.230207
91.7582   1.08402 -0.160169  0.230209
91.7592   1.08402 -0.160169   0.23021
91.7602   1.08401 -0.160169  0.230212
91.7617   1.08401 -0.160168  0.230213
91.7627   1.08401 -0.160168  0.230214
91.7642   1.08401 -0.160168  0.230215
91.7652   1.08401 -0.160168  0.230215
91.7667   1.08401 -0.160168  0.230216
91.7677   1.08401 -0.160168  0.230216
91.7687   1.08418 -0.160201  0.230058
91.7702  1.08433 -0.16023 0.229922
91.7712   1.08446 -0.160254  0.229808
91.7727   1.08457 -0.160275  0.229712
91.7737   1.08466 -0.160291  0.229633
91.7747   1.08473 -0.160305  0.229568
91.7762   1.08481 -0.160322   0.22949
91.7772  1.08486 -0.16033  0.22945
91.7782   1.08489 -0.160337  0.229417
91.7797   1.08492 -0.160343   0.22939
91.7807   1.08495 -0.160348  0.229368
91.7817   1.08497 -0.160351  0.229349
91.7832   1.08499 -0.160355  0.229334
91.7842     1.085 -0.160357  0.229322
91.7852  1.08502 -0.16036 0.229308
91.7867   1.08502 -0.160362    0.2293
91.7877   1.08503 -0.160363  0.229294
91.7887   1.08504 -0.160364  0.229289
91.7902   1.08504 -0.160365  0.229285
91.7912   1.08505 -0.160366   0.22928
91.7922   1.08505 -0.160367  0.229278
91.7937   1.08505 -0.160367  0.229276
91.7947   1.08505 -0.160368  0.229274
91.7957   1.08506 -0.160368  0.229272
91.7972   1.08506 -0.160368  0.229271
91.7982   1.08506 -0.160368   0.22927
91.7992   1.08506 -0.160369   0.22927
91.8007  1.08548  -0.1605 0.229073
91.8017   1.08584 -0.160613  0.228906
91.8027   1.08614 -0.160708  0.228765
91.8042   1.08639 -0.160787  0.228647
91.8052   1.08669 -0.160881  0.228506
91.8062  1.08685 -0.16093 0.228433
91.8077   1.08698 -0.160971  0.228372
91.8087   1.08708 -0.161004  0.228323
91.8097   1.08721 -0.161043  0.228265
91.8107   1.08727 -0.161063  0.228234
91.8121  1.08733 -0.16108  0.22821
91.8132   1.08737 -0.161094  0.228189
91.8142  1.08742 -0.16111 0.228166
91.8216   1.08743 -0.161114  0.228159
91.8231   1.08746 -0.161121  0.228148
91.8241   1.08748 -0.161128  0.228139
91.8251   1.08749 -0.161133  0.228131
91.8266   1.08751 -0.161138  0.228123
91.8276   1.08752 -0.161141  0.228118
91.8286   1.08753 -0.161144  0.228115
91.8301   1.08753 -0.161146  0.228112
91.8311   1.08754 -0.161148  0.228108
91.8321   1.08755 -0.161149  0.228106
91.8336   1.08733 -0.161081  0.228197
91.8346   1.08695 -0.160956   0.22836
91.8356   1.08649 -0.160805  0.228559
91.8371   1.08624 -0.160724  0.228665
91.8381   1.08603 -0.160657  0.228753
91.8391   1.08586 -0.160602  0.228826
91.8406   1.08566 -0.160537  0.228911
91.8416   1.08556 -0.160503  0.228956
91.8426   1.08547 -0.160475  0.228993
91.8441    1.0854 -0.160452  0.229023
91.8451   1.08532 -0.160425  0.229058
91.8461   1.08528 -0.160412  0.229076
91.8471  1.08524  -0.1604 0.229091
91.8486   1.08522 -0.160391  0.229103
91.8496  1.08518 -0.16038 0.229117
91.8506   1.08517 -0.160374  0.229125
91.8521  1.08515 -0.16037 0.229131
91.8531   1.08514 -0.160366  0.229136
91.8541   1.08513 -0.160363   0.22914
91.8556   1.08512 -0.160359  0.229145
91.8566   1.08511 -0.160358  0.229147
91.8576   1.08511 -0.160356  0.229149
91.8591    1.0851 -0.160354  0.229151
91.8601    1.0851 -0.160353  0.229153
91.8611    1.0851 -0.160353  0.229154
91.8626    1.0851 -0.160352  0.229154
91.8636   1.08509 -0.160351  0.229155
91.8646   1.08509 -0.160351  0.229156
91.8661   1.08509 -0.160351  0.229156
91.8671  1.08509 -0.16035 0.229156
91.8681  1.08509 -0.16035 0.229157
91.8696   1.08509 -0.160348  0.229137
91.8706    1.0851 -0.160348  0.229126
91.8716    1.0851 -0.160347  0.229117
91.8731    1.0851 -0.160346  0.229109
91.8741    1.0851 -0.160345    0.2291
91.8751    1.0851 -0.160345  0.229095
91.8766    1.0851 -0.160345  0.229091
91.8776    1.0851 -0.160345  0.229086
91.8786    1.0851 -0.160344  0.229084
91.8801   1.08511 -0.160344  0.229082
91.8811   1.08511 -0.160344   0.22908
91.8821   1.08511 -0.160344  0.229078
91.8836   1.08511 -0.160344  0.229077
91.8846   1.08511 -0.160344  0.229077
91.8856   1.08511 -0.160344  0.229076
91.887   1.08511 -0.160344  0.229075
91.888   1.08511 -0.160344  0.229075
91.8891   1.08511 -0.160344  0.229074
91.8901   1.08511 -0.160344  0.229074
91.8915   1.08511 -0.160344  0.229074
91.8925   1.08511 -0.160344  0.229074
91.8935   1.08511 -0.160344  0.229073
91.8951   1.08511 -0.160344  0.229073
91.896   1.08511 -0.160344  0.229073
91.897   1.08511 -0.160344  0.229073
91.8985   1.08511 -0.160344  0.229073
91.8995   1.08511 -0.160344  0.229073
91.9005   1.08543 -0.160433  0.228876
91.902   1.08601 -0.160592  0.228524
91.903    1.0865 -0.160727  0.228225
91.904  1.08691 -0.16084 0.227975
91.9055    1.0874 -0.160975  0.227676
91.9065   1.08765 -0.161045  0.227519
91.9075   1.08786 -0.161104   0.22739
91.909   1.08804 -0.161152  0.227284
91.91   1.08824 -0.161208   0.22716
91.911   1.08835 -0.161237  0.227095
91.9125   1.08843 -0.161261  0.227042
91.9135   1.08854 -0.161289   0.22698
91.9145   1.08859 -0.161304  0.226948
91.916   1.08863 -0.161315  0.226922
91.917   1.08867 -0.161325    0.2269
91.918    1.0887 -0.161333  0.226883
91.9195   1.08873 -0.161342  0.226862
91.9205   1.08875 -0.161347  0.226851
91.9215   1.08876 -0.161351  0.226843
91.923   1.08877 -0.161354  0.226836
91.924   1.08879 -0.161358  0.226827
91.925  1.08879 -0.16136 0.226823
91.9265    1.0888 -0.161362  0.226819
91.9275    1.0888 -0.161363  0.226817
91.9285   1.08881 -0.161364  0.226813
91.9295   1.08881 -0.161365  0.226812
91.931   1.08881 -0.161366   0.22681
91.932   1.08882 -0.161366  0.226809
91.933   1.08872 -0.161347  0.226885
91.9345   1.08854 -0.161312  0.227021
91.9355   1.08838 -0.161282  0.227138
91.9365   1.08825 -0.161257  0.227235
91.938    1.0881 -0.161227  0.227352
91.939   1.08802 -0.161211  0.227413
91.94   1.08795 -0.161198  0.227463
91.9415    1.0879 -0.161187  0.227504
91.9425   1.08784 -0.161175  0.227553
91.9435    1.0878 -0.161168  0.227578
91.945   1.08777 -0.161163  0.227599
91.946   1.08775 -0.161158  0.227616
91.947   1.08773 -0.161153  0.227636
91.9485  1.08771 -0.16115 0.227646
91.9495    1.0877 -0.161148  0.227655
91.9505   1.08769 -0.161146  0.227662
91.952   1.08768 -0.161144   0.22767
91.953   1.08768 -0.161143  0.227674
91.954   1.08767 -0.161142  0.227677
91.9555   1.08767 -0.161142   0.22768
91.9565   1.08766 -0.161141  0.227684
91.9575  1.08766 -0.16114 0.227685
91.9589  1.08766 -0.16114 0.227687
91.96  1.08766 -0.16114 0.227688
91.961   1.08766 -0.161139  0.227689
91.9619   1.08765 -0.161139   0.22769
91.9634   1.08765 -0.161139  0.227691
91.9644   1.08765 -0.161139  0.227691
91.9654   1.08765 -0.161139  0.227692
91.9669   1.08765 -0.161138  0.227692
91.9679   1.08765 -0.161138  0.227686
91.9689   1.08765 -0.161138  0.227674
91.9704   1.08766 -0.161138   0.22766
91.9714   1.08766 -0.161138  0.227653
91.9724   1.08766 -0.161138  0.227647
91.9739   1.08766 -0.161138  0.227641
91.9749   1.08766 -0.161138  0.227636
91.9759   1.08766 -0.161138  0.227632
91.9774   1.08766 -0.161138   0.22763
91.9784   1.08766 -0.161138  0.227628
91.9794   1.08766 -0.161138  0.227626
91.9809   1.08766 -0.161138  0.227624
91.9819   1.08766 -0.161138  0.227623
91.9829   1.08766 -0.161138  0.227622
91.9844   1.08766 -0.161138  0.227622
91.9854   1.08766 -0.161138  0.227621
91.9864   1.08766 -0.161138  0.227621
91.9879   1.08766 -0.161138   0.22762
91.9889   1.08766 -0.161138   0.22762
91.9899   1.08766 -0.161138   0.22762
91.9914   1.08766 -0.161138   0.22762
91.9924   1.08766 -0.161138   0.22762
91.9934   1.08766 -0.161138  0.227619
91.9949   1.08766 -0.161138  0.227619
91.9959   1.08766 -0.161138  0.227619
91.9969   1.08766 -0.161138  0.227619
91.9979   1.08766 -0.161138  0.227619
91.9994   1.08766 -0.161138  0.227619
92.0004   1.08767 -0.161138  0.227611
92.0014   1.08767 -0.161139  0.227595
92.0029  1.08767 -0.16114 0.227576
92.0039  1.08767 -0.16114 0.227566
92.0049  1.08768 -0.16114 0.227558
92.0064   1.08768 -0.161141  0.227549
92.0074   1.08768 -0.161141  0.227543
92.0084   1.08768 -0.161141  0.227539
92.0099   1.08768 -0.161141  0.227536
92.0109   1.08768 -0.161141  0.227533
92.0119   1.08768 -0.161141   0.22753
92.0134   1.08768 -0.161141  0.227528
92.0144   1.08768 -0.161141  0.227527
92.0154   1.08768 -0.161141  0.227525
92.0169   1.08768 -0.161141  0.227525
92.0179   1.08768 -0.161141  0.227524
92.0189   1.08768 -0.161142  0.227523
92.0204   1.08768 -0.161142  0.227523
92.0214   1.08768 -0.161142  0.227522
92.0224   1.08768 -0.161142  0.227522
92.0239   1.08768 -0.161141  0.227522
92.0249   1.08768 -0.161141  0.227522
92.0258   1.08768 -0.161141  0.227522
92.0274   1.08768 -0.161141  0.227522
92.0283   1.08768 -0.161141  0.227522
92.0294   1.08768 -0.161141  0.227521
92.0308   1.08768 -0.161141  0.227521
92.0319   1.08768 -0.161141  0.227521
92.0328   1.08768 -0.161141  0.227521
92.0343   1.08768 -0.161141  0.227521
92.0353   1.08696 -0.160956  0.227878
92.0363   1.08634 -0.160797  0.228183
92.0378    1.0856 -0.160604  0.228553
92.0388    1.0852 -0.160502  0.228748
92.0398   1.08488 -0.160418   0.22891
92.0413   1.08461 -0.160348  0.229044
92.0423   1.08429 -0.160266  0.229201
92.0433   1.08412 -0.160224  0.229283
92.0448   1.08399 -0.160189   0.22935
92.0458  1.08388 -0.16016 0.229405
92.0468   1.08375 -0.160127  0.229469
92.0483   1.08368 -0.160109  0.229503
92.0493   1.08362 -0.160095   0.22953
92.0503   1.08358 -0.160083  0.229552
92.0518  1.08352 -0.16007 0.229579
92.0528    1.0835 -0.160063  0.229592
92.0538   1.08348 -0.160057  0.229603
92.0553   1.08346 -0.160052  0.229612
92.0563   1.08344 -0.160047  0.229623
92.0573   1.08342 -0.160044  0.229628
92.0583   1.08342 -0.160042  0.229633
92.0598  1.08341 -0.16004 0.229637
92.0608    1.0834 -0.160037  0.229641
92.0618    1.0834 -0.160036  0.229643
92.0633   1.08339 -0.160035  0.229645
92.0643   1.08339 -0.160034  0.229647
92.0653   1.08411 -0.160221  0.229276
92.0668   1.08473 -0.160381  0.228958
92.0678   1.08525 -0.160515   0.22869
92.0688   1.08587 -0.160676  0.228369
92.0703    1.0862 -0.160761  0.228201
92.0713   1.08647 -0.160831  0.228062
92.0723   1.08669 -0.160889  0.227947
92.0738   1.08695 -0.160956  0.227813
92.0748   1.08709 -0.160991  0.227743
92.0758   1.0872 -0.16102 0.227685
92.0773   1.08729 -0.161044  0.227639
92.0783    1.0874 -0.161072  0.227584
92.0793   1.08745 -0.161086  0.227555
92.0808    1.0875 -0.161098  0.227532
92.0818   1.08754 -0.161107  0.227513
92.0828   1.08758 -0.161118   0.22749
92.0843    1.0876 -0.161124  0.227479
92.0853   1.08762 -0.161129  0.227469
92.0863   1.08764 -0.161133  0.227462
92.0878   1.08765 -0.161137  0.227453
92.0888  1.08766 -0.16114 0.227448
92.0898   1.08767 -0.161142  0.227444
92.0913   1.08768 -0.161144   0.22744
92.0923   1.08768 -0.161145  0.227437
92.0933   1.08769 -0.161146  0.227435
92.0948   1.08769 -0.161147  0.227434
92.0958   1.08769 -0.161148  0.227432
92.0968    1.0877 -0.161148  0.227431
92.0982    1.0877 -0.161149   0.22743
92.0993    1.0877 -0.161149   0.22743
92.1003    1.0877 -0.161149  0.227429
92.1017    1.0877 -0.161149  0.227429
92.1027    1.0877 -0.161151  0.227427
92.1037    1.0877 -0.161153  0.227426
92.1047    1.0877 -0.161155  0.227424
92.1062    1.0877 -0.161156  0.227424
92.1072    1.0877 -0.161157  0.227423
92.1082    1.0877 -0.161158  0.227423
92.1097    1.0877 -0.161159  0.227422
92.1107    1.0877 -0.161159  0.227422
92.1117   1.0877 -0.16116 0.227422
92.1132   1.0877 -0.16116 0.227421
92.1142   1.0877 -0.16116 0.227421
92.1152   1.0877 -0.16116 0.227421
92.1167   1.0877 -0.16116 0.227421
92.1177    1.0877 -0.161161  0.227421
92.1187    1.0877 -0.161161  0.227421
92.1202    1.0877 -0.161161  0.227421
92.1212    1.0877 -0.161161  0.227421
92.1222    1.0877 -0.161161  0.227421
92.1237    1.0877 -0.161161  0.227421
92.1247    1.0877 -0.161161  0.227421
92.1257    1.0877 -0.161161  0.227421
92.1272    1.0877 -0.161161  0.227421
92.1282    1.0877 -0.161161  0.227421
92.1292    1.0877 -0.161161  0.227421
92.1307    1.0877 -0.161161  0.227421
92.1317    1.0877 -0.161161  0.227421
92.1327    1.0877 -0.161161  0.227421
92.1342    1.0877 -0.161161  0.227421
92.1352    1.0877 -0.161161  0.227421
92.1362    1.0877 -0.161161  0.227421
92.1377    1.0877 -0.161161  0.227421
92.1387    1.0877 -0.161161  0.227421
92.1402    1.0877 -0.161161  0.227421
92.1412    1.0877 -0.161161  0.227421
92.1427    1.0877 -0.161161  0.227421
92.1437    1.0877 -0.161161  0.227422
92.1447    1.0877 -0.161161  0.227422
92.1462    1.0877 -0.161161  0.227422
92.1472    1.0877 -0.161161  0.227422
92.1482    1.0877 -0.161161  0.227422
92.1497    1.0877 -0.161161  0.227422
92.1507    1.0877 -0.161161  0.227422
92.1517    1.0877 -0.161161  0.227422
92.1532    1.0877 -0.161161  0.227422
92.1542    1.0877 -0.161161  0.227422
92.1552    1.0877 -0.161161  0.227422
92.1567    1.0877 -0.161161  0.227422
92.1577    1.0877 -0.161161  0.227422
92.1587    1.0877 -0.161161  0.227422
92.1602    1.0877 -0.161161  0.227422
92.1612    1.0877 -0.161161  0.227422
92.1622    1.0877 -0.161161  0.227422
92.1637   1.0877 -0.16116 0.227422
92.1647   1.0877 -0.16116 0.227422
92.1656   1.0877 -0.16116 0.227422
92.1672   1.0877 -0.16116 0.227422
92.1682   1.0877 -0.16116 0.227422
92.1692   1.0877 -0.16116 0.227422
92.1706   1.0877 -0.16116 0.227422
92.1716   1.0877 -0.16116 0.227422
92.1726   1.0877 -0.16116 0.227422
92.1741   1.0877 -0.16116 0.227422
92.1751   1.0877 -0.16116 0.227423
92.1761   1.0877 -0.16116 0.227423
92.1776   1.0877 -0.16116 0.227423
92.1786   1.0877 -0.16116 0.227423
92.1796   1.0877 -0.16116 0.227423
92.1811   1.0877 -0.16116 0.227423
92.1821   1.0877 -0.16116 0.227423
92.1831   1.0877 -0.16116 0.227423
92.1841   1.0877 -0.16116 0.227423
92.1856   1.0877 -0.16116 0.227423
92.1866   1.0877 -0.16116 0.227423
92.1876   1.0877 -0.16116 0.227423
92.1891   1.0877 -0.16116 0.227423
92.1901   1.0877 -0.16116 0.227423
92.1911   1.0877 -0.16116 0.227423
92.1926   1.0877 -0.16116 0.227423
92.1936   1.0877 -0.16116 0.227423
92.1946   1.0877 -0.16116 0.227423
92.1961   1.0877 -0.16116 0.227423
92.1971   1.0877 -0.16116 0.227423
92.1981   1.0877 -0.16116 0.227423
92.1996   1.0877 -0.16116 0.227423
92.2006   1.0877 -0.16116 0.227423
92.2016   1.0877 -0.16116 0.227423
92.2031   1.0877 -0.16116 0.227423
92.2041   1.0877 -0.16116 0.227423
92.2051   1.0877 -0.16116 0.227423
92.2066   1.0877 -0.16116 0.227423
92.2076   1.0877 -0.16116 0.227423
92.2086   1.0877 -0.16116 0.227424
92.2101   1.0877 -0.16116 0.227424
92.2111   1.0877 -0.16116 0.227424
92.2121   1.0877 -0.16116 0.227424
92.2136   1.0877 -0.16116 0.227424
92.2146   1.0877 -0.16116 0.227424
92.2156   1.0877 -0.16116 0.227424
92.2171   1.0877 -0.16116 0.227424
92.2181   1.0877 -0.16116 0.227424
92.2191   1.0877 -0.16116 0.227424
92.2206   1.0877 -0.16116 0.227424
92.2216   1.0877 -0.16116 0.227424
92.2226   1.0877 -0.16116 0.227424
92.2241   1.0877 -0.16116 0.227424
92.2251   1.0877 -0.16116 0.227424
92.2261   1.0877 -0.16116 0.227424
92.2271   1.0877 -0.16116 0.227424
92.2286   1.0877 -0.16116 0.227424
92.2296   1.0877 -0.16116 0.227424
92.2306   1.0877 -0.16116 0.227424
92.2321   1.0877 -0.16116 0.227424
92.2331   1.0877 -0.16116 0.227424
92.2341   1.0877 -0.16116 0.227424
92.2356   1.0877 -0.16116 0.227424
92.2365   1.0877 -0.16116 0.227424
92.2375   1.0877 -0.16116 0.227424
92.2391   1.0877 -0.16116 0.227424
92.24   1.0877 -0.16116 0.227424
92.2411   1.0877 -0.16116 0.227424
92.2425   1.0877 -0.16116 0.227424
92.2436   1.0877 -0.16116 0.227424
92.2446    1.0877 -0.161159  0.227424
92.246    1.0877 -0.161159  0.227424
92.247    1.0877 -0.161159  0.227425
92.248    1.0877 -0.161159  0.227425
92.2495    1.0877 -0.161159  0.227425
92.2505    1.0877 -0.161159  0.227425
92.2515    1.0877 -0.161159  0.227425
92.253    1.0877 -0.161159  0.227425
92.254    1.0877 -0.161159  0.227425
92.255    1.0877 -0.161159  0.227425
92.2565    1.0877 -0.161159  0.227425
92.2575    1.0877 -0.161159  0.227425
92.2585    1.0877 -0.161159  0.227425
92.26    1.0877 -0.161159  0.227425
92.261    1.0877 -0.161159  0.227425
92.262    1.0877 -0.161159  0.227425
92.263    1.0877 -0.161159  0.227425
92.2645    1.0877 -0.161159  0.227425
92.2655    1.0877 -0.161159  0.227425
92.2665    1.0877 -0.161159  0.227425
92.268    1.0877 -0.161159  0.227425
92.269    1.0877 -0.161159  0.227425
92.27    1.0877 -0.161159  0.227425
92.2715    1.0877 -0.161159  0.227425
92.2725    1.0877 -0.161159  0.227425
92.2735    1.0877 -0.161159  0.227425
92.275    1.0877 -0.161159  0.227425
92.276    1.0877 -0.161159  0.227425
92.277    1.0877 -0.161159  0.227425
92.2785    1.0877 -0.161159  0.227425
92.2795    1.0877 -0.161159  0.227425
92.2805    1.0877 -0.161159  0.227425
92.282    1.0877 -0.161159  0.227425
92.283   1.08769 -0.161159  0.227425
92.284   1.08769 -0.161159  0.227425
92.2855   1.08769 -0.161159  0.227425
92.2865   1.08769 -0.161159  0.227425
92.2875   1.08769 -0.161159  0.227425
92.289   1.08769 -0.161159  0.227425
92.29   1.08769 -0.161159  0.227426
92.291   1.08769 -0.161159  0.227426
92.2925   1.08769 -0.161159  0.227426
92.2935   1.08769 -0.161159  0.227426
92.2945   1.08769 -0.161159  0.227426
92.2955   1.08769 -0.161159  0.227426
92.297   1.08769 -0.161159  0.227426
92.298   1.08769 -0.161159  0.227426
92.299   1.08769 -0.161159  0.227426
92.3005   1.08769 -0.161159  0.227426
92.3015   1.08769 -0.161159  0.227426
92.3025   1.08769 -0.161159  0.227426
92.3039   1.08769 -0.161159  0.227426
92.3049   1.08769 -0.161159  0.227426
92.306   1.08769 -0.161159  0.227426
92.3074   1.08769 -0.161159  0.227426
92.3084   1.08769 -0.161159  0.227426
92.3095   1.08769 -0.161159  0.227426
92.311   1.08769 -0.161159  0.227426
92.312   1.08769 -0.161159  0.227426
92.313   1.08769 -0.161159  0.227426
92.3144   1.08769 -0.161159  0.227426
92.3154   1.08769 -0.161159  0.227426
92.3164   1.08769 -0.161159  0.227426
92.3179   1.08769 -0.161159  0.227426
92.3189   1.08769 -0.161159  0.227426
92.3199   1.08769 -0.161159  0.227426
92.3214   1.08769 -0.161159  0.227426
92.3224   1.08769 -0.161159  0.227426
92.3234   1.08769 -0.161159  0.227426
92.3249   1.08769 -0.161159  0.227426
92.3259   1.08769 -0.161159  0.227426
92.3269   1.08769 -0.161159  0.227426
92.3284   1.08769 -0.161159  0.227426
92.3294   1.08769 -0.161159  0.227426
92.3304   1.08769 -0.161159  0.227426
92.3314   1.08769 -0.161159  0.227426
92.3329   1.08769 -0.161159  0.227426
92.3339   1.08769 -0.161159  0.227426
92.3349   1.08769 -0.161159  0.227426
92.3364   1.08769 -0.161159  0.227426
92.3374   1.08769 -0.161159  0.227426
92.3384   1.08769 -0.161159  0.227426
92.3399   1.08769 -0.161159  0.227427
92.3409   1.08769 -0.161159  0.227427
92.3419   1.08769 -0.161159  0.227427
92.3434   1.08769 -0.161159  0.227427
92.3444   1.08769 -0.161159  0.227427
92.3454   1.08769 -0.161159  0.227427
92.3469   1.08769 -0.161159  0.227427
92.3479   1.08769 -0.161159  0.227427
92.3489   1.08769 -0.161159  0.227427
92.3504   1.08769 -0.161159  0.227427
92.3514   1.08769 -0.161159  0.227427
92.3524   1.08769 -0.161158  0.227427
92.3539   1.08769 -0.161158  0.227427
92.3549   1.08769 -0.161158  0.227427
92.3559   1.08769 -0.161158  0.227427
92.3574   1.08769 -0.161158  0.227427
92.3584   1.08769 -0.161158  0.227427
92.3594   1.08769 -0.161158  0.227427
92.3609   1.08769 -0.161158  0.227427
92.3619   1.08769 -0.161158  0.227427
92.3629   1.08769 -0.161158  0.227427
92.3644   1.08769 -0.161158  0.227427
92.3654   1.08769 -0.161158  0.227427
92.3664   1.08769 -0.161158  0.227427
92.3674   1.08769 -0.161158  0.227427
92.3689   1.08769 -0.161158  0.227427
92.3699   1.08769 -0.161158  0.227427
92.3709   1.08769 -0.161158  0.227427
92.3724   1.08769 -0.161158  0.227427
92.3734   1.08769 -0.161158  0.227427
92.3744   1.08769 -0.161158  0.227427
92.3759   1.08769 -0.161158  0.227427
92.3769   1.08769 -0.161158  0.227427
92.3779   1.08769 -0.161158  0.227427
92.3794   1.08769 -0.161158  0.227427
92.3804   1.08769 -0.161158  0.227427
92.3813   1.08769 -0.161158  0.227427
92.3829   1.08769 -0.161158  0.227427
92.3838   1.08769 -0.161158  0.227427
92.3848   1.08769 -0.161158  0.227427
92.3863   1.08769 -0.161158  0.227427
92.3873   1.08769 -0.161158  0.227427
92.3883   1.08769 -0.161158  0.227427
92.3898   1.08769 -0.161158  0.227427
92.3908   1.08769 -0.161158  0.227427
92.3918   1.08769 -0.161158  0.227427
92.3933   1.08769 -0.161158  0.227427
92.3943   1.08769 -0.161158  0.227427
92.3953   1.08769 -0.161158  0.227427
92.3968   1.08769 -0.161158  0.227427
92.3978   1.08769 -0.161158  0.227427
92.3988   1.08769 -0.161158  0.227428
92.4003   1.08769 -0.161158  0.227428
92.4013   1.08769 -0.161158  0.227428
92.4023   1.08769 -0.161158  0.227428
92.4038   1.08769 -0.161158  0.227428
92.4048   1.08769 -0.161158  0.227428
92.4058   1.08769 -0.161158  0.227428
92.4073   1.08769 -0.161158  0.227428
92.4083   1.08769 -0.161158  0.227428
92.4093   1.08769 -0.161158  0.227428
92.4103   1.08769 -0.161158  0.227428
92.4118   1.08769 -0.161158  0.227428
92.4128   1.08769 -0.161158  0.227428
92.4138   1.08769 -0.161158  0.227428
92.4153   1.08769 -0.161158  0.227428
92.4163   1.08769 -0.161158  0.227428
92.4173   1.08769 -0.161158  0.227428
92.4188   1.08769 -0.161158  0.227428
92.4198   1.08769 -0.161158  0.227428
92.4208   1.08769 -0.161158  0.227428
92.4223   1.08769 -0.161158  0.227428
92.4233   1.08769 -0.161158  0.227428
92.4243   1.08769 -0.161158  0.227428
92.4258   1.08769 -0.161158  0.227428
92.4268   1.08769 -0.161158  0.227428
92.4278   1.08769 -0.161158  0.227428
92.4293   1.08769 -0.161158  0.227428
92.4303   1.08769 -0.161158  0.227428
92.4313   1.08769 -0.161158  0.227428
92.4328   1.08769 -0.161158  0.227428
92.4338   1.08769 -0.161158  0.227428
92.4348   1.08769 -0.161158  0.227428
92.4363   1.08769 -0.161158  0.227428
92.4373   1.08769 -0.161158  0.227428
92.4383   1.08769 -0.161158  0.227428
92.4398   1.08769 -0.161158  0.227428
92.4408   1.08769 -0.161158  0.227428
92.4418   1.08769 -0.161158  0.227428
92.4433   1.08769 -0.161158  0.227428
92.4443   1.08769 -0.161158  0.227428
92.4453   1.08769 -0.161158  0.227428
92.4463   1.08769 -0.161158  0.227428
92.4478   1.08769 -0.161158  0.227428
92.4488   1.08769 -0.161158  0.227428
92.4497   1.08769 -0.161158  0.227428
92.4512   1.08769 -0.161158  0.227428
92.4522   1.08769 -0.161158  0.227428
92.4532   1.08769 -0.161158  0.227428
92.4547   1.08769 -0.161158  0.227428
92.4557   1.08769 -0.161158  0.227428
92.4567   1.08769 -0.161158  0.227428
92.4582   1.08769 -0.161158  0.227428
92.4592   1.08769 -0.161158  0.227428
92.4602   1.08769 -0.161158  0.227428
92.4617   1.08769 -0.161158  0.227428
92.4627   1.08769 -0.161158  0.227428
92.4637   1.08769 -0.161158  0.227428
92.4652   1.08769 -0.161158  0.227428
92.4662   1.08769 -0.161158  0.227428
92.4672   1.08769 -0.161158  0.227428
92.4687   1.08769 -0.161158  0.227428
92.4697   1.08769 -0.161158  0.227429
92.4707   1.08769 -0.161158  0.227429
92.4722   1.08769 -0.161158  0.227429
92.4732   1.08769 -0.161158  0.227429
92.4742   1.08769 -0.161158  0.227429
92.4757   1.08769 -0.161158  0.227429
92.4767   1.08769 -0.161158  0.227429
92.4777   1.08769 -0.161158  0.227429
92.4792   1.08769 -0.161158  0.227429
92.4802   1.08769 -0.161158  0.227429
92.4812   1.08769 -0.161158  0.227429
92.4822   1.08769 -0.161158  0.227429
92.4837   1.08769 -0.161158  0.227429
92.4847   1.08769 -0.161158  0.227429
92.4857   1.08769 -0.161158  0.227429
92.4872   1.08769 -0.161158  0.227429
92.4882   1.08769 -0.161158  0.227429
92.4892   1.08769 -0.161158  0.227429
92.4907   1.08769 -0.161158  0.227429
92.4917   1.08769 -0.161158  0.227429
92.4927   1.08769 -0.161158  0.227429
92.4942   1.08769 -0.161158  0.227429
92.4952   1.08769 -0.161158  0.227429
92.4962   1.08769 -0.161158  0.227429
92.4977   1.08769 -0.161158  0.227429
92.4987   1.08769 -0.161158  0.227429
92.4997   1.08769 -0.161158  0.227429
92.5012   1.08769 -0.161158  0.227429
92.5022   1.08769 -0.161158  0.227429
92.5032   1.08769 -0.161158  0.227429
92.5047   1.08769 -0.161158  0.227429
92.5057   1.08769 -0.161158  0.227429
92.5067   1.08769 -0.161158  0.227429
92.5082   1.08769 -0.161158  0.227429
92.5092   1.08769 -0.161158  0.227429
92.5102   1.08769 -0.161158  0.227429
92.5112   1.08769 -0.161158  0.227429
92.5127   1.08769 -0.161158  0.227429
92.5137   1.08769 -0.161158  0.227429
92.5147   1.08769 -0.161157  0.227429
92.5162   1.08769 -0.161157  0.227429
92.5172   1.08769 -0.161157  0.227429
92.5182   1.08769 -0.161157  0.227429
92.5197   1.08769 -0.161157  0.227429
92.5207   1.08769 -0.161157  0.227429
92.5216   1.08769 -0.161157  0.227429
92.5231   1.08769 -0.161157  0.227429
92.5241   1.08769 -0.161157  0.227429
92.5251   1.08769 -0.161157  0.227429
92.5266   1.08769 -0.161157  0.227429
92.5276   1.08769 -0.161157  0.227429
92.5286   1.08769 -0.161157  0.227429
92.5301   1.08769 -0.161157  0.227429
92.5311   1.08769 -0.161157  0.227429
92.5321   1.08769 -0.161157  0.227429
92.5336   1.08769 -0.161157  0.227429
92.5346   1.08769 -0.161157  0.227429
92.5356   1.08769 -0.161157  0.227429
92.5371   1.08769 -0.161157  0.227429
92.5381   1.08769 -0.161157  0.227429
92.5391   1.08769 -0.161157  0.227429
92.5406   1.08769 -0.161157  0.227429
92.5416   1.08769 -0.161157  0.227429
92.5426   1.08769 -0.161157  0.227429
92.5436   1.08769 -0.161157  0.227429
92.5451   1.08769 -0.161157  0.227429
92.5461   1.08769 -0.161157  0.227429
92.5471   1.08769 -0.161157  0.227429
92.5486   1.08769 -0.161157  0.227429
92.5496   1.08769 -0.161157  0.227429
92.5506   1.08769 -0.161157  0.227429
92.5521   1.08769 -0.161157  0.227429
92.5531   1.08769 -0.161157  0.227429
92.5541   1.08769 -0.161157  0.227429
92.5556   1.08769 -0.161157  0.227429
92.5566   1.08769 -0.161157  0.227429
92.5576   1.08769 -0.161157  0.227429
92.5591   1.08769 -0.161157  0.227429
92.5601   1.08769 -0.161157  0.227429
92.5611   1.08769 -0.161157   0.22743
92.5626   1.08769 -0.161157   0.22743
92.5636   1.08769 -0.161157   0.22743
92.5646   1.08769 -0.161157   0.22743
92.5661   1.08769 -0.161157   0.22743
92.5671   1.08769 -0.161157   0.22743
92.5681   1.08769 -0.161157   0.22743
92.5696   1.08769 -0.161157   0.22743
92.5706   1.08769 -0.161157   0.22743
92.5716   1.08769 -0.161157   0.22743
92.5731   1.08769 -0.161157   0.22743
92.5741   1.08769 -0.161157   0.22743
92.5751   1.08769 -0.161157   0.22743
92.5766   1.08769 -0.161157   0.22743
92.5776   1.08769 -0.161157   0.22743
92.5786   1.08769 -0.161157   0.22743
92.5796   1.08769 -0.161157   0.22743
92.5811   1.08769 -0.161157   0.22743
92.5821   1.08769 -0.161157   0.22743
92.5831   1.08769 -0.161157   0.22743
92.5846   1.08769 -0.161157   0.22743
92.5856   1.08769 -0.161157   0.22743
92.5866   1.08769 -0.161157   0.22743
92.5881   1.08769 -0.161157   0.22743
92.5891   1.08769 -0.161157   0.22743
92.5901   1.08769 -0.161157   0.22743
92.5915   1.08769 -0.161157   0.22743
92.5925   1.08769 -0.161157   0.22743
92.5936   1.08769 -0.161157   0.22743
92.595   1.08769 -0.161157   0.22743
92.596   1.08769 -0.161157   0.22743
92.597   1.08769 -0.161157   0.22743
92.5985   1.08769 -0.161157   0.22743
92.5995   1.08769 -0.161157   0.22743
92.6005   1.08769 -0.161157   0.22743
92.602   1.08769 -0.161157   0.22743
92.603   1.08769 -0.161157   0.22743
92.604   1.08769 -0.161157   0.22743
92.6055   1.08769 -0.161157   0.22743
92.6065   1.08769 -0.161157   0.22743
92.6075   1.08769 -0.161157   0.22743
92.609   1.08769 -0.161157   0.22743
92.61   1.08769 -0.161157   0.22743
92.611   1.08769 -0.161157   0.22743
92.6125   1.08769 -0.161157   0.22743
92.6135   1.08769 -0.161157   0.22743
92.6145   1.08769 -0.161157   0.22743
92.616   1.08769 -0.161157   0.22743
92.617   1.08769 -0.161157   0.22743
92.618   1.08769 -0.161157   0.22743
92.619   1.08769 -0.161157   0.22743
92.6205   1.08769 -0.161157   0.22743
92.6215   1.08769 -0.161157   0.22743
92.6225   1.08769 -0.161157   0.22743
92.624   1.08769 -0.161157   0.22743
92.625   1.08769 -0.161157   0.22743
92.626   1.08769 -0.161157   0.22743
92.6275   1.08769 -0.161157   0.22743
92.6285   1.08769 -0.161157   0.22743
92.6295   1.08769 -0.161157   0.22743
92.631   1.08769 -0.161157   0.22743
92.632   1.08769 -0.161157   0.22743
92.633   1.08769 -0.161157   0.22743
92.6345   1.08769 -0.161157   0.22743
92.6355   1.08769 -0.161157   0.22743
92.6365   1.08769 -0.161157   0.22743
92.638   1.08769 -0.161157   0.22743
92.639   1.08769 -0.161157   0.22743
92.64   1.08769 -0.161157   0.22743
92.6415   1.08769 -0.161157   0.22743
92.6425   1.08769 -0.161157   0.22743
92.6435   1.08769 -0.161157   0.22743
92.645   1.08769 -0.161157   0.22743
92.646   1.08769 -0.161157   0.22743
92.647   1.08769 -0.161157   0.22743
92.648   1.08769 -0.161157   0.22743
92.6495   1.08769 -0.161157   0.22743
92.6505   1.08769 -0.161157   0.22743
92.6515   1.08769 -0.161157   0.22743
92.653   1.08769 -0.161157   0.22743
92.654   1.08769 -0.161157   0.22743
92.655   1.08769 -0.161157   0.22743
92.6565   1.08769 -0.161157   0.22743
92.6575   1.08769 -0.161157   0.22743
92.6585   1.08769 -0.161157   0.22743
92.6599   1.08769 -0.161157   0.22743
92.6609   1.08769 -0.161157   0.22743
92.6619   1.08769 -0.161157   0.22743
92.6634   1.08769 -0.161157   0.22743
92.6645   1.08769 -0.161157   0.22743
92.6654   1.08769 -0.161157   0.22743
92.6669   1.08769 -0.161157   0.22743
92.6679   1.08769 -0.161157   0.22743
92.6689   1.08769 -0.161157   0.22743
92.6704   1.08769 -0.161157   0.22743
92.6714   1.08769 -0.161157   0.22743
92.6724   1.08769 -0.161157   0.22743
92.6739   1.08769 -0.161157   0.22743
92.6749   1.08769 -0.161157   0.22743
92.6759   1.08769 -0.161157   0.22743
92.6774   1.08769 -0.161157   0.22743
92.6784   1.08769 -0.161157   0.22743
92.6794   1.08769 -0.161157   0.22743
92.6809   1.08769 -0.161157   0.22743
92.6819   1.08769 -0.161157   0.22743
92.6829   1.08769 -0.161157   0.22743
92.6839   1.08769 -0.161157   0.22743
92.6854   1.08769 -0.161157   0.22743
92.6864   1.08769 -0.161157   0.22743
92.6879   1.08769 -0.161157   0.22743
92.6889   1.08769 -0.161157   0.22743
92.6899   1.08769 -0.161157  0.227431
92.6909   1.08769 -0.161157  0.227431
92.6924   1.08769 -0.161157  0.227431
92.6934   1.08769 -0.161157  0.227431
92.6944   1.08769 -0.161157  0.227431
92.6959   1.08769 -0.161157  0.227431
92.6969   1.08769 -0.161157  0.227431
92.6979   1.08769 -0.161157  0.227431
92.6994   1.08769 -0.161157  0.227431
92.7004   1.08769 -0.161157  0.227431
92.7014   1.08769 -0.161157  0.227431
92.7029   1.08769 -0.161157  0.227431
92.7039   1.08769 -0.161157  0.227431
92.7049   1.08769 -0.161157  0.227431
92.7064   1.08769 -0.161157  0.227431
92.7074   1.08769 -0.161157  0.227431
92.7084   1.08769 -0.161157  0.227431
92.7099   1.08769 -0.161157  0.227431
92.7109   1.08769 -0.161157  0.227431
92.7119   1.08769 -0.161157  0.227431
92.7134   1.08769 -0.161157  0.227431
92.7144   1.08769 -0.161157  0.227431
92.7154   1.08769 -0.161157  0.227431
92.7169   1.08769 -0.161157  0.227431
92.7179   1.08769 -0.161157  0.227431
92.7189   1.08769 -0.161157  0.227431
92.7204   1.08769 -0.161157  0.227431
92.7214   1.08769 -0.161157  0.227431
92.7224   1.08769 -0.161157  0.227431
92.7239   1.08769 -0.161157  0.227431
92.7249   1.08769 -0.161157  0.227431
92.7259   1.08769 -0.161157  0.227431
92.7269   1.08769 -0.161157  0.227431
92.7283   1.08769 -0.161157  0.227431
92.7293   1.08769 -0.161157  0.227431
92.7304   1.08769 -0.161157  0.227431
92.7318   1.08769 -0.161157  0.227431
92.7328   1.08769 -0.161157  0.227431
92.7338   1.08769 -0.161157  0.227431
92.7354   1.08769 -0.161157  0.227431
92.7363   1.08769 -0.161157  0.227431
92.7373   1.08769 -0.161157  0.227431
92.7388   1.08769 -0.161157  0.227431
92.7398   1.08769 -0.161157  0.227431
92.7408   1.08769 -0.161157  0.227431
92.7423   1.08769 -0.161157  0.227431
92.7433   1.08769 -0.161157  0.227431
92.7443   1.08769 -0.161157  0.227431
92.7458   1.08769 -0.161157  0.227431
92.7468   1.08769 -0.161157  0.227431
92.7478   1.08769 -0.161157  0.227431
92.7493   1.08769 -0.161157  0.227431
92.7503   1.08769 -0.161157  0.227431
92.7513   1.08769 -0.161157  0.227431
92.7528   1.08769 -0.161157  0.227431
92.7538   1.08769 -0.161157  0.227431
92.7548   1.08769 -0.161157  0.227431
92.7563   1.08769 -0.161157  0.227431
92.7573   1.08769 -0.161157  0.227431
92.7583   1.08769 -0.161157  0.227431
92.7593   1.08769 -0.161157  0.227431
92.7608   1.08769 -0.161157  0.227431
92.7618   1.08769 -0.161157  0.227431
92.7633   1.08769 -0.161157  0.227431
92.7643   1.08769 -0.161157  0.227431
92.7658   1.08769 -0.161157  0.227431
92.7668   1.08769 -0.161157  0.227431
92.7678   1.08769 -0.161157  0.227431
92.7693   1.08769 -0.161157  0.227431
92.7703   1.08769 -0.161157  0.227431
92.7718   1.08769 -0.161157  0.227431
92.7728   1.08769 -0.161157  0.227431
92.7738   1.08769 -0.161157  0.227431
92.7753   1.08769 -0.161157  0.227431
92.7763   1.08769 -0.161157  0.227431
92.7773   1.08769 -0.161157  0.227431
92.7788   1.08769 -0.161157  0.227431
92.7798   1.08769 -0.161157  0.227431
92.7808   1.08769 -0.161157  0.227431
92.7823   1.08769 -0.161157  0.227431
92.7833   1.08769 -0.161157  0.227431
92.7843   1.08769 -0.161157  0.227431
92.7858   1.08769 -0.161157  0.227431
92.7868   1.08769 -0.161157  0.227431
92.7878   1.08769 -0.161157  0.227431
92.7893   1.08769 -0.161157  0.227431
92.7903   1.08769 -0.161157  0.227431
92.7913   1.08769 -0.161157  0.227431
92.7928   1.08769 -0.161157  0.227431
92.7938   1.08769 -0.161157  0.227431
92.7948   1.08769 -0.161157  0.227431
92.7963   1.08769 -0.161157  0.227431
92.7973   1.08769 -0.161157  0.227431
92.7982   1.08769 -0.161157  0.227431
92.7997   1.08769 -0.161157  0.227431
92.8008   1.08769 -0.161157  0.227431
92.8018   1.08769 -0.161157  0.227431
92.8032   1.08769 -0.161157  0.227431
92.8043   1.08769 -0.161157  0.227431
92.8052   1.08769 -0.161157  0.227431
92.8062   1.08769 -0.161157  0.227431
92.8077   1.08769 -0.161157  0.227431
92.8087   1.08769 -0.161157  0.227431
92.8097   1.08769 -0.161157  0.227431
92.8112   1.08769 -0.161157  0.227431
92.8122   1.08769 -0.161157  0.227431
92.8132   1.08769 -0.161157  0.227431
92.8147   1.08769 -0.161157  0.227431
92.8157   1.08769 -0.161157  0.227431
92.8167   1.08769 -0.161157  0.227431
92.8182   1.08769 -0.161157  0.227431
92.8192   1.08769 -0.161157  0.227431
92.8202   1.08769 -0.161157  0.227431
92.8217   1.08769 -0.161157  0.227431
92.8227   1.08769 -0.161157  0.227431
92.8237   1.08769 -0.161157  0.227431
92.8252   1.08769 -0.161157  0.227431
92.8262   1.08769 -0.161157  0.227431
92.8272   1.08769 -0.161157  0.227431
92.8287   1.08769 -0.161157  0.227431
92.8297   1.08769 -0.161157  0.227431
92.8307   1.08769 -0.161157  0.227431
92.8322   1.08769 -0.161157  0.227431
92.8332   1.08769 -0.161157  0.227431
92.8342   1.08769 -0.161157  0.227431
92.8357   1.08769 -0.161157  0.227431
92.8367   1.08769 -0.161157  0.227431
92.8377   1.08769 -0.161157  0.227431
92.8392   1.08769 -0.161157  0.227431
92.8402   1.08769 -0.161157  0.227431
92.8412   1.08769 -0.161157  0.227431
92.8422   1.08769 -0.161157  0.227431
92.8437   1.08769 -0.161157  0.227431
92.8447   1.08769 -0.161157  0.227431
92.8457   1.08769 -0.161157  0.227431
92.8472   1.08769 -0.161157  0.227431
92.8482   1.08769 -0.161157  0.227431
92.8492   1.08769 -0.161157  0.227431
92.8507   1.08769 -0.161157  0.227431
92.8517   1.08769 -0.161157  0.227431
92.8527   1.08769 -0.161157  0.227431
92.8542   1.08769 -0.161157  0.227431
92.8552   1.08769 -0.161157  0.227431
92.8562   1.08769 -0.161156  0.227431
92.8577   1.08769 -0.161156  0.227431
92.8587   1.08769 -0.161156  0.227431
92.8597   1.08769 -0.161156  0.227431
92.8612   1.08769 -0.161156  0.227431
92.8622   1.08769 -0.161156  0.227431
92.8632   1.08769 -0.161156  0.227431
92.8647   1.08769 -0.161156  0.227431
92.8656   1.08769 -0.161156  0.227431
92.8667   1.08769 -0.161156  0.227431
92.8681   1.08769 -0.161156  0.227431
92.8692   1.08769 -0.161156  0.227431
92.8701   1.08769 -0.161156  0.227431
92.8716   1.08769 -0.161156  0.227431
92.8726   1.08769 -0.161156  0.227431
92.8736   1.08769 -0.161156  0.227431
92.8751   1.08769 -0.161156  0.227431
92.8761   1.08769 -0.161156  0.227431
92.8771   1.08769 -0.161156  0.227431
92.8786   1.08769 -0.161156  0.227431
92.8796   1.08769 -0.161156  0.227431
92.8806   1.08769 -0.161156  0.227431
92.8821   1.08769 -0.161156  0.227431
92.8831   1.08769 -0.161156  0.227431
92.8841   1.08769 -0.161156  0.227431
92.8856   1.08769 -0.161156  0.227431
92.8866   1.08769 -0.161156  0.227431
92.8876   1.08769 -0.161156  0.227431
92.8891   1.08769 -0.161156  0.227431
92.8901   1.08769 -0.161156  0.227431
92.8911   1.08769 -0.161156  0.227431
92.8921   1.08769 -0.161156  0.227431
92.8936   1.08769 -0.161156  0.227431
92.8946   1.08769 -0.161156  0.227431
92.8956   1.08769 -0.161156  0.227431
92.8971   1.08769 -0.161156  0.227431
92.8981   1.08769 -0.161156  0.227431
92.8991   1.08769 -0.161156  0.227431
92.9006   1.08769 -0.161156  0.227431
92.9016   1.08769 -0.161156  0.227431
92.9026   1.08769 -0.161156  0.227431
92.9041   1.08769 -0.161156  0.227431
92.9051   1.08769 -0.161156  0.227432
92.9061   1.08769 -0.161156  0.227432
92.9076   1.08769 -0.161156  0.227432
92.9086   1.08769 -0.161156  0.227432
92.9096   1.08769 -0.161156  0.227432
92.9111   1.08769 -0.161156  0.227432
92.9121   1.08769 -0.161156  0.227432
92.9131   1.08769 -0.161156  0.227432
92.9146   1.08769 -0.161156  0.227432
92.9156   1.08769 -0.161156  0.227432
92.9166   1.08769 -0.161156  0.227432
92.9181   1.08769 -0.161156  0.227432
92.9191   1.08769 -0.161156  0.227432
92.9201   1.08769 -0.161156  0.227432
92.9216   1.08769 -0.161156  0.227432
92.9226   1.08769 -0.161156  0.227432
92.9236   1.08769 -0.161156  0.227432
92.9251   1.08769 -0.161156  0.227432
92.9261   1.08769 -0.161156  0.227432
92.9271   1.08769 -0.161156  0.227432
92.9281   1.08769 -0.161156  0.227432
92.9296   1.08769 -0.161156  0.227432
92.9306   1.08769 -0.161156  0.227432
92.9316   1.08769 -0.161156  0.227432
92.9331   1.08769 -0.161156  0.227432
92.9341   1.08769 -0.161156  0.227432
92.9351   1.08769 -0.161156  0.227432
92.9365   1.08769 -0.161156  0.227432
92.9376   1.08769 -0.161156  0.227432
92.9385   1.08769 -0.161156  0.227432
92.94   1.08769 -0.161156  0.227432
92.941   1.08769 -0.161156  0.227432
92.942   1.08769 -0.161156  0.227432
92.9435   1.08769 -0.161156  0.227432
92.9445   1.08769 -0.161156  0.227432
92.9455   1.08769 -0.161156  0.227432
92.947   1.08769 -0.161156  0.227432
92.948   1.08769 -0.161156  0.227432
92.949   1.08769 -0.161156  0.227432
92.9505   1.08769 -0.161156  0.227432
92.9515   1.08769 -0.161156  0.227432
92.9525   1.08769 -0.161156  0.227432
92.9535   1.08769 -0.161156  0.227432
92.955   1.08769 -0.161156  0.227432
92.956   1.08769 -0.161156  0.227432
92.957   1.08769 -0.161156  0.227432
92.9585   1.08769 -0.161156  0.227432
92.9595   1.08769 -0.161156  0.227432
92.9605   1.08769 -0.161156  0.227432
92.962   1.08769 -0.161156  0.227432
92.963   1.08769 -0.161156  0.227432
92.964   1.08769 -0.161156  0.227432
92.9655   1.08769 -0.161156  0.227432
92.9665   1.08769 -0.161156  0.227432
92.9675   1.08769 -0.161156  0.227432
92.969   1.08769 -0.161156  0.227432
92.97   1.08769 -0.161156  0.227432
92.971   1.08769 -0.161156  0.227432
92.9725   1.08769 -0.161156  0.227432
92.9735   1.08769 -0.161156  0.227432
92.9745   1.08769 -0.161156  0.227432
92.976   1.08769 -0.161156  0.227432
92.977   1.08769 -0.161156  0.227432
92.978   1.08769 -0.161156  0.227432
92.9795   1.08769 -0.161156  0.227432
92.9805   1.08769 -0.161156  0.227432
92.9815   1.08769 -0.161156  0.227432
92.983   1.08769 -0.161156  0.227432
92.984   1.08769 -0.161156  0.227432
92.985   1.08769 -0.161156  0.227432
92.9865   1.08769 -0.161156  0.227432
92.9875   1.08769 -0.161156  0.227432
92.9885   1.08769 -0.161156  0.227432
92.9895   1.08769 -0.161156  0.227432
92.991   1.08769 -0.161156  0.227432
92.992   1.08769 -0.161156  0.227432
92.993   1.08769 -0.161156  0.227432
92.9945   1.08769 -0.161156  0.227432
92.9955   1.08769 -0.161156  0.227432
92.9965   1.08769 -0.161156  0.227432
92.998   1.08769 -0.161156  0.227432
92.999   1.08769 -0.161156  0.227432
93   1.08769 -0.161156  0.227432
93.0015   1.08769 -0.161156  0.227432
93.0025   1.08769 -0.161156  0.227432
93.0035   1.08769 -0.161156  0.227432
93.0049   1.08769 -0.161156  0.227432
93.006   1.08769 -0.161156  0.227432
93.007   1.08769 -0.161156  0.227432
93.0085   1.08769 -0.161156  0.227432
93.0094   1.08769 -0.161156  0.227432
93.0104   1.08769 -0.161156  0.227432
93.0119   1.08769 -0.161156  0.227432
93.0129   1.08769 -0.161156  0.227432
93.0139   1.08769 -0.161156  0.227432
93.0154   1.08769 -0.161156  0.227432
93.0164   1.08769 -0.161156  0.227432
93.0174   1.08769 -0.161156  0.227432
93.0189   1.08769 -0.161156  0.227432
93.0199   1.08769 -0.161156  0.227432
93.0209   1.08769 -0.161156  0.227432
93.0224   1.08769 -0.161156  0.227432
93.0234   1.08769 -0.161156  0.227432
93.0244   1.08769 -0.161156  0.227432
93.0259   1.08769 -0.161156  0.227432
93.0269   1.08769 -0.161156  0.227432
93.0279   1.08769 -0.161156  0.227432
93.0294   1.08769 -0.161156  0.227432
93.0304   1.08769 -0.161156  0.227432
93.0314   1.08769 -0.161156  0.227432
93.0329   1.08769 -0.161156  0.227432
93.0339   1.08769 -0.161156  0.227432
93.0349   1.08769 -0.161156  0.227432
93.0359   1.08769 -0.161156  0.227432
93.0374   1.08769 -0.161156  0.227432
93.0384   1.08769 -0.161156  0.227432
93.0394   1.08769 -0.161156  0.227432
93.0409   1.08769 -0.161156  0.227432
93.0419   1.08769 -0.161156  0.227432
93.0429   1.08769 -0.161156  0.227432
93.0444   1.08769 -0.161156  0.227432
93.0454   1.08769 -0.161156  0.227432
93.0464   1.08769 -0.161156  0.227432
93.0479   1.08769 -0.161156  0.227432
93.0489   1.08769 -0.161156  0.227432
93.0499   1.08769 -0.161156  0.227432
93.0514   1.08769 -0.161156  0.227432
93.0524   1.08769 -0.161156  0.227432
93.0534   1.08769 -0.161156  0.227432
93.0549   1.08769 -0.161156  0.227432
93.0559   1.08769 -0.161156  0.227432
93.0569   1.08769 -0.161156  0.227432
93.0584   1.08769 -0.161156  0.227432
93.0594   1.08769 -0.161156  0.227432
93.0604   1.08769 -0.161156  0.227432
93.0619   1.08769 -0.161156  0.227432
93.0629   1.08769 -0.161156  0.227432
93.0639   1.08769 -0.161156  0.227432
93.0654   1.08769 -0.161156  0.227432
93.0664   1.08769 -0.161156  0.227432
93.0674   1.08769 -0.161156  0.227432
93.0689   1.08769 -0.161156  0.227432
93.0699   1.08769 -0.161156  0.227432
93.0709   1.08769 -0.161156  0.227432
93.0719   1.08769 -0.161156  0.227432
93.0734   1.08769 -0.161156  0.227432
93.0743   1.08769 -0.161156  0.227432
93.0753   1.08769 -0.161156  0.227432
93.0768   1.08769 -0.161156  0.227432
93.0779   1.08769 -0.161156  0.227432
93.0788   1.08769 -0.161156  0.227432
93.0803   1.08769 -0.161156  0.227432
93.0813   1.08769 -0.161156  0.227432
93.0823   1.08769 -0.161156  0.227432
93.0838   1.08769 -0.161156  0.227432
93.0848   1.08769 -0.161156  0.227432
93.0863   1.08769 -0.161156  0.227432
93.0873   1.08769 -0.161156  0.227432
93.0883   1.08769 -0.161156  0.227432
93.0898   1.08769 -0.161156  0.227432
93.0908   1.08769 -0.161156  0.227432
93.0918   1.08769 -0.161156  0.227432
93.0928   1.08769 -0.161156  0.227432
93.0943   1.08769 -0.161156  0.227432
93.0953   1.08769 -0.161156  0.227432
93.0963   1.08769 -0.161156  0.227432
93.0978   1.08769 -0.161156  0.227432
93.0988   1.08769 -0.161156  0.227432
93.0998   1.08769 -0.161156  0.227432
93.1013   1.08768 -0.161156  0.227432
93.1023   1.08768 -0.161156  0.227432
93.1033   1.08768 -0.161156  0.227432
93.1048   1.08768 -0.161156  0.227432
93.1058   1.08768 -0.161156  0.227432
93.1068   1.08768 -0.161156  0.227432
93.1083   1.08768 -0.161156  0.227432
93.1093   1.08768 -0.161156  0.227432
93.1103   1.08768 -0.161156  0.227432
93.1118   1.08768 -0.161156  0.227432
93.1128   1.08768 -0.161156  0.227432
93.1138   1.08768 -0.161156  0.227432
93.1153   1.08768 -0.161156  0.227432
93.1163   1.08768 -0.161156  0.227432
93.1173   1.08768 -0.161156  0.227432
93.1188   1.08768 -0.161156  0.227432
93.1198   1.08768 -0.161156  0.227432
93.1208   1.08768 -0.161156  0.227432
93.1223   1.08768 -0.161156  0.227432
93.1233   1.08768 -0.161156  0.227432
93.1243   1.08768 -0.161156  0.227432
93.1258   1.08768 -0.161156  0.227432
93.1268   1.08768 -0.161156  0.227432
93.1278   1.08768 -0.161156  0.227432
93.1293   1.08768 -0.161156  0.227432
93.1303   1.08768 -0.161156  0.227432
93.1313   1.08768 -0.161156  0.227432
93.1323   1.08768 -0.161156  0.227432
93.1338   1.08768 -0.161156  0.227432
93.1348   1.08768 -0.161156  0.227432
93.1358   1.08768 -0.161156  0.227432
93.1373   1.08768 -0.161156  0.227432
93.1383   1.08768 -0.161156  0.227432
93.1393   1.08768 -0.161156  0.227432
93.1408   1.08768 -0.161156  0.227432
93.1418   1.08768 -0.161156  0.227432
93.1428   1.08768 -0.161156  0.227432
93.1443   1.08768 -0.161156  0.227432
93.1453   1.08768 -0.161156  0.227432
93.1463   1.08768 -0.161156  0.227432
93.1478   1.08768 -0.161156  0.227432
93.1487   1.08768 -0.161156  0.227432
93.1498   1.08768 -0.161156  0.227432
93.1512   1.08768 -0.161156  0.227432
93.1522   1.08768 -0.161156  0.227432
93.1532   1.08768 -0.161156  0.227432
93.1547   1.08768 -0.161156  0.227432
93.1557   1.08768 -0.161156  0.227432
93.1567   1.08768 -0.161156  0.227432
93.1582   1.08768 -0.161156  0.227432
93.1592   1.08768 -0.161156  0.227432
93.1602   1.08768 -0.161156  0.227432
93.1617   1.08768 -0.161156  0.227432
93.1627   1.08768 -0.161156  0.227432
93.1637   1.08768 -0.161156  0.227432
93.1652   1.08768 -0.161156  0.227432
93.1662   1.08768 -0.161156  0.227432
93.1672   1.08768 -0.161156  0.227432
93.1682   1.08768 -0.161156  0.227432
93.1697   1.08768 -0.161156  0.227432
93.1707   1.08768 -0.161156  0.227432
93.1717   1.08768 -0.161156  0.227432
93.1732   1.08768 -0.161156  0.227432
93.1742   1.08768 -0.161156  0.227432
93.1752   1.08768 -0.161156  0.227432
93.1767   1.08768 -0.161156  0.227432
93.1777   1.08768 -0.161156  0.227432
93.1787   1.08768 -0.161156  0.227432
93.1802   1.08768 -0.161156  0.227432
93.1812   1.08768 -0.161156  0.227432
93.1822   1.08768 -0.161156  0.227432
93.1837   1.08768 -0.161156  0.227432
93.1847   1.08768 -0.161156  0.227432
93.1857   1.08768 -0.161156  0.227432
93.1872   1.08768 -0.161156  0.227432
93.1882   1.08768 -0.161156  0.227432
93.1892   1.08768 -0.161156  0.227432
93.1907   1.08768 -0.161156  0.227432
93.1917   1.08768 -0.161156  0.227432
93.1927   1.08768 -0.161156  0.227432
93.1942   1.08768 -0.161156  0.227432
93.1952   1.08768 -0.161156  0.227432
93.1962   1.08768 -0.161156  0.227432
93.1977   1.08768 -0.161156  0.227432
93.1987   1.08768 -0.161156  0.227432
93.1997   1.08768 -0.161156  0.227432
93.2012   1.08768 -0.161156  0.227432
93.2022   1.08768 -0.161156  0.227432
93.2032   1.08768 -0.161156  0.227432
93.2042   1.08768 -0.161156  0.227432
93.2057   1.08768 -0.161156  0.227432
93.2067   1.08768 -0.161156  0.227432
93.2077   1.08768 -0.161156  0.227432
93.2092   1.08768 -0.161156  0.227432
93.2102   1.08768 -0.161156  0.227432
93.2112   1.08768 -0.161156  0.227432
93.2127   1.08768 -0.161156  0.227432
93.2137   1.08768 -0.161156  0.227432
93.2147   1.08768 -0.161156  0.227432
93.2161   1.08768 -0.161156  0.227432
93.2172   1.08768 -0.161156  0.227432
93.2182   1.08768 -0.161156  0.227432
93.2196   1.08768 -0.161156  0.227432
93.2206   1.08768 -0.161156  0.227432
93.2216   1.08768 -0.161156  0.227432
93.2231   1.08768 -0.161156  0.227432
93.2241   1.08768 -0.161156  0.227432
93.2252   1.08768 -0.161156  0.227432
93.2266   1.08768 -0.161156  0.227432
93.2276   1.08768 -0.161156  0.227432
93.2286   1.08768 -0.161156  0.227432
93.2301   1.08768 -0.161156  0.227432
93.2311   1.08768 -0.161156  0.227432
93.2321   1.08768 -0.161156  0.227432
93.2331   1.08768 -0.161156  0.227432
93.2346   1.08768 -0.161156  0.227432
93.2356   1.08768 -0.161156  0.227432
93.2366   1.08768 -0.161156  0.227432
93.2381   1.08768 -0.161156  0.227432
93.2391   1.08768 -0.161156  0.227432
93.2401   1.08768 -0.161156  0.227432
93.2416   1.08768 -0.161156  0.227432
93.2426   1.08768 -0.161156  0.227432
93.2436   1.08768 -0.161156  0.227432
93.2451   1.08768 -0.161156  0.227432
93.2461   1.08768 -0.161156  0.227432
93.2471   1.08768 -0.161156  0.227432
93.2486   1.08768 -0.161156  0.227432
93.2496   1.08768 -0.161156  0.227432
93.2506   1.08768 -0.161156  0.227432
93.2521   1.08768 -0.161156  0.227432
93.2531   1.08768 -0.161156  0.227432
93.2541   1.08768 -0.161156  0.227432
93.2556   1.08768 -0.161156  0.227432
93.2566   1.08768 -0.161156  0.227432
93.2576   1.08768 -0.161156  0.227432
93.2591   1.08768 -0.161156  0.227432
93.2601   1.08768 -0.161156  0.227432
93.2611   1.08768 -0.161156  0.227432
93.2621   1.08768 -0.161156  0.227432
93.2636   1.08768 -0.161156  0.227432
93.2646   1.08768 -0.161156  0.227432
93.2656   1.08768 -0.161156  0.227432
93.2671   1.08768 -0.161156  0.227432
93.2681   1.08768 -0.161156  0.227432
93.2691   1.08768 -0.161156  0.227432
93.2706   1.08768 -0.161156  0.227432
93.2716   1.08768 -0.161156  0.227432
93.2726   1.08768 -0.161156  0.227432
93.2741   1.08768 -0.161156  0.227432
93.2751   1.08768 -0.161156  0.227432
93.2761   1.08768 -0.161156  0.227432
93.2776   1.08768 -0.161156  0.227432
93.2786   1.08768 -0.161156  0.227432
93.2796   1.08768 -0.161156  0.227432
93.2811   1.08768 -0.161156  0.227432
93.2821   1.08768 -0.161156  0.227432
93.2831   1.08768 -0.161156  0.227432
93.2846   1.08768 -0.161156  0.227432
93.2856   1.08768 -0.161156  0.227432
93.2866   1.08768 -0.161156  0.227432
93.288   1.08768 -0.161156  0.227432
93.289   1.08768 -0.161156  0.227432
93.29   1.08768 -0.161156  0.227432
93.2911   1.08768 -0.161156  0.227432
93.2925   1.08768 -0.161156  0.227432
93.2935   1.08768 -0.161156  0.227432
93.2945   1.08768 -0.161156  0.227432
93.296   1.08768 -0.161156  0.227432
93.297   1.08768 -0.161156  0.227432
93.298   1.08768 -0.161156  0.227432
93.2995   1.08768 -0.161156  0.227432
93.3005   1.08768 -0.161156  0.227432
93.3015   1.08768 -0.161156  0.227432
93.303   1.08768 -0.161156  0.227432
93.304   1.08768 -0.161156  0.227432
93.305   1.08768 -0.161156  0.227432
93.3065   1.08768 -0.161156  0.227432
93.3075   1.08768 -0.161156  0.227432
93.3085   1.08768 -0.161156  0.227432
93.31   1.08768 -0.161156  0.227432
93.311   1.08768 -0.161156  0.227432
93.312   1.08768 -0.161156  0.227432
93.3135   1.08768 -0.161156  0.227432
93.3145   1.08768 -0.161156  0.227432
93.3155   1.08768 -0.161156  0.227432
93.317   1.08768 -0.161156  0.227432
93.318   1.08768 -0.161156  0.227432
93.319   1.08768 -0.161156  0.227432
93.32   1.08768 -0.161156  0.227432
93.3215   1.08768 -0.161156  0.227432
93.3225   1.08768 -0.161156  0.227432
93.3235   1.08768 -0.161156  0.227432
93.325   1.08768 -0.161156  0.227432
93.326   1.08768 -0.161156  0.227432
93.327   1.08768 -0.161156  0.227432
93.3285   1.08768 -0.161156  0.227432
93.3295   1.08768 -0.161156  0.227432
93.3305   1.08768 -0.161156  0.227432
93.332   1.08768 -0.161156  0.227432
93.333   1.08768 -0.161156  0.227432
93.334   1.08768 -0.161156  0.227432
93.3355   1.08768 -0.161156  0.227432
93.3365   1.08768 -0.161156  0.227432
93.3375   1.08768 -0.161156  0.227432
93.339   1.08768 -0.161156  0.227432
93.34   1.08768 -0.161156  0.227432
93.341   1.08768 -0.161156  0.227432
93.3425   1.08768 -0.161156  0.227432
93.3435   1.08768 -0.161156  0.227432
93.3445   1.08768 -0.161156  0.227432
93.346   1.08768 -0.161156  0.227432
93.347   1.08768 -0.161156  0.227432
93.348   1.08768 -0.161156  0.227432
93.3495   1.08768 -0.161156  0.227432
93.3505   1.08768 -0.161156  0.227432
93.3515   1.08768 -0.161156  0.227432
93.3525   1.08768 -0.161156  0.227432
93.354   1.08768 -0.161156  0.227432
93.355   1.08768 -0.161156  0.227432
93.3559   1.08768 -0.161156  0.227432
93.3575   1.08768 -0.161156  0.227432
93.3584   1.08768 -0.161156  0.227432
93.3595   1.08768 -0.161156  0.227432
93.361   1.08768 -0.161156  0.227432
93.3619   1.08768 -0.161156  0.227432
93.3629   1.08768 -0.161156  0.227432
93.3644   1.08768 -0.161156  0.227432
93.3654   1.08768 -0.161156  0.227432
93.3664   1.08768 -0.161156  0.227432
93.3679   1.08768 -0.161156  0.227432
93.3689   1.08768 -0.161156  0.227432
93.3704   1.08768 -0.161156  0.227432
93.3719   1.08768 -0.161156  0.227432
93.3729   1.08768 -0.161156  0.227432
93.3739   1.08768 -0.161156  0.227432
93.3754   1.08768 -0.161156  0.227432
93.3764   1.08768 -0.161156  0.227432
93.3774   1.08768 -0.161156  0.227432
93.3789   1.08768 -0.161156  0.227432
93.3799   1.08768 -0.161156  0.227432
93.3809   1.08768 -0.161156  0.227432
93.3819   1.08768 -0.161156  0.227432
93.3834   1.08768 -0.161156  0.227432
93.3844   1.08768 -0.161156  0.227432
93.3854   1.08768 -0.161156  0.227432
93.3869   1.08768 -0.161156  0.227432
93.3879   1.08768 -0.161156  0.227432
93.3889   1.08768 -0.161156  0.227432
93.3904   1.08768 -0.161156  0.227432
93.3914   1.08768 -0.161156  0.227432
93.3924   1.08768 -0.161156  0.227432
93.3939   1.08768 -0.161156  0.227432
93.3949   1.08768 -0.161156  0.227432
93.3959   1.08768 -0.161156  0.227432
93.3974   1.08768 -0.161156  0.227432
93.3984   1.08768 -0.161156  0.227432
93.3994   1.08768 -0.161156  0.227432
93.4009   1.08768 -0.161156  0.227432
93.4019   1.08768 -0.161156  0.227432
93.4029   1.08768 -0.161156  0.227432
93.4044   1.08768 -0.161156  0.227432
93.4054   1.08768 -0.161156  0.227432
93.4064   1.08768 -0.161156  0.227432
93.4079   1.08768 -0.161156  0.227432
93.4089   1.08768 -0.161156  0.227432
93.4099   1.08768 -0.161156  0.227432
93.4114   1.08768 -0.161156  0.227432
93.4124   1.08768 -0.161156  0.227432
93.4134   1.08768 -0.161156  0.227432
93.4149   1.08768 -0.161156  0.227432
93.4159   1.08768 -0.161156  0.227432
93.4169   1.08768 -0.161156  0.227432
93.4179   1.08768 -0.161156  0.227432
93.4194   1.08768 -0.161156  0.227432
93.4204   1.08768 -0.161156  0.227432
93.4214   1.08768 -0.161156  0.227432
93.4229   1.08768 -0.161156  0.227432
93.4239   1.08768 -0.161156  0.227432
93.4249   1.08768 -0.161156  0.227432
93.4264   1.08768 -0.161156  0.227432
93.4273   1.08768 -0.161156  0.227432
93.4284   1.08768 -0.161156  0.227432
93.4299   1.08768 -0.161156  0.227432
93.4309   1.08768 -0.161156  0.227432
93.4318   1.08768 -0.161156  0.227432
93.4333   1.08768 -0.161156  0.227432
93.4343   1.08768 -0.161156  0.227432
93.4353   1.08768 -0.161156  0.227432
93.4368   1.08768 -0.161156  0.227432
93.4379   1.08768 -0.161156  0.227432
93.4388   1.08768 -0.161156  0.227432
93.4403   1.08768 -0.161156  0.227432
93.4413   1.08768 -0.161156  0.227432
93.4423   1.08768 -0.161156  0.227432
93.4438   1.08768 -0.161156  0.227432
93.4448   1.08768 -0.161156  0.227432
93.4458   1.08768 -0.161156  0.227432
93.4473   1.08768 -0.161156  0.227432
93.4483   1.08768 -0.161156  0.227432
93.4493   1.08768 -0.161156  0.227432
93.4508   1.08768 -0.161156  0.227432
93.4518   1.08768 -0.161156  0.227432
93.4528   1.08768 -0.161156  0.227432
93.4543   1.08768 -0.161156  0.227432
93.4553   1.08768 -0.161156  0.227432
93.4563   1.08768 -0.161156  0.227432
93.4573   1.08768 -0.161156  0.227432
93.4588   1.08768 -0.161156  0.227432
93.4598   1.08768 -0.161156  0.227432
93.4608   1.08768 -0.161156  0.227432
93.4623   1.08768 -0.161156  0.227432
93.4633   1.08768 -0.161156  0.227432
93.4643   1.08768 -0.161156  0.227432
93.4658   1.08768 -0.161156  0.227432
93.4668   1.08768 -0.161156  0.227432
93.4678   1.08768 -0.161156  0.227432
93.4693   1.08768 -0.161156  0.227432
93.4703   1.08768 -0.161156  0.227432
93.4713   1.08768 -0.161156  0.227432
93.4728   1.08768 -0.161156  0.227432
93.4738   1.08768 -0.161156  0.227432
93.4748   1.08768 -0.161156  0.227432
93.4763   1.08768 -0.161156  0.227432
93.4773   1.08768 -0.161156  0.227432
93.4783   1.08768 -0.161156  0.227432
93.4798   1.08768 -0.161156  0.227432
93.4808   1.08768 -0.161156  0.227432
93.4818   1.08768 -0.161156  0.227432
93.4833   1.08768 -0.161156  0.227432
93.4843   1.08768 -0.161156  0.227432
93.4853   1.08768 -0.161156  0.227432
93.4868   1.08768 -0.161156  0.227432
93.4878   1.08768 -0.161156  0.227432
93.4888   1.08768 -0.161156  0.227432
93.4903   1.08768 -0.161156  0.227432
93.4913   1.08768 -0.161156  0.227432
93.4923   1.08768 -0.161156  0.227432
93.4933   1.08768 -0.161156  0.227432
93.4948   1.08768 -0.161156  0.227432
93.4958   1.08768 -0.161156  0.227432
93.4967   1.08768 -0.161156  0.227432
93.4983   1.08768 -0.161156  0.227432
93.4992   1.08768 -0.161156  0.227432
93.5002   1.08768 -0.161156  0.227432
93.5017   1.08768 -0.161156  0.227432
93.5027   1.08768 -0.161156  0.227432
93.5037   1.08768 -0.161156  0.227432
93.5052   1.08768 -0.161156  0.227432
93.5062   1.08768 -0.161156  0.227432
93.5072   1.08768 -0.161156  0.227432
93.5087   1.08768 -0.161156  0.227432
93.5097   1.08768 -0.161156  0.227432
93.5107   1.08768 -0.161156  0.227432
93.5122   1.08768 -0.161156  0.227432
93.5132   1.08768 -0.161156  0.227432
93.5142   1.08768 -0.161156  0.227432
93.5157   1.08768 -0.161156  0.227432
93.5167   1.08768 -0.161156  0.227432
93.5177   1.08768 -0.161156  0.227432
93.5192   1.08768 -0.161156  0.227432
93.5202   1.08768 -0.161156  0.227432
93.5212   1.08768 -0.161156  0.227432
93.5227   1.08768 -0.161156  0.227432
93.5237   1.08768 -0.161156  0.227432
93.5247   1.08768 -0.161156  0.227432
93.5262   1.08768 -0.161156  0.227432
93.5272   1.08768 -0.161156  0.227432
93.5282   1.08768 -0.161156  0.227432
93.5297   1.08768 -0.161156  0.227432
93.5307   1.08768 -0.161156  0.227432
93.5317   1.08768 -0.161156  0.227432
93.5327   1.08768 -0.161156  0.227432
93.5342   1.08768 -0.161156  0.227432
93.5352   1.08768 -0.161156  0.227432
93.5362   1.08768 -0.161156  0.227432
93.5377   1.08768 -0.161156  0.227432
93.5387   1.08768 -0.161156  0.227432
93.5397   1.08768 -0.161156  0.227432
93.5412   1.08768 -0.161156  0.227432
93.5422   1.08768 -0.161156  0.227432
93.5432   1.08768 -0.161156  0.227432
93.5447   1.08768 -0.161156  0.227432
93.5457   1.08768 -0.161156  0.227432
93.5467   1.08768 -0.161156  0.227432
93.5482   1.08768 -0.161156  0.227432
93.5492   1.08768 -0.161156  0.227432
93.5502   1.08768 -0.161156  0.227432
93.5517   1.08768 -0.161156  0.227432
93.5527   1.08768 -0.161156  0.227432
93.5537   1.08768 -0.161156  0.227432
93.5552   1.08768 -0.161156  0.227432
93.5562   1.08768 -0.161156  0.227432
93.5572   1.08768 -0.161156  0.227432
93.5587   1.08768 -0.161156  0.227432
93.5597   1.08768 -0.161156  0.227432
93.5607   1.08768 -0.161156  0.227432
93.5617   1.08768 -0.161156  0.227432
93.5632   1.08768 -0.161156  0.227432
93.5642   1.08768 -0.161156  0.227432
93.5651   1.08768 -0.161156  0.227432
93.5667   1.08768 -0.161156  0.227432
93.5676   1.08768 -0.161156  0.227432
93.5686   1.08768 -0.161156  0.227432
93.5701   1.08768 -0.161156  0.227432
93.5712   1.08768 -0.161156  0.227432
93.5721   1.08768 -0.161156  0.227432
93.5736   1.08768 -0.161156  0.227432
93.5746   1.08768 -0.161156  0.227432
93.5756   1.08768 -0.161156  0.227432
93.5771   1.08768 -0.161156  0.227432
93.5781   1.08768 -0.161156  0.227432
93.5791   1.08768 -0.161156  0.227432
93.5806   1.08768 -0.161156  0.227432
93.5816   1.08768 -0.161156  0.227432
93.5826   1.08768 -0.161156  0.227432
93.5841   1.08768 -0.161156  0.227432
93.5851   1.08768 -0.161156  0.227432
93.5861   1.08768 -0.161156  0.227432
93.5876   1.08768 -0.161156  0.227432
93.5886   1.08768 -0.161156  0.227432
93.5896   1.08768 -0.161156  0.227432
93.5911   1.08768 -0.161156  0.227432
93.5921   1.08768 -0.161156  0.227432
93.5931   1.08768 -0.161156  0.227432
93.5946   1.08768 -0.161156  0.227432
93.5956   1.08768 -0.161156  0.227432
93.5966   1.08768 -0.161156  0.227432
93.5976   1.08768 -0.161156  0.227432
93.5991   1.08768 -0.161156  0.227432
93.6001   1.08768 -0.161156  0.227432
93.6016   1.08768 -0.161156  0.227432
93.6026   1.08768 -0.161156  0.227432
93.6036   1.08768 -0.161156  0.227432
93.6046   1.08768 -0.161156  0.227432
93.6061   1.08768 -0.161156  0.227432
93.6071   1.08768 -0.161156  0.227432
93.6081   1.08768 -0.161156  0.227432
93.6096   1.08768 -0.161156  0.227432
93.6106   1.08768 -0.161156  0.227432
93.6116   1.08768 -0.161156  0.227432
93.6131   1.08768 -0.161156  0.227432
93.6141   1.08768 -0.161156  0.227432
93.6151   1.08768 -0.161156  0.227432
93.6166   1.08768 -0.161156  0.227432
93.6176   1.08768 -0.161156  0.227432
93.6186   1.08768 -0.161156  0.227432
93.6201   1.08768 -0.161156  0.227432
93.6211   1.08768 -0.161156  0.227432
93.6221   1.08768 -0.161156  0.227432
93.6236   1.08768 -0.161156  0.227432
93.6246   1.08768 -0.161156  0.227432
93.6256   1.08768 -0.161156  0.227432
93.6271   1.08768 -0.161156  0.227432
93.6281   1.08768 -0.161156  0.227432
93.6291   1.08768 -0.161156  0.227432
93.6306   1.08768 -0.161156  0.227432
93.6316   1.08768 -0.161156  0.227432
93.6326   1.08768 -0.161156  0.227432
93.6341   1.08768 -0.161156  0.227432
93.6351   1.08768 -0.161156  0.227432
93.6361   1.08768 -0.161156  0.227432
93.6376   1.08768 -0.161156  0.227432
93.6385   1.08768 -0.161156  0.227432
93.6396   1.08768 -0.161156  0.227432
93.6405   1.08768 -0.161156  0.227432
93.6421   1.08768 -0.161156  0.227432
93.643   1.08768 -0.161156  0.227432
93.644   1.08768 -0.161156  0.227432
93.6456   1.08768 -0.161156  0.227432
93.6465   1.08768 -0.161156  0.227432
93.6475   1.08768 -0.161156  0.227432
93.649   1.08768 -0.161156  0.227432
93.65   1.08768 -0.161156  0.227432
93.651   1.08768 -0.161156  0.227432
93.6525   1.08768 -0.161156  0.227432
93.6535   1.08768 -0.161156  0.227432
93.6545   1.08768 -0.161156  0.227432
93.656   1.08768 -0.161156  0.227432
93.657   1.08768 -0.161156  0.227432
93.658   1.08768 -0.161156  0.227432
93.6595   1.08768 -0.161156  0.227432
93.6605   1.08768 -0.161156  0.227432
93.6615   1.08768 -0.161156  0.227432
93.663   1.08768 -0.161156  0.227432
93.664   1.08768 -0.161156  0.227432
93.665   1.08768 -0.161156  0.227432
93.6665   1.08768 -0.161156  0.227432
93.6675   1.08768 -0.161156  0.227432
93.6685   1.08768 -0.161156  0.227432
93.67   1.08768 -0.161156  0.227432
93.671   1.08768 -0.161156  0.227432
93.672   1.08768 -0.161156  0.227432
93.673   1.08768 -0.161156  0.227432
93.6745   1.08768 -0.161156  0.227432
93.6755   1.08768 -0.161156  0.227432
93.6765   1.08768 -0.161156  0.227432
93.678   1.08768 -0.161156  0.227432
93.679   1.08768 -0.161156  0.227432
93.68   1.08768 -0.161156  0.227432
93.6815   1.08768 -0.161156  0.227432
93.6825   1.08768 -0.161156  0.227432
93.6835   1.08768 -0.161156  0.227432
93.685   1.08768 -0.161156  0.227432
93.686   1.08768 -0.161156  0.227432
93.687   1.08768 -0.161156  0.227432
93.6885   1.08768 -0.161156  0.227432
93.6895   1.08768 -0.161156  0.227432
93.6905   1.08768 -0.161156  0.227432
93.692   1.08768 -0.161156  0.227432
93.693   1.08768 -0.161156  0.227432
93.694   1.08768 -0.161156  0.227432
93.6955   1.08768 -0.161156  0.227432
93.6965   1.08768 -0.161156  0.227432
93.6975   1.08768 -0.161156  0.227432
93.6985   1.08768 -0.161156  0.227432
93.7   1.08768 -0.161156  0.227432
93.701   1.08768 -0.161156  0.227432
93.702   1.08768 -0.161156  0.227432
93.7035   1.08768 -0.161156  0.227432
93.7045   1.08768 -0.161156  0.227432
93.7055   1.08768 -0.161156  0.227432
93.707   1.08768 -0.161156  0.227432
93.708   1.08768 -0.161156  0.227432
93.7089   1.08768 -0.161156  0.227432
93.7104   1.08768 -0.161156  0.227432
93.7114   1.08768 -0.161156  0.227432
93.7124   1.08768 -0.161156  0.227432
93.7139   1.08768 -0.161156  0.227432
93.7149   1.08768 -0.161156  0.227432
93.7159   1.08768 -0.161156  0.227432
93.7174   1.08768 -0.161156  0.227432
93.7184   1.08768 -0.161156  0.227432
93.7194   1.08768 -0.161156  0.227432
93.7209   1.08768 -0.161156  0.227432
93.7219   1.08768 -0.161156  0.227432
93.7229   1.08768 -0.161156  0.227432
93.7239   1.08768 -0.161156  0.227432
93.7254   1.08768 -0.161156  0.227432
93.7264   1.08768 -0.161156  0.227432
93.7274   1.08768 -0.161156  0.227432
93.7289   1.08768 -0.161156  0.227432
93.7299   1.08768 -0.161156  0.227432
93.7309   1.08768 -0.161156  0.227432
93.7324   1.08768 -0.161156  0.227432
93.7334   1.08768 -0.161156  0.227432
93.7344   1.08768 -0.161156  0.227432
93.7359   1.08768 -0.161156  0.227432
93.7369   1.08768 -0.161156  0.227432
93.7379   1.08768 -0.161156  0.227432
93.7394   1.08768 -0.161156  0.227432
93.7404   1.08768 -0.161156  0.227432
93.7414   1.08768 -0.161156  0.227432
93.7429   1.08768 -0.161156  0.227432
93.7439   1.08768 -0.161156  0.227432
93.7449   1.08768 -0.161156  0.227432
93.7464   1.08768 -0.161156  0.227432
93.7474   1.08768 -0.161156  0.227432
93.7484   1.08768 -0.161156  0.227432
93.7499   1.08768 -0.161156  0.227432
93.7509   1.08768 -0.161156  0.227432
93.7519   1.08768 -0.161156  0.227432
93.7534   1.08768 -0.161156  0.227432
93.7544   1.08768 -0.161156  0.227432
93.7554   1.08768 -0.161156  0.227432
93.7569   1.08768 -0.161156  0.227432
93.7579   1.08768 -0.161156  0.227432
93.7589   1.08768 -0.161156  0.227432
93.7604   1.08768 -0.161156  0.227432
93.7614   1.08768 -0.161156  0.227432
93.7629   1.08768 -0.161156  0.227432
93.7639   1.08768 -0.161156  0.227432
93.7649   1.08768 -0.161156  0.227432
93.7664   1.08768 -0.161156  0.227432
93.7674   1.08768 -0.161156  0.227432
93.7689   1.08768 -0.161156  0.227432
93.7699   1.08768 -0.161156  0.227432
93.7709   1.08768 -0.161156  0.227432
93.7724   1.08768 -0.161156  0.227432
93.7734   1.08768 -0.161156  0.227432
93.7744   1.08768 -0.161156  0.227432
93.7759   1.08768 -0.161156  0.227432
93.7769   1.08768 -0.161156  0.227432
93.7779   1.08768 -0.161156  0.227432
93.7794   1.08768 -0.161156  0.227432
93.7804   1.08768 -0.161156  0.227432
93.7813   1.08768 -0.161156  0.227432
93.7829   1.08768 -0.161156  0.227432
93.7838   1.08768 -0.161156  0.227432
93.7848   1.08768 -0.161156  0.227432
93.7863   1.08768 -0.161156  0.227432
93.7873   1.08768 -0.161156  0.227432
93.7883   1.08768 -0.161156  0.227432
93.7898   1.08768 -0.161156  0.227432
93.7908   1.08768 -0.161156  0.227432
93.7918   1.08768 -0.161156  0.227432
93.7933   1.08768 -0.161156  0.227432
93.7943   1.08768 -0.161156  0.227432
93.7953   1.08768 -0.161156  0.227432
93.7968   1.08768 -0.161156  0.227432
93.7978   1.08768 -0.161156  0.227432
93.7988   1.08768 -0.161156  0.227432
93.8003   1.08768 -0.161156  0.227432
93.8013   1.08768 -0.161156  0.227432
93.8023   1.08768 -0.161156  0.227432
93.8038   1.08768 -0.161156  0.227432
93.8048   1.08768 -0.161156  0.227432
93.8058   1.08768 -0.161156  0.227432
93.8073   1.08768 -0.161156  0.227433
93.8083   1.08768 -0.161156  0.227433
93.8093   1.08768 -0.161156  0.227433
93.8108   1.08768 -0.161156  0.227433
93.8118   1.08768 -0.161156  0.227433
93.8128   1.08768 -0.161156  0.227433
93.8143   1.08768 -0.161156  0.227433
93.8153   1.08768 -0.161156  0.227433
93.8163   1.08768 -0.161156  0.227433
93.8178   1.08768 -0.161156  0.227433
93.8188   1.08768 -0.161156  0.227433
93.8198   1.08768 -0.161156  0.227433
93.8213   1.08768 -0.161156  0.227433
93.8223   1.08768 -0.161156  0.227433
93.8233   1.08768 -0.161156  0.227433
93.8243   1.08768 -0.161156  0.227433
93.8258   1.08768 -0.161156  0.227433
93.8268   1.08768 -0.161156  0.227433
93.8278   1.08768 -0.161156  0.227433
93.8293   1.08768 -0.161156  0.227433
93.8303   1.08768 -0.161156  0.227433
93.8313   1.08768 -0.161156  0.227433
93.8328   1.08768 -0.161156  0.227433
93.8338   1.08768 -0.161156  0.227433
93.8348   1.08768 -0.161156  0.227433
93.8363   1.08768 -0.161156  0.227433
93.8373   1.08768 -0.161156  0.227433
93.8383   1.08768 -0.161156  0.227433
93.8398   1.08768 -0.161156  0.227433
93.8408   1.08768 -0.161156  0.227433
93.8418   1.08768 -0.161156  0.227433
93.8433   1.08768 -0.161156  0.227433
93.8443   1.08768 -0.161156  0.227433
93.8453   1.08768 -0.161156  0.227433
93.8468   1.08768 -0.161156  0.227433
93.8478   1.08768 -0.161156  0.227433
93.8487   1.08768 -0.161156  0.227433
93.8503   1.08768 -0.161156  0.227433
93.8512   1.08768 -0.161156  0.227433
93.8522   1.08768 -0.161156  0.227433
93.8537   1.08768 -0.161156  0.227433
93.8548   1.08768 -0.161156  0.227433
93.8557   1.08768 -0.161156  0.227433
93.8572   1.08768 -0.161156  0.227433
93.8582   1.08768 -0.161156  0.227433
93.8592   1.08768 -0.161156  0.227433
93.8607   1.08768 -0.161156  0.227433
93.8617   1.08768 -0.161156  0.227433
93.8627   1.08768 -0.161156  0.227433
93.8642   1.08768 -0.161156  0.227433
93.8652   1.08768 -0.161156  0.227433
93.8662   1.08768 -0.161156  0.227433
93.8677   1.08768 -0.161156  0.227433
93.8687   1.08768 -0.161156  0.227433
93.8697   1.08768 -0.161156  0.227433
93.8707   1.08768 -0.161156  0.227433
93.8722   1.08768 -0.161156  0.227433
93.8732   1.08768 -0.161156  0.227433
93.8742   1.08768 -0.161156  0.227433
93.8757   1.08768 -0.161156  0.227433
93.8767   1.08768 -0.161156  0.227433
93.8777   1.08768 -0.161156  0.227433
93.8792   1.08768 -0.161156  0.227433
93.8802   1.08768 -0.161156  0.227433
93.8812   1.08768 -0.161156  0.227433
93.8827   1.08768 -0.161156  0.227433
93.8837   1.08768 -0.161156  0.227433
93.8847   1.08768 -0.161156  0.227433
93.8862   1.08768 -0.161156  0.227433
93.8872   1.08768 -0.161156  0.227433
93.8882   1.08768 -0.161156  0.227433
93.8897   1.08768 -0.161156  0.227433
93.8907   1.08768 -0.161156  0.227433
93.8917   1.08768 -0.161156  0.227433
93.8932   1.08768 -0.161156  0.227433
93.8942   1.08768 -0.161156  0.227433
93.8952   1.08768 -0.161156  0.227433
93.8962   1.08768 -0.161156  0.227433
93.8977   1.08768 -0.161156  0.227433
93.8987   1.08768 -0.161156  0.227433
93.8997   1.08768 -0.161156  0.227433
93.9012   1.08768 -0.161156  0.227433
93.9022   1.08768 -0.161156  0.227433
93.9032   1.08768 -0.161156  0.227433
93.9047   1.08768 -0.161156  0.227433
93.9057   1.08768 -0.161156  0.227433
93.9067   1.08768 -0.161156  0.227433
93.9082   1.08768 -0.161156  0.227433
93.9092   1.08768 -0.161156  0.227433
93.9102   1.08768 -0.161156  0.227433
93.9117   1.08768 -0.161156  0.227433
93.9127   1.08768 -0.161156  0.227433
93.9137   1.08768 -0.161156  0.227433
93.9152   1.08768 -0.161156  0.227433
93.9162   1.08768 -0.161156  0.227433
93.9172   1.08768 -0.161156  0.227433
93.9187   1.08768 -0.161156  0.227433
93.9196   1.08768 -0.161156  0.227433
93.9207   1.08768 -0.161156  0.227433
93.9221   1.08768 -0.161156  0.227433
93.9231   1.08768 -0.161156  0.227433
93.9241   1.08768 -0.161156  0.227433
93.9251   1.08768 -0.161156  0.227433
93.9267   1.08768 -0.161156  0.227433
93.9276   1.08768 -0.161156  0.227433
93.9286   1.08768 -0.161156  0.227433
93.9301   1.08768 -0.161156  0.227433
93.9311   1.08768 -0.161156  0.227433
93.9321   1.08768 -0.161156  0.227433
93.9336   1.08768 -0.161156  0.227433
93.9346   1.08768 -0.161156  0.227433
93.9356   1.08768 -0.161156  0.227433
93.9371   1.08768 -0.161156  0.227433
93.9381   1.08768 -0.161156  0.227433
93.9391   1.08768 -0.161156  0.227433
93.9406   1.08768 -0.161156  0.227433
93.9416   1.08768 -0.161156  0.227433
93.9426   1.08768 -0.161156  0.227433
93.9441   1.08768 -0.161156  0.227433
93.9451   1.08768 -0.161156  0.227433
93.9461   1.08768 -0.161156  0.227433
93.9476   1.08768 -0.161156  0.227433
93.9486   1.08768 -0.161156  0.227433
93.9496   1.08768 -0.161156  0.227433
93.9511   1.08768 -0.161156  0.227433
93.9521   1.08768 -0.161156  0.227433
93.9531   1.08768 -0.161156  0.227433
93.9546   1.08768 -0.161156  0.227433
93.9556   1.08768 -0.161156  0.227433
93.9566   1.08768 -0.161156  0.227433
93.9576   1.08768 -0.161156  0.227433
93.9591   1.08768 -0.161156  0.227433
93.9601   1.08768 -0.161156  0.227433
93.9611   1.08768 -0.161156  0.227433
93.9626   1.08768 -0.161156  0.227433
93.9636   1.08768 -0.161156  0.227433
93.9646   1.08768 -0.161156  0.227433
93.9661   1.08768 -0.161156  0.227433
93.9671   1.08768 -0.161156  0.227433
93.9681   1.08768 -0.161156  0.227433
93.9696   1.08768 -0.161156  0.227433
93.9706   1.08768 -0.161156  0.227433
93.9716   1.08768 -0.161156  0.227433
93.9731   1.08768 -0.161156  0.227433
93.9741   1.08768 -0.161156  0.227433
93.9751   1.08768 -0.161156  0.227433
93.9766   1.08768 -0.161156  0.227433
93.9776   1.08768 -0.161156  0.227433
93.9786   1.08768 -0.161156  0.227433
93.9801   1.08768 -0.161156  0.227433
93.9811   1.08768 -0.161156  0.227433
93.9821   1.08768 -0.161156  0.227433
93.9836   1.08768 -0.161156  0.227433
93.9846   1.08768 -0.161156  0.227433
93.9856   1.08768 -0.161156  0.227433
93.9871   1.08768 -0.161156  0.227433
93.988   1.08768 -0.161156  0.227433
93.9891   1.08768 -0.161156  0.227433
93.9901   1.08768 -0.161156  0.227433
93.9916   1.08768 -0.161156  0.227433
93.9925   1.08768 -0.161156  0.227433
93.9935   1.08768 -0.161156  0.227433
93.995   1.08768 -0.161156  0.227433
93.996   1.08768 -0.161156  0.227433
93.997   1.08768 -0.161156  0.227433
93.9985   1.08768 -0.161156  0.227433
93.9995   1.08768 -0.161156  0.227433
94.0005   1.08768 -0.161156  0.227433
94.002   1.08768 -0.161156  0.227433
94.003   1.08768 -0.161156  0.227433
94.004   1.08768 -0.161156  0.227433
94.0055   1.08768 -0.161156  0.227433
94.0065   1.08768 -0.161156  0.227433
94.0075   1.08768 -0.161156  0.227433
94.009   1.08768 -0.161156  0.227433
94.01   1.08768 -0.161156  0.227433
94.011   1.08768 -0.161156  0.227433
94.0125   1.08768 -0.161156  0.227433
94.0135   1.08768 -0.161156  0.227433
94.0145   1.08768 -0.161156  0.227433
94.016   1.08768 -0.161156  0.227433
94.017   1.08768 -0.161156  0.227433
94.018   1.08768 -0.161156  0.227433
94.0195   1.08768 -0.161156  0.227433
94.0205   1.08768 -0.161156  0.227433
94.0215   1.08768 -0.161156  0.227433
94.023   1.08768 -0.161156  0.227433
94.024   1.08768 -0.161156  0.227433
94.025   1.08768 -0.161156  0.227433
94.0265   1.08768 -0.161156  0.227433
94.0275   1.08768 -0.161156  0.227433
94.0285   1.08768 -0.161156  0.227433
94.0295   1.08768 -0.161156  0.227433
94.031   1.08768 -0.161156  0.227433
94.032   1.08768 -0.161156  0.227433
94.033   1.08768 -0.161156  0.227433
94.0345   1.08768 -0.161156  0.227433
94.0355   1.08768 -0.161156  0.227433
94.0365   1.08768 -0.161156  0.227433
94.038   1.08768 -0.161156  0.227433
94.039   1.08768 -0.161156  0.227433
94.04   1.08768 -0.161156  0.227433
94.0415   1.08768 -0.161156  0.227433
94.0425   1.08768 -0.161156  0.227433
94.0435   1.08768 -0.161156  0.227433
94.045   1.08768 -0.161156  0.227433
94.046   1.08768 -0.161156  0.227433
94.047   1.08768 -0.161156  0.227433
94.0485   1.08768 -0.161156  0.227433
94.0495   1.08768 -0.161156  0.227433
94.0505   1.08768 -0.161156  0.227433
94.052   1.08768 -0.161156  0.227433
94.0529   1.08768 -0.161156  0.227433
94.054   1.08768 -0.161156  0.227433
94.0555   1.08768 -0.161156  0.227433
94.0564   1.08768 -0.161156  0.227433
94.0574   1.08768 -0.161156  0.227433
94.0589   1.08768 -0.161156  0.227433
94.0599   1.08768 -0.161156  0.227433
94.061   1.08768 -0.161156  0.227433
94.0624   1.08768 -0.161156  0.227433
94.0634   1.08768 -0.161156  0.227433
94.0644   1.08768 -0.161156  0.227433
94.0659   1.08768 -0.161156  0.227433
94.0669   1.08768 -0.161156  0.227433
94.0679   1.08768 -0.161156  0.227433
94.0689   1.08768 -0.161156  0.227433
94.0704   1.08768 -0.161156  0.227433
94.0714   1.08768 -0.161156  0.227433
94.0724   1.08768 -0.161156  0.227433
94.0739   1.08768 -0.161156  0.227433
94.0749   1.08768 -0.161156  0.227433
94.0759   1.08768 -0.161156  0.227433
94.0774   1.08768 -0.161156  0.227433
94.0784   1.08768 -0.161156  0.227433
94.0794   1.08768 -0.161156  0.227433
94.0809   1.08768 -0.161156  0.227433
94.0819   1.08768 -0.161156  0.227433
94.0829   1.08768 -0.161156  0.227433
94.0844   1.08768 -0.161156  0.227433
94.0854   1.08768 -0.161156  0.227433
94.0864   1.08768 -0.161156  0.227433
94.0879   1.08768 -0.161156  0.227433
94.0889   1.08768 -0.161156  0.227433
94.0899   1.08768 -0.161156  0.227433
94.0914   1.08768 -0.161156  0.227433
94.0924   1.08768 -0.161156  0.227433
94.0934   1.08768 -0.161156  0.227433
94.0949   1.08768 -0.161156  0.227433
94.0959   1.08768 -0.161156  0.227433
94.0969   1.08768 -0.161156  0.227433
94.0984   1.08768 -0.161156  0.227433
94.0994   1.08768 -0.161156  0.227433
94.1004   1.08768 -0.161156  0.227433
94.1019   1.08768 -0.161156  0.227433
94.1029   1.08768 -0.161156  0.227433
94.1039   1.08768 -0.161156  0.227433
94.1049   1.08768 -0.161156  0.227433
94.1064   1.08768 -0.161156  0.227433
94.1074   1.08768 -0.161156  0.227433
94.1084   1.08768 -0.161156  0.227433
94.1099   1.08768 -0.161156  0.227433
94.1109   1.08768 -0.161156  0.227433
94.1124   1.08768 -0.161156  0.227433
94.1134   1.08768 -0.161156  0.227433
94.1149   1.08768 -0.161156  0.227433
94.1159   1.08768 -0.161156  0.227433
94.1174   1.08768 -0.161156  0.227433
94.1184   1.08768 -0.161156  0.227433
94.1199   1.08768 -0.161156  0.227433
94.1209   1.08768 -0.161156  0.227433
94.1224   1.08768 -0.161156  0.227433
94.1234   1.08768 -0.161156  0.227433
94.1249   1.08768 -0.161156  0.227433
94.1259   1.08768 -0.161156  0.227433
94.1269   1.08768 -0.161156  0.227433
94.1283   1.08768 -0.161156  0.227433
94.1293   1.08768 -0.161156  0.227433
94.1303   1.08768 -0.161156  0.227433
94.1318   1.08768 -0.161156  0.227433
94.1328   1.08768 -0.161156  0.227433
94.1338   1.08768 -0.161156  0.227433
94.1353   1.08768 -0.161156  0.227433
94.1363   1.08768 -0.161156  0.227433
94.1373   1.08768 -0.161156  0.227433
94.1388   1.08768 -0.161156  0.227433
94.1398   1.08768 -0.161156  0.227433
94.1408   1.08768 -0.161156  0.227433
94.1423   1.08768 -0.161156  0.227433
94.1433   1.08768 -0.161156  0.227433
94.1443   1.08768 -0.161156  0.227433
94.1458   1.08768 -0.161156  0.227433
94.1468   1.08768 -0.161156  0.227433
94.1478   1.08768 -0.161156  0.227433
94.1493   1.08768 -0.161156  0.227433
94.1503   1.08768 -0.161156  0.227433
94.1513   1.08768 -0.161156  0.227433
94.1528   1.08768 -0.161156  0.227433
94.1538   1.08768 -0.161156  0.227433
94.1548   1.08768 -0.161156  0.227433
94.1563   1.08768 -0.161156  0.227433
94.1573   1.08768 -0.161156  0.227433
94.1583   1.08768 -0.161156  0.227433
94.1598   1.08768 -0.161156  0.227433
94.1608   1.08768 -0.161156  0.227433
94.1618   1.08768 -0.161156  0.227433
94.1633   1.08768 -0.161156  0.227433
94.4734   1.08342 -0.160061  0.229633
94.4743   1.08342 -0.160061  0.229633
94.4759   1.08342 -0.160061  0.229633
94.4769   1.08342 -0.160061  0.229633
94.4779   1.08342 -0.160061  0.229633
94.4793   1.08342 -0.160061  0.229633
94.4804   1.08342 -0.160061  0.229633
94.4813   1.08342 -0.160061  0.229633
94.4828   1.08341 -0.160058  0.229683
94.4838    1.0834 -0.160054  0.229726
94.4848   1.08339 -0.160052  0.229761
94.4858  1.08338 -0.16005  0.22979
94.4873   1.08338 -0.160048  0.229814
94.4883   1.08337 -0.160046  0.229842
94.4898   1.08337 -0.160045  0.229857
94.4908   1.08337 -0.160044  0.229869
94.4918   1.08337 -0.160043  0.229878
94.4928   1.08336 -0.160042   0.22989
94.4943   1.08336 -0.160042  0.229896
94.4953   1.08336 -0.160041  0.229901
94.4963   1.08336 -0.160041  0.229905
94.4978   1.08336 -0.160041   0.22991
94.4988   1.08336 -0.160041  0.229912
94.4998   1.08336 -0.160041  0.229914
94.5013  1.08336 -0.16004 0.229916
94.5023  1.08336 -0.16004 0.229918
94.5033  1.08336 -0.16004 0.229919
94.5048  1.08336 -0.16004 0.229919
94.5058  1.08336 -0.16004  0.22992
94.5068  1.08336 -0.16004 0.229921
94.5083  1.08336 -0.16004 0.229921
94.5093  1.08336 -0.16004 0.229922
94.5103  1.08336 -0.16004 0.229922
94.5118  1.08336 -0.16004 0.229922
94.5128  1.08336 -0.16004 0.229922
94.5138  1.08336 -0.16004 0.229922
94.5153  1.08336 -0.16004 0.229923
94.5163  1.08336 -0.16004 0.229923
94.5173  1.08336 -0.16004 0.229923
94.5188  1.08336 -0.16004 0.229923
94.5198  1.08336 -0.16004 0.229923
94.5208  1.08336 -0.16004 0.229923
94.5223  1.08336 -0.16004 0.229923
94.5233  1.08336 -0.16004 0.229923
94.5243  1.08336 -0.16004 0.229923
94.5258  1.08336 -0.16004 0.229923
94.5268  1.08336 -0.16004 0.229923
94.5278  1.08336 -0.16004 0.229923
94.5288  1.08336 -0.16004 0.229923
94.5303  1.08336 -0.16004 0.229923
94.5313  1.08336 -0.16004 0.229923
94.5323  1.08336 -0.16004 0.229923
94.5338  1.08336 -0.16004 0.229923
94.5348  1.08336 -0.16004 0.229923
94.5358  1.08336 -0.16004 0.229923
94.5373  1.08336 -0.16004 0.229923
94.5383  1.08336 -0.16004 0.229923
94.5393  1.08336 -0.16004 0.229923
94.5408  1.08336 -0.16004 0.229923
94.5418  1.08336 -0.16004 0.229923
94.5428  1.08336 -0.16004 0.229923
94.5443  1.08336 -0.16004 0.229923
94.5452  1.08336 -0.16004 0.229923
94.5463  1.08336 -0.16004 0.229923
94.5478   1.08351 -0.160067  0.229832
94.5488   1.08379 -0.160117  0.229669
94.5497   1.08403 -0.160158  0.229531
94.5512   1.08432 -0.160209  0.229365
94.5522   1.08447 -0.160235  0.229277
94.5532   1.08459 -0.160257  0.229205
94.5547   1.08474 -0.160283  0.229119
94.5557   1.08474 -0.160283  0.229119
94.5572   1.08485 -0.160302  0.229056
94.5582   1.08491 -0.160312  0.229023
94.5597  1.08496 -0.16032 0.228995
94.5607   1.08499 -0.160327  0.228973
94.5617   1.08504 -0.160335  0.228947
94.5632   1.08506 -0.160339  0.228934
94.5642   1.08508 -0.160342  0.228923
94.5652    1.0851 -0.160345  0.228914
94.5667   1.08511 -0.160348  0.228903
94.5677  1.08512 -0.16035 0.228898
94.5687   1.08513 -0.160351  0.228893
94.5702   1.08514 -0.160353  0.228888
94.5712   1.08515 -0.160354  0.228885
94.5722   1.08515 -0.160354  0.228883
94.5737   1.08515 -0.160355  0.228881
94.5747   1.08516 -0.160355  0.228879
94.5757   1.08516 -0.160356  0.228878
94.5772   1.08516 -0.160356  0.228877
94.5782   1.08516 -0.160356  0.228877
94.5792   1.08516 -0.160356  0.228877
94.5812   1.08516 -0.160356  0.228876
94.5822   1.08516 -0.160357  0.228875
94.5832   1.08516 -0.160357  0.228875
94.5847   1.08516 -0.160357  0.228874
94.5857   1.08453 -0.160332  0.229292
94.5867  1.08399 -0.16031  0.22965
94.5877   1.08353 -0.160292  0.229951
94.5892   1.08315 -0.160277  0.230202
94.5902    1.0827 -0.160259  0.230501
94.5912   1.08246 -0.160249  0.230657
94.5927   1.08227 -0.160241  0.230786
94.5937   1.08211 -0.160235  0.230892
94.5947   1.08192 -0.160227  0.231016
94.5962   1.08182 -0.160224   0.23108
94.5972  1.08174 -0.16022 0.231133
94.5982   1.08165 -0.160217  0.231195
94.5997   1.08165 -0.160217  0.231195
94.6007   1.08165 -0.160217  0.231195
94.6022   1.08158 -0.160214  0.231241
94.6037   1.08153 -0.160212  0.231275
94.6047    1.0815 -0.160211  0.231292
94.6057  1.08148 -0.16021 0.231307
94.6072   1.08146 -0.160209  0.231323
94.6082   1.08144 -0.160208  0.231332
94.6092   1.08143 -0.160208  0.231339
94.6107   1.08142 -0.160208  0.231345
94.6117   1.08141 -0.160207  0.231352
94.6127   1.08141 -0.160207  0.231356
94.6137    1.0814 -0.160207  0.231359
94.6152    1.0814 -0.160207  0.231361
94.6161   1.08139 -0.160206  0.231364
94.6171   1.08194 -0.160288   0.23105
94.6187    1.0829 -0.160433   0.23049
94.6196   1.08373 -0.160557  0.230014
94.6207   1.08472 -0.160705  0.229441
94.6222   1.08524 -0.160784  0.229139
94.6231   1.08567 -0.160848  0.228889
94.6241   1.08602 -0.160902  0.228684
94.6256   1.08644 -0.160964  0.228442
94.6266   1.08666 -0.160997  0.228316
94.6276   1.08684 -0.161024  0.228213
94.6291   1.08705 -0.161055  0.228092
94.6301   1.08715 -0.161071   0.22803
94.6311   1.08724 -0.161084  0.227979
94.6326   1.08731 -0.161095  0.227937
94.6336    1.0874 -0.161108  0.227887
94.6346   1.08744 -0.161115  0.227862
94.6361  1.08748 -0.16112 0.227841
94.6371   1.08751 -0.161124  0.227824
94.6381  1.08754 -0.16113 0.227804
94.6396   1.08756 -0.161132  0.227794
94.6406   1.08758 -0.161135  0.227785
94.6416   1.08759 -0.161136  0.227778
94.6431    1.0876 -0.161138   0.22777
94.6441  1.08761 -0.16114 0.227766
94.6451  1.08762 -0.16114 0.227762
94.6466   1.08762 -0.161141   0.22776
94.6476   1.08763 -0.161142  0.227756
94.6486   1.08763 -0.161142  0.227755
94.6496   1.08722 -0.161011  0.227941
94.6511   1.08671 -0.160849  0.228171
94.6521   1.08644 -0.160762  0.228294
94.6531  1.08621 -0.16069 0.228397
94.6546   1.08603 -0.160631  0.228482
94.6556  1.08581 -0.16056 0.228582
94.6566   1.08569 -0.160523  0.228634
94.6581    1.0856 -0.160493  0.228677
94.6591   1.08552 -0.160468  0.228712
94.6601   1.08543 -0.160439  0.228753
94.6616   1.08538 -0.160424  0.228775
94.6626   1.08534 -0.160412  0.228792
94.6636   1.08531 -0.160402  0.228807
94.6651  1.08527 -0.16039 0.228824
94.6661   1.08525 -0.160384  0.228832
94.6671   1.08524 -0.160379  0.228839
94.6686   1.08523 -0.160375  0.228845
94.6696  1.08521 -0.16037 0.228852
94.6706    1.0852 -0.160368  0.228856
94.6721    1.0852 -0.160366  0.228859
94.6731   1.08519 -0.160364  0.228861
94.6741   1.08518 -0.160362  0.228864
94.6756   1.08518 -0.160361  0.228865
94.6766  1.08518 -0.16036 0.228866
94.6776   1.08518 -0.160359  0.228867
94.6786   1.08517 -0.160359  0.228868
94.6801   1.08517 -0.160358  0.228869
94.6811   1.08517 -0.160358   0.22887
94.6821   1.08517 -0.160358   0.22887
94.6836   1.08517 -0.160357   0.22887
94.6846   1.08517 -0.160357  0.228871
94.6856   1.08517 -0.160357  0.228871
94.6871   1.08517 -0.160357  0.228871
94.6881   1.08517 -0.160357  0.228871
94.6891   1.08517 -0.160357  0.228871
94.6905   1.08517 -0.160357  0.228871
94.6916   1.08517 -0.160356  0.228871
94.6925   1.08517 -0.160356  0.228872
94.694   1.08517 -0.160356  0.228872
94.695   1.08517 -0.160356  0.228872
94.696   1.08517 -0.160356  0.228872
94.6975   1.08517 -0.160356  0.228872
94.6985   1.08517 -0.160356  0.228872
94.6995   1.08517 -0.160356  0.228872
94.701   1.08517 -0.160356  0.228872
94.702   1.08517 -0.160356  0.228872
94.703   1.08517 -0.160356  0.228872
94.7045   1.08517 -0.160356  0.228872
94.7055   1.08517 -0.160356  0.228872
94.7065   1.08517 -0.160356  0.228872
94.7075   1.08517 -0.160356  0.228872
94.709   1.08517 -0.160356  0.228872
94.71   1.08517 -0.160356  0.228872
94.711   1.08517 -0.160356  0.228872
94.7125   1.08517 -0.160356  0.228872
94.7135   1.08517 -0.160356  0.228872
94.7145   1.08517 -0.160356  0.228872
94.716   1.08517 -0.160356  0.228872
94.717   1.08558 -0.160488  0.228685
94.718   1.08594 -0.160601  0.228524
94.7195   1.08624 -0.160696  0.228389
94.7205  1.08659 -0.16081 0.228228
94.7215  1.08678 -0.16087 0.228143
94.723   1.08694 -0.160919  0.228073
94.724  1.08706 -0.16096 0.228015
94.725   1.08721 -0.161007  0.227947
94.7265   1.08729 -0.161032  0.227912
94.7275   1.08736 -0.161053  0.227883
94.7285   1.08743 -0.161076  0.227849
94.73   1.08747 -0.161089  0.227832
94.731    1.0875 -0.161099  0.227818
94.732   1.08753 -0.161107  0.227806
94.7335   1.08756 -0.161117  0.227792
94.7345   1.08757 -0.161122  0.227785
94.7355   1.08759 -0.161126  0.227779
94.737    1.0876 -0.161129  0.227774
94.738   1.08761 -0.161133  0.227769
94.739   1.08762 -0.161135  0.227766
94.74   1.08762 -0.161137  0.227764
94.7415   1.08762 -0.161138  0.227762
94.7425  1.08763 -0.16114 0.227759
94.7435   1.08763 -0.161141  0.227758
94.745   1.08763 -0.161141  0.227757
94.746   1.08764 -0.161142  0.227757
94.747   1.08764 -0.161142  0.227756
94.7485   1.08764 -0.161143  0.227755
94.7495   1.08764 -0.161143  0.227755
94.7505   1.08764 -0.161143  0.227754
94.752   1.08764 -0.161144  0.227754
94.753   1.08764 -0.161144  0.227754
94.754   1.08764 -0.161144  0.227754
94.7555   1.08764 -0.161144  0.227754
94.7565   1.08764 -0.161144  0.227754
94.7575   1.08764 -0.161144  0.227754
94.759   1.08764 -0.161144  0.227754
94.7599   1.08764 -0.161144  0.227754
94.7615   1.08764 -0.161144  0.227754
94.7625   1.08764 -0.161144  0.227754
94.764   1.08764 -0.161144  0.227754
94.765   1.08764 -0.161144  0.227754
94.766   1.08764 -0.161144  0.227754
94.7674   1.08764 -0.161144  0.227754
94.7684   1.08764 -0.161144  0.227754
94.7694   1.08764 -0.161144  0.227754
94.7709   1.08764 -0.161144  0.227754
94.7719   1.08764 -0.161144  0.227754
94.7729   1.08764 -0.161144  0.227754
94.7749   1.08764 -0.161144  0.227754
94.7759   1.08764 -0.161144  0.227754
94.7769   1.08764 -0.161144  0.227754
94.7784   1.08764 -0.161144  0.227754
94.7794   1.08764 -0.161144  0.227754
94.7804   1.08764 -0.161144  0.227754
94.7819   1.08764 -0.161144  0.227754
94.7829   1.08764 -0.161144  0.227754
94.7839   1.08764 -0.161144  0.227754
94.7854   1.08764 -0.161144  0.227754
94.7864   1.08764 -0.161144  0.227754
94.7874   1.08764 -0.161144  0.227754
94.7889   1.08764 -0.161144  0.227754
94.7899   1.08764 -0.161144  0.227754
94.7909   1.08764 -0.161144  0.227754
94.7924   1.08764 -0.161144  0.227754
94.7934   1.08764 -0.161144  0.227754
94.7944   1.08764 -0.161144  0.227754
94.7959   1.08764 -0.161144  0.227754
94.7969   1.08764 -0.161144  0.227754
94.7979   1.08764 -0.161144  0.227754
94.7994   1.08764 -0.161144  0.227754
94.8004   1.08764 -0.161144  0.227755
94.8014   1.08764 -0.161144  0.227755
94.8029   1.08764 -0.161144  0.227755
94.8039   1.08764 -0.161143  0.227755
94.8049   1.08764 -0.161143  0.227755
94.8064   1.08764 -0.161143  0.227755
94.8074   1.08764 -0.161143  0.227755
94.8084   1.08764 -0.161143  0.227755
94.8094   1.08764 -0.161143  0.227755
94.8109   1.08764 -0.161143  0.227755
94.8119   1.08764 -0.161143  0.227755
94.8129   1.08764 -0.161143  0.227755
94.8144   1.08764 -0.161143  0.227755
94.8154   1.08764 -0.161143  0.227755
94.8164   1.08764 -0.161143  0.227755
94.8179   1.08764 -0.161143  0.227755
94.8189   1.08764 -0.161143  0.227755
94.8199   1.08764 -0.161143  0.227755
94.8214   1.08764 -0.161143  0.227755
94.8224   1.08764 -0.161143  0.227755
94.8234   1.08764 -0.161143  0.227755
94.8249   1.08764 -0.161143  0.227755
94.8259   1.08764 -0.161143  0.227755
94.8269   1.08764 -0.161143  0.227755
94.8283   1.08764 -0.161143  0.227755
94.8294   1.08764 -0.161143  0.227755
94.8304   1.08764 -0.161143  0.227755
94.8319   1.08764 -0.161143  0.227755
94.8328   1.08764 -0.161143  0.227755
94.8338   1.08764 -0.161143  0.227756
94.8353   1.08764 -0.161143  0.227756
94.8363   1.08764 -0.161143  0.227756
94.8373   1.08764 -0.161143  0.227756
94.8388   1.08764 -0.161143  0.227756
94.8398   1.08764 -0.161143  0.227756
94.8408   1.08764 -0.161143  0.227756
94.8423   1.08764 -0.161143  0.227756
94.8433   1.08764 -0.161143  0.227756
94.8443   1.08764 -0.161143  0.227756
94.8458   1.08764 -0.161143  0.227756
94.8468   1.08764 -0.161143  0.227756
94.8478   1.08764 -0.161143  0.227756
94.8493   1.08733 -0.161057  0.227935
94.8503   1.08678 -0.160903  0.228255
94.8513   1.08632 -0.160772  0.228527
94.8528   1.08576 -0.160615  0.228854
94.8538   1.08546 -0.160532  0.229027
94.8548   1.08522 -0.160464  0.229169
94.8563   1.08493 -0.160383  0.229337
94.8573   1.08478 -0.160341  0.229425
94.8583   1.08466 -0.160306  0.229496
94.8598   1.08456 -0.160278  0.229555
94.8608   1.08444 -0.160245  0.229624
94.8618   1.08438 -0.160228   0.22966
94.8633   1.08433 -0.160214  0.229689
94.8643   1.08429 -0.160202  0.229713
94.8653   1.08424 -0.160189  0.229741
94.8663   1.08422 -0.160182  0.229756
94.8678    1.0842 -0.160176  0.229768
94.8688   1.08418 -0.160171  0.229777
94.8698   1.08416 -0.160166  0.229789
94.8713   1.08415 -0.160163  0.229795
94.8723   1.08414 -0.160161  0.229799
94.8733   1.08414 -0.160159  0.229803
94.8748   1.08413 -0.160157  0.229808
94.8758   1.08412 -0.160156   0.22981
94.8768   1.08412 -0.160155  0.229812
94.8783   1.08412 -0.160154  0.229814
94.8793   1.08411 -0.160153  0.229816
94.8803   1.08442 -0.160239  0.229637
94.8818   1.08497 -0.160392  0.229318
94.8828   1.08543 -0.160523  0.229047
94.8838   1.08599 -0.160679   0.22872
94.8853   1.08628 -0.160762  0.228548
94.8863   1.08653 -0.160831  0.228406
94.8873   1.08681 -0.160911  0.228238
94.8888   1.08696 -0.160953  0.228151
94.8898   1.08709 -0.160987  0.228079
94.8908   1.08719 -0.161016   0.22802
94.8923    1.0873 -0.161049  0.227952
94.8932   1.08736 -0.161066  0.227916
94.8943  1.08741 -0.16108 0.227887
94.8958   1.08746 -0.161091  0.227863
94.8968    1.0875 -0.161105  0.227835
94.8978   1.08753 -0.161112   0.22782
94.8992   1.08755 -0.161118  0.227808
94.9002   1.08757 -0.161124  0.227795
94.9012   1.08758 -0.161128  0.227787
94.9022   1.08759 -0.161131  0.227781
94.9037    1.0876 -0.161133  0.227777
94.9047   1.08761 -0.161135  0.227773
94.9057   1.08762 -0.161137  0.227768
94.9072   1.08762 -0.161138  0.227766
94.9082   1.08762 -0.161139  0.227764
94.9092  1.08763 -0.16114 0.227762
94.9107   1.08763 -0.161141   0.22776
94.9117   1.08763 -0.161141  0.227759
94.9127   1.08763 -0.161141  0.227759
94.9142   1.08763 -0.161142  0.227758
94.9152   1.08764 -0.161142  0.227757
94.9162   1.08726 -0.161046  0.227947
94.9177   1.08659 -0.160873  0.228286
94.9187   1.08578 -0.160663    0.2287
94.9197   1.08534 -0.160551  0.228921
94.9212   1.08498 -0.160458  0.229104
94.9222   1.08469 -0.160381  0.229255
94.9232   1.08433 -0.160291  0.229433
94.9247   1.08415 -0.160244  0.229525
94.9257     1.084 -0.160205  0.229601
94.9267   1.08388 -0.160174  0.229664
94.9277   1.08374 -0.160137  0.229737
94.9292   1.08366 -0.160117  0.229775
94.9302    1.0836 -0.160102  0.229806
94.9312   1.08355 -0.160089  0.229831
94.9327   1.08349 -0.160074  0.229861
94.9337   1.08346 -0.160066  0.229876
94.9347   1.08344 -0.160059  0.229889
94.9362   1.08342 -0.160054  0.229899
94.9372   1.08339 -0.160048  0.229911
94.9382   1.08338 -0.160045  0.229917
94.9397   1.08337 -0.160042  0.229922
94.9407   1.08336 -0.160039  0.229928
94.9417   1.08335 -0.160038  0.229932
94.9432   1.08335 -0.160036  0.229934
94.9442   1.08334 -0.160035  0.229936
94.9452   1.08334 -0.160034  0.229938
94.9467   1.08334 -0.160033   0.22994
94.9477   1.08333 -0.160033  0.229941
94.9487   1.08333 -0.160033  0.229941
94.9502   1.08333 -0.160032  0.229942
94.9512   1.08333 -0.160032  0.229943
94.9522   1.08333 -0.160032  0.229943
94.9537   1.08333 -0.160031  0.229944
94.9547   1.08333 -0.160031  0.229944
94.9557   1.08333 -0.160031  0.229944
94.9572   1.08333 -0.160031  0.229944
94.9582   1.08333 -0.160031  0.229944
94.9592   1.08333 -0.160031  0.229944
94.9607   1.08333 -0.160031  0.229944
94.9617   1.08333 -0.160031  0.229944
94.9627   1.08333 -0.160031  0.229945
94.9642   1.08333 -0.160031  0.229945
94.9652   1.08333 -0.160031  0.229945
94.9661   1.08333 -0.160031  0.229944
94.9677   1.08333 -0.160031  0.229944
94.9687   1.08333 -0.160031  0.229944
94.9697   1.08333 -0.160031  0.229944
94.9706   1.08333 -0.160031  0.229944
94.9722   1.08333 -0.160031  0.229944
94.9731   1.08333 -0.160031  0.229944
94.9741   1.08333 -0.160031  0.229944
94.9756   1.08333 -0.160031  0.229944
94.9766   1.08333 -0.160031  0.229944
94.9776   1.08333 -0.160031  0.229944
94.9791   1.08333 -0.160031  0.229944
94.9801   1.08333 -0.160031  0.229944
94.9811   1.08333 -0.160031  0.229944
94.9826   1.08333 -0.160031  0.229944
94.9836   1.08333 -0.160031  0.229944
94.9846   1.08333 -0.160031  0.229944
94.9861   1.08333 -0.160031  0.229944
94.9871   1.08333 -0.160031  0.229944
94.9881   1.08333 -0.160031  0.229944
94.9896   1.08333 -0.160031  0.229944
94.9906   1.08333 -0.160031  0.229944
94.9916   1.08333 -0.160031  0.229944
94.9931   1.08333 -0.160032  0.229944
94.9941   1.08333 -0.160032  0.229944
94.9951   1.08333 -0.160032  0.229943
94.9966   1.08333 -0.160032  0.229943
94.9976   1.08333 -0.160032  0.229943
94.9986   1.08333 -0.160032  0.229943
95.0001   1.08333 -0.160032  0.229943
95.0011   1.08333 -0.160032  0.229943
95.0021   1.08333 -0.160032  0.229943
95.0031   1.08333 -0.160032  0.229943
95.0046   1.08333 -0.160032  0.229943
95.0056   1.08333 -0.160032  0.229943
95.0066   1.08333 -0.160032  0.229943
95.0081   1.08333 -0.160032  0.229943
95.0091   1.08333 -0.160032  0.229943
95.0101   1.08333 -0.160032  0.229943
95.0116   1.08333 -0.160032  0.229943
95.0126   1.08333 -0.160032  0.229943
95.0136   1.08333 -0.160032  0.229943
95.0151   1.08333 -0.160032  0.229943
95.0161   1.08333 -0.160032  0.229943
95.0171   1.08333 -0.160032  0.229943
95.0186   1.08333 -0.160032  0.229943
95.0196   1.08333 -0.160032  0.229943
95.0206   1.08333 -0.160032  0.229943
95.0221   1.08333 -0.160032  0.229942
95.0231   1.08333 -0.160032  0.229942
95.0241   1.08333 -0.160032  0.229942
95.0256   1.08333 -0.160032  0.229942
95.0266   1.08333 -0.160032  0.229942
95.0276   1.08333 -0.160032  0.229942
95.0291   1.08333 -0.160032  0.229942
95.0301   1.08333 -0.160032  0.229942
95.0311   1.08333 -0.160032  0.229942
95.0326   1.08333 -0.160032  0.229942
95.0336   1.08333 -0.160032  0.229942
95.0346   1.08333 -0.160032  0.229942
95.0355   1.08333 -0.160032  0.229942
95.037   1.08333 -0.160032  0.229942
95.038   1.08333 -0.160032  0.229942
95.0391   1.08333 -0.160032  0.229942
95.0405   1.08333 -0.160032  0.229942
95.0415   1.08333 -0.160032  0.229942
95.0425   1.08333 -0.160032  0.229942
95.044   1.08333 -0.160032  0.229942
95.045   1.08333 -0.160032  0.229942
95.046   1.08333 -0.160033  0.229942
95.0475   1.08333 -0.160033  0.229942
95.0485   1.08333 -0.160033  0.229942
95.0495   1.08333 -0.160033  0.229942
95.051   1.08333 -0.160033  0.229941
95.052   1.08333 -0.160033  0.229941
95.053   1.08333 -0.160033  0.229941
95.0545   1.08333 -0.160033  0.229941
95.0555   1.08333 -0.160033  0.229941
95.0565   1.08333 -0.160033  0.229941
95.058   1.08333 -0.160033  0.229941
95.059   1.08333 -0.160033  0.229941
95.06   1.08333 -0.160033  0.229941
95.0615   1.08333 -0.160033  0.229941
95.0625   1.08333 -0.160033  0.229941
95.0635   1.08333 -0.160033  0.229941
95.065   1.08333 -0.160033  0.229941
95.066   1.08333 -0.160033  0.229941
95.067   1.08333 -0.160033  0.229941
95.068   1.08333 -0.160033  0.229941
95.0695   1.08333 -0.160033  0.229941
95.0705   1.08333 -0.160033  0.229941
95.0715   1.08333 -0.160033  0.229941
95.073   1.08333 -0.160033  0.229941
95.074   1.08333 -0.160033  0.229941
95.075   1.08333 -0.160033  0.229941
95.0765   1.08333 -0.160033  0.229941
95.0775   1.08333 -0.160033  0.229941
95.0785   1.08333 -0.160033  0.229941
95.08   1.08333 -0.160033  0.229941
95.081   1.08333 -0.160033  0.229941
95.082   1.08333 -0.160033   0.22994
95.0835   1.08333 -0.160033   0.22994
95.0845   1.08333 -0.160033   0.22994
95.0855   1.08333 -0.160033   0.22994
95.087   1.08333 -0.160033   0.22994
95.088   1.08333 -0.160033   0.22994
95.089   1.08333 -0.160033   0.22994
95.0905   1.08333 -0.160033   0.22994
95.0915   1.08334 -0.160033   0.22994
95.0925   1.08334 -0.160033   0.22994
95.0935   1.08334 -0.160033   0.22994
95.095   1.08334 -0.160033   0.22994
95.096   1.08334 -0.160033   0.22994
95.097   1.08334 -0.160033   0.22994
95.0985   1.08334 -0.160033   0.22994
95.0995   1.08334 -0.160033   0.22994
95.1005   1.08334 -0.160033   0.22994
95.102   1.08334 -0.160033   0.22994
95.103   1.08334 -0.160033   0.22994
95.104   1.08334 -0.160033   0.22994
95.1055   1.08334 -0.160033   0.22994
95.1065   1.08334 -0.160033   0.22994
95.1074   1.08334 -0.160033   0.22994
95.1089   1.08334 -0.160034   0.22994
95.1099   1.08334 -0.160034   0.22994
95.111   1.08334 -0.160034   0.22994
95.1124   1.08334 -0.160034   0.22994
95.1134   1.08334 -0.160034   0.22994
95.1144   1.08334 -0.160034   0.22994
95.1159   1.08334 -0.160034  0.229939
95.1169   1.08334 -0.160034  0.229939
95.1179   1.08334 -0.160034  0.229939
95.1194   1.08334 -0.160034  0.229939
95.1204   1.08334 -0.160034  0.229939
95.1214   1.08334 -0.160034  0.229939
95.1229   1.08334 -0.160034  0.229939
95.1239   1.08334 -0.160034  0.229939
95.1249   1.08334 -0.160034  0.229939
95.1264   1.08334 -0.160034  0.229939
95.1274   1.08334 -0.160034  0.229939
95.1284   1.08334 -0.160034  0.229939
95.1294   1.08334 -0.160034  0.229939
95.1309   1.08334 -0.160034  0.229939
95.1319   1.08334 -0.160034  0.229939
95.1329   1.08334 -0.160034  0.229939
95.1344   1.08334 -0.160034  0.229939
95.1354   1.08334 -0.160034  0.229939
95.1364   1.08334 -0.160034  0.229939
95.1379   1.08334 -0.160034  0.229939
95.1389   1.08334 -0.160034  0.229939
95.1399   1.08334 -0.160034  0.229939
95.1414   1.08334 -0.160034  0.229939
95.1424   1.08334 -0.160034  0.229939
95.1434   1.08334 -0.160034  0.229939
95.1449   1.08334 -0.160034  0.229939
95.1459   1.08334 -0.160034  0.229939
95.1469   1.08334 -0.160034  0.229939
95.1484   1.08334 -0.160034  0.229939
95.1494   1.08334 -0.160034  0.229939
95.1504   1.08334 -0.160034  0.229939
95.1519   1.08334 -0.160034  0.229939
95.1529   1.08334 -0.160034  0.229938
95.1539   1.08334 -0.160034  0.229938
95.1554   1.08334 -0.160034  0.229938
95.1564   1.08334 -0.160034  0.229938
95.1574   1.08334 -0.160034  0.229938
95.1589   1.08334 -0.160034  0.229938
95.1599   1.08334 -0.160034  0.229938
95.1609   1.08334 -0.160034  0.229938
95.1624   1.08334 -0.160034  0.229938
95.1634   1.08334 -0.160034  0.229938
95.1644   1.08334 -0.160034  0.229938
95.1659   1.08334 -0.160034  0.229938
95.1669   1.08334 -0.160034  0.229938
95.1679   1.08334 -0.160034  0.229938
95.1694   1.08334 -0.160034  0.229938
95.1704   1.08334 -0.160034  0.229938
95.1714   1.08334 -0.160034  0.229938
95.1729   1.08334 -0.160034  0.229938
95.1739   1.08334 -0.160034  0.229938
95.1749   1.08334 -0.160034  0.229938
95.1763   1.08334 -0.160034  0.229938
95.1773   1.08334 -0.160034  0.229938
95.1784   1.08334 -0.160034  0.229938
95.1798   1.08334 -0.160034  0.229938
95.1808   1.08334 -0.160034  0.229938
95.1818   1.08334 -0.160034  0.229938
95.1829   1.08334 -0.160034  0.229938
95.1843   1.08334 -0.160035  0.229938
95.1853   1.08334 -0.160035  0.229938
95.1863   1.08334 -0.160035  0.229938
95.1878   1.08334 -0.160035  0.229938
95.1888   1.08334 -0.160035  0.229938
95.1898   1.08334 -0.160035  0.229938
95.1913   1.08334 -0.160035  0.229938
95.1923   1.08334 -0.160035  0.229938
95.1933   1.08334 -0.160035  0.229938
95.1948   1.08334 -0.160035  0.229938
95.1958   1.08334 -0.160035  0.229937
95.1968   1.08334 -0.160035  0.229937
95.1983   1.08334 -0.160035  0.229937
95.1993   1.08334 -0.160035  0.229937
95.2003   1.08334 -0.160035  0.229937
95.2018   1.08334 -0.160035  0.229937
95.2028   1.08334 -0.160035  0.229937
95.2038   1.08334 -0.160035  0.229937
95.2053   1.08334 -0.160035  0.229937
95.2063   1.08334 -0.160035  0.229937
95.2073   1.08334 -0.160035  0.229937
95.2088   1.08334 -0.160035  0.229937
95.2098   1.08334 -0.160035  0.229937
95.2108   1.08334 -0.160035  0.229937
95.2123   1.08334 -0.160035  0.229937
95.2133   1.08334 -0.160035  0.229937
95.2143   1.08334 -0.160035  0.229937
95.2158   1.08334 -0.160035  0.229937
95.2168   1.08334 -0.160035  0.229937
95.2178   1.08334 -0.160035  0.229937
95.2193   1.08334 -0.160035  0.229937
95.2203   1.08334 -0.160035  0.229937
95.2213   1.08334 -0.160035  0.229937
95.2223   1.08334 -0.160035  0.229937
95.2238   1.08334 -0.160035  0.229937
95.2248   1.08334 -0.160035  0.229937
95.2258   1.08334 -0.160035  0.229937
95.2273   1.08334 -0.160035  0.229937
95.2283   1.08334 -0.160035  0.229937
95.2293   1.08334 -0.160035  0.229937
95.2308   1.08334 -0.160035  0.229937
95.2318   1.08334 -0.160035  0.229937
95.2328   1.08334 -0.160035  0.229937
95.2343   1.08334 -0.160035  0.229937
95.2353   1.08334 -0.160035  0.229937
95.2363   1.08334 -0.160035  0.229937
95.2378   1.08334 -0.160035  0.229937
95.2388   1.08334 -0.160035  0.229937
95.2398   1.08334 -0.160035  0.229937
95.2413   1.08334 -0.160035  0.229937
95.2423   1.08334 -0.160035  0.229936
95.2433   1.08334 -0.160035  0.229936
95.2448   1.08334 -0.160035  0.229936
95.2458   1.08334 -0.160035  0.229936
95.2467   1.08334 -0.160035  0.229936
95.2483   1.08334 -0.160035  0.229936
95.2493   1.08334 -0.160035  0.229936
95.2503   1.08334 -0.160035  0.229936
95.2513   1.08334 -0.160035  0.229936
95.2528   1.08334 -0.160035  0.229936
95.2537   1.08334 -0.160035  0.229936
95.2547   1.08334 -0.160035  0.229936
95.2562   1.08334 -0.160035  0.229936
95.2572   1.08334 -0.160035  0.229936
95.2582   1.08334 -0.160035  0.229936
95.2597   1.08334 -0.160035  0.229936
95.2607   1.08334 -0.160035  0.229936
95.2617   1.08334 -0.160035  0.229936
95.2632   1.08334 -0.160035  0.229936
95.2642   1.08334 -0.160035  0.229936
95.2652   1.08334 -0.160035  0.229936
95.2667   1.08334 -0.160035  0.229936
95.2677   1.08334 -0.160035  0.229936
95.2687   1.08334 -0.160035  0.229936
95.2702   1.08334 -0.160035  0.229936
95.2712   1.08334 -0.160035  0.229936
95.2722   1.08334 -0.160035  0.229936
95.2737   1.08334 -0.160035  0.229936
95.2747   1.08334 -0.160035  0.229936
95.2757   1.08334 -0.160035  0.229936
95.2772   1.08334 -0.160035  0.229936
95.2782   1.08334 -0.160035  0.229936
95.2792   1.08334 -0.160036  0.229936
95.2807   1.08334 -0.160036  0.229936
95.2817   1.08334 -0.160036  0.229936
95.2827   1.08334 -0.160036  0.229936
95.2837   1.08334 -0.160036  0.229936
95.2852   1.08334 -0.160036  0.229936
95.2862   1.08334 -0.160036  0.229936
95.2872   1.08334 -0.160036  0.229936
95.2887   1.08334 -0.160036  0.229936
95.2897   1.08334 -0.160036  0.229936
95.2907   1.08334 -0.160036  0.229936
95.2922   1.08334 -0.160036  0.229936
95.2932   1.08334 -0.160036  0.229936
95.2942   1.08334 -0.160036  0.229936
95.2957   1.08334 -0.160036  0.229936
95.2967   1.08334 -0.160036  0.229936
95.2977   1.08334 -0.160036  0.229935
95.2992   1.08334 -0.160036  0.229935
95.3002   1.08334 -0.160036  0.229935
95.3012   1.08334 -0.160036  0.229935
95.3027   1.08334 -0.160036  0.229935
95.3037   1.08334 -0.160036  0.229935
95.3047   1.08334 -0.160036  0.229935
95.3062   1.08334 -0.160036  0.229935
95.3072   1.08334 -0.160036  0.229935
95.3082   1.08334 -0.160036  0.229935
95.3097   1.08334 -0.160036  0.229935
95.3107   1.08334 -0.160036  0.229935
95.3117   1.08334 -0.160036  0.229935
95.3127   1.08334 -0.160036  0.229935
95.3142   1.08334 -0.160036  0.229935
95.3152   1.08334 -0.160036  0.229935
95.3161   1.08335 -0.160036  0.229935
95.3176   1.08335 -0.160036  0.229935
95.3186   1.08335 -0.160036  0.229935
95.3196   1.08335 -0.160036  0.229935
95.3211   1.08335 -0.160036  0.229935
95.3221   1.08335 -0.160036  0.229935
95.3231   1.08335 -0.160036  0.229935
95.3246   1.08335 -0.160036  0.229935
95.3256   1.08335 -0.160036  0.229935
95.3266   1.08335 -0.160036  0.229935
95.3281   1.08335 -0.160036  0.229935
95.3291   1.08335 -0.160036  0.229935
95.3301   1.08335 -0.160036  0.229935
95.3316   1.08335 -0.160036  0.229935
95.3326   1.08335 -0.160036  0.229935
95.3336   1.08335 -0.160036  0.229935
95.3351   1.08335 -0.160036  0.229935
95.3361   1.08335 -0.160036  0.229935
95.3371   1.08335 -0.160036  0.229935
95.3386   1.08335 -0.160036  0.229935
95.3396   1.08335 -0.160036  0.229935
95.3406   1.08335 -0.160036  0.229935
95.3421   1.08335 -0.160036  0.229935
95.3431   1.08335 -0.160036  0.229935
95.3441   1.08335 -0.160036  0.229935
95.3456   1.08335 -0.160036  0.229935
95.3466   1.08335 -0.160036  0.229935
95.3476   1.08335 -0.160036  0.229935
95.3491   1.08335 -0.160036  0.229935
95.3501   1.08335 -0.160036  0.229935
95.3511   1.08335 -0.160036  0.229935
95.3521   1.08335 -0.160036  0.229935
95.3536   1.08335 -0.160036  0.229935
95.3546   1.08335 -0.160036  0.229935
95.3556   1.08335 -0.160036  0.229935
95.3571   1.08335 -0.160036  0.229935
95.3581   1.08335 -0.160036  0.229935
95.3591   1.08335 -0.160036  0.229935
95.3606   1.08335 -0.160036  0.229935
95.3616   1.08335 -0.160036  0.229935
95.3626   1.08335 -0.160036  0.229935
95.3641   1.08335 -0.160036  0.229934
95.3651   1.08335 -0.160036  0.229934
95.3661   1.08335 -0.160036  0.229934
95.3676   1.08335 -0.160036  0.229934
95.3686   1.08335 -0.160036  0.229934
95.3696   1.08335 -0.160036  0.229934
95.3711   1.08335 -0.160036  0.229934
95.3721   1.08335 -0.160036  0.229934
95.3731   1.08335 -0.160036  0.229934
95.3746   1.08335 -0.160036  0.229934
95.3756   1.08335 -0.160036  0.229934
95.3766   1.08335 -0.160036  0.229934
95.3781   1.08335 -0.160036  0.229934
95.3791   1.08335 -0.160036  0.229934
95.3801   1.08335 -0.160036  0.229934
95.3816   1.08335 -0.160036  0.229934
95.3826   1.08335 -0.160036  0.229934
95.3841   1.08335 -0.160036  0.229934
95.3851   1.08335 -0.160036  0.229934
95.3866   1.08335 -0.160036  0.229934
95.3876   1.08335 -0.160036  0.229934
95.3885   1.08335 -0.160036  0.229934
95.3901   1.08335 -0.160036  0.229934
95.3911   1.08335 -0.160036  0.229934
95.392   1.08335 -0.160036  0.229934
95.3935   1.08335 -0.160036  0.229934
95.3945   1.08335 -0.160036  0.229934
95.3955   1.08335 -0.160036  0.229934
95.397   1.08335 -0.160036  0.229934
95.398   1.08335 -0.160036  0.229934
95.399   1.08335 -0.160036  0.229934
95.4005   1.08335 -0.160036  0.229934
95.4015   1.08335 -0.160036  0.229934
95.4025   1.08335 -0.160036  0.229934
95.404   1.08335 -0.160036  0.229934
95.405   1.08335 -0.160036  0.229934
95.406   1.08335 -0.160036  0.229934
95.4075   1.08335 -0.160036  0.229934
95.4085   1.08335 -0.160036  0.229934
95.4095   1.08335 -0.160036  0.229934
95.411   1.08335 -0.160036  0.229934
95.412   1.08335 -0.160036  0.229934
95.413   1.08335 -0.160036  0.229934
95.4145   1.08335 -0.160036  0.229934
95.4155   1.08335 -0.160037  0.229934
95.4165   1.08335 -0.160037  0.229934
95.418   1.08335 -0.160037  0.229934
95.419   1.08335 -0.160037  0.229934
95.42   1.08335 -0.160037  0.229934
95.4215   1.08335 -0.160037  0.229934
95.4225   1.08335 -0.160037  0.229934
95.4235   1.08335 -0.160037  0.229934
95.425   1.08335 -0.160037  0.229934
95.426   1.08335 -0.160037  0.229934
95.427   1.08335 -0.160037  0.229934
95.428   1.08335 -0.160037  0.229934
95.4295   1.08335 -0.160037  0.229934
95.4305   1.08335 -0.160037  0.229934
95.4315   1.08335 -0.160037  0.229934
95.433   1.08335 -0.160037  0.229934
95.434   1.08335 -0.160037  0.229934
95.435   1.08335 -0.160037  0.229934
95.4365   1.08335 -0.160037  0.229934
95.4375   1.08335 -0.160037  0.229934
95.4385   1.08335 -0.160037  0.229934
95.44   1.08335 -0.160037  0.229934
95.441   1.08335 -0.160037  0.229934
95.442   1.08335 -0.160037  0.229934
95.4435   1.08335 -0.160037  0.229934
95.4445   1.08335 -0.160037  0.229934
95.4455   1.08335 -0.160037  0.229934
95.447   1.08335 -0.160037  0.229933
95.448   1.08335 -0.160037  0.229933
95.449   1.08335 -0.160037  0.229933
95.4505   1.08335 -0.160037  0.229933
95.4515   1.08335 -0.160037  0.229933
95.4525   1.08335 -0.160037  0.229933
95.454   1.08335 -0.160037  0.229933
95.4549   1.08335 -0.160037  0.229933
95.456   1.08335 -0.160037  0.229933
95.4574   1.08335 -0.160037  0.229933
95.4585   1.08335 -0.160037  0.229933
95.4594   1.08335 -0.160037  0.229933
95.4604   1.08335 -0.160037  0.229933
95.462   1.08335 -0.160037  0.229933
95.4629   1.08335 -0.160037  0.229933
95.464   1.08335 -0.160037  0.229933
95.4654   1.08335 -0.160037  0.229933
95.4665   1.08335 -0.160037  0.229933
95.4674   1.08335 -0.160037  0.229933
95.4689   1.08335 -0.160037  0.229933
95.4699   1.08335 -0.160037  0.229933
95.4709   1.08335 -0.160037  0.229933
95.4724   1.08335 -0.160037  0.229933
95.4734   1.08335 -0.160037  0.229933
95.4744   1.08335 -0.160037  0.229933
95.4759   1.08335 -0.160037  0.229933
95.4769   1.08335 -0.160037  0.229933
95.4779   1.08335 -0.160037  0.229933
95.4794   1.08335 -0.160037  0.229933
95.4804   1.08335 -0.160037  0.229933
95.4814   1.08335 -0.160037  0.229933
95.4829   1.08335 -0.160037  0.229933
95.4839   1.08335 -0.160037  0.229933
95.4849   1.08335 -0.160037  0.229933
95.4864   1.08335 -0.160037  0.229933
95.4874   1.08335 -0.160037  0.229933
95.4884   1.08335 -0.160037  0.229933
95.4899   1.08335 -0.160037  0.229933
95.4909   1.08335 -0.160037  0.229933
95.4919   1.08335 -0.160037  0.229933
95.4934   1.08335 -0.160037  0.229933
95.4944   1.08335 -0.160037  0.229933
95.4954   1.08335 -0.160037  0.229933
95.4969   1.08335 -0.160037  0.229933
95.4979   1.08335 -0.160037  0.229933
95.4989   1.08335 -0.160037  0.229933
95.5004   1.08335 -0.160037  0.229933
95.5014   1.08335 -0.160037  0.229933
95.5024   1.08335 -0.160037  0.229933
95.5034   1.08335 -0.160037  0.229933
95.5049   1.08335 -0.160037  0.229933
95.5059   1.08335 -0.160037  0.229933
95.5074   1.08335 -0.160037  0.229933
95.5084   1.08335 -0.160037  0.229933
95.5094   1.08335 -0.160037  0.229933
95.5104   1.08335 -0.160037  0.229933
95.5119   1.08335 -0.160037  0.229933
95.5129   1.08335 -0.160037  0.229933
95.5139   1.08335 -0.160037  0.229933
95.5154   1.08335 -0.160037  0.229933
95.5164   1.08335 -0.160037  0.229933
95.5174   1.08335 -0.160037  0.229933
95.5189   1.08335 -0.160037  0.229933
95.5199   1.08335 -0.160037  0.229933
95.5209   1.08335 -0.160037  0.229933
95.5224   1.08335 -0.160037  0.229933
95.5234   1.08335 -0.160037  0.229933
95.5244   1.08335 -0.160037  0.229933
95.5259   1.08335 -0.160037  0.229933
95.5269   1.08335 -0.160037  0.229933
95.5279   1.08335 -0.160037  0.229933
95.5294   1.08335 -0.160037  0.229933
95.5303   1.08335 -0.160037  0.229933
95.5314   1.08335 -0.160037  0.229933
95.5328   1.08335 -0.160037  0.229933
95.5338   1.08335 -0.160037  0.229933
95.5349   1.08335 -0.160037  0.229933
95.5363   1.08335 -0.160037  0.229933
95.5373   1.08335 -0.160037  0.229933
95.5383   1.08335 -0.160037  0.229933
95.5398   1.08335 -0.160037  0.229933
95.5408   1.08335 -0.160037  0.229933
95.5418   1.08335 -0.160037  0.229933
95.5433   1.08335 -0.160037  0.229933
95.5443   1.08335 -0.160037  0.229933
95.5453   1.08335 -0.160037  0.229933
95.5468   1.08335 -0.160037  0.229933
95.5478   1.08335 -0.160037  0.229933
95.5488   1.08335 -0.160037  0.229933
95.5503   1.08335 -0.160037  0.229933
95.5513   1.08335 -0.160037  0.229933
95.5523   1.08335 -0.160037  0.229933
95.5533   1.08335 -0.160037  0.229933
95.5548   1.08335 -0.160037  0.229933
95.5558   1.08335 -0.160037  0.229933
95.5568   1.08335 -0.160037  0.229932
95.5583   1.08335 -0.160037  0.229932
95.5593   1.08335 -0.160037  0.229932
95.5603   1.08335 -0.160037  0.229932
95.5618   1.08335 -0.160037  0.229932
95.5628   1.08335 -0.160037  0.229932
95.5638   1.08335 -0.160037  0.229932
95.5653   1.08335 -0.160037  0.229932
95.5663   1.08335 -0.160037  0.229932
95.5673   1.08335 -0.160037  0.229932
95.5688   1.08335 -0.160037  0.229932
95.5698   1.08335 -0.160037  0.229932
95.5708   1.08335 -0.160037  0.229932
95.5723   1.08335 -0.160037  0.229932
95.5733   1.08335 -0.160037  0.229932
95.5743   1.08335 -0.160037  0.229932
95.5758   1.08335 -0.160037  0.229932
95.5768   1.08335 -0.160037  0.229932
95.5778   1.08335 -0.160037  0.229932
95.5793   1.08335 -0.160037  0.229932
95.5803   1.08335 -0.160037  0.229932
95.5813   1.08335 -0.160037  0.229932
95.5828   1.08335 -0.160037  0.229932
95.5838   1.08335 -0.160037  0.229932
95.5848   1.08335 -0.160037  0.229932
95.5863   1.08335 -0.160037  0.229932
95.5873   1.08335 -0.160037  0.229932
95.5883   1.08335 -0.160037  0.229932
95.5898   1.08335 -0.160037  0.229932
95.5908   1.08335 -0.160037  0.229932
95.5918   1.08335 -0.160037  0.229932
95.5928   1.08335 -0.160037  0.229932
95.5943   1.08335 -0.160037  0.229932
95.5953   1.08335 -0.160037  0.229932
95.5963   1.08335 -0.160037  0.229932
95.5978   1.08335 -0.160037  0.229932
95.5988   1.08335 -0.160037  0.229932
95.6003   1.08335 -0.160037  0.229932
95.6012   1.08335 -0.160037  0.229932
95.6022   1.08335 -0.160037  0.229932
95.6037   1.08335 -0.160037  0.229932
95.6047   1.08335 -0.160037  0.229932
95.6057   1.08335 -0.160037  0.229932
95.6072   1.08335 -0.160037  0.229932
95.6082   1.08335 -0.160037  0.229932
95.6092   1.08335 -0.160037  0.229932
95.6107   1.08335 -0.160037  0.229932
95.6117   1.08335 -0.160037  0.229932
95.6127   1.08335 -0.160037  0.229932
95.6137   1.08335 -0.160037  0.229932
95.6152   1.08335 -0.160037  0.229932
95.6162   1.08335 -0.160037  0.229932
95.6172   1.08335 -0.160037  0.229932
95.6187   1.08335 -0.160037  0.229932
95.6197   1.08335 -0.160037  0.229932
95.6207   1.08335 -0.160037  0.229932
95.6222   1.08335 -0.160037  0.229932
95.6232   1.08335 -0.160037  0.229932
95.6242   1.08335 -0.160037  0.229932
95.6257   1.08335 -0.160037  0.229932
95.6267   1.08335 -0.160037  0.229932
95.6277   1.08335 -0.160037  0.229932
95.6292   1.08335 -0.160037  0.229932
95.6302   1.08335 -0.160037  0.229932
95.6312   1.08335 -0.160037  0.229932
95.6327   1.08335 -0.160037  0.229932
95.6337   1.08335 -0.160037  0.229932
95.6347   1.08335 -0.160037  0.229932
95.6362   1.08335 -0.160037  0.229932
95.6372   1.08335 -0.160037  0.229932
95.6382   1.08335 -0.160037  0.229932
95.6397   1.08335 -0.160037  0.229932
95.6407   1.08335 -0.160037  0.229932
95.6417   1.08335 -0.160038  0.229932
95.6432   1.08335 -0.160038  0.229932
95.6442   1.08335 -0.160038  0.229932
95.6452   1.08335 -0.160038  0.229932
95.6467   1.08335 -0.160038  0.229932
95.6477   1.08335 -0.160038  0.229932
95.6487   1.08335 -0.160038  0.229932
95.6502   1.08335 -0.160038  0.229932
95.6512   1.08335 -0.160038  0.229932
95.6522   1.08335 -0.160038  0.229932
95.6532   1.08335 -0.160038  0.229932
95.6547   1.08335 -0.160038  0.229932
95.6557   1.08335 -0.160038  0.229932
95.6567   1.08335 -0.160038  0.229932
95.6582   1.08335 -0.160038  0.229932
95.6592   1.08335 -0.160038  0.229932
95.6602   1.08335 -0.160038  0.229932
95.6617   1.08335 -0.160038  0.229932
95.6627   1.08335 -0.160038  0.229932
95.6637   1.08335 -0.160038  0.229932
95.6652   1.08335 -0.160038  0.229932
95.6662   1.08335 -0.160038  0.229932
95.6672   1.08335 -0.160038  0.229932
95.6686   1.08335 -0.160038  0.229932
95.6697   1.08335 -0.160038  0.229932
95.6706   1.08335 -0.160038  0.229932
95.6721   1.08335 -0.160038  0.229932
95.6731   1.08335 -0.160038  0.229932
95.6741   1.08335 -0.160038  0.229932
95.6756   1.08335 -0.160038  0.229932
95.6767   1.08335 -0.160038  0.229932
95.6776   1.08335 -0.160038  0.229932
95.6791   1.08335 -0.160038  0.229932
95.6801   1.08335 -0.160038  0.229932
95.6811   1.08335 -0.160038  0.229932
95.6821   1.08335 -0.160038  0.229932
95.6836   1.08335 -0.160038  0.229932
95.6846   1.08335 -0.160038  0.229932
95.6856   1.08335 -0.160038  0.229932
95.6871   1.08335 -0.160038  0.229932
95.6881   1.08335 -0.160038  0.229932
95.6891   1.08335 -0.160038  0.229932
95.6906   1.08335 -0.160038  0.229932
95.6916   1.08335 -0.160038  0.229932
95.6926   1.08335 -0.160038  0.229932
95.6941   1.08335 -0.160038  0.229932
95.6951   1.08335 -0.160038  0.229932
95.6961   1.08335 -0.160038  0.229932
95.6976   1.08335 -0.160038  0.229932
95.6986   1.08335 -0.160038  0.229932
95.6996   1.08335 -0.160038  0.229932
95.7011   1.08335 -0.160038  0.229932
95.7021   1.08335 -0.160038  0.229932
95.7031   1.08335 -0.160038  0.229932
95.7046   1.08335 -0.160038  0.229932
95.7056   1.08335 -0.160038  0.229932
95.7066   1.08335 -0.160038  0.229932
95.7081   1.08335 -0.160038  0.229932
95.7091   1.08335 -0.160038  0.229932
95.7101   1.08335 -0.160038  0.229932
95.7111   1.08335 -0.160038  0.229932
95.7126   1.08335 -0.160038  0.229932
95.7136   1.08335 -0.160038  0.229932
95.7146   1.08335 -0.160038  0.229932
95.7161   1.08335 -0.160038  0.229932
95.7171   1.08335 -0.160038  0.229932
95.7181   1.08335 -0.160038  0.229932
95.7196   1.08335 -0.160038  0.229932
95.7206   1.08335 -0.160038  0.229932
95.7216   1.08335 -0.160038  0.229932
95.7231   1.08335 -0.160038  0.229931
95.7241   1.08335 -0.160038  0.229931
95.7251   1.08335 -0.160038  0.229931
95.7266   1.08335 -0.160038  0.229931
95.7276   1.08335 -0.160038  0.229931
95.7286   1.08335 -0.160038  0.229931
95.7301   1.08335 -0.160038  0.229931
95.7311   1.08335 -0.160038  0.229931
95.7321   1.08335 -0.160038  0.229931
95.7336   1.08335 -0.160038  0.229931
95.7346   1.08335 -0.160038  0.229931
95.7356   1.08335 -0.160038  0.229931
95.737   1.08335 -0.160038  0.229931
95.7381   1.08335 -0.160038  0.229931
95.739   1.08335 -0.160038  0.229931
95.7405   1.08335 -0.160038  0.229931
95.7415   1.08335 -0.160038  0.229931
95.7425   1.08335 -0.160038  0.229931
95.7435   1.08335 -0.160038  0.229931
95.745   1.08335 -0.160038  0.229931
95.746   1.08335 -0.160038  0.229931
95.747   1.08335 -0.160038  0.229931
95.7485   1.08335 -0.160038  0.229931
95.7495   1.08335 -0.160038  0.229931
95.7505   1.08335 -0.160038  0.229931
95.752   1.08335 -0.160038  0.229931
95.753   1.08335 -0.160038  0.229931
95.754   1.08335 -0.160038  0.229931
95.7555   1.08335 -0.160038  0.229931
95.7565   1.08335 -0.160038  0.229931
95.7575   1.08335 -0.160038  0.229931
95.759   1.08335 -0.160038  0.229931
95.76   1.08335 -0.160038  0.229931
95.7615   1.08335 -0.160038  0.229931
95.7625   1.08335 -0.160038  0.229931
95.764   1.08335 -0.160038  0.229931
95.765   1.08335 -0.160038  0.229931
95.766   1.08335 -0.160038  0.229931
95.7675   1.08335 -0.160038  0.229931
95.7685   1.08335 -0.160038  0.229931
95.7695   1.08335 -0.160038  0.229931
95.771   1.08335 -0.160038  0.229931
95.772   1.08335 -0.160038  0.229931
95.773   1.08335 -0.160038  0.229931
95.7745   1.08335 -0.160038  0.229931
95.7755   1.08335 -0.160038  0.229931
95.7765   1.08335 -0.160038  0.229931
95.778   1.08335 -0.160038  0.229931
95.779   1.08335 -0.160038  0.229931
95.78   1.08335 -0.160038  0.229931
95.7815   1.08335 -0.160038  0.229931
95.7825   1.08335 -0.160038  0.229931
95.7835   1.08335 -0.160038  0.229931
95.785   1.08335 -0.160038  0.229931
95.786   1.08335 -0.160038  0.229931
95.787   1.08335 -0.160038  0.229931
95.7885   1.08335 -0.160038  0.229931
95.7895   1.08335 -0.160038  0.229931
95.7905   1.08335 -0.160038  0.229931
95.792   1.08335 -0.160038  0.229931
95.793   1.08335 -0.160038  0.229931
95.794   1.08335 -0.160038  0.229931
95.7955   1.08335 -0.160038  0.229931
95.7965   1.08335 -0.160038  0.229931
95.7975   1.08335 -0.160038  0.229931
95.799   1.08335 -0.160038  0.229931
95.8   1.08335 -0.160038  0.229931
95.801   1.08335 -0.160038  0.229931
95.8025   1.08335 -0.160038  0.229931
95.8035   1.08335 -0.160038  0.229931
95.8045   1.08335 -0.160038  0.229931
95.806   1.08335 -0.160038  0.229931
95.807   1.08335 -0.160038  0.229931
95.808   1.08335 -0.160038  0.229931
95.8094   1.08335 -0.160038  0.229931
95.8104   1.08335 -0.160038  0.229931
95.8114   1.08335 -0.160038  0.229931
95.8125   1.08335 -0.160038  0.229931
95.8139   1.08335 -0.160038  0.229931
95.8149   1.08335 -0.160038  0.229931
95.8159   1.08335 -0.160038  0.229931
95.8174   1.08335 -0.160038  0.229931
95.8184   1.08335 -0.160038  0.229931
95.8194   1.08335 -0.160038  0.229931
95.8209   1.08335 -0.160038  0.229931
95.8219   1.08335 -0.160038  0.229931
95.8229   1.08335 -0.160038  0.229931
95.8244   1.08335 -0.160038  0.229931
95.8254   1.08335 -0.160038  0.229931
95.8269   1.08335 -0.160038  0.229931
95.8284   1.08335 -0.160038  0.229931
95.8294   1.08335 -0.160038  0.229931
95.8304   1.08335 -0.160038  0.229931
95.8319   1.08335 -0.160038  0.229931
95.8329   1.08335 -0.160038  0.229931
95.8339   1.08335 -0.160038  0.229931
95.8359   1.08335 -0.160038  0.229931
95.8369   1.08335 -0.160038  0.229931
95.8379   1.08335 -0.160038  0.229931
95.8394   1.08335 -0.160038  0.229931
95.8404   1.08335 -0.160038  0.229931
95.8414   1.08335 -0.160038  0.229931
95.8429   1.08335 -0.160038  0.229931
95.8439   1.08335 -0.160038  0.229931
95.8449   1.08335 -0.160038  0.229931
95.8459   1.08335 -0.160038  0.229931
95.8474   1.08335 -0.160038  0.229931
95.8484   1.08335 -0.160038  0.229931
95.8494   1.08335 -0.160038  0.229931
95.8509   1.08335 -0.160038  0.229931
95.8519   1.08335 -0.160038  0.229931
95.8529   1.08335 -0.160038  0.229931
95.8544   1.08335 -0.160038  0.229931
95.8554   1.08335 -0.160038  0.229931
95.8564   1.08335 -0.160038  0.229931
95.8579   1.08373 -0.160135  0.229741
95.8589    1.0844 -0.160308    0.2294
95.8599   1.08497 -0.160454  0.229112
95.8614   1.08544 -0.160577  0.228869
95.8624   1.08601 -0.160724  0.228581
95.8634   1.08631 -0.160801  0.228429
95.8649   1.08656 -0.160864  0.228305
95.8659   1.08676 -0.160916  0.228202
95.8669     1.087 -0.160977  0.228082
95.8684   1.08712 -0.161009  0.228019
95.8694   1.08722 -0.161035  0.227968
95.8704   1.08734 -0.161065  0.227908
95.8719    1.0874 -0.161081  0.227877
95.8729   1.08745 -0.161094  0.227852
95.8739   1.08749 -0.161105  0.227831
95.8754   1.08754 -0.161117  0.227807
95.8764   1.08756 -0.161123  0.227794
95.8773   1.08758 -0.161129  0.227784
95.8789    1.0876 -0.161133  0.227776
95.8798   1.08762 -0.161138  0.227766
95.8809  1.08763 -0.16114 0.227761
95.8819   1.08764 -0.161143  0.227757
95.8833   1.08764 -0.161144  0.227753
95.8843   1.08765 -0.161146  0.227749
95.8853   1.08765 -0.161147  0.227747
95.8868   1.08766 -0.161148  0.227746
95.8878   1.08766 -0.161149  0.227744
95.8888  1.08766 -0.16115 0.227743
95.8903  1.08767 -0.16115 0.227742
95.8913  1.08767 -0.16115 0.227742
95.8923   1.08767 -0.161151  0.227741
95.8938   1.08767 -0.161151   0.22774
95.8948   1.08767 -0.161151   0.22774
95.8958   1.08767 -0.161151   0.22774
95.8973   1.08767 -0.161151   0.22774
95.8983   1.08767 -0.161151   0.22774
95.8993   1.08767 -0.161151   0.22774
95.9008   1.08767 -0.161151   0.22774
95.9018   1.08767 -0.161151   0.22774
95.9028   1.08767 -0.161151   0.22774
95.9043   1.08767 -0.161151   0.22774
95.9053   1.08767 -0.161151   0.22774
95.9063   1.08767 -0.161151   0.22774
95.9078   1.08767 -0.161151   0.22774
95.9088   1.08767 -0.161151   0.22774
95.9098   1.08767 -0.161151   0.22774
95.9113   1.08767 -0.161151   0.22774
95.9123   1.08767 -0.161151   0.22774
95.9133   1.08767 -0.161151   0.22774
95.9148   1.08767 -0.161151   0.22774
95.9158   1.08767 -0.161151   0.22774
95.9168   1.08767 -0.161151  0.227741
95.9178   1.08767 -0.161151  0.227741
95.9193   1.08767 -0.161151  0.227741
95.9203   1.08767 -0.161151  0.227741
95.9213   1.08767 -0.161151  0.227741
95.9228  1.08767 -0.16115 0.227741
95.9238  1.08767 -0.16115 0.227741
95.9248  1.08767 -0.16115 0.227741
95.9263  1.08767 -0.16115 0.227741
95.9273  1.08767 -0.16115 0.227741
95.9283  1.08767 -0.16115 0.227742
95.9298  1.08767 -0.16115 0.227742
95.9308  1.08767 -0.16115 0.227742
95.9318  1.08767 -0.16115 0.227742
95.9333  1.08767 -0.16115 0.227742
95.9343  1.08767 -0.16115 0.227742
95.9353  1.08767 -0.16115 0.227742
95.9368  1.08767 -0.16115 0.227742
95.9378  1.08766 -0.16115 0.227742
95.9388  1.08766 -0.16115 0.227742
95.9403  1.08766 -0.16115 0.227742
95.9413  1.08766 -0.16115 0.227743
95.9423  1.08766 -0.16115 0.227743
95.9438  1.08766 -0.16115 0.227743
95.9448  1.08766 -0.16115 0.227743
95.9458  1.08766 -0.16115 0.227743
95.9473   1.08766 -0.161149  0.227743
95.9483   1.08766 -0.161149  0.227743
95.9493   1.08766 -0.161149  0.227743
95.9502   1.08766 -0.161149  0.227743
95.9518   1.08766 -0.161149  0.227743
95.9528   1.08766 -0.161149  0.227743
95.9537   1.08766 -0.161149  0.227743
95.9552   1.08766 -0.161149  0.227744
95.9562   1.08766 -0.161149  0.227744
95.9572   1.08766 -0.161149  0.227744
95.9587   1.08766 -0.161149  0.227744
95.9597   1.08766 -0.161149  0.227744
95.9607   1.08766 -0.161149  0.227744
95.9622   1.08766 -0.161149  0.227744
95.9632   1.08766 -0.161149  0.227744
95.9642   1.08766 -0.161149  0.227744
95.9657   1.08766 -0.161149  0.227744
95.9667   1.08766 -0.161149  0.227744
95.9677   1.08766 -0.161149  0.227744
95.9692   1.08766 -0.161149  0.227745
95.9702   1.08766 -0.161149  0.227745
95.9712   1.08766 -0.161149  0.227745
95.9727   1.08766 -0.161149  0.227745
95.9737   1.08766 -0.161149  0.227745
95.9747   1.08766 -0.161148  0.227745
95.9762   1.08766 -0.161148  0.227745
95.9772   1.08766 -0.161148  0.227745
95.9782   1.08766 -0.161148  0.227745
95.9797   1.08766 -0.161148  0.227745
95.9807   1.08766 -0.161148  0.227745
95.9817   1.08766 -0.161148  0.227745
95.9832   1.08766 -0.161148  0.227745
95.9842   1.08766 -0.161148  0.227746
95.9852   1.08766 -0.161148  0.227746
95.9862   1.08766 -0.161148  0.227746
95.9877   1.08766 -0.161148  0.227746
95.9887   1.08766 -0.161148  0.227746
95.9897   1.08766 -0.161148  0.227746
95.9912   1.08766 -0.161148  0.227746
95.9922   1.08766 -0.161148  0.227746
95.9932   1.08766 -0.161148  0.227746
95.9947   1.08766 -0.161148  0.227746
95.9957   1.08766 -0.161148  0.227746
95.9967   1.08766 -0.161148  0.227746
95.9982   1.08766 -0.161148  0.227746
95.9992   1.08766 -0.161148  0.227747
96.0002   1.08766 -0.161148  0.227747
96.0017   1.08766 -0.161148  0.227747
96.0027   1.08766 -0.161148  0.227747
96.0037   1.08766 -0.161148  0.227747
96.0052   1.08766 -0.161147  0.227747
96.0062   1.08766 -0.161147  0.227747
96.0072   1.08766 -0.161147  0.227747
96.0087   1.08766 -0.161147  0.227747
96.0097   1.08766 -0.161147  0.227747
96.0107   1.08765 -0.161147  0.227747
96.0117   1.08765 -0.161147  0.227747
96.0132   1.08765 -0.161147  0.227747
96.0142   1.08765 -0.161147  0.227747
96.0152   1.08765 -0.161147  0.227748
96.0167   1.08765 -0.161147  0.227748
96.0176   1.08765 -0.161147  0.227748
96.0186   1.08765 -0.161147  0.227748
96.0201   1.08765 -0.161147  0.227748
96.0211   1.08765 -0.161147  0.227748
96.0222   1.08765 -0.161147  0.227748
96.0236   1.08765 -0.161147  0.227748
96.0246   1.08765 -0.161147  0.227748
96.0256   1.08765 -0.161147  0.227748
96.0271   1.08765 -0.161147  0.227748
96.0281   1.08765 -0.161147  0.227748
96.0291   1.08765 -0.161147  0.227748
96.0306   1.08765 -0.161147  0.227748
96.0316   1.08765 -0.161147  0.227749
96.0326   1.08765 -0.161147  0.227749
96.0341   1.08765 -0.161147  0.227749
96.0351   1.08765 -0.161147  0.227749
96.0361   1.08765 -0.161147  0.227749
96.0376   1.08765 -0.161146  0.227749
96.0386   1.08765 -0.161146  0.227749
96.0396   1.08765 -0.161146  0.227749
96.0411   1.08765 -0.161146  0.227749
96.0421   1.08765 -0.161146  0.227749
96.0431   1.08765 -0.161146  0.227749
96.0446   1.08765 -0.161146  0.227749
96.0456   1.08765 -0.161146  0.227749
96.0466   1.08765 -0.161146  0.227749
96.0481   1.08765 -0.161146  0.227749
96.0491   1.08765 -0.161146  0.227749
96.0501   1.08765 -0.161146   0.22775
96.0511   1.08765 -0.161146   0.22775
96.0526   1.08765 -0.161146   0.22775
96.0536   1.08765 -0.161146   0.22775
96.0546   1.08765 -0.161146   0.22775
96.0561   1.08765 -0.161146   0.22775
96.0571   1.08765 -0.161146   0.22775
96.0581   1.08765 -0.161146   0.22775
96.0596   1.08765 -0.161146   0.22775
96.0606   1.08765 -0.161146   0.22775
96.0616   1.08765 -0.161146   0.22775
96.0631   1.08765 -0.161146   0.22775
96.0641   1.08765 -0.161146   0.22775
96.0651   1.08765 -0.161146   0.22775
96.0666   1.08765 -0.161146   0.22775
96.0676   1.08765 -0.161146   0.22775
96.0686   1.08765 -0.161146  0.227751
96.0701   1.08765 -0.161146  0.227751
96.0711   1.08765 -0.161146  0.227751
96.0721   1.08765 -0.161146  0.227751
96.0736   1.08765 -0.161146  0.227751
96.0746   1.08765 -0.161145  0.227751
96.0756   1.08765 -0.161145  0.227751
96.0766   1.08765 -0.161145  0.227751
96.0781   1.08765 -0.161145  0.227751
96.0791   1.08765 -0.161145  0.227751
96.0801   1.08765 -0.161145  0.227751
96.0816   1.08765 -0.161145  0.227751
96.0826   1.08765 -0.161145  0.227751
96.0836   1.08765 -0.161145  0.227751
96.0851   1.08765 -0.161145  0.227751
96.0861   1.08765 -0.161145  0.227751
96.0871   1.08765 -0.161145  0.227751
96.0886   1.08765 -0.161145  0.227752
96.0895   1.08765 -0.161145  0.227752
96.0906   1.08765 -0.161145  0.227752
96.092   1.08765 -0.161145  0.227752
96.0931   1.08765 -0.161145  0.227752
96.094   1.08765 -0.161145  0.227752
96.0955   1.08765 -0.161145  0.227752
96.0965   1.08765 -0.161145  0.227752
96.0975   1.08765 -0.161145  0.227752
96.099   1.08765 -0.161145  0.227752
96.1   1.08765 -0.161145  0.227752
96.101   1.08765 -0.161145  0.227752
96.1025   1.08765 -0.161145  0.227752
96.1035   1.08765 -0.161145  0.227752
96.1045   1.08765 -0.161145  0.227752
96.1055   1.08764 -0.161145  0.227752
96.107   1.08764 -0.161145  0.227752
96.108   1.08764 -0.161145  0.227752
96.109   1.08764 -0.161145  0.227752
96.1105   1.08764 -0.161145  0.227753
96.1115   1.08764 -0.161145  0.227753
96.1125   1.08764 -0.161145  0.227753
96.114   1.08764 -0.161145  0.227753
96.115   1.08764 -0.161144  0.227753
96.116   1.08764 -0.161144  0.227753
96.1175   1.08764 -0.161144  0.227753
96.1185   1.08764 -0.161144  0.227753
96.1195   1.08764 -0.161144  0.227753
96.121   1.08764 -0.161144  0.227753
96.122   1.08764 -0.161144  0.227753
96.123   1.08764 -0.161144  0.227753
96.1245   1.08764 -0.161144  0.227753
96.1255   1.08764 -0.161144  0.227753
96.1265   1.08764 -0.161144  0.227753
96.128   1.08764 -0.161144  0.227753
96.129   1.08764 -0.161144  0.227753
96.13   1.08764 -0.161144  0.227753
96.1315   1.08764 -0.161144  0.227753
96.1325   1.08764 -0.161144  0.227754
96.1335   1.08764 -0.161144  0.227754
96.135   1.08764 -0.161144  0.227754
96.136   1.08764 -0.161144  0.227754
96.137   1.08764 -0.161144  0.227754
96.138   1.08764 -0.161144  0.227754
96.1395   1.08764 -0.161144  0.227754
96.1405   1.08764 -0.161144  0.227754
96.1415   1.08764 -0.161144  0.227754
96.143   1.08764 -0.161144  0.227754
96.144   1.08764 -0.161144  0.227754
96.145   1.08764 -0.161144  0.227754
96.1465   1.08764 -0.161144  0.227754
96.1475   1.08764 -0.161144  0.227754
96.1485   1.08764 -0.161144  0.227754
96.15   1.08764 -0.161144  0.227754
96.151   1.08764 -0.161144  0.227754
96.152   1.08764 -0.161144  0.227754
96.1535   1.08764 -0.161144  0.227754
96.1545   1.08764 -0.161144  0.227754
96.1555   1.08764 -0.161144  0.227754
96.157   1.08764 -0.161144  0.227755
96.1579   1.08764 -0.161144  0.227755
96.159   1.08764 -0.161144  0.227755
96.1605   1.08764 -0.161144  0.227755
96.1615   1.08764 -0.161144  0.227755
96.1625   1.08764 -0.161143  0.227755
96.1639   1.08764 -0.161143  0.227755
96.165   1.08764 -0.161143  0.227755
96.1659   1.08764 -0.161143  0.227755
96.1669   1.08764 -0.161143  0.227755
96.1684   1.08764 -0.161143  0.227755
96.1694   1.08764 -0.161143  0.227755
96.1704   1.08764 -0.161143  0.227755
96.1719   1.08764 -0.161143  0.227755
96.1729   1.08764 -0.161143  0.227755
96.1739   1.08764 -0.161143  0.227755
96.1754   1.08764 -0.161143  0.227755
96.1764   1.08764 -0.161143  0.227755
96.1774   1.08764 -0.161143  0.227755
96.1789   1.08764 -0.161143  0.227755
96.1799   1.08764 -0.161143  0.227755
96.1809   1.08764 -0.161143  0.227755
96.1824   1.08764 -0.161143  0.227755
96.1834   1.08764 -0.161143  0.227756
96.1844   1.08764 -0.161143  0.227756
96.1859   1.08764 -0.161143  0.227756
96.1869   1.08764 -0.161143  0.227756
96.1879   1.08764 -0.161143  0.227756
96.1894   1.08764 -0.161143  0.227756
96.1904   1.08764 -0.161143  0.227756
96.1914   1.08764 -0.161143  0.227756
96.1929   1.08764 -0.161143  0.227756
96.1939   1.08764 -0.161143  0.227756
96.1949   1.08764 -0.161143  0.227756
96.1964   1.08764 -0.161143  0.227756
96.1974   1.08764 -0.161143  0.227756
96.1984   1.08764 -0.161143  0.227756
96.1994   1.08764 -0.161143  0.227756
96.2009   1.08764 -0.161143  0.227756
96.2019   1.08764 -0.161143  0.227756
96.2029   1.08764 -0.161143  0.227756
96.2044   1.08764 -0.161143  0.227756
96.2054   1.08764 -0.161143  0.227756
96.2064   1.08764 -0.161143  0.227756
96.2079   1.08764 -0.161143  0.227756
96.2089   1.08764 -0.161143  0.227756
96.2099   1.08764 -0.161143  0.227756
96.2114   1.08764 -0.161143  0.227756
96.2124   1.08764 -0.161143  0.227757
96.2134   1.08764 -0.161143  0.227757
96.2149   1.08764 -0.161143  0.227757
96.2159   1.08764 -0.161143  0.227757
96.2169   1.08764 -0.161143  0.227757
96.2184   1.08764 -0.161142  0.227757
96.2194   1.08764 -0.161142  0.227757
96.2204   1.08764 -0.161142  0.227757
96.2219   1.08764 -0.161142  0.227757
96.2229   1.08764 -0.161142  0.227757
96.2239   1.08764 -0.161142  0.227757
96.2254   1.08764 -0.161142  0.227757
96.2264   1.08764 -0.161142  0.227757
96.2274   1.08764 -0.161142  0.227757
96.2289   1.08764 -0.161142  0.227757
96.2299   1.08764 -0.161142  0.227757
96.2308   1.08764 -0.161142  0.227757
96.2323   1.08764 -0.161142  0.227757
96.2333   1.08764 -0.161142  0.227757
96.2343   1.08764 -0.161142  0.227757
96.2353   1.08764 -0.161142  0.227757
96.2368   1.08764 -0.161142  0.227757
96.2378   1.08764 -0.161142  0.227757
96.2388   1.08764 -0.161142  0.227757
96.2403   1.08763 -0.161142  0.227757
96.2413   1.08763 -0.161142  0.227757
96.2423   1.08763 -0.161142  0.227757
96.2438   1.08763 -0.161142  0.227757
96.2448   1.08763 -0.161142  0.227758
96.2458   1.08763 -0.161142  0.227758
96.2473   1.08763 -0.161142  0.227758
96.2483   1.08763 -0.161142  0.227758
96.2493   1.08763 -0.161142  0.227758
96.2508   1.08763 -0.161142  0.227758
96.2518   1.08763 -0.161142  0.227758
96.2528   1.08763 -0.161142  0.227758
96.2543   1.08763 -0.161142  0.227758
96.2553   1.08763 -0.161142  0.227758
96.2563   1.08763 -0.161142  0.227758
96.2578   1.08763 -0.161142  0.227758
96.2588   1.08763 -0.161142  0.227758
96.2598   1.08763 -0.161142  0.227758
96.2613   1.08763 -0.161142  0.227758
96.2623   1.08763 -0.161142  0.227758
96.2633   1.08763 -0.161142  0.227758
96.2643   1.08763 -0.161142  0.227758
96.2658   1.08763 -0.161142  0.227758
96.2668   1.08763 -0.161142  0.227758
96.2678   1.08763 -0.161142  0.227758
96.2693   1.08763 -0.161142  0.227758
96.2703   1.08763 -0.161142  0.227758
96.2713   1.08763 -0.161142  0.227758
96.2728   1.08763 -0.161142  0.227758
96.2738   1.08763 -0.161142  0.227758
96.2748   1.08763 -0.161142  0.227758
96.2763   1.08763 -0.161142  0.227758
96.2773   1.08763 -0.161142  0.227758
96.2783   1.08763 -0.161142  0.227758
96.2798   1.08763 -0.161142  0.227759
96.2808   1.08763 -0.161142  0.227759
96.2818   1.08763 -0.161142  0.227759
96.2833   1.08763 -0.161142  0.227759
96.2843   1.08763 -0.161142  0.227759
96.2853   1.08763 -0.161141  0.227759
96.2868   1.08763 -0.161141  0.227759
96.2878   1.08763 -0.161141  0.227759
96.2888   1.08763 -0.161141  0.227759
96.2903   1.08763 -0.161141  0.227759
96.2913   1.08763 -0.161141  0.227759
96.2923   1.08763 -0.161141  0.227759
96.2938   1.08763 -0.161141  0.227759
96.2948   1.08763 -0.161141  0.227759
96.2957   1.08763 -0.161141  0.227759
96.2973   1.08763 -0.161141  0.227759
96.2982   1.08763 -0.161141  0.227759
96.2993   1.08763 -0.161141  0.227759
96.3008   1.08763 -0.161141  0.227759
96.3017   1.08763 -0.161141  0.227759
96.3027   1.08763 -0.161141  0.227759
96.3042   1.08763 -0.161141  0.227759
96.3052   1.08763 -0.161141  0.227759
96.3063   1.08763 -0.161141  0.227759
96.3072   1.08763 -0.161141  0.227759
96.3087   1.08763 -0.161141  0.227759
96.3097   1.08763 -0.161141  0.227759
96.3107   1.08763 -0.161141  0.227759
96.3122   1.08763 -0.161141  0.227759
96.3132   1.08763 -0.161141  0.227759
96.3142   1.08763 -0.161141  0.227759
96.3157   1.08763 -0.161141  0.227759
96.3167   1.08763 -0.161141  0.227759
96.3177   1.08763 -0.161141  0.227759
96.3192   1.08763 -0.161141   0.22776
96.3202   1.08763 -0.161141   0.22776
96.3212   1.08763 -0.161141   0.22776
96.3227   1.08763 -0.161141   0.22776
96.3237   1.08763 -0.161141   0.22776
96.3247   1.08763 -0.161141   0.22776
96.3262   1.08763 -0.161141   0.22776
96.3272   1.08763 -0.161141   0.22776
96.3282   1.08763 -0.161141   0.22776
96.3297   1.08763 -0.161141   0.22776
96.3307   1.08763 -0.161141   0.22776
96.3317   1.08763 -0.161141   0.22776
96.3327   1.08763 -0.161141   0.22776
96.3342   1.08763 -0.161141   0.22776
96.3352   1.08763 -0.161141   0.22776
96.3362   1.08763 -0.161141   0.22776
96.3377   1.08763 -0.161141   0.22776
96.3387   1.08763 -0.161141   0.22776
96.3397   1.08763 -0.161141   0.22776
96.3412   1.08763 -0.161141   0.22776
96.3422   1.08763 -0.161141   0.22776
96.3432   1.08763 -0.161141   0.22776
96.3447   1.08763 -0.161141   0.22776
96.3457   1.08763 -0.161141   0.22776
96.3467   1.08763 -0.161141   0.22776
96.3482   1.08763 -0.161141   0.22776
96.3492   1.08763 -0.161141   0.22776
96.3502   1.08763 -0.161141   0.22776
96.3517   1.08763 -0.161141   0.22776
96.3527   1.08763 -0.161141   0.22776
96.3537   1.08763 -0.161141   0.22776
96.3552   1.08763 -0.161141   0.22776
96.3562   1.08763 -0.161141   0.22776
96.3572   1.08763 -0.161141   0.22776
96.3587   1.08763 -0.161141   0.22776
96.3597   1.08763 -0.161141   0.22776
96.3607   1.08763 -0.161141   0.22776
96.3617   1.08763 -0.161141   0.22776
96.3632   1.08763 -0.161141  0.227761
96.3642   1.08763 -0.161141  0.227761
96.3652   1.08763 -0.161141  0.227761
96.3667   1.08763 -0.161141  0.227761
96.3677   1.08763 -0.161141  0.227761
96.3687   1.08763 -0.161141  0.227761
96.3702  1.08763 -0.16114 0.227761
96.3711  1.08763 -0.16114 0.227761
96.3721  1.08763 -0.16114 0.227761
96.3736  1.08763 -0.16114 0.227761
96.3746  1.08763 -0.16114 0.227761
96.3756  1.08763 -0.16114 0.227761
96.3771  1.08763 -0.16114 0.227761
96.3781  1.08763 -0.16114 0.227761
96.3791  1.08763 -0.16114 0.227761
96.3806  1.08763 -0.16114 0.227761
96.3816  1.08763 -0.16114 0.227761
96.3826  1.08763 -0.16114 0.227761
96.3841  1.08763 -0.16114 0.227761
96.3851  1.08763 -0.16114 0.227761
96.3861  1.08763 -0.16114 0.227761
96.3871  1.08763 -0.16114 0.227761
96.3886  1.08763 -0.16114 0.227761
96.3896  1.08763 -0.16114 0.227761
96.3906  1.08763 -0.16114 0.227761
96.3921  1.08763 -0.16114 0.227761
96.3931  1.08763 -0.16114 0.227761
96.3941  1.08763 -0.16114 0.227761
96.3956  1.08763 -0.16114 0.227761
96.3966  1.08763 -0.16114 0.227761
96.3976  1.08763 -0.16114 0.227761
96.3991  1.08763 -0.16114 0.227761
96.4001  1.08763 -0.16114 0.227761
96.4011  1.08763 -0.16114 0.227761
96.4026  1.08763 -0.16114 0.227761
96.4036  1.08763 -0.16114 0.227761
96.4046  1.08763 -0.16114 0.227761
96.4061  1.08763 -0.16114 0.227761
96.4071  1.08763 -0.16114 0.227761
96.4081  1.08763 -0.16114 0.227761
96.4096  1.08763 -0.16114 0.227761
96.4106  1.08763 -0.16114 0.227761
96.4116  1.08763 -0.16114 0.227761
96.4131  1.08763 -0.16114 0.227761
96.4141  1.08763 -0.16114 0.227761
96.4151  1.08763 -0.16114 0.227762
96.4161  1.08763 -0.16114 0.227762
96.4176  1.08763 -0.16114 0.227762
96.4186  1.08763 -0.16114 0.227762
96.4196  1.08763 -0.16114 0.227762
96.4211  1.08763 -0.16114 0.227762
96.4221  1.08763 -0.16114 0.227762
96.4231  1.08763 -0.16114 0.227762
96.4246  1.08763 -0.16114 0.227762
96.4256  1.08763 -0.16114 0.227762
96.4266  1.08763 -0.16114 0.227762
96.4281  1.08763 -0.16114 0.227762
96.4291  1.08763 -0.16114 0.227762
96.4301  1.08763 -0.16114 0.227762
96.4316  1.08763 -0.16114 0.227762
96.4326  1.08763 -0.16114 0.227762
96.4336  1.08763 -0.16114 0.227762
96.4351  1.08763 -0.16114 0.227762
96.4361  1.08763 -0.16114 0.227762
96.437  1.08763 -0.16114 0.227762
96.4385  1.08763 -0.16114 0.227762
96.4395  1.08763 -0.16114 0.227762
96.4406  1.08763 -0.16114 0.227762
96.442  1.08763 -0.16114 0.227762
96.443  1.08763 -0.16114 0.227762
96.444  1.08763 -0.16114 0.227762
96.4455  1.08763 -0.16114 0.227762
96.4465  1.08763 -0.16114 0.227762
96.4475  1.08763 -0.16114 0.227762
96.449  1.08763 -0.16114 0.227762
96.45  1.08763 -0.16114 0.227762
96.451  1.08763 -0.16114 0.227762
96.452  1.08763 -0.16114 0.227762
96.4535  1.08763 -0.16114 0.227762
96.4545  1.08763 -0.16114 0.227762
96.4555  1.08763 -0.16114 0.227762
96.457  1.08763 -0.16114 0.227762
96.458  1.08763 -0.16114 0.227762
96.459  1.08763 -0.16114 0.227762
96.4605  1.08763 -0.16114 0.227762
96.4615  1.08763 -0.16114 0.227762
96.4625  1.08763 -0.16114 0.227762
96.464  1.08763 -0.16114 0.227762
96.465  1.08763 -0.16114 0.227762
96.466  1.08763 -0.16114 0.227762
96.4675  1.08763 -0.16114 0.227762
96.4685  1.08763 -0.16114 0.227762
96.4695  1.08763 -0.16114 0.227762
96.471  1.08763 -0.16114 0.227762
96.472  1.08763 -0.16114 0.227762
96.473  1.08763 -0.16114 0.227762
96.4745  1.08763 -0.16114 0.227762
96.4755  1.08763 -0.16114 0.227762
96.4765  1.08762 -0.16114 0.227762
96.478  1.08762 -0.16114 0.227763
96.479  1.08762 -0.16114 0.227763
96.48  1.08762 -0.16114 0.227763
96.4815  1.08762 -0.16114 0.227763
96.4825  1.08762 -0.16114 0.227763
96.4835  1.08762 -0.16114 0.227763
96.485   1.08762 -0.161139  0.227763
96.486   1.08762 -0.161139  0.227763
96.487   1.08762 -0.161139  0.227763
96.488   1.08762 -0.161139  0.227763
96.4895   1.08762 -0.161139  0.227763
96.4905   1.08762 -0.161139  0.227763
96.4915   1.08762 -0.161139  0.227763
96.493   1.08762 -0.161139  0.227763
96.494   1.08762 -0.161139  0.227763
96.495   1.08762 -0.161139  0.227763
96.4965   1.08762 -0.161139  0.227763
96.4975   1.08762 -0.161139  0.227763
96.4985   1.08762 -0.161139  0.227763
96.5   1.08762 -0.161139  0.227763
96.501   1.08762 -0.161139  0.227763
96.502   1.08762 -0.161139  0.227763
96.5035   1.08762 -0.161139  0.227763
96.5045   1.08762 -0.161139  0.227763
96.5055   1.08762 -0.161139  0.227763
96.507   1.08762 -0.161139  0.227763
96.5079   1.08762 -0.161139  0.227763
96.509   1.08762 -0.161139  0.227763
96.5104   1.08762 -0.161139  0.227763
96.5115   1.08762 -0.161139  0.227763
96.5124   1.08762 -0.161139  0.227763
96.5134   1.08762 -0.161139  0.227763
96.5149   1.08762 -0.161139  0.227763
96.5159   1.08762 -0.161139  0.227763
96.5169   1.08762 -0.161139  0.227763
96.5184   1.08762 -0.161139  0.227763
96.5194   1.08762 -0.161139  0.227763
96.5204   1.08762 -0.161139  0.227763
96.5219   1.08762 -0.161139  0.227763
96.5229   1.08762 -0.161139  0.227763
96.5239   1.08762 -0.161139  0.227763
96.5254   1.08762 -0.161139  0.227763
96.5264   1.08762 -0.161139  0.227763
96.5274   1.08762 -0.161139  0.227763
96.5289   1.08762 -0.161139  0.227763
96.5299   1.08762 -0.161139  0.227763
96.5309   1.08762 -0.161139  0.227763
96.5324   1.08762 -0.161139  0.227763
96.5334   1.08762 -0.161139  0.227763
96.5344   1.08762 -0.161139  0.227763
96.5359   1.08762 -0.161139  0.227763
96.5369   1.08762 -0.161139  0.227763
96.5379   1.08762 -0.161139  0.227763
96.5394   1.08762 -0.161139  0.227763
96.5404   1.08762 -0.161139  0.227763
96.5414   1.08762 -0.161139  0.227763
96.5429   1.08762 -0.161139  0.227763
96.5439   1.08762 -0.161139  0.227763
96.5449   1.08762 -0.161139  0.227763
96.5459   1.08762 -0.161139  0.227763
96.5474   1.08762 -0.161139  0.227763
96.5484   1.08762 -0.161139  0.227763
96.5494   1.08762 -0.161139  0.227763
96.5509   1.08762 -0.161139  0.227763
96.5519   1.08762 -0.161139  0.227763
96.5529   1.08762 -0.161139  0.227763
96.5544   1.08762 -0.161139  0.227764
96.5554   1.08762 -0.161139  0.227764
96.5564   1.08762 -0.161139  0.227764
96.5579   1.08762 -0.161139  0.227764
96.5589   1.08762 -0.161139  0.227764
96.5599   1.08762 -0.161139  0.227764
96.5614   1.08762 -0.161139  0.227764
96.5624   1.08762 -0.161139  0.227764
96.5634   1.08762 -0.161139  0.227764
96.5649   1.08762 -0.161139  0.227764
96.5659   1.08762 -0.161139  0.227764
96.5669   1.08762 -0.161139  0.227764
96.5684   1.08762 -0.161139  0.227764
96.5694   1.08762 -0.161139  0.227764
96.5704   1.08762 -0.161139  0.227764
96.5719   1.08762 -0.161139  0.227764
96.5729   1.08762 -0.161139  0.227764
96.5739   1.08762 -0.161139  0.227764
96.5754   1.08762 -0.161139  0.227764
96.5764   1.08762 -0.161139  0.227764
96.5774   1.08762 -0.161139  0.227764
96.5788   1.08762 -0.161139  0.227764
96.5798   1.08762 -0.161139  0.227764
96.5808   1.08762 -0.161139  0.227764
96.5818   1.08762 -0.161139  0.227764
96.5833   1.08762 -0.161139  0.227764
96.5843   1.08762 -0.161139  0.227764
96.5853   1.08762 -0.161139  0.227764
96.5868   1.08762 -0.161139  0.227764
96.5878   1.08762 -0.161139  0.227764
96.5888   1.08762 -0.161139  0.227764
96.5903   1.08762 -0.161139  0.227764
96.5913   1.08762 -0.161139  0.227764
96.5923   1.08762 -0.161139  0.227764
96.5938   1.08762 -0.161139  0.227764
96.5948   1.08762 -0.161139  0.227764
96.5958   1.08762 -0.161139  0.227764
96.5973   1.08762 -0.161139  0.227764
96.5983   1.08762 -0.161139  0.227764
96.5993   1.08762 -0.161139  0.227764
96.6008   1.08762 -0.161139  0.227764
96.6018   1.08762 -0.161139  0.227764
96.6028   1.08762 -0.161139  0.227764
96.6043   1.08762 -0.161139  0.227764
96.6053   1.08762 -0.161139  0.227764
96.6063   1.08762 -0.161139  0.227764
96.6078   1.08762 -0.161139  0.227764
96.6088   1.08762 -0.161139  0.227764
96.6098   1.08762 -0.161139  0.227764
96.6113   1.08762 -0.161139  0.227764
96.6123   1.08762 -0.161139  0.227764
96.6133   1.08762 -0.161139  0.227764
96.6143   1.08762 -0.161139  0.227764
96.6158   1.08762 -0.161139  0.227764
96.6168   1.08762 -0.161139  0.227764
96.6178   1.08762 -0.161139  0.227764
96.6193   1.08762 -0.161139  0.227764
96.6203   1.08762 -0.161139  0.227764
96.6213   1.08762 -0.161139  0.227764
96.6228   1.08762 -0.161139  0.227764
96.6238   1.08762 -0.161139  0.227764
96.6248   1.08762 -0.161139  0.227764
96.6263   1.08762 -0.161139  0.227764
96.6273   1.08762 -0.161139  0.227764
96.6283   1.08762 -0.161139  0.227764
96.6298   1.08762 -0.161139  0.227764
96.6308   1.08762 -0.161139  0.227764
96.6318   1.08762 -0.161139  0.227764
96.6333   1.08762 -0.161139  0.227764
96.6343   1.08762 -0.161139  0.227764
96.6353   1.08762 -0.161139  0.227764
96.6368   1.08762 -0.161139  0.227764
96.6378   1.08762 -0.161139  0.227764
96.6388   1.08762 -0.161139  0.227764
96.6403   1.08762 -0.161139  0.227764
96.6413   1.08762 -0.161139  0.227764
96.6423   1.08762 -0.161139  0.227764
96.6433   1.08762 -0.161139  0.227764
96.6448   1.08762 -0.161139  0.227764
96.6458   1.08762 -0.161139  0.227764
96.6468   1.08762 -0.161139  0.227764
96.6483   1.08762 -0.161139  0.227764
96.6492   1.08762 -0.161139  0.227764
96.6503   1.08762 -0.161139  0.227764
96.6517   1.08762 -0.161139  0.227764
96.6527   1.08762 -0.161139  0.227764
96.6537   1.08762 -0.161139  0.227764
96.6552   1.08762 -0.161139  0.227765
96.6562   1.08762 -0.161139  0.227765
96.6572   1.08762 -0.161139  0.227765
96.6587   1.08762 -0.161139  0.227765
96.6597   1.08762 -0.161139  0.227765
96.6607   1.08762 -0.161139  0.227765
96.6622   1.08762 -0.161139  0.227765
96.6632   1.08762 -0.161138  0.227765
96.6642   1.08762 -0.161138  0.227765
96.6657   1.08762 -0.161138  0.227765
96.6667   1.08762 -0.161138  0.227765
96.6677   1.08762 -0.161138  0.227765
96.6692   1.08762 -0.161138  0.227765
96.6702   1.08762 -0.161138  0.227765
96.6712   1.08762 -0.161138  0.227765
96.6727   1.08762 -0.161138  0.227765
96.6737   1.08762 -0.161138  0.227765
96.6747   1.08762 -0.161138  0.227765
96.6757   1.08762 -0.161138  0.227765
96.6772   1.08762 -0.161138  0.227765
96.6782   1.08762 -0.161138  0.227765
96.6792   1.08762 -0.161138  0.227765
96.6807   1.08762 -0.161138  0.227765
96.6817   1.08762 -0.161138  0.227765
96.6827   1.08762 -0.161138  0.227765
96.6842   1.08762 -0.161138  0.227765
96.6852   1.08762 -0.161138  0.227765
96.6862   1.08762 -0.161138  0.227765
96.6877   1.08762 -0.161138  0.227765
96.6887   1.08762 -0.161138  0.227765
96.6897   1.08762 -0.161138  0.227765
96.6912   1.08762 -0.161138  0.227765
96.6922   1.08762 -0.161138  0.227765
96.6932   1.08762 -0.161138  0.227765
96.6947   1.08762 -0.161138  0.227765
96.6957   1.08762 -0.161138  0.227765
96.6967   1.08762 -0.161138  0.227765
96.6982   1.08762 -0.161138  0.227765
96.6992   1.08762 -0.161138  0.227765
96.7002   1.08762 -0.161138  0.227765
96.7017   1.08762 -0.161138  0.227765
96.7027   1.08762 -0.161138  0.227765
96.7037   1.08762 -0.161138  0.227765
96.7047   1.08762 -0.161138  0.227765
96.7062   1.08762 -0.161138  0.227765
96.7072   1.08762 -0.161138  0.227765
96.7082   1.08762 -0.161138  0.227765
96.7097   1.08762 -0.161138  0.227765
96.7107   1.08762 -0.161138  0.227765
96.7117   1.08762 -0.161138  0.227765
96.7132   1.08762 -0.161138  0.227765
96.7142   1.08762 -0.161138  0.227765
96.7151   1.08762 -0.161138  0.227765
96.7167   1.08762 -0.161138  0.227765
96.7177   1.08762 -0.161138  0.227765
96.7187   1.08762 -0.161138  0.227765
96.7202   1.08762 -0.161138  0.227765
96.7211   1.08762 -0.161138  0.227765
96.7221   1.08762 -0.161138  0.227765
96.7236   1.08762 -0.161138  0.227765
96.7246   1.08762 -0.161138  0.227765
96.7256   1.08762 -0.161138  0.227765
96.7271   1.08762 -0.161138  0.227765
96.7281   1.08762 -0.161138  0.227765
96.7291   1.08762 -0.161138  0.227765
96.7306   1.08762 -0.161138  0.227765
96.7316   1.08762 -0.161138  0.227765
96.7326   1.08762 -0.161138  0.227765
96.7336   1.08762 -0.161138  0.227765
96.7351   1.08762 -0.161138  0.227765
96.7361   1.08762 -0.161138  0.227765
96.7371   1.08762 -0.161138  0.227765
96.7386   1.08762 -0.161138  0.227765
96.7396   1.08762 -0.161138  0.227765
96.7406   1.08762 -0.161138  0.227765
96.7421   1.08762 -0.161138  0.227765
96.7431   1.08762 -0.161138  0.227765
96.7446   1.08762 -0.161138  0.227765
96.7456   1.08762 -0.161138  0.227765
96.7471   1.08762 -0.161138  0.227765
96.7481   1.08762 -0.161138  0.227765
96.7491   1.08762 -0.161138  0.227765
96.7506   1.08762 -0.161138  0.227765
96.7516   1.08762 -0.161138  0.227765
96.7526   1.08762 -0.161138  0.227765
96.7541   1.08762 -0.161138  0.227765
96.7551   1.08762 -0.161138  0.227765
96.7566   1.08762 -0.161138  0.227765
96.7576   1.08762 -0.161138  0.227765
96.7586   1.08762 -0.161138  0.227765
96.7601   1.08762 -0.161138  0.227765
96.7611   1.08762 -0.161138  0.227765
96.7626   1.08762 -0.161138  0.227765
96.7636   1.08762 -0.161138  0.227765
96.7646   1.08762 -0.161138  0.227765
96.7661   1.08762 -0.161138  0.227765
96.7671   1.08762 -0.161138  0.227765
96.7681   1.08762 -0.161138  0.227765
96.7696   1.08762 -0.161138  0.227765
96.7706   1.08762 -0.161138  0.227765
96.7716   1.08762 -0.161138  0.227765
96.7731   1.08762 -0.161138  0.227765
96.7741   1.08762 -0.161138  0.227765
96.7751   1.08762 -0.161138  0.227765
96.7766   1.08762 -0.161138  0.227765
96.7776   1.08762 -0.161138  0.227765
96.7786   1.08762 -0.161138  0.227765
96.7801   1.08762 -0.161138  0.227765
96.7811   1.08762 -0.161138  0.227765
96.7821   1.08762 -0.161138  0.227765
96.7836   1.08762 -0.161138  0.227765
96.7846   1.08762 -0.161138  0.227765
96.7856   1.08762 -0.161138  0.227765
96.787   1.08762 -0.161138  0.227765
96.788   1.08762 -0.161138  0.227765
96.789   1.08762 -0.161138  0.227765
96.7905   1.08762 -0.161138  0.227765
96.7915   1.08762 -0.161138  0.227765
96.7926   1.08762 -0.161138  0.227765
96.794   1.08762 -0.161138  0.227765
96.7951   1.08762 -0.161138  0.227765
96.7961   1.08762 -0.161138  0.227765
96.7975   1.08762 -0.161138  0.227765
96.7985   1.08762 -0.161138  0.227765
96.7995   1.08762 -0.161138  0.227765
96.801   1.08762 -0.161138  0.227765
96.802   1.08762 -0.161138  0.227765
96.803   1.08762 -0.161138  0.227765
96.8045   1.08762 -0.161138  0.227765
96.8055   1.08762 -0.161138  0.227765
96.8065   1.08762 -0.161138  0.227765
96.808   1.08762 -0.161138  0.227765
96.809   1.08762 -0.161138  0.227766
96.81   1.08762 -0.161138  0.227766
96.811   1.08762 -0.161138  0.227766
96.8125   1.08762 -0.161138  0.227766
96.8135   1.08762 -0.161138  0.227766
96.822   1.08762 -0.161138  0.227766
96.823   1.08689 -0.160951  0.228137
96.8245  1.08628 -0.16079 0.228454
96.8255   1.08575 -0.160655  0.228721
96.8265   1.08532 -0.160543  0.228944
96.828    1.0848 -0.160409   0.22921
96.829   1.08453 -0.160338  0.229349
96.83   1.08431 -0.160281  0.229463
96.8315   1.08412 -0.160233  0.229557
96.8325   1.08391 -0.160178  0.229667
96.8335    1.0838 -0.160149  0.229724
96.8345   1.08371 -0.160125  0.229771
96.836   1.08363 -0.160106  0.229809
96.837   1.08364 -0.160101  0.229831
96.838   1.08374 -0.160109  0.229844
96.8395    1.0838 -0.160113  0.229851
96.8405   1.08385 -0.160116  0.229856
96.8415    1.0839 -0.160121  0.229863
96.843   1.08393 -0.160123  0.229866
96.844   1.08396 -0.160125  0.229869
96.845   1.08398 -0.160127  0.229871
96.8465     1.084 -0.160129  0.229874
96.8475  1.08401 -0.16013 0.229875
96.8485  1.08403 -0.16013 0.229876
96.85   1.08403 -0.160131  0.229877
96.851   1.08404 -0.160132  0.229878
96.852   1.08405 -0.160132  0.229879
96.8535   1.08405 -0.160133  0.229879
96.8545   1.08406 -0.160133   0.22988
96.8555   1.08406 -0.160133   0.22988
96.8569   1.08406 -0.160133   0.22988
96.858   1.08406 -0.160134   0.22988
96.859   1.08407 -0.160134   0.22988
96.8605   1.08407 -0.160134   0.22988
96.8614   1.08407 -0.160134   0.22988
96.8624   1.08407 -0.160134   0.22988
96.864   1.08407 -0.160134   0.22988
96.8649   1.08407 -0.160134   0.22988
96.8659   1.08407 -0.160134   0.22988
96.8674   1.08438 -0.160221  0.229701
96.8684   1.08517 -0.160443  0.229238
96.8694    1.0856 -0.160563  0.228988
96.8709   1.08596 -0.160664  0.228779
96.8719   1.08625 -0.160747  0.228606
96.8729    1.0866 -0.160845  0.228402
96.8744   1.08678 -0.160897  0.228295
96.8754   1.08693 -0.160939  0.228207
96.8764   1.08706 -0.160973  0.228135
96.8774    1.0872 -0.161014  0.228051
96.8789   1.08728 -0.161035  0.228007
96.8799   1.08734 -0.161052  0.227971
96.8809   1.08739 -0.161066  0.227942
96.8824   1.08745 -0.161083  0.227907
96.8834   1.08748 -0.161091  0.227889
96.8844    1.0875 -0.161099  0.227875
96.8859   1.08752 -0.161104  0.227863
96.8869   1.08755 -0.161111  0.227849
96.8879   1.08756 -0.161114  0.227842
96.8894   1.08757 -0.161117  0.227836
96.8904   1.08758 -0.161121  0.227829
96.8914   1.08759 -0.161122  0.227825
96.8929   1.08759 -0.161124  0.227822
96.8939    1.0876 -0.161125   0.22782
96.8949    1.0876 -0.161126  0.227817
96.8964   1.08761 -0.161127  0.227815
96.8974   1.08761 -0.161128  0.227814
96.8984   1.08761 -0.161128  0.227813
96.8999   1.08761 -0.161129  0.227812
96.9009   1.08724 -0.161032  0.228002
96.9019   1.08657 -0.160859  0.228342
96.9034     1.086 -0.160713   0.22863
96.9044   1.08532 -0.160537  0.228977
96.9054   1.08495 -0.160444   0.22916
96.9069   1.08466 -0.160367  0.229311
96.9079   1.08441 -0.160303  0.229436
96.9089   1.08412 -0.160229  0.229582
96.9104  1.08397 -0.16019 0.229658
96.9114   1.08385 -0.160159  0.229721
96.9124   1.08375 -0.160133  0.229772
96.9134   1.08363 -0.160102  0.229832
96.9149   1.08357 -0.160087  0.229863
96.9159   1.08352 -0.160074  0.229888
96.9169   1.08348 -0.160063  0.229909
96.9184   1.08343 -0.160051  0.229933
96.9194   1.08341 -0.160044  0.229946
96.9204   1.08339 -0.160039  0.229956
96.9219   1.08337 -0.160035  0.229964
96.9229  1.08335 -0.16003 0.229974
96.9239   1.08334 -0.160027  0.229979
96.9254   1.08333 -0.160025  0.229983
96.9264   1.08332 -0.160023  0.229988
96.9273   1.08332 -0.160022  0.229991
96.9288   1.08331 -0.160021  0.229993
96.9299  1.08331 -0.16002 0.229994
96.9309   1.08331 -0.160019  0.229996
96.9323   1.08331 -0.160018  0.229997
96.9333    1.0833 -0.160018  0.229998
96.9343   1.08368 -0.160114  0.229808
96.9358   1.08464 -0.160363  0.229319
96.9368   1.08516 -0.160497  0.229054
96.9378   1.0856 -0.16061 0.228834
96.9393   1.08596 -0.160703   0.22865
96.9403   1.08639 -0.160813  0.228434
96.9413  1.08661 -0.16087 0.228321
96.9428   1.08679 -0.160917  0.228228
96.9438   1.08694 -0.160956  0.228152
96.9448   1.08712 -0.161001  0.228062
96.9458   1.08721 -0.161025  0.228016
96.9473   1.08728 -0.161044  0.227978
96.9483  1.08734 -0.16106 0.227947
96.9493   1.08742 -0.161078  0.227911
96.9508   1.08745 -0.161088  0.227892
96.9518   1.08748 -0.161096  0.227876
96.9528   1.08751 -0.161102  0.227864
96.9543  1.08754 -0.16111 0.227849
96.9553   1.08755 -0.161114  0.227841
96.9563   1.08756 -0.161117  0.227835
96.9578   1.08757 -0.161119   0.22783
96.9588   1.08759 -0.161123  0.227824
96.9598   1.08759 -0.161124  0.227821
96.9613    1.0876 -0.161125  0.227818
96.9623    1.0876 -0.161127  0.227815
96.9633   1.08761 -0.161128  0.227814
96.9648   1.08761 -0.161128  0.227812
96.9658   1.08781 -0.161167   0.22764
96.9668   1.08806 -0.161215  0.227428
96.9683    1.0882 -0.161241  0.227315
96.9693   1.08831 -0.161262   0.22722
96.9703   1.0884 -0.16128 0.227142
96.9718   1.08851 -0.161301   0.22705
96.9728   1.08856 -0.161312  0.227002
96.9738   1.08861 -0.161321  0.226963
96.9753   1.08865 -0.161328   0.22693
96.9763   1.08869 -0.161337  0.226892
96.9773   1.08872 -0.161341  0.226873
96.9788   1.08874 -0.161345  0.226857
96.9798   1.08875 -0.161348  0.226844
96.9808   1.08877 -0.161351  0.226828
96.9818   1.08878 -0.161353   0.22682
96.9833   1.08879 -0.161354  0.226814
96.9843   1.08879 -0.161355  0.226809
96.9853    1.0888 -0.161357  0.226802
96.9868    1.0888 -0.161358  0.226799
96.9878   1.08881 -0.161358  0.226797
96.9888   1.08881 -0.161359  0.226794
96.9903   1.08881 -0.161359  0.226792
96.9913   1.08881 -0.161359  0.226791
96.9923  1.08881 -0.16136  0.22679
96.9938  1.08882 -0.16136 0.226789
96.9948  1.08882 -0.16136 0.226788
96.9958  1.08882 -0.16136 0.226787
96.9973  1.08882 -0.16136 0.226787
96.9983  1.08882 -0.16136 0.226787
96.9993  1.08882 -0.16136 0.226786
97.0008  1.08882 -0.16136 0.226786
97.0017  1.08882 -0.16136 0.226786
97.0027   1.08789 -0.161135  0.227325
97.0042   1.08676 -0.160858  0.227989
97.0052   1.08615 -0.160709  0.228345
97.0062   1.08564 -0.160586  0.228641
97.0077   1.08522 -0.160484  0.228885
97.0087   1.08472 -0.160363  0.229174
97.0097  1.08447  -0.1603 0.229325
97.0112   1.08425 -0.160248  0.229449
97.0122   1.08401 -0.160188  0.229594
97.0132   1.08388 -0.160156  0.229669
97.0142   1.08377 -0.160131   0.22973
97.0157  1.08368 -0.16011 0.229781
97.0167   1.08358 -0.160085   0.22984
97.0177   1.08353 -0.160072  0.229871
97.0192   1.08349 -0.160062  0.229896
97.0202   1.08345 -0.160053  0.229916
97.0212   1.08341 -0.160043   0.22994
97.0227   1.08339 -0.160038  0.229952
97.0237   1.08337 -0.160034  0.229963
97.0247  1.08336 -0.16003 0.229971
97.0262   1.08334 -0.160026  0.229981
97.0272   1.08333 -0.160024  0.229986
97.0282   1.08333 -0.160023   0.22999
97.0297   1.08332 -0.160021  0.229993
97.0307  1.08331 -0.16002 0.229997
97.0317   1.08331 -0.160019  0.229999
97.0332   1.08331 -0.160018      0.23
97.0342   1.08331 -0.160018  0.230002
97.0352    1.0833 -0.160017  0.230004
97.0367    1.0833 -0.160016  0.230005
97.0377    1.0833 -0.160016  0.230005
97.0387    1.0833 -0.160016  0.230006
97.0402    1.0833 -0.160016  0.230006
97.0412    1.0833 -0.160016  0.230006
97.0422    1.0833 -0.160016  0.230006
97.0437    1.0833 -0.160016  0.230007
97.0447    1.0833 -0.160016  0.230007
97.0457    1.0833 -0.160016  0.230007
97.0472    1.0833 -0.160016  0.230007
97.0482    1.0833 -0.160016  0.230007
97.0492    1.0833 -0.160016  0.230007
97.0502    1.0833 -0.160016  0.230006
97.0517    1.0833 -0.160016  0.230006
97.0527    1.0833 -0.160016  0.230006
97.0537    1.0833 -0.160016  0.230006
97.0552    1.0833 -0.160016  0.230006
97.0562    1.0833 -0.160016  0.230006
97.0572    1.0833 -0.160016  0.230006
97.0587    1.0833 -0.160016  0.230006
97.0597    1.0833 -0.160016  0.230006
97.0607    1.0833 -0.160016  0.230006
97.0622    1.0833 -0.160016  0.230006
97.0632    1.0833 -0.160016  0.230006
97.0642    1.0833 -0.160016  0.230006
97.0657    1.0833 -0.160016  0.230006
97.0667    1.0833 -0.160016  0.230006
97.0677    1.0833 -0.160016  0.230006
97.0692    1.0833 -0.160016  0.230006
97.0701    1.0833 -0.160016  0.230006
97.0711    1.0833 -0.160016  0.230006
97.0727    1.0833 -0.160016  0.230005
97.0737    1.0833 -0.160016  0.230005
97.0747    1.0833 -0.160016  0.230005
97.0761    1.0833 -0.160016  0.230005
97.0771    1.0833 -0.160016  0.230005
97.0781    1.0833 -0.160017  0.230005
97.0796    1.0833 -0.160017  0.230005
97.0806    1.0833 -0.160017  0.230004
97.0816    1.0833 -0.160017  0.230004
97.0831    1.0833 -0.160017  0.230004
97.0841    1.0833 -0.160017  0.230004
97.0851    1.0833 -0.160017  0.230004
97.0861    1.0833 -0.160017  0.230004
97.0876    1.0833 -0.160017  0.230004
97.0886    1.0833 -0.160017  0.230004
97.0896    1.0833 -0.160017  0.230004
97.0911    1.0833 -0.160017  0.230004
97.0921    1.0833 -0.160017  0.230004
97.0931    1.0833 -0.160017  0.230003
97.0946    1.0833 -0.160017  0.230003
97.0956    1.0833 -0.160017  0.230003
97.0966    1.0833 -0.160017  0.230003
97.0981    1.0833 -0.160017  0.230003
97.0991    1.0833 -0.160017  0.230003
97.1001    1.0833 -0.160017  0.230003
97.1016   1.08378 -0.160134  0.229723
97.1026   1.08502 -0.160435  0.229003
97.1036   1.08569 -0.160597  0.228614
97.1051   1.08624 -0.160733  0.228289
97.1061    1.0867 -0.160846   0.22802
97.1071   1.08725 -0.160979  0.227701
97.1086   1.08754 -0.161048  0.227535
97.1096   1.08777 -0.161105  0.227399
97.1106   1.08796 -0.161152  0.227287
97.1121   1.08819 -0.161207  0.227155
97.1131    1.0883 -0.161235  0.227087
97.1141    1.0884 -0.161258  0.227031
97.1151   1.08848 -0.161278  0.226986
97.1166  1.08857  -0.1613 0.226932
97.1176   1.08862 -0.161311  0.226905
97.1186   1.08866 -0.161321  0.226882
97.1201    1.0887 -0.161332  0.226855
97.1211   1.08872 -0.161338  0.226842
97.1221   1.08874 -0.161342  0.226831
97.1236   1.08876 -0.161346  0.226821
97.1246   1.08878 -0.161351  0.226811
97.1256   1.08879 -0.161353  0.226805
97.1271    1.0888 -0.161355  0.226801
97.1281    1.0888 -0.161356  0.226797
97.1291   1.08881 -0.161358  0.226793
97.1306   1.08881 -0.161359   0.22679
97.1316  1.08871 -0.16134 0.226878
97.1326   1.08853 -0.161305  0.227036
97.1341    1.0883 -0.161262  0.227229
97.1351   1.08818 -0.161239  0.227331
97.1361  1.08808 -0.16122 0.227417
97.1376     1.088 -0.161204  0.227487
97.1386   1.08791 -0.161185   0.22757
97.1395   1.08786 -0.161176  0.227614
97.141   1.08781 -0.161168  0.227649
97.1421   1.08778 -0.161161  0.227678
97.1431   1.08774 -0.161154  0.227712
97.144  1.08772 -0.16115  0.22773
97.1455    1.0877 -0.161146  0.227745
97.1465   1.08769 -0.161144  0.227757
97.1475   1.08767 -0.161141  0.227771
97.149   1.08766 -0.161139  0.227778
97.15   1.08766 -0.161138  0.227784
97.151   1.08765 -0.161137  0.227789
97.1525   1.08764 -0.161135  0.227794
97.1535   1.08764 -0.161135  0.227797
97.1545   1.08764 -0.161134    0.2278
97.156   1.08764 -0.161134  0.227802
97.157   1.08763 -0.161133  0.227804
97.158   1.08763 -0.161133  0.227805
97.1595   1.08763 -0.161133  0.227806
97.1605   1.08763 -0.161132  0.227807
97.1615   1.08763 -0.161132  0.227808
97.163   1.08763 -0.161132  0.227809
97.164   1.08763 -0.161132  0.227809
97.165   1.08763 -0.161132  0.227809
97.1665   1.08703 -0.160965  0.228156
97.1675   1.08653 -0.160823  0.228453
97.1685    1.0861 -0.160703  0.228702
97.17   1.08559 -0.160559  0.229002
97.171   1.08532 -0.160483  0.229159
97.172    1.0851 -0.160421  0.229289
97.1735  1.08491 -0.16037 0.229396
97.1745    1.0847 -0.160309  0.229521
97.1755   1.08459 -0.160278  0.229586
97.177    1.0845 -0.160252   0.22964
97.178   1.08442 -0.160231  0.229684
97.179   1.08433 -0.160207  0.229735
97.18   1.08429 -0.160194  0.229761
97.1815   1.08425 -0.160184  0.229783
97.1825   1.08422 -0.160175  0.229801
97.1835   1.08418 -0.160165  0.229822
97.185  1.08417 -0.16016 0.229832
97.186   1.08415 -0.160156  0.229841
97.187   1.08414 -0.160152  0.229848
97.1885   1.08412 -0.160148  0.229857
97.1895   1.08412 -0.160146  0.229861
97.1905   1.08411 -0.160144  0.229865
97.192    1.0841 -0.160142  0.229869
97.193    1.0841 -0.160141  0.229871
97.194   1.0841 -0.16014 0.229873
97.1955  1.08409 -0.16014 0.229874
97.1965   1.08409 -0.160139  0.229876
97.1975   1.08409 -0.160139  0.229876
97.199   1.08409 -0.160138  0.229877
97.2   1.08409 -0.160138  0.229878
97.201   1.08409 -0.160138  0.229878
97.2025   1.08409 -0.160137  0.229879
97.2035   1.08409 -0.160137  0.229879
97.2045   1.08409 -0.160137  0.229879
97.2059   1.08409 -0.160137   0.22988
97.207   1.08408 -0.160137   0.22988
97.2079   1.08408 -0.160137   0.22988
97.2094   1.08408 -0.160137   0.22988
97.2104   1.08408 -0.160137   0.22988
97.2115   1.08409 -0.160137   0.22988
97.2124   1.08409 -0.160137   0.22988
97.214   1.08409 -0.160137  0.229879
97.2149   1.08409 -0.160137  0.229879
97.2159   1.08409 -0.160137  0.229879
97.2174   1.08409 -0.160137  0.229879
97.2185   1.08409 -0.160137  0.229879
97.2194   1.08409 -0.160137  0.229879
97.2209   1.08409 -0.160137  0.229879
97.2219   1.08409 -0.160137  0.229879
97.2229   1.08409 -0.160137  0.229879
97.2244   1.08409 -0.160137  0.229879
97.2254   1.08409 -0.160137  0.229879
97.2264   1.08409 -0.160137  0.229879
97.2279   1.08409 -0.160137  0.229879
97.2289   1.08409 -0.160137  0.229879
97.2299   1.08409 -0.160138  0.229878
97.2314   1.08409 -0.160138  0.229878
97.2324   1.08409 -0.160138  0.229878
97.2334   1.08409 -0.160138  0.229878
97.2349   1.08402 -0.160127   0.22989
97.2359    1.0839 -0.160108   0.22991
97.2369   1.08379 -0.160092  0.229928
97.2379   1.08367 -0.160073  0.229948
97.2394   1.08361 -0.160063  0.229959
97.2404   1.08355 -0.160055  0.229968
97.2414   1.08351 -0.160048  0.229975
97.2429  1.08346 -0.16004 0.229984
97.2439   1.08343 -0.160036  0.229988
97.2449   1.08341 -0.160033  0.229992
97.2464  1.08339 -0.16003 0.229995
97.2474   1.08337 -0.160027  0.229998
97.2484   1.08336 -0.160025      0.23
97.2499   1.08335 -0.160023  0.230002
97.2509   1.08334 -0.160022  0.230003
97.2519   1.08333 -0.160021  0.230004
97.2534  1.08333 -0.16002 0.230005
97.2544  1.08332 -0.16002 0.230005
97.2554   1.08332 -0.160019  0.230006
97.2569   1.08332 -0.160019  0.230006
97.2579   1.08332 -0.160019  0.230006
97.2589   1.08331 -0.160018  0.230007
97.2604   1.08331 -0.160018  0.230007
97.2614   1.08331 -0.160018  0.230007
97.2624   1.08331 -0.160018  0.230007
97.2639   1.08331 -0.160018  0.230007
97.2649   1.08331 -0.160018  0.230007
97.2659   1.08331 -0.160018  0.230007
97.2674   1.08331 -0.160018  0.230007
97.2684   1.08331 -0.160018  0.230007
97.2694   1.08331 -0.160018  0.230007
97.2709   1.08331 -0.160018  0.230007
97.2719   1.08331 -0.160018  0.230007
97.2729   1.08331 -0.160018  0.230007
97.2744   1.08331 -0.160018  0.230007
97.2754   1.08331 -0.160018  0.230007
97.2764   1.08331 -0.160018  0.230007
97.2774   1.08331 -0.160018  0.230007
97.2789   1.08331 -0.160018  0.230007
97.2798   1.08331 -0.160018  0.230007
97.2808   1.08331 -0.160018  0.230007
97.2823   1.08331 -0.160018  0.230007
97.2833   1.08331 -0.160018  0.230006
97.2844   1.08331 -0.160018  0.230006
97.2858   1.08331 -0.160018  0.230006
97.2868   1.08331 -0.160018  0.230006
97.2878   1.08331 -0.160018  0.230006
97.2893   1.08331 -0.160018  0.230006
97.2903   1.08331 -0.160018  0.230006
97.2913   1.08331 -0.160018  0.230006
97.2928   1.08331 -0.160018  0.230006
97.2938   1.08331 -0.160018  0.230006
97.2948   1.08331 -0.160018  0.230006
97.2963   1.08331 -0.160018  0.230006
97.2973   1.08331 -0.160018  0.230006
97.2983   1.08331 -0.160018  0.230006
97.2998   1.08331 -0.160019  0.230006
97.3008   1.08436 -0.160288  0.229475
97.3018   1.08493 -0.160435  0.229186
97.3033    1.0854 -0.160558  0.228944
97.3043   1.0858 -0.16066 0.228743
97.3053   1.08627 -0.160781  0.228504
97.3068   1.08652 -0.160845  0.228379
97.3078   1.08672 -0.160897  0.228277
97.3088  1.08688 -0.16094 0.228193
97.3103  1.08708 -0.16099 0.228094
97.3113   1.08718 -0.161016  0.228043
97.3123   1.08726 -0.161037  0.228001
97.3133   1.08733 -0.161055  0.227966
97.3148   1.08741 -0.161075  0.227926
97.3158   1.08745 -0.161086  0.227905
97.3168   1.08748 -0.161094  0.227888
97.3183   1.08751 -0.161101  0.227874
97.3193  1.08754 -0.16111 0.227858
97.3203   1.08756 -0.161114  0.227849
97.3218   1.08757 -0.161118  0.227843
97.3228  1.08758 -0.16112 0.227837
97.3238    1.0876 -0.161124   0.22783
97.3253    1.0876 -0.161126  0.227827
97.3263   1.08761 -0.161127  0.227824
97.3273   1.08761 -0.161128  0.227822
97.3288   1.08762 -0.161129  0.227819
97.3298  1.08762 -0.16113 0.227818
97.3308   1.08762 -0.161131  0.227817
97.3323   1.08763 -0.161131  0.227816
97.3333   1.08763 -0.161132  0.227815
97.3343   1.08763 -0.161132  0.227814
97.3358   1.08763 -0.161132  0.227814
97.3368   1.08763 -0.161132  0.227813
97.3378   1.08763 -0.161132  0.227813
97.3393   1.08763 -0.161133  0.227813
97.3403   1.08763 -0.161133  0.227813
97.3413   1.08763 -0.161133  0.227813
97.3428   1.08763 -0.161133  0.227813
97.3438   1.08763 -0.161133  0.227813
97.3448   1.08763 -0.161133  0.227812
97.3458   1.08763 -0.161133  0.227812
97.3473   1.08763 -0.161133  0.227812
97.3483   1.08763 -0.161133  0.227812
97.3493   1.08763 -0.161133  0.227812
97.3507   1.08763 -0.161133  0.227812
97.3517   1.08763 -0.161133  0.227813
97.3528   1.08763 -0.161133  0.227813
97.3543   1.08763 -0.161133  0.227813
97.3552   1.08763 -0.161133  0.227813
97.3563   1.08763 -0.161133  0.227813
97.3577   1.08763 -0.161133  0.227813
97.3587   1.08763 -0.161133  0.227813
97.3597   1.08763 -0.161133  0.227813
97.3612   1.08763 -0.161133  0.227813
97.3622   1.08763 -0.161133  0.227813
97.3632   1.08763 -0.161133  0.227813
97.3647   1.08763 -0.161133  0.227813
97.3657   1.08763 -0.161133  0.227813
97.3667   1.08763 -0.161132  0.227813
97.3682   1.08763 -0.161132  0.227813
97.3692   1.08763 -0.161132  0.227813
97.3702   1.08763 -0.161132  0.227813
97.3717   1.08763 -0.161132  0.227813
97.3727   1.08763 -0.161132  0.227813
97.3737   1.08763 -0.161132  0.227813
97.3752   1.08763 -0.161132  0.227813
97.3762   1.08763 -0.161132  0.227813
97.3772   1.08763 -0.161132  0.227813
97.3782   1.08763 -0.161132  0.227814
97.3797   1.08763 -0.161132  0.227814
97.3807   1.08763 -0.161132  0.227814
97.3817   1.08763 -0.161132  0.227814
97.3832   1.08763 -0.161132  0.227814
97.3842   1.08763 -0.161132  0.227814
97.3852   1.08763 -0.161132  0.227814
97.3867   1.08763 -0.161132  0.227814
97.3877   1.08763 -0.161132  0.227814
97.3887   1.08763 -0.161132  0.227814
97.3902   1.08763 -0.161132  0.227814
97.3912   1.08763 -0.161132  0.227814
97.3922   1.08763 -0.161132  0.227814
97.3937   1.08763 -0.161132  0.227814
97.3947   1.08763 -0.161132  0.227814
97.3957   1.08763 -0.161132  0.227814
97.3972   1.08763 -0.161132  0.227814
97.3982   1.08763 -0.161132  0.227814
97.3992   1.08763 -0.161132  0.227814
97.4007   1.08763 -0.161132  0.227814
97.4017   1.08763 -0.161132  0.227814
97.4027   1.08763 -0.161132  0.227814
97.4042   1.08763 -0.161132  0.227815
97.4052   1.08763 -0.161132  0.227815
97.4062   1.08763 -0.161132  0.227815
97.4077   1.08763 -0.161132  0.227815
97.4087   1.08763 -0.161132  0.227815
97.4097   1.08763 -0.161132  0.227815
97.4112   1.08763 -0.161132  0.227815
97.4122   1.08763 -0.161132  0.227815
97.4132   1.08763 -0.161132  0.227815
97.4142   1.08763 -0.161132  0.227815
97.4157   1.08763 -0.161131  0.227815
97.4166   1.08763 -0.161131  0.227815
97.4176   1.08763 -0.161131  0.227815
97.4192   1.08763 -0.161131  0.227815
97.4202   1.08763 -0.161131  0.227815
97.4212   1.08763 -0.161131  0.227815
97.4227   1.08763 -0.161131  0.227815
97.4236   1.08763 -0.161131  0.227815
97.4247   1.08763 -0.161131  0.227815
97.4262   1.08763 -0.161131  0.227815
97.4271   1.08763 -0.161131  0.227815
97.4281   1.08763 -0.161131  0.227815
97.4296   1.08763 -0.161131  0.227815
97.4306   1.08763 -0.161131  0.227815
97.4316   1.08763 -0.161131  0.227815
97.4331   1.08763 -0.161131  0.227816
97.4341   1.08763 -0.161131  0.227816
97.4351   1.08763 -0.161131  0.227816
97.4366   1.08763 -0.161131  0.227816
97.4376   1.08763 -0.161131  0.227816
97.4386   1.08763 -0.161131  0.227816
97.4396   1.08763 -0.161131  0.227816
97.4411   1.08763 -0.161131  0.227816
97.4421   1.08763 -0.161131  0.227816
97.4431   1.08763 -0.161131  0.227816
97.4446   1.08763 -0.161131  0.227816
97.4456   1.08763 -0.161131  0.227816
97.4466   1.08763 -0.161131  0.227816
97.4481   1.08763 -0.161131  0.227816
97.4491   1.08763 -0.161131  0.227816
97.4501   1.08763 -0.161131  0.227816
97.4516   1.08763 -0.161131  0.227816
97.4526   1.08763 -0.161131  0.227816
97.4536   1.08762 -0.161131  0.227816
97.4551   1.08762 -0.161131  0.227816
97.4561   1.08762 -0.161131  0.227816
97.4571   1.08762 -0.161131  0.227816
97.4586   1.08762 -0.161131  0.227816
97.4596   1.08762 -0.161131  0.227816
97.4606   1.08762 -0.161131  0.227816
97.4621   1.08762 -0.161131  0.227816
97.4631   1.08762 -0.161131  0.227816
97.4641   1.08762 -0.161131  0.227817
97.4656   1.08762 -0.161131  0.227817
97.4666   1.08762 -0.161131  0.227817
97.4676   1.08762 -0.161131  0.227817
97.4691   1.08762 -0.161131  0.227817
97.4701   1.08762 -0.161131  0.227817
97.4711   1.08762 -0.161131  0.227817
97.4726   1.08762 -0.161131  0.227817
97.4736   1.08762 -0.161131  0.227817
97.4746  1.08762 -0.16113 0.227817
97.4761  1.08762 -0.16113 0.227817
97.4771  1.08762 -0.16113 0.227817
97.4781  1.08762 -0.16113 0.227817
97.4791  1.08762 -0.16113 0.227817
97.4806  1.08762 -0.16113 0.227817
97.4816  1.08762 -0.16113 0.227817
97.4826  1.08762 -0.16113 0.227817
97.4841  1.08762 -0.16113 0.227817
97.4851  1.08762 -0.16113 0.227817
97.4861  1.08762 -0.16113 0.227817
97.4876  1.08762 -0.16113 0.227817
97.4886  1.08762 -0.16113 0.227817
97.4895  1.08762 -0.16113 0.227817
97.491  1.08762 -0.16113 0.227817
97.4921  1.08762 -0.16113 0.227817
97.493  1.08762 -0.16113 0.227817
97.4945  1.08762 -0.16113 0.227817
97.4955  1.08762 -0.16113 0.227817
97.4965  1.08762 -0.16113 0.227817
97.498  1.08762 -0.16113 0.227817
97.499  1.08762 -0.16113 0.227818
97.5  1.08762 -0.16113 0.227818
97.5015  1.08762 -0.16113 0.227818
97.5025  1.08762 -0.16113 0.227818
97.5035  1.08762 -0.16113 0.227818
97.505  1.08762 -0.16113 0.227818
97.506  1.08762 -0.16113 0.227818
97.507  1.08762 -0.16113 0.227818
97.5085  1.08762 -0.16113 0.227818
97.5095  1.08762 -0.16113 0.227818
97.5105  1.08762 -0.16113 0.227818
97.512  1.08762 -0.16113 0.227818
97.513  1.08762 -0.16113 0.227818
97.514  1.08762 -0.16113 0.227818
97.5155  1.08762 -0.16113 0.227818
97.5165  1.08762 -0.16113 0.227818
97.5175  1.08762 -0.16113 0.227818
97.5185  1.08762 -0.16113 0.227818
97.52  1.08762 -0.16113 0.227818
97.521  1.08762 -0.16113 0.227818
97.522  1.08762 -0.16113 0.227818
97.5235  1.08762 -0.16113 0.227818
97.5245  1.08762 -0.16113 0.227818
97.5255  1.08762 -0.16113 0.227818
97.527  1.08762 -0.16113 0.227818
97.528  1.08762 -0.16113 0.227818
97.529  1.08762 -0.16113 0.227818
97.5305  1.08762 -0.16113 0.227818
97.5315  1.08762 -0.16113 0.227818
97.5325  1.08762 -0.16113 0.227818
97.534  1.08762 -0.16113 0.227818
97.535  1.08762 -0.16113 0.227818
97.536  1.08762 -0.16113 0.227818
97.5375  1.08762 -0.16113 0.227818
97.5385  1.08762 -0.16113 0.227819
97.5395  1.08762 -0.16113 0.227819
97.541  1.08762 -0.16113 0.227819
97.542  1.08762 -0.16113 0.227819
97.543  1.08762 -0.16113 0.227819
97.5445  1.08762 -0.16113 0.227819
97.5455  1.08762 -0.16113 0.227819
97.5465   1.08762 -0.161129  0.227819
97.5475   1.08762 -0.161129  0.227819
97.549   1.08762 -0.161129  0.227819
97.55   1.08762 -0.161129  0.227819
97.551   1.08762 -0.161129  0.227819
97.5525   1.08762 -0.161129  0.227819
97.5535   1.08762 -0.161129  0.227819
97.5545   1.08762 -0.161129  0.227819
97.556   1.08762 -0.161129  0.227819
97.557   1.08762 -0.161129  0.227819
97.558   1.08762 -0.161129  0.227819
97.5594   1.08762 -0.161129  0.227819
97.5604   1.08762 -0.161129  0.227819
97.5614   1.08762 -0.161129  0.227819
97.563   1.08762 -0.161129  0.227819
97.5639   1.08762 -0.161129  0.227819
97.5649   1.08762 -0.161129  0.227819
97.5664   1.08762 -0.161129  0.227819
97.5674   1.08762 -0.161129  0.227819
97.5684   1.08762 -0.161129  0.227819
97.5699   1.08762 -0.161129  0.227819
97.5709   1.08762 -0.161129  0.227819
97.5719   1.08762 -0.161129  0.227819
97.5734   1.08762 -0.161129  0.227819
97.5744   1.08762 -0.161129  0.227819
97.5754   1.08762 -0.161129  0.227819
97.5769   1.08762 -0.161129  0.227819
97.5779   1.08762 -0.161129  0.227819
97.5789   1.08762 -0.161129  0.227819
97.5799   1.08762 -0.161129  0.227819
97.5814   1.08762 -0.161129  0.227819
97.5824   1.08762 -0.161129   0.22782
97.5834   1.08762 -0.161129   0.22782
97.5849   1.08762 -0.161129   0.22782
97.5859   1.08762 -0.161129   0.22782
97.5869   1.08762 -0.161129   0.22782
97.5884   1.08762 -0.161129   0.22782
97.5894   1.08762 -0.161129   0.22782
97.5904   1.08762 -0.161129   0.22782
97.5919   1.08762 -0.161129   0.22782
97.5929   1.08762 -0.161129   0.22782
97.5939   1.08762 -0.161129   0.22782
97.5954   1.08762 -0.161129   0.22782
97.5964   1.08762 -0.161129   0.22782
97.5974   1.08762 -0.161129   0.22782
97.5989   1.08762 -0.161129   0.22782
97.5999   1.08762 -0.161129   0.22782
97.6009   1.08762 -0.161129   0.22782
97.6024   1.08762 -0.161129   0.22782
97.6034   1.08762 -0.161129   0.22782
97.6044   1.08762 -0.161129   0.22782
97.6059   1.08762 -0.161129   0.22782
97.6069   1.08762 -0.161129   0.22782
97.6079   1.08762 -0.161129   0.22782
97.6094   1.08762 -0.161129   0.22782
97.6104   1.08762 -0.161129   0.22782
97.6114   1.08762 -0.161129   0.22782
97.6129   1.08762 -0.161129   0.22782
97.6139   1.08762 -0.161129   0.22782
97.6149   1.08762 -0.161129   0.22782
97.6164   1.08762 -0.161129   0.22782
97.6174   1.08762 -0.161129   0.22782
97.6184   1.08762 -0.161129   0.22782
97.6199   1.08762 -0.161129   0.22782
97.6209   1.08762 -0.161129   0.22782
97.6219   1.08762 -0.161129   0.22782
97.6234   1.08762 -0.161129   0.22782
97.6244   1.08762 -0.161129   0.22782
97.6254   1.08762 -0.161129   0.22782
97.6269   1.08762 -0.161129   0.22782
97.6279   1.08762 -0.161129   0.22782
97.6289   1.08762 -0.161129   0.22782
97.6299   1.08762 -0.161129   0.22782
97.6313   1.08762 -0.161129   0.22782
97.6323   1.08762 -0.161129   0.22782
97.6333   1.08762 -0.161129   0.22782
97.6349   1.08762 -0.161129  0.227821
97.6358   1.08762 -0.161129  0.227821
97.6368   1.08762 -0.161129  0.227821
97.6383   1.08762 -0.161128  0.227821
97.6393   1.08762 -0.161128  0.227821
97.6403   1.08762 -0.161128  0.227821
97.6418   1.08762 -0.161128  0.227821
97.6428   1.08762 -0.161128  0.227821
97.6438   1.08762 -0.161128  0.227821
97.6453   1.08762 -0.161128  0.227821
97.6463   1.08762 -0.161128  0.227821
97.6473   1.08762 -0.161128  0.227821
97.6488   1.08762 -0.161128  0.227821
97.6498   1.08762 -0.161128  0.227821
97.6508   1.08762 -0.161128  0.227821
97.6523   1.08762 -0.161128  0.227821
97.6533   1.08762 -0.161128  0.227821
97.6543   1.08762 -0.161128  0.227821
97.6558   1.08762 -0.161128  0.227821
97.6568   1.08762 -0.161128  0.227821
97.6578   1.08762 -0.161128  0.227821
97.6593   1.08762 -0.161128  0.227821
97.6603   1.08762 -0.161128  0.227821
97.6613   1.08762 -0.161128  0.227821
97.6628   1.08762 -0.161128  0.227821
97.6638   1.08762 -0.161128  0.227821
97.6648   1.08762 -0.161128  0.227821
97.6663   1.08762 -0.161128  0.227821
97.6673   1.08762 -0.161128  0.227821
97.6683   1.08762 -0.161128  0.227821
97.6698   1.08762 -0.161128  0.227821
97.6708   1.08762 -0.161128  0.227821
97.6718   1.08762 -0.161128  0.227821
97.6733   1.08762 -0.161128  0.227821
97.6743   1.08762 -0.161128  0.227821
97.6753   1.08761 -0.161128  0.227821
97.6763   1.08761 -0.161128  0.227821
97.6778   1.08761 -0.161128  0.227821
97.6788   1.08761 -0.161128  0.227821
97.6798   1.08761 -0.161128  0.227821
97.6813   1.08761 -0.161128  0.227821
97.6823   1.08761 -0.161128  0.227821
97.6833   1.08761 -0.161128  0.227821
97.6848   1.08761 -0.161128  0.227821
97.6858   1.08761 -0.161128  0.227821
97.6868   1.08761 -0.161128  0.227821
97.6883   1.08761 -0.161128  0.227821
97.6893   1.08761 -0.161128  0.227821
97.6903   1.08761 -0.161128  0.227821
97.6918   1.08761 -0.161128  0.227821
97.6928   1.08761 -0.161128  0.227821
97.6938   1.08761 -0.161128  0.227821
97.6953   1.08761 -0.161128  0.227822
97.6963   1.08761 -0.161128  0.227822
97.6973   1.08761 -0.161128  0.227822
97.6988   1.08761 -0.161128  0.227822
97.6998   1.08761 -0.161128  0.227822
97.7008   1.08761 -0.161128  0.227822
97.7022   1.08761 -0.161128  0.227822
97.7032   1.08761 -0.161128  0.227822
97.7042   1.08761 -0.161128  0.227822
97.7052   1.08761 -0.161128  0.227822
97.7067   1.08761 -0.161128  0.227822
97.7077   1.08761 -0.161128  0.227822
97.7087   1.08761 -0.161128  0.227822
97.7102   1.08761 -0.161128  0.227822
97.7112   1.08761 -0.161128  0.227822
97.7122   1.08761 -0.161128  0.227822
97.7137   1.08761 -0.161128  0.227822
97.7147   1.08761 -0.161128  0.227822
97.7157   1.08761 -0.161128  0.227822
97.7172   1.08761 -0.161128  0.227822
97.7182   1.08761 -0.161128  0.227822
97.7192   1.08761 -0.161128  0.227822
97.7207   1.08761 -0.161128  0.227822
97.7217   1.08761 -0.161128  0.227822
97.7227   1.08761 -0.161128  0.227822
97.7242   1.08761 -0.161128  0.227822
97.7252   1.08761 -0.161128  0.227822
97.7262   1.08761 -0.161128  0.227822
97.7277   1.08761 -0.161128  0.227822
97.7287   1.08761 -0.161128  0.227822
97.7297   1.08761 -0.161128  0.227822
97.7312   1.08761 -0.161128  0.227822
97.7322   1.08761 -0.161128  0.227822
97.7332   1.08761 -0.161128  0.227822
97.7347   1.08761 -0.161128  0.227822
97.7357   1.08761 -0.161128  0.227822
97.7367   1.08761 -0.161128  0.227822
97.7377   1.08761 -0.161128  0.227822
97.7392   1.08761 -0.161128  0.227822
97.7402   1.08761 -0.161128  0.227822
97.7412   1.08761 -0.161128  0.227822
97.7427   1.08761 -0.161128  0.227822
97.7437   1.08761 -0.161128  0.227822
97.7447   1.08761 -0.161128  0.227822
97.7462   1.08761 -0.161128  0.227822
97.7472   1.08761 -0.161128  0.227822
97.7482   1.08761 -0.161128  0.227822
97.7497   1.08761 -0.161128  0.227822
97.7507   1.08761 -0.161128  0.227822
97.7517   1.08761 -0.161128  0.227822
97.7532   1.08761 -0.161128  0.227822
97.7542   1.08761 -0.161128  0.227822
97.7557   1.08761 -0.161128  0.227822
97.7567   1.08761 -0.161128  0.227822
97.7577   1.08761 -0.161128  0.227822
97.7592   1.08761 -0.161128  0.227822
97.7602   1.08761 -0.161128  0.227822
97.7617   1.08761 -0.161128  0.227822
97.7627   1.08761 -0.161128  0.227822
97.7642   1.08761 -0.161128  0.227822
97.7652   1.08761 -0.161128  0.227822
97.7662   1.08761 -0.161127  0.227822
97.7672   1.08761 -0.161127  0.227822
97.7687   1.08761 -0.161127  0.227822
97.7697   1.08761 -0.161127  0.227822
97.7711   1.08761 -0.161127  0.227823
97.7721   1.08761 -0.161127  0.227823
97.7731   1.08761 -0.161127  0.227823
97.7742   1.08761 -0.161127  0.227823
97.7756   1.08761 -0.161127  0.227823
97.7766   1.08761 -0.161127  0.227823
97.7776   1.08761 -0.161127  0.227823
97.7791   1.08761 -0.161127  0.227823
97.7801   1.08761 -0.161127  0.227823
97.7811   1.08761 -0.161127  0.227823
97.7826   1.08761 -0.161127  0.227823
97.7836   1.08761 -0.161127  0.227823
97.7846   1.08761 -0.161127  0.227823
97.7861   1.08761 -0.161127  0.227823
97.7871   1.08761 -0.161127  0.227823
97.7881   1.08761 -0.161127  0.227823
97.7896   1.08761 -0.161127  0.227823
97.7906   1.08761 -0.161127  0.227823
97.7916   1.08761 -0.161127  0.227823
97.7931   1.08761 -0.161127  0.227823
97.7941   1.08761 -0.161127  0.227823
97.7951   1.08761 -0.161127  0.227823
97.7966   1.08761 -0.161127  0.227823
97.7976   1.08761 -0.161127  0.227823
97.7986   1.08761 -0.161127  0.227823
97.8001   1.08761 -0.161127  0.227823
97.8011   1.08761 -0.161127  0.227823
97.8021   1.08761 -0.161127  0.227823
97.8031   1.08761 -0.161127  0.227823
97.8046   1.08761 -0.161127  0.227823
97.8056   1.08761 -0.161127  0.227823
97.8066   1.08761 -0.161127  0.227823
97.8081   1.08761 -0.161127  0.227823
97.8091   1.08761 -0.161127  0.227823
97.8101   1.08761 -0.161127  0.227823
97.8116   1.08761 -0.161127  0.227823
97.8126   1.08761 -0.161127  0.227823
97.8136   1.08761 -0.161127  0.227823
97.8151   1.08761 -0.161127  0.227823
97.8161   1.08761 -0.161127  0.227823
97.8171   1.08761 -0.161127  0.227823
97.8186   1.08761 -0.161127  0.227823
97.8196   1.08761 -0.161127  0.227823
97.8206   1.08761 -0.161127  0.227823
97.8221   1.08761 -0.161127  0.227823
97.8231   1.08761 -0.161127  0.227823
97.8241   1.08761 -0.161127  0.227823
97.8256   1.08761 -0.161127  0.227823
97.8266   1.08761 -0.161127  0.227823
97.8276   1.08761 -0.161127  0.227823
97.8291   1.08761 -0.161127  0.227823
97.8301   1.08761 -0.161127  0.227823
97.8311   1.08761 -0.161127  0.227823
97.8326   1.08761 -0.161127  0.227823
97.8336   1.08761 -0.161127  0.227823
97.8346   1.08761 -0.161127  0.227823
97.8356   1.08761 -0.161127  0.227823
97.8371   1.08761 -0.161127  0.227823
97.8381   1.08761 -0.161127  0.227823
97.8391   1.08761 -0.161127  0.227823
97.8406   1.08761 -0.161127  0.227823
97.8416   1.08761 -0.161127  0.227823
97.8426   1.08761 -0.161127  0.227823
97.844   1.08761 -0.161127  0.227823
97.845   1.08761 -0.161127  0.227823
97.846   1.08761 -0.161127  0.227823
97.8475   1.08761 -0.161127  0.227823
97.8485   1.08761 -0.161127  0.227823
97.8495   1.08761 -0.161127  0.227823
97.851   1.08761 -0.161127  0.227823
97.852   1.08761 -0.161127  0.227823
97.853   1.08761 -0.161127  0.227823
97.8545   1.08761 -0.161127  0.227823
97.8555   1.08761 -0.161127  0.227823
97.8565   1.08761 -0.161127  0.227823
97.858   1.08761 -0.161127  0.227823
97.859   1.08761 -0.161127  0.227823
97.86   1.08761 -0.161127  0.227823
97.8615   1.08761 -0.161127  0.227823
97.8625   1.08761 -0.161127  0.227823
97.8635   1.08761 -0.161127  0.227823
97.865   1.08761 -0.161127  0.227823
97.866   1.08761 -0.161127  0.227823
97.867   1.08761 -0.161127  0.227823
97.868   1.08761 -0.161127  0.227823
97.8695   1.08761 -0.161127  0.227824
97.8705   1.08761 -0.161127  0.227824
97.8715   1.08761 -0.161127  0.227824
97.873   1.08761 -0.161127  0.227824
97.874   1.08761 -0.161127  0.227824
97.875   1.08761 -0.161127  0.227824
97.8765   1.08761 -0.161127  0.227824
97.8775   1.08761 -0.161127  0.227824
97.8785   1.08761 -0.161127  0.227824
97.88   1.08761 -0.161127  0.227824
97.881   1.08761 -0.161127  0.227824
97.882   1.08761 -0.161127  0.227824
97.8835   1.08761 -0.161127  0.227824
97.8845   1.08761 -0.161127  0.227824
97.8855   1.08761 -0.161127  0.227824
97.887   1.08761 -0.161127  0.227824
97.888   1.08761 -0.161127  0.227824
97.889   1.08761 -0.161127  0.227824
97.8905   1.08761 -0.161127  0.227824
97.8915   1.08761 -0.161127  0.227824
97.8925   1.08761 -0.161127  0.227824
97.894   1.08761 -0.161127  0.227824
97.895   1.08761 -0.161127  0.227824
97.896   1.08761 -0.161127  0.227824
97.897   1.08761 -0.161127  0.227824
97.8985   1.08761 -0.161127  0.227824
97.8995   1.08761 -0.161127  0.227824
97.9005   1.08761 -0.161127  0.227824
97.902   1.08761 -0.161127  0.227824
97.903   1.08761 -0.161127  0.227824
97.904   1.08761 -0.161127  0.227824
97.9055   1.08761 -0.161127  0.227824
97.9065   1.08761 -0.161127  0.227824
97.9075   1.08761 -0.161127  0.227824
97.909   1.08761 -0.161127  0.227824
97.91   1.08761 -0.161127  0.227824
97.9109   1.08761 -0.161127  0.227824
97.9125   1.08761 -0.161127  0.227824
97.9134   1.08761 -0.161127  0.227824
97.9144   1.08761 -0.161127  0.227824
97.916   1.08761 -0.161127  0.227824
97.9169   1.08761 -0.161127  0.227824
97.9179   1.08761 -0.161127  0.227824
97.9194   1.08761 -0.161127  0.227824
97.9204   1.08761 -0.161127  0.227824
97.9214   1.08761 -0.161127  0.227824
97.9229   1.08761 -0.161127  0.227824
97.9239   1.08761 -0.161127  0.227824
97.9249   1.08761 -0.161127  0.227824
97.9259   1.08761 -0.161127  0.227824
97.9274   1.08761 -0.161127  0.227824
97.9284   1.08761 -0.161127  0.227824
97.9294   1.08761 -0.161127  0.227824
97.9309   1.08761 -0.161127  0.227824
97.9319   1.08761 -0.161127  0.227824
97.9329   1.08761 -0.161127  0.227824
97.9344   1.08761 -0.161127  0.227824
97.9354   1.08761 -0.161127  0.227824
97.9364   1.08761 -0.161127  0.227824
97.9379   1.08761 -0.161127  0.227824
97.9389   1.08761 -0.161127  0.227824
97.9399   1.08761 -0.161127  0.227824
97.9414   1.08761 -0.161127  0.227824
97.9424   1.08761 -0.161127  0.227824
97.9434   1.08761 -0.161127  0.227824
97.9449   1.08761 -0.161127  0.227824
97.9459   1.08761 -0.161127  0.227824
97.9469   1.08761 -0.161127  0.227824
97.9484   1.08761 -0.161127  0.227824
97.9494   1.08761 -0.161127  0.227824
97.9504   1.08761 -0.161127  0.227824
97.9519   1.08761 -0.161127  0.227824
97.9529   1.08761 -0.161127  0.227824
97.9539   1.08761 -0.161127  0.227824
97.9554   1.08761 -0.161127  0.227824
97.9564   1.08761 -0.161127  0.227824
97.9574   1.08761 -0.161127  0.227824
97.9589   1.08761 -0.161127  0.227824
97.9599   1.08761 -0.161127  0.227824
97.9609   1.08761 -0.161127  0.227824
97.9624   1.08761 -0.161127  0.227824
97.9634   1.08761 -0.161127  0.227824
97.9644   1.08761 -0.161127  0.227824
97.9654   1.08761 -0.161127  0.227824
97.9669   1.08761 -0.161127  0.227824
97.9679   1.08761 -0.161127  0.227824
97.9689   1.08761 -0.161127  0.227824
97.9704   1.08761 -0.161127  0.227824
97.9714   1.08761 -0.161127  0.227824
97.9724   1.08761 -0.161127  0.227824
97.9739   1.08761 -0.161127  0.227824
97.9749   1.08761 -0.161127  0.227824
97.9759   1.08761 -0.161127  0.227824
97.9773   1.08761 -0.161127  0.227824
97.9784   1.08761 -0.161127  0.227824
97.9794   1.08761 -0.161127  0.227824
97.9809   1.08761 -0.161127  0.227824
97.9818   1.08761 -0.161127  0.227824
97.9828   1.08761 -0.161126  0.227824
97.9843   1.08761 -0.161126  0.227824
97.9853   1.08761 -0.161126  0.227824
97.9864   1.08761 -0.161126  0.227824
97.9878   1.08761 -0.161126  0.227824
97.9888   1.08761 -0.161126  0.227824
97.9898   1.08761 -0.161126  0.227824
97.9913   1.08761 -0.161126  0.227824
97.9923   1.08761 -0.161126  0.227824
97.9933   1.08761 -0.161126  0.227824
97.9948   1.08761 -0.161126  0.227824
97.9958   1.08761 -0.161126  0.227824
97.9968   1.08761 -0.161126  0.227824
97.9978   1.08761 -0.161126  0.227824
97.9993   1.08761 -0.161126  0.227824
98.0003   1.08761 -0.161126  0.227824
98.0013   1.08761 -0.161126  0.227824
98.0028   1.08761 -0.161126  0.227824
98.0038   1.08761 -0.161126  0.227824
98.0048   1.08761 -0.161126  0.227824
98.0063   1.08761 -0.161126  0.227824
98.0073   1.08761 -0.161126  0.227824
98.0083   1.08761 -0.161126  0.227824
98.0098   1.08761 -0.161126  0.227824
98.0108   1.08761 -0.161126  0.227825
98.0118   1.08761 -0.161126  0.227825
98.0133   1.08761 -0.161126  0.227825
98.0143   1.08761 -0.161126  0.227825
98.0153   1.08761 -0.161126  0.227825
98.0168   1.08761 -0.161126  0.227825
98.0178   1.08761 -0.161126  0.227825
98.0188   1.08761 -0.161126  0.227825
98.0203   1.08761 -0.161126  0.227825
98.0213   1.08761 -0.161126  0.227825
98.0223   1.08761 -0.161126  0.227825
98.0238   1.08761 -0.161126  0.227825
98.0248   1.08761 -0.161126  0.227825
98.0258   1.08761 -0.161126  0.227825
98.0273   1.08761 -0.161126  0.227825
98.0283   1.08761 -0.161126  0.227825
98.0293   1.08761 -0.161126  0.227825
98.0308   1.08761 -0.161126  0.227825
98.0318   1.08761 -0.161126  0.227825
98.0328   1.08761 -0.161126  0.227825
98.0338   1.08761 -0.161126  0.227825
98.0353   1.08761 -0.161126  0.227825
98.0363   1.08761 -0.161126  0.227825
98.0373   1.08761 -0.161126  0.227825
98.0388   1.08761 -0.161126  0.227825
98.0398   1.08761 -0.161126  0.227825
98.0408   1.08761 -0.161126  0.227825
98.0423   1.08761 -0.161126  0.227825
98.0433   1.08761 -0.161126  0.227825
98.0443   1.08761 -0.161126  0.227825
98.0458   1.08761 -0.161126  0.227825
98.0468   1.08761 -0.161126  0.227825
98.0478   1.08761 -0.161126  0.227825
98.0493   1.08761 -0.161126  0.227825
98.0503   1.08761 -0.161126  0.227825
98.0513   1.08761 -0.161126  0.227825
98.0527   1.08761 -0.161126  0.227825
98.0537   1.08761 -0.161126  0.227825
98.0547   1.08761 -0.161126  0.227825
98.0562   1.08761 -0.161126  0.227825
98.0572   1.08761 -0.161126  0.227825
98.0582   1.08761 -0.161126  0.227825
98.0597   1.08761 -0.161126  0.227825
98.0607   1.08761 -0.161126  0.227825
98.0617   1.08761 -0.161126  0.227825
98.0632   1.08761 -0.161126  0.227825
98.0642   1.08761 -0.161126  0.227825
98.0652   1.08761 -0.161126  0.227825
98.0667   1.08761 -0.161126  0.227825
98.0677   1.08761 -0.161126  0.227825
98.0687   1.08761 -0.161126  0.227825
98.0697   1.08761 -0.161126  0.227825
98.0712   1.08761 -0.161126  0.227825
98.0722   1.08761 -0.161126  0.227825
98.0732   1.08761 -0.161126  0.227825
98.0747   1.08761 -0.161126  0.227825
98.0757   1.08761 -0.161126  0.227825
98.0767   1.08761 -0.161126  0.227825
98.0782   1.08761 -0.161126  0.227825
98.0792   1.08761 -0.161126  0.227825
98.0802   1.08761 -0.161126  0.227825
98.0817   1.08761 -0.161126  0.227825
98.0827   1.08761 -0.161126  0.227825
98.0837   1.08761 -0.161126  0.227825
98.0852   1.08761 -0.161126  0.227825
98.0862   1.08761 -0.161126  0.227825
98.0872   1.08761 -0.161126  0.227825
98.0887   1.08761 -0.161126  0.227825
98.0897   1.08761 -0.161126  0.227825
98.0907   1.08761 -0.161126  0.227825
98.0922   1.08761 -0.161126  0.227825
98.0932   1.08761 -0.161126  0.227825
98.0942   1.08761 -0.161126  0.227825
98.0952   1.08761 -0.161126  0.227825
98.0967   1.08761 -0.161126  0.227825
98.0977   1.08761 -0.161126  0.227825
98.0987   1.08761 -0.161126  0.227825
98.1002   1.08761 -0.161126  0.227825
98.1012   1.08761 -0.161126  0.227825
98.1022   1.08761 -0.161126  0.227825
98.1037   1.08761 -0.161126  0.227825
98.1047   1.08761 -0.161126  0.227825
98.1057   1.08761 -0.161126  0.227825
98.1072   1.08761 -0.161126  0.227825
98.1082   1.08761 -0.161126  0.227825
98.1092   1.08761 -0.161126  0.227825
98.1107   1.08761 -0.161126  0.227825
98.1117   1.08761 -0.161126  0.227825
98.1127   1.08761 -0.161126  0.227825
98.1142   1.08761 -0.161126  0.227825
98.1152   1.08761 -0.161126  0.227825
98.1162   1.08761 -0.161126  0.227825
98.1177   1.08761 -0.161126  0.227825
98.1187   1.08761 -0.161126  0.227825
98.1197   1.08761 -0.161126  0.227825
98.1212   1.08761 -0.161126  0.227825
98.1221   1.08761 -0.161126  0.227825
98.1231   1.08761 -0.161126  0.227825
98.1246   1.08761 -0.161126  0.227825
98.1256   1.08761 -0.161126  0.227825
98.1266   1.08761 -0.161126  0.227825
98.1281   1.08761 -0.161126  0.227825
98.1291   1.08761 -0.161126  0.227825
98.1301   1.08761 -0.161126  0.227825
98.1316   1.08761 -0.161126  0.227825
98.1326   1.08761 -0.161126  0.227825
98.1336   1.08761 -0.161126  0.227825
98.1351   1.08761 -0.161126  0.227825
98.1361   1.08761 -0.161126  0.227825
98.1371   1.08761 -0.161126  0.227825
98.1381   1.08761 -0.161126  0.227825
98.1396   1.08761 -0.161126  0.227825
98.1406   1.08761 -0.161126  0.227825
98.1416   1.08761 -0.161126  0.227825
98.1431   1.08761 -0.161126  0.227825
98.1441   1.08761 -0.161126  0.227825
98.1451   1.08761 -0.161126  0.227825
98.1466   1.08761 -0.161126  0.227825
98.1476   1.08761 -0.161126  0.227825
98.1486   1.08761 -0.161126  0.227825
98.1501   1.08761 -0.161126  0.227825
98.1511   1.08761 -0.161126  0.227825
98.1521   1.08761 -0.161126  0.227825
98.1536   1.08761 -0.161126  0.227825
98.1546   1.08761 -0.161126  0.227825
98.1556   1.08761 -0.161126  0.227825
98.1571   1.08761 -0.161126  0.227825
98.1581   1.08761 -0.161126  0.227825
98.1591   1.08761 -0.161126  0.227825
98.1606   1.08761 -0.161126  0.227825
98.1616   1.08761 -0.161126  0.227825
98.1626   1.08761 -0.161126  0.227825
98.1641   1.08761 -0.161126  0.227825
98.1651   1.08761 -0.161126  0.227825
98.1661   1.08761 -0.161126  0.227825
98.1671   1.08761 -0.161126  0.227825
98.1686   1.08761 -0.161126  0.227825
98.1696   1.08761 -0.161126  0.227825
98.1706   1.08761 -0.161126  0.227825
98.1721   1.08761 -0.161126  0.227825
98.1731   1.08761 -0.161126  0.227825
98.1741   1.08761 -0.161126  0.227825
98.1756   1.08761 -0.161126  0.227825
98.1766   1.08761 -0.161126  0.227825
98.1776   1.08761 -0.161126  0.227825
98.1791   1.08761 -0.161126  0.227825
98.1801   1.08761 -0.161126  0.227825
98.1811   1.08761 -0.161126  0.227825
98.1826   1.08761 -0.161126  0.227825
98.1836   1.08761 -0.161126  0.227825
98.1846   1.08761 -0.161126  0.227825
98.1861   1.08761 -0.161126  0.227825
98.1871   1.08761 -0.161126  0.227825
98.188   1.08761 -0.161126  0.227825
98.1896   1.08761 -0.161126  0.227825
98.1906   1.08761 -0.161126  0.227825
98.1916   1.08761 -0.161126  0.227825
98.1931   1.08761 -0.161126  0.227825
98.194   1.08761 -0.161126  0.227825
98.1951   1.08761 -0.161126  0.227825
98.1965   1.08761 -0.161126  0.227825
98.1975   1.08761 -0.161126  0.227825
98.1985   1.08761 -0.161126  0.227825
98.2   1.08761 -0.161126  0.227825
98.201   1.08761 -0.161126  0.227825
98.202   1.08761 -0.161126  0.227825
98.203   1.08761 -0.161126  0.227825
98.2045   1.08761 -0.161126  0.227825
98.2055   1.08761 -0.161126  0.227825
98.2065   1.08761 -0.161126  0.227825
98.208   1.08761 -0.161126  0.227825
98.209   1.08761 -0.161126  0.227825
98.21   1.08761 -0.161126  0.227825
98.2115   1.08761 -0.161126  0.227825
98.2125   1.08761 -0.161126  0.227825
98.2135   1.08761 -0.161126  0.227825
98.215   1.08761 -0.161126  0.227825
98.216   1.08761 -0.161126  0.227825
98.217   1.08761 -0.161126  0.227825
98.2185   1.08761 -0.161126  0.227825
98.2195   1.08761 -0.161126  0.227825
98.2205   1.08761 -0.161126  0.227825
98.222   1.08761 -0.161126  0.227825
98.223   1.08761 -0.161126  0.227825
98.224   1.08761 -0.161126  0.227825
98.2255   1.08761 -0.161126  0.227825
98.2265   1.08761 -0.161126  0.227825
98.2275   1.08761 -0.161126  0.227825
98.229   1.08761 -0.161126  0.227825
98.23   1.08761 -0.161126  0.227825
98.231   1.08761 -0.161126  0.227825
98.2325   1.08761 -0.161126  0.227825
98.2335   1.08761 -0.161126  0.227825
98.2345   1.08761 -0.161126  0.227825
98.2355   1.08761 -0.161126  0.227825
98.237   1.08761 -0.161126  0.227825
98.238   1.08761 -0.161126  0.227825
98.239   1.08761 -0.161126  0.227825
98.2405   1.08761 -0.161126  0.227825
98.2415   1.08761 -0.161126  0.227825
98.2425   1.08761 -0.161126  0.227825
98.244   1.08761 -0.161126  0.227825
98.245   1.08761 -0.161126  0.227825
98.246   1.08761 -0.161126  0.227825
98.2475   1.08761 -0.161126  0.227825
98.2485   1.08761 -0.161126  0.227825
98.2495   1.08761 -0.161126  0.227825
98.251   1.08761 -0.161126  0.227825
98.252   1.08761 -0.161126  0.227825
98.253   1.08761 -0.161126  0.227825
98.2545   1.08761 -0.161126  0.227825
98.2555   1.08761 -0.161126  0.227825
98.2565   1.08761 -0.161126  0.227825
98.258   1.08761 -0.161126  0.227825
98.2589   1.08761 -0.161126  0.227825
98.26   1.08761 -0.161126  0.227825
98.2615   1.08761 -0.161126  0.227825
98.2624   1.08761 -0.161126  0.227825
98.2635   1.08761 -0.161126  0.227825
98.2649   1.08761 -0.161126  0.227826
98.266   1.08761 -0.161126  0.227826
98.2669   1.08761 -0.161126  0.227826
98.2679   1.08761 -0.161126  0.227826
98.2694   1.08761 -0.161126  0.227826
98.2704   1.08761 -0.161126  0.227826
98.2714   1.08761 -0.161126  0.227826
98.2729   1.08761 -0.161126  0.227826
98.2739   1.08761 -0.161126  0.227826
98.2749   1.08761 -0.161126  0.227826
98.2764   1.08761 -0.161126  0.227826
98.2774   1.08761 -0.161126  0.227826
98.2784   1.08761 -0.161126  0.227826
98.2799   1.08761 -0.161126  0.227826
98.2809   1.08761 -0.161126  0.227826
98.2819   1.08761 -0.161126  0.227826
98.2834   1.08761 -0.161126  0.227826
98.2844   1.08761 -0.161126  0.227826
98.2854   1.08761 -0.161126  0.227826
98.2869   1.08761 -0.161126  0.227826
98.2879   1.08761 -0.161126  0.227826
98.2889   1.08761 -0.161126  0.227826
98.2904   1.08761 -0.161126  0.227826
98.2914   1.08761 -0.161126  0.227826
98.2924   1.08761 -0.161126  0.227826
98.2939   1.08761 -0.161126  0.227826
98.2949   1.08761 -0.161126  0.227826
98.2959   1.08761 -0.161126  0.227826
98.2974   1.08761 -0.161126  0.227826
98.2984   1.08761 -0.161126  0.227826
98.2994   1.08761 -0.161126  0.227826
98.3009   1.08761 -0.161126  0.227826
98.3019   1.08761 -0.161126  0.227826
98.3029   1.08761 -0.161126  0.227826
98.3044   1.08761 -0.161126  0.227826
98.3054   1.08761 -0.161126  0.227826
98.3064   1.08761 -0.161126  0.227826
98.3079   1.08761 -0.161126  0.227826
98.3089   1.08761 -0.161126  0.227826
98.3099   1.08761 -0.161126  0.227826
98.3114   1.08761 -0.161126  0.227826
98.3124   1.08761 -0.161126  0.227826
98.3134   1.08761 -0.161126  0.227826
98.3144   1.08761 -0.161126  0.227826
98.3159   1.08761 -0.161126  0.227826
98.3169   1.08761 -0.161126  0.227826
98.3179   1.08761 -0.161126  0.227826
98.3194   1.08761 -0.161126  0.227826
98.3204   1.08761 -0.161126  0.227826
98.3214   1.08761 -0.161126  0.227826
98.3229   1.08761 -0.161126  0.227826
98.3239   1.08761 -0.161126  0.227826
98.3249   1.08761 -0.161126  0.227826
98.3264   1.08761 -0.161126  0.227826
98.3274   1.08761 -0.161126  0.227826
98.3284   1.08761 -0.161126  0.227826
98.3298   1.08761 -0.161126  0.227826
98.3308   1.08761 -0.161126  0.227826
98.3318   1.08761 -0.161126  0.227826
98.3333   1.08761 -0.161126  0.227826
98.3344   1.08761 -0.161126  0.227826
98.3354   1.08761 -0.161126  0.227826
98.3368   1.08761 -0.161126  0.227826
98.3378   1.08761 -0.161126  0.227826
98.3388   1.08761 -0.161126  0.227826
98.3403   1.08761 -0.161126  0.227826
98.3413   1.08761 -0.161126  0.227826
98.3423   1.08761 -0.161126  0.227826
98.3438   1.08761 -0.161126  0.227826
98.3448   1.08761 -0.161126  0.227826
98.3458   1.08761 -0.161126  0.227826
98.3473   1.08761 -0.161126  0.227826
98.3483   1.08761 -0.161126  0.227826
98.3493   1.08761 -0.161126  0.227826
98.3503   1.08761 -0.161126  0.227826
98.3518   1.08761 -0.161126  0.227826
98.3528   1.08761 -0.161126  0.227826
98.3538   1.08761 -0.161126  0.227826
98.3553   1.08761 -0.161126  0.227826
98.3563   1.08761 -0.161126  0.227826
98.3573   1.08761 -0.161126  0.227826
98.3588   1.08761 -0.161126  0.227826
98.3598   1.08761 -0.161126  0.227826
98.3608   1.08761 -0.161126  0.227826
98.3623   1.08761 -0.161126  0.227826
98.3633   1.08761 -0.161126  0.227826
98.3643   1.08761 -0.161126  0.227826
98.3658   1.08761 -0.161126  0.227826
98.3668   1.08761 -0.161126  0.227826
98.3678   1.08761 -0.161126  0.227826
98.3693   1.08761 -0.161126  0.227826
98.3703   1.08761 -0.161126  0.227826
98.3713   1.08761 -0.161126  0.227826
98.3728   1.08761 -0.161126  0.227826
98.3738   1.08761 -0.161126  0.227826
98.3748   1.08761 -0.161126  0.227826
98.3763   1.08761 -0.161126  0.227826
98.3773   1.08761 -0.161126  0.227826
98.3783   1.08761 -0.161126  0.227826
98.3798   1.08761 -0.161126  0.227826
98.3808   1.08761 -0.161126  0.227826
98.3818   1.08761 -0.161126  0.227826
98.3833   1.08761 -0.161126  0.227826
98.3843   1.08761 -0.161126  0.227826
98.3853   1.08761 -0.161126  0.227826
98.3863   1.08761 -0.161126  0.227826
98.3878   1.08761 -0.161126  0.227826
98.3888   1.08761 -0.161126  0.227826
98.3898   1.08761 -0.161126  0.227826
98.3913   1.08761 -0.161126  0.227826
98.3923   1.08761 -0.161126  0.227826
98.3933   1.08761 -0.161126  0.227826
98.3948   1.08761 -0.161126  0.227826
98.3958   1.08761 -0.161126  0.227826
98.3968   1.08761 -0.161126  0.227826
98.3983   1.08761 -0.161126  0.227826
98.3992   1.08761 -0.161126  0.227826
98.4003   1.08761 -0.161126  0.227826
98.4017   1.08761 -0.161126  0.227826
98.4027   1.08761 -0.161126  0.227826
98.4037   1.08761 -0.161126  0.227826
98.4053   1.08761 -0.161126  0.227826
98.4062   1.08761 -0.161126  0.227826
98.4072   1.08761 -0.161126  0.227826
98.4087   1.08761 -0.161126  0.227826
98.4097   1.08761 -0.161126  0.227826
98.4107   1.08761 -0.161126  0.227826
98.4122   1.08761 -0.161126  0.227826
98.4132   1.08761 -0.161126  0.227826
98.4142   1.08761 -0.161126  0.227826
98.4152   1.08761 -0.161126  0.227826
98.4167   1.08761 -0.161126  0.227826
98.4177   1.08761 -0.161126  0.227826
98.4187   1.08761 -0.161126  0.227826
98.4202   1.08761 -0.161126  0.227826
98.4212   1.08761 -0.161126  0.227826
98.4222   1.08761 -0.161126  0.227826
98.4237   1.08761 -0.161126  0.227826
98.4247   1.08761 -0.161126  0.227826
98.4257   1.08761 -0.161126  0.227826
98.4272   1.08761 -0.161126  0.227826
98.4282   1.08761 -0.161126  0.227826
98.4292   1.08761 -0.161126  0.227826
98.4307   1.08761 -0.161126  0.227826
98.4317   1.08761 -0.161126  0.227826
98.4327   1.08761 -0.161126  0.227826
98.4342   1.08761 -0.161126  0.227826
98.4352   1.08761 -0.161126  0.227826
98.4362   1.08761 -0.161126  0.227826
98.4377   1.08761 -0.161126  0.227826
98.4387   1.08761 -0.161126  0.227826
98.4397   1.08761 -0.161126  0.227826
98.4412   1.08761 -0.161126  0.227826
98.4422   1.08761 -0.161126  0.227826
98.4432   1.08761 -0.161126  0.227826
98.4447   1.08761 -0.161126  0.227826
98.4457   1.08761 -0.161126  0.227826
98.4467   1.08761 -0.161126  0.227826
98.4482   1.08761 -0.161126  0.227826
98.4492   1.08761 -0.161126  0.227826
98.4502   1.08761 -0.161126  0.227826
98.4517   1.08761 -0.161126  0.227826
98.4527   1.08761 -0.161126  0.227826
98.4537   1.08761 -0.161126  0.227826
98.4547   1.08761 -0.161126  0.227826
98.4562   1.08761 -0.161126  0.227826
98.4572   1.08761 -0.161126  0.227826
98.4582   1.08761 -0.161126  0.227826
98.4597   1.08761 -0.161126  0.227826
98.4607   1.08761 -0.161126  0.227826
98.4617   1.08761 -0.161126  0.227826
98.4632   1.08761 -0.161126  0.227826
98.4642   1.08761 -0.161126  0.227826
98.4652   1.08761 -0.161126  0.227826
98.4667   1.08761 -0.161126  0.227826
98.4677   1.08761 -0.161126  0.227826
98.4687   1.08761 -0.161126  0.227826
98.4702   1.08761 -0.161126  0.227826
98.4712   1.08761 -0.161126  0.227826
98.4722   1.08761 -0.161126  0.227826
98.4736   1.08761 -0.161126  0.227826
98.4746   1.08761 -0.161126  0.227826
98.4757   1.08761 -0.161126  0.227826
98.4771   1.08761 -0.161126  0.227826
98.4781   1.08761 -0.161126  0.227826
98.4791   1.08761 -0.161126  0.227826
98.4806   1.08761 -0.161126  0.227826
98.4816   1.08761 -0.161126  0.227826
98.4826   1.08761 -0.161126  0.227826
98.4836   1.08761 -0.161126  0.227826
98.4851   1.08761 -0.161126  0.227826
98.4861   1.08761 -0.161126  0.227826
98.4871   1.08761 -0.161126  0.227826
98.4886   1.08761 -0.161126  0.227826
98.4896   1.08761 -0.161126  0.227826
98.4906   1.08761 -0.161126  0.227826
98.4921   1.08761 -0.161126  0.227826
98.4931   1.08761 -0.161126  0.227826
98.4941   1.08761 -0.161126  0.227826
98.4956   1.08761 -0.161126  0.227826
98.4966   1.08761 -0.161126  0.227826
98.4976   1.08761 -0.161126  0.227826
98.4991   1.08761 -0.161126  0.227826
98.5001   1.08761 -0.161126  0.227826
98.5011   1.08761 -0.161126  0.227826
98.5026   1.08761 -0.161126  0.227826
98.5036   1.08761 -0.161126  0.227826
98.5046   1.08761 -0.161126  0.227826
98.5061   1.08761 -0.161126  0.227826
98.5071   1.08761 -0.161126  0.227826
98.5081   1.08761 -0.161126  0.227826
98.5091   1.08761 -0.161126  0.227826
98.5106   1.08761 -0.161126  0.227826
98.5116   1.08761 -0.161126  0.227826
98.5126   1.08761 -0.161126  0.227826
98.5141   1.08761 -0.161126  0.227826
98.5151   1.08761 -0.161126  0.227826
98.5161   1.08761 -0.161126  0.227826
98.5176   1.08761 -0.161126  0.227826
98.5186   1.08761 -0.161126  0.227826
98.5196   1.08761 -0.161126  0.227826
98.5211   1.08761 -0.161126  0.227826
98.5221   1.08761 -0.161126  0.227826
98.5231   1.08761 -0.161126  0.227826
98.5246   1.08761 -0.161126  0.227826
98.5256   1.08761 -0.161126  0.227826
98.5266   1.08761 -0.161126  0.227826
98.5281   1.08761 -0.161126  0.227826
98.5291   1.08761 -0.161126  0.227826
98.5301   1.08761 -0.161126  0.227826
98.5316   1.08761 -0.161126  0.227826
98.5326   1.08761 -0.161126  0.227826
98.5336   1.08761 -0.161126  0.227826
98.5351   1.08761 -0.161126  0.227826
98.5361   1.08761 -0.161126  0.227826
98.5371   1.08761 -0.161126  0.227826
98.5381   1.08761 -0.161126  0.227826
98.5396   1.08761 -0.161126  0.227826
98.5406   1.08761 -0.161126  0.227826
98.5416   1.08761 -0.161126  0.227826
98.543   1.08761 -0.161126  0.227826
98.544   1.08761 -0.161126  0.227826
98.5451   1.08761 -0.161126  0.227826
98.5465   1.08761 -0.161126  0.227826
98.5475   1.08761 -0.161126  0.227826
98.5485   1.08761 -0.161126  0.227826
98.55   1.08761 -0.161126  0.227826
98.551   1.08761 -0.161126  0.227826
98.552   1.08761 -0.161126  0.227826
98.5535   1.08761 -0.161126  0.227826
98.5545   1.08761 -0.161126  0.227826
98.5555   1.08761 -0.161126  0.227826
98.557   1.08761 -0.161126  0.227826
98.558   1.08761 -0.161126  0.227826
98.559   1.08761 -0.161126  0.227826
98.5605   1.08761 -0.161126  0.227826
98.5615   1.08761 -0.161126  0.227826
98.5625   1.08761 -0.161126  0.227826
98.564   1.08761 -0.161126  0.227826
98.565   1.08761 -0.161126  0.227826
98.566   1.08761 -0.161126  0.227826
98.567   1.08761 -0.161126  0.227826
98.5685   1.08761 -0.161126  0.227826
98.5695   1.08761 -0.161126  0.227826
98.5705   1.08761 -0.161126  0.227826
98.572   1.08761 -0.161126  0.227826
98.573   1.08761 -0.161126  0.227826
98.574   1.08761 -0.161126  0.227826
98.5755   1.08761 -0.161126  0.227826
98.5765   1.08761 -0.161126  0.227826
98.5775   1.08761 -0.161126  0.227826
98.579   1.08761 -0.161126  0.227826
98.58   1.08761 -0.161126  0.227826
98.581   1.08761 -0.161126  0.227826
98.5825   1.08761 -0.161126  0.227826
98.5835   1.08761 -0.161126  0.227826
98.5845   1.08761 -0.161126  0.227826
98.586   1.08761 -0.161126  0.227826
98.587   1.08761 -0.161126  0.227826
98.588   1.08761 -0.161126  0.227826
98.5895   1.08761 -0.161126  0.227826
98.5905   1.08761 -0.161126  0.227826
98.5915   1.08761 -0.161126  0.227826
98.5925   1.08761 -0.161126  0.227826
98.594   1.08761 -0.161126  0.227826
98.595   1.08761 -0.161126  0.227826
98.596   1.08761 -0.161126  0.227826
98.5975   1.08761 -0.161126  0.227826
98.5985   1.08761 -0.161126  0.227826
98.5995   1.08761 -0.161126  0.227826
98.601   1.08761 -0.161126  0.227826
98.602   1.08761 -0.161126  0.227826
98.603   1.08761 -0.161126  0.227826
98.6045   1.08761 -0.161126  0.227826
98.6055   1.08761 -0.161126  0.227826
98.6065   1.08761 -0.161126  0.227826
98.608   1.08761 -0.161126  0.227826
98.609   1.08761 -0.161126  0.227826
98.61   1.08761 -0.161126  0.227826
98.6115   1.08761 -0.161126  0.227826
98.6124   1.08761 -0.161126  0.227826
98.6134   1.08761 -0.161126  0.227826
98.6149   1.08761 -0.161126  0.227826
98.6159   1.08761 -0.161126  0.227826
98.6169   1.08761 -0.161126  0.227826
98.6184   1.08761 -0.161126  0.227826
98.6194   1.08761 -0.161126  0.227826
98.6204   1.08761 -0.161126  0.227826
98.6214   1.08761 -0.161126  0.227826
98.6229   1.08761 -0.161126  0.227826
98.6239   1.08761 -0.161126  0.227826
98.6249   1.08761 -0.161126  0.227826
98.6264   1.08761 -0.161126  0.227826
98.6274   1.08761 -0.161126  0.227826
98.6284   1.08761 -0.161126  0.227826
98.6299   1.08761 -0.161126  0.227826
98.6309   1.08761 -0.161126  0.227826
98.6319   1.08761 -0.161126  0.227826
98.6334   1.08761 -0.161126  0.227826
98.6344   1.08761 -0.161126  0.227826
98.6354   1.08761 -0.161126  0.227826
98.6369   1.08761 -0.161126  0.227826
98.6379   1.08761 -0.161126  0.227826
98.6389   1.08761 -0.161126  0.227826
98.6404   1.08761 -0.161126  0.227826
98.6414   1.08761 -0.161126  0.227826
98.6424   1.08761 -0.161126  0.227826
98.6439   1.08761 -0.161126  0.227826
98.6449   1.08761 -0.161126  0.227826
98.6459   1.08761 -0.161126  0.227826
98.6474   1.08761 -0.161126  0.227826
98.6484   1.08761 -0.161126  0.227826
98.6494   1.08761 -0.161126  0.227826
98.6509   1.08761 -0.161126  0.227826
98.6519   1.08761 -0.161126  0.227826
98.6529   1.08761 -0.161126  0.227826
98.6544   1.08761 -0.161126  0.227826
98.6554   1.08761 -0.161126  0.227826
98.6564   1.08761 -0.161126  0.227826
98.6579   1.08761 -0.161126  0.227826
98.6589   1.08761 -0.161126  0.227826
98.6599   1.08761 -0.161126  0.227826
98.6614   1.08761 -0.161126  0.227826
98.6624   1.08761 -0.161126  0.227826
98.6634   1.08761 -0.161126  0.227826
98.6649   1.08761 -0.161126  0.227826
98.6659   1.08761 -0.161126  0.227826
98.6669   1.08761 -0.161126  0.227826
98.6679   1.08761 -0.161126  0.227826
98.6694   1.08761 -0.161126  0.227826
98.6704   1.08761 -0.161126  0.227826
98.6714   1.08761 -0.161126  0.227826
98.6729   1.08761 -0.161126  0.227826
98.6739   1.08761 -0.161126  0.227826
98.6749   1.08761 -0.161126  0.227826
98.6764   1.08761 -0.161126  0.227826
98.6774   1.08761 -0.161126  0.227826
98.6784   1.08761 -0.161126  0.227826
98.6798   1.08761 -0.161126  0.227826
98.6809   1.08761 -0.161126  0.227826
98.6819   1.08761 -0.161126  0.227826
98.6833   1.08761 -0.161126  0.227826
98.6843   1.08761 -0.161126  0.227826
98.6853   1.08761 -0.161126  0.227826
98.6869   1.08761 -0.161126  0.227826
98.6878   1.08761 -0.161126  0.227826
98.6888   1.08761 -0.161126  0.227826
98.6903   1.08761 -0.161126  0.227826
98.6913   1.08761 -0.161126  0.227826
98.6923   1.08761 -0.161126  0.227826
98.6933   1.08761 -0.161126  0.227826
98.6948   1.08761 -0.161126  0.227826
98.6958   1.08761 -0.161126  0.227826
98.6968   1.08761 -0.161126  0.227826
98.6983   1.08761 -0.161126  0.227826
98.6993   1.08761 -0.161126  0.227826
98.7003   1.08761 -0.161126  0.227826
98.7018   1.08761 -0.161126  0.227826
98.7028   1.08761 -0.161126  0.227826
98.7038   1.08761 -0.161126  0.227826
98.7053   1.08761 -0.161126  0.227826
98.7063   1.08761 -0.161126  0.227826
98.7073   1.08761 -0.161126  0.227826
98.7088   1.08761 -0.161126  0.227826
98.7098   1.08761 -0.161126  0.227826
98.7108   1.08761 -0.161126  0.227826
98.7123   1.08761 -0.161126  0.227826
98.7133   1.08761 -0.161126  0.227826
98.7143   1.08761 -0.161126  0.227826
98.7158   1.08761 -0.161126  0.227826
98.7168   1.08761 -0.161126  0.227826
98.7178   1.08761 -0.161126  0.227826
98.7193   1.08761 -0.161126  0.227826
98.7203   1.08761 -0.161126  0.227826
98.7213   1.08761 -0.161126  0.227826
98.7223   1.08761 -0.161126  0.227826
98.7238   1.08761 -0.161126  0.227826
98.7248   1.08761 -0.161126  0.227826
98.7258   1.08761 -0.161126  0.227826
98.7273   1.08761 -0.161126  0.227826
98.7283   1.08761 -0.161126  0.227826
98.7293   1.08761 -0.161126  0.227826
98.7308   1.08761 -0.161126  0.227826
98.7318   1.08761 -0.161126  0.227826
98.7328   1.08761 -0.161126  0.227826
98.7343   1.08761 -0.161126  0.227826
98.7353   1.08761 -0.161126  0.227826
98.7363   1.08761 -0.161126  0.227826
98.7378   1.08761 -0.161126  0.227826
98.7388   1.08761 -0.161126  0.227826
98.7398   1.08761 -0.161126  0.227826
98.7413   1.08761 -0.161126  0.227826
98.7423   1.08761 -0.161126  0.227826
98.7433   1.08761 -0.161126  0.227826
98.7448   1.08761 -0.161126  0.227826
98.7458   1.08761 -0.161126  0.227826
98.7468   1.08761 -0.161126  0.227826
98.7483   1.08761 -0.161126  0.227826
98.7493   1.08761 -0.161126  0.227826
98.7503   1.08761 -0.161126  0.227826
98.7513   1.08761 -0.161126  0.227826
98.7528   1.08761 -0.161126  0.227826
98.7538   1.08761 -0.161126  0.227826
98.7552   1.08761 -0.161126  0.227826
98.7563   1.08761 -0.161126  0.227826
98.7577   1.08761 -0.161126  0.227826
98.7588   1.08761 -0.161126  0.227826
98.7602   1.08761 -0.161126  0.227826
98.7612   1.08761 -0.161126  0.227826
98.7622   1.08761 -0.161126  0.227826
98.7637   1.08761 -0.161126  0.227826
98.7647   1.08761 -0.161126  0.227826
98.7657   1.08761 -0.161126  0.227826
98.7672   1.08761 -0.161126  0.227826
98.7682   1.08761 -0.161126  0.227826
98.7692   1.08761 -0.161126  0.227826
98.7707   1.08761 -0.161126  0.227826
98.7717   1.08761 -0.161126  0.227826
98.7727   1.08761 -0.161126  0.227826
98.7742   1.08761 -0.161126  0.227826
98.7752   1.08761 -0.161126  0.227826
98.7762   1.08761 -0.161126  0.227826
98.7772   1.08761 -0.161126  0.227826
98.7787   1.08761 -0.161126  0.227826
98.7797   1.08761 -0.161126  0.227826
98.7807   1.08761 -0.161126  0.227826
98.7822   1.08761 -0.161126  0.227826
98.7832   1.08761 -0.161126  0.227826
98.7842   1.08761 -0.161126  0.227826
98.7857   1.08761 -0.161126  0.227826
98.7867   1.08761 -0.161126  0.227826
98.7877   1.08761 -0.161126  0.227826
98.7892   1.08761 -0.161126  0.227826
98.7902   1.08761 -0.161126  0.227826
98.7912   1.08761 -0.161126  0.227826
98.7927   1.08761 -0.161126  0.227826
98.7937   1.08761 -0.161126  0.227826
98.7947   1.08761 -0.161126  0.227826
98.7962   1.08761 -0.161126  0.227826
98.7972   1.08761 -0.161126  0.227826
98.7982   1.08761 -0.161126  0.227826
98.7997   1.08761 -0.161126  0.227826
98.8007   1.08761 -0.161126  0.227826
98.8017   1.08761 -0.161126  0.227826
98.8032   1.08761 -0.161126  0.227826
98.8042   1.08761 -0.161126  0.227826
98.8052   1.08761 -0.161126  0.227826
98.8067   1.08761 -0.161126  0.227826
98.8077   1.08761 -0.161126  0.227826
98.8087   1.08761 -0.161126  0.227826
98.8102   1.08761 -0.161126  0.227826
98.8112   1.08761 -0.161126  0.227826
98.8122   1.08761 -0.161126  0.227826
98.8132   1.08761 -0.161126  0.227826
98.8147   1.08761 -0.161126  0.227826
98.8157   1.08761 -0.161126  0.227826
98.8167   1.08761 -0.161126  0.227826
98.8182   1.08761 -0.161126  0.227826
98.8192   1.08761 -0.161126  0.227826
98.8202   1.08761 -0.161126  0.227826
98.8216   1.08761 -0.161126  0.227826
98.8227   1.08761 -0.161126  0.227826
98.8236   1.08761 -0.161126  0.227826
98.8251   1.08761 -0.161126  0.227826
98.8261   1.08761 -0.161126  0.227826
98.8271   1.08761 -0.161126  0.227826
98.8286   1.08761 -0.161126  0.227826
98.8296   1.08761 -0.161126  0.227826
98.8306   1.08761 -0.161126  0.227826
98.8321   1.08761 -0.161126  0.227826
98.8331   1.08761 -0.161126  0.227826
98.8341   1.08761 -0.161126  0.227826
98.8356   1.08761 -0.161126  0.227826
98.8366   1.08761 -0.161126  0.227826
98.8376   1.08761 -0.161126  0.227826
98.8391   1.08761 -0.161126  0.227826
98.8401   1.08761 -0.161126  0.227826
98.8411   1.08761 -0.161126  0.227826
98.8421   1.08761 -0.161126  0.227826
98.8436   1.08761 -0.161126  0.227826
98.8446   1.08761 -0.161126  0.227826
98.8456   1.08761 -0.161126  0.227826
98.8471   1.08761 -0.161126  0.227826
98.8481   1.08761 -0.161126  0.227826
98.8491   1.08761 -0.161126  0.227826
98.8506   1.08761 -0.161126  0.227826
98.8516   1.08761 -0.161126  0.227826
98.8526   1.08761 -0.161126  0.227826
98.8541   1.08761 -0.161126  0.227826
98.8551   1.08761 -0.161126  0.227826
98.8561   1.08761 -0.161126  0.227826
98.8576   1.08761 -0.161126  0.227826
98.8586   1.08761 -0.161126  0.227826
98.8596   1.08761 -0.161126  0.227826
98.8611   1.08761 -0.161126  0.227826
98.8621   1.08761 -0.161126  0.227826
98.8631   1.08761 -0.161126  0.227826
98.8646   1.08761 -0.161126  0.227826
98.8656   1.08761 -0.161126  0.227826
98.8666   1.08761 -0.161126  0.227826
98.8681   1.08761 -0.161126  0.227826
98.8691   1.08761 -0.161126  0.227826
98.8701   1.08761 -0.161126  0.227826
98.8711   1.08761 -0.161126  0.227826
98.8726   1.08761 -0.161126  0.227826
98.8736   1.08761 -0.161126  0.227826
98.8746   1.08761 -0.161126  0.227826
98.8761   1.08761 -0.161126  0.227826
98.8771   1.08761 -0.161126  0.227826
98.8781   1.08761 -0.161126  0.227826
98.8796   1.08761 -0.161126  0.227826
98.8806   1.08761 -0.161126  0.227826
98.8816   1.08761 -0.161126  0.227826
98.8831   1.08761 -0.161126  0.227826
98.8841   1.08761 -0.161126  0.227826
98.8851   1.08761 -0.161126  0.227826
98.8866   1.08761 -0.161126  0.227826
98.8876   1.08761 -0.161126  0.227826
98.8885   1.08761 -0.161126  0.227826
98.8901   1.08761 -0.161126  0.227826
98.891   1.08761 -0.161126  0.227826
98.8921   1.08761 -0.161126  0.227826
98.8935   1.08761 -0.161126  0.227826
98.8946   1.08761 -0.161126  0.227826
98.8956   1.08761 -0.161126  0.227826
98.897   1.08761 -0.161126  0.227826
98.898   1.08761 -0.161126  0.227826
98.899   1.08761 -0.161126  0.227826
98.9   1.08761 -0.161126  0.227826
98.9015   1.08761 -0.161126  0.227826
98.9025   1.08761 -0.161126  0.227826
98.9035   1.08761 -0.161126  0.227826
98.905   1.08761 -0.161125  0.227826
98.906   1.08761 -0.161125  0.227826
98.907   1.08761 -0.161125  0.227826
98.9085   1.08761 -0.161125  0.227826
98.9095   1.08761 -0.161125  0.227826
98.9105   1.08761 -0.161125  0.227826
98.912   1.08761 -0.161125  0.227826
98.913   1.08761 -0.161125  0.227826
98.914   1.08761 -0.161125  0.227826
98.9155   1.08761 -0.161125  0.227826
98.9165    1.0876 -0.161125  0.227826
98.9175    1.0876 -0.161125  0.227826
98.919    1.0876 -0.161125  0.227826
98.92    1.0876 -0.161125  0.227826
98.921    1.0876 -0.161125  0.227826
98.9225    1.0876 -0.161125  0.227826
98.9235    1.0876 -0.161125  0.227826
98.9245    1.0876 -0.161125  0.227826
98.926    1.0876 -0.161125  0.227826
98.927    1.0876 -0.161125  0.227826
98.928    1.0876 -0.161125  0.227826
98.929    1.0876 -0.161125  0.227826
98.9305    1.0876 -0.161125  0.227826
98.9315    1.0876 -0.161125  0.227826
98.9325    1.0876 -0.161125  0.227826
98.934    1.0876 -0.161125  0.227826
98.935    1.0876 -0.161125  0.227826
98.936    1.0876 -0.161125  0.227826
98.9375    1.0876 -0.161125  0.227826
98.9385    1.0876 -0.161125  0.227826
98.9395    1.0876 -0.161125  0.227826
98.941    1.0876 -0.161125  0.227826
98.942    1.0876 -0.161125  0.227826
98.943    1.0876 -0.161125  0.227826
98.9445    1.0876 -0.161125  0.227826
98.9455    1.0876 -0.161125  0.227826
98.9465    1.0876 -0.161125  0.227826
98.948    1.0876 -0.161125  0.227826
98.949    1.0876 -0.161125  0.227826
98.95    1.0876 -0.161125  0.227826
98.9515    1.0876 -0.161125  0.227826
98.9525    1.0876 -0.161125  0.227826
98.9535    1.0876 -0.161125  0.227826
98.955    1.0876 -0.161125  0.227826
98.956    1.0876 -0.161125  0.227826
98.9569    1.0876 -0.161125  0.227826
98.9585    1.0876 -0.161125  0.227826
98.9595    1.0876 -0.161125  0.227826
98.9605    1.0876 -0.161125  0.227826
98.9619    1.0876 -0.161125  0.227826
98.963    1.0876 -0.161125  0.227826
98.964    1.0876 -0.161125  0.227826
98.9654    1.0876 -0.161125  0.227826
98.9664    1.0876 -0.161125  0.227826
98.9675    1.0876 -0.161125  0.227826
98.9684    1.0876 -0.161125  0.227826
98.9699    1.0876 -0.161125  0.227826
98.9709    1.0876 -0.161125  0.227826
98.9719    1.0876 -0.161125  0.227826
98.9734    1.0876 -0.161125  0.227826
98.9744    1.0876 -0.161125  0.227826
98.9754    1.0876 -0.161125  0.227826
98.9769    1.0876 -0.161125  0.227826
98.9779    1.0876 -0.161125  0.227826
98.9789    1.0876 -0.161125  0.227826
98.9804    1.0876 -0.161125  0.227826
98.9814    1.0876 -0.161125  0.227826
98.9824    1.0876 -0.161125  0.227826
98.9839    1.0876 -0.161125  0.227826
98.9849    1.0876 -0.161125  0.227826
98.9859    1.0876 -0.161125  0.227826
98.9874    1.0876 -0.161125  0.227826
98.9884    1.0876 -0.161125  0.227826
98.9894    1.0876 -0.161125  0.227826
98.9909    1.0876 -0.161125  0.227826
98.9919    1.0876 -0.161125  0.227826
98.9929    1.0876 -0.161125  0.227826
98.9944    1.0876 -0.161125  0.227826
98.9954    1.0876 -0.161125  0.227826
98.9964    1.0876 -0.161125  0.227826
98.9979    1.0876 -0.161125  0.227826
98.9989    1.0876 -0.161125  0.227826
98.9999    1.0876 -0.161125  0.227826
99.0014    1.0876 -0.161125  0.227826
99.0024    1.0876 -0.161125  0.227826
99.0034    1.0876 -0.161125  0.227826
99.0044    1.0876 -0.161125  0.227826
99.0059    1.0876 -0.161125  0.227826
99.0069    1.0876 -0.161125  0.227826
99.0079    1.0876 -0.161125  0.227826
99.0094    1.0876 -0.161125  0.227826
99.0104    1.0876 -0.161125  0.227826
99.0114    1.0876 -0.161125  0.227826
99.0129    1.0876 -0.161125  0.227826
99.0139    1.0876 -0.161125  0.227826
99.0149    1.0876 -0.161125  0.227826
99.0164    1.0876 -0.161125  0.227826
99.0174    1.0876 -0.161125  0.227826
99.0184    1.0876 -0.161125  0.227826
99.0199    1.0876 -0.161125  0.227826
99.0209    1.0876 -0.161125  0.227826
99.0219    1.0876 -0.161125  0.227826
99.0234    1.0876 -0.161125  0.227826
99.0244    1.0876 -0.161125  0.227826
99.0254    1.0876 -0.161125  0.227826
99.0269    1.0876 -0.161125  0.227826
99.0278    1.0876 -0.161125  0.227826
99.0289    1.0876 -0.161125  0.227826
99.0303    1.0876 -0.161125  0.227826
99.0314    1.0876 -0.161125  0.227826
99.0324    1.0876 -0.161125  0.227826
99.0338    1.0876 -0.161125  0.227826
99.0349    1.0876 -0.161125  0.227826
99.0359    1.0876 -0.161125  0.227826
99.0373    1.0876 -0.161125  0.227826
99.0383    1.0876 -0.161125  0.227826
99.0393    1.0876 -0.161125  0.227826
99.0408    1.0876 -0.161125  0.227826
99.0418    1.0876 -0.161125  0.227826
99.0428    1.0876 -0.161125  0.227826
99.0438    1.0876 -0.161125  0.227826
99.0453    1.0876 -0.161125  0.227826
99.0463    1.0876 -0.161125  0.227826
99.0473    1.0876 -0.161125  0.227826
99.0488    1.0876 -0.161125  0.227826
99.0498    1.0876 -0.161125  0.227826
99.0508    1.0876 -0.161125  0.227826
99.0523    1.0876 -0.161125  0.227826
99.0533    1.0876 -0.161125  0.227826
99.0543    1.0876 -0.161125  0.227826
99.0558    1.0876 -0.161125  0.227826
99.0568    1.0876 -0.161125  0.227826
99.0578    1.0876 -0.161125  0.227826
99.0593    1.0876 -0.161125  0.227826
99.0603    1.0876 -0.161125  0.227826
99.0613    1.0876 -0.161125  0.227826
99.0628    1.0876 -0.161125  0.227826
99.0638    1.0876 -0.161125  0.227826
99.0648    1.0876 -0.161125  0.227826
99.0663    1.0876 -0.161125  0.227826
99.0673    1.0876 -0.161125  0.227826
99.0683    1.0876 -0.161125  0.227826
99.0698    1.0876 -0.161125  0.227826
99.0708    1.0876 -0.161125  0.227826
99.0718    1.0876 -0.161125  0.227826
99.0733    1.0876 -0.161125  0.227826
99.0743    1.0876 -0.161125  0.227826
99.0753    1.0876 -0.161125  0.227826
99.0768    1.0876 -0.161125  0.227826
99.0778    1.0876 -0.161125  0.227826
99.0788    1.0876 -0.161125  0.227826
99.0803    1.0876 -0.161125  0.227826
99.0813    1.0876 -0.161125  0.227826
99.0823    1.0876 -0.161125  0.227826
99.0838    1.0876 -0.161125  0.227826
99.0848    1.0876 -0.161125  0.227826
99.0858    1.0876 -0.161125  0.227826
99.0868    1.0876 -0.161125  0.227826
99.0883    1.0876 -0.161125  0.227826
99.0893    1.0876 -0.161125  0.227826
99.0903    1.0876 -0.161125  0.227826
99.0918    1.0876 -0.161125  0.227826
99.0928    1.0876 -0.161125  0.227826
99.0938    1.0876 -0.161125  0.227826
99.0953    1.0876 -0.161125  0.227826
99.0963    1.0876 -0.161125  0.227826
99.0973    1.0876 -0.161125  0.227826
99.0988    1.0876 -0.161125  0.227826
99.0998    1.0876 -0.161125  0.227826
99.1007    1.0876 -0.161125  0.227826
99.1022    1.0876 -0.161125  0.227826
99.1032    1.0876 -0.161125  0.227826
99.1042    1.0876 -0.161125  0.227826
99.1058    1.0876 -0.161125  0.227826
99.1067    1.0876 -0.161125  0.227826
99.1077    1.0876 -0.161125  0.227826
99.1092    1.0876 -0.161125  0.227826
99.1102    1.0876 -0.161125  0.227826
99.1112    1.0876 -0.161125  0.227826
99.1127    1.0876 -0.161125  0.227826
99.1137    1.0876 -0.161125  0.227826
99.1147    1.0876 -0.161125  0.227826
99.1162    1.0876 -0.161125  0.227826
99.1172    1.0876 -0.161125  0.227826
99.1182    1.0876 -0.161125  0.227826
99.1197    1.0876 -0.161125  0.227826
99.1207    1.0876 -0.161125  0.227826
99.1217    1.0876 -0.161125  0.227826
99.1232    1.0876 -0.161125  0.227826
99.1242    1.0876 -0.161125  0.227826
99.1252    1.0876 -0.161125  0.227826
99.1267    1.0876 -0.161125  0.227826
99.1277    1.0876 -0.161125  0.227826
99.1287    1.0876 -0.161125  0.227826
99.1297    1.0876 -0.161125  0.227826
99.1312    1.0876 -0.161125  0.227826
99.1322    1.0876 -0.161125  0.227826
99.1332    1.0876 -0.161125  0.227826
99.1347    1.0876 -0.161125  0.227826
99.1357    1.0876 -0.161125  0.227826
99.1367    1.0876 -0.161125  0.227826
99.1382    1.0876 -0.161125  0.227826
99.1392    1.0876 -0.161125  0.227826
99.1402    1.0876 -0.161125  0.227826
99.1417    1.0876 -0.161125  0.227826
99.1427    1.0876 -0.161125  0.227826
99.1437    1.0876 -0.161125  0.227826
99.1452    1.0876 -0.161125  0.227826
99.1462    1.0876 -0.161125  0.227826
99.1472    1.0876 -0.161125  0.227826
99.1487    1.0876 -0.161125  0.227826
99.1497    1.0876 -0.161125  0.227826
99.1507    1.0876 -0.161125  0.227826
99.1522    1.0876 -0.161125  0.227826
99.1532    1.0876 -0.161125  0.227826
99.1542    1.0876 -0.161125  0.227826
99.1557    1.0876 -0.161125  0.227826
99.1567    1.0876 -0.161125  0.227826
99.1577    1.0876 -0.161125  0.227826
99.1592    1.0876 -0.161125  0.227826
99.1602    1.0876 -0.161125  0.227826
99.1612    1.0876 -0.161125  0.227826
99.1622    1.0876 -0.161125  0.227826
99.1637    1.0876 -0.161125  0.227826
99.1647    1.0876 -0.161125  0.227826
99.1657    1.0876 -0.161125  0.227826
99.1672    1.0876 -0.161125  0.227826
99.1682    1.0876 -0.161125  0.227826
99.1692    1.0876 -0.161125  0.227826
99.1707    1.0876 -0.161125  0.227826
99.1717    1.0876 -0.161125  0.227826
99.1727    1.0876 -0.161125  0.227826
99.1741    1.0876 -0.161125  0.227826
99.1751    1.0876 -0.161125  0.227826
99.1761    1.0876 -0.161125  0.227826
99.1776    1.0876 -0.161125  0.227826
99.1786    1.0876 -0.161125  0.227826
99.1796    1.0876 -0.161125  0.227826
99.1811    1.0876 -0.161125  0.227826
99.1821    1.0876 -0.161125  0.227826
99.1831    1.0876 -0.161125  0.227826
99.1846    1.0876 -0.161125  0.227826
99.1856    1.0876 -0.161125  0.227826
99.1866    1.0876 -0.161125  0.227826
99.1881    1.0876 -0.161125  0.227826
99.1891    1.0876 -0.161125  0.227826
99.1901    1.0876 -0.161125  0.227826
99.1916    1.0876 -0.161125  0.227826
99.1926    1.0876 -0.161125  0.227826
99.1936    1.0876 -0.161125  0.227826
99.1951    1.0876 -0.161125  0.227826
99.1961    1.0876 -0.161125  0.227826
99.1971    1.0876 -0.161125  0.227826
99.1981    1.0876 -0.161125  0.227826
99.1996    1.0876 -0.161125  0.227826
99.2006    1.0876 -0.161125  0.227826
99.2016    1.0876 -0.161125  0.227826
99.2031    1.0876 -0.161125  0.227826
99.2041    1.0876 -0.161125  0.227826
99.2051    1.0876 -0.161125  0.227826
99.2066    1.0876 -0.161125  0.227826
99.2076    1.0876 -0.161125  0.227826
99.2086    1.0876 -0.161125  0.227826
99.2101    1.0876 -0.161125  0.227826
99.2111    1.0876 -0.161125  0.227826
99.2121    1.0876 -0.161125  0.227826
99.2136    1.0876 -0.161125  0.227826
99.2146    1.0876 -0.161125  0.227826
99.2156    1.0876 -0.161125  0.227826
99.2171    1.0876 -0.161125  0.227826
99.2181    1.0876 -0.161125  0.227826
99.2191    1.0876 -0.161125  0.227826
99.2206    1.0876 -0.161125  0.227826
99.2216    1.0876 -0.161125  0.227826
99.2226    1.0876 -0.161125  0.227826
99.2241    1.0876 -0.161125  0.227826
99.2251    1.0876 -0.161125  0.227826
99.2261    1.0876 -0.161125  0.227826
99.2271    1.0876 -0.161125  0.227826
99.2286    1.0876 -0.161125  0.227826
99.2296    1.0876 -0.161125  0.227826
99.2306    1.0876 -0.161125  0.227826
99.2321    1.0876 -0.161125  0.227826
99.2331    1.0876 -0.161125  0.227826
99.2341    1.0876 -0.161125  0.227826
99.2356    1.0876 -0.161125  0.227826
99.2366    1.0876 -0.161125  0.227826
99.2376    1.0876 -0.161125  0.227826
99.2391    1.0876 -0.161125  0.227826
99.2401    1.0876 -0.161125  0.227826
99.241    1.0876 -0.161125  0.227826
99.2425    1.0876 -0.161125  0.227826
99.2435    1.0876 -0.161125  0.227826
99.2445    1.0876 -0.161125  0.227826
99.246    1.0876 -0.161125  0.227826
99.247    1.0876 -0.161125  0.227826
99.248    1.0876 -0.161125  0.227826
99.2495    1.0876 -0.161125  0.227826
99.2505    1.0876 -0.161125  0.227826
99.2515    1.0876 -0.161125  0.227826
99.253    1.0876 -0.161125  0.227826
99.254    1.0876 -0.161125  0.227826
99.255    1.0876 -0.161125  0.227826
99.2565    1.0876 -0.161125  0.227826
99.2575    1.0876 -0.161125  0.227826
99.2585    1.0876 -0.161125  0.227826
99.26    1.0876 -0.161125  0.227826
99.261    1.0876 -0.161125  0.227826
99.262    1.0876 -0.161125  0.227826
99.263    1.0876 -0.161125  0.227826
99.2645    1.0876 -0.161125  0.227826
99.2655    1.0876 -0.161125  0.227826
99.2665    1.0876 -0.161125  0.227826
99.268    1.0876 -0.161125  0.227826
99.269    1.0876 -0.161125  0.227826
99.27    1.0876 -0.161125  0.227826
99.2715    1.0876 -0.161125  0.227826
99.2725    1.0876 -0.161125  0.227826
99.2735    1.0876 -0.161125  0.227826
99.275    1.0876 -0.161125  0.227826
99.276    1.0876 -0.161125  0.227826
99.277    1.0876 -0.161125  0.227826
99.2785    1.0876 -0.161125  0.227826
99.2795    1.0876 -0.161125  0.227826
99.2805    1.0876 -0.161125  0.227826
99.282    1.0876 -0.161125  0.227826
99.283    1.0876 -0.161125  0.227826
99.284    1.0876 -0.161125  0.227826
99.2855    1.0876 -0.161125  0.227826
99.2865    1.0876 -0.161125  0.227826
99.2875    1.0876 -0.161125  0.227826
99.289    1.0876 -0.161125  0.227826
99.29    1.0876 -0.161125  0.227826
99.291    1.0876 -0.161125  0.227826
99.292    1.0876 -0.161125  0.227826
99.2935    1.0876 -0.161125  0.227826
99.2945    1.0876 -0.161125  0.227826
99.2955    1.0876 -0.161125  0.227826
99.297    1.0876 -0.161125  0.227826
99.298    1.0876 -0.161125  0.227826
99.299    1.0876 -0.161125  0.227826
99.3005    1.0876 -0.161125  0.227826
99.3015    1.0876 -0.161125  0.227826
99.3025    1.0876 -0.161125  0.227826
99.304    1.0876 -0.161125  0.227826
99.305    1.0876 -0.161125  0.227826
99.306    1.0876 -0.161125  0.227826
99.3075    1.0876 -0.161125  0.227826
99.3085    1.0876 -0.161125  0.227826
99.3095    1.0876 -0.161125  0.227826
99.3109    1.0876 -0.161125  0.227826
99.312    1.0876 -0.161125  0.227826
99.313    1.0876 -0.161125  0.227826
99.3144    1.0876 -0.161125  0.227826
99.3155    1.0876 -0.161125  0.227826
99.3165    1.0876 -0.161125  0.227826
99.3179    1.0876 -0.161125  0.227826
99.3189    1.0876 -0.161125  0.227826
99.3199    1.0876 -0.161125  0.227826
99.3214    1.0876 -0.161125  0.227826
99.3224    1.0876 -0.161125  0.227826
99.3234    1.0876 -0.161125  0.227826
99.3244    1.0876 -0.161125  0.227826
99.3259    1.0876 -0.161125  0.227826
99.3269    1.0876 -0.161125  0.227826
99.3279    1.0876 -0.161125  0.227826
99.3294    1.0876 -0.161125  0.227826
99.3304    1.0876 -0.161125  0.227826
99.3314    1.0876 -0.161125  0.227826
99.3329    1.0876 -0.161125  0.227826
99.3339    1.0876 -0.161125  0.227826
99.3349    1.0876 -0.161125  0.227826
99.3364    1.0876 -0.161125  0.227826
99.3374    1.0876 -0.161125  0.227826
99.3384    1.0876 -0.161125  0.227826
99.3399    1.0876 -0.161125  0.227826
99.3409    1.0876 -0.161125  0.227826
99.3419    1.0876 -0.161125  0.227826
99.3434    1.0876 -0.161125  0.227826
99.3444    1.0876 -0.161125  0.227826
99.3454    1.0876 -0.161125  0.227826
99.3469    1.0876 -0.161125  0.227826
99.3479    1.0876 -0.161125  0.227826
99.3489    1.0876 -0.161125  0.227826
99.3504    1.0876 -0.161125  0.227826
99.3514    1.0876 -0.161125  0.227826
99.3524    1.0876 -0.161125  0.227826
99.3539    1.0876 -0.161125  0.227826
99.3549    1.0876 -0.161125  0.227826
99.3559    1.0876 -0.161125  0.227826
100.285   1.08334 -0.160027  0.229989
100.286   1.08334 -0.160027  0.229989
100.287   1.08334 -0.160027  0.229989
100.289   1.08334 -0.160027  0.229989
100.29   1.08334 -0.160027  0.229989
100.291   1.08334 -0.160027  0.229989
100.292   1.08334 -0.160027  0.229989
100.293   1.08334 -0.160025  0.229995
100.294   1.08334 -0.160023  0.230005
100.296   1.08334 -0.160021  0.230018
100.297  1.08334 -0.16002 0.230024
100.298   1.08334 -0.160019   0.23003
100.299   1.08334 -0.160018  0.230034
100.3   1.08333 -0.160017   0.23004
100.301   1.08333 -0.160016  0.230042
100.303   1.08333 -0.160016  0.230044
100.304   1.08333 -0.160015  0.230046
100.305   1.08333 -0.160015  0.230048
100.306   1.08333 -0.160015  0.230049
100.307   1.08333 -0.160014   0.23005
100.308   1.08333 -0.160014  0.230051
100.309   1.08333 -0.160014  0.230052
100.311   1.08333 -0.160014  0.230052
100.312   1.08333 -0.160014  0.230053
100.313   1.08333 -0.160014  0.230053
100.314   1.08333 -0.160014  0.230053
100.315   1.08333 -0.160014  0.230054
100.316   1.08333 -0.160014  0.230054
100.318   1.08333 -0.160014  0.230054
100.319   1.08333 -0.160014  0.230054
100.32   1.08333 -0.160014  0.230054
100.321   1.08333 -0.160014  0.230054
100.322   1.08333 -0.160014  0.230054
100.323   1.08333 -0.160014  0.230054
100.325   1.08333 -0.160014  0.230054
100.326   1.08333 -0.160014  0.230054
100.326   1.08333 -0.160014  0.230054
100.328   1.08333 -0.160014  0.230054
100.329   1.08333 -0.160014  0.230054
100.33   1.08333 -0.160014  0.230054
100.331   1.08333 -0.160014  0.230054
100.332   1.08333 -0.160014  0.230054
100.333   1.08333 -0.160014  0.230054
100.335   1.08333 -0.160014  0.230054
100.336   1.08333 -0.160014  0.230054
100.337   1.08333 -0.160014  0.230054
100.338   1.08333 -0.160014  0.230054
100.339   1.08333 -0.160014  0.230054
100.34   1.08333 -0.160014  0.230054
100.341   1.08333 -0.160014  0.230054
100.343   1.08333 -0.160014  0.230054
100.344   1.08333 -0.160014  0.230054
100.345   1.08333 -0.160014  0.230054
100.346   1.08333 -0.160014  0.230054
100.347   1.08333 -0.160014  0.230054
100.348   1.08333 -0.160014  0.230054
100.35   1.08333 -0.160014  0.230054
100.351   1.08333 -0.160014  0.230054
100.352   1.08333 -0.160014  0.230054
100.353   1.08333 -0.160014  0.230054
100.354   1.08333 -0.160014  0.230054
100.355   1.08333 -0.160014  0.230054
100.357   1.08333 -0.160014  0.230054
100.358   1.08333 -0.160014  0.230054
100.359   1.08333 -0.160014  0.230054
100.36  1.08377 -0.16009 0.229801
100.361   1.08401 -0.160132  0.229662
100.362   1.08421 -0.160167  0.229547
100.364   1.08437 -0.160196   0.22945
100.365   1.08457 -0.160231  0.229336
100.366   1.08467 -0.160249  0.229276
100.367   1.08476 -0.160264  0.229227
100.368   1.08486 -0.160281   0.22917
100.369  1.08491 -0.16029  0.22914
100.371   1.08495 -0.160298  0.229115
100.372   1.08499 -0.160304  0.229095
100.373   1.08503 -0.160311  0.229072
100.374   1.08505 -0.160315   0.22906
100.375   1.08506 -0.160318   0.22905
100.376  1.08508 -0.16032 0.229042
100.377   1.08509 -0.160323  0.229032
100.379    1.0851 -0.160324  0.229027
100.38   1.08511 -0.160326  0.229023
100.381   1.08512 -0.160327   0.22902
100.382   1.08512 -0.160328  0.229016
100.383   1.08513 -0.160328  0.229014
100.384   1.08513 -0.160329  0.229012
100.386   1.08513 -0.160329  0.229011
100.387  1.08513 -0.16033 0.229009
100.388  1.08514 -0.16033 0.229008
100.389  1.08514 -0.16033 0.229008
100.39  1.08514 -0.16033 0.229007
100.391   1.08514 -0.160331  0.229006
100.393   1.08546 -0.160419   0.22882
100.394   1.08603 -0.160576  0.228488
100.395  1.08651 -0.16071 0.228206
100.396   1.08709 -0.160871  0.227867
100.397   1.08739 -0.160956  0.227688
100.398   1.08765 -0.161026   0.22754
100.4   1.08785 -0.161084  0.227419
100.401    1.0881 -0.161151  0.227276
100.402   1.08823 -0.161187  0.227201
100.403   1.08833 -0.161216   0.22714
100.404   1.08842 -0.161239   0.22709
100.405   1.08852 -0.161267  0.227032
100.407   1.08857 -0.161282  0.227001
100.408   1.08861 -0.161293  0.226976
100.409   1.08864 -0.161303  0.226956
100.41   1.08869 -0.161314  0.226932
100.411  1.08871 -0.16132  0.22692
100.412   1.08872 -0.161325   0.22691
100.414   1.08874 -0.161329  0.226901
100.415   1.08875 -0.161333  0.226892
100.416   1.08876 -0.161336  0.226887
100.417   1.08877 -0.161338  0.226883
100.418   1.08878 -0.161339  0.226879
100.419   1.08878 -0.161341  0.226875
100.42   1.08879 -0.161342  0.226873
100.422   1.08879 -0.161343  0.226872
100.423   1.08879 -0.161344   0.22687
100.424   1.08879 -0.161344  0.226869
100.425    1.0886 -0.161306  0.227039
100.426   1.08843 -0.161274  0.227184
100.428   1.08822 -0.161235   0.22736
100.429   1.08811 -0.161214  0.227453
100.43   1.08802 -0.161196   0.22753
100.431   1.08795 -0.161182  0.227594
100.432   1.08786 -0.161165  0.227669
100.433   1.08782 -0.161157  0.227708
100.434  1.08778 -0.16115  0.22774
100.436   1.08775 -0.161144  0.227766
100.437   1.08771 -0.161137  0.227797
100.438   1.08769 -0.161133  0.227813
100.439  1.08768 -0.16113 0.227826
100.44   1.08767 -0.161128  0.227837
100.441   1.08765 -0.161125  0.227849
100.443   1.08764 -0.161124  0.227856
100.444   1.08764 -0.161122  0.227861
100.445   1.08763 -0.161121  0.227865
100.446  1.08763 -0.16112  0.22787
100.447  1.08762 -0.16112 0.227873
100.448   1.08762 -0.161119  0.227875
100.45   1.08762 -0.161119  0.227877
100.451   1.08762 -0.161118  0.227879
100.452   1.08761 -0.161118   0.22788
100.453   1.08761 -0.161118  0.227881
100.454   1.08761 -0.161118  0.227882
100.455   1.08761 -0.161117  0.227883
100.457   1.08761 -0.161117  0.227883
100.458   1.08761 -0.161117  0.227883
100.459   1.08761 -0.161117  0.227884
100.46   1.08724 -0.161021  0.228074
100.461   1.08657 -0.160849  0.228412
100.462   1.08601 -0.160703    0.2287
100.464   1.08533 -0.160528  0.229046
100.465   1.08497 -0.160435  0.229228
100.466   1.08467 -0.160359  0.229379
100.467   1.08443 -0.160296  0.229503
100.468   1.08414 -0.160222  0.229649
100.469   1.08399 -0.160183  0.229725
100.47   1.08387 -0.160152  0.229787
100.472   1.08377 -0.160126  0.229838
100.473   1.08365 -0.160095  0.229898
100.474  1.08359 -0.16008 0.229929
100.475   1.08354 -0.160067  0.229954
100.476    1.0835 -0.160056  0.229975
100.477   1.08345 -0.160044  0.229999
100.479   1.08343 -0.160038  0.230012
100.48   1.08341 -0.160032  0.230022
100.481   1.08339 -0.160028  0.230031
100.482   1.08337 -0.160023  0.230041
100.483  1.08336 -0.16002 0.230046
100.484   1.08335 -0.160018   0.23005
100.486   1.08335 -0.160017  0.230053
100.487   1.08334 -0.160015  0.230057
100.488   1.08333 -0.160013  0.230059
100.489   1.08333 -0.160013  0.230061
100.49   1.08333 -0.160012  0.230062
100.491   1.08332 -0.160011  0.230064
100.493   1.08332 -0.160011  0.230065
100.494  1.08332 -0.16001 0.230066
100.495  1.08332 -0.16001 0.230066
100.496  1.08332 -0.16001 0.230067
100.497   1.08332 -0.160009  0.230067
100.498   1.08332 -0.160009  0.230068
100.5   1.08332 -0.160009  0.230068
100.501   1.08332 -0.160009  0.230068
100.502   1.08332 -0.160009  0.230068
100.503   1.08332 -0.160009  0.230068
100.504   1.08332 -0.160009  0.230068
100.505   1.08332 -0.160009  0.230068
100.506   1.08332 -0.160009  0.230068
100.508   1.08332 -0.160009  0.230068
100.509   1.08332 -0.160009  0.230068
100.51   1.08332 -0.160009  0.230068
100.511   1.08332 -0.160009  0.230068
100.512   1.08332 -0.160009  0.230068
100.513   1.08332 -0.160009  0.230068
100.515   1.08332 -0.160009  0.230068
100.516   1.08332 -0.160009  0.230068
100.517   1.08332 -0.160009  0.230068
100.518   1.08332 -0.160009  0.230068
100.519   1.08332 -0.160009  0.230068
100.52   1.08332 -0.160009  0.230068
100.522   1.08332 -0.160009  0.230068
100.523   1.08332 -0.160009  0.230068
100.524   1.08332 -0.160009  0.230068
100.525   1.08332 -0.160009  0.230068
100.526   1.08332 -0.160009  0.230068
100.527   1.08332 -0.160009  0.230068
100.529   1.08332 -0.160009  0.230068
100.53   1.08332 -0.160009  0.230068
100.531   1.08332 -0.160009  0.230068
100.532   1.08332 -0.160009  0.230068
100.533   1.08332 -0.160009  0.230068
100.534   1.08332 -0.160009  0.230068
100.535   1.08332 -0.160009  0.230068
100.537   1.08332 -0.160009  0.230068
100.538   1.08332 -0.160009  0.230068
100.539   1.08332 -0.160009  0.230068
100.54   1.08332 -0.160009  0.230068
100.541   1.08332 -0.160009  0.230068
100.542   1.08332 -0.160009  0.230068
100.544   1.08332 -0.160009  0.230068
100.545   1.08332 -0.160009  0.230068
100.546   1.08332 -0.160009  0.230068
100.547   1.08332 -0.160009  0.230068
100.548   1.08332 -0.160009  0.230068
100.549   1.08332 -0.160009  0.230068
100.551   1.08332 -0.160009  0.230068
100.552   1.08332 -0.160009  0.230068
100.553   1.08332 -0.160009  0.230068
100.554   1.08332 -0.160009  0.230068
100.555   1.08332 -0.160009  0.230068
100.556   1.08332 -0.160009  0.230068
100.558   1.08332 -0.160009  0.230068
100.559   1.08332 -0.160009  0.230068
100.56   1.08332 -0.160009  0.230068
100.561    1.0835 -0.160038  0.230038
100.562   1.08361 -0.160054  0.230022
100.563   1.08369 -0.160067  0.230008
100.564   1.08376 -0.160078  0.229997
100.566   1.08385 -0.160091  0.229984
100.567   1.08389 -0.160098  0.229976
100.568   1.08393 -0.160103  0.229971
100.569  1.08397 -0.16011 0.229964
100.57   1.08399 -0.160113   0.22996
100.571   1.08401 -0.160116  0.229957
100.573   1.08403 -0.160118  0.229955
100.574   1.08404 -0.160121  0.229952
100.575   1.08405 -0.160122  0.229951
100.576   1.08406 -0.160123   0.22995
100.577   1.08407 -0.160124  0.229949
100.578   1.08407 -0.160125  0.229947
100.58   1.08408 -0.160126  0.229947
100.581   1.08408 -0.160126  0.229946
100.582   1.08408 -0.160127  0.229946
100.583   1.08409 -0.160127  0.229945
100.584   1.08409 -0.160127  0.229945
100.585   1.08409 -0.160128  0.229945
100.587   1.08409 -0.160128  0.229945
100.588   1.08409 -0.160128  0.229945
100.589   1.08409 -0.160128  0.229945
100.59   1.08409 -0.160128  0.229944
100.591   1.08409 -0.160128  0.229944
100.592   1.08409 -0.160128  0.229944
100.594   1.08403 -0.160118  0.229955
100.595  1.08391  -0.1601 0.229974
100.596    1.0838 -0.160084   0.22999
100.597   1.08368 -0.160065   0.23001
100.598   1.08362 -0.160055   0.23002
100.599   1.08356 -0.160047  0.230028
100.6  1.08352 -0.16004 0.230035
100.602   1.08347 -0.160032  0.230044
100.603   1.08344 -0.160028  0.230048
100.604   1.08342 -0.160025  0.230051
100.605    1.0834 -0.160022  0.230054
100.606   1.08338 -0.160019  0.230057
100.607   1.08337 -0.160017  0.230059
100.609   1.08336 -0.160016  0.230061
100.61   1.08335 -0.160015  0.230062
100.611   1.08334 -0.160013  0.230063
100.612   1.08334 -0.160013  0.230064
100.613   1.08333 -0.160012  0.230064
100.614   1.08333 -0.160012  0.230065
100.616   1.08333 -0.160011  0.230065
100.617   1.08333 -0.160011  0.230066
100.618  1.08332 -0.16001 0.230066
100.619  1.08332 -0.16001 0.230066
100.62  1.08332 -0.16001 0.230066
100.621  1.08332 -0.16001 0.230066
100.623  1.08332 -0.16001 0.230066
100.624  1.08332 -0.16001 0.230066
100.625  1.08332 -0.16001 0.230067
100.626  1.08332 -0.16001 0.230067
100.627  1.08332 -0.16001 0.230067
100.628  1.08332 -0.16001 0.230067
100.63  1.08332 -0.16001 0.230067
100.631  1.08332 -0.16001 0.230067
100.632  1.08332 -0.16001 0.230067
100.633  1.08332 -0.16001 0.230067
100.634  1.08332 -0.16001 0.230067
100.635  1.08332 -0.16001 0.230067
100.636  1.08332 -0.16001 0.230067
100.638  1.08332 -0.16001 0.230067
100.639  1.08332 -0.16001 0.230067
100.64  1.08332 -0.16001 0.230067
100.641  1.08332 -0.16001 0.230067
100.642  1.08332 -0.16001 0.230067
100.643  1.08332 -0.16001 0.230066
100.645  1.08332 -0.16001 0.230066
100.646  1.08332 -0.16001 0.230066
100.647  1.08332 -0.16001 0.230066
100.648  1.08332 -0.16001 0.230066
100.649  1.08332 -0.16001 0.230066
100.65  1.08332 -0.16001 0.230066
100.652  1.08332 -0.16001 0.230066
100.653  1.08332 -0.16001 0.230066
100.654  1.08332 -0.16001 0.230066
100.655  1.08332 -0.16001 0.230066
100.656  1.08332 -0.16001 0.230066
100.657  1.08332 -0.16001 0.230066
100.659  1.08332 -0.16001 0.230066
100.66   1.08369 -0.160106  0.229876
100.661   1.08436 -0.160279  0.229537
100.662   1.08518 -0.160489  0.229123
100.663   1.08561 -0.160601  0.228903
100.664   1.08597 -0.160694   0.22872
100.665    1.0864 -0.160804  0.228504
100.667   1.08662 -0.160861  0.228391
100.668    1.0868 -0.160908  0.228298
100.669   1.08695 -0.160947  0.228222
100.67   1.08713 -0.160992  0.228133
100.671   1.08722 -0.161016  0.228087
100.672   1.08729 -0.161035  0.228049
100.674   1.08735 -0.161051  0.228018
100.675   1.08743 -0.161069  0.227982
100.676   1.08746 -0.161079  0.227963
100.677   1.08749 -0.161087  0.227948
100.678   1.08752 -0.161093  0.227935
100.679 1.08755 -0.1611 0.22792
100.681   1.08756 -0.161104  0.227913
100.681   1.08757 -0.161107  0.227906
100.682  1.08758 -0.16111 0.227901
100.684    1.0876 -0.161113  0.227895
100.685    1.0876 -0.161115  0.227892
100.686   1.08761 -0.161116   0.22789
100.687   1.08761 -0.161117  0.227888
100.688   1.08762 -0.161118  0.227885
100.689   1.08762 -0.161119  0.227884
100.691   1.08762 -0.161119  0.227883
100.692  1.08762 -0.16112 0.227882
100.693  1.08762 -0.16112 0.227881
100.694  1.08763 -0.16112 0.227881
100.695   1.08763 -0.161121   0.22788
100.696   1.08763 -0.161121   0.22788
100.697   1.08763 -0.161121   0.22788
100.699   1.08763 -0.161121  0.227879
100.7   1.08763 -0.161121  0.227879
100.701   1.08763 -0.161121  0.227879
100.702   1.08763 -0.161121  0.227879
100.703   1.08763 -0.161121  0.227879
100.704   1.08763 -0.161121  0.227879
100.706   1.08763 -0.161121  0.227879
100.707   1.08763 -0.161121  0.227879
100.708   1.08763 -0.161121  0.227879
100.709   1.08763 -0.161121  0.227879
100.71   1.08763 -0.161121  0.227879
100.711   1.08763 -0.161121   0.22788
100.713   1.08763 -0.161121   0.22788
100.714   1.08763 -0.161121   0.22788
100.715   1.08763 -0.161121   0.22788
100.716   1.08763 -0.161121   0.22788
100.717   1.08763 -0.161121   0.22788
100.718   1.08763 -0.161121   0.22788
100.72   1.08763 -0.161121   0.22788
100.721   1.08763 -0.161121   0.22788
100.722   1.08763 -0.161121   0.22788
100.723   1.08763 -0.161121   0.22788
100.724   1.08763 -0.161121   0.22788
100.725   1.08763 -0.161121   0.22788
100.727    1.0869 -0.160934  0.228247
100.728   1.08629 -0.160775  0.228561
100.729   1.08554 -0.160582  0.228942
100.73  1.08514 -0.16048 0.229143
100.731   1.08481 -0.160395   0.22931
100.732   1.08454 -0.160325  0.229448
100.733   1.08423 -0.160243   0.22961
100.735  1.08406  -0.1602 0.229694
100.736   1.08392 -0.160165  0.229763
100.737   1.08381 -0.160136   0.22982
100.738   1.08368 -0.160103  0.229886
100.739   1.08361 -0.160085  0.229921
100.74   1.08356 -0.160071  0.229949
100.742   1.08351 -0.160059  0.229972
100.743   1.08346 -0.160046  0.229999
100.744   1.08343 -0.160038  0.230013
100.745   1.08341 -0.160033  0.230024
100.746   1.08339 -0.160028  0.230034
100.747   1.08337 -0.160022  0.230045
100.749   1.08336 -0.160019   0.23005
100.75   1.08335 -0.160017  0.230055
100.751   1.08334 -0.160014   0.23006
100.752   1.08333 -0.160013  0.230063
100.753   1.08333 -0.160012  0.230065
100.755  1.08332 -0.16001 0.230068
100.756  1.08332 -0.16001  0.23007
100.757   1.08332 -0.160009  0.230071
100.758   1.08332 -0.160009  0.230072
100.759   1.08345 -0.160028  0.230052
100.761   1.08361 -0.160052  0.230027
100.762   1.08369 -0.160065  0.230014
100.763   1.08376 -0.160076  0.230003
100.764   1.08382 -0.160085  0.229994
100.765   1.08387 -0.160092  0.229986
100.766   1.08391 -0.160098   0.22998
100.768   1.08394 -0.160103  0.229975
100.769   1.08397 -0.160108  0.229971
100.77   1.08399 -0.160111  0.229967
100.771   1.08402 -0.160115  0.229963
100.772   1.08403 -0.160117  0.229961
100.773   1.08404 -0.160119   0.22996
100.775  1.08405 -0.16012 0.229958
100.776   1.08406 -0.160121  0.229957
100.777   1.08406 -0.160122  0.229956
100.778   1.08407 -0.160123  0.229955
100.779   1.08407 -0.160124  0.229954
100.78   1.08408 -0.160124  0.229954
100.782   1.08408 -0.160125  0.229953
100.783   1.08408 -0.160125  0.229953
100.784   1.08408 -0.160125  0.229953
100.785   1.08408 -0.160125  0.229952
100.786   1.08409 -0.160126  0.229952
100.787   1.08409 -0.160126  0.229952
100.789   1.08409 -0.160126  0.229952
100.79   1.08409 -0.160126  0.229952
100.791   1.08409 -0.160126  0.229952
100.792   1.08409 -0.160126  0.229952
100.793   1.08402 -0.160116  0.229962
100.794    1.0839 -0.160097  0.229982
100.796   1.08375 -0.160075  0.230005
100.797   1.08368 -0.160063  0.230017
100.798   1.08361 -0.160053  0.230028
100.799   1.08356 -0.160044  0.230036
100.8   1.08351 -0.160038  0.230043
100.801  1.08346 -0.16003 0.230051
100.803   1.08343 -0.160026  0.230055
100.804   1.08341 -0.160022  0.230059
100.805   1.08339 -0.160019  0.230062
100.806   1.08337 -0.160016  0.230065
100.807   1.08336 -0.160015  0.230067
100.808   1.08335 -0.160013  0.230068
100.81   1.08334 -0.160012  0.230069
100.811   1.08334 -0.160011  0.230071
100.812  1.08333 -0.16001 0.230071
100.813  1.08333 -0.16001 0.230072
100.814   1.08333 -0.160009  0.230072
100.815   1.08332 -0.160009  0.230073
100.816   1.08332 -0.160008  0.230073
100.818   1.08332 -0.160008  0.230073
100.819   1.08332 -0.160008  0.230073
100.82   1.08332 -0.160008  0.230074
100.821   1.08332 -0.160008  0.230074
100.822   1.08331 -0.160008  0.230074
100.823   1.08331 -0.160007  0.230074
100.825   1.08331 -0.160007  0.230074
100.826   1.08331 -0.160007  0.230074
100.827   1.08331 -0.160007  0.230074
100.828   1.08331 -0.160007  0.230074
100.829   1.08331 -0.160007  0.230074
100.83   1.08331 -0.160007  0.230074
100.832   1.08331 -0.160007  0.230074
100.833   1.08331 -0.160007  0.230074
100.834   1.08331 -0.160007  0.230074
100.835   1.08331 -0.160007  0.230074
100.836   1.08331 -0.160007  0.230074
100.837   1.08331 -0.160007  0.230074
100.839   1.08331 -0.160007  0.230074
100.84   1.08331 -0.160007  0.230074
100.841   1.08331 -0.160007  0.230074
100.842   1.08331 -0.160007  0.230074
100.843   1.08331 -0.160007  0.230074
100.844   1.08331 -0.160007  0.230074
100.846   1.08331 -0.160007  0.230074
100.847   1.08331 -0.160007  0.230074
100.848   1.08331 -0.160007  0.230074
100.849   1.08331 -0.160007  0.230074
100.85   1.08331 -0.160007  0.230074
100.851   1.08331 -0.160007  0.230074
100.852   1.08331 -0.160007  0.230073
100.854   1.08331 -0.160007  0.230073
100.855   1.08331 -0.160008  0.230073
100.856   1.08331 -0.160008  0.230073
100.857   1.08379 -0.160124  0.229794
100.858   1.08465 -0.160333  0.229295
100.859  1.08538 -0.16051 0.228871
100.861   1.08625 -0.160723  0.228361
100.862   1.08671 -0.160835  0.228092
100.863   1.08709 -0.160928   0.22787
100.864   1.08741 -0.161005  0.227687
100.865   1.08777 -0.161095  0.227472
100.866   1.08797 -0.161141   0.22736
100.868  1.08812 -0.16118 0.227268
100.869   1.08831 -0.161224  0.227161
100.87    1.0884 -0.161248  0.227105
100.871   1.08848 -0.161267  0.227059
100.872   1.08855 -0.161282  0.227022
100.873   1.08862 -0.161301  0.226978
100.875  1.08866 -0.16131 0.226956
100.876   1.08869 -0.161318  0.226937
100.877   1.08872 -0.161324  0.226922
100.878   1.08875 -0.161331  0.226905
100.879   1.08876 -0.161335  0.226895
100.88   1.08878 -0.161338  0.226888
100.882   1.08879 -0.161341  0.226882
100.883    1.0888 -0.161344  0.226875
100.884    1.0888 -0.161345  0.226871
100.885   1.08881 -0.161347  0.226868
100.886   1.08881 -0.161348  0.226866
100.887   1.08882 -0.161349  0.226863
100.888   1.08882 -0.161349  0.226862
100.89  1.08882 -0.16135  0.22686
100.891  1.08882 -0.16135 0.226859
100.892   1.08883 -0.161351  0.226858
100.893   1.08883 -0.161351  0.226858
100.894   1.08863 -0.161313  0.227029
100.895  1.08846 -0.16128 0.227176
100.897  1.08825 -0.16124 0.227353
100.898   1.08814 -0.161219  0.227448
100.899   1.08805 -0.161201  0.227526
100.9   1.08797 -0.161187   0.22759
100.901  1.08788 -0.16117 0.227666
100.902   1.08784 -0.161161  0.227706
100.904    1.0878 -0.161153  0.227738
100.905   1.08777 -0.161147  0.227764
100.906  1.08773 -0.16114 0.227796
100.907   1.08771 -0.161137  0.227812
100.908    1.0877 -0.161134  0.227825
100.909  1.08768 -0.16113 0.227841
100.911   1.08767 -0.161128  0.227849
100.912   1.08766 -0.161127  0.227855
100.913   1.08766 -0.161126  0.227861
100.914   1.08765 -0.161124  0.227867
100.915   1.08764 -0.161123   0.22787
100.916   1.08764 -0.161123  0.227873
100.918   1.08764 -0.161122  0.227875
100.919   1.08763 -0.161122  0.227878
100.92   1.08763 -0.161121  0.227879
100.921   1.08763 -0.161121  0.227881
100.922   1.08763 -0.161121  0.227882
100.923   1.08763 -0.161121  0.227882
100.924  1.08763 -0.16112 0.227883
100.926   1.08721 -0.160988  0.228073
100.927   1.08685 -0.160874  0.228235
100.928   1.08655 -0.160778  0.228372
100.929   1.08619 -0.160664  0.228536
100.93     1.086 -0.160603  0.228622
100.931   1.08585 -0.160553  0.228693
100.933   1.08572 -0.160512  0.228752
100.934   1.08557 -0.160464   0.22882
100.935   1.08549 -0.160439  0.228856
100.936   1.08542 -0.160419  0.228885
100.937   1.08535 -0.160395   0.22892
100.938   1.08531 -0.160382  0.228938
100.94   1.08528 -0.160372  0.228952
100.941   1.08525 -0.160364  0.228964
100.942   1.08522 -0.160354  0.228978
100.943    1.0852 -0.160349  0.228985
100.944   1.08519 -0.160345  0.228991
100.945   1.08518 -0.160341  0.228996
100.947   1.08517 -0.160337  0.229002
100.948   1.08516 -0.160335  0.229005
100.949   1.08516 -0.160334  0.229007
100.95   1.08515 -0.160332  0.229009
100.951   1.08515 -0.160331  0.229012
100.952  1.08514 -0.16033 0.229013
100.953   1.08514 -0.160329  0.229014
100.955   1.08514 -0.160329  0.229015
100.956   1.08514 -0.160328  0.229015
100.957   1.08514 -0.160328  0.229016
100.958   1.08514 -0.160327  0.229016
100.959   1.08514 -0.160327  0.229017
100.96   1.08469 -0.160249  0.229275
100.962   1.08445 -0.160206  0.229415
100.963   1.08425 -0.160171  0.229533
100.964   1.08408 -0.160141  0.229631
100.965   1.08388 -0.160106  0.229747
100.966   1.08378 -0.160088  0.229808
100.967   1.08369 -0.160073  0.229858
100.969   1.08359 -0.160055  0.229916
100.97   1.08354 -0.160046  0.229947
100.971    1.0835 -0.160038  0.229972
100.972   1.08346 -0.160032  0.229992
100.973   1.08342 -0.160025  0.230016
100.974    1.0834 -0.160021  0.230028
100.976   1.08338 -0.160018  0.230038
100.977   1.08337 -0.160015  0.230047
100.978   1.08335 -0.160013  0.230056
100.979   1.08334 -0.160011  0.230061
100.98  1.08334 -0.16001 0.230066
100.981   1.08333 -0.160009  0.230069
100.983   1.08332 -0.160008  0.230073
100.984   1.08332 -0.160007  0.230075
100.985   1.08332 -0.160007  0.230076
100.986   1.08331 -0.160006  0.230078
100.987   1.08331 -0.160006  0.230079
100.988   1.08331 -0.160005   0.23008
100.99   1.08331 -0.160005  0.230081
100.991   1.08331 -0.160005  0.230081
100.992   1.08331 -0.160005  0.230082
100.993  1.08423 -0.16023 0.229543
100.994   1.08502 -0.160423  0.229083
100.995   1.08569 -0.160585  0.228694
100.997   1.08648 -0.160779  0.228229
100.998    1.0869 -0.160881  0.227984
100.999   1.08725 -0.160966  0.227783
101   1.08753 -0.161035  0.227617
101.001   1.08787 -0.161116  0.227422
101.002   1.08804 -0.161159  0.227321
101.003   1.08818 -0.161193  0.227238
101.005   1.08835 -0.161234   0.22714
101.006   1.08844 -0.161255   0.22709
101.007   1.08851 -0.161272  0.227049
101.008   1.08857 -0.161287  0.227015
101.009   1.08863 -0.161303  0.226975
101.01   1.08867 -0.161312  0.226955
101.012    1.0887 -0.161319  0.226938
101.013   1.08872 -0.161324  0.226925
101.014   1.08875 -0.161331  0.226909
101.015   1.08876 -0.161334    0.2269
101.016   1.08877 -0.161337  0.226894
101.017  1.08878 -0.16134 0.226888
101.019   1.08879 -0.161342  0.226882
101.02    1.0888 -0.161344  0.226878
101.021    1.0888 -0.161345  0.226876
101.022   1.08881 -0.161346  0.226874
101.023   1.08881 -0.161347  0.226871
101.024   1.08882 -0.161347   0.22687
101.025   1.08882 -0.161348  0.226869
101.027   1.08789 -0.161123  0.227407
101.028   1.08676 -0.160846  0.228069
101.029   1.08615 -0.160698  0.228424
101.03   1.08564 -0.160574   0.22872
101.031   1.08522 -0.160472  0.228964
101.032   1.08473 -0.160352  0.229253
101.033   1.08447 -0.160289  0.229403
101.034   1.08426 -0.160237  0.229527
101.035   1.08409 -0.160195  0.229628
101.037   1.08388 -0.160145  0.229747
101.038  1.08378 -0.16012 0.229808
101.039   1.08369 -0.160099  0.229859
101.04   1.08362 -0.160081    0.2299
101.041   1.08354 -0.160061  0.229948
101.042   1.08349 -0.160051  0.229973
101.044   1.08346 -0.160042  0.229994
101.045   1.08343 -0.160035   0.23001
101.046    1.0834 -0.160027   0.23003
101.047   1.08338 -0.160023   0.23004
101.048   1.08337 -0.160019  0.230049
101.049   1.08335 -0.160016  0.230055
101.051   1.08334 -0.160013  0.230063
101.052   1.08333 -0.160011  0.230067
101.053  1.08333 -0.16001 0.230071
101.054   1.08332 -0.160009  0.230073
101.055   1.08332 -0.160007  0.230077
101.056   1.08331 -0.160007  0.230078
101.058   1.08331 -0.160006   0.23008
101.059   1.08379 -0.160123  0.229801
101.06   1.08502 -0.160423  0.229082
101.061   1.08569 -0.160585  0.228694
101.062   1.08624 -0.160721   0.22837
101.063    1.0867 -0.160833  0.228101
101.064   1.08725 -0.160966  0.227783
101.066   1.08753 -0.161035  0.227618
101.067   1.08777 -0.161092  0.227481
101.068   1.08796 -0.161138   0.22737
101.069   1.08818 -0.161193  0.227239
101.07    1.0883 -0.161222  0.227171
101.071   1.08839 -0.161245  0.227115
101.073   1.08847 -0.161264   0.22707
101.074   1.08856 -0.161286  0.227016
101.075   1.08861 -0.161298  0.226989
101.076   1.08865 -0.161307  0.226966
101.077   1.08868 -0.161315  0.226948
101.078   1.08872 -0.161324  0.226926
101.08   1.08874 -0.161328  0.226915
101.081   1.08875 -0.161332  0.226906
101.082   1.08877 -0.161335  0.226898
101.083   1.08878 -0.161339  0.226889
101.084   1.08879 -0.161341  0.226885
101.085    1.0888 -0.161342  0.226881
101.087    1.0888 -0.161344  0.226878
101.088   1.08881 -0.161345  0.226875
101.089   1.08881 -0.161346  0.226873
101.09   1.08881 -0.161346  0.226872
101.091   1.08881 -0.161347   0.22687
101.092   1.08882 -0.161348  0.226869
101.093   1.08882 -0.161348  0.226868
101.095   1.08882 -0.161348  0.226867
101.096   1.08882 -0.161349  0.226867
101.097   1.08882 -0.161349  0.226866
101.098   1.08882 -0.161349  0.226866
101.099   1.08882 -0.161349  0.226866
101.1   1.08882 -0.161349  0.226866
101.102   1.08882 -0.161349  0.226866
101.103   1.08882 -0.161349  0.226866
101.104   1.08882 -0.161349  0.226866
101.105   1.08882 -0.161349  0.226866
101.106   1.08882 -0.161349  0.226866
101.107   1.08882 -0.161349  0.226866
101.109   1.08882 -0.161349  0.226866
101.11   1.08882 -0.161349  0.226867
101.111   1.08882 -0.161349  0.226867
101.112   1.08882 -0.161349  0.226867
101.113   1.08882 -0.161349  0.226867
101.114   1.08882 -0.161349  0.226867
101.116   1.08882 -0.161348  0.226867
101.117   1.08882 -0.161348  0.226867
101.118   1.08882 -0.161348  0.226867
101.119   1.08882 -0.161348  0.226867
101.12   1.08882 -0.161348  0.226867
101.121   1.08882 -0.161348  0.226867
101.123   1.08882 -0.161348  0.226868
101.124   1.08882 -0.161348  0.226868
101.125   1.08882 -0.161348  0.226868
101.126   1.08882 -0.161348  0.226867
101.127   1.08882 -0.161348  0.226867
101.128   1.08882 -0.161348  0.226867
101.13   1.08882 -0.161348  0.226867
101.131   1.08882 -0.161348  0.226868
101.132   1.08882 -0.161348  0.226868
101.133   1.08882 -0.161348  0.226868
101.134   1.08882 -0.161348  0.226868
101.135   1.08882 -0.161348  0.226868
101.137   1.08882 -0.161348  0.226868
101.138   1.08882 -0.161348  0.226869
101.139   1.08882 -0.161348  0.226869
101.14   1.08882 -0.161348  0.226869
101.141   1.08882 -0.161348  0.226869
101.142   1.08882 -0.161348  0.226869
101.144   1.08882 -0.161348  0.226869
101.145   1.08882 -0.161348  0.226869
101.146   1.08882 -0.161348  0.226869
101.147   1.08882 -0.161347  0.226869
101.148   1.08882 -0.161347  0.226869
101.149   1.08882 -0.161347   0.22687
101.15   1.08882 -0.161347   0.22687
101.152   1.08882 -0.161347   0.22687
101.153   1.08882 -0.161347   0.22687
101.154   1.08882 -0.161347   0.22687
101.155   1.08882 -0.161347   0.22687
101.156   1.08882 -0.161347   0.22687
101.157   1.08881 -0.161347   0.22687
101.159   1.08881 -0.161347   0.22687
101.16    1.0882 -0.161176  0.227232
101.161   1.08744 -0.160964  0.227677
101.162   1.08703 -0.160851  0.227915
101.163   1.08669 -0.160757  0.228114
101.164   1.08641 -0.160679  0.228278
101.166   1.08608 -0.160587  0.228472
101.167    1.0859 -0.160539  0.228573
101.168  1.08576  -0.1605 0.228656
101.169   1.08564 -0.160468  0.228724
101.17  1.08551 -0.16043 0.228804
101.171  1.08544 -0.16041 0.228845
101.173   1.08538 -0.160394  0.228879
101.174   1.08533 -0.160381  0.228907
101.175   1.08528 -0.160366  0.228939
101.176   1.08525 -0.160358  0.228956
101.177   1.08522 -0.160351   0.22897
101.178   1.08521 -0.160346  0.228981
101.18  1.08518 -0.16034 0.228994
101.181   1.08517 -0.160336  0.229001
101.182   1.08516 -0.160334  0.229007
101.183   1.08515 -0.160332  0.229011
101.184   1.08514 -0.160329  0.229017
101.185   1.08514 -0.160328  0.229019
101.186   1.08514 -0.160327  0.229022
101.188   1.08513 -0.160326  0.229024
101.189   1.08513 -0.160325  0.229026
101.19   1.08513 -0.160324  0.229027
101.191   1.08513 -0.160324  0.229028
101.192   1.08512 -0.160323  0.229028
101.193   1.08496 -0.160295  0.229121
101.195   1.08468 -0.160245  0.229287
101.196   1.08444 -0.160203  0.229427
101.197   1.08424 -0.160167  0.229544
101.198   1.08399 -0.160125  0.229684
101.199   1.08387 -0.160103  0.229757
101.2   1.08376 -0.160084  0.229818
101.202   1.08368 -0.160069  0.229867
101.203   1.08358 -0.160052  0.229926
101.204   1.08353 -0.160042  0.229956
101.205   1.08348 -0.160035  0.229981
101.206   1.08345 -0.160029  0.230001
101.207   1.08341 -0.160022  0.230025
101.209   1.08339 -0.160018  0.230037
101.21   1.08337 -0.160015  0.230047
101.211   1.08335 -0.160012  0.230055
101.212  1.08334 -0.16001 0.230065
101.213   1.08333 -0.160008   0.23007
101.214   1.08332 -0.160007  0.230074
101.216   1.08332 -0.160006  0.230077
101.217   1.08331 -0.160005  0.230081
101.218   1.08331 -0.160004  0.230083
101.219    1.0833 -0.160004  0.230085
101.22    1.0833 -0.160003  0.230086
101.221    1.0833 -0.160003  0.230087
101.222    1.0833 -0.160003  0.230088
101.224    1.0833 -0.160002  0.230089
101.225    1.0833 -0.160002  0.230089
101.226    1.0833 -0.160002   0.23009
101.227   1.08422 -0.160227  0.229552
101.228   1.08501 -0.160419  0.229092
101.229   1.08567 -0.160582  0.228704
101.231   1.08647 -0.160776  0.228239
101.232   1.08689 -0.160878  0.227995
101.233   1.08724 -0.160962  0.227794
101.234   1.08752 -0.161032  0.227628
101.235   1.08786 -0.161113  0.227433
101.236   1.08803 -0.161156  0.227332
101.238  1.08817 -0.16119 0.227249
101.239   1.08834 -0.161231  0.227152
101.24   1.08843 -0.161252  0.227102
101.241    1.0885 -0.161269   0.22706
101.242   1.08855 -0.161283  0.227027
101.243  1.08862  -0.1613 0.226987
101.245   1.08866 -0.161308  0.226967
101.246   1.08869 -0.161315   0.22695
101.247   1.08871 -0.161321  0.226936
101.248   1.08874 -0.161328   0.22692
101.249   1.08875 -0.161331  0.226912
101.25   1.08876 -0.161334  0.226905
101.252   1.08877 -0.161336    0.2269
101.253   1.08878 -0.161339  0.226893
101.254  1.08879 -0.16134  0.22689
101.255   1.08879 -0.161342  0.226887
101.256    1.0888 -0.161342  0.226885
101.257    1.0888 -0.161344  0.226882
101.258    1.0888 -0.161344  0.226881
101.26   1.08881 -0.161345   0.22688
101.261   1.08881 -0.161345  0.226879
101.262   1.08861 -0.161307   0.22705
101.263   1.08844 -0.161274  0.227197
101.264   1.08829 -0.161246   0.22732
101.265   1.08817 -0.161223  0.227424
101.267   1.08803 -0.161195  0.227547
101.268   1.08795 -0.161181  0.227611
101.269   1.08789 -0.161169  0.227664
101.27   1.08784 -0.161159  0.227707
101.271   1.08778 -0.161148  0.227759
101.272   1.08775 -0.161142  0.227785
101.274   1.08773 -0.161137  0.227807
101.275    1.0877 -0.161133  0.227825
101.276   1.08768 -0.161128  0.227845
101.277   1.08767 -0.161126  0.227856
101.278   1.08766 -0.161124  0.227865
101.279   1.08765 -0.161122  0.227872
101.281  1.08764 -0.16112 0.227881
101.282   1.08763 -0.161119  0.227885
101.283   1.08763 -0.161118  0.227889
101.284   1.08762 -0.161117  0.227893
101.285   1.08762 -0.161117  0.227895
101.286   1.08762 -0.161116  0.227897
101.288   1.08762 -0.161116  0.227899
101.289   1.08762 -0.161116  0.227901
101.29   1.08761 -0.161115  0.227901
101.291   1.08724 -0.161019  0.228092
101.292   1.08657 -0.160846  0.228433
101.293     1.086 -0.160699  0.228722
101.294   1.08531 -0.160522   0.22907
101.296   1.08495 -0.160429  0.229254
101.297   1.08465 -0.160352  0.229405
101.298   1.08441 -0.160288   0.22953
101.299   1.08412 -0.160214  0.229677
101.3   1.08397 -0.160175  0.229754
101.301   1.08384 -0.160143  0.229816
101.303   1.08374 -0.160117  0.229867
101.304   1.08362 -0.160087  0.229927
101.305   1.08356 -0.160071  0.229958
101.306   1.08351 -0.160058  0.229984
101.307   1.08347 -0.160047  0.230005
101.308   1.08342 -0.160035  0.230029
101.31    1.0834 -0.160029  0.230042
101.311   1.08338 -0.160023  0.230052
101.312   1.08336 -0.160019  0.230061
101.313   1.08334 -0.160014   0.23007
101.314   1.08333 -0.160011  0.230075
101.315   1.08332 -0.160009   0.23008
101.317   1.08332 -0.160007  0.230084
101.318   1.08331 -0.160006  0.230087
101.319   1.08331 -0.160005  0.230089
101.32    1.0833 -0.160004  0.230091
101.321    1.0833 -0.160003  0.230093
101.322    1.0833 -0.160002  0.230094
101.324    1.0833 -0.160002  0.230094
101.325   1.08329 -0.160001  0.230095
101.326   1.08329 -0.160001  0.230096
101.327   1.08422 -0.160226  0.229557
101.328   1.08501 -0.160419  0.229096
101.329   1.08567 -0.160581  0.228708
101.33   1.08647 -0.160775  0.228242
101.332   1.08689 -0.160877  0.227998
101.333   1.08724 -0.160962  0.227796
101.334   1.08752 -0.161031   0.22763
101.335   1.08785 -0.161113  0.227435
101.336   1.08803 -0.161155  0.227334
101.337  1.08817 -0.16119  0.22725
101.339   1.08829 -0.161218  0.227182
101.34   1.08842 -0.161251  0.227103
101.341    1.0885 -0.161269  0.227061
101.342   1.08855 -0.161283  0.227028
101.343    1.0886 -0.161294     0.227
101.344   1.08866 -0.161308  0.226968
101.346   1.08868 -0.161315  0.226951
101.347  1.08871 -0.16132 0.226937
101.348   1.08873 -0.161325  0.226926
101.349   1.08875 -0.161331  0.226913
101.35   1.08876 -0.161333  0.226906
101.351   1.08877 -0.161336  0.226901
101.353   1.08878 -0.161338  0.226894
101.354  1.08879 -0.16134 0.226891
101.355   1.08879 -0.161341  0.226888
101.356    1.0888 -0.161342  0.226886
101.357    1.0888 -0.161343  0.226883
101.358    1.0888 -0.161344  0.226882
101.359    1.0888 -0.161344  0.226881
101.361    1.0887 -0.161324  0.226969
101.362   1.08844 -0.161273  0.227198
101.363   1.08829 -0.161245  0.227322
101.364   1.08817 -0.161222  0.227425
101.365   1.08807 -0.161203  0.227511
101.366  1.08795 -0.16118 0.227612
101.368   1.08789 -0.161168  0.227665
101.369   1.08784 -0.161159  0.227708
101.37    1.0878 -0.161151  0.227744
101.371   1.08775 -0.161141  0.227786
101.372   1.08772 -0.161136  0.227808
101.373    1.0877 -0.161132  0.227825
101.375   1.08769 -0.161129   0.22784
101.376   1.08767 -0.161125  0.227857
101.377   1.08766 -0.161123  0.227866
101.378   1.08765 -0.161122  0.227873
101.379  1.08764 -0.16112 0.227879
101.38   1.08763 -0.161119  0.227886
101.382   1.08763 -0.161118   0.22789
101.382   1.08762 -0.161117  0.227893
101.383   1.08762 -0.161117  0.227895
101.385   1.08762 -0.161116  0.227898
101.386   1.08762 -0.161116    0.2279
101.387   1.08761 -0.161115  0.227901
101.388   1.08761 -0.161115  0.227902
101.389   1.08761 -0.161115  0.227903
101.39   1.08761 -0.161115  0.227903
101.391   1.08761 -0.161115  0.227904
101.393   1.08761 -0.161115  0.227904
101.394   1.08761 -0.161114  0.227905
101.395   1.08761 -0.161114  0.227905
101.396   1.08761 -0.161114  0.227905
101.397   1.08761 -0.161114  0.227905
101.398   1.08761 -0.161114  0.227906
101.4   1.08761 -0.161114  0.227906
101.401   1.08761 -0.161114  0.227906
101.402   1.08761 -0.161114  0.227906
101.403   1.08761 -0.161114  0.227906
101.404   1.08761 -0.161114  0.227906
101.405   1.08761 -0.161114  0.227906
101.407   1.08761 -0.161114  0.227906
101.408   1.08761 -0.161114  0.227906
101.409   1.08761 -0.161114  0.227907
101.41   1.08761 -0.161114  0.227907
101.411   1.08761 -0.161114  0.227907
101.412   1.08761 -0.161114  0.227907
101.414   1.08761 -0.161114  0.227907
101.415   1.08761 -0.161114  0.227907
101.416   1.08761 -0.161114  0.227907
101.417   1.08761 -0.161114  0.227907
101.418   1.08761 -0.161114  0.227907
101.419   1.08761 -0.161114  0.227907
101.421   1.08761 -0.161114  0.227907
101.422   1.08761 -0.161114  0.227907
101.423   1.08761 -0.161114  0.227907
101.424   1.08761 -0.161113  0.227907
101.425   1.08761 -0.161113  0.227907
101.426   1.08761 -0.161113  0.227907
101.428   1.08688 -0.160927  0.228274
101.429   1.08626 -0.160767  0.228588
101.43   1.08551 -0.160574  0.228968
101.431   1.08512 -0.160472   0.22917
101.432   1.08479 -0.160387  0.229336
101.433   1.08452 -0.160317  0.229474
101.434    1.0842 -0.160235  0.229635
101.436   1.08403 -0.160192  0.229719
101.437    1.0839 -0.160157  0.229788
101.438   1.08379 -0.160128  0.229845
101.439   1.08366 -0.160095  0.229911
101.44   1.08359 -0.160077  0.229945
101.441   1.08353 -0.160063  0.229974
101.443   1.08349 -0.160051  0.229997
101.444   1.08344 -0.160038  0.230023
101.445   1.08341 -0.160031  0.230037
101.446   1.08339 -0.160025  0.230049
101.447  1.08337 -0.16002 0.230058
101.448   1.08335 -0.160014  0.230069
101.45   1.08333 -0.160012  0.230075
101.451   1.08333 -0.160009  0.230079
101.452   1.08332 -0.160007  0.230083
101.453   1.08331 -0.160005  0.230087
101.454    1.0833 -0.160004  0.230089
101.455    1.0833 -0.160003  0.230091
101.457    1.0833 -0.160002  0.230093
101.458   1.08329 -0.160001  0.230094
101.459   1.08329 -0.160001  0.230095
101.46    1.0836 -0.160054  0.229919
101.461  1.08397 -0.16012 0.229701
101.462   1.08417 -0.160155  0.229584
101.464   1.08434 -0.160184  0.229487
101.465   1.08448 -0.160209  0.229407
101.466   1.08464 -0.160237  0.229312
101.467   1.08473 -0.160252  0.229262
101.468    1.0848 -0.160265  0.229222
101.469   1.08486 -0.160275  0.229188
101.471   1.08492 -0.160287  0.229149
101.472   1.08496 -0.160293  0.229129
101.473   1.08499 -0.160298  0.229112
101.474   1.08501 -0.160302  0.229099
101.475   1.08504 -0.160307  0.229083
101.476   1.08505 -0.160309  0.229074
101.477   1.08506 -0.160311  0.229068
101.479   1.08507 -0.160313  0.229062
101.48   1.08508 -0.160315  0.229056
101.481   1.08509 -0.160316  0.229052
101.482    1.0851 -0.160317  0.229049
101.483    1.0851 -0.160317  0.229047
101.484    1.0851 -0.160318  0.229044
101.486   1.08511 -0.160319  0.229043
101.487   1.08511 -0.160319  0.229042
101.488  1.08511 -0.16032 0.229041
101.489  1.08511 -0.16032  0.22904
101.49  1.08511 -0.16032 0.229039
101.491  1.08511 -0.16032 0.229039
101.493   1.08502 -0.160303   0.22912
101.494   1.08486 -0.160271  0.229266
101.495   1.08472 -0.160245   0.22939
101.496   1.08461 -0.160222  0.229494
101.497   1.08447 -0.160196  0.229618
101.498    1.0844 -0.160182  0.229683
101.5   1.08434 -0.160171  0.229736
101.501   1.08429 -0.160161   0.22978
101.502  1.08423 -0.16015 0.229832
101.503    1.0842 -0.160144  0.229859
101.504  1.08418 -0.16014 0.229881
101.505   1.08416 -0.160136  0.229899
101.507   1.08413 -0.160131   0.22992
101.508   1.08412 -0.160129   0.22993
101.509   1.08411 -0.160127  0.229939
101.51    1.0841 -0.160126  0.229947
101.511    1.0841 -0.160124  0.229955
101.512   1.08409 -0.160123  0.229959
101.513   1.08409 -0.160122  0.229963
101.515   1.08408 -0.160122  0.229966
101.516   1.08408 -0.160121  0.229969
101.517  1.08408 -0.16012 0.229971
101.518  1.08408 -0.16012 0.229972
101.519  1.08407 -0.16012 0.229974
101.52  1.08407 -0.16012 0.229975
101.522  1.08407 -0.16012 0.229976
101.523   1.08407 -0.160119  0.229976
101.524   1.08407 -0.160119  0.229977
101.525   1.08407 -0.160119  0.229977
101.526   1.08438 -0.160206  0.229798
101.527  1.08493 -0.16036 0.229477
101.529    1.0856 -0.160548  0.229086
101.53   1.08595 -0.160648  0.228877
101.531   1.08625 -0.160731  0.228705
101.532  1.08649  -0.1608 0.228562
101.533   1.08678 -0.160881  0.228393
101.534   1.08693 -0.160923  0.228306
101.536   1.08705 -0.160958  0.228234
101.537   1.08716 -0.160986  0.228175
101.538   1.08727 -0.161019  0.228106
101.539   1.08734 -0.161037   0.22807
101.54   1.08739 -0.161051  0.228041
101.541   1.08743 -0.161062  0.228017
101.543   1.08747 -0.161076  0.227989
101.544    1.0875 -0.161083  0.227974
101.545   1.08752 -0.161088  0.227962
101.546   1.08754 -0.161095  0.227948
101.547   1.08756 -0.161099  0.227941
101.548   1.08757 -0.161101  0.227935
101.55   1.08757 -0.161104   0.22793
101.551   1.08758 -0.161107  0.227924
101.552   1.08759 -0.161108  0.227922
101.553   1.08759 -0.161109  0.227919
101.554   1.0876 -0.16111 0.227917
101.555    1.0876 -0.161111  0.227915
101.556    1.0876 -0.161112  0.227914
101.558    1.0876 -0.161112  0.227913
101.559   1.08761 -0.161112  0.227912
101.56   1.08761 -0.161113  0.227911
101.561   1.08781 -0.161152  0.227738
101.562   1.08798 -0.161185  0.227591
101.563   1.08813 -0.161213  0.227466
101.565    1.0883 -0.161247  0.227317
101.566   1.08839 -0.161264  0.227239
101.567   1.08847 -0.161279  0.227174
101.568   1.08853 -0.161291  0.227121
101.569    1.0886 -0.161305  0.227059
101.57   1.08864 -0.161312  0.227027
101.572   1.08867 -0.161318     0.227
101.573    1.0887 -0.161323  0.226978
101.574   1.08873 -0.161329  0.226953
101.575   1.08874 -0.161332   0.22694
101.576   1.08876 -0.161334  0.226929
101.577   1.08877 -0.161336   0.22692
101.579   1.08878 -0.161338   0.22691
101.58  1.08878 -0.16134 0.226905
101.581   1.08879 -0.161341    0.2269
101.582   1.08879 -0.161341  0.226897
101.583    1.0888 -0.161342  0.226893
101.584    1.0888 -0.161343  0.226891
101.586    1.0888 -0.161343  0.226889
101.587    1.0888 -0.161343  0.226888
101.588   1.08881 -0.161344  0.226886
101.589   1.08881 -0.161344  0.226885
101.59   1.08881 -0.161344  0.226884
101.591   1.08881 -0.161344  0.226884
101.592   1.08881 -0.161344  0.226883
101.594    1.0887 -0.161324  0.226972
101.595   1.08852 -0.161289  0.227131
101.596   1.08829 -0.161245  0.227326
101.597   1.08817 -0.161222  0.227429
101.598   1.08807 -0.161202  0.227515
101.599   1.08799 -0.161186  0.227586
101.601   1.08789 -0.161167   0.22767
101.602   1.08784 -0.161158  0.227713
101.603   1.0878 -0.16115 0.227749
101.604   1.08776 -0.161143  0.227778
101.605   1.08772 -0.161135  0.227813
101.606    1.0877 -0.161131  0.227831
101.608   1.08768 -0.161128  0.227845
101.609   1.08767 -0.161125  0.227857
101.61   1.08765 -0.161122  0.227871
101.611  1.08764 -0.16112 0.227879
101.612   1.08764 -0.161119  0.227885
101.613   1.08763 -0.161118   0.22789
101.615   1.08763 -0.161116  0.227895
101.616   1.08762 -0.161116  0.227898
101.617   1.08762 -0.161115  0.227901
101.618   1.08762 -0.161115  0.227903
101.619   1.08761 -0.161114  0.227905
101.62   1.08761 -0.161114  0.227906
101.622   1.08761 -0.161114  0.227907
101.623   1.08761 -0.161113  0.227908
101.624   1.08761 -0.161113  0.227909
101.625   1.08761 -0.161113   0.22791
101.626   1.08761 -0.161113   0.22791
101.627   1.08723 -0.161016  0.228101
101.628   1.08626 -0.160767  0.228592
101.63   1.08574 -0.160632  0.228856
101.631  1.08531 -0.16052 0.229078
101.632   1.08479 -0.160386   0.22934
101.633   1.08452 -0.160316  0.229478
101.634    1.0843 -0.160259  0.229591
101.635   1.08411 -0.160212  0.229684
101.637    1.0839 -0.160156  0.229793
101.638   1.08379 -0.160128   0.22985
101.639    1.0837 -0.160104  0.229896
101.64   1.08362 -0.160085  0.229934
101.641   1.08353 -0.160062  0.229978
101.642  1.08349 -0.16005 0.230001
101.644   1.08345 -0.160041   0.23002
101.645   1.08342 -0.160033  0.230036
101.646   1.08338 -0.160024  0.230054
101.647   1.08337 -0.160019  0.230063
101.648   1.08335 -0.160015  0.230071
101.649   1.08334 -0.160012  0.230077
101.651   1.08332 -0.160008  0.230084
101.652   1.08332 -0.160006  0.230088
101.653   1.08331 -0.160005  0.230091
101.654   1.08331 -0.160004  0.230093
101.655    1.0833 -0.160002  0.230096
101.656    1.0833 -0.160001  0.230098
101.658    1.0833 -0.160001  0.230099
101.659 1.08329   -0.16  0.2301
101.66  1.08329    -0.16 0.230101
101.661   1.08342 -0.160019  0.230081
101.662   1.08353 -0.160036  0.230064
101.663  1.08362 -0.16005  0.23005
101.664   1.08374 -0.160067  0.230032
101.666   1.08379 -0.160076  0.230023
101.667   1.08384 -0.160084  0.230015
101.668  1.08388 -0.16009 0.230009
101.669   1.08393 -0.160097  0.230001
101.67   1.08396 -0.160101  0.229998
101.671   1.08398 -0.160104  0.229994
101.673   1.08399 -0.160107  0.229992
101.674  1.08401 -0.16011 0.229989
101.675   1.08402 -0.160111  0.229987
101.676   1.08403 -0.160112  0.229986
101.677   1.08404 -0.160114  0.229984
101.678   1.08404 -0.160115  0.229983
101.68   1.08405 -0.160115  0.229982
101.681   1.08405 -0.160116  0.229982
101.682   1.08406 -0.160117  0.229981
101.683   1.08406 -0.160117  0.229981
101.684   1.08406 -0.160117   0.22998
101.685   1.08406 -0.160117   0.22998
101.687   1.08406 -0.160118   0.22998
101.688   1.08406 -0.160118   0.22998
101.689   1.08407 -0.160118  0.229979
101.69   1.08407 -0.160118  0.229979
101.691   1.08407 -0.160118  0.229979
101.692   1.08407 -0.160118  0.229979
101.693   1.08407 -0.160118  0.229979
101.695   1.08407 -0.160118  0.229979
101.696   1.08407 -0.160119  0.229979
101.697   1.08407 -0.160118  0.229979
101.698   1.08407 -0.160118  0.229979
101.699   1.08407 -0.160118  0.229979
101.7   1.08407 -0.160118  0.229979
101.702   1.08407 -0.160119  0.229979
101.703   1.08407 -0.160119  0.229979
101.704   1.08407 -0.160119  0.229978
101.705   1.08407 -0.160119  0.229978
101.706   1.08407 -0.160119  0.229978
101.707   1.08407 -0.160119  0.229978
101.709   1.08407 -0.160119  0.229978
101.71   1.08407 -0.160119  0.229978
101.711   1.08407 -0.160119  0.229978
101.712   1.08407 -0.160119  0.229978
101.713   1.08407 -0.160119  0.229978
101.714   1.08407 -0.160119  0.229978
101.716   1.08407 -0.160119  0.229977
101.717   1.08407 -0.160119  0.229977
101.718   1.08407 -0.160119  0.229977
101.719   1.08407 -0.160119  0.229977
101.72   1.08407 -0.160119  0.229977
101.721   1.08407 -0.160119  0.229977
101.723   1.08407 -0.160119  0.229977
101.724   1.08407 -0.160119  0.229977
101.725     1.084 -0.160109  0.229988
101.726  1.08388 -0.16009 0.230008
101.727   1.08373 -0.160067  0.230033
101.728   1.08365 -0.160055  0.230046
101.729   1.08359 -0.160045  0.230056
101.731   1.08354 -0.160037  0.230065
101.731   1.08347 -0.160027  0.230076
101.733   1.08344 -0.160022  0.230081
101.734   1.08341 -0.160018  0.230085
101.735   1.08339 -0.160014  0.230089
101.736  1.08336 -0.16001 0.230093
101.737   1.08335 -0.160008  0.230095
101.738   1.08334 -0.160006  0.230097
101.739   1.08333 -0.160005  0.230098
101.741   1.08332 -0.160004    0.2301
101.742   1.08332 -0.160003  0.230101
101.743   1.08331 -0.160002  0.230101
101.744   1.08331 -0.160001  0.230102
101.745    1.0833 -0.160001  0.230103
101.746    1.0833 -0.160001  0.230103
101.748   1.0833    -0.16 0.230103
101.749   1.0833    -0.16 0.230103
101.75   1.0833    -0.16 0.230104
101.751   1.0833    -0.16 0.230104
101.753   1.0833    -0.16 0.230104
101.754  1.08329    -0.16 0.230104
101.755  1.08329    -0.16 0.230104
101.756   1.08329 -0.159999  0.230104
101.757   1.08329 -0.159999  0.230104
101.759   1.08329 -0.159999  0.230104
101.76   1.08329 -0.159999  0.230104
101.761   1.08329 -0.159999  0.230104
101.762   1.08402 -0.160186  0.229737
101.763   1.08463 -0.160345  0.229423
101.764  1.08516 -0.16048 0.229158
101.766   1.08578 -0.160641  0.228841
101.767   1.08611 -0.160726  0.228675
101.768   1.08638 -0.160796  0.228537
101.769    1.0866 -0.160853  0.228424
101.77  1.08679  -0.1609 0.228331
101.771   1.08694 -0.160939  0.228255
101.773   1.08706 -0.160971  0.228192
101.774   1.08716 -0.160997  0.228141
101.775   1.08728 -0.161027  0.228081
101.776   1.08734 -0.161043   0.22805
101.777   1.08739 -0.161056  0.228025
101.778   1.08743 -0.161067  0.228004
101.779   1.08748 -0.161079  0.227979
101.781    1.0875 -0.161086  0.227967
101.782   1.08752 -0.161091  0.227957
101.783   1.08754 -0.161095  0.227948
101.784  1.08756  -0.1611 0.227938
101.785   1.08757 -0.161103  0.227933
101.786   1.08758 -0.161105  0.227929
101.788   1.08759 -0.161107  0.227925
101.789   1.08759 -0.161109  0.227921
101.79   1.0876 -0.16111 0.227919
101.791   1.08738 -0.161042  0.228016
101.792     1.087 -0.160919   0.22819
101.793  1.08653 -0.16077 0.228403
101.795  1.08628 -0.16069 0.228516
101.796   1.08608 -0.160624   0.22861
101.797   1.0859 -0.16057 0.228687
101.798    1.0857 -0.160505  0.228779
101.799    1.0856 -0.160472  0.228827
101.8   1.08551 -0.160445  0.228866
101.802   1.08544 -0.160422  0.228898
101.803   1.08536 -0.160396  0.228935
101.804   1.08532 -0.160382  0.228955
101.805   1.08528 -0.160371  0.228971
101.806   1.08524 -0.160358  0.228989
101.807   1.08522 -0.160351  0.228999
101.809    1.0852 -0.160345  0.229007
101.81   1.08519 -0.160341  0.229013
101.811   1.08517 -0.160335  0.229021
101.812   1.08516 -0.160333  0.229025
101.813  1.08515 -0.16033 0.229028
101.814   1.08515 -0.160329  0.229031
101.822   1.08515 -0.160328  0.229032
101.823   1.08514 -0.160326  0.229034
101.825   1.08575 -0.160496  0.228674
101.826   1.08628 -0.160642  0.228366
101.827   1.08672 -0.160765  0.228107
101.828    1.0871 -0.160868   0.22789
101.829  1.08754 -0.16099 0.227632
101.83   1.08777 -0.161054  0.227497
101.832   1.08796 -0.161107  0.227386
101.833  1.08811 -0.16115 0.227295
101.834  1.08829  -0.1612 0.227188
101.835   1.08839 -0.161227  0.227133
101.836   1.08847 -0.161248  0.227087
101.837   1.08853 -0.161266   0.22705
101.838    1.0886 -0.161286  0.227006
101.84   1.08864 -0.161297  0.226984
101.841   1.08867 -0.161306  0.226965
101.842    1.0887 -0.161313   0.22695
101.843   1.08873 -0.161321  0.226933
101.844   1.08875 -0.161326  0.226924
101.845   1.08876 -0.161329  0.226916
101.847   1.08877 -0.161332   0.22691
101.848   1.08878 -0.161336  0.226903
101.849   1.08879 -0.161337  0.226899
101.85   1.08879 -0.161339  0.226896
101.851   1.0888 -0.16134 0.226894
101.852    1.0888 -0.161341  0.226891
101.854    1.0888 -0.161342   0.22689
101.855   1.08881 -0.161342  0.226889
101.856   1.08881 -0.161343  0.226888
101.857   1.08881 -0.161343  0.226887
101.858   1.08881 -0.161344  0.226886
101.859   1.08833 -0.161227  0.227165
101.861   1.08748 -0.161019  0.227664
101.862   1.08643 -0.160764  0.228273
101.863   1.08588 -0.160629  0.228598
101.864   1.08541 -0.160516  0.228867
101.865   1.08503 -0.160423  0.229089
101.866   1.08458 -0.160314  0.229351
101.868   1.08435 -0.160257  0.229488
101.869  1.08416 -0.16021   0.2296
101.87     1.084 -0.160172  0.229691
101.871   1.08382 -0.160127  0.229799
101.872   1.08372 -0.160104  0.229855
101.873   1.08364 -0.160084    0.2299
101.874   1.08358 -0.160069  0.229938
101.876    1.0835 -0.160051  0.229981
101.877   1.08346 -0.160041  0.230004
101.878   1.08343 -0.160033  0.230023
101.879   1.08341 -0.160027  0.230038
101.88  1.08338 -0.16002 0.230056
101.881   1.08336 -0.160016  0.230065
101.883   1.08335 -0.160013  0.230072
101.884  1.08334 -0.16001 0.230078
101.885   1.08332 -0.160007  0.230086
101.886   1.08332 -0.160006  0.230089
101.887   1.08331 -0.160004  0.230092
101.888   1.08331 -0.160003  0.230095
101.89    1.0833 -0.160002  0.230098
101.891    1.0833 -0.160001  0.230099
101.892    1.0833 -0.160001    0.2301
101.893    1.0833 -0.160001  0.230101
101.894   1.0833    -0.16 0.230103
101.895  1.08329    -0.16 0.230103
101.897   1.08329 -0.159999  0.230104
101.898   1.08329 -0.159999  0.230104
101.899   1.08329 -0.159999  0.230104
101.9   1.08329 -0.159999  0.230105
101.901   1.08329 -0.159999  0.230105
101.902   1.08329 -0.159999  0.230105
101.904   1.08329 -0.159999  0.230105
101.905   1.08329 -0.159999  0.230105
101.906   1.08329 -0.159999  0.230105
101.907   1.08329 -0.159999  0.230105
101.908   1.08329 -0.159999  0.230105
101.909   1.08329 -0.159999  0.230105
101.91   1.08329 -0.159999  0.230105
101.912   1.08329 -0.159999  0.230105
101.913   1.08329 -0.159999  0.230105
101.914   1.08329 -0.159999  0.230105
101.915   1.08329 -0.159999  0.230105
101.916   1.08329 -0.159999  0.230104
101.917   1.08329 -0.159999  0.230104
101.919   1.08329 -0.159999  0.230104
101.92   1.08329 -0.159999  0.230104
101.921   1.08329 -0.159999  0.230104
101.922   1.08329 -0.159999  0.230104
101.923   1.08329 -0.159999  0.230104
101.924   1.08329 -0.159999  0.230104
101.926   1.08329 -0.159999  0.230104
101.927   1.08377 -0.160116  0.229824
101.928   1.08501 -0.160417  0.229104
101.929  1.08567 -0.16058 0.228715
101.93   1.08623 -0.160715   0.22839
101.931   1.08669 -0.160828  0.228121
101.933   1.08724 -0.160961  0.227803
101.934  1.08752 -0.16103 0.227636
101.935   1.08776 -0.161087    0.2275
101.936   1.08795 -0.161134  0.227388
101.937   1.08818 -0.161189  0.227257
101.938   1.08829 -0.161218  0.227189
101.939   1.08839 -0.161241  0.227133
101.941  1.08847 -0.16126 0.227087
101.942   1.08856 -0.161282  0.227034
101.943    1.0886 -0.161294  0.227006
101.944   1.08864 -0.161303  0.226984
101.945   1.08868 -0.161311  0.226965
101.946  1.08871 -0.16132 0.226943
101.948   1.08873 -0.161325  0.226932
101.949   1.08875 -0.161329  0.226923
101.95   1.08876 -0.161332  0.226916
101.951   1.08878 -0.161335  0.226907
101.952   1.08878 -0.161337  0.226902
101.953   1.08879 -0.161339  0.226899
101.955  1.08879 -0.16134 0.226896
101.956    1.0888 -0.161341  0.226892
101.957    1.0888 -0.161342   0.22689
101.958   1.08881 -0.161343  0.226889
101.959   1.08881 -0.161343  0.226888
101.96   1.08852 -0.161288  0.227136
101.962   1.08836 -0.161258  0.227271
101.963   1.08823 -0.161232  0.227384
101.964   1.08812 -0.161211  0.227479
101.965   1.08799 -0.161186  0.227591
101.966   1.08792 -0.161173  0.227649
101.967   1.08787 -0.161162  0.227697
101.969   1.08782 -0.161153  0.227737
101.97   1.08777 -0.161143  0.227783
101.971   1.08774 -0.161137  0.227807
101.972   1.08772 -0.161133  0.227827
101.973    1.0877 -0.161129  0.227843
101.974   1.08768 -0.161125  0.227862
101.975   1.08766 -0.161123  0.227872
101.977   1.08765 -0.161121   0.22788
101.978   1.08764 -0.161119   0.22789
101.979   1.08764 -0.161118  0.227895
101.98   1.08763 -0.161117  0.227899
101.981   1.08763 -0.161116  0.227902
101.982   1.08762 -0.161115  0.227906
101.984   1.08762 -0.161115  0.227908
101.985   1.08762 -0.161114  0.227909
101.986   1.08762 -0.161114  0.227911
101.987   1.08762 -0.161113  0.227912
101.988   1.08762 -0.161113  0.227913
101.989   1.08761 -0.161113  0.227914
101.991   1.08761 -0.161113  0.227915
101.992   1.08761 -0.161113  0.227915
101.993   1.08761 -0.161113  0.227916
101.994   1.08761 -0.161113  0.227916
101.995   1.08761 -0.161113  0.227916
101.996   1.08761 -0.161113  0.227916
101.998   1.08761 -0.161113  0.227916
101.999   1.08761 -0.161113  0.227917
102   1.08761 -0.161112  0.227917
102.001   1.08761 -0.161112  0.227917
102.002   1.08761 -0.161112  0.227917
102.003   1.08761 -0.161112  0.227917
102.005   1.08761 -0.161112  0.227917
102.006   1.08761 -0.161112  0.227917
102.007   1.08761 -0.161112  0.227917
102.008   1.08761 -0.161112  0.227918
102.009   1.08761 -0.161112  0.227918
102.01   1.08761 -0.161112  0.227918
102.011   1.08761 -0.161112  0.227918
102.013   1.08761 -0.161112  0.227918
102.014   1.08761 -0.161112  0.227918
102.015   1.08761 -0.161112  0.227918
102.016   1.08761 -0.161112  0.227918
102.017   1.08761 -0.161112  0.227918
102.018   1.08761 -0.161112  0.227918
102.02   1.08761 -0.161112  0.227918
102.021   1.08761 -0.161112  0.227918
102.022   1.08761 -0.161112  0.227918
102.023   1.08761 -0.161112  0.227918
102.024   1.08761 -0.161112  0.227918
102.025   1.08761 -0.161112  0.227918
102.027   1.08761 -0.161112  0.227918
102.028   1.08689 -0.160925  0.228285
102.029   1.08599 -0.160695  0.228737
102.03   1.08552 -0.160572  0.228979
102.031  1.08512 -0.16047 0.229181
102.032   1.08479 -0.160385  0.229347
102.034    1.0844 -0.160285  0.229544
102.035    1.0842 -0.160233  0.229647
102.036  1.08404 -0.16019 0.229731
102.037    1.0839 -0.160155    0.2298
102.038   1.08374 -0.160114  0.229881
102.039   1.08366 -0.160093  0.229923
102.041   1.08359 -0.160075  0.229957
102.042   1.08354 -0.160061  0.229985
102.043   1.08347 -0.160044  0.230018
102.044   1.08344 -0.160036  0.230035
102.045   1.08341 -0.160029  0.230049
102.046   1.08339 -0.160023   0.23006
102.047   1.08336 -0.160016  0.230074
102.049   1.08335 -0.160013   0.23008
102.05  1.08334 -0.16001 0.230086
102.051   1.08333 -0.160007  0.230091
102.052   1.08332 -0.160005  0.230096
102.053   1.08331 -0.160003  0.230099
102.054   1.08331 -0.160002  0.230101
102.056    1.0833 -0.160001  0.230103
102.057   1.0833    -0.16 0.230105
102.058    1.0833 -0.159999  0.230106
102.059    1.0833 -0.159999  0.230107
102.06   1.08329 -0.159998  0.230108
102.061   1.08329 -0.159998  0.230109
102.063   1.08329 -0.159998  0.230109
102.064   1.08329 -0.159998   0.23011
102.065   1.08329 -0.159997   0.23011
102.066   1.08329 -0.159997   0.23011
102.067   1.08329 -0.159997   0.23011
102.068   1.08329 -0.159997   0.23011
102.07   1.08329 -0.159997   0.23011
102.071   1.08329 -0.159997   0.23011
102.072   1.08329 -0.159997   0.23011
102.073   1.08329 -0.159997   0.23011
102.074   1.08329 -0.159997   0.23011
102.075   1.08329 -0.159997   0.23011
102.076   1.08329 -0.159997   0.23011
102.078   1.08329 -0.159997   0.23011
102.079   1.08329 -0.159997   0.23011
102.08   1.08329 -0.159997   0.23011
102.081   1.08329 -0.159998   0.23011
102.082   1.08329 -0.159998   0.23011
102.083   1.08329 -0.159998   0.23011
102.084   1.08329 -0.159998   0.23011
102.085   1.08329 -0.159998   0.23011
102.086   1.08329 -0.159998  0.230109
102.088   1.08329 -0.159998  0.230109
102.089   1.08329 -0.159998  0.230109
102.09   1.08329 -0.159998  0.230109
102.091   1.08329 -0.159998  0.230109
102.092   1.08329 -0.159998  0.230109
102.093   1.08421 -0.160223   0.22957
102.095   1.08501 -0.160416  0.229109
102.096   1.08567 -0.160578   0.22872
102.097   1.08647 -0.160773  0.228255
102.098   1.08689 -0.160875   0.22801
102.099   1.08724 -0.160959  0.227808
102.1   1.08752 -0.161029  0.227642
102.102  1.08786 -0.16111 0.227446
102.103   1.08803 -0.161153  0.227345
102.104   1.08817 -0.161187  0.227262
102.105   1.08829 -0.161216  0.227194
102.106   1.08843 -0.161249  0.227114
102.107    1.0885 -0.161266  0.227073
102.108   1.08855 -0.161281  0.227039
102.11    1.0886 -0.161292  0.227011
102.111   1.08866 -0.161306  0.226979
102.112   1.08869 -0.161313  0.226962
102.113   1.08871 -0.161318  0.226949
102.114   1.08873 -0.161323  0.226937
102.115   1.08875 -0.161329  0.226924
102.117   1.08876 -0.161331  0.226918
102.118   1.08877 -0.161334  0.226912
102.119   1.08878 -0.161336  0.226907
102.12   1.08879 -0.161338  0.226902
102.121   1.08879 -0.161339    0.2269
102.122   1.0888 -0.16134 0.226897
102.124    1.0888 -0.161341  0.226896
102.125    1.0888 -0.161341  0.226893
102.126  1.08819 -0.16117 0.227254
102.127   1.08766 -0.161024  0.227562
102.128   1.08722 -0.160901  0.227822
102.129   1.08668 -0.160753  0.228133
102.131    1.0864 -0.160675  0.228297
102.132   1.08617 -0.160611  0.228432
102.133   1.08598 -0.160558  0.228544
102.134   1.08576 -0.160496  0.228674
102.135   1.08564 -0.160464  0.228742
102.136   1.08555 -0.160438  0.228798
102.138   1.08547 -0.160416  0.228843
102.139   1.08538 -0.160391  0.228897
102.14   1.08533 -0.160378  0.228924
102.141   1.08529 -0.160367  0.228947
102.142   1.08526 -0.160358  0.228966
102.143   1.08522 -0.160348  0.228987
102.144    1.0852 -0.160343  0.228999
102.146   1.08519 -0.160338  0.229008
102.147   1.08518 -0.160335  0.229015
102.148  1.08516 -0.16033 0.229024
102.149   1.08515 -0.160328  0.229029
102.15   1.08515 -0.160326  0.229032
102.151   1.08514 -0.160325  0.229036
102.153   1.08514 -0.160323  0.229039
102.154   1.08513 -0.160322  0.229041
102.155   1.08513 -0.160322  0.229042
102.156   1.08513 -0.160321  0.229044
102.157   1.08513 -0.160321  0.229045
102.158  1.08512 -0.16032 0.229046
102.16  1.08512 -0.16032 0.229046
102.161  1.08512 -0.16032 0.229047
102.162   1.08481 -0.160266  0.229225
102.163   1.08455 -0.160219  0.229377
102.164   1.08433 -0.160181  0.229506
102.165   1.08415 -0.160148  0.229613
102.167  1.08393 -0.16011  0.22974
102.168   1.08381 -0.160089  0.229807
102.169   1.08372 -0.160073  0.229861
102.17   1.08364 -0.160059  0.229906
102.171   1.08355 -0.160043  0.229959
102.172    1.0835 -0.160035  0.229987
102.174   1.08346 -0.160028  0.230009
102.175   1.08343 -0.160023  0.230027
102.176    1.0834 -0.160016  0.230049
102.177   1.08338 -0.160013   0.23006
102.178  1.08336 -0.16001 0.230069
102.179   1.08335 -0.160008  0.230076
102.18   1.08333 -0.160005  0.230085
102.182   1.08333 -0.160004   0.23009
102.183   1.08332 -0.160003  0.230093
102.184   1.08331 -0.160002  0.230096
102.185   1.08331 -0.160001    0.2301
102.186   1.0833    -0.16 0.230101
102.187   1.0833    -0.16 0.230103
102.189   1.0833    -0.16 0.230104
102.19    1.0833 -0.159999  0.230105
102.191    1.0833 -0.159999  0.230106
102.192    1.0833 -0.159999  0.230107
102.193   1.08402 -0.160185   0.22974
102.194   1.08491 -0.160415  0.229289
102.196   1.08538 -0.160538  0.229047
102.197  1.08578 -0.16064 0.228846
102.198   1.08611 -0.160725  0.228679
102.199    1.0865 -0.160825  0.228483
102.2    1.0867 -0.160877   0.22838
102.201  1.08686 -0.16092 0.228296
102.203     1.087 -0.160955  0.228227
102.204   1.08716 -0.160996  0.228147
102.205   1.08724 -0.161017  0.228105
102.206   1.08731 -0.161034   0.22807
102.207   1.08736 -0.161049  0.228042
102.208   1.08743 -0.161065  0.228009
102.21   1.08746 -0.161074  0.227992
102.211   1.08749 -0.161081  0.227978
102.212   1.08751 -0.161087  0.227967
102.213   1.08754 -0.161094  0.227954
102.214   1.08755 -0.161097  0.227947
102.215  1.08756  -0.1611 0.227941
102.217   1.08757 -0.161103  0.227936
102.218   1.08758 -0.161105  0.227931
102.219   1.08759 -0.161107  0.227928
102.22   1.08759 -0.161108  0.227926
102.221    1.0876 -0.161109  0.227924
102.222   1.0876 -0.16111 0.227922
102.223   1.0876 -0.16111 0.227921
102.225   1.08761 -0.161111   0.22792
102.226   1.08761 -0.161111   0.22792
102.227   1.08761 -0.161111   0.22792
102.228   1.08761 -0.161112   0.22792
102.229   1.08761 -0.161112   0.22792
102.23   1.08761 -0.161112  0.227921
102.232   1.08761 -0.161112  0.227921
102.233   1.08761 -0.161112  0.227921
102.234   1.08761 -0.161112  0.227921
102.235   1.08761 -0.161112  0.227921
102.236   1.08761 -0.161112  0.227921
102.237   1.08761 -0.161112  0.227921
102.239   1.08761 -0.161112  0.227921
102.24   1.08761 -0.161112  0.227921
102.241   1.08761 -0.161112  0.227921
102.242   1.08761 -0.161112  0.227921
102.243   1.08761 -0.161112  0.227921
102.244   1.08761 -0.161112  0.227921
102.246   1.08761 -0.161112  0.227922
102.247   1.08761 -0.161112  0.227922
102.248   1.08761 -0.161111  0.227922
102.249   1.08761 -0.161111  0.227922
102.25   1.08761 -0.161111  0.227922
102.251   1.08761 -0.161111  0.227922
102.252   1.08761 -0.161111  0.227922
102.254   1.08761 -0.161111  0.227922
102.255   1.08761 -0.161111  0.227922
102.256   1.08761 -0.161111  0.227922
102.257   1.08761 -0.161111  0.227922
102.258   1.08761 -0.161111  0.227922
102.259   1.08689 -0.160925  0.228289
102.261   1.08627 -0.160765  0.228603
102.262   1.08575 -0.160631  0.228867
102.263   1.08531 -0.160518  0.229088
102.264   1.08479 -0.160385  0.229351
102.265   1.08452 -0.160315  0.229489
102.266    1.0843 -0.160257  0.229602
102.268  1.08412 -0.16021 0.229695
102.269    1.0839 -0.160155  0.229803
102.27   1.08379 -0.160126   0.22986
102.271    1.0837 -0.160103  0.229906
102.272   1.08359 -0.160075  0.229961
102.273   1.08354 -0.160061  0.229989
102.275   1.08349 -0.160049  0.230012
102.276   1.08345 -0.160039  0.230031
102.277   1.08341 -0.160028  0.230053
102.278   1.08339 -0.160022  0.230064
102.279   1.08337 -0.160018  0.230073
102.28   1.08336 -0.160014  0.230081
102.282   1.08334 -0.160009   0.23009
102.283   1.08333 -0.160007  0.230094
102.284   1.08332 -0.160005  0.230098
102.285   1.08332 -0.160003  0.230101
102.286   1.08331 -0.160002  0.230105
102.287    1.0833 -0.160001  0.230107
102.289   1.0833    -0.16 0.230108
102.29    1.0833 -0.159999  0.230109
102.291    1.0833 -0.159999  0.230111
102.292   1.08329 -0.159998  0.230111
102.293   1.08342 -0.160018  0.230092
102.294   1.08353 -0.160035  0.230075
102.295   1.08367 -0.160055  0.230054
102.297   1.08374 -0.160066  0.230043
102.298    1.0838 -0.160075  0.230033
102.299   1.08385 -0.160082  0.230026
102.3    1.0839 -0.160091  0.230017
102.301   1.08393 -0.160096  0.230012
102.302   1.08396 -0.160099  0.230008
102.304   1.08398 -0.160103  0.230005
102.305     1.084 -0.160106  0.230001
102.306   1.08402 -0.160108  0.229999
102.307  1.08403 -0.16011 0.229998
102.308   1.08403 -0.160111  0.229996
102.309   1.08404 -0.160112  0.229995
102.311   1.08405 -0.160113  0.229994
102.312   1.08405 -0.160114  0.229993
102.313   1.08406 -0.160114  0.229993
102.314   1.08406 -0.160115  0.229992
102.315   1.08406 -0.160115  0.229991
102.316   1.08406 -0.160116  0.229991
102.318   1.08407 -0.160116  0.229991
102.319   1.08407 -0.160116  0.229991
102.32   1.08407 -0.160116   0.22999
102.321   1.08407 -0.160116   0.22999
102.322   1.08407 -0.160116   0.22999
102.323   1.08407 -0.160117   0.22999
102.324   1.08407 -0.160117   0.22999
102.326   1.08407 -0.160117   0.22999
102.327   1.08407 -0.160117   0.22999
102.328     1.084 -0.160106      0.23
102.329   1.08388 -0.160088   0.23002
102.33   1.08378 -0.160072  0.230036
102.331   1.08366 -0.160053  0.230055
102.333   1.08359 -0.160043  0.230066
102.334   1.08354 -0.160035  0.230074
102.335   1.08349 -0.160028  0.230081
102.336  1.08344 -0.16002 0.230089
102.337   1.08341 -0.160016  0.230093
102.338   1.08339 -0.160013  0.230097
102.34  1.08337 -0.16001   0.2301
102.341   1.08335 -0.160007  0.230103
102.342   1.08334 -0.160005  0.230105
102.343   1.08333 -0.160004  0.230106
102.344   1.08333 -0.160003  0.230107
102.345   1.08332 -0.160001  0.230108
102.347   1.08331 -0.160001  0.230109
102.348  1.08331    -0.16 0.230109
102.349 1.08331   -0.16 0.23011
102.35    1.0833 -0.159999   0.23011
102.351    1.0833 -0.159999  0.230111
102.352    1.0833 -0.159999  0.230111
102.354    1.0833 -0.159999  0.230111
102.355    1.0833 -0.159998  0.230111
102.356    1.0833 -0.159998  0.230111
102.357    1.0833 -0.159998  0.230111
102.358    1.0833 -0.159998  0.230111
102.359    1.0833 -0.159998  0.230111
102.36   1.08343 -0.160018  0.230091
102.362   1.08354 -0.160035  0.230073
102.363  1.08363 -0.16005 0.230058
102.364   1.08374 -0.160067   0.23004
102.365    1.0838 -0.160076  0.230031
102.366   1.08385 -0.160083  0.230023
102.367  1.08389 -0.16009 0.230017
102.369   1.08394 -0.160097  0.230009
102.37   1.08396 -0.160101  0.230005
102.371   1.08398 -0.160104  0.230002
102.372     1.084 -0.160106  0.229999
102.373   1.08402 -0.160109  0.229996
102.374   1.08403 -0.160111  0.229994
102.376   1.08404 -0.160112  0.229993
102.377   1.08405 -0.160113  0.229992
102.378   1.08405 -0.160115  0.229991
102.379   1.08406 -0.160115   0.22999
102.38   1.08406 -0.160116  0.229989
102.381   1.08406 -0.160116  0.229989
102.383   1.08407 -0.160117  0.229988
102.384   1.08407 -0.160117  0.229988
102.385   1.08407 -0.160117  0.229988
102.386   1.08407 -0.160117  0.229987
102.387   1.08407 -0.160118  0.229987
102.388   1.08407 -0.160118  0.229987
102.39   1.08407 -0.160118  0.229987
102.391   1.08407 -0.160118  0.229987
102.392   1.08408 -0.160118  0.229987
102.393   1.08394 -0.160098  0.230007
102.394   1.08383 -0.160081  0.230025
102.395   1.0837 -0.16006 0.230047
102.396   1.08363 -0.160049  0.230058
102.398  1.08357 -0.16004 0.230067
102.399   1.08352 -0.160033  0.230075
102.4   1.08346 -0.160024  0.230084
102.401   1.08343 -0.160019  0.230088
102.402   1.08341 -0.160016  0.230092
102.403   1.08339 -0.160013  0.230095
102.405   1.08336 -0.160009  0.230099
102.406   1.08335 -0.160007  0.230101
102.407   1.08334 -0.160006  0.230102
102.408   1.08333 -0.160004  0.230104
102.409   1.08332 -0.160003  0.230105
102.41   1.08332 -0.160002  0.230106
102.412   1.08332 -0.160002  0.230106
102.413   1.08331 -0.160001  0.230107
102.414   1.08331 -0.160001  0.230107
102.415  1.08331    -0.16 0.230108
102.416  1.08331    -0.16 0.230108
102.417   1.0833    -0.16 0.230108
102.419   1.0833    -0.16 0.230108
102.42   1.0833    -0.16 0.230108
102.421   1.0833    -0.16 0.230108
102.422    1.0833 -0.159999  0.230108
102.423    1.0833 -0.159999  0.230108
102.424    1.0833 -0.159999  0.230108
102.425    1.0833 -0.159999  0.230108
102.427    1.0833 -0.159999  0.230108
102.428    1.0833 -0.159999  0.230109
102.429    1.0833 -0.159999  0.230109
102.43    1.0833 -0.159999  0.230109
102.431    1.0833 -0.159999  0.230109
102.432    1.0833 -0.159999  0.230109
102.433    1.0833 -0.159999  0.230109
102.434    1.0833 -0.159999  0.230109
102.435    1.0833 -0.159999  0.230108
102.437    1.0833 -0.159999  0.230108
102.438    1.0833 -0.159999  0.230108
102.439    1.0833 -0.159999  0.230108
102.44    1.0833 -0.159999  0.230108
102.441    1.0833 -0.159999  0.230108
102.442    1.0833 -0.159999  0.230108
102.444    1.0833 -0.159999  0.230108
102.445    1.0833 -0.159999  0.230108
102.446   1.0833    -0.16 0.230108
102.447   1.0833    -0.16 0.230108
102.448   1.0833    -0.16 0.230108
102.449   1.0833    -0.16 0.230108
102.451   1.0833    -0.16 0.230108
102.452   1.0833    -0.16 0.230108
102.453   1.0833    -0.16 0.230108
102.454   1.0833    -0.16 0.230108
102.455   1.0833    -0.16 0.230108
102.456   1.0833    -0.16 0.230107
102.458   1.08368 -0.160096  0.229917
102.459   1.08464 -0.160346  0.229427
102.46  1.08516 -0.16048 0.229162
102.461    1.0856 -0.160593  0.228941
102.462   1.08596 -0.160686  0.228758
102.463   1.08639 -0.160796  0.228541
102.464   1.08661 -0.160854  0.228428
102.466   1.08679 -0.160901  0.228335
102.467   1.08694 -0.160939  0.228259
102.468   1.08712 -0.160985  0.228169
102.469   1.08721 -0.161008  0.228123
102.47   1.08729 -0.161028  0.228085
102.471   1.08735 -0.161043  0.228054
102.473   1.08742 -0.161062  0.228018
102.474   1.08746 -0.161072  0.227999
102.475   1.08749 -0.161079  0.227983
102.476   1.08751 -0.161086  0.227971
102.477   1.08754 -0.161093  0.227956
102.478   1.08756 -0.161097  0.227948
102.48  1.08757  -0.1611 0.227942
102.481   1.08758 -0.161103  0.227937
102.482   1.08759 -0.161106  0.227931
102.483    1.0876 -0.161107  0.227928
102.484    1.0876 -0.161109  0.227926
102.485  1.08761 -0.16111 0.227923
102.487   1.08761 -0.161111  0.227921
102.488   1.08761 -0.161112   0.22792
102.489   1.08761 -0.161112  0.227919
102.49   1.08762 -0.161113  0.227918
102.491   1.08762 -0.161113  0.227917
102.492   1.08772 -0.161133  0.227828
102.494   1.08791 -0.161169  0.227668
102.495   1.08814 -0.161213  0.227474
102.496   1.08826 -0.161236  0.227371
102.497   1.08836 -0.161256  0.227285
102.498   1.08844 -0.161272  0.227214
102.499  1.08854 -0.16129 0.227131
102.5  1.08859  -0.1613 0.227088
102.502   1.08863 -0.161308  0.227052
102.503   1.08867 -0.161315  0.227023
102.504   1.08871 -0.161322  0.226989
102.505   1.08873 -0.161326  0.226972
102.506  1.08875 -0.16133 0.226957
102.507   1.08876 -0.161332  0.226945
102.509   1.08878 -0.161335  0.226931
102.51   1.08878 -0.161337  0.226924
102.511   1.08879 -0.161338  0.226919
102.512    1.0888 -0.161339  0.226914
102.513   1.0888 -0.16134 0.226908
102.514   1.08881 -0.161341  0.226905
102.516   1.08881 -0.161342  0.226903
102.517   1.08881 -0.161342  0.226901
102.518   1.08881 -0.161342  0.226899
102.519   1.08881 -0.161343  0.226898
102.52   1.08882 -0.161343  0.226897
102.521   1.08882 -0.161343  0.226896
102.523   1.08882 -0.161343  0.226896
102.524   1.08882 -0.161343  0.226895
102.525   1.08882 -0.161343  0.226895
102.526   1.08882 -0.161343  0.226895
102.527   1.08862 -0.161305  0.227066
102.528   1.08845 -0.161272  0.227213
102.53    1.0883 -0.161244  0.227337
102.531  1.08813 -0.16121 0.227486
102.532   1.08804 -0.161193  0.227564
102.533   1.08796 -0.161178  0.227628
102.534    1.0879 -0.161166  0.227682
102.535   1.08782 -0.161152  0.227744
102.536   1.08779 -0.161145  0.227776
102.538   1.08776 -0.161139  0.227803
102.539   1.08773 -0.161134  0.227825
102.54    1.0877 -0.161128  0.227851
102.541   1.08768 -0.161125  0.227864
102.542   1.08767 -0.161123  0.227875
102.543   1.08766 -0.161121  0.227884
102.545   1.08765 -0.161118  0.227894
102.546   1.08764 -0.161117    0.2279
102.547   1.08764 -0.161116  0.227904
102.548   1.08763 -0.161115  0.227908
102.549   1.08763 -0.161114  0.227912
102.55   1.08763 -0.161114  0.227914
102.552   1.08762 -0.161113  0.227916
102.553   1.08762 -0.161113  0.227917
102.554   1.08762 -0.161112  0.227919
102.555   1.08762 -0.161112   0.22792
102.556   1.08762 -0.161112  0.227921
102.557   1.08762 -0.161112  0.227922
102.559   1.08762 -0.161112  0.227922
102.56   1.08689 -0.160925   0.22829
102.561   1.08627 -0.160765  0.228604
102.562   1.08575 -0.160631  0.228869
102.563  1.08513 -0.16047 0.229186
102.564    1.0848 -0.160385  0.229353
102.566   1.08453 -0.160315   0.22949
102.567    1.0843 -0.160258  0.229604
102.568  1.08404 -0.16019 0.229737
102.569   1.08391 -0.160155  0.229806
102.57   1.08379 -0.160126  0.229862
102.571    1.0837 -0.160102  0.229909
102.572    1.0836 -0.160075  0.229963
102.574   1.08354 -0.160061  0.229991
102.575   1.08349 -0.160049  0.230014
102.576   1.08344 -0.160035  0.230041
102.577   1.08341 -0.160028  0.230055
102.578   1.08339 -0.160022  0.230066
102.579   1.08337 -0.160018  0.230076
102.581   1.08335 -0.160012  0.230087
102.582   1.08334 -0.160009  0.230092
102.583   1.08333 -0.160007  0.230097
102.584   1.08332 -0.160005  0.230101
102.585   1.08332 -0.160003  0.230105
102.586   1.08331 -0.160001  0.230107
102.588   1.08331 -0.160001  0.230109
102.589   1.0833    -0.16 0.230111
102.59    1.0833 -0.159999  0.230112
102.591    1.0833 -0.159998  0.230113
102.592    1.0833 -0.159998  0.230114
102.593    1.0833 -0.159998  0.230115
102.595   1.08329 -0.159997  0.230116
102.596   1.08329 -0.159997  0.230116
102.597   1.08329 -0.159997  0.230116
102.598   1.08329 -0.159997  0.230117
102.599   1.08329 -0.159997  0.230117
102.6   1.08329 -0.159997  0.230117
102.602   1.08329 -0.159997  0.230117
102.603   1.08329 -0.159997  0.230117
102.604   1.08329 -0.159997  0.230117
102.605   1.08329 -0.159997  0.230117
102.606   1.08329 -0.159997  0.230117
102.607   1.08329 -0.159997  0.230117
102.608   1.08329 -0.159997  0.230117
102.61   1.08329 -0.159997  0.230117
102.611   1.08329 -0.159997  0.230117
102.612   1.08329 -0.159997  0.230117
102.613   1.08329 -0.159997  0.230116
102.614   1.08329 -0.159997  0.230116
102.615   1.08329 -0.159997  0.230116
102.617   1.08329 -0.159997  0.230116
102.618   1.08329 -0.159997  0.230116
102.619   1.08329 -0.159997  0.230116
102.62   1.08329 -0.159997  0.230116
102.621   1.08329 -0.159997  0.230116
102.622   1.08329 -0.159997  0.230116
102.624   1.08329 -0.159997  0.230116
102.625   1.08329 -0.159997  0.230116
102.626   1.08336 -0.160007  0.230105
102.627   1.08348 -0.160026  0.230086
102.628   1.08358 -0.160042   0.23007
102.629   1.08367 -0.160055  0.230056
102.631   1.08377 -0.160071   0.23004
102.632   1.08383 -0.160079  0.230031
102.633   1.08387 -0.160086  0.230024
102.634   1.08391 -0.160091  0.230018
102.635   1.08395 -0.160098  0.230011
102.636   1.08397 -0.160101  0.230008
102.638   1.08399 -0.160104  0.230005
102.639   1.08401 -0.160107  0.230002
102.64   1.08403 -0.160109      0.23
102.641   1.08403 -0.160111  0.229998
102.642   1.08404 -0.160112  0.229997
102.643   1.08405 -0.160113  0.229996
102.644   1.08406 -0.160114  0.229995
102.646   1.08406 -0.160115  0.229994
102.647   1.08406 -0.160115  0.229994
102.648   1.08407 -0.160115  0.229993
102.649   1.08407 -0.160116  0.229993
102.65   1.08407 -0.160116  0.229992
102.651   1.08407 -0.160116  0.229992
102.653   1.08407 -0.160117  0.229992
102.654   1.08407 -0.160117  0.229992
102.655   1.08407 -0.160117  0.229991
102.656   1.08407 -0.160117  0.229991
102.657   1.08407 -0.160117  0.229991
102.658   1.08408 -0.160117  0.229991
102.66   1.08408 -0.160117  0.229991
102.661   1.08408 -0.160117  0.229991
102.662   1.08408 -0.160117  0.229991
102.663   1.08408 -0.160117  0.229991
102.664   1.08408 -0.160117  0.229991
102.665   1.08408 -0.160117  0.229991
102.667   1.08408 -0.160117  0.229991
102.668   1.08408 -0.160117  0.229991
102.669   1.08408 -0.160117  0.229991
102.67   1.08408 -0.160117  0.229991
102.671   1.08408 -0.160117  0.229991
102.672   1.08408 -0.160118   0.22999
102.673   1.08408 -0.160118   0.22999
102.675   1.08408 -0.160118   0.22999
102.676   1.08408 -0.160118   0.22999
102.677   1.08408 -0.160118   0.22999
102.678   1.08408 -0.160118   0.22999
102.679   1.08408 -0.160118   0.22999
102.68   1.08408 -0.160118   0.22999
102.682   1.08408 -0.160118   0.22999
102.683   1.08408 -0.160118   0.22999
102.684   1.08408 -0.160118   0.22999
102.685   1.08408 -0.160118   0.22999
102.686   1.08408 -0.160118   0.22999
102.687   1.08408 -0.160118   0.22999
102.689   1.08408 -0.160118   0.22999
102.69   1.08408 -0.160118   0.22999
102.691   1.08408 -0.160118   0.22999
102.692   1.08408 -0.160118   0.22999
102.693   1.08401 -0.160107      0.23
102.694   1.08389 -0.160089   0.23002
102.696   1.08379 -0.160073  0.230036
102.697   1.0837 -0.16006  0.23005
102.698    1.0836 -0.160044  0.230066
102.699   1.08354 -0.160036  0.230074
102.7    1.0835 -0.160029  0.230081
102.701   1.08346 -0.160024  0.230087
102.703   1.08342 -0.160017  0.230094
102.704    1.0834 -0.160014  0.230097
102.705   1.08338 -0.160011    0.2301
102.706   1.08337 -0.160009  0.230102
102.707   1.08335 -0.160006  0.230105
102.708   1.08334 -0.160005  0.230106
102.709   1.08333 -0.160004  0.230107
102.711   1.08333 -0.160003  0.230108
102.712   1.08332 -0.160002  0.230109
102.713   1.08332 -0.160001   0.23011
102.714   1.08331 -0.160001   0.23011
102.715  1.08331    -0.16 0.230111
102.716  1.08331    -0.16 0.230111
102.718  1.08331    -0.16 0.230111
102.719    1.0833 -0.159999  0.230111
102.72    1.0833 -0.159999  0.230112
102.721    1.0833 -0.159999  0.230112
102.722    1.0833 -0.159999  0.230112
102.723    1.0833 -0.159999  0.230112
102.725    1.0833 -0.159999  0.230112
102.726    1.0833 -0.159999  0.230112
102.727   1.08368 -0.160096  0.229922
102.728   1.08435 -0.160268  0.229583
102.729   1.08516 -0.160479  0.229169
102.73    1.0856 -0.160591  0.228948
102.732   1.08596 -0.160684  0.228766
102.733   1.08626 -0.160761  0.228615
102.734   1.08661 -0.160852  0.228437
102.735   1.08679 -0.160899  0.228344
102.736   1.08694 -0.160938  0.228268
102.737   1.08707 -0.160969  0.228206
102.739   1.08721 -0.161006  0.228133
102.74   1.08728 -0.161026  0.228095
102.741   1.08735 -0.161042  0.228064
102.742    1.0874 -0.161054  0.228038
102.743  1.08745 -0.16107 0.228009
102.744   1.08748 -0.161077  0.227993
102.745   1.08751 -0.161084  0.227981
102.747   1.08753 -0.161089  0.227971
102.748   1.08755 -0.161095  0.227958
102.749   1.08757 -0.161098  0.227952
102.75   1.08758 -0.161102  0.227945
102.752   1.08759 -0.161104  0.227941
102.753   1.08759 -0.161105  0.227938
102.754    1.0876 -0.161107  0.227935
102.755    1.0876 -0.161108  0.227933
102.756   1.08761 -0.161109  0.227931
102.758  1.08761 -0.16111  0.22793
102.759  1.08761 -0.16111 0.227929
102.76  1.08761 -0.16111 0.227928
102.761   1.08761 -0.161111  0.227928
102.762    1.0872 -0.160978  0.228116
102.763   1.08669 -0.160815  0.228349
102.765   1.08641 -0.160728  0.228474
102.766   1.08618 -0.160655  0.228577
102.767   1.08599 -0.160595  0.228663
102.768   1.08584 -0.160545  0.228734
102.769   1.08571 -0.160504  0.228792
102.77   1.0856 -0.16047  0.22884
102.772   1.08552 -0.160443  0.228879
102.773   1.08542 -0.160411  0.228925
102.774   1.08536 -0.160394  0.228949
102.775  1.08532 -0.16038 0.228969
102.776   1.08529 -0.160369  0.228985
102.777   1.08524 -0.160356  0.229004
102.779   1.08522 -0.160349  0.229014
102.78   1.08521 -0.160343  0.229022
102.781   1.08519 -0.160339  0.229028
102.782   1.08517 -0.160333  0.229036
102.783   1.08517 -0.160331   0.22904
102.784   1.08516 -0.160328  0.229043
102.785   1.08515 -0.160326  0.229046
102.786   1.08515 -0.160324  0.229049
102.787   1.08514 -0.160323   0.22905
102.788   1.08514 -0.160322  0.229052
102.79   1.08514 -0.160321  0.229053
102.791   1.08513 -0.160321  0.229054
102.792   1.08535 -0.160389  0.228956
102.793   1.08573 -0.160512  0.228781
102.794   1.08606 -0.160616  0.228633
102.795   1.08646 -0.160741  0.228454
102.797   1.08666 -0.160807   0.22836
102.798   1.08683 -0.160862  0.228282
102.799   1.08698 -0.160907  0.228218
102.8  1.08714 -0.16096 0.228142
102.801   1.08723 -0.160987  0.228103
102.802   1.0873 -0.16101 0.228071
102.804   1.08736 -0.161028  0.228045
102.805  1.08742 -0.16105 0.228014
102.806   1.08746 -0.161061  0.227998
102.807  1.08749 -0.16107 0.227985
102.808   1.08751 -0.161078  0.227974
102.809   1.08754 -0.161087  0.227962
102.811   1.08755 -0.161091  0.227955
102.812   1.08757 -0.161095   0.22795
102.813   1.08757 -0.161098  0.227946
102.814   1.08759 -0.161102  0.227941
102.815   1.08759 -0.161103  0.227938
102.816    1.0876 -0.161105  0.227936
102.818    1.0876 -0.161106  0.227934
102.819    1.0876 -0.161108  0.227932
102.82   1.08761 -0.161108  0.227931
102.821   1.08761 -0.161109   0.22793
102.822  1.08761 -0.16111 0.227929
102.823  1.08761 -0.16111 0.227929
102.825  1.08761 -0.16111 0.227929
102.826  1.08761 -0.16111 0.227928
102.827   1.08724 -0.161014  0.228118
102.828   1.08657 -0.160841  0.228458
102.829     1.086 -0.160695  0.228746
102.83   1.08552 -0.160572  0.228988
102.831   1.08496 -0.160425  0.229277
102.833   1.08466 -0.160348  0.229428
102.834   1.08441 -0.160285  0.229553
102.835   1.08421 -0.160233  0.229655
102.836   1.08397 -0.160172  0.229776
102.837  1.08385 -0.16014 0.229838
102.838   1.08375 -0.160114  0.229889
102.84   1.08367 -0.160092  0.229931
102.841   1.08357 -0.160067   0.22998
102.842   1.08352 -0.160055  0.230006
102.843   1.08348 -0.160044  0.230027
102.844   1.08344 -0.160035  0.230044
102.845   1.08341 -0.160025  0.230064
102.847  1.08339 -0.16002 0.230074
102.848   1.08337 -0.160016  0.230082
102.849   1.08336 -0.160012  0.230089
102.85   1.08334 -0.160008  0.230097
102.851   1.08333 -0.160006  0.230101
102.852   1.08332 -0.160004  0.230105
102.854   1.08332 -0.160002  0.230109
102.855   1.08331 -0.160001  0.230111
102.856  1.08331    -0.16 0.230113
102.857  1.08331    -0.16 0.230114
102.858    1.0833 -0.159999  0.230115
102.859    1.0833 -0.159998  0.230116
102.861    1.0833 -0.159998  0.230117
102.862    1.0833 -0.159998  0.230118
102.863    1.0833 -0.159997  0.230118
102.864    1.0833 -0.159997  0.230119
102.865    1.0833 -0.159997  0.230119
102.866    1.0833 -0.159997  0.230119
102.868    1.0833 -0.159997  0.230119
102.869    1.0833 -0.159997  0.230119
102.87    1.0833 -0.159997  0.230119
102.871    1.0833 -0.159997  0.230119
102.872    1.0833 -0.159997  0.230119
102.873    1.0833 -0.159997  0.230119
102.874    1.0833 -0.159997  0.230119
102.876    1.0833 -0.159997  0.230119
102.877    1.0833 -0.159997  0.230119
102.878    1.0833 -0.159997  0.230119
102.879    1.0833 -0.159997  0.230119
102.88    1.0833 -0.159997  0.230119
102.881    1.0833 -0.159997  0.230119
102.883    1.0833 -0.159997  0.230119
102.884    1.0833 -0.159997  0.230119
102.885    1.0833 -0.159997  0.230119
102.886    1.0833 -0.159997  0.230119
102.887    1.0833 -0.159997  0.230119
102.888    1.0833 -0.159997  0.230119
102.89    1.0833 -0.159997  0.230119
102.891    1.0833 -0.159997  0.230119
102.892   1.08402 -0.160184  0.229752
102.893   1.08464 -0.160343  0.229438
102.894   1.08539 -0.160536  0.229058
102.895   1.08578 -0.160639  0.228856
102.897   1.08611 -0.160723   0.22869
102.898   1.08638 -0.160793  0.228552
102.899    1.0867 -0.160876   0.22839
102.9   1.08687 -0.160918  0.228306
102.901     1.087 -0.160953  0.228237
102.902   1.08712 -0.160982  0.228181
102.904   1.08725 -0.161016  0.228115
102.905   1.08731 -0.161033   0.22808
102.906   1.08737 -0.161048  0.228052
102.907   1.08741 -0.161059  0.228029
102.908   1.08747 -0.161073  0.228002
102.909   1.0875 -0.16108 0.227988
102.91   1.08752 -0.161086  0.227977
102.912   1.08754 -0.161091  0.227967
102.913   1.08756 -0.161096  0.227957
102.914   1.08757 -0.161099  0.227951
102.915   1.08758 -0.161101  0.227946
102.916   1.08759 -0.161103  0.227943
102.917   1.08759 -0.161106  0.227938
102.919    1.0876 -0.161107  0.227936
102.92    1.0876 -0.161108  0.227934
102.921   1.08761 -0.161108  0.227933
102.922   1.08761 -0.161109  0.227931
102.923  1.08761 -0.16111  0.22793
102.924  1.08761 -0.16111 0.227929
102.926  1.08761 -0.16111 0.227929
102.927   1.08724 -0.161014  0.228118
102.928   1.08657 -0.160841  0.228458
102.929     1.086 -0.160695  0.228746
102.93   1.08553 -0.160572  0.228988
102.931   1.08496 -0.160425  0.229276
102.933   1.08466 -0.160348  0.229428
102.934   1.08441 -0.160285  0.229552
102.935   1.08421 -0.160233  0.229655
102.936   1.08397 -0.160172  0.229775
102.937  1.08385 -0.16014 0.229837
102.938   1.08375 -0.160114  0.229889
102.94   1.08363 -0.160084  0.229948
102.941   1.08357 -0.160068   0.22998
102.942   1.08352 -0.160055  0.230005
102.943   1.08348 -0.160044  0.230026
102.944   1.08343 -0.160032   0.23005
102.945   1.08341 -0.160025  0.230063
102.946  1.08339 -0.16002 0.230073
102.948   1.08337 -0.160016  0.230082
102.949   1.08335 -0.160011  0.230091
102.95   1.08334 -0.160008  0.230097
102.951   1.08333 -0.160006  0.230101
102.952   1.08333 -0.160004  0.230104
102.953   1.08332 -0.160002  0.230108
102.955   1.08331 -0.160001   0.23011
102.956   1.08331 -0.160001  0.230112
102.957  1.08331    -0.16 0.230113
102.958    1.0833 -0.159999  0.230115
102.959   1.08361 -0.160052  0.229938
102.96   1.08387 -0.160098  0.229787
102.962   1.08409 -0.160136  0.229659
102.963   1.08435 -0.160182  0.229507
102.964   1.08449 -0.160207  0.229426
102.965    1.0846 -0.160227   0.22936
102.966    1.0847 -0.160243  0.229306
102.967   1.08481 -0.160262  0.229242
102.969   1.08487 -0.160273  0.229208
102.97   1.08491 -0.160281  0.229181
102.971   1.08495 -0.160288  0.229159
102.972     1.085 -0.160295  0.229132
102.973  1.08502  -0.1603 0.229119
102.974   1.08504 -0.160303  0.229108
102.976   1.08506 -0.160306  0.229099
102.977   1.08507 -0.160309  0.229088
102.978   1.08508 -0.160311  0.229082
102.979   1.08509 -0.160312  0.229078
102.98    1.0851 -0.160314  0.229073
102.981   1.08511 -0.160314   0.22907
102.982   1.08511 -0.160315  0.229068
102.984   1.08511 -0.160316  0.229066
102.985   1.08512 -0.160316  0.229064
102.986   1.08512 -0.160317  0.229063
102.987   1.08512 -0.160317  0.229062
102.988   1.08512 -0.160317  0.229061
102.989   1.08512 -0.160317   0.22906
102.991   1.08512 -0.160318   0.22906
102.992   1.08512 -0.160318  0.229059
102.993   1.08512 -0.160318  0.229059
102.994   1.08512 -0.160318  0.229059
102.995   1.08512 -0.160318  0.229058
102.996   1.08449 -0.160292  0.229481
102.998  1.08394 -0.16027 0.229843
102.999   1.08328 -0.160243   0.23028
103   1.08293 -0.160229  0.230512
103.001   1.08264 -0.160218  0.230704
103.002   1.08229 -0.160204  0.230931
103.003   1.08212 -0.160197  0.231049
103.005   1.08197 -0.160191  0.231145
103.006   1.08185 -0.160186  0.231225
103.007  1.08171 -0.16018 0.231318
103.008   1.08164 -0.160177  0.231366
103.009   1.08158 -0.160175  0.231406
103.01   1.08153 -0.160173  0.231438
103.012   1.08147 -0.160171  0.231476
103.013   1.08144 -0.160169  0.231495
103.014   1.08142 -0.160168  0.231511
103.015   1.08139 -0.160167   0.23153
103.017   1.08137 -0.160166  0.231544
103.018   1.08136 -0.160166  0.231551
103.019   1.08135 -0.160166  0.231557
103.02   1.08134 -0.160165  0.231564
103.021   1.08133 -0.160165  0.231567
103.023   1.08133 -0.160165   0.23157
103.024   1.08132 -0.160165  0.231573
103.025   1.08132 -0.160165  0.231575
103.026   1.08187 -0.160247  0.231259
103.027   1.08284 -0.160393  0.230694
103.029   1.08403 -0.160573  0.230004
103.03   1.08467 -0.160668  0.229637
103.031    1.0852 -0.160747  0.229332
103.032   1.08563 -0.160812   0.22908
103.033   1.08614 -0.160889  0.228783
103.035   1.08641 -0.160929  0.228629
103.036   1.08663 -0.160962  0.228502
103.037   1.08689 -0.161001  0.228353
103.038   1.08702 -0.161021  0.228276
103.039   1.08713 -0.161037  0.228213
103.041   1.08726 -0.161056  0.228139
103.042   1.08732 -0.161066  0.228101
103.043   1.08738 -0.161074  0.228069
103.044   1.08742 -0.161081  0.228044
103.045   1.08747 -0.161089  0.228014
103.046    1.0875 -0.161093  0.227998
103.048   1.08752 -0.161096  0.227985
103.049  1.08755  -0.1611 0.227971
103.05   1.08756 -0.161102  0.227963
103.051   1.08757 -0.161104  0.227957
103.052   1.08758 -0.161105  0.227951
103.054   1.08759 -0.161106  0.227945
103.055    1.0876 -0.161107  0.227942
103.056    1.0876 -0.161108   0.22794
103.057    1.0876 -0.161108  0.227938
103.058   1.08761 -0.161109  0.227935
103.059   1.08761 -0.161109  0.227934
103.06   1.08761 -0.161111  0.227942
103.062   1.08761 -0.161113  0.227949
103.063   1.08761 -0.161114  0.227958
103.064   1.08761 -0.161115  0.227963
103.065   1.08761 -0.161116  0.227967
103.066   1.08761 -0.161117   0.22797
103.068   1.08761 -0.161117  0.227974
103.069   1.08761 -0.161118  0.227976
103.07   1.08761 -0.161118  0.227978
103.071   1.08761 -0.161118   0.22798
103.072   1.08761 -0.161118  0.227981
103.074   1.08761 -0.161118  0.227982
103.075   1.08761 -0.161119  0.227982
103.076   1.08761 -0.161119  0.227983
103.077   1.08761 -0.161119  0.227984
103.078   1.08761 -0.161119  0.227984
103.079   1.08761 -0.161119  0.227984
103.08   1.08761 -0.161119  0.227985
103.082   1.08761 -0.161119  0.227985
103.083   1.08761 -0.161119  0.227985
103.084   1.08761 -0.161119  0.227985
103.085   1.08761 -0.161119  0.227985
103.086   1.08761 -0.161119  0.227986
103.087   1.08761 -0.161119  0.227986
103.089   1.08761 -0.161119  0.227986
103.09   1.08761 -0.161119  0.227986
103.091   1.08761 -0.161119  0.227986
103.092   1.08772 -0.161138  0.227892
103.093   1.08791 -0.161172  0.227725
103.094   1.08807 -0.161202  0.227583
103.096    1.0882 -0.161226  0.227465
103.097   1.08836 -0.161255  0.227323
103.098   1.08845 -0.161271  0.227249
103.099   1.08851 -0.161283  0.227188
103.1   1.08857 -0.161293  0.227137
103.101   1.08864 -0.161306  0.227079
103.103   1.08867 -0.161312  0.227048
103.104    1.0887 -0.161317  0.227023
103.105   1.08872 -0.161321  0.227003
103.106   1.08875 -0.161326  0.226979
103.107   1.08876 -0.161329  0.226966
103.109   1.08878 -0.161331  0.226956
103.11   1.08879 -0.161333  0.226944
103.111    1.0888 -0.161334  0.226938
103.112    1.0888 -0.161335  0.226933
103.113   1.08881 -0.161336  0.226929
103.115   1.08881 -0.161337  0.226924
103.116   1.08881 -0.161338  0.226922
103.117   1.08882 -0.161338   0.22692
103.118   1.08882 -0.161338  0.226918
103.119   1.08882 -0.161339  0.226916
103.121   1.08882 -0.161339  0.226915
103.122   1.08882 -0.161339  0.226915
103.123   1.08882 -0.161339  0.226914
103.124   1.08882 -0.161339  0.226914
103.125   1.08883 -0.161341  0.226904
103.126   1.08883 -0.161343  0.226887
103.128   1.08883 -0.161345  0.226873
103.129   1.08883 -0.161346  0.226861
103.13   1.08884 -0.161348  0.226852
103.131   1.08884 -0.161349   0.22684
103.132  1.08884 -0.16135 0.226834
103.133   1.08884 -0.161351   0.22683
103.134   1.08884 -0.161351  0.226826
103.135   1.08884 -0.161352  0.226821
103.136   1.08884 -0.161352  0.226819
103.138   1.08884 -0.161352  0.226817
103.139   1.08884 -0.161352  0.226815
103.14   1.08884 -0.161353  0.226814
103.141   1.08884 -0.161353  0.226813
103.143   1.08884 -0.161353  0.226812
103.144   1.08884 -0.161353  0.226811
103.145   1.08884 -0.161353  0.226811
103.146   1.08884 -0.161353  0.226811
103.147   1.08884 -0.161353   0.22681
103.149   1.08884 -0.161353   0.22681
103.15   1.08884 -0.161353   0.22681
103.151   1.08884 -0.161353   0.22681
103.152   1.08884 -0.161353   0.22681
103.154   1.08884 -0.161353   0.22681
103.155   1.08884 -0.161353   0.22681
103.156   1.08884 -0.161353   0.22681
103.157   1.08884 -0.161353   0.22681
103.158   1.08884 -0.161353   0.22681
103.16   1.08793 -0.161124    0.2274
103.161   1.08558 -0.160536  0.228921
103.162   1.08431 -0.160219  0.229742
103.163   1.08325 -0.159954  0.230427
103.164   1.08199 -0.159639  0.231241
103.166   1.08133 -0.159474  0.231667
103.167   1.08079 -0.159338  0.232018
103.168   1.08015 -0.159179  0.232429
103.169   1.07982 -0.159096  0.232643
103.17   1.07955 -0.159029  0.232819
103.172   1.07923 -0.158949  0.233024
103.173   1.07907 -0.158908   0.23313
103.174   1.07894 -0.158874  0.233218
103.175   1.07878 -0.158835  0.233319
103.176    1.0787 -0.158814  0.233372
103.178   1.07863 -0.158798  0.233415
103.179   1.07855 -0.158778  0.233466
103.18   1.07851 -0.158768  0.233492
103.181  1.07848 -0.15876 0.233513
103.182   1.07845 -0.158753  0.233531
103.184   1.07842 -0.158745  0.233551
103.185    1.0784 -0.158741  0.233562
103.186   1.07838 -0.158736  0.233574
103.187   1.07837 -0.158734   0.23358
103.189   1.07837 -0.158732  0.233585
103.19  1.07836 -0.15873 0.233591
103.191   1.07835 -0.158729  0.233594
103.192   1.07835 -0.158728  0.233597
103.193   1.07887 -0.158855  0.233216
103.195   1.07981 -0.159083  0.232531
103.196    1.0806 -0.159278   0.23195
103.197   1.08156 -0.159511  0.231251
103.198   1.08207 -0.159635  0.230881
103.2   1.08248 -0.159737  0.230576
103.201   1.08298 -0.159857  0.230216
103.202  1.08323 -0.15992 0.230029
103.203   1.08344 -0.159971  0.229875
103.204   1.08369 -0.160031  0.229695
103.206   1.08382 -0.160063  0.229602
103.207   1.08392 -0.160088  0.229525
103.208   1.08405 -0.160118  0.229435
103.209   1.08411 -0.160134  0.229389
103.21   1.08416 -0.160147  0.229351
103.212   1.08422 -0.160162  0.229306
103.213   1.08426 -0.160169  0.229283
103.214   1.08428 -0.160176  0.229264
103.215   1.08431 -0.160183  0.229242
103.216   1.08433 -0.160187   0.22923
103.218  1.08434 -0.16019 0.229221
103.219   1.08436 -0.160194   0.22921
103.22   1.08436 -0.160196  0.229204
103.221   1.08437 -0.160197    0.2292
103.222   1.08438 -0.160199  0.229196
103.224  1.08438  -0.1602 0.229191
103.225   1.08439 -0.160201  0.229189
103.226   1.08412 -0.160197  0.229408
103.227   1.08342 -0.160186  0.229974
103.228  1.08305 -0.16018  0.23028
103.23   1.08274 -0.160176  0.230535
103.231  1.08237 -0.16017 0.230838
103.232   1.08217 -0.160167  0.230997
103.233   1.08201 -0.160164  0.231127
103.235   1.08182 -0.160162  0.231281
103.236  1.08173 -0.16016  0.23136
103.237   1.08165 -0.160159  0.231426
103.238   1.08155 -0.160157  0.231502
103.239   1.08151 -0.160157  0.231542
103.241   1.08147 -0.160156  0.231574
103.242   1.08143 -0.160156  0.231601
103.243    1.0814 -0.160155  0.231632
103.244   1.08138 -0.160155  0.231648
103.245   1.08136 -0.160154  0.231661
103.246   1.08134 -0.160154  0.231676
103.248   1.08133 -0.160154  0.231684
103.249   1.08132 -0.160154   0.23169
103.25   1.08131 -0.160154  0.231698
103.251   1.08131 -0.160154  0.231702
103.253   1.08131 -0.160154  0.231705
103.254    1.0813 -0.160154  0.231709
103.255    1.0813 -0.160154  0.231711
103.256    1.0813 -0.160154  0.231712
103.257    1.0813 -0.160154  0.231713
103.258    1.0813 -0.160154  0.231714
103.259   1.08162 -0.160167  0.231502
103.261   1.08221 -0.160191  0.231121
103.262   1.08271 -0.160211  0.230797
103.263   1.08313 -0.160228  0.230526
103.264   1.08348 -0.160243    0.2303
103.265    1.0839 -0.160259  0.230032
103.266   1.08411 -0.160268  0.229892
103.268   1.08429 -0.160276  0.229777
103.269   1.08444 -0.160281  0.229683
103.27   1.08461 -0.160288  0.229572
103.271    1.0847 -0.160292  0.229514
103.272   1.08477 -0.160295  0.229467
103.273   1.08483 -0.160298  0.229429
103.274  1.08488  -0.1603 0.229397
103.276   1.08494 -0.160302   0.22936
103.277   1.08497 -0.160303  0.229341
103.278   1.08499 -0.160304  0.229325
103.279   1.08501 -0.160305  0.229312
103.28   1.08503 -0.160306  0.229297
103.281   1.08505 -0.160306  0.229289
103.283   1.08506 -0.160307  0.229283
103.284   1.08506 -0.160307  0.229278
103.285   1.08507 -0.160307  0.229273
103.286   1.08508 -0.160308  0.229268
103.287   1.08508 -0.160308  0.229266
103.288   1.08508 -0.160308  0.229264
103.289   1.08509 -0.160308  0.229262
103.291   1.08509 -0.160308  0.229261
103.292   1.08509 -0.160308  0.229259
103.293   1.08451 -0.160268  0.229649
103.294   1.08347 -0.160195  0.230347
103.295   1.08259 -0.160133  0.230939
103.296   1.08153 -0.160059  0.231652
103.298  1.08098 -0.16002 0.232027
103.299   1.08051 -0.159988  0.232338
103.3   1.08013 -0.159961  0.232594
103.301   1.07982 -0.159939  0.232804
103.302   1.07945 -0.159914   0.23305
103.303  1.07926  -0.1599 0.233178
103.304  1.07911 -0.15989 0.233283
103.306   1.07898 -0.159881  0.233369
103.307  1.07883 -0.15987  0.23347
103.308   1.07875 -0.159865  0.233522
103.309  1.07869 -0.15986 0.233565
103.31   1.07864 -0.159857  0.233599
103.311    1.0786 -0.159854  0.233628
103.313  1.07855 -0.15985 0.233661
103.314   1.07852 -0.159849  0.233678
103.315    1.0785 -0.159847  0.233693
103.316   1.07848 -0.159846  0.233704
103.317   1.07846 -0.159845  0.233717
103.318   1.07845 -0.159844  0.233724
103.32   1.07844 -0.159843   0.23373
103.321   1.07844 -0.159843  0.233735
103.322   1.07843 -0.159842   0.23374
103.323   1.07843 -0.159842  0.233742
103.324   1.07842 -0.159842  0.233745
103.325   1.07842 -0.159842  0.233746
103.326  1.07941  -0.1599 0.233019
103.328   1.08064 -0.159972  0.232122
103.329   1.08129 -0.160011  0.231642
103.33   1.08184 -0.160043  0.231242
103.331  1.08229 -0.16007 0.230911
103.332   1.08267 -0.160092  0.230638
103.333    1.0831 -0.160118  0.230317
103.335   1.08333 -0.160131   0.23015
103.336   1.08352 -0.160142  0.230013
103.337   1.08367 -0.160151  0.229901
103.338   1.08385 -0.160162  0.229769
103.339   1.08395 -0.160168  0.229701
103.34   1.08402 -0.160172  0.229645
103.341   1.08409 -0.160176  0.229599
103.343   1.08414 -0.160179  0.229561
103.344    1.0842 -0.160182  0.229517
103.345   1.08423 -0.160184  0.229495
103.346   1.08425 -0.160186  0.229476
103.347   1.08427 -0.160187  0.229461
103.348    1.0843 -0.160188  0.229443
103.349   1.08431 -0.160189  0.229434
103.351  1.08432 -0.16019 0.229426
103.352  1.08433 -0.16019  0.22942
103.353   1.08434 -0.160191  0.229415
103.354   1.08435 -0.160191  0.229409
103.355   1.08435 -0.160191  0.229406
103.356   1.08435 -0.160192  0.229403
103.358   1.08436 -0.160192  0.229401
103.359   1.08418 -0.160156  0.229551
103.36   1.08402 -0.160125   0.22968
103.361   1.08389 -0.160098  0.229789
103.362   1.08379 -0.160077  0.229879
103.363    1.0837 -0.160058  0.229954
103.364   1.08359 -0.160037  0.230043
103.366   1.08353 -0.160026   0.23009
103.367   1.08349 -0.160017  0.230128
103.368   1.08345 -0.160009  0.230159
103.369  1.08341    -0.16 0.230196
103.37   1.08338 -0.159996  0.230215
103.371   1.08337 -0.159992  0.230231
103.373   1.08335 -0.159989  0.230243
103.374   1.08333 -0.159986  0.230258
103.375   1.08332 -0.159984  0.230266
103.376   1.08332 -0.159982  0.230272
103.377   1.08331 -0.159981  0.230277
103.378  1.08331 -0.15998 0.230282
103.38    1.0833 -0.159979  0.230287
103.381    1.0833 -0.159978  0.230289
103.382   1.08329 -0.159978  0.230291
103.383   1.08329 -0.159977  0.230293
103.384   1.08329 -0.159977  0.230295
103.385   1.08329 -0.159977  0.230296
103.386   1.08329 -0.159976  0.230297
103.388   1.08329 -0.159976  0.230298
103.389   1.08329 -0.159976  0.230298
103.39   1.08328 -0.159976  0.230299
103.391   1.08328 -0.159976  0.230299
103.392   1.08328 -0.159976  0.230299
103.393   1.08328 -0.159976    0.2303
103.394   1.08462 -0.160303  0.229515
103.396   1.08535 -0.160481  0.229089
103.397  1.08596 -0.16063 0.228731
103.398   1.08647 -0.160755  0.228433
103.399   1.08689 -0.160857  0.228187
103.4   1.08738 -0.160979  0.227896
103.401   1.08764 -0.161042  0.227745
103.403   1.08785 -0.161094   0.22762
103.404   1.08803 -0.161136  0.227518
103.405   1.08823 -0.161186  0.227399
103.406   1.08833 -0.161212  0.227337
103.407   1.08842 -0.161233  0.227286
103.408   1.08849 -0.161251  0.227245
103.41   1.08855 -0.161265  0.227211
103.411   1.08862 -0.161281  0.227171
103.412  1.08865 -0.16129  0.22715
103.413   1.08868 -0.161297  0.227134
103.414    1.0887 -0.161303   0.22712
103.415   1.08873 -0.161309  0.227104
103.416   1.08875 -0.161313  0.227096
103.418   1.08876 -0.161316  0.227089
103.419   1.08877 -0.161318  0.227083
103.42   1.08878 -0.161321  0.227077
103.421   1.08878 -0.161322  0.227074
103.422   1.08879 -0.161323  0.227071
103.423   1.08879 -0.161324  0.227069
103.425    1.0888 -0.161325  0.227067
103.426    1.0888 -0.161326  0.227065
103.427    1.0888 -0.161326  0.227064
103.428    1.0888 -0.161327  0.227063
103.429   1.08725 -0.161114  0.228012
103.43   1.08535 -0.160852   0.22918
103.431   1.08432 -0.160711  0.229806
103.433   1.08347 -0.160594  0.230327
103.434   1.08277 -0.160498  0.230758
103.435   1.08219 -0.160418  0.231113
103.436   1.08151 -0.160324  0.231531
103.437   1.08115 -0.160275  0.231749
103.438   1.08086 -0.160235  0.231927
103.44   1.08062 -0.160202  0.232074
103.441   1.08034 -0.160164  0.232245
103.442    1.0802 -0.160144  0.232334
103.443   1.08008 -0.160128  0.232406
103.444   1.07998 -0.160114  0.232466
103.445    1.0799 -0.160103  0.232515
103.446  1.07981 -0.16009 0.232572
103.448   1.07976 -0.160084  0.232601
103.449   1.07972 -0.160078  0.232625
103.45   1.07969 -0.160074  0.232645
103.451   1.07965 -0.160069  0.232668
103.452   1.07963 -0.160066   0.23268
103.453   1.07962 -0.160064   0.23269
103.455    1.0796 -0.160062  0.232698
103.456   1.07959 -0.160061  0.232704
103.457   1.07958 -0.160059  0.232712
103.458   1.07957 -0.160058  0.232716
103.459  1.07999 -0.16007 0.232426
103.46   1.08073 -0.160091  0.231906
103.461   1.08164 -0.160117   0.23127
103.463   1.08213 -0.160131  0.230932
103.464   1.08253 -0.160143  0.230651
103.465   1.08286 -0.160153  0.230419
103.466   1.08313 -0.160161  0.230228
103.467  1.08345 -0.16017 0.230003
103.468   1.08362 -0.160175  0.229886
103.47   1.08376 -0.160179  0.229791
103.471   1.08387 -0.160182  0.229712
103.472     1.084 -0.160186   0.22962
103.473   1.08407 -0.160188  0.229572
103.474   1.08413 -0.160189  0.229533
103.475   1.08417 -0.160191  0.229501
103.477   1.08422 -0.160192  0.229464
103.478   1.08425 -0.160193  0.229445
103.479   1.08428 -0.160194  0.229422
103.48    1.0843 -0.160195   0.22941
103.481   1.08432 -0.160195  0.229401
103.482   1.08433 -0.160195  0.229393
103.483   1.08434 -0.160196  0.229386
103.484   1.08435 -0.160196  0.229379
103.486   1.08435 -0.160196  0.229375
103.487   1.08436 -0.160196  0.229372
103.488   1.08436 -0.160196  0.229369
103.489   1.08437 -0.160197  0.229366
103.49   1.08437 -0.160197  0.229364
103.491   1.08437 -0.160197  0.229363
103.493   1.08437 -0.160197  0.229362
103.494   1.08432 -0.160453  0.229554
103.495   1.08429 -0.160592  0.229659
103.496   1.08427 -0.160709  0.229746
103.497   1.08425 -0.160806  0.229819
103.499   1.08423 -0.160921  0.229906
103.5   1.08422 -0.160981  0.229951
103.501    1.0842 -0.161052  0.230004
103.502    1.0842 -0.161088  0.230032
103.503   1.08419 -0.161119  0.230055
103.504   1.08419 -0.161143  0.230073
103.506   1.08418 -0.161163  0.230088
103.507   1.08418 -0.161187  0.230106
103.508   1.08418 -0.161199  0.230115
103.509   1.08417 -0.161209  0.230123
103.51   1.08417 -0.161218  0.230129
103.511   1.08417 -0.161224  0.230134
103.513   1.08417 -0.161232   0.23014
103.514   1.08417 -0.161236  0.230143
103.515   1.08417 -0.161241  0.230147
103.516   1.08417 -0.161243  0.230149
103.517   1.08417 -0.161245   0.23015
103.519   1.08417 -0.161248  0.230152
103.52   1.08417 -0.161249  0.230153
103.521  1.08417 -0.16125 0.230154
103.522   1.08417 -0.161251  0.230154
103.524   1.08417 -0.161252  0.230155
103.525   1.08417 -0.161252  0.230155
103.526   1.08417 -0.161252  0.230156
103.527   1.08432 -0.161095  0.230028
103.528  1.08445 -0.16096 0.229919
103.53   1.08456 -0.160846  0.229827
103.531    1.0847 -0.160709  0.229717
103.532   1.08477 -0.160637  0.229659
103.533   1.08485 -0.160552  0.229591
103.534   1.08489 -0.160508  0.229555
103.536   1.08493 -0.160472  0.229526
103.537   1.08497 -0.160429  0.229492
103.538   1.08499 -0.160407  0.229474
103.54   1.08502 -0.160381  0.229453
103.541   1.08503 -0.160368  0.229442
103.542   1.08504 -0.160352   0.22943
103.543   1.08505 -0.160344  0.229423
103.545   1.08506 -0.160338  0.229418
103.546  1.08507 -0.16033 0.229411
103.547   1.08507 -0.160326  0.229408
103.548   1.08507 -0.160321  0.229404
103.55   1.08508 -0.160319  0.229402
103.551   1.08508 -0.160316    0.2294
103.552   1.08508 -0.160314  0.229399
103.553   1.08508 -0.160312  0.229398
103.555   1.08508 -0.160312  0.229397
103.556   1.08508 -0.160311  0.229396
103.557  1.08509 -0.16031 0.229396
103.558  1.08509 -0.16031 0.229395
103.56   1.08508 -0.160304  0.229427
103.561   1.08508 -0.160301  0.229444
103.562   1.08507 -0.160299  0.229459
103.563   1.08507 -0.160296  0.229476
103.565   1.08507 -0.160294  0.229485
103.566   1.08507 -0.160293  0.229496
103.567   1.08507 -0.160292  0.229501
103.568   1.08507 -0.160291  0.229506
103.57  1.08506 -0.16029 0.229511
103.571  1.08506 -0.16029 0.229514
103.572   1.08506 -0.160289  0.229516
103.573   1.08506 -0.160289  0.229519
103.574   1.08506 -0.160289   0.22952
103.576   1.08506 -0.160288  0.229522
103.577   1.08506 -0.160288  0.229523
103.578   1.08506 -0.160288  0.229524
103.579   1.08506 -0.160288  0.229524
103.58   1.08506 -0.160288  0.229525
103.582   1.08506 -0.160288  0.229525
103.583   1.08506 -0.160288  0.229526
103.584   1.08506 -0.160288  0.229526
103.585   1.08506 -0.160288  0.229526
103.587   1.08506 -0.160288  0.229526
103.588   1.08506 -0.160288  0.229526
103.589   1.08506 -0.160288  0.229527
103.59   1.08506 -0.160288  0.229527
103.591   1.08506 -0.160288  0.229527
103.593   1.08506 -0.160288  0.229527
103.594    1.0842 -0.160263  0.230043
103.595   1.08315 -0.160232  0.230679
103.596   1.08258 -0.160215   0.23102
103.598   1.08211 -0.160202  0.231303
103.599   1.08155 -0.160186  0.231639
103.6   1.08126 -0.160177  0.231815
103.601   1.08092 -0.160167  0.232021
103.602   1.08074 -0.160162  0.232128
103.604   1.08059 -0.160158  0.232216
103.605   1.08042 -0.160153  0.232319
103.606  1.08033 -0.16015 0.232372
103.607   1.08023 -0.160147  0.232435
103.609   1.08018 -0.160146  0.232467
103.61   1.08013 -0.160144  0.232493
103.611   1.08008 -0.160143  0.232524
103.612   1.08005 -0.160142   0.23254
103.614   1.08003 -0.160141  0.232553
103.615   1.08001 -0.160141  0.232569
103.616  1.07999 -0.16014 0.232577
103.617  1.07998 -0.16014 0.232583
103.618  1.07997 -0.16014 0.232588
103.62  1.07996 -0.16014 0.232594
103.621   1.07996 -0.160139  0.232597
103.622   1.07995 -0.160139    0.2326
103.623   1.07995 -0.160139  0.232603
103.624   1.07995 -0.160139  0.232604
103.625   1.08039 -0.160151  0.232356
103.626   1.08117 -0.160172   0.23191
103.628  1.08184 -0.16019 0.231532
103.629   1.08264 -0.160211  0.231076
103.63   1.08307 -0.160223  0.230835
103.631   1.08342 -0.160232  0.230637
103.632  1.08371 -0.16024 0.230473
103.633   1.08405 -0.160249  0.230281
103.634   1.08422 -0.160254  0.230181
103.636   1.08437 -0.160258  0.230099
103.637   1.08454 -0.160262  0.230002
103.638   1.08463 -0.160265  0.229953
103.639    1.0847 -0.160267  0.229912
103.64   1.08476 -0.160268  0.229878
103.642  1.08481 -0.16027 0.229851
103.643   1.08486 -0.160271  0.229819
103.644   1.08489 -0.160272  0.229802
103.645   1.08492 -0.160273  0.229789
103.646   1.08493 -0.160273  0.229777
103.647   1.08496 -0.160274  0.229764
103.649   1.08497 -0.160274  0.229758
103.65   1.08498 -0.160274  0.229752
103.651   1.08499 -0.160275  0.229748
103.652     1.085 -0.160275  0.229742
103.653     1.085 -0.160275   0.22974
103.654   1.08501 -0.160275  0.229737
103.655   1.08501 -0.160275  0.229736
103.657   1.08501 -0.160275  0.229734
103.658    1.0855 -0.160425    0.2294
103.659   1.08592 -0.160553  0.229114
103.66   1.08627 -0.160661  0.228874
103.661   1.08657 -0.160751  0.228673
103.663   1.08692 -0.160858  0.228434
103.664    1.0871 -0.160914  0.228309
103.665  1.08725 -0.16096 0.228207
103.666   1.08737 -0.160998  0.228122
103.667   1.08752 -0.161042  0.228023
103.668    1.0876 -0.161065  0.227972
103.669   1.08766 -0.161084   0.22793
103.671   1.08771 -0.161099  0.227895
103.672   1.08777 -0.161118  0.227855
103.673    1.0878 -0.161127  0.227834
103.674   1.08782 -0.161135  0.227817
103.676   1.08785 -0.161144  0.227797
103.677   1.08787 -0.161148  0.227787
103.678   1.08788 -0.161154  0.227775
103.679   1.08789 -0.161156  0.227769
103.68    1.0879 -0.161159  0.227764
103.682   1.08791 -0.161161  0.227758
103.683   1.08791 -0.161163  0.227755
103.684   1.08792 -0.161164  0.227752
103.685   1.08792 -0.161165   0.22775
103.686   1.08792 -0.161166  0.227748
103.688   1.08792 -0.161166  0.227747
103.689   1.08793 -0.161167  0.227746
103.69   1.08793 -0.161167  0.227745
103.691   1.08793 -0.161167  0.227744
103.692   1.08793 -0.161168  0.227744
103.693   1.08762 -0.161178  0.227923
103.695   1.08707 -0.161198  0.228244
103.696    1.0864 -0.161221  0.228636
103.697   1.08604 -0.161233  0.228845
103.698   1.08562 -0.161248  0.229093
103.699    1.0854 -0.161255  0.229223
103.7   1.08521 -0.161262   0.22933
103.702   1.08506 -0.161267  0.229418
103.703   1.08489 -0.161273  0.229521
103.704    1.0848 -0.161276  0.229574
103.705   1.08472 -0.161278  0.229618
103.706  1.08466 -0.16128 0.229654
103.708   1.08459 -0.161283  0.229696
103.709   1.08455 -0.161284  0.229718
103.71   1.08451 -0.161286  0.229743
103.711   1.08448 -0.161286  0.229757
103.713   1.08447 -0.161287  0.229767
103.714   1.08444 -0.161288   0.22978
103.715   1.08443 -0.161288  0.229787
103.716   1.08442 -0.161288  0.229792
103.717   1.08441 -0.161288  0.229798
103.719   1.08441 -0.161289  0.229802
103.72    1.0844 -0.161289  0.229804
103.721    1.0844 -0.161289  0.229807
103.722   1.08439 -0.161289  0.229809
103.723   1.08439 -0.161289   0.22981
103.725  1.08511 -0.16129 0.229476
103.726   1.08572 -0.161291   0.22919
103.727   1.08623 -0.161291  0.228948
103.728   1.08666 -0.161292  0.228747
103.729   1.08702 -0.161292   0.22858
103.73   1.08744 -0.161292  0.228382
103.732   1.08766 -0.161293  0.228279
103.733   1.08784 -0.161293  0.228194
103.734   1.08806 -0.161293  0.228095
103.735   1.08817 -0.161293  0.228043
103.736   1.08826 -0.161293  0.228001
103.738   1.08836 -0.161293  0.227952
103.739   1.08842 -0.161293  0.227926
103.74   1.08846 -0.161293  0.227905
103.741   1.08851 -0.161293   0.22788
103.743   1.08854 -0.161293  0.227868
103.744   1.08857 -0.161293  0.227853
103.745   1.08859 -0.161293  0.227845
103.746    1.0886 -0.161293  0.227839
103.747   1.08862 -0.161293  0.227832
103.749   1.08863 -0.161293  0.227828
103.75   1.08864 -0.161293  0.227824
103.751   1.08864 -0.161293  0.227821
103.752   1.08864 -0.161293   0.22782
103.754   1.08865 -0.161293  0.227817
103.755   1.08865 -0.161293  0.227816
103.756   1.08865 -0.161293  0.227815
103.757   1.08865 -0.161293  0.227815
103.759   1.08866 -0.161293  0.227814
103.76   1.08866 -0.161293  0.227814
103.761   1.08747 -0.161109  0.228474
103.763   1.08645 -0.160952  0.229038
103.764    1.0856 -0.160819  0.229514
103.765  1.08457 -0.16066 0.230084
103.766   1.08403 -0.160577  0.230384
103.768   1.08359 -0.160508  0.230632
103.769   1.08322 -0.160451  0.230835
103.77   1.08292 -0.160405  0.231002
103.771  1.08257 -0.16035 0.231198
103.773   1.08238 -0.160322    0.2313
103.774   1.08223 -0.160299  0.231384
103.775   1.08206 -0.160271  0.231481
103.776   1.08197 -0.160257  0.231532
103.778   1.08186 -0.160241  0.231591
103.779   1.08181 -0.160232  0.231622
103.78   1.08174 -0.160222  0.231657
103.781   1.08171 -0.160217  0.231676
103.783   1.08167 -0.160211  0.231698
103.784   1.08165 -0.160208  0.231709
103.785   1.08162 -0.160204  0.231722
103.786   1.08161 -0.160202  0.231729
103.788    1.0816 -0.160201  0.231734
103.789   1.08159 -0.160199  0.231741
103.79   1.08158 -0.160198  0.231744
103.791   1.08158 -0.160197  0.231747
103.793    1.0819 -0.160259  0.231553
103.794   1.08247 -0.160371  0.231202
103.795   1.08296 -0.160466  0.230904
103.796   1.08337 -0.160546  0.230654
103.797   1.08386 -0.160641  0.230356
103.798   1.08412 -0.160691    0.2302
103.799   1.08433 -0.160732  0.230071
103.801    1.0845 -0.160766  0.229965
103.802    1.0847 -0.160805  0.229841
103.803   1.08481 -0.160826  0.229776
103.804    1.0849 -0.160843  0.229723
103.805   1.08497 -0.160857   0.22968
103.806   1.08505 -0.160873  0.229629
103.808   1.08509 -0.160881  0.229603
103.809   1.08513 -0.160888  0.229581
103.81   1.08516 -0.160894  0.229563
103.811   1.08518 -0.160898  0.229549
103.812   1.08521 -0.160904  0.229532
103.813   1.08522 -0.160906  0.229523
103.815  1.08524 -0.16091 0.229513
103.816   1.08525 -0.160911  0.229508
103.817   1.08526 -0.160913  0.229503
103.818   1.08526 -0.160914  0.229498
103.82   1.08527 -0.160915  0.229496
103.821   1.08527 -0.160916  0.229492
103.822   1.08528 -0.160917  0.229491
103.823   1.08528 -0.160917   0.22949
103.824   1.08528 -0.160917  0.229489
103.826     1.085 -0.160863  0.229667
103.827   1.08449 -0.160765  0.229987
103.828   1.08406 -0.160682  0.230258
103.828   1.08369 -0.160612  0.230486
103.83   1.08339 -0.160554  0.230675
103.831   1.08303 -0.160485    0.2309
103.832   1.08285 -0.160449  0.231017
103.834  1.08269 -0.16042 0.231114
103.834   1.08257 -0.160396  0.231193
103.835   1.08242 -0.160367  0.231286
103.837   1.08234 -0.160352  0.231334
103.838  1.08228 -0.16034 0.231373
103.839   1.08221 -0.160326  0.231419
103.84   1.08217 -0.160319  0.231443
103.841   1.08214 -0.160313  0.231463
103.843   1.08211 -0.160308  0.231479
103.844   1.08208 -0.160302  0.231497
103.845   1.08207 -0.160299  0.231507
103.846   1.08205 -0.160296  0.231518
103.848   1.08204 -0.160294  0.231524
103.849   1.08203 -0.160292  0.231529
103.85   1.08202 -0.160291  0.231535
103.851  1.08202 -0.16029 0.231537
103.853   1.08201 -0.160289  0.231541
103.854   1.08201 -0.160288  0.231542
103.855   1.08201 -0.160288  0.231544
103.856   1.08201 -0.160287  0.231545
103.858     1.082 -0.160287  0.231547
103.859     1.082 -0.160287  0.231547
103.86   1.08278 -0.160395  0.231058
103.862   1.08373 -0.160528  0.230455
103.863  1.08424  -0.1606 0.230133
103.864   1.08485 -0.160685  0.229748
103.865   1.08517 -0.160729  0.229546
103.866   1.08543 -0.160766  0.229379
103.868   1.08574 -0.160809  0.229184
103.869    1.0859 -0.160832  0.229082
103.87   1.08609 -0.160858  0.228963
103.871   1.08619 -0.160872  0.228901
103.873   1.08627 -0.160883   0.22885
103.874   1.08636 -0.160896  0.228791
103.875   1.08643 -0.160906  0.228747
103.876   1.08647 -0.160911  0.228725
103.878    1.0865 -0.160915  0.228706
103.879   1.08652 -0.160918  0.228691
103.88   1.08655 -0.160922  0.228673
103.881   1.08656 -0.160924  0.228664
103.882   1.08658 -0.160926  0.228656
103.884   1.08659 -0.160928  0.228647
103.885    1.0866 -0.160929  0.228643
103.886   1.0866 -0.16093 0.228639
103.887   1.08661 -0.160931  0.228636
103.888   1.08661 -0.160931  0.228632
103.889   1.08662 -0.160932  0.228631
103.891   1.08662 -0.160932  0.228629
103.892   1.08689 -0.160977  0.228558
103.893   1.08713 -0.161015  0.228497
103.894   1.08732 -0.161047  0.228446
103.895   1.08756 -0.161086  0.228385
103.897   1.08768 -0.161106  0.228353
103.898   1.08778 -0.161123  0.228327
103.899    1.0879 -0.161142  0.228296
103.9   1.08797 -0.161153   0.22828
103.902   1.08804 -0.161165  0.228261
103.903   1.08808 -0.161171  0.228251
103.904   1.08811 -0.161176  0.228243
103.905   1.08815 -0.161182  0.228234
103.907   1.08816 -0.161185  0.228229
103.908   1.08818 -0.161187  0.228225
103.909   1.0882 -0.16119 0.228221
103.91   1.08821 -0.161192  0.228218
103.911   1.08821 -0.161193  0.228216
103.913   1.08822 -0.161195  0.228214
103.914   1.08823 -0.161195  0.228213
103.915   1.08823 -0.161196  0.228212
103.916   1.08824 -0.161197  0.228211
103.917   1.08824 -0.161197  0.228211
103.919   1.08824 -0.161197   0.22821
103.92   1.08824 -0.161198   0.22821
103.921   1.08824 -0.161198  0.228209
103.922   1.08824 -0.161198  0.228209
103.923   1.08811 -0.161225  0.228249
103.925   1.08787 -0.161274  0.228322
103.926   1.08758 -0.161334   0.22841
103.927   1.08743 -0.161365  0.228457
103.928    1.0873 -0.161392  0.228496
103.93   1.08715 -0.161423  0.228542
103.931   1.08707 -0.161439  0.228567
103.932     1.087 -0.161452  0.228587
103.933   1.08693 -0.161468   0.22861
103.935   1.08689 -0.161476  0.228622
103.936   1.08684 -0.161485  0.228636
103.937  1.08682 -0.16149 0.228644
103.938   1.08679 -0.161496  0.228652
103.94   1.08677 -0.161499  0.228657
103.941   1.08676 -0.161501  0.228661
103.942   1.08675 -0.161504  0.228665
103.943   1.08674 -0.161505  0.228667
103.945   1.08673 -0.161507   0.22867
103.946   1.08673 -0.161508  0.228671
103.947   1.08672 -0.161509  0.228672
103.948  1.08672 -0.16151 0.228674
103.95  1.08672 -0.16151 0.228674
103.951  1.08671 -0.16151 0.228675
103.952   1.08671 -0.161511  0.228676
103.953   1.08671 -0.161511  0.228676
103.955   1.08671 -0.161511  0.228677
103.956   1.08671 -0.161511  0.228677
103.957   1.08671 -0.161511  0.228677
103.958   1.08671 -0.161511  0.228677
103.959   1.08671 -0.161511  0.228677
103.961   1.08569 -0.161375  0.229476
103.962   1.08514 -0.161301   0.22991
103.963   1.08447 -0.161211  0.230433
103.964   1.08412 -0.161164  0.230708
103.966   1.08383 -0.161125  0.230936
103.967   1.08349 -0.161079  0.231205
103.968   1.08324 -0.161045  0.231405
103.969    1.0831 -0.161027  0.231509
103.971   1.08299 -0.161012  0.231594
103.972  1.08291   -0.161 0.231663
103.973   1.08283 -0.160991   0.23172
103.974   1.08275 -0.160979  0.231787
103.975    1.0827 -0.160973  0.231822
103.976   1.08267 -0.160968   0.23185
103.978   1.08264 -0.160964  0.231873
103.979   1.0826 -0.16096   0.2319
103.98   1.08259 -0.160957  0.231914
103.981   1.08257 -0.160955  0.231926
103.982   1.08255 -0.160953  0.231939
103.984   1.08255 -0.160952  0.231946
103.985  1.08254 -0.16095 0.231954
103.986   1.08253 -0.160949  0.231958
103.987   1.08252 -0.160949  0.231963
103.989   1.08252 -0.160948  0.231966
103.99   1.08252 -0.160948  0.231968
103.991   1.08251 -0.160947   0.23197
103.992    1.0822 -0.160862   0.23211
103.994   1.08138 -0.160642   0.23247
103.995   1.08093 -0.160523  0.232664
103.996   1.08056 -0.160424  0.232826
103.997   1.08013 -0.160306  0.233018
103.999    1.0799 -0.160244  0.233118
104   1.07963 -0.160172  0.233237
104.001   1.07949 -0.160134  0.233298
104.002   1.07937 -0.160103  0.233348
104.003   1.07924 -0.160067  0.233407
104.005   1.07917 -0.160048  0.233438
104.006   1.07911 -0.160033  0.233463
104.007  1.07906 -0.16002 0.233483
104.008   1.07901 -0.160005  0.233507
104.009   1.07898 -0.159998  0.233519
104.011   1.07896 -0.159991  0.233529
104.012   1.07893 -0.159984  0.233541
104.013  1.07892 -0.15998 0.233547
104.014    1.0789 -0.159976  0.233554
104.015   1.07889 -0.159974  0.233558
104.017   1.07888 -0.159972  0.233561
104.018  1.07888 -0.15997 0.233564
104.019   1.07887 -0.159969  0.233566
104.02   1.07887 -0.159968  0.233567
104.021   1.07887 -0.159967  0.233568
104.023   1.07886 -0.159966  0.233569
104.024   1.07886 -0.159966   0.23357
104.025   1.07886 -0.159965  0.233571
104.026   1.07926 -0.160007   0.23337
104.028   1.07961 -0.160043  0.233198
104.029   1.08003 -0.160086  0.232989
104.03   1.08025 -0.160109  0.232879
104.031   1.08043 -0.160128  0.232787
104.032   1.08065 -0.160151  0.232679
104.034   1.08076 -0.160162  0.232622
104.035   1.08085 -0.160172  0.232576
104.036   1.08096 -0.160183  0.232521
104.037   1.08102 -0.160189  0.232493
104.038   1.08106 -0.160194   0.23247
104.04  1.08112  -0.1602 0.232442
104.041   1.08115 -0.160203  0.232428
104.042   1.08118 -0.160206  0.232412
104.043    1.0812 -0.160208  0.232403
104.045   1.08121 -0.160209  0.232396
104.046   1.08123 -0.160211  0.232388
104.047   1.08124 -0.160212  0.232383
104.048   1.08124 -0.160213   0.23238
104.049   1.08125 -0.160213  0.232377
104.051   1.08126 -0.160214  0.232373
104.052   1.08126 -0.160214  0.232372
104.053   1.08126 -0.160215  0.232369
104.054   1.08127 -0.160215  0.232368
104.055   1.08127 -0.160215  0.232367
104.057   1.08127 -0.160216  0.232366
104.058   1.08127 -0.160216  0.232365
104.059   1.08127 -0.160216  0.232365
104.06   1.08085 -0.160178  0.232642
104.061   1.08049 -0.160147  0.232878
104.063   1.08005 -0.160108  0.233164
104.064   1.07982 -0.160088  0.233316
104.065   1.07963 -0.160071  0.233441
104.066    1.0794 -0.160051  0.233589
104.068  1.07928 -0.16004 0.233666
104.069   1.07914 -0.160028  0.233756
104.07   1.07907 -0.160022  0.233803
104.071   1.07901 -0.160017  0.233841
104.073   1.07894 -0.160011  0.233886
104.074   1.07891 -0.160008  0.233909
104.075   1.07887 -0.160004  0.233936
104.076   1.07885 -0.160002   0.23395
104.078  1.07882    -0.16 0.233967
104.079   1.07881 -0.159999  0.233975
104.08    1.0788 -0.159998  0.233982
104.081   1.07879 -0.159997   0.23399
104.083   1.07878 -0.159996  0.233994
104.084   1.07877 -0.159996  0.233999
104.085   1.07877 -0.159995  0.234001
104.086   1.07876 -0.159995  0.234003
104.088   1.07876 -0.159995  0.234005
104.089   1.07876 -0.159995  0.234007
104.09   1.07897 -0.160014  0.233898
104.091   1.07935 -0.160048  0.233703
104.093   1.07967 -0.160077  0.233537
104.094   1.08005 -0.160113  0.233336
104.095   1.08025 -0.160131  0.233231
104.096    1.0805 -0.160154  0.233105
104.098   1.08062 -0.160165   0.23304
104.099   1.08072 -0.160175  0.232986
104.1   1.08085 -0.160186  0.232923
104.101   1.08091 -0.160191   0.23289
104.102   1.08096 -0.160196  0.232864
104.104   1.08102 -0.160202  0.232832
104.105   1.08105 -0.160205  0.232816
104.106   1.08108 -0.160207  0.232802
104.107    1.0811 -0.160209  0.232791
104.108   1.08112 -0.160211  0.232778
104.109   1.08114 -0.160212  0.232772
104.111   1.08115 -0.160214  0.232764
104.112   1.08116 -0.160215   0.23276
104.113   1.08117 -0.160215  0.232756
104.114   1.08117 -0.160216  0.232753
104.115   1.08118 -0.160216   0.23275
104.117   1.08118 -0.160217  0.232748
104.118   1.08118 -0.160217  0.232747
104.119   1.08119 -0.160217  0.232745
104.12   1.08119 -0.160217  0.232744
104.121   1.08119 -0.160217  0.232744
104.123   1.08119 -0.160218  0.232743
104.124   1.08119 -0.160218  0.232742
104.125   1.08119 -0.160218  0.232742
104.126   1.08102 -0.160468  0.232797
104.127   1.08093 -0.160604  0.232828
104.128   1.08085 -0.160719  0.232853
104.13   1.08079 -0.160814  0.232873
104.131   1.08072 -0.160926  0.232898
104.132   1.08068 -0.160985  0.232911
104.133   1.08064 -0.161034  0.232921
104.134   1.08062 -0.161073   0.23293
104.135  1.08059 -0.16112  0.23294
104.137   1.08057 -0.161144  0.232945
104.138   1.08056 -0.161164  0.232949
104.139  1.08055 -0.16118 0.232953
104.14   1.08053 -0.161199  0.232957
104.141   1.08053 -0.161209  0.232959
104.142   1.08052 -0.161217  0.232961
104.144   1.08052 -0.161224  0.232962
104.145   1.08051 -0.161231  0.232963
104.146   1.08051 -0.161235  0.232964
104.147   1.08051 -0.161239  0.232965
104.148   1.08051 -0.161241  0.232965
104.149    1.0805 -0.161244  0.232966
104.151    1.0805 -0.161246  0.232966
104.152    1.0805 -0.161247  0.232966
104.153    1.0805 -0.161248  0.232967
104.154   1.0805 -0.16125 0.232967
104.155   1.0805 -0.16125 0.232967
104.157   1.08079 -0.161254  0.232851
104.158    1.0813 -0.161261  0.232644
104.159   1.08193 -0.161269  0.232391
104.16   1.08226 -0.161273  0.232256
104.162   1.08254 -0.161277  0.232144
104.163   1.08287 -0.161281  0.232012
104.164   1.08304 -0.161283  0.231943
104.165   1.08324 -0.161286  0.231862
104.167   1.08335 -0.161287  0.231819
104.168   1.08343 -0.161288  0.231785
104.169   1.08353 -0.161289  0.231744
104.17  1.08358 -0.16129 0.231723
104.172  1.08363 -0.16129 0.231706
104.173   1.08368 -0.161291  0.231686
104.174    1.0837 -0.161291  0.231675
104.175   1.08373 -0.161292  0.231663
104.177   1.08375 -0.161292  0.231657
104.177   1.08377 -0.161292  0.231649
104.179   1.08378 -0.161292  0.231645
104.18   1.08378 -0.161292  0.231642
104.182   1.08379 -0.161292  0.231639
104.183    1.0838 -0.161292  0.231636
104.184    1.0838 -0.161292  0.231634
104.185   1.08381 -0.161292  0.231633
104.187   1.08381 -0.161292  0.231632
104.188   1.08381 -0.161292  0.231631
104.189   1.08381 -0.161292   0.23163
104.19   1.08381 -0.161292   0.23163
104.191   1.08382 -0.161292  0.231629
104.193   1.08404 -0.161273  0.231394
104.194  1.08444 -0.16124 0.230974
104.195   1.08494 -0.161199  0.230461
104.196    1.0852 -0.161177  0.230189
104.198   1.08551 -0.161152  0.229864
104.199   1.08567 -0.161138  0.229694
104.2    1.0858 -0.161127  0.229555
104.201   1.08596 -0.161114  0.229391
104.202   1.08604 -0.161107  0.229306
104.204   1.08614 -0.161099  0.229206
104.205   1.08619 -0.161095  0.229154
104.206   1.08623 -0.161091  0.229112
104.207   1.08628 -0.161087  0.229062
104.208    1.0863 -0.161085  0.229036
104.21   1.08632 -0.161084  0.229015
104.211   1.08634 -0.161082  0.228991
104.212  1.08636 -0.16108 0.228978
104.213  1.08637 -0.16108 0.228968
104.214   1.08638 -0.161079  0.228956
104.216   1.08638 -0.161078  0.228949
104.217   1.08639 -0.161078  0.228944
104.218   1.08639 -0.161077   0.22894
104.219    1.0864 -0.161077  0.228935
104.22    1.0864 -0.161077  0.228933
104.222    1.0864 -0.161076  0.228931
104.223    1.0864 -0.161076  0.228928
104.224    1.0864 -0.161076  0.228927
104.225   1.08585 -0.161095  0.229382
104.226   1.08516 -0.161117  0.229942
104.228    1.0848 -0.161129  0.230243
104.229   1.08449 -0.161139  0.230492
104.23   1.08413 -0.161151  0.230789
104.231   1.08394 -0.161157  0.230943
104.232   1.08372 -0.161165  0.231125
104.234    1.0836 -0.161169   0.23122
104.235   1.08351 -0.161172  0.231297
104.236    1.0834 -0.161175  0.231388
104.237   1.08334 -0.161177  0.231435
104.239   1.08329 -0.161179  0.231474
104.24  1.08324 -0.16118 0.231519
104.241   1.08321 -0.161181  0.231543
104.242   1.08319 -0.161182  0.231562
104.243   1.08316 -0.161183  0.231584
104.245   1.08314 -0.161183  0.231596
104.246   1.08313 -0.161184  0.231605
104.247   1.08312 -0.161184  0.231616
104.248   1.08311 -0.161184  0.231622
104.249   1.08311 -0.161185  0.231627
104.251    1.0831 -0.161185  0.231632
104.252    1.0831 -0.161185  0.231635
104.253   1.08309 -0.161185  0.231638
104.254   1.08309 -0.161185   0.23164
104.255   1.08309 -0.161185  0.231642
104.257   1.08309 -0.161185  0.231643
104.258   1.08309 -0.161185  0.231644
104.259   1.08414 -0.161343  0.231043
104.26   1.08503 -0.161477  0.230529
104.262  1.08612 -0.16164 0.229906
104.263    1.0867 -0.161727  0.229576
104.264   1.08738 -0.161829  0.229185
104.265   1.08774 -0.161882  0.228981
104.267   1.08803 -0.161926  0.228813
104.268   1.08837 -0.161978  0.228616
104.269   1.08855 -0.162004  0.228514
104.27    1.0887 -0.162026   0.22843
104.271   1.08887 -0.162052  0.228332
104.273   1.08896 -0.162065  0.228281
104.274   1.08903 -0.162076   0.22824
104.275   1.08912 -0.162089  0.228191
104.276   1.08916 -0.162095  0.228166
104.277    1.0892 -0.162101  0.228145
104.279   1.08924 -0.162107  0.228121
104.28  1.08926 -0.16211 0.228109
104.281   1.08928 -0.162113  0.228098
104.282    1.0893 -0.162116  0.228087
104.284   1.08931 -0.162117   0.22808
104.285   1.08932 -0.162119  0.228073
104.286  1.08933 -0.16212  0.22807
104.287   1.08933 -0.162121  0.228067
104.288   1.08934 -0.162122  0.228063
104.289   1.08934 -0.162122  0.228061
104.291   1.08879 -0.161941  0.228376
104.292   1.08737 -0.161473  0.229189
104.293   1.0866 -0.16122 0.229628
104.294   1.08596 -0.161009  0.229994
104.296    1.0852 -0.160759   0.23043
104.297    1.0848 -0.160628  0.230658
104.298  1.08447 -0.16052 0.230846
104.299   1.08408 -0.160393  0.231066
104.3   1.08388 -0.160327  0.231181
104.302  1.08365 -0.16025 0.231315
104.303  1.08353 -0.16021 0.231385
104.304   1.08338 -0.160163  0.231466
104.306   1.08331 -0.160139  0.231508
104.307  1.08322 -0.16011 0.231558
104.308   1.08318 -0.160095  0.231584
104.309   1.08312 -0.160078  0.231613
104.311    1.0831 -0.160069  0.231629
104.312   1.08308 -0.160062  0.231642
104.313   1.08305 -0.160053  0.231657
104.314   1.08304 -0.160049  0.231664
104.316   1.08302 -0.160044  0.231673
104.317   1.08301 -0.160041  0.231678
104.318     1.083 -0.160038  0.231683
104.32     1.083 -0.160036  0.231686
104.321   1.08299 -0.160035  0.231688
104.322   1.08299 -0.160033  0.231692
104.324   1.08299 -0.160032  0.231693
104.325   1.08298 -0.160032  0.231695
104.327   1.08174 -0.159994  0.232415
104.328   1.08106 -0.159974  0.232807
104.329    1.0805 -0.159957  0.233136
104.33   1.07982 -0.159937  0.233528
104.331   1.07947 -0.159926  0.233733
104.333   1.07905 -0.159913  0.233975
104.334   1.07883 -0.159907  0.234101
104.335   1.07858 -0.159899  0.234249
104.337   1.07845 -0.159896  0.234326
104.338   1.07829 -0.159891  0.234415
104.339   1.07821 -0.159889  0.234462
104.34   1.07815 -0.159887    0.2345
104.341   1.07807 -0.159884  0.234545
104.343   1.07803 -0.159883  0.234568
104.344     1.078 -0.159882  0.234586
104.345   1.07796 -0.159881  0.234608
104.346   1.07794 -0.159881   0.23462
104.347  1.07792 -0.15988 0.234629
104.349  1.07791 -0.15988  0.23464
104.35   1.0779 -0.15988 0.234645
104.351   1.07789 -0.159879   0.23465
104.352   1.07788 -0.159879  0.234655
104.354   1.07787 -0.159879  0.234658
104.355   1.07787 -0.159879  0.234661
104.356   1.07787 -0.159879  0.234662
104.358   1.07786 -0.159879  0.234664
104.359   1.07786 -0.159879  0.234665
104.36    1.0793 -0.160217    0.2339
104.361   1.08008 -0.160401  0.233483
104.362   1.08074 -0.160555  0.233134
104.364  1.08152 -0.16074 0.232717
104.365   1.08193 -0.160836  0.232498
104.366   1.08227 -0.160916  0.232318
104.367   1.08267 -0.161009  0.232106
104.369   1.08288 -0.161058  0.231996
104.37   1.08312 -0.161115  0.231866
104.371   1.08325 -0.161145  0.231799
104.372   1.08335 -0.161169  0.231744
104.373   1.08344 -0.161189  0.231699
104.375   1.08353 -0.161212  0.231647
104.376   1.08359 -0.161224  0.231619
104.377   1.08363 -0.161234  0.231597
104.378   1.08366 -0.161242  0.231578
104.379    1.0837 -0.161251  0.231557
104.38   1.08372 -0.161256  0.231546
104.381  1.08374 -0.16126 0.231537
104.383   1.08375 -0.161263  0.231529
104.384   1.08377 -0.161267  0.231521
104.385   1.08378 -0.161269  0.231516
104.386   1.08379 -0.161271  0.231512
104.387   1.08379 -0.161273  0.231508
104.389    1.0838 -0.161274  0.231506
104.39    1.0838 -0.161274  0.231504
104.391   1.08381 -0.161275  0.231502
104.392   1.08381 -0.161276  0.231501
104.394   1.08378 -0.160997  0.231543
104.395   1.08376 -0.160845  0.231566
104.396   1.08375 -0.160718  0.231586
104.397   1.08374 -0.160566  0.231609
104.398   1.08373 -0.160487  0.231621
104.4   1.08372 -0.160421  0.231631
104.401   1.08371 -0.160344  0.231642
104.402   1.08371 -0.160304  0.231649
104.403    1.0837 -0.160257  0.231656
104.405    1.0837 -0.160233  0.231659
104.406    1.0837 -0.160213  0.231662
104.407   1.0837 -0.16019 0.231666
104.408   1.08369 -0.160177  0.231668
104.409   1.08369 -0.160168  0.231669
104.41   1.08369 -0.160156  0.231671
104.412  1.08369 -0.16015 0.231672
104.413   1.08369 -0.160145  0.231673
104.414   1.08369 -0.160141  0.231673
104.415   1.08369 -0.160138  0.231674
104.416   1.08369 -0.160134  0.231674
104.417   1.08369 -0.160132  0.231674
104.419  1.08369 -0.16013 0.231675
104.42   1.08369 -0.160129  0.231675
104.421   1.08369 -0.160127  0.231675
104.422   1.08369 -0.160127  0.231675
104.423   1.08369 -0.160126  0.231675
104.424   1.08369 -0.160125  0.231675
104.426   1.08369 -0.160125  0.231675
104.427   1.08369 -0.160125  0.231675
104.428   1.08316 -0.160142  0.231976
104.429    1.0818 -0.160187  0.232752
104.43   1.08106 -0.160212   0.23317
104.431   1.08045 -0.160232   0.23352
104.433   1.07994 -0.160249  0.233809
104.434  1.07933 -0.16027 0.234152
104.435  1.07902 -0.16028  0.23433
104.436   1.07876 -0.160289  0.234477
104.437   1.07855 -0.160296  0.234597
104.438    1.0783 -0.160304  0.234738
104.44   1.07817 -0.160308  0.234812
104.441   1.07807 -0.160312  0.234871
104.442   1.07798 -0.160315   0.23492
104.443   1.07788 -0.160318  0.234978
104.444  1.07783 -0.16032 0.235007
104.445   1.07779 -0.160322  0.235032
104.447   1.07775 -0.160323  0.235052
104.448   1.07771 -0.160324  0.235075
104.449   1.07769 -0.160325  0.235087
104.45   1.07766 -0.160326  0.235101
104.451   1.07765 -0.160326  0.235108
104.453   1.07764 -0.160327  0.235114
104.454   1.07763 -0.160327  0.235118
104.455   1.07762 -0.160327  0.235124
104.456   1.07762 -0.160327  0.235127
104.457   1.07761 -0.160328  0.235129
104.458   1.07815 -0.160408   0.23482
104.459   1.07953 -0.160617  0.234022
104.461   1.08028 -0.160729  0.233591
104.462    1.0809 -0.160823  0.233231
104.463   1.08142 -0.160901  0.232932
104.464   1.08204 -0.160993  0.232578
104.465   1.08235 -0.161041  0.232394
104.467   1.08273 -0.161097  0.232177
104.468   1.08293 -0.161127  0.232065
104.469   1.08309 -0.161151  0.231972
104.47   1.08327 -0.161179  0.231864
104.472   1.08337 -0.161193  0.231808
104.473  1.08348 -0.16121 0.231743
104.474   1.08354 -0.161219  0.231709
104.475   1.08359 -0.161226  0.231681
104.476   1.08365 -0.161235  0.231648
104.478   1.08368 -0.161239  0.231631
104.479    1.0837 -0.161243  0.231617
104.48   1.08373 -0.161247  0.231601
104.481   1.08374 -0.161249  0.231593
104.483   1.08376 -0.161252  0.231583
104.484   1.08377 -0.161253  0.231578
104.485   1.08378 -0.161254  0.231574
104.486   1.08378 -0.161255   0.23157
104.487   1.08379 -0.161256  0.231566
104.489   1.08379 -0.161256  0.231564
104.49    1.0838 -0.161257  0.231562
104.491    1.0838 -0.161257   0.23156
104.492    1.0838 -0.161258  0.231559
104.493   1.08504 -0.161158  0.230975
104.495   1.08571 -0.161103  0.230657
104.496   1.08627 -0.161057   0.23039
104.497   1.08694 -0.161003  0.230072
104.498    1.0873 -0.160974  0.229905
104.499   1.08759 -0.160951  0.229768
104.501   1.08783 -0.160931  0.229655
104.502   1.08811 -0.160908  0.229522
104.503   1.08825 -0.160897  0.229453
104.504   1.08837 -0.160887  0.229397
104.505   1.08847 -0.160879  0.229351
104.506  1.08858 -0.16087 0.229297
104.508   1.08864 -0.160865  0.229269
104.509   1.08869 -0.160861  0.229246
104.51   1.08873 -0.160858  0.229227
104.511   1.08877 -0.160854  0.229205
104.512    1.0888 -0.160852  0.229194
104.513  1.08882 -0.16085 0.229185
104.515   1.08884 -0.160848  0.229174
104.516   1.08885 -0.160847  0.229169
104.517   1.08886 -0.160847  0.229164
104.518   1.08887 -0.160846  0.229159
104.52   1.08888 -0.160845  0.229156
104.521   1.08889 -0.160845  0.229153
104.522   1.08889 -0.160844  0.229151
104.523   1.08889 -0.160844   0.22915
104.524   1.08889 -0.160844  0.229149
104.525    1.0889 -0.160844  0.229148
104.527    1.0889 -0.160844  0.229147
104.528  1.08806  -0.1611 0.229567
104.529  1.08734 -0.16132 0.229927
104.53   1.08646 -0.161586  0.230363
104.531     1.086 -0.161727  0.230593
104.532   1.08562 -0.161843  0.230784
104.533   1.08517 -0.161981   0.23101
104.535   1.08493 -0.162053  0.231128
104.536   1.08474 -0.162111  0.231224
104.537  1.08451 -0.16218 0.231337
104.538   1.08439 -0.162216  0.231396
104.539    1.0843 -0.162245  0.231444
104.54   1.08422 -0.162269  0.231484
104.541   1.08412 -0.162297   0.23153
104.543   1.08408 -0.162312  0.231554
104.544   1.08404 -0.162324  0.231573
104.545   1.08399 -0.162338  0.231596
104.546   1.08397 -0.162345  0.231608
104.548   1.08395 -0.162351  0.231618
104.549   1.08392 -0.162358  0.231629
104.55   1.08391 -0.162361  0.231635
104.551    1.0839 -0.162365  0.231642
104.553   1.08389 -0.162367  0.231646
104.554  1.08388 -0.16237  0.23165
104.555   1.08388 -0.162372  0.231653
104.557   1.08387 -0.162372  0.231655
104.558   1.08387 -0.162373  0.231656
104.559  1.08421 -0.16227 0.231513
104.56   1.08482 -0.162084  0.231256
104.562   1.08557 -0.161857  0.230941
104.563   1.08596 -0.161736  0.230774
104.564   1.08644 -0.161592  0.230576
104.565   1.08668 -0.161517  0.230472
104.567   1.08689 -0.161455  0.230386
104.568   1.08712 -0.161382  0.230286
104.569   1.08725 -0.161344  0.230233
104.57  1.08739  -0.1613 0.230172
104.572   1.08747 -0.161277  0.230141
104.573   1.08753 -0.161258  0.230115
104.574    1.0876 -0.161236  0.230084
104.575   1.08764 -0.161225  0.230068
104.576   1.08768 -0.161211   0.23005
104.578    1.0877 -0.161204  0.230041
104.579   1.08772 -0.161199  0.230033
104.58   1.08774 -0.161192  0.230024
104.581   1.08776 -0.161188  0.230019
104.583   1.08777 -0.161184  0.230013
104.584   1.08778 -0.161182  0.230011
104.585   1.08778 -0.161181  0.230008
104.586   1.08779 -0.161179  0.230006
104.587   1.08779 -0.161178  0.230004
104.589   1.08779 -0.161177  0.230003
104.59   1.08779 -0.161176  0.230002
104.591    1.0878 -0.161175  0.230001
104.592  1.08734 -0.16111  0.23023
104.593   1.08653 -0.160995   0.23064
104.594   1.08584 -0.160897  0.230988
104.596   1.08501 -0.160779  0.231407
104.597   1.08457 -0.160717  0.231628
104.598   1.08421 -0.160665   0.23181
104.599   1.08391 -0.160623  0.231961
104.6   1.08356 -0.160573  0.232137
104.601   1.08338 -0.160547  0.232229
104.603   1.08323 -0.160526  0.232305
104.604    1.0831 -0.160509  0.232366
104.605   1.08296 -0.160488  0.232439
104.606   1.08289 -0.160478  0.232476
104.607    1.0828 -0.160465   0.23252
104.609   1.08275 -0.160459  0.232543
104.61   1.08272 -0.160454  0.232561
104.611   1.08267 -0.160448  0.232583
104.612   1.08265 -0.160444  0.232594
104.613   1.08263 -0.160442  0.232603
104.615  1.08262 -0.16044 0.232611
104.616    1.0826 -0.160437   0.23262
104.617   1.08259 -0.160436  0.232624
104.618   1.08258 -0.160435  0.232628
104.619   1.08258 -0.160434  0.232632
104.621   1.08257 -0.160433  0.232635
104.622   1.08257 -0.160432  0.232637
104.623   1.08256 -0.160432  0.232639
104.625   1.08256 -0.160432   0.23264
104.626   1.08252 -0.160704  0.232698
104.627  1.08247 -0.16104 0.232769
104.628  1.08244 -0.16122 0.232807
104.63   1.08241 -0.161434  0.232852
104.631   1.08239 -0.161547  0.232876
104.632   1.08238 -0.161639  0.232895
104.633   1.08236 -0.161748  0.232918
104.635   1.08235 -0.161805   0.23293
104.636   1.08234 -0.161871  0.232944
104.637   1.08234 -0.161905  0.232951
104.638   1.08233 -0.161933  0.232957
104.64   1.08233 -0.161966  0.232963
104.641   1.08232 -0.161991  0.232969
104.642   1.08232 -0.162004  0.232971
104.643   1.08232 -0.162014  0.232973
104.645   1.08232 -0.162026  0.232976
104.647   1.08232 -0.162035  0.232977
104.649   1.08232 -0.162045  0.232979
104.65   1.08232 -0.162048   0.23298
104.651   1.08232 -0.162051  0.232981
104.653   1.08231 -0.162053  0.232981
104.654   1.08231 -0.162055  0.232981
104.655   1.08231 -0.162056  0.232981
104.656   1.08231 -0.162057  0.232981
104.658    1.0818 -0.161712  0.233392
104.659   1.08137 -0.161417  0.233742
104.66     1.081 -0.161169  0.234038
104.661   1.08056 -0.160871  0.234391
104.662   1.08032 -0.160715  0.234577
104.664  1.08005 -0.16053 0.234797
104.665   1.07991 -0.160433  0.234911
104.666  1.07974 -0.16032 0.235045
104.667   1.07965 -0.160262  0.235114
104.669   1.07958 -0.160214  0.235171
104.67    1.0795 -0.160157  0.235238
104.671   1.07944 -0.160116  0.235287
104.673   1.07941 -0.160094  0.235313
104.674   1.07937 -0.160069  0.235343
104.675   1.07935 -0.160055  0.235358
104.676   1.07933 -0.160045  0.235371
104.677   1.07932 -0.160032  0.235386
104.679   1.07931 -0.160026  0.235393
104.68   1.0793 -0.16002 0.235399
104.681   1.07929 -0.160014  0.235407
104.682   1.07929 -0.160011   0.23541
104.683   1.07928 -0.160008  0.235413
104.685   1.07928 -0.160005  0.235417
104.686   1.07928 -0.160004  0.235418
104.687   1.07927 -0.160002   0.23542
104.688   1.07927 -0.160001  0.235421
104.69  1.07927    -0.16 0.235422
104.691  1.07927    -0.16 0.235423
104.692  1.07927    -0.16 0.235419
104.693   1.07927 -0.160001  0.235412
104.694   1.07927 -0.160002  0.235405
104.696   1.07927 -0.160004  0.235397
104.697   1.07928 -0.160005  0.235392
104.698   1.07928 -0.160006  0.235386
104.699   1.07928 -0.160006  0.235383
104.7   1.07928 -0.160007  0.235381
104.702   1.07928 -0.160007  0.235379
104.703   1.07928 -0.160008  0.235376
104.704   1.07928 -0.160008  0.235375
104.705   1.07928 -0.160008  0.235373
104.706   1.07928 -0.160009  0.235372
104.708   1.07928 -0.160009  0.235372
104.709   1.07928 -0.160009  0.235371
104.71   1.07928 -0.160009   0.23537
104.711   1.07928 -0.160009   0.23537
104.713   1.07928 -0.160009  0.235369
104.714   1.07929 -0.160009  0.235369
104.715   1.07929 -0.160009  0.235369
104.716   1.07929 -0.160009  0.235368
104.718  1.07929 -0.16001 0.235368
104.719  1.07929 -0.16001 0.235368
104.72  1.07929 -0.16001 0.235367
104.721  1.07929 -0.16001 0.235367
104.722  1.07929 -0.16001 0.235367
104.724  1.07929 -0.16001 0.235367
104.725  1.07951 -0.16013 0.235232
104.726   1.08009 -0.160439  0.234886
104.727    1.0804 -0.160606  0.234699
104.729   1.08077 -0.160806  0.234475
104.73   1.08097 -0.160912  0.234357
104.731    1.0812 -0.161036  0.234217
104.733  1.08132  -0.1611 0.234145
104.734   1.08147 -0.161176  0.234059
104.735   1.08157 -0.161233  0.233996
104.737   1.08163 -0.161262  0.233963
104.738   1.08169 -0.161296  0.233924
104.739   1.08172 -0.161314  0.233904
104.741   1.08176 -0.161335  0.233881
104.742  1.08179 -0.16135 0.233864
104.743   1.08181 -0.161362  0.233851
104.745   1.08183 -0.161368  0.233844
104.746   1.08184 -0.161374  0.233836
104.747   1.08185 -0.161378  0.233832
104.749   1.08185 -0.161381  0.233828
104.75   1.08186 -0.161384  0.233824
104.751   1.08186 -0.161386  0.233822
104.752   1.08186 -0.161388   0.23382
104.754   1.08187 -0.161389  0.233819
104.755  1.08187 -0.16139 0.233818
104.756   1.08187 -0.161391  0.233816
104.758   1.08187 -0.161392  0.233816
104.759   1.08187 -0.161392  0.233815
104.76   1.08097 -0.161164  0.234388
104.762   1.07937 -0.160755  0.235413
104.763   1.07741 -0.160256  0.236663
104.764   1.07636 -0.159991  0.237329
104.765   1.0755 -0.15977 0.237881
104.767  1.07447 -0.15951 0.238533
104.768   1.07394 -0.159374  0.238873
104.769    1.0735 -0.159263  0.239153
104.77   1.07314 -0.159171  0.239382
104.771   1.07285 -0.159096   0.23957
104.773    1.0725 -0.159008   0.23979
104.774   1.07232 -0.158963  0.239904
104.775   1.07218 -0.158925  0.239997
104.776     1.072 -0.158882  0.240107
104.777   1.07192 -0.158859  0.240163
104.779   1.07184 -0.158841  0.240209
104.78   1.07176 -0.158819  0.240263
104.781   1.07171 -0.158808  0.240291
104.782   1.07168 -0.158799  0.240314
104.783   1.07164 -0.158788   0.24034
104.785   1.07162 -0.158782  0.240354
104.786   1.07159 -0.158776   0.24037
104.787   1.07158 -0.158773  0.240378
104.788  1.07157 -0.15877 0.240385
104.79   1.07155 -0.158767  0.240392
104.791   1.07155 -0.158765  0.240396
104.792   1.07287 -0.159164  0.239484
104.793    1.0745 -0.159654   0.23836
104.795   1.07538 -0.159917  0.237757
104.796   1.07642 -0.160231  0.237038
104.797   1.07697 -0.160396  0.236661
104.798  1.07761 -0.16059 0.236216
104.8   1.07795 -0.160691  0.235985
104.801   1.07823 -0.160773  0.235795
104.802   1.07855 -0.160871  0.235572
104.803   1.07872 -0.160921  0.235456
104.804   1.07886 -0.160962  0.235361
104.805   1.07897 -0.160996  0.235283
104.807    1.0791 -0.161036  0.235192
104.808   1.07917 -0.161056  0.235145
104.809   1.07922 -0.161073  0.235107
104.81   1.07927 -0.161087  0.235075
104.811   1.07932 -0.161103  0.235038
104.812   1.07935 -0.161111  0.235019
104.814   1.07938 -0.161118  0.235003
104.815   1.07939 -0.161123   0.23499
104.816  1.07942 -0.16113 0.234975
104.817   1.07943 -0.161133  0.234967
104.819   1.07944 -0.161137  0.234958
104.82   1.07945 -0.161139  0.234953
104.821   1.07945 -0.161141  0.234949
104.822   1.07946 -0.161143  0.234944
104.823   1.07946 -0.161144  0.234942
104.825   1.08087 -0.161194  0.234432
104.826   1.08164 -0.161221  0.234155
104.827   1.08228 -0.161244  0.233922
104.828   1.08304 -0.161271  0.233645
104.829   1.08345 -0.161285  0.233499
104.831   1.08378 -0.161297  0.233379
104.832  1.08417 -0.16131 0.233238
104.833   1.08437 -0.161317  0.233165
104.834   1.08453 -0.161323  0.233105
104.836  1.08473 -0.16133 0.233034
104.837   1.08483 -0.161334  0.232998
104.838   1.08495 -0.161338  0.232955
104.839  1.08501 -0.16134 0.232933
104.841   1.08508 -0.161342  0.232907
104.842   1.08513 -0.161344  0.232888
104.843   1.08516 -0.161345  0.232878
104.845   1.08518 -0.161346  0.232869
104.846   1.08521 -0.161347   0.23286
104.847   1.08522 -0.161347  0.232855
104.848   1.08524 -0.161348  0.232849
104.849   1.08525 -0.161348  0.232846
104.851   1.08525 -0.161348  0.232844
104.852   1.08526 -0.161348  0.232841
104.853   1.08526 -0.161349  0.232839
104.854   1.08527 -0.161349  0.232838
104.856   1.08527 -0.161349  0.232837
104.857   1.08527 -0.161349  0.232836
104.858   1.08527 -0.161349  0.232836
104.859   1.08528 -0.161349  0.232835
104.86   1.08528 -0.161349  0.232834
104.861   1.08455 -0.161236  0.233184
104.863   1.08324 -0.161034   0.23381
104.864   1.08164 -0.160787  0.234573
104.865   1.08079 -0.160655  0.234979
104.866   1.08009 -0.160546  0.235316
104.868   1.07925 -0.160417  0.235715
104.869  1.07882 -0.16035 0.235923
104.87   1.07831 -0.160271  0.236167
104.871  1.07804 -0.16023 0.236294
104.872   1.07783 -0.160197  0.236398
104.873   1.07765 -0.160169  0.236483
104.875   1.07744 -0.160137  0.236582
104.876  1.07733 -0.16012 0.236634
104.877   1.07724 -0.160106  0.236676
104.878   1.07717 -0.160095  0.236711
104.879   1.07709 -0.160082  0.236751
104.88   1.07704 -0.160075  0.236772
104.882  1.07701 -0.16007 0.236789
104.882   1.07696 -0.160063  0.236809
104.884  1.07694 -0.16006  0.23682
104.885   1.07692 -0.160057  0.236828
104.887    1.0769 -0.160054  0.236838
104.887   1.07689 -0.160052  0.236843
104.889  1.07688 -0.16005 0.236849
104.89   1.07687 -0.160049  0.236852
104.891   1.07687 -0.160048  0.236855
104.892   1.07686 -0.160048  0.236857
104.894   1.07697 -0.160059  0.236858
104.895  1.07725 -0.16009 0.236858
104.896    1.0774 -0.160107  0.236858
104.897   1.07752 -0.160121  0.236857
104.898   1.07767 -0.160138  0.236856
104.9   1.07775 -0.160147  0.236856
104.901   1.07785 -0.160157  0.236855
104.902   1.07789 -0.160162  0.236855
104.903   1.07793 -0.160167  0.236855
104.904  1.07797 -0.16017 0.236854
104.906     1.078 -0.160175  0.236854
104.907   1.07802 -0.160177  0.236854
104.908   1.07805 -0.160179  0.236853
104.909   1.07806 -0.160181  0.236853
104.911   1.07807 -0.160182  0.236853
104.912   1.07808 -0.160183  0.236853
104.913   1.07809 -0.160184  0.236852
104.914   1.07809 -0.160185  0.236852
104.915    1.0781 -0.160185  0.236852
104.917    1.0781 -0.160186  0.236852
104.918    1.0781 -0.160186  0.236852
104.919   1.07811 -0.160186  0.236851
104.92   1.07811 -0.160186  0.236851
104.922   1.07811 -0.160187  0.236851
104.923   1.07811 -0.160187  0.236851
104.924   1.07811 -0.160187  0.236851
104.925   1.07831 -0.160272   0.23669
104.926   1.07866 -0.160425  0.236401
104.928   1.07895 -0.160554  0.236157
104.929    1.0792 -0.160663  0.235951
104.93   1.07949 -0.160792  0.235706
104.931  1.07965 -0.16086 0.235578
104.932   1.07978 -0.160916  0.235472
104.933   1.07988 -0.160962  0.235384
104.935   1.08001 -0.161016  0.235282
104.936   1.08007 -0.161044  0.235229
104.937   1.08012 -0.161067  0.235185
104.938   1.08017 -0.161086   0.23515
104.939   1.08022 -0.161108  0.235108
104.94   1.08024 -0.161119  0.235086
104.941   1.08026 -0.161129  0.235068
104.943   1.08028 -0.161136  0.235054
104.944    1.0803 -0.161145  0.235037
104.945  1.08031 -0.16115 0.235028
104.946   1.08033 -0.161155  0.235017
104.948   1.08033 -0.161158  0.235012
104.949  1.08034 -0.16116 0.235007
104.95   1.08034 -0.161163  0.235002
104.951   1.08035 -0.161164     0.235
104.952   1.08035 -0.161165  0.234997
104.954   1.08035 -0.161167  0.234995
104.955   1.08035 -0.161167  0.234993
104.956   1.08036 -0.161168  0.234992
104.957   1.08036 -0.161169  0.234991
104.958   1.08036 -0.161169   0.23499
104.96   1.08012 -0.161021  0.235213
104.961   1.07984 -0.160839  0.235487
104.962   1.07968 -0.160742  0.235633
104.963   1.07955 -0.160661  0.235755
104.965    1.0794 -0.160565  0.235899
104.966   1.07932 -0.160515  0.235975
104.967   1.07923 -0.160456  0.236063
104.968   1.07918 -0.160425  0.236109
104.97   1.07912 -0.160389  0.236163
104.971  1.07909 -0.16037 0.236191
104.972   1.07906 -0.160348  0.236224
104.974   1.07904 -0.160337  0.236241
104.975   1.07902 -0.160324  0.236261
104.976   1.07901 -0.160317  0.236271
104.977     1.079 -0.160311  0.236279
104.978   1.07899 -0.160305  0.236289
104.98   1.07898 -0.160301  0.236294
104.981   1.07898 -0.160299  0.236298
104.982   1.07898 -0.160296  0.236301
104.983   1.07897 -0.160294  0.236305
104.984   1.07897 -0.160292  0.236307
104.985   1.07897 -0.160291  0.236309
104.987  1.07897 -0.16029 0.236311
104.988   1.07897 -0.160289  0.236312
104.989   1.07897 -0.160289  0.236313
104.99   1.07896 -0.160288  0.236313
104.991  1.08175 -0.16082 0.234744
104.992   1.08326 -0.161109   0.23389
104.994   1.08453 -0.161352  0.233174
104.995   1.08559 -0.161554  0.232578
104.996   1.08684 -0.161793  0.231872
104.997   1.08749 -0.161918  0.231503
104.998   1.08803 -0.162021    0.2312
105   1.08866 -0.162141  0.230844
105.001   1.08899 -0.162204  0.230659
105.002   1.08926 -0.162255  0.230508
105.003   1.08957 -0.162315   0.23033
105.005   1.08973 -0.162346  0.230238
105.006   1.08992 -0.162383  0.230131
105.007   1.09002 -0.162402  0.230075
105.008    1.0901 -0.162417   0.23003
105.009    1.0902 -0.162435  0.229976
105.01   1.09025 -0.162444  0.229949
105.012   1.09029 -0.162452  0.229926
105.013   1.09033 -0.162461    0.2299
105.014   1.09036 -0.162466  0.229886
105.015   1.09038 -0.162469  0.229875
105.017    1.0904 -0.162474  0.229862
105.018   1.09041 -0.162476  0.229855
105.019   1.09042 -0.162478   0.22985
105.02   1.09043 -0.162479  0.229846
105.021   1.09044 -0.162481  0.229841
105.022   1.09044 -0.162482  0.229838
105.024   1.09045 -0.162482  0.229836
105.025   1.09045 -0.162483  0.229834
105.026    1.0894 -0.162321  0.230412
105.027    1.0885 -0.162182  0.230906
105.028   1.08775 -0.162064  0.231324
105.029   1.08684 -0.161924  0.231824
105.031  1.08636 -0.16185 0.232087
105.032   1.08597 -0.161788  0.232304
105.033    1.0855 -0.161717  0.232559
105.034   1.08526 -0.161679  0.232692
105.036   1.08498 -0.161635  0.232848
105.037   1.08483 -0.161612  0.232929
105.038   1.08471 -0.161594  0.232995
105.039   1.08457 -0.161572  0.233073
105.04   1.0845 -0.16156 0.233113
105.042   1.08444 -0.161551  0.233146
105.043  1.08437 -0.16154 0.233185
105.044   1.08433 -0.161535  0.233205
105.045   1.0843 -0.16153 0.233221
105.046   1.08428 -0.161526  0.233235
105.048   1.08425 -0.161522   0.23325
105.049   1.08423 -0.161519  0.233259
105.05   1.08422 -0.161517  0.233268
105.051   1.08421 -0.161515  0.233273
105.052    1.0842 -0.161514  0.233277
105.054   1.08419 -0.161513  0.233282
105.055   1.08419 -0.161512  0.233284
105.056   1.08418 -0.161511  0.233286
105.057   1.08418 -0.161511  0.233289
105.058   1.08373 -0.161393   0.23358
105.06   1.08294 -0.161184  0.234098
105.061   1.08197 -0.160928  0.234731
105.062   1.08145 -0.160792  0.235068
105.063   1.08102 -0.160679  0.235348
105.065   1.08052 -0.160546  0.235678
105.066   1.08025 -0.160476   0.23585
105.067   1.07994 -0.160394  0.236053
105.068   1.07978 -0.160352  0.236158
105.07   1.07959 -0.160302  0.236281
105.071    1.0795 -0.160276  0.236345
105.072   1.07942 -0.160255  0.236397
105.073  1.07932 -0.16023 0.236459
105.074   1.07927 -0.160218   0.23649
105.076   1.07923 -0.160207  0.236516
105.077   1.07919 -0.160195  0.236547
105.078   1.07916 -0.160188  0.236562
105.079   1.07914 -0.160183  0.236575
105.08   1.07912 -0.160177   0.23659
105.082   1.07911 -0.160174  0.236598
105.083  1.07909 -0.16017 0.236607
105.084   1.07909 -0.160168  0.236611
105.086   1.07908 -0.160166  0.236617
105.087   1.07907 -0.160165   0.23662
105.088   1.07907 -0.160164  0.236622
105.089   1.07907 -0.160163  0.236624
105.09   1.07906 -0.160163  0.236626
105.092   1.07906 -0.160162  0.236627
105.093   1.08006 -0.160387  0.236113
105.094   1.08128 -0.160665   0.23548
105.095   1.08194 -0.160813  0.235141
105.096   1.08272 -0.160991  0.234737
105.098   1.08313 -0.161083  0.234524
105.099  1.08347 -0.16116 0.234349
105.1  1.08387 -0.16125 0.234144
105.101   1.08407 -0.161297  0.234037
105.102   1.08424 -0.161335  0.233949
105.104  1.08444 -0.16138 0.233847
105.105   1.08454 -0.161403  0.233793
105.106   1.08463 -0.161423   0.23375
105.107   1.08473 -0.161445  0.233699
105.109   1.08478 -0.161456  0.233672
105.11   1.08482 -0.161466  0.233651
105.111   1.08487 -0.161477  0.233625
105.112   1.08489 -0.161483  0.233612
105.113   1.08492 -0.161489  0.233597
105.115   1.08494 -0.161493  0.233589
105.116   1.08495 -0.161496  0.233582
105.117   1.08496 -0.161499  0.233575
105.118   1.08497 -0.161501  0.233571
105.12   1.08498 -0.161503  0.233566
105.121   1.08499 -0.161504  0.233564
105.122   1.08499 -0.161505  0.233562
105.123   1.08499 -0.161506  0.233559
105.125     1.085 -0.161506  0.233558
105.126   1.08455 -0.161542  0.233768
105.127   1.08376 -0.161607  0.234145
105.128   1.08279 -0.161685  0.234605
105.129   1.08227 -0.161727  0.234849
105.131   1.08166 -0.161776   0.23514
105.132   1.08134 -0.161802  0.235292
105.133   1.08107 -0.161824  0.235417
105.134   1.08086 -0.161841   0.23552
105.135    1.0806 -0.161862  0.235641
105.136   1.08047 -0.161872  0.235703
105.138   1.08036 -0.161881  0.235754
105.139   1.08027 -0.161888  0.235796
105.14   1.08017 -0.161896  0.235846
105.141   1.08012 -0.161901  0.235871
105.142   1.08007 -0.161904  0.235892
105.143   1.08004 -0.161907  0.235909
105.144  1.07999 -0.16191 0.235929
105.146   1.07997 -0.161912  0.235939
105.147   1.07995 -0.161914  0.235947
105.148   1.07994 -0.161915  0.235954
105.149   1.07992 -0.161916  0.235962
105.15   1.07991 -0.161917  0.235966
105.152   1.07991 -0.161917   0.23597
105.153    1.0799 -0.161918  0.235974
105.154   1.07989 -0.161918  0.235976
105.155   1.07989 -0.161918  0.235977
105.156   1.07989 -0.161919  0.235979
105.157   1.07988 -0.161919   0.23598
105.159   1.07988 -0.161919  0.235981
105.16   1.07988 -0.161919  0.235982
105.161   1.08007 -0.161753  0.236036
105.162    1.0803 -0.161548  0.236103
105.163   1.08042 -0.161438  0.236139
105.165   1.08057 -0.161307  0.236182
105.166   1.08064 -0.161238  0.236204
105.167   1.08074 -0.161157   0.23623
105.169    1.0808 -0.161097   0.23625
105.17   1.08084 -0.161066   0.23626
105.171  1.08087 -0.16104 0.236268
105.173   1.0809 -0.16101 0.236278
105.174   1.08092 -0.160994  0.236283
105.175   1.08094 -0.160976  0.236288
105.176   1.08095 -0.160966  0.236291
105.177   1.08096 -0.160959  0.236294
105.179  1.08097 -0.16095 0.236296
105.18   1.08097 -0.160945  0.236298
105.181   1.08098 -0.160941  0.236299
105.182   1.08098 -0.160938    0.2363
105.183   1.08099 -0.160934  0.236301
105.184   1.08099 -0.160932  0.236302
105.186   1.08099 -0.160931  0.236302
105.187   1.08099 -0.160929  0.236302
105.188   1.08099 -0.160928  0.236303
105.189   1.08099 -0.160927  0.236303
105.19   1.08099 -0.160927  0.236303
105.192     1.081 -0.160926  0.236303
105.193   1.08055 -0.160864  0.236524
105.194   1.07976 -0.160755  0.236918
105.195    1.0788 -0.160621  0.237398
105.196  1.07829 -0.16055 0.237654
105.198   1.07786 -0.160491  0.237866
105.199   1.07736 -0.160422  0.238117
105.2    1.0771 -0.160385  0.238247
105.201   1.07688 -0.160355  0.238355
105.202  1.07663 -0.16032 0.238481
105.204    1.0765 -0.160302  0.238546
105.205   1.07634 -0.160281  0.238622
105.206  1.07626 -0.16027 0.238662
105.207    1.0762 -0.160261  0.238694
105.209  1.07612 -0.16025 0.238732
105.21   1.07608 -0.160245  0.238752
105.211   1.07604 -0.160238  0.238774
105.212   1.07601 -0.160235  0.238786
105.213   1.07599 -0.160232  0.238796
105.215   1.07597 -0.160229  0.238807
105.216   1.07596 -0.160228  0.238813
105.217   1.07595 -0.160226  0.238817
105.219   1.07594 -0.160225  0.238823
105.22   1.07593 -0.160224  0.238826
105.221   1.07593 -0.160223  0.238829
105.222   1.07592 -0.160223   0.23883
105.223   1.07592 -0.160222  0.238832
105.225   1.07592 -0.160222  0.238833
105.226   1.07592 -0.160222  0.238834
105.227   1.07719 -0.160668  0.238111
105.228   1.07789 -0.160911  0.237717
105.229   1.07847 -0.161115  0.237387
105.231   1.07916 -0.161358  0.236993
105.232   1.07953 -0.161486  0.236786
105.233   1.07983 -0.161591  0.236616
105.234   1.08008 -0.161677  0.236475
105.235   1.08037 -0.161779  0.236311
105.236   1.08052 -0.161831  0.236225
105.237   1.08064 -0.161874  0.236155
105.239   1.08078 -0.161925  0.236073
105.24   1.08086 -0.161951  0.236031
105.241   1.08092 -0.161972  0.235996
105.242   1.08099 -0.161998  0.235955
105.243  1.08103 -0.16201 0.235934
105.245   1.08106 -0.162021  0.235916
105.246    1.0811 -0.162034  0.235896
105.247  1.08111 -0.16204 0.235885
105.248   1.08113 -0.162045  0.235877
105.249   1.08114 -0.162049   0.23587
105.25   1.08116 -0.162055  0.235861
105.252   1.08116 -0.162057  0.235857
105.253   1.08117 -0.162059  0.235854
105.254   1.08118 -0.162061  0.235851
105.255   1.08118 -0.162063  0.235847
105.257   1.08118 -0.162064  0.235845
105.258   1.08119 -0.162065  0.235843
105.259   1.08119 -0.162066  0.235842
105.26   1.08119 -0.162066  0.235841
105.261   1.08116 -0.161683  0.235831
105.262   1.08113 -0.161211  0.235819
105.264   1.08111 -0.160958  0.235812
105.265   1.08109 -0.160657  0.235804
105.266   1.08108 -0.160499    0.2358
105.267   1.08107 -0.160368  0.235796
105.268   1.08106 -0.160261  0.235793
105.27   1.08105 -0.160136   0.23579
105.271   1.08105 -0.160071  0.235788
105.272   1.08104 -0.160017  0.235787
105.273   1.08104 -0.159954  0.235785
105.274   1.08104 -0.159922  0.235784
105.276   1.08104 -0.159895  0.235783
105.277   1.08103 -0.159864  0.235782
105.278   1.08103 -0.159848  0.235782
105.28   1.08103 -0.159829  0.235781
105.281   1.08103 -0.159815  0.235781
105.282   1.08103 -0.159808   0.23578
105.283   1.08103 -0.159802   0.23578
105.284   1.08103 -0.159797   0.23578
105.286   1.08103 -0.159792   0.23578
105.287   1.08103 -0.159789   0.23578
105.288   1.08103 -0.159787   0.23578
105.289   1.08103 -0.159784  0.235779
105.29   1.08103 -0.159782  0.235779
105.292   1.08102 -0.159916  0.235868
105.293     1.081 -0.160158  0.236025
105.294   1.08098 -0.160362  0.236159
105.295   1.08096 -0.160609   0.23632
105.297   1.08095 -0.160739  0.236405
105.298   1.08094 -0.160846  0.236475
105.299   1.08093 -0.160973  0.236557
105.3   1.08093 -0.161039    0.2366
105.302   1.08092 -0.161117  0.236651
105.303   1.08092 -0.161157  0.236677
105.304  1.08092 -0.16119 0.236698
105.305   1.08092 -0.161228  0.236723
105.307   1.08091 -0.161257  0.236742
105.308   1.08091 -0.161272  0.236751
105.309   1.08091 -0.161284  0.236759
105.31   1.08091 -0.161298  0.236768
105.312   1.08091 -0.161305  0.236773
105.313   1.08091 -0.161314  0.236778
105.314   1.08091 -0.161318  0.236781
105.315   1.08091 -0.161322  0.236784
105.316   1.08091 -0.161325  0.236785
105.318   1.08091 -0.161328  0.236788
105.319  1.08091 -0.16133 0.236789
105.32   1.08091 -0.161332   0.23679
105.321   1.08091 -0.161333  0.236791
105.323   1.08091 -0.161334  0.236791
105.324   1.08091 -0.161335  0.236792
105.325   1.08091 -0.161336  0.236792
105.326   1.08185 -0.161565   0.23625
105.327  1.08266 -0.16176 0.235786
105.329   1.08363 -0.161997  0.235225
105.33   1.08415 -0.162122  0.234927
105.331   1.08476 -0.162271  0.234575
105.332   1.08509 -0.162349   0.23439
105.334   1.08535 -0.162412  0.234239
105.335   1.08566 -0.162487  0.234061
105.336   1.08582 -0.162526  0.233969
105.337   1.08595 -0.162558  0.233893
105.338   1.08606 -0.162584  0.233831
105.339   1.08618 -0.162614  0.233759
105.341  1.08625 -0.16263 0.233721
105.342   1.08632 -0.162649  0.233677
105.343   1.08636 -0.162658  0.233654
105.345   1.08641 -0.162669  0.233628
105.346   1.08643 -0.162675  0.233614
105.347   1.08646 -0.162682  0.233598
105.348   1.08648 -0.162685  0.233589
105.35   1.08649 -0.162689   0.23358
105.351    1.0865 -0.162691  0.233575
105.352   1.08651 -0.162694  0.233569
105.354   1.08652 -0.162695  0.233566
105.355   1.08652 -0.162696  0.233563
105.356   1.08653 -0.162697   0.23356
105.357   1.08653 -0.162698  0.233559
105.358   1.08653 -0.162698  0.233558
105.359   1.08653 -0.162699  0.233557
105.361   1.08653 -0.162699  0.233557
105.362   1.08629 -0.162377  0.233908
105.364   1.08616 -0.162202    0.2341
105.365   1.08605 -0.162055  0.234261
105.366  1.08592 -0.16188 0.234453
105.367   1.08585 -0.161788  0.234553
105.368    1.0858 -0.161712  0.234636
105.369   1.08573 -0.161623  0.234734
105.371   1.08569 -0.161577  0.234785
105.372   1.08567 -0.161539  0.234826
105.373   1.08563 -0.161495  0.234875
105.374   1.08561 -0.161471    0.2349
105.376    1.0856 -0.161453  0.234921
105.377  1.08558 -0.16143 0.234945
105.378   1.08557 -0.161419  0.234958
105.379   1.08557 -0.161409  0.234968
105.38   1.08556 -0.161398   0.23498
105.382   1.08555 -0.161393  0.234986
105.383   1.08555 -0.161386  0.234993
105.384   1.08555 -0.161383  0.234997
105.386  1.08554 -0.16138    0.235
105.387   1.08554 -0.161376  0.235004
105.388   1.08554 -0.161375  0.235006
105.389   1.08554 -0.161373  0.235007
105.39   1.08554 -0.161372  0.235009
105.392   1.08554 -0.161371   0.23501
105.393   1.08433 -0.161338  0.235568
105.394  1.08368 -0.16132 0.235871
105.395   1.08313 -0.161305  0.236126
105.396   1.08247 -0.161287  0.236429
105.398   1.08213 -0.161278  0.236588
105.399  1.08185 -0.16127 0.236719
105.4   1.08152 -0.161261  0.236873
105.401   1.08134 -0.161256  0.236954
105.403    1.0812 -0.161252  0.237019
105.404   1.08103 -0.161248  0.237096
105.405   1.08095 -0.161245  0.237136
105.406   1.08088 -0.161243  0.237168
105.407   1.08079 -0.161241  0.237207
105.409  1.08075 -0.16124 0.237226
105.41    1.0807 -0.161239  0.237249
105.411   1.08068 -0.161238  0.237261
105.412   1.08065 -0.161237  0.237271
105.413   1.08063 -0.161237  0.237283
105.415   1.08062 -0.161236  0.237288
105.416    1.0806 -0.161236  0.237295
105.417   1.08059 -0.161236  0.237299
105.419   1.08059 -0.161235  0.237302
105.42   1.08058 -0.161235  0.237305
105.421   1.08058 -0.161235  0.237307
105.422   1.08057 -0.161235  0.237309
105.424   1.08057 -0.161235   0.23731
105.425  1.08067 -0.16125 0.237288
105.426   1.08092 -0.161288   0.23723
105.427   1.08106 -0.161308  0.237199
105.428   1.08118 -0.161325  0.237172
105.43   1.08132 -0.161346  0.237141
105.431   1.08139 -0.161356  0.237124
105.432   1.08147 -0.161369  0.237105
105.433   1.08152 -0.161375  0.237095
105.435   1.08155 -0.161381  0.237087
105.436   1.08159 -0.161387  0.237077
105.437  1.08162 -0.16139 0.237072
105.438   1.08164 -0.161394  0.237066
105.439   1.08166 -0.161396  0.237062
105.441   1.08167 -0.161397   0.23706
105.442   1.08168 -0.161399  0.237058
105.443  1.08168  -0.1614 0.237056
105.444   1.08169 -0.161401  0.237054
105.445    1.0817 -0.161402  0.237053
105.446    1.0817 -0.161402  0.237052
105.448    1.0817 -0.161403  0.237051
105.449   1.08171 -0.161403   0.23705
105.45   1.08171 -0.161403   0.23705
105.451   1.08171 -0.161404  0.237049
105.452   1.08171 -0.161404  0.237049
105.453   1.08171 -0.161404  0.237048
105.454   1.08171 -0.161404  0.237048
105.456   1.08171 -0.161404  0.237048
105.457   1.08171 -0.161404  0.237048
105.458   1.08184 -0.161424  0.237013
105.459   1.08195 -0.161441  0.236983
105.46   1.08204 -0.161455  0.236958
105.461   1.08212 -0.161467  0.236937
105.463   1.08221 -0.161481  0.236912
105.464   1.08226 -0.161488  0.236899
105.465    1.0823 -0.161494  0.236888
105.466   1.08233 -0.161499  0.236879
105.467   1.08236 -0.161503  0.236871
105.468   1.08239 -0.161508  0.236863
105.47  1.08241 -0.16151 0.236858
105.471   1.08242 -0.161512  0.236854
105.472   1.08244 -0.161515   0.23685
105.473   1.08244 -0.161516  0.236848
105.474   1.08245 -0.161517  0.236846
105.476   1.08246 -0.161518  0.236844
105.477   1.08246 -0.161518  0.236842
105.478   1.08247 -0.161519  0.236841
105.479  1.08247 -0.16152  0.23684
105.48  1.08247 -0.16152  0.23684
105.482  1.08247 -0.16152 0.236839
105.483  1.08248 -0.16152 0.236839
105.484  1.08248 -0.16152 0.236838
105.485   1.08248 -0.161521  0.236838
105.487   1.08248 -0.161521  0.236838
105.488   1.08248 -0.161521  0.236837
105.489   1.08248 -0.161521  0.236837
105.49   1.08248 -0.161521  0.236837
105.491   1.08248 -0.161521  0.236837
105.492   1.08248 -0.161521  0.236837
105.494   1.08255 -0.161528  0.236914
105.495   1.08261 -0.161534  0.236981
105.496   1.08269 -0.161541  0.237061
105.497   1.08273 -0.161545  0.237103
105.498   1.08276 -0.161548  0.237138
105.499   1.08279 -0.161551  0.237167
105.501   1.08282 -0.161554  0.237201
105.502   1.08284 -0.161555  0.237219
105.503   1.08285 -0.161557  0.237233
105.504   1.08286 -0.161558  0.237245
105.505   1.08287 -0.161559  0.237254
105.506  1.08288 -0.16156 0.237266
105.508  1.08289 -0.16156 0.237272
105.509    1.0829 -0.161561  0.237278
105.51    1.0829 -0.161561  0.237282
105.511    1.0829 -0.161561  0.237285
105.512   1.08291 -0.161561  0.237288
105.514   1.08291 -0.161562   0.23729
105.515   1.08291 -0.161562  0.237291
105.516   1.08291 -0.161562  0.237293
105.517   1.08291 -0.161562  0.237294
105.519   1.08291 -0.161562  0.237294
105.52   1.08291 -0.161562  0.237295
105.521   1.08291 -0.161562  0.237295
105.522   1.08291 -0.161562  0.237296
105.523   1.08291 -0.161562  0.237296
105.525   1.08291 -0.161562  0.237296
105.526   1.08302 -0.161677  0.237265
105.527   1.08311 -0.161775  0.237239
105.528   1.08322 -0.161893  0.237207
105.529   1.08328 -0.161956   0.23719
105.531   1.08333 -0.162008  0.237176
105.532   1.08338 -0.162069  0.237159
105.533   1.08341 -0.162101   0.23715
105.534   1.08345 -0.162139   0.23714
105.536   1.08347 -0.162158  0.237134
105.537   1.08348 -0.162174   0.23713
105.538   1.08349 -0.162187  0.237126
105.539   1.08351 -0.162202  0.237122
105.54  1.08352 -0.16221  0.23712
105.542   1.08352 -0.162217  0.237118
105.543   1.08353 -0.162224  0.237115
105.544   1.08353 -0.162228  0.237114
105.545   1.08354 -0.162233  0.237113
105.547   1.08354 -0.162235  0.237112
105.548   1.08354 -0.162237  0.237112
105.549   1.08354 -0.162239  0.237111
105.55  1.08354 -0.16224 0.237111
105.551   1.08354 -0.162241   0.23711
105.553   1.08354 -0.162242   0.23711
105.554   1.08355 -0.162242   0.23711
105.555   1.08355 -0.162243  0.237109
105.556   1.08355 -0.162244  0.237109
105.557   1.08352 -0.162186  0.237135
105.559   1.08345 -0.162037  0.237201
105.56   1.08341 -0.161956  0.237236
105.561   1.08338 -0.161889  0.237266
105.562   1.08334 -0.161809  0.237301
105.564   1.08332 -0.161767  0.237319
105.565   1.08331 -0.161733  0.237334
105.566   1.08329 -0.161692  0.237351
105.567   1.08328 -0.161671  0.237361
105.568   1.08327 -0.161654  0.237368
105.57  1.08326 -0.16164 0.237374
105.571   1.08325 -0.161624  0.237381
105.572   1.08325 -0.161615  0.237385
105.573   1.08324 -0.161605  0.237389
105.575  1.08324  -0.1616 0.237391
105.576   1.08324 -0.161595  0.237393
105.577  1.08324 -0.16159 0.237395
105.578   1.08324 -0.161588  0.237396
105.58   1.08323 -0.161585  0.237398
105.581   1.08323 -0.161583  0.237398
105.582   1.08323 -0.161582  0.237399
105.583   1.08323 -0.161581  0.237399
105.585  1.08323 -0.16158 0.237399
105.586   1.08323 -0.161579    0.2374
105.586   1.08323 -0.161578    0.2374
105.588   1.08323 -0.161578    0.2374
105.589   1.08323 -0.161577    0.2374
105.59   1.08323 -0.161577    0.2374
105.591   1.08324 -0.161577  0.237378
105.592   1.08324 -0.161577   0.23735
105.594   1.08324 -0.161577  0.237336
105.595   1.08325 -0.161577  0.237323
105.596   1.08325 -0.161577  0.237309
105.597   1.08325 -0.161577  0.237301
105.599   1.08325 -0.161576  0.237294
105.6   1.08325 -0.161576  0.237289
105.601   1.08325 -0.161576  0.237283
105.602   1.08325 -0.161576   0.23728
105.604   1.08325 -0.161576  0.237276
105.605   1.08325 -0.161576  0.237274
105.606   1.08326 -0.161576  0.237272
105.607   1.08326 -0.161576   0.23727
105.608   1.08326 -0.161576  0.237269
105.61   1.08326 -0.161576  0.237269
105.611   1.08326 -0.161576  0.237268
105.612   1.08326 -0.161576  0.237267
105.613   1.08326 -0.161576  0.237267
105.615   1.08326 -0.161576  0.237266
105.616   1.08326 -0.161576  0.237266
105.617   1.08326 -0.161576  0.237265
105.618   1.08326 -0.161576  0.237265
105.62   1.08326 -0.161576  0.237265
105.621   1.08326 -0.161576  0.237265
105.622   1.08326 -0.161576  0.237265
105.623   1.08326 -0.161576  0.237265
105.625   1.08335 -0.161638  0.237298
105.626   1.08358 -0.161798  0.237385
105.627   1.08371 -0.161884  0.237432
105.628   1.08382 -0.161956  0.237471
105.629   1.08394 -0.162042  0.237517
105.631   1.08401 -0.162086  0.237541
105.632   1.08407 -0.162123  0.237561
105.633   1.08411 -0.162153  0.237578
105.634   1.08415 -0.162178  0.237591
105.635   1.08419 -0.162207  0.237607
105.637   1.08421 -0.162222  0.237615
105.638  1.08424 -0.16224 0.237624
105.639   1.08425 -0.162249  0.237629
105.64   1.08426 -0.162257  0.237633
105.642   1.08427 -0.162265  0.237638
105.643  1.08428 -0.16227  0.23764
105.644   1.08429 -0.162275  0.237643
105.645   1.08429 -0.162278  0.237644
105.647   1.0843 -0.16228 0.237646
105.648    1.0843 -0.162282  0.237646
105.649    1.0843 -0.162284  0.237648
105.65    1.0843 -0.162285  0.237648
105.652   1.08431 -0.162286  0.237649
105.653   1.08431 -0.162287  0.237649
105.654   1.08431 -0.162287  0.237649
105.655   1.08431 -0.162288  0.237649
105.656   1.08431 -0.162288   0.23765
105.657   1.08465 -0.162158  0.237583
105.658   1.08495 -0.162047  0.237526
105.66    1.0852 -0.161953  0.237479
105.661    1.0854 -0.161874  0.237438
105.662   1.08558 -0.161809  0.237405
105.663   1.08578 -0.161732  0.237366
105.664   1.08589 -0.161692  0.237345
105.666   1.08597 -0.161659  0.237328
105.667  1.08608 -0.16162 0.237308
105.668  1.08613  -0.1616 0.237298
105.67   1.08619 -0.161577  0.237286
105.671   1.08622 -0.161564  0.237279
105.672  1.08626 -0.16155 0.237272
105.673   1.08628 -0.161543  0.237268
105.675    1.0863 -0.161534  0.237264
105.676   1.08631 -0.161529  0.237261
105.677   1.08632 -0.161526  0.237259
105.678   1.08633 -0.161521  0.237257
105.68   1.08634 -0.161519  0.237256
105.681   1.08634 -0.161517  0.237255
105.682   1.08635 -0.161516  0.237254
105.683   1.08635 -0.161514  0.237253
105.684   1.08636 -0.161513  0.237253
105.686   1.08636 -0.161512  0.237252
105.687   1.08636 -0.161511  0.237252
105.688   1.08636 -0.161511  0.237251
105.689   1.08636 -0.161511  0.237251
105.69  1.08636 -0.16151 0.237251
105.691  1.08636 -0.16151 0.237251
105.693  1.08636 -0.16151  0.23725
105.694  1.08636 -0.16151  0.23725
105.695   1.08636 -0.161509   0.23725
105.697   1.08636 -0.161509   0.23725
105.698   1.08636 -0.161509   0.23725
105.699   1.08636 -0.161509   0.23725
105.7   1.08636 -0.161509   0.23725
105.701   1.08636 -0.161509   0.23725
105.703   1.08636 -0.161509   0.23725
105.704   1.08636 -0.161509   0.23725
105.705   1.08636 -0.161509   0.23725
105.706   1.08636 -0.161509   0.23725
105.707   1.08636 -0.161509  0.237249
105.709   1.08636 -0.161509  0.237249
105.71   1.08636 -0.161509  0.237249
105.711   1.08636 -0.161509  0.237249
105.712   1.08636 -0.161509  0.237249
105.713   1.08636 -0.161509  0.237249
105.715   1.08636 -0.161509  0.237249
105.716   1.08636 -0.161509  0.237249
105.717   1.08636 -0.161509  0.237249
105.718   1.08636 -0.161509  0.237249
105.719   1.08636 -0.161509  0.237249
105.721   1.08636 -0.161509  0.237249
105.722   1.08636 -0.161509  0.237249
105.723   1.08636 -0.161509  0.237249
105.724   1.08636 -0.161509  0.237249
105.725   1.08636 -0.161509  0.237249
105.726   1.08636 -0.161509  0.237249
105.728   1.08636 -0.161509  0.237249
105.729   1.08636 -0.161509  0.237249
105.73   1.08636 -0.161509  0.237249
105.731   1.08636 -0.161509  0.237249
105.732   1.08636 -0.161509  0.237248
105.734   1.08636 -0.161509  0.237248
105.735   1.08636 -0.161509  0.237248
105.736   1.08636 -0.161509  0.237248
105.737   1.08636 -0.161509  0.237248
105.739   1.08636 -0.161509  0.237248
105.74   1.08636 -0.161509  0.237248
105.741   1.08636 -0.161509  0.237248
105.742   1.08636 -0.161509  0.237248
105.744   1.08636 -0.161509  0.237248
105.745   1.08636 -0.161509  0.237248
105.746   1.08636 -0.161509  0.237248
105.747   1.08636 -0.161509  0.237248
105.749   1.08636 -0.161509  0.237248
105.75   1.08636 -0.161509  0.237248
105.751   1.08636 -0.161509  0.237248
105.752   1.08636 -0.161509  0.237248
105.753   1.08636 -0.161509  0.237248
105.754   1.08636 -0.161509  0.237248
105.756   1.08636 -0.161509  0.237248
105.757   1.08636 -0.161509  0.237248
105.758   1.08636 -0.161509  0.237248
105.759   1.08636 -0.161509  0.237248
105.761   1.08636 -0.161509  0.237248
105.762   1.08636 -0.161509  0.237247
105.763   1.08635 -0.161509  0.237247
105.764   1.08635 -0.161509  0.237247
105.765   1.08635 -0.161509  0.237247
105.767   1.08635 -0.161509  0.237247
105.768   1.08635 -0.161509  0.237247
105.769   1.08635 -0.161509  0.237247
105.77   1.08635 -0.161509  0.237247
105.771   1.08635 -0.161509  0.237247
105.773   1.08635 -0.161509  0.237247
105.774   1.08635 -0.161509  0.237247
105.775   1.08635 -0.161509  0.237247
105.776   1.08635 -0.161509  0.237247
105.777   1.08635 -0.161509  0.237247
105.779   1.08635 -0.161509  0.237247
105.78   1.08635 -0.161509  0.237247
105.781   1.08635 -0.161509  0.237247
105.782   1.08635 -0.161509  0.237247
105.783   1.08635 -0.161509  0.237247
105.785   1.08635 -0.161509  0.237247
105.786   1.08635 -0.161509  0.237247
105.787   1.08635 -0.161509  0.237247
105.789   1.08635 -0.161509  0.237247
105.79   1.08635 -0.161509  0.237247
105.792   1.08635 -0.161509  0.237247
105.793   1.08635 -0.161509  0.237246
105.794   1.08635 -0.161509  0.237246
105.795   1.08635 -0.161509  0.237246
105.797   1.08635 -0.161509  0.237246
105.798   1.08635 -0.161509  0.237246
105.799   1.08635 -0.161509  0.237246
105.8   1.08635 -0.161509  0.237246
105.801   1.08635 -0.161509  0.237246
105.803   1.08635 -0.161509  0.237246
105.804   1.08635 -0.161509  0.237246
105.805   1.08635 -0.161509  0.237246
105.806   1.08635 -0.161509  0.237246
105.807   1.08635 -0.161509  0.237246
105.808   1.08635 -0.161509  0.237246
105.81   1.08635 -0.161509  0.237246
105.811   1.08635 -0.161509  0.237246
105.812   1.08635 -0.161509  0.237246
105.813   1.08635 -0.161509  0.237246
105.815   1.08635 -0.161509  0.237246
105.816   1.08635 -0.161509  0.237246
105.817   1.08635 -0.161509  0.237246
105.818   1.08635 -0.161509  0.237246
105.819   1.08635 -0.161509  0.237246
105.82   1.08635 -0.161509  0.237246
105.822   1.08635 -0.161509  0.237246
105.823   1.08635 -0.161509  0.237246
105.824   1.08635 -0.161509  0.237246
105.825   1.08635 -0.161509  0.237246
105.827   1.08635 -0.161509  0.237245
105.828   1.08635 -0.161509  0.237245
105.829   1.08635 -0.161509  0.237245
105.83   1.08635 -0.161509  0.237245
105.831   1.08635 -0.161509  0.237245
105.833   1.08635 -0.161509  0.237245
105.834   1.08635 -0.161509  0.237245
105.835   1.08635 -0.161509  0.237245
105.836   1.08635 -0.161509  0.237245
105.838   1.08635 -0.161509  0.237245
105.839   1.08635 -0.161509  0.237245
105.84   1.08635 -0.161509  0.237245
105.841   1.08635 -0.161509  0.237245
105.843   1.08635 -0.161509  0.237245
105.844   1.08635 -0.161509  0.237245
105.845   1.08635 -0.161509  0.237245
105.846   1.08635 -0.161509  0.237245
105.847   1.08635 -0.161509  0.237245
105.849   1.08635 -0.161509  0.237245
105.85   1.08635 -0.161509  0.237245
105.851   1.08635 -0.161509  0.237245
105.852   1.08635 -0.161509  0.237245
105.853   1.08634 -0.161509  0.237245
105.855   1.08634 -0.161509  0.237245
105.856   1.08634 -0.161509  0.237245
105.857   1.08634 -0.161509  0.237245
105.858   1.08634 -0.161509  0.237245
105.859   1.08634 -0.161509  0.237245
105.861   1.08634 -0.161509  0.237245
105.862   1.08634 -0.161509  0.237245
105.864   1.08634 -0.161509  0.237245
105.865   1.08634 -0.161509  0.237244
105.866   1.08634 -0.161509  0.237244
105.867   1.08634 -0.161509  0.237244
105.868   1.08634 -0.161509  0.237244
105.87   1.08634 -0.161509  0.237244
105.871   1.08634 -0.161509  0.237244
105.872   1.08634 -0.161509  0.237244
105.873   1.08634 -0.161509  0.237244
105.874   1.08634 -0.161509  0.237244
105.875   1.08634 -0.161509  0.237244
105.877   1.08634 -0.161509  0.237244
105.878   1.08634 -0.161509  0.237244
105.879   1.08634 -0.161509  0.237244
105.88   1.08634 -0.161509  0.237244
105.881   1.08634 -0.161509  0.237244
105.883   1.08634 -0.161509  0.237244
105.884   1.08634 -0.161509  0.237244
105.885   1.08634 -0.161509  0.237244
105.886   1.08634 -0.161509  0.237244
105.888   1.08634 -0.161509  0.237244
105.889   1.08634 -0.161509  0.237244
105.89   1.08634 -0.161509  0.237244
105.891   1.08634 -0.161509  0.237244
105.893   1.08634 -0.161509  0.237244
105.894   1.08634 -0.161509  0.237244
105.895   1.08634 -0.161509  0.237244
105.896   1.08634 -0.161509  0.237244
105.898   1.08634 -0.161509  0.237244
105.899   1.08634 -0.161509  0.237244
105.9   1.08634 -0.161509  0.237244
105.901   1.08634 -0.161509  0.237244
105.903   1.08634 -0.161509  0.237244
105.904   1.08634 -0.161509  0.237244
105.905   1.08634 -0.161509  0.237244
105.906   1.08634 -0.161509  0.237244
105.907   1.08634 -0.161509  0.237244
105.909   1.08634 -0.161509  0.237243
105.91   1.08634 -0.161509  0.237243
105.911   1.08634 -0.161509  0.237243
105.912   1.08634 -0.161509  0.237243
105.913   1.08634 -0.161509  0.237243
105.915   1.08634 -0.161509  0.237243
105.916   1.08634 -0.161509  0.237243
105.917   1.08634 -0.161509  0.237243
105.918   1.08634 -0.161509  0.237243
105.92   1.08634 -0.161509  0.237243
105.921   1.08634 -0.161509  0.237243
105.922   1.08634 -0.161509  0.237243
105.923   1.08634 -0.161509  0.237243
105.924   1.08634 -0.161509  0.237243
105.925   1.08634 -0.161509  0.237243
105.927   1.08634 -0.161509  0.237243
105.928   1.08634 -0.161509  0.237243
105.929   1.08634 -0.161509  0.237243
105.93   1.08634 -0.161509  0.237243
105.931   1.08634 -0.161509  0.237243
105.933   1.08634 -0.161509  0.237243
105.934   1.08634 -0.161509  0.237243
105.935   1.08634 -0.161509  0.237243
105.936   1.08634 -0.161509  0.237243
105.937   1.08634 -0.161509  0.237243
105.938   1.08634 -0.161509  0.237243
105.939   1.08634 -0.161509  0.237243
105.941   1.08634 -0.161509  0.237243
105.942   1.08634 -0.161509  0.237243
105.943   1.08634 -0.161509  0.237243
105.945   1.08634 -0.161509  0.237243
105.946   1.08634 -0.161509  0.237243
105.947   1.08634 -0.161509  0.237243
105.948   1.08634 -0.161509  0.237243
105.949   1.08634 -0.161509  0.237243
105.95   1.08634 -0.161509  0.237243
105.951   1.08606 -0.161524  0.237817
105.953   1.08509 -0.161348  0.238674
105.954   1.08424 -0.161195   0.23942
105.955   1.08352 -0.161065  0.240057
105.956   1.08265 -0.160907  0.240826
105.957   1.08302 -0.161022  0.240783
105.959   1.08413 -0.161309  0.240323
105.96    1.0855 -0.161661  0.239756
105.961  1.08623 -0.16185 0.239453
105.962   1.08683 -0.162006    0.2392
105.964   1.08755 -0.162192  0.238901
105.965   1.08793 -0.162289  0.238745
105.966   1.08823 -0.162368  0.238616
105.967   1.08849 -0.162434  0.238511
105.968  1.08878 -0.16251 0.238387
105.969  1.08894 -0.16255 0.238323
105.971   1.08906 -0.162583   0.23827
105.972   1.08921 -0.162621  0.238209
105.973   1.08929 -0.162641  0.238177
105.974   1.08935 -0.162657   0.23815
105.975   1.0894 -0.16267 0.238129
105.976   1.08944 -0.162681  0.238111
105.978   1.08949 -0.162694  0.238091
105.979 1.08952 -0.1627 0.23808
105.98   1.08954 -0.162705  0.238071
105.981   1.08956 -0.162712  0.238061
105.983   1.08958 -0.162715  0.238056
105.984   1.08959 -0.162718  0.238051
105.985    1.0896 -0.162721  0.238046
105.986    1.0896 -0.162722  0.238043
105.988   1.08961 -0.162724   0.23804
105.989   1.08961 -0.162725  0.238039
105.99   1.08962 -0.162726  0.238037
105.991   1.08751 -0.162177  0.239194
105.993   1.08637 -0.161878  0.239823
105.994   1.08499 -0.161518   0.24058
105.995   1.08426 -0.161329   0.24098
105.996   1.08366 -0.161172  0.241309
105.998   1.08295 -0.160987  0.241698
105.999   1.08258 -0.160891    0.2419
106   1.08228 -0.160812  0.242066
106.001   1.08192 -0.160719  0.242261
106.003   1.08166 -0.160651  0.242405
106.004   1.08153 -0.160615  0.242479
106.005   1.08137 -0.160574  0.242567
106.007   1.08128 -0.160552  0.242612
106.008   1.08122 -0.160534  0.242649
106.009   1.08114 -0.160514  0.242692
106.011    1.0811 -0.160503  0.242714
106.012  1.08105 -0.16049  0.24274
106.013   1.08101 -0.160481   0.24276
106.015   1.08099 -0.160476   0.24277
106.016   1.08097 -0.160471  0.242781
106.017   1.08096 -0.160468  0.242787
106.018   1.08095 -0.160466  0.242792
106.02   1.08094 -0.160463  0.242797
106.021   1.08094 -0.160462    0.2428
106.022  1.08093 -0.16046 0.242803
106.024   1.08093 -0.160459  0.242805
106.025   1.08092 -0.160458  0.242806
106.026   1.08322 -0.161031  0.241735
106.027   1.08447 -0.161343  0.241151
106.029   1.08598 -0.161718  0.240449
106.03   1.08677 -0.161916  0.240078
106.031   1.08743 -0.162079  0.239771
106.032    1.0882 -0.162272   0.23941
106.033    1.0886 -0.162372  0.239222
106.035  1.08908 -0.16249 0.239001
106.036   1.08932 -0.162551  0.238887
106.037   1.08952 -0.162601  0.238793
106.038  1.08976 -0.16266 0.238683
106.04  1.08988 -0.16269 0.238626
106.041   1.09002 -0.162726  0.238559
106.043   1.09013 -0.162752  0.238509
106.044   1.09018 -0.162766  0.238483
106.045   1.09023 -0.162777  0.238462
106.046  1.09028 -0.16279 0.238438
106.047   1.09031 -0.162797  0.238425
106.049   1.09034 -0.162805   0.23841
106.05   1.09035 -0.162809  0.238402
106.051   1.09037 -0.162812  0.238396
106.052   1.09038 -0.162816  0.238388
106.054   1.09039 -0.162818  0.238385
106.055    1.0904 -0.162819  0.238381
106.056    1.0904 -0.162821  0.238378
106.058  1.09125 -0.16285 0.237776
106.059   1.09228 -0.162886  0.237035
106.06   1.09284 -0.162905  0.236638
106.061    1.0933 -0.162921  0.236308
106.062   1.09384 -0.162939  0.235917
106.064   1.09413 -0.162949  0.235713
106.065  1.09446 -0.16296 0.235473
106.066   1.09464 -0.162966  0.235348
106.068   1.09478 -0.162971  0.235245
106.069   1.09495 -0.162976  0.235125
106.07   1.09503 -0.162979  0.235063
106.071   1.09514 -0.162983  0.234991
106.073   1.09519 -0.162984  0.234953
106.074   1.09523 -0.162986  0.234922
106.075   1.09528 -0.162987  0.234886
106.076   1.09531 -0.162988  0.234867
106.078   1.09534 -0.162989  0.234846
106.079  1.09535 -0.16299 0.234834
106.08  1.09536 -0.16299 0.234825
106.081  1.09538 -0.16299 0.234814
106.082   1.09539 -0.162991  0.234809
106.084   1.09539 -0.162991  0.234802
106.085    1.0954 -0.162991  0.234799
106.086    1.0954 -0.162991  0.234795
106.088   1.09541 -0.162991  0.234793
106.089   1.09541 -0.162991  0.234792
106.09   1.09541 -0.162991   0.23479
106.091   1.09541 -0.162991  0.234789
106.093   1.09438 -0.162969  0.235809
106.094   1.09382 -0.162956  0.236364
106.095   1.09335 -0.162946   0.23683
106.097   1.09279 -0.162933  0.237386
106.098   1.09249 -0.162927  0.237677
106.099   1.09225 -0.162921  0.237917
106.1   1.09196 -0.162915  0.238199
106.101   1.09181 -0.162911  0.238346
106.103   1.09164 -0.162907  0.238518
106.104   1.09155 -0.162905  0.238607
106.105   1.09147 -0.162904   0.23868
106.106   1.09139 -0.162901  0.238766
106.108 1.09134 -0.1629 0.23881
106.109   1.09129 -0.162899  0.238862
106.11   1.09126 -0.162898  0.238889
106.111   1.09123 -0.162898  0.238921
106.113   1.09121 -0.162897  0.238937
106.114    1.0912 -0.162897   0.23895
106.115   1.09119 -0.162897  0.238961
106.116   1.09117 -0.162896  0.238974
106.117   1.09117 -0.162896   0.23898
106.119   1.09116 -0.162896  0.238986
106.12   1.09115 -0.162896  0.238992
106.121   1.09115 -0.162896  0.238995
106.122   1.09115 -0.162895  0.238998
106.124   1.09114 -0.162895  0.239001
106.125   1.09114 -0.162895  0.239002
106.126   1.09081 -0.162813  0.239137
106.128   1.09021 -0.162666  0.239374
106.129    1.0897 -0.162541  0.239575
106.13  1.08909 -0.16239 0.239817
106.131   1.08877 -0.162311  0.239945
106.133   1.08839 -0.162217  0.240096
106.134   1.08819 -0.162168  0.240174
106.135  1.08796 -0.16211 0.240267
106.136  1.08784 -0.16208 0.240315
106.138   1.08769 -0.162045  0.240371
106.139   1.08762 -0.162027    0.2404
106.14   1.08753 -0.162006  0.240434
106.142   1.08749 -0.161995  0.240452
106.143   1.08744 -0.161982  0.240472
106.144   1.08741 -0.161975  0.240483
106.145   1.08739 -0.161969  0.240492
106.147   1.08736 -0.161963  0.240502
106.148  1.08735 -0.16196 0.240507
106.149   1.08733 -0.161956  0.240513
106.151   1.08732 -0.161954  0.240516
106.152   1.08732 -0.161952  0.240519
106.153  1.08731 -0.16195 0.240521
106.154   1.08731 -0.161949  0.240523
106.155    1.0873 -0.161948  0.240524
106.157    1.0873 -0.161947  0.240525
106.158    1.0873 -0.161947  0.240526
106.159   1.08729 -0.161946  0.240527
106.16   1.08709 -0.161897   0.24083
106.162  1.08698 -0.16187 0.240995
106.163   1.08689 -0.161848  0.241133
106.164   1.08677 -0.161821  0.241298
106.165   1.08672 -0.161807  0.241384
106.166   1.08667 -0.161795  0.241455
106.168   1.08661 -0.161782  0.241538
106.169   1.08658 -0.161775  0.241582
106.17   1.08656 -0.161769  0.241617
106.171   1.08653 -0.161762  0.241659
106.172   1.08652 -0.161759   0.24168
106.174    1.0865 -0.161756  0.241698
106.175   1.08649 -0.161752  0.241718
106.176   1.08648 -0.161751  0.241729
106.177   1.08648 -0.161749  0.241737
106.179   1.08647 -0.161748  0.241747
106.18   1.08647 -0.161747  0.241752
106.181   1.08646 -0.161746  0.241757
106.182   1.08646 -0.161745  0.241761
106.184   1.08646 -0.161745  0.241764
106.185   1.08646 -0.161744  0.241767
106.186   1.08645 -0.161744  0.241768
106.187   1.08645 -0.161744  0.241769
106.188   1.08645 -0.161744  0.241771
106.19   1.08645 -0.161743  0.241771
106.191   1.08645 -0.161743  0.241772
106.192   1.08645 -0.161743  0.241772
106.194   1.08751 -0.161998  0.241119
106.195   1.08881 -0.162311  0.240315
106.196   1.08951 -0.162479  0.239884
106.197   1.09009 -0.162618  0.239525
106.199   1.09078 -0.162784    0.2391
106.2  1.09114 -0.16287 0.238878
106.201   1.09143 -0.162941  0.238695
106.202   1.09178 -0.163024   0.23848
106.203   1.09196 -0.163068  0.238369
106.204   1.09211 -0.163103  0.238278
106.206   1.09223 -0.163132  0.238203
106.207   1.09237 -0.163166  0.238115
106.208   1.09244 -0.163184   0.23807
106.209    1.0925 -0.163198  0.238033
106.21  1.09255 -0.16321 0.238002
106.211   1.09259 -0.163219  0.237977
106.213   1.09264 -0.163231  0.237948
106.214   1.09266 -0.163236  0.237933
106.215   1.09269 -0.163243  0.237915
106.216   1.09271 -0.163247  0.237906
106.218   1.09272 -0.163251  0.237895
106.219   1.09273 -0.163253   0.23789
106.22   1.09274 -0.163255  0.237883
106.221   1.09275 -0.163257   0.23788
106.223   1.09275 -0.163258  0.237877
106.224   1.09275 -0.163259  0.237875
106.225   1.09276 -0.163259  0.237872
106.226    1.0924 -0.163188  0.238266
106.227    1.0921 -0.163127  0.238602
106.229   1.09174 -0.163053  0.239009
106.23   1.09154 -0.163014  0.239225
106.231   1.09138 -0.162982  0.239404
106.232   1.09119 -0.162943  0.239614
106.233   1.09109 -0.162923  0.239724
106.235   1.09101 -0.162907  0.239814
106.236   1.09091 -0.162888   0.23992
106.237   1.09086 -0.162878  0.239975
106.239    1.0908 -0.162866  0.240039
106.24  1.09077 -0.16286 0.240072
106.241   1.09075 -0.162855  0.240099
106.242   1.09072 -0.162849  0.240131
106.243    1.0907 -0.162846  0.240148
106.245   1.09069 -0.162843  0.240161
106.246   1.09068 -0.162841  0.240172
106.247   1.09067 -0.162839  0.240185
106.248   1.09066 -0.162837  0.240192
106.249   1.09066 -0.162836  0.240197
106.25   1.09065 -0.162836  0.240202
106.252   1.09065 -0.162834  0.240207
106.253   1.09065 -0.162834  0.240209
106.254   1.09064 -0.162834  0.240211
106.255   1.09064 -0.162833  0.240213
106.256   1.09064 -0.162833  0.240215
106.258   1.09064 -0.162832  0.240216
106.259   1.09064 -0.162832  0.240217
106.26   1.09064 -0.162832  0.240218
106.261   1.09078 -0.162758   0.24017
106.262   1.09103 -0.162626  0.240084
106.264   1.09124 -0.162514  0.240011
106.265  1.09142 -0.16242  0.23995
106.266   1.09163 -0.162308  0.239877
106.267   1.09174 -0.162249  0.239838
106.269  1.09188 -0.16218 0.239793
106.27   1.09194 -0.162144  0.239769
106.271     1.092 -0.162114   0.23975
106.272   1.09207 -0.162079  0.239727
106.273    1.0921 -0.162061  0.239715
106.275   1.09213 -0.162046  0.239706
106.276   1.09216 -0.162029  0.239694
106.277  1.09218 -0.16202 0.239688
106.278   1.09219 -0.162013  0.239683
106.28   1.09221 -0.162004  0.239678
106.281  1.09221   -0.162 0.239675
106.282   1.09222 -0.161996  0.239672
106.283   1.09223 -0.161992  0.239669
106.284  1.09223 -0.16199 0.239668
106.285   1.09224 -0.161988  0.239667
106.286   1.09224 -0.161986  0.239666
106.287   1.09224 -0.161985  0.239664
106.289   1.09224 -0.161984  0.239664
106.29   1.09224 -0.161983  0.239663
106.291   1.09225 -0.161982  0.239663
106.292   1.09262 -0.162077  0.239466
106.293   1.09328 -0.162247  0.239116
106.295   1.09385 -0.162392  0.238819
106.296   1.09452 -0.162566  0.238461
106.297   1.09488 -0.162658  0.238272
106.298    1.0953 -0.162766  0.238049
106.3   1.09552 -0.162823  0.237932
106.301   1.09571 -0.162869  0.237836
106.302   1.09592 -0.162924  0.237724
106.303   1.09603 -0.162952  0.237666
106.304   1.09612 -0.162975  0.237618
106.306   1.09619 -0.162994  0.237579
106.307   1.09628 -0.163016  0.237533
106.308   1.09632 -0.163028  0.237509
106.309   1.09636 -0.163037   0.23749
106.31    1.0964 -0.163048  0.237467
106.312   1.09642 -0.163054  0.237456
106.313   1.09644 -0.163059  0.237446
106.314   1.09646 -0.163062  0.237438
106.315   1.09647 -0.163067  0.237429
106.316   1.09648 -0.163069  0.237424
106.318   1.09649 -0.163071   0.23742
106.319    1.0965 -0.163073  0.237416
106.32    1.0965 -0.163074  0.237413
106.322    1.0965 -0.163076  0.237411
106.323   1.09651 -0.163076  0.237409
106.324   1.09651 -0.163077  0.237408
106.325   1.09651 -0.163077  0.237407
106.327   1.09508 -0.162773  0.238393
106.328    1.0943 -0.162607  0.238929
106.329   1.09365 -0.162468  0.239379
106.33   1.09287 -0.162302  0.239916
106.332   1.09246 -0.162215  0.240197
106.333   1.09198 -0.162113  0.240529
106.334   1.09173 -0.162059  0.240701
106.335   1.09152 -0.162015  0.240843
106.336   1.09136 -0.161979  0.240959
106.338  1.09122 -0.16195 0.241054
106.339   1.09105 -0.161915  0.241166
106.34   1.09097 -0.161898  0.241223
106.341    1.0909 -0.161883  0.241271
106.342   1.09084 -0.161871  0.241309
106.343    1.0908 -0.161861  0.241341
106.344  1.09074 -0.16185 0.241378
106.346   1.09072 -0.161844  0.241397
106.347   1.09069 -0.161839  0.241413
106.348   1.09067 -0.161833  0.241431
106.35  1.09065 -0.16183  0.24144
106.351   1.09064 -0.161827  0.241451
106.352   1.09063 -0.161825  0.241457
106.353   1.09062 -0.161824  0.241462
106.354   1.09061 -0.161822  0.241467
106.356   1.09061 -0.161821   0.24147
106.357   1.0906 -0.16182 0.241473
106.358    1.0906 -0.161819  0.241475
106.359  1.09062 -0.16182 0.241515
106.361   1.09065 -0.161822  0.241584
106.362   1.09069 -0.161824  0.241669
106.363   1.09072 -0.161825  0.241714
106.364   1.09074 -0.161827  0.241767
106.366   1.09076 -0.161828  0.241795
106.367   1.09077 -0.161829  0.241828
106.368   1.09078 -0.161829  0.241845
106.37   1.09079 -0.161829  0.241859
106.371   1.0908 -0.16183 0.241875
106.372   1.0908 -0.16183 0.241883
106.373   1.0908 -0.16183  0.24189
106.374   1.09081 -0.161831  0.241898
106.376   1.09081 -0.161831  0.241902
106.377   1.09081 -0.161831  0.241907
106.378   1.09081 -0.161831  0.241909
106.38   1.09081 -0.161831  0.241912
106.381   1.09082 -0.161831  0.241913
106.382   1.09082 -0.161831  0.241914
106.383   1.09082 -0.161831  0.241916
106.384   1.09082 -0.161831  0.241916
106.386   1.09082 -0.161831  0.241917
106.387   1.09082 -0.161831  0.241917
106.388   1.09082 -0.161831  0.241918
106.389   1.09082 -0.161831  0.241918
106.39   1.09082 -0.161831  0.241918
106.392   1.09082 -0.161832  0.241918
106.393   1.09092 -0.161829   0.24189
106.394    1.0911 -0.161826  0.241841
106.395   1.09133 -0.161821   0.24178
106.396   1.09145 -0.161819  0.241748
106.398   1.09155 -0.161817  0.241721
106.399   1.09163 -0.161815  0.241698
106.4   1.09173 -0.161813  0.241672
106.401   1.09178 -0.161812  0.241658
106.402   1.09182 -0.161811  0.241646
106.404   1.09186 -0.161811  0.241633
106.405  1.09189 -0.16181 0.241626
106.406  1.09191 -0.16181  0.24162
106.407   1.09193 -0.161809  0.241613
106.408   1.09195 -0.161809   0.24161
106.41   1.09196 -0.161809  0.241607
106.411   1.09197 -0.161809  0.241604
106.412   1.09197 -0.161808  0.241602
106.413   1.09198 -0.161808    0.2416
106.415   1.09198 -0.161808  0.241598
106.416   1.09199 -0.161808  0.241597
106.417   1.09199 -0.161808  0.241597
106.418   1.09199 -0.161808  0.241596
106.42   1.09199 -0.161808  0.241595
106.421     1.092 -0.161808  0.241594
106.422     1.092 -0.161808  0.241594
106.424     1.092 -0.161808  0.241594
106.425     1.092 -0.161808  0.241593
106.426     1.092 -0.161808  0.241593
106.427   1.09229 -0.161861  0.241464
106.428   1.09255 -0.161906  0.241354
106.43   1.09276 -0.161944  0.241261
106.431   1.09302 -0.161989  0.241149
106.432   1.09315 -0.162013  0.241091
106.433   1.09326 -0.162033  0.241042
106.435   1.09339 -0.162056  0.240985
106.436   1.09346 -0.162069  0.240955
106.437   1.09351 -0.162078  0.240931
106.438   1.09356 -0.162087  0.240911
106.439   1.09361 -0.162096  0.240887
106.44   1.09364 -0.162101  0.240875
106.442   1.09366 -0.162105  0.240865
106.443   1.09368 -0.162108  0.240857
106.444    1.0937 -0.162112  0.240847
106.445   1.09371 -0.162114  0.240842
106.446   1.09372 -0.162116  0.240838
106.448   1.09373 -0.162118  0.240833
106.449   1.09374 -0.162119   0.24083
106.45  1.09374 -0.16212 0.240828
106.451   1.09375 -0.162121  0.240826
106.452   1.09375 -0.162121  0.240825
106.454   1.09375 -0.162122  0.240824
106.455   1.09375 -0.162122  0.240823
106.456   1.09376 -0.162122  0.240822
106.457   1.09376 -0.162123  0.240821
106.459   1.09376 -0.162123  0.240821
106.46  1.09403 -0.16215 0.240696
106.461  1.09452  -0.1622 0.240474
106.462  1.09511 -0.16226 0.240204
106.464   1.09543 -0.162292   0.24006
106.465   1.0958 -0.16233 0.239888
106.466    1.096 -0.16235 0.239798
106.467   1.09616 -0.162367  0.239725
106.469   1.09635 -0.162386  0.239638
106.47   1.09644 -0.162396  0.239593
106.471   1.09652 -0.162404  0.239556
106.472   1.09662 -0.162414  0.239512
106.474   1.09667 -0.162419   0.23949
106.475   1.09671 -0.162423  0.239472
106.476   1.09675 -0.162428   0.23945
106.477  1.09678 -0.16243 0.239439
106.478    1.0968 -0.162432   0.23943
106.48   1.09682 -0.162435  0.239419
106.481   1.09683 -0.162436  0.239414
106.482   1.09684 -0.162437  0.239409
106.483   1.09685 -0.162438  0.239405
106.484   1.09686 -0.162438  0.239401
106.486   1.09686 -0.162439  0.239399
106.487   1.09687 -0.162439  0.239397
106.488  1.09687 -0.16244 0.239395
106.489  1.09687 -0.16244 0.239394
106.491   1.09667 -0.162414  0.239593
106.492   1.09613 -0.162346   0.24011
106.493   1.09584 -0.162309  0.240389
106.494    1.0956 -0.162278  0.240621
106.495   1.09531 -0.162242  0.240898
106.497   1.09509 -0.162215  0.241105
106.498  1.09498  -0.1622 0.241213
106.5   1.09485 -0.162184  0.241339
106.501   1.09478 -0.162175  0.241405
106.502    1.0947 -0.162165  0.241482
106.504   1.09465 -0.162159  0.241522
106.505   1.09462 -0.162155  0.241555
106.506  1.09458 -0.16215 0.241593
106.507   1.09456 -0.162147  0.241613
106.508   1.09453 -0.162144  0.241636
106.51   1.09452 -0.162143  0.241648
106.511   1.09451 -0.162141  0.241662
106.513   1.0945 -0.16214 0.241669
106.514   1.09449 -0.162139  0.241677
106.515   1.09448 -0.162138  0.241682
106.516   1.09448 -0.162138  0.241687
106.518   1.09448 -0.162137  0.241689
106.519   1.09447 -0.162137  0.241691
106.52   1.09447 -0.162137  0.241694
106.521   1.09447 -0.162136  0.241695
106.523   1.09447 -0.162136  0.241696
106.524   1.09447 -0.162136  0.241697
106.525   1.09446 -0.162136  0.241698
106.527   1.09446 -0.162136  0.241698
106.528   1.09418 -0.162088  0.241787
106.529  1.09383 -0.16203 0.241895
106.53   1.09364 -0.161999  0.241953
106.531   1.09348 -0.161973  0.242002
106.533   1.09329 -0.161942  0.242059
106.534   1.09319 -0.161926  0.242088
106.535   1.09311 -0.161913  0.242113
106.536   1.09305 -0.161902  0.242133
106.537   1.09297 -0.161889  0.242156
106.539   1.09293 -0.161882  0.242168
106.54    1.0929 -0.161877  0.242178
106.541   1.09286 -0.161871   0.24219
106.542   1.09284 -0.161867  0.242195
106.544   1.09282 -0.161864  0.242202
106.545    1.0928 -0.161861  0.242208
106.546   1.09279 -0.161859   0.24221
106.548   1.09278 -0.161858  0.242212
106.549   1.09277 -0.161857  0.242215
106.55   1.09277 -0.161856  0.242216
106.551   1.09276 -0.161855  0.242217
106.553   1.09276 -0.161855  0.242218
106.554   1.09276 -0.161854  0.242219
106.555   1.09276 -0.161854  0.242219
106.556   1.09275 -0.161854   0.24222
106.558   1.09275 -0.161854   0.24222
106.559   1.09275 -0.161853   0.24222
106.56  1.09309  -0.1619 0.242163
106.562   1.09351 -0.161958  0.242093
106.563   1.09373 -0.161989  0.242055
106.564   1.09391 -0.162015  0.242024
106.565   1.09413 -0.162046  0.241986
106.566   1.09425 -0.162062  0.241967
106.568   1.09438 -0.162081  0.241943
106.569   1.09445 -0.162091  0.241931
106.57   1.09451 -0.162099  0.241922
106.572   1.09458 -0.162108   0.24191
106.573   1.09461 -0.162113  0.241904
106.574   1.09464 -0.162117  0.241899
106.575   1.09467 -0.162122  0.241893
106.576   1.09469 -0.162124   0.24189
106.578   1.09471 -0.162126  0.241887
106.579   1.09472 -0.162128  0.241885
106.58  1.09473 -0.16213 0.241883
106.581   1.09474 -0.162131  0.241881
106.582   1.09474 -0.162131   0.24188
106.583   1.09475 -0.162132   0.24188
106.584   1.09475 -0.162133  0.241879
106.586   1.09476 -0.162133  0.241878
106.587   1.09476 -0.162133  0.241877
106.588   1.09476 -0.162134  0.241877
106.589   1.09476 -0.162134  0.241877
106.59   1.09476 -0.162134  0.241876
106.591   1.09489 -0.162143  0.241923
106.593   1.09496 -0.162147  0.241948
106.594   1.09501 -0.162151  0.241969
106.595   1.09506 -0.162155  0.241987
106.596    1.0951 -0.162157  0.242001
106.597  1.09514 -0.16216 0.242018
106.599   1.09517 -0.162162  0.242027
106.6   1.09519 -0.162163  0.242034
106.601   1.09521 -0.162165  0.242042
106.602   1.09522 -0.162166  0.242046
106.604   1.09524 -0.162167  0.242052
106.605   1.09524 -0.162167  0.242054
106.606   1.09525 -0.162168  0.242056
106.607   1.09526 -0.162168  0.242059
106.608   1.09526 -0.162168   0.24206
106.61   1.09526 -0.162169  0.242061
106.611   1.09527 -0.162169  0.242062
106.612   1.09527 -0.162169  0.242063
106.613   1.09527 -0.162169  0.242063
106.615   1.09527 -0.162169  0.242063
106.616   1.09527 -0.162169  0.242064
106.617   1.09527 -0.162169  0.242064
106.618   1.09527 -0.162169  0.242064
106.619   1.09527 -0.162169  0.242064
106.621   1.09527 -0.162169  0.242064
106.622   1.09527 -0.162169  0.242064
106.623   1.09527 -0.162169  0.242064
106.624   1.09527 -0.162169  0.242064
106.625   1.09527 -0.162169  0.242064
106.626    1.0949 -0.162132  0.242373
106.628   1.09459 -0.162099  0.242637
106.629   1.0942 -0.16206 0.242956
106.63     1.094 -0.162039  0.243125
106.631   1.09383 -0.162022  0.243265
106.632   1.09369 -0.162008   0.24338
106.633   1.09358 -0.161996  0.243475
106.634   1.09344 -0.161982  0.243586
106.636   1.09337 -0.161975  0.243644
106.637   1.09329 -0.161967  0.243711
106.638   1.09325 -0.161963  0.243746
106.639   1.09321 -0.161959  0.243775
106.641   1.09317 -0.161955  0.243808
106.642   1.09315 -0.161953  0.243826
106.643  1.09313 -0.16195 0.243846
106.644   1.09311 -0.161949  0.243856
106.646    1.0931 -0.161948  0.243865
106.647   1.09309 -0.161947  0.243875
106.648   1.09308 -0.161946   0.24388
106.649   1.09308 -0.161946  0.243884
106.65   1.09307 -0.161945  0.243889
106.652   1.09307 -0.161945  0.243891
106.653   1.09307 -0.161944  0.243893
106.654   1.09306 -0.161944  0.243895
106.655   1.09306 -0.161944  0.243897
106.657   1.09306 -0.161944  0.243898
106.658  1.09327 -0.16194  0.24382
106.659   1.09352 -0.161936  0.243725
106.66   1.09365 -0.161934  0.243673
106.661   1.09376 -0.161932   0.24363
106.662   1.09386 -0.161931  0.243595
106.664   1.09397 -0.161929  0.243552
106.665   1.09405 -0.161927  0.243521
106.667   1.09409 -0.161927  0.243504
106.668   1.09412 -0.161926  0.243491
106.669   1.09416 -0.161926  0.243475
106.67   1.09419 -0.161925  0.243467
106.671    1.0942 -0.161925   0.24346
106.673   1.09422 -0.161925  0.243452
106.674   1.09423 -0.161924  0.243448
106.675   1.09424 -0.161924  0.243444
106.676   1.09425 -0.161924  0.243441
106.677   1.09426 -0.161924  0.243438
106.679   1.09426 -0.161924  0.243436
106.68   1.09426 -0.161924  0.243435
106.681   1.09427 -0.161924  0.243433
106.682   1.09427 -0.161924  0.243432
106.684   1.09427 -0.161924  0.243431
106.685   1.09427 -0.161924   0.24343
106.686   1.09427 -0.161924   0.24343
106.687   1.09428 -0.161924  0.243429
106.689   1.09428 -0.161924  0.243429
106.69   1.09428 -0.161924  0.243428
106.691   1.09428 -0.161924  0.243428
106.693   1.09428 -0.161924  0.243428
106.694   1.09421 -0.161935  0.243561
106.695   1.09415 -0.161945  0.243674
106.696   1.09408 -0.161958  0.243812
106.698   1.09404 -0.161964  0.243884
106.699   1.09401 -0.161969  0.243945
106.7   1.09398 -0.161976  0.244015
106.701   1.09396 -0.161979  0.244052
106.703   1.09394 -0.161982  0.244082
106.704   1.09393 -0.161984  0.244107
106.705   1.09391 -0.161986  0.244136
106.706   1.09391 -0.161988  0.244151
106.707    1.0939 -0.161989  0.244163
106.709  1.09389 -0.16199 0.244177
106.71   1.09389 -0.161991  0.244185
106.711   1.09389 -0.161991  0.244191
106.712   1.09388 -0.161992  0.244196
106.713   1.09388 -0.161992    0.2442
106.714   1.09388 -0.161993  0.244204
106.716   1.09388 -0.161993  0.244206
106.717   1.09388 -0.161993  0.244208
106.718   1.09387 -0.161993  0.244211
106.719   1.09387 -0.161993  0.244212
106.72   1.09387 -0.161993  0.244212
106.722   1.09387 -0.161994  0.244213
106.723   1.09387 -0.161994  0.244214
106.724   1.09378 -0.161974  0.244284
106.725  1.09361 -0.16194 0.244407
106.727   1.09341 -0.161898  0.244558
106.728    1.0933 -0.161875  0.244638
106.729   1.09321 -0.161856  0.244704
106.73    1.0931 -0.161834  0.244783
106.732   1.09305 -0.161823  0.244823
106.733     1.093 -0.161814  0.244857
106.734   1.09295 -0.161802  0.244896
106.735   1.09292 -0.161797  0.244916
106.736    1.0929 -0.161792  0.244933
106.738   1.09288 -0.161788  0.244946
106.739   1.09286 -0.161784  0.244962
106.74   1.09285 -0.161781   0.24497
106.741   1.09284 -0.161779  0.244977
106.742   1.09283 -0.161778  0.244982
106.744   1.09282 -0.161776  0.244988
106.745   1.09282 -0.161775  0.244992
106.746   1.09281 -0.161774  0.244994
106.747   1.09281 -0.161773  0.244997
106.749   1.09281 -0.161773  0.244999
106.75    1.0928 -0.161772     0.245
106.751    1.0928 -0.161772  0.245001
106.753    1.0928 -0.161772  0.245002
106.754    1.0928 -0.161772  0.245002
106.755    1.0928 -0.161772  0.245003
106.756    1.0928 -0.161772  0.245003
106.757    1.0928 -0.161771  0.245003
106.758    1.0928 -0.161771  0.245003
106.76    1.0928 -0.161771  0.245004
106.761    1.0928 -0.161771  0.245004
106.762     1.093 -0.161789  0.244883
106.763   1.09336 -0.161821  0.244666
106.764   1.09367 -0.161848  0.244482
106.765   1.09393 -0.161871  0.244328
106.767  1.09414 -0.16189 0.244199
106.768   1.09432 -0.161906  0.244093
106.769   1.09447 -0.161919  0.244005
106.77   1.09459 -0.161929  0.243933
106.771   1.09473 -0.161942  0.243848
106.772   1.09481 -0.161948  0.243803
106.774   1.09487 -0.161954  0.243767
106.775   1.09491 -0.161958  0.243737
106.776   1.09496 -0.161962  0.243713
106.777     1.095 -0.161966  0.243684
106.778   1.09503 -0.161968   0.24367
106.779  1.09505 -0.16197 0.243657
106.781   1.09506 -0.161971  0.243647
106.782   1.09508 -0.161973  0.243636
106.783   1.09509 -0.161974   0.24363
106.784    1.0951 -0.161974  0.243625
106.785   1.09511 -0.161975  0.243619
106.787   1.09511 -0.161976  0.243616
106.788   1.09512 -0.161976  0.243613
106.789   1.09512 -0.161977   0.24361
106.79   1.09513 -0.161977  0.243609
106.792  1.09565  -0.1621 0.243354
106.793   1.09659 -0.162319  0.242901
106.794   1.09774 -0.162587  0.242347
106.795  1.09834 -0.16273 0.242053
106.796   1.09885 -0.162848  0.241808
106.798   1.09945 -0.162988  0.241519
106.799   1.09976 -0.163061  0.241368
106.8   1.10012 -0.163146  0.241191
106.801   1.10031 -0.163191  0.241099
106.803   1.10047 -0.163227  0.241023
106.804    1.1006 -0.163257  0.240961
106.805    1.1007 -0.163281  0.240911
106.806  1.10082 -0.16331 0.240851
106.807   1.10089 -0.163325  0.240821
106.808   1.10094 -0.163337  0.240796
106.809   1.10098 -0.163347  0.240775
106.811   1.10103 -0.163359  0.240751
106.812   1.10106 -0.163365  0.240738
106.813   1.10108 -0.163369  0.240728
106.814    1.1011 -0.163375  0.240716
106.823   1.10112 -0.163379  0.240707
106.824   1.10113 -0.163381  0.240703
106.826   1.10049 -0.163251  0.241083
106.827   1.09933 -0.163014   0.24177
106.828   1.09835 -0.162812  0.242353
106.829   1.09752 -0.162644  0.242841
106.83   1.09654 -0.162442  0.243424
106.832   1.09602 -0.162337   0.24373
106.833   1.0956 -0.16225 0.243981
106.834   1.09509 -0.162147  0.244277
106.835   1.09483 -0.162094  0.244431
106.836  1.09462 -0.16205 0.244557
106.837   1.09445 -0.162015  0.244661
106.839    1.0943 -0.161985  0.244745
106.84   1.09414 -0.161951  0.244844
106.841   1.09405 -0.161933  0.244896
106.842   1.09398 -0.161919  0.244938
106.843   1.09392 -0.161907  0.244972
106.844   1.09387 -0.161897     0.245
106.846   1.09382 -0.161886  0.245033
106.847  1.09379 -0.16188  0.24505
106.848   1.09376 -0.161875  0.245064
106.849   1.09373 -0.161869   0.24508
106.851   1.09372 -0.161866  0.245088
106.852    1.0937 -0.161863  0.245098
106.853   1.09369 -0.161861  0.245103
106.854  1.09369 -0.16186 0.245107
106.855   1.09368 -0.161858   0.24511
106.857   1.09368 -0.161857  0.245113
106.858   1.09367 -0.161856  0.245116
106.859   1.09402 -0.161898  0.244926
106.86   1.09466 -0.161974  0.244584
106.861   1.09543 -0.162066  0.244167
106.863   1.09584 -0.162115  0.243945
106.864   1.09619 -0.162156   0.24376
106.865  1.09647 -0.16219 0.243608
106.866    1.0968 -0.162229  0.243428
106.867  1.09697 -0.16225 0.243335
106.869   1.09711 -0.162267  0.243258
106.87   1.09728 -0.162287  0.243168
106.871   1.09737 -0.162297  0.243121
106.872   1.09747 -0.162309  0.243066
106.874   1.09752 -0.162315  0.243038
106.875   1.09756 -0.162321  0.243015
106.876    1.0976 -0.162325  0.242995
106.877  1.09764 -0.16233 0.242973
106.878   1.09766 -0.162332  0.242961
106.88   1.09768 -0.162334  0.242952
106.881   1.09769 -0.162336  0.242944
106.882    1.0977 -0.162337  0.242938
106.883   1.09772 -0.162339   0.24293
106.884  1.09772 -0.16234 0.242926
106.885   1.09773 -0.162341  0.242923
106.887   1.09773 -0.162341  0.242921
106.888   1.09774 -0.162342  0.242918
106.889   1.09774 -0.162342  0.242916
106.89   1.09774 -0.162342  0.242915
106.891   1.09738 -0.162307   0.24321
106.892   1.09693 -0.162263  0.243573
106.894  1.09668 -0.16224 0.243767
106.895   1.09648 -0.162221  0.243928
106.896   1.09631 -0.162204  0.244062
106.897   1.09618 -0.162191  0.244172
106.898   1.09601 -0.162175  0.244302
106.9   1.09593 -0.162167  0.244369
106.901   1.09586 -0.162161  0.244425
106.902    1.0958 -0.162155   0.24447
106.903   1.09576 -0.162151  0.244507
106.904    1.0957 -0.162145  0.244551
106.905   1.09567 -0.162143  0.244573
106.906   1.09565 -0.162141  0.244591
106.908   1.09563 -0.162139  0.244606
106.909   1.09562 -0.162137  0.244619
106.91    1.0956 -0.162135  0.244633
106.911   1.09559 -0.162135   0.24464
106.912   1.09558 -0.162134  0.244647
106.913   1.09557 -0.162133  0.244651
106.915   1.09557 -0.162133  0.244655
106.916   1.09556 -0.162132   0.24466
106.917   1.09556 -0.162132  0.244663
106.918   1.09556 -0.162132  0.244664
106.92   1.09555 -0.162131  0.244667
106.921   1.09555 -0.162131  0.244668
106.922   1.09555 -0.162131  0.244669
106.923   1.09555 -0.162131   0.24467
106.925   1.09555 -0.162131   0.24467
106.926   1.09618 -0.162253  0.244406
106.927   1.09779 -0.162568  0.243725
106.928   1.09866 -0.162737  0.243357
106.929   1.09939 -0.162879   0.24305
106.931   1.09999 -0.162997  0.242795
106.932   1.10049 -0.163094  0.242585
106.933   1.10107 -0.163208  0.242336
106.934   1.10138 -0.163268  0.242207
106.935   1.10163 -0.163317  0.242101
106.937   1.10192 -0.163374  0.241977
106.938   1.10208 -0.163403  0.241913
106.939    1.1022 -0.163428   0.24186
106.94    1.1023 -0.163448  0.241816
106.941   1.10239 -0.163464  0.241781
106.942   1.10248 -0.163483   0.24174
106.943   1.10253 -0.163493  0.241718
106.945   1.10257 -0.163501    0.2417
106.946   1.10261 -0.163508  0.241686
106.947   1.10264 -0.163513  0.241674
106.948   1.10266 -0.163517  0.241665
106.949   1.10268 -0.163522  0.241653
106.95    1.1027 -0.163525  0.241648
106.952   1.10271 -0.163527  0.241643
106.953   1.10272 -0.163529  0.241639
106.954  1.10272 -0.16353 0.241636
106.955   1.10273 -0.163532  0.241632
106.956   1.10274 -0.163533   0.24163
106.957   1.10274 -0.163534  0.241628
106.959   1.10274 -0.163534  0.241627
106.96   1.10193 -0.163328  0.242019
106.961   1.10047 -0.162959  0.242721
106.962   1.09923 -0.162646  0.243316
106.963   1.09819 -0.162383  0.243815
106.965  1.09695 -0.16207 0.244411
106.966    1.0963 -0.161906  0.244723
106.967  1.09576 -0.16177 0.244981
106.968   1.09513 -0.161611  0.245283
106.969    1.0948 -0.161528   0.24544
106.971   1.09453 -0.161461  0.245569
106.972   1.09431 -0.161405  0.245674
106.973  1.09406 -0.16134 0.245798
106.974   1.09392 -0.161306  0.245862
106.976   1.09381 -0.161278  0.245914
106.977   1.09368 -0.161246  0.245976
106.978   1.09362 -0.161229  0.246008
106.979   1.09356 -0.161216  0.246033
106.98   1.09352 -0.161204  0.246055
106.982   1.09347 -0.161191  0.246079
106.983   1.09344 -0.161185  0.246092
106.983   1.09342 -0.161179  0.246103
106.985    1.0934 -0.161175  0.246111
106.986   1.09339 -0.161171  0.246118
106.987   1.09337 -0.161166  0.246126
106.989   1.09336 -0.161164   0.24613
106.989   1.09335 -0.161162  0.246134
106.991  1.09334 -0.16116 0.246138
106.992   1.09334 -0.161159   0.24614
106.993   1.09473 -0.161426  0.245432
106.994   1.09593 -0.161654  0.244826
106.996   1.09693 -0.161847  0.244315
106.997   1.09778 -0.162008  0.243889
106.998   1.09877 -0.162199  0.243381
106.999    1.0993 -0.162299  0.243116
107   1.09973 -0.162382  0.242897
107.002   1.10023 -0.162479   0.24264
107.003    1.1005 -0.162529  0.242507
107.004  1.10071 -0.16257 0.242397
107.005   1.10089 -0.162604  0.242308
107.006   1.10109 -0.162643  0.242203
107.008    1.1012 -0.162664  0.242148
107.009   1.10129 -0.162681  0.242104
107.01  1.10139  -0.1627 0.242052
107.011   1.10144 -0.162711  0.242025
107.013   1.10149 -0.162719  0.242003
107.014   1.10154 -0.162729  0.241977
107.015   1.10156 -0.162734  0.241963
107.016   1.10158 -0.162738  0.241952
107.017   1.10161 -0.162743  0.241939
107.019   1.10162 -0.162745  0.241933
107.02   1.10163 -0.162747  0.241927
107.021   1.10164 -0.162749  0.241923
107.022   1.10165 -0.162751  0.241918
107.024   1.10166 -0.162752  0.241915
107.025   1.10166 -0.162753  0.241913
107.026   1.09929 -0.162342  0.243198
107.027   1.09801 -0.162119  0.243898
107.028   1.09692 -0.161931  0.244484
107.03   1.09564 -0.161708  0.245183
107.031   1.09496 -0.161591   0.24555
107.032    1.0944 -0.161494  0.245852
107.033  1.09375 -0.16138 0.246207
107.035   1.09341 -0.161322  0.246392
107.036   1.09301 -0.161252  0.246608
107.037    1.0928 -0.161217   0.24672
107.038   1.09263 -0.161187  0.246812
107.039   1.09249 -0.161163  0.246888
107.041   1.09238 -0.161143  0.246949
107.042  1.09225 -0.16112 0.247021
107.043   1.09218 -0.161108  0.247058
107.044   1.09212 -0.161099  0.247089
107.045   1.09207 -0.161091  0.247114
107.046   1.09204 -0.161084  0.247134
107.048   1.09199 -0.161077  0.247158
107.049   1.09197 -0.161073   0.24717
107.05   1.09195 -0.161069   0.24718
107.051   1.09194 -0.161067  0.247188
107.052   1.09192 -0.161065  0.247195
107.053   1.09191 -0.161062  0.247203
107.055    1.0919 -0.161061  0.247207
107.056   1.0919 -0.16106  0.24721
107.057   1.09189 -0.161059  0.247212
107.058   1.09188 -0.161058  0.247215
107.059   1.09223 -0.161094  0.247156
107.061   1.09285 -0.161158  0.247048
107.062   1.09361 -0.161237  0.246916
107.063   1.09402 -0.161278  0.246846
107.064   1.09435 -0.161313  0.246787
107.066   1.09475 -0.161354  0.246717
107.067   1.09496 -0.161376  0.246681
107.068   1.09513 -0.161393  0.246651
107.069   1.09527 -0.161408  0.246626
107.07   1.09543 -0.161425  0.246598
107.072   1.09552 -0.161434  0.246582
107.073   1.09559 -0.161441   0.24657
107.074   1.09564 -0.161447   0.24656
107.075   1.09571 -0.161454  0.246548
107.076   1.09574 -0.161458  0.246542
107.077   1.09577 -0.161461  0.246537
107.079   1.09579 -0.161463  0.246532
107.08   1.09582 -0.161466  0.246527
107.081   1.09584 -0.161467  0.246525
107.082   1.09585 -0.161469  0.246523
107.083  1.09586 -0.16147 0.246521
107.084  1.09586 -0.16147 0.246519
107.086   1.09587 -0.161471  0.246518
107.087   1.09588 -0.161472  0.246516
107.088   1.09588 -0.161472  0.246516
107.089   1.09589 -0.161473  0.246515
107.09   1.09589 -0.161473  0.246514
107.091   1.09589 -0.161473  0.246514
107.093   1.09589 -0.161474  0.246513
107.094   1.09604 -0.161536  0.246364
107.095   1.09631 -0.161647  0.246098
107.096   1.09653 -0.161742  0.245871
107.097   1.09672 -0.161821  0.245682
107.099   1.09694 -0.161916  0.245455
107.1   1.09706 -0.161965  0.245336
107.101   1.09716 -0.162006  0.245238
107.102   1.09727 -0.162054  0.245123
107.103   1.09733 -0.162079  0.245063
107.105  1.09738  -0.1621 0.245014
107.106   1.09742 -0.162116  0.244973
107.107   1.09746 -0.162136  0.244926
107.108   1.09749 -0.162146  0.244901
107.109   1.09751 -0.162155  0.244881
107.111   1.09753 -0.162164  0.244858
107.112   1.09754 -0.162169  0.244846
107.113   1.09755 -0.162174  0.244836
107.114   1.09756 -0.162177  0.244827
107.115  1.09757 -0.16218 0.244821
107.116   1.09758 -0.162183  0.244813
107.118   1.09758 -0.162185  0.244809
107.119   1.09758 -0.162186  0.244805
107.12   1.09758 -0.162187  0.244802
107.121   1.09759 -0.162188    0.2448
107.122   1.09759 -0.162189  0.244798
107.123   1.09759 -0.162189  0.244797
107.124  1.09759 -0.16219 0.244795
107.126   1.09787 -0.162229  0.244812
107.127   1.09837 -0.162299  0.244843
107.128   1.09879 -0.162358   0.24487
107.129   1.09914 -0.162408  0.244891
107.13   1.09944 -0.162449   0.24491
107.131   1.09968 -0.162483  0.244925
107.133   1.09988 -0.162511  0.244937
107.134   1.10005 -0.162535  0.244947
107.135   1.10018 -0.162554  0.244956
107.136   1.10029 -0.162569  0.244962
107.138   1.10042 -0.162587   0.24497
107.139   1.10049 -0.162597  0.244974
107.14   1.10055 -0.162605  0.244978
107.141   1.10059 -0.162611   0.24498
107.142   1.10063 -0.162616  0.244983
107.143  1.10066 -0.16262 0.244984
107.145   1.10068 -0.162624  0.244986
107.146    1.1007 -0.162627  0.244987
107.147   1.10072 -0.162629  0.244988
107.148   1.10073 -0.162631  0.244989
107.15   1.10075 -0.162633  0.244989
107.151   1.10075 -0.162634   0.24499
107.152   1.10076 -0.162635   0.24499
107.153   1.10077 -0.162636  0.244991
107.154   1.10077 -0.162637  0.244991
107.156   1.10078 -0.162637  0.244991
107.157   1.10078 -0.162638  0.244991
107.158   1.10078 -0.162638  0.244991
107.159  1.10052 -0.16242 0.244887
107.161   1.10029 -0.162233  0.244798
107.162    1.1001 -0.162076  0.244723
107.163   1.09994 -0.161944   0.24466
107.164   1.09975 -0.161788  0.244585
107.165   1.09965 -0.161706  0.244546
107.167   1.09957 -0.161639  0.244513
107.168    1.0995 -0.161584  0.244487
107.169   1.09945 -0.161539  0.244465
107.17    1.0994 -0.161501  0.244447
107.172   1.09937 -0.161471  0.244432
107.173   1.09934 -0.161446   0.24442
107.174    1.0993 -0.161417  0.244406
107.175   1.09928 -0.161402  0.244399
107.176   1.09927 -0.161389  0.244393
107.178   1.09925 -0.161379  0.244388
107.179   1.09924 -0.161371  0.244384
107.18   1.09923 -0.161364  0.244381
107.181   1.09923 -0.161359  0.244378
107.182   1.09922 -0.161354  0.244376
107.184  1.09922 -0.16135 0.244374
107.185   1.09921 -0.161347  0.244372
107.186   1.09921 -0.161345  0.244371
107.187   1.09921 -0.161343   0.24437
107.188   1.09921 -0.161341  0.244369
107.19    1.0992 -0.161339  0.244368
107.191    1.0992 -0.161338  0.244368
107.192   1.09956 -0.161566  0.244308
107.193   1.10021 -0.161974    0.2442
107.195   1.10076 -0.162321  0.244109
107.196   1.10122 -0.162611  0.244033
107.197    1.1016 -0.162853  0.243969
107.198   1.10206 -0.163139  0.243894
107.2   1.10229 -0.163289  0.243854
107.201   1.10249 -0.163412  0.243822
107.202   1.10265 -0.163512  0.243796
107.203   1.10278 -0.163595  0.243774
107.205   1.10289 -0.163663  0.243756
107.206   1.10297 -0.163719  0.243741
107.207   1.10305 -0.163764  0.243729
107.208   1.10311 -0.163801  0.243719
107.209   1.10315 -0.163832  0.243711
107.21   1.10319 -0.163857  0.243705
107.212   1.10322 -0.163877  0.243699
107.213   1.10325 -0.163894  0.243695
107.214   1.10327 -0.163908  0.243691
107.215    1.1033 -0.163924  0.243687
107.216   1.10331 -0.163932  0.243685
107.218   1.10332 -0.163939  0.243683
107.219   1.10333 -0.163944  0.243681
107.22   1.10334 -0.163949   0.24368
107.222   1.10334 -0.163952  0.243679
107.223   1.10335 -0.163955  0.243678
107.224   1.10335 -0.163958  0.243678
107.225  1.10335 -0.16396 0.243677
107.226   1.10336 -0.163961  0.243677
107.227     1.103 -0.163662  0.243789
107.229   1.10256 -0.163293  0.243928
107.23   1.10232 -0.163095  0.244002
107.231  1.10213 -0.16293 0.244064
107.232   1.10196 -0.162794  0.244115
107.233   1.10183 -0.162682  0.244157
107.235   1.10172 -0.162589  0.244192
107.236   1.10163 -0.162513   0.24422
107.237   1.10155 -0.162451  0.244243
107.238  1.10149  -0.1624 0.244262
107.24   1.10144 -0.162358  0.244278
107.241    1.1014 -0.162324  0.244291
107.242   1.10136 -0.162295  0.244301
107.243   1.10134 -0.162272   0.24431
107.244   1.10131 -0.162254  0.244317
107.246   1.10129 -0.162231  0.244325
107.247  1.10127 -0.16222  0.24433
107.248   1.10126 -0.162211  0.244333
107.249   1.10125 -0.162203  0.244336
107.25   1.10124 -0.162197  0.244338
107.252   1.10124 -0.162192   0.24434
107.253   1.10123 -0.162187  0.244342
107.254   1.10123 -0.162184  0.244343
107.255   1.10122 -0.162181  0.244344
107.257   1.10122 -0.162179  0.244345
107.258   1.10122 -0.162177  0.244345
107.259   1.10122 -0.162175  0.244346
107.26   1.10122 -0.162174  0.244346
107.261   1.10121 -0.162173  0.244347
107.263   1.10121 -0.162172  0.244347
107.264   1.10121 -0.162171  0.244347
107.265   1.10121 -0.162171  0.244348
107.266  1.10121 -0.16217 0.244348
107.267  1.10121 -0.16217 0.244348
107.269  1.10121 -0.16217 0.244348
107.27   1.10121 -0.162169  0.244348
107.271   1.10121 -0.162169  0.244348
107.272   1.10121 -0.162169  0.244348
107.273   1.10121 -0.162169  0.244348
107.275   1.10121 -0.162169  0.244348
107.276   1.10121 -0.162169  0.244348
107.277   1.10121 -0.162169  0.244348
107.278   1.10121 -0.162169  0.244348
107.28   1.10121 -0.162168  0.244348
107.281   1.10121 -0.162168  0.244348
107.282   1.10121 -0.162168  0.244348
107.283   1.10121 -0.162168  0.244348
107.285    1.1012 -0.162168  0.244348
107.286    1.1012 -0.162168  0.244348
107.287    1.1012 -0.162168  0.244348
107.288    1.1012 -0.162168  0.244348
107.29    1.1012 -0.162168  0.244348
107.291    1.1012 -0.162168  0.244348
107.292    1.1012 -0.162168  0.244348
107.293    1.1012 -0.162168  0.244348
107.295    1.1012 -0.162168  0.244348
107.296    1.1012 -0.162168  0.244348
107.297    1.1012 -0.162168  0.244348
107.299    1.1012 -0.162168  0.244348
107.3    1.1012 -0.162168  0.244348
107.301    1.1012 -0.162168  0.244348
107.302    1.1012 -0.162168  0.244348
107.304    1.1012 -0.162168  0.244348
107.305    1.1012 -0.162168  0.244348
107.306    1.1012 -0.162168  0.244347
107.307    1.1012 -0.162168  0.244347
107.308    1.1012 -0.162168  0.244347
107.31    1.1012 -0.162168  0.244347
107.311    1.1012 -0.162168  0.244347
107.312    1.1012 -0.162168  0.244347
107.314    1.1012 -0.162168  0.244347
107.315    1.1012 -0.162168  0.244347
107.317    1.1012 -0.162168  0.244347
107.318    1.1012 -0.162168  0.244347
107.319    1.1012 -0.162168  0.244347
107.321    1.1012 -0.162168  0.244347
107.322    1.1012 -0.162168  0.244347
107.323    1.1012 -0.162168  0.244347
107.324    1.1012 -0.162168  0.244347
107.326    1.1012 -0.162168  0.244347
107.327    1.1012 -0.162168  0.244347
107.328    1.1012 -0.162168  0.244347
107.329    1.1012 -0.162168  0.244347
107.331    1.1012 -0.162168  0.244347
107.332    1.1012 -0.162168  0.244347
107.333    1.1012 -0.162168  0.244347
107.334    1.1012 -0.162168  0.244347
107.335    1.1012 -0.162168  0.244347
107.336    1.1012 -0.162168  0.244347
107.337    1.1012 -0.162168  0.244347
107.338    1.1012 -0.162168  0.244347
107.34    1.1012 -0.162168  0.244347
107.341    1.1012 -0.162168  0.244347
107.342    1.1012 -0.162168  0.244347
107.343    1.1012 -0.162168  0.244347
107.344    1.1012 -0.162168  0.244347
107.345    1.1012 -0.162168  0.244347
107.347    1.1012 -0.162168  0.244347
107.348    1.1012 -0.162168  0.244347
107.349    1.1012 -0.162168  0.244347
107.35    1.1012 -0.162168  0.244347
107.351    1.1012 -0.162168  0.244347
107.353   1.10119 -0.162168  0.244346
107.354   1.10119 -0.162168  0.244346
107.355   1.10119 -0.162168  0.244346
107.356   1.10119 -0.162168  0.244346
107.357   1.10119 -0.162168  0.244346
107.359   1.10119 -0.162168  0.244346
107.36   1.10119 -0.162168  0.244346
107.361   1.10119 -0.162168  0.244346
107.362   1.10119 -0.162168  0.244346
107.363   1.10119 -0.162168  0.244346
107.365   1.10119 -0.162168  0.244346
107.366   1.10119 -0.162168  0.244346
107.367   1.10119 -0.162168  0.244346
107.368   1.10119 -0.162168  0.244346
107.37   1.10119 -0.162168  0.244346
107.371   1.10119 -0.162168  0.244346
107.372   1.10119 -0.162168  0.244346
107.373   1.10119 -0.162168  0.244346
107.374   1.10119 -0.162168  0.244346
107.376   1.10119 -0.162168  0.244346
107.377   1.10119 -0.162168  0.244346
107.378   1.10119 -0.162168  0.244346
107.38   1.10119 -0.162168  0.244346
107.381   1.10119 -0.162168  0.244346
107.382   1.10119 -0.162168  0.244346
107.383   1.10119 -0.162168  0.244346
107.385   1.10119 -0.162168  0.244346
107.386   1.10119 -0.162168  0.244346
107.387   1.10119 -0.162168  0.244346
107.388   1.10119 -0.162168  0.244346
107.39   1.10119 -0.162168  0.244346
107.391   1.10119 -0.162168  0.244346
107.392   1.10119 -0.162168  0.244346
107.393   1.10119 -0.162168  0.244346
107.394   1.10119 -0.162168  0.244346
107.396   1.10119 -0.162168  0.244346
107.397   1.10119 -0.162168  0.244346
107.398   1.10119 -0.162168  0.244346
107.399   1.10119 -0.162168  0.244346
107.4   1.10119 -0.162168  0.244346
107.401   1.10119 -0.162168  0.244346
107.403   1.10119 -0.162168  0.244346
107.404   1.10119 -0.162168  0.244346
107.405   1.10119 -0.162168  0.244346
107.406   1.10119 -0.162168  0.244345
107.407   1.10119 -0.162168  0.244345
107.408   1.10119 -0.162168  0.244345
107.409   1.10119 -0.162168  0.244345
107.411   1.10119 -0.162168  0.244345
107.412   1.10119 -0.162168  0.244345
107.413   1.10119 -0.162168  0.244345
107.414   1.10119 -0.162168  0.244345
107.416   1.10119 -0.162168  0.244345
107.417   1.10119 -0.162168  0.244345
107.418   1.10119 -0.162168  0.244345
107.419   1.10119 -0.162168  0.244345
107.42   1.10119 -0.162168  0.244345
107.422   1.10119 -0.162168  0.244345
107.423   1.10119 -0.162168  0.244345
107.424   1.10119 -0.162168  0.244345
107.426   1.10119 -0.162168  0.244345
107.427   1.10119 -0.162168  0.244345
107.428   1.10119 -0.162168  0.244345
107.429   1.10119 -0.162168  0.244345
107.43   1.10119 -0.162168  0.244345
107.432   1.10119 -0.162168  0.244345
107.433   1.10119 -0.162168  0.244345
107.434   1.10119 -0.162168  0.244345
107.435   1.10119 -0.162168  0.244345
107.436   1.10118 -0.162168  0.244345
107.438   1.10118 -0.162168  0.244345
107.439   1.10118 -0.162168  0.244345
107.44   1.10118 -0.162168  0.244345
107.441   1.10118 -0.162168  0.244345
107.442   1.10118 -0.162168  0.244345
107.444   1.10118 -0.162168  0.244345
107.445   1.10118 -0.162168  0.244345
107.446   1.10118 -0.162168  0.244345
107.447   1.10118 -0.162168  0.244345
107.449   1.10118 -0.162168  0.244345
107.45   1.10118 -0.162168  0.244345
107.451   1.10118 -0.162168  0.244345
107.452   1.10118 -0.162168  0.244345
107.453   1.10118 -0.162168  0.244345
107.455   1.10118 -0.162168  0.244345
107.456   1.10118 -0.162168  0.244345
107.457   1.10118 -0.162168  0.244345
107.458   1.10118 -0.162168  0.244345
107.459   1.10118 -0.162168  0.244345
107.461   1.10118 -0.162168  0.244345
107.462   1.10118 -0.162168  0.244345
107.463   1.10118 -0.162168  0.244345
107.464   1.10118 -0.162168  0.244345
107.465   1.10118 -0.162168  0.244345
107.467   1.10118 -0.162168  0.244345
107.468   1.10118 -0.162168  0.244345
107.469   1.10118 -0.162168  0.244344
107.47   1.10118 -0.162168  0.244344
107.471   1.10118 -0.162168  0.244344
107.473   1.10118 -0.162168  0.244344
107.474   1.10118 -0.162168  0.244344
107.475   1.10118 -0.162168  0.244344
107.476   1.10118 -0.162168  0.244344
107.477   1.10118 -0.162168  0.244344
107.478   1.10118 -0.162168  0.244344
107.48   1.10118 -0.162168  0.244344
107.481   1.10118 -0.162169  0.244344
107.482   1.10118 -0.162169  0.244344
107.483   1.10118 -0.162169  0.244344
107.484   1.10118 -0.162169  0.244344
107.486   1.10118 -0.162169  0.244344
107.487   1.10118 -0.162169  0.244344
107.488   1.10118 -0.162169  0.244344
107.489   1.10118 -0.162169  0.244344
107.49   1.10118 -0.162169  0.244344
107.492   1.10118 -0.162169  0.244344
107.493   1.10118 -0.162169  0.244344
107.494   1.10118 -0.162169  0.244344
107.495   1.10118 -0.162169  0.244344
107.496   1.10118 -0.162169  0.244344
107.498   1.10118 -0.162169  0.244344
107.499   1.10118 -0.162169  0.244344
107.5   1.10118 -0.162169  0.244344
107.501   1.10118 -0.162169  0.244344
107.502   1.10118 -0.162169  0.244344
107.504   1.10118 -0.162169  0.244344
107.505   1.10118 -0.162169  0.244344
107.506   1.10118 -0.162169  0.244344
107.507   1.10118 -0.162169  0.244344
107.508   1.10118 -0.162169  0.244344
107.51   1.10118 -0.162169  0.244344
107.511   1.10118 -0.162169  0.244344
107.512   1.10118 -0.162169  0.244344
107.513   1.10118 -0.162169  0.244344
107.514   1.10118 -0.162169  0.244344
107.516   1.10118 -0.162169  0.244344
107.517   1.10118 -0.162169  0.244344
107.518   1.10118 -0.162169  0.244344
107.519   1.10118 -0.162169  0.244344
107.521   1.10118 -0.162169  0.244344
107.522   1.10118 -0.162169  0.244344
107.523   1.10118 -0.162169  0.244344
107.524   1.10118 -0.162169  0.244344
107.525   1.10118 -0.162169  0.244344
107.527   1.10118 -0.162169  0.244344
107.528   1.10118 -0.162169  0.244344
107.529   1.10118 -0.162169  0.244344
107.53   1.10118 -0.162169  0.244344
107.532   1.10118 -0.162169  0.244344
107.533   1.10118 -0.162169  0.244344
107.534   1.10118 -0.162169  0.244344
107.535   1.10118 -0.162169  0.244344
107.537   1.10118 -0.162169  0.244344
107.538   1.10118 -0.162169  0.244344
107.539   1.10118 -0.162169  0.244344
107.54   1.10118 -0.162169  0.244344
107.541   1.10118 -0.162169  0.244344
107.543   1.10118 -0.162169  0.244344
107.544   1.10118 -0.162169  0.244344
107.545   1.10118 -0.162169  0.244343
107.546   1.10117 -0.162169  0.244343
107.547   1.10117 -0.162169  0.244343
107.549   1.10117 -0.162169  0.244343
107.55   1.10117 -0.162169  0.244343
107.551   1.10117 -0.162169  0.244343
107.552   1.10117 -0.162169  0.244343
107.553   1.10117 -0.162169  0.244343
107.555   1.10117 -0.162169  0.244343
107.556   1.10117 -0.162169  0.244343
107.557   1.10117 -0.162169  0.244343
107.558   1.10117 -0.162169  0.244343
107.559   1.10117 -0.162169  0.244343
107.561   1.10117 -0.162169  0.244343
107.562   1.10117 -0.162169  0.244343
107.563   1.10117 -0.162169  0.244343
107.564   1.10117 -0.162169  0.244343
107.566   1.10117 -0.162169  0.244343
107.567   1.10117 -0.162169  0.244343
107.568   1.10117 -0.162169  0.244343
107.569   1.10117 -0.162169  0.244343
107.571   1.10117 -0.162169  0.244343
107.572   1.10117 -0.162169  0.244343
107.573   1.10117 -0.162169  0.244343
107.574   1.10117 -0.162169  0.244343
107.575   1.10117 -0.162169  0.244343
107.577   1.10117 -0.162169  0.244343
107.578   1.10117 -0.162169  0.244343
107.579   1.10117 -0.162169  0.244343
107.58   1.10117 -0.162169  0.244343
107.582   1.10117 -0.162169  0.244343
107.583   1.10117 -0.162169  0.244343
107.584   1.10117 -0.162169  0.244343
107.585   1.10117 -0.162169  0.244343
107.586   1.10117 -0.162169  0.244343
107.588   1.10117 -0.162169  0.244343
107.589   1.10117 -0.162169  0.244343
107.59   1.10117 -0.162169  0.244343
107.591   1.10117 -0.162169  0.244343
107.592   1.10117 -0.162169  0.244343
107.593   1.10117 -0.162169  0.244343
107.594   1.10117 -0.162169  0.244343
107.596   1.10117 -0.162169  0.244343
107.597   1.10117 -0.162169  0.244343
107.598   1.10117 -0.162169  0.244343
107.599   1.10117 -0.162169  0.244343
107.6   1.10117 -0.162169  0.244343
107.602   1.10117 -0.162169  0.244343
107.603   1.10117 -0.162169  0.244343
107.604   1.10117 -0.162169  0.244343
107.605   1.10117 -0.162169  0.244343
107.606   1.10117 -0.162169  0.244343
107.607   1.10117 -0.162169  0.244343
107.609   1.10117 -0.162169  0.244343
107.61   1.10117 -0.162169  0.244343
107.611   1.10117 -0.162169  0.244343
107.612   1.10117 -0.162169  0.244343
107.614   1.10117 -0.162169  0.244343
107.615   1.10117 -0.162169  0.244343
107.616   1.10117 -0.162169  0.244343
107.617   1.10117 -0.162169  0.244343
107.619   1.10117 -0.162169  0.244343
107.62   1.10117 -0.162169  0.244343
107.621   1.10117 -0.162169  0.244343
107.622   1.10117 -0.162169  0.244343
107.623   1.10117 -0.162169  0.244343
107.625   1.10117 -0.162169  0.244343
107.626   1.10117 -0.162169  0.244343
107.627   1.10117 -0.162169  0.244343
107.628   1.10117 -0.162169  0.244343
107.629   1.10117 -0.162169  0.244343
107.631   1.10117 -0.162169  0.244343
107.632   1.10117 -0.162169  0.244343
107.633   1.10117 -0.162169  0.244343
107.634   1.10117 -0.162169  0.244343
107.636   1.10117 -0.162169  0.244343
107.637   1.10117 -0.162169  0.244343
107.638   1.10117 -0.162169  0.244343
107.639   1.10117 -0.162169  0.244343
107.64   1.10117 -0.162169  0.244342
107.642   1.10117 -0.162169  0.244342
107.643   1.10117 -0.162169  0.244342
107.644   1.10117 -0.162169  0.244342
107.645   1.10117 -0.162169  0.244342
107.646   1.10117 -0.162169  0.244342
107.648   1.10117 -0.162169  0.244342
107.649   1.10117 -0.162169  0.244342
107.65   1.10117 -0.162169  0.244342
107.651   1.10117 -0.162169  0.244342
107.652   1.10117 -0.162169  0.244342
107.654   1.10117 -0.162169  0.244342
107.655   1.10117 -0.162169  0.244342
107.656   1.10117 -0.162169  0.244342
107.657   1.10117 -0.162169  0.244342
107.658   1.10117 -0.162169  0.244342
107.66   1.10117 -0.162169  0.244342
107.661   1.10117 -0.162169  0.244342
107.662   1.10117 -0.162169  0.244342
107.663   1.10117 -0.162169  0.244342
107.665   1.10117 -0.162169  0.244342
107.666   1.10117 -0.162169  0.244342
107.667   1.10117 -0.162169  0.244342
107.668   1.10117 -0.162169  0.244342
107.669   1.10117 -0.162169  0.244342
107.671   1.10117 -0.162169  0.244342
107.672   1.10117 -0.162169  0.244342
107.673   1.10117 -0.162169  0.244342
107.674   1.10117 -0.162169  0.244342
107.676   1.10117 -0.162169  0.244342
107.677   1.10117 -0.162169  0.244342
107.678   1.10117 -0.162169  0.244342
107.679   1.10117 -0.162169  0.244342
107.68   1.10117 -0.162169  0.244342
107.682   1.10117 -0.162169  0.244342
107.683   1.10117 -0.162169  0.244342
107.684   1.10117 -0.162169  0.244342
107.685   1.10117 -0.162169  0.244342
107.686   1.10117 -0.162169  0.244342
107.688   1.10117 -0.162169  0.244342
107.688   1.10117 -0.162169  0.244342
107.69   1.10117 -0.162169  0.244342
107.691   1.10117 -0.162169  0.244342
107.692   1.10117 -0.162169  0.244342
107.693   1.10117 -0.162169  0.244342
107.694   1.10117 -0.162169  0.244342
107.696   1.10117 -0.162169  0.244342
107.697   1.10117 -0.162169  0.244342
107.698   1.10117 -0.162169  0.244342
107.699   1.10117 -0.162169  0.244342
107.7   1.10117 -0.162169  0.244342
107.702   1.10117 -0.162169  0.244342
107.703   1.10116 -0.162169  0.244342
107.704   1.10116 -0.162169  0.244342
107.705   1.10116 -0.162169  0.244342
107.707   1.10116 -0.162169  0.244342
107.708   1.10116 -0.162169  0.244342
107.709   1.10116 -0.162169  0.244342
107.71   1.10116 -0.162169  0.244342
107.711   1.10116 -0.162169  0.244342
107.712   1.10116 -0.162169  0.244342
107.714   1.10116 -0.162169  0.244342
107.715   1.10116 -0.162169  0.244342
107.716   1.10116 -0.162169  0.244342
107.717   1.10116 -0.162169  0.244342
107.718   1.10116 -0.162169  0.244342
107.719   1.10116 -0.162169  0.244342
107.721   1.10116 -0.162169  0.244342
107.722   1.10116 -0.162169  0.244342
107.723   1.10116 -0.162169  0.244342
107.724   1.10116 -0.162169  0.244342
107.725   1.10116 -0.162169  0.244342
107.727   1.10116 -0.162169  0.244342
107.728   1.10116 -0.162169  0.244342
107.729   1.10116 -0.162169  0.244342
107.73   1.10116 -0.162169  0.244342
107.731   1.10116 -0.162169  0.244342
107.733   1.10116 -0.162169  0.244342
107.734   1.10116 -0.162169  0.244342
107.735   1.10116 -0.162169  0.244342
107.736   1.10116 -0.162169  0.244342
107.737   1.10116 -0.162169  0.244342
107.738   1.10116 -0.162169  0.244342
107.74   1.10116 -0.162169  0.244342
107.741   1.10116 -0.162169  0.244342
107.742   1.10116 -0.162169  0.244342
107.743   1.10116 -0.162169  0.244342
107.744   1.10116 -0.162169  0.244342
107.746   1.10116 -0.162169  0.244342
107.747   1.10116 -0.162169  0.244342
107.748   1.10116 -0.162169  0.244342
107.749   1.10116 -0.162169  0.244342
107.75   1.10116 -0.162169  0.244342
107.752   1.10116 -0.162169  0.244342
107.753   1.10116 -0.162169  0.244342
107.754   1.10116 -0.162169  0.244342
107.755   1.10116 -0.162169  0.244342
107.756   1.10116 -0.162169  0.244342
107.757   1.10116 -0.162169  0.244342
107.759   1.10116 -0.162169  0.244342
107.76   1.10116 -0.162169  0.244342
107.761   1.10116 -0.162169  0.244342
107.762   1.10116 -0.162169  0.244342
107.763   1.10116 -0.162169  0.244342
107.764   1.10116 -0.162169  0.244342
107.766   1.10116 -0.162169  0.244342
107.767   1.10116 -0.162169  0.244342
107.768   1.10116 -0.162169  0.244342
107.769   1.10116 -0.162169  0.244342
107.77   1.10116 -0.162169  0.244341
107.771   1.10116 -0.162169  0.244341
107.773   1.10116 -0.162169  0.244341
107.774   1.10116 -0.162169  0.244341
107.775   1.10116 -0.162169  0.244341
107.776   1.10116 -0.162169  0.244341
107.777   1.10116 -0.162169  0.244341
107.778   1.10116 -0.162169  0.244341
107.78   1.10116 -0.162169  0.244341
107.781   1.10116 -0.162169  0.244341
107.782   1.10116 -0.162169  0.244341
107.783   1.10116 -0.162169  0.244341
107.784   1.10116 -0.162169  0.244341
107.785   1.10116 -0.162169  0.244341
107.787   1.10116 -0.162169  0.244341
107.788   1.10116 -0.162169  0.244341
107.789   1.10116 -0.162169  0.244341
107.79   1.10116 -0.162169  0.244341
107.791   1.10116 -0.162169  0.244341
107.792   1.10116 -0.162169  0.244341
107.793   1.10116 -0.162169  0.244341
107.795   1.10116 -0.162169  0.244341
107.796   1.10116 -0.162169  0.244341
107.797   1.10116 -0.162169  0.244341
107.798   1.10116 -0.162169  0.244341
107.799   1.10116 -0.162169  0.244341
107.8   1.10116 -0.162169  0.244341
107.802   1.10116 -0.162169  0.244341
107.803   1.10116 -0.162169  0.244341
107.804   1.10116 -0.162169  0.244341
107.805   1.10116 -0.162169  0.244341
107.806   1.10116 -0.162169  0.244341
107.807   1.10116 -0.162169  0.244341
107.809   1.10116 -0.162169  0.244341
107.81   1.10116 -0.162169  0.244341
107.811   1.10116 -0.162169  0.244341
107.812   1.10116 -0.162169  0.244341
107.813   1.10116 -0.162169  0.244341
107.815   1.10116 -0.162169  0.244341
107.816   1.10116 -0.162169  0.244341
107.817   1.10116 -0.162169  0.244341
107.818   1.10116 -0.162169  0.244341
107.819   1.10116 -0.162169  0.244341
107.821   1.10116 -0.162169  0.244341
107.822   1.10116 -0.162169  0.244341
107.823   1.10116 -0.162169  0.244341
107.824   1.10116 -0.162169  0.244341
107.826   1.10116 -0.162169  0.244341
107.827   1.10116 -0.162169  0.244341
107.828   1.10116 -0.162169  0.244341
107.829   1.10116 -0.162169  0.244341
107.83   1.10116 -0.162169  0.244341
107.832   1.10116 -0.162169  0.244341
107.833   1.10116 -0.162169  0.244341
107.834   1.10116 -0.162169  0.244341
107.835   1.10116 -0.162169  0.244341
107.836   1.10116 -0.162169  0.244341
107.837   1.10116 -0.162169  0.244341
107.839   1.10116 -0.162169  0.244341
107.84   1.10116 -0.162169  0.244341
107.841   1.10116 -0.162169  0.244341
107.842   1.10116 -0.162169  0.244341
107.843   1.10116 -0.162169  0.244341
107.844   1.10116 -0.162169  0.244341
107.845   1.10116 -0.162169  0.244341
107.847   1.10116 -0.162169  0.244341
107.848   1.10116 -0.162169  0.244341
107.849   1.10116 -0.162169  0.244341
107.85   1.10116 -0.162169  0.244341
107.851   1.10116 -0.162169  0.244341
107.852   1.10116 -0.162169  0.244341
107.854   1.10116 -0.162169  0.244341
107.855   1.10116 -0.162169  0.244341
107.856   1.10116 -0.162169  0.244341
107.857   1.10116 -0.162169  0.244341
107.858   1.10116 -0.162169  0.244341
107.859   1.10116 -0.162169  0.244341
107.86   1.10116 -0.162169  0.244341
107.862   1.10116 -0.162169  0.244341
107.863   1.10116 -0.162169  0.244341
107.864   1.10116 -0.162169  0.244341
107.865   1.10116 -0.162169  0.244341
107.866   1.10116 -0.162169  0.244341
107.868   1.10116 -0.162169  0.244341
107.869   1.10116 -0.162169  0.244341
107.87   1.10116 -0.162169  0.244341
107.871   1.10116 -0.162169  0.244341
107.872   1.10116 -0.162169  0.244341
107.874   1.10116 -0.162169  0.244341
107.875   1.10116 -0.162169  0.244341
107.876   1.10116 -0.162169  0.244341
107.877   1.10116 -0.162169  0.244341
107.879   1.10116 -0.162169  0.244341
107.88   1.10116 -0.162169  0.244341
107.881   1.10116 -0.162169  0.244341
107.882   1.10116 -0.162169  0.244341
107.883   1.10116 -0.162169  0.244341
107.885   1.10116 -0.162169  0.244341
107.886   1.10116 -0.162169  0.244341
107.887   1.10116 -0.162169  0.244341
107.888   1.10116 -0.162169  0.244341
107.889   1.10116 -0.162169  0.244341
107.891   1.10116 -0.162169  0.244341
107.892   1.10116 -0.162169  0.244341
107.893   1.10116 -0.162169  0.244341
107.894   1.10116 -0.162169  0.244341
107.895   1.10116 -0.162169  0.244341
107.897   1.10116 -0.162169  0.244341
107.898   1.10116 -0.162169  0.244341
107.899   1.10116 -0.162169  0.244341
107.9   1.10116 -0.162169  0.244341
107.901   1.10116 -0.162169  0.244341
107.903   1.10116 -0.162169  0.244341
107.904   1.10116 -0.162169  0.244341
107.905   1.10116 -0.162169  0.244341
107.906   1.10116 -0.162169  0.244341
107.907   1.10116 -0.162169  0.244341
107.909   1.10116 -0.162169  0.244341
107.91   1.10116 -0.162169  0.244341
107.911   1.10116 -0.162169  0.244341
107.912   1.10116 -0.162169  0.244341
107.914   1.10116 -0.162169  0.244341
107.915   1.10116 -0.162169  0.244341
107.916   1.10116 -0.162169  0.244341
107.917   1.10116 -0.162169  0.244341
107.919   1.10116 -0.162169  0.244341
107.92   1.10116 -0.162169  0.244341
107.921   1.10116 -0.162169  0.244341
107.922   1.10116 -0.162169  0.244341
107.923   1.10116 -0.162169  0.244341
107.925   1.10116 -0.162169  0.244341
107.926   1.10116 -0.162169  0.244341
107.927   1.10116 -0.162169  0.244341
107.928   1.10116 -0.162169  0.244341
107.929   1.10116 -0.162169  0.244341
107.93   1.10116 -0.162169  0.244341
107.932   1.10116 -0.162169  0.244341
107.933   1.10116 -0.162169  0.244341
107.934   1.10116 -0.162169  0.244341
107.935   1.10116 -0.162169  0.244341
107.936   1.10116 -0.162169  0.244341
107.937   1.10116 -0.162169  0.244341
107.938   1.10116 -0.162169  0.244341
107.94   1.10116 -0.162169  0.244341
107.941   1.10116 -0.162169  0.244341
107.942   1.10116 -0.162169  0.244341
107.943   1.10116 -0.162169  0.244341
107.944   1.10116 -0.162169  0.244341
107.946   1.10116 -0.162169  0.244341
107.947   1.10116 -0.162169  0.244341
107.948   1.10116 -0.162169  0.244341
107.949   1.10116 -0.162169  0.244341
107.95   1.10116 -0.162169  0.244341
107.951   1.10116 -0.162169  0.244341
107.953   1.10116 -0.162169  0.244341
107.954   1.10116 -0.162169  0.244341
107.955   1.10116 -0.162169  0.244341
107.956   1.10116 -0.162169  0.244341
107.957   1.10116 -0.162169  0.244341
107.958   1.10116 -0.162169  0.244341
107.96   1.10116 -0.162169  0.244341
107.961   1.10116 -0.162169  0.244341
107.962   1.10116 -0.162169  0.244341
107.963   1.10116 -0.162169  0.244341
107.964   1.10116 -0.162169  0.244341
107.966   1.10116 -0.162169  0.244341
107.967   1.10116 -0.162169  0.244341
107.968   1.10116 -0.162169  0.244341
107.969   1.10116 -0.162169  0.244341
107.97   1.10116 -0.162169   0.24434
107.972   1.10116 -0.162169   0.24434
107.973   1.10116 -0.162169   0.24434
107.974   1.10116 -0.162169   0.24434
107.975   1.10116 -0.162169   0.24434
107.977   1.10116 -0.162169   0.24434
107.978   1.10116 -0.162169   0.24434
107.979   1.10116 -0.162169   0.24434
107.98   1.10116 -0.162169   0.24434
107.981   1.10116 -0.162169   0.24434
107.983   1.10115 -0.162169   0.24434
107.984   1.10115 -0.162169   0.24434
107.985   1.10115 -0.162169   0.24434
107.986   1.10115 -0.162169   0.24434
107.987   1.10115 -0.162169   0.24434
107.988   1.10115 -0.162169   0.24434
107.99   1.10115 -0.162169   0.24434
107.991   1.10115 -0.162169   0.24434
107.992   1.10115 -0.162169   0.24434
107.993   1.10115 -0.162169   0.24434
107.994   1.10115 -0.162169   0.24434
107.996   1.10115 -0.162169   0.24434
107.997   1.10115 -0.162169   0.24434
107.998   1.10115 -0.162169   0.24434
107.999   1.10115 -0.162169   0.24434
108   1.10115 -0.162169   0.24434
108.002   1.10115 -0.162169   0.24434
108.003   1.10115 -0.162169   0.24434
108.004   1.10115 -0.162169   0.24434
108.005   1.10115 -0.162169   0.24434
108.006   1.10115 -0.162169   0.24434
108.008   1.10115 -0.162169   0.24434
108.009   1.10115 -0.162169   0.24434
108.01   1.10115 -0.162169   0.24434
108.011   1.10115 -0.162169   0.24434
108.013   1.10115 -0.162169   0.24434
108.014   1.10115 -0.162169   0.24434
108.015   1.10115 -0.162169   0.24434
108.017   1.10115 -0.162169   0.24434
108.018   1.10115 -0.162169   0.24434
108.019   1.10115 -0.162169   0.24434
108.02   1.10115 -0.162169   0.24434
108.022   1.10115 -0.162169   0.24434
108.023   1.10115 -0.162169   0.24434
108.024   1.10115 -0.162169   0.24434
108.025   1.10115 -0.162169   0.24434
108.027   1.10115 -0.162169   0.24434
108.028   1.10115 -0.162169   0.24434
108.029   1.10115 -0.162169   0.24434
108.031   1.10115 -0.162169   0.24434
108.032   1.10115 -0.162169   0.24434
108.033   1.10115 -0.162169   0.24434
108.034   1.10115 -0.162169   0.24434
108.035   1.10115 -0.162169   0.24434
108.036   1.10115 -0.162169   0.24434
108.038   1.10115 -0.162169   0.24434
108.039   1.10115 -0.162169   0.24434
108.04   1.10115 -0.162169   0.24434
108.041   1.10115 -0.162169   0.24434
108.043   1.10115 -0.162169   0.24434
108.044   1.10115 -0.162169   0.24434
108.045   1.10115 -0.162169   0.24434
108.046   1.10115 -0.162169   0.24434
108.048   1.10115 -0.162169   0.24434
108.049   1.10115 -0.162169   0.24434
108.05   1.10115 -0.162169   0.24434
108.052   1.10115 -0.162169   0.24434
108.053   1.10115 -0.162169   0.24434
108.054   1.10115 -0.162169   0.24434
108.055   1.10115 -0.162169   0.24434
108.057   1.10115 -0.162169   0.24434
108.058   1.10115 -0.162169   0.24434
108.059   1.10115 -0.162169   0.24434
108.061   1.10115 -0.162169   0.24434
108.062   1.10115 -0.162169   0.24434
108.063   1.10115 -0.162169   0.24434
108.065   1.10115 -0.162169   0.24434
108.066   1.10115 -0.162169   0.24434
108.067   1.10115 -0.162169   0.24434
108.068   1.10115 -0.162169   0.24434
108.069   1.10115 -0.162169   0.24434
108.071   1.10115 -0.162169   0.24434
108.072   1.10115 -0.162169   0.24434
108.073   1.10115 -0.162169   0.24434
108.074   1.10115 -0.162169   0.24434
108.076   1.10115 -0.162169   0.24434
108.077   1.10115 -0.162169   0.24434
108.078   1.10115 -0.162169   0.24434
108.08   1.10115 -0.162169   0.24434
108.081   1.10115 -0.162169   0.24434
108.082   1.10115 -0.162169   0.24434
108.083   1.10115 -0.162169   0.24434
108.085   1.10115 -0.162169   0.24434
108.086   1.10115 -0.162169   0.24434
108.087   1.10115 -0.162169   0.24434
108.088   1.10115 -0.162169   0.24434
108.089   1.10115 -0.162169   0.24434
108.091   1.10115 -0.162169   0.24434
108.092   1.10115 -0.162169   0.24434
108.093   1.10115 -0.162169   0.24434
108.095   1.10115 -0.162169   0.24434
108.096   1.10115 -0.162169   0.24434
108.097   1.10115 -0.162169   0.24434
108.098   1.10115 -0.162169   0.24434
108.1   1.10115 -0.162169   0.24434
108.101   1.10115 -0.162169   0.24434
108.102   1.10115 -0.162169   0.24434
108.104   1.10115 -0.162169   0.24434
108.105   1.10115 -0.162169   0.24434
108.106   1.10115 -0.162169   0.24434
108.107   1.10115 -0.162169   0.24434
108.109   1.10115 -0.162169   0.24434
108.11   1.10115 -0.162169   0.24434
108.111   1.10115 -0.162169   0.24434
108.113   1.10115 -0.162169   0.24434
108.114   1.10115 -0.162169   0.24434
108.115   1.10115 -0.162169   0.24434
108.116   1.10115 -0.162169   0.24434
108.117   1.10115 -0.162169   0.24434
108.119   1.10115 -0.162169   0.24434
108.12   1.10115 -0.162169   0.24434
108.121   1.10115 -0.162169   0.24434
108.122   1.10115 -0.162169   0.24434
108.124   1.10115 -0.162169   0.24434
108.125   1.10115 -0.162169   0.24434
108.126   1.10115 -0.162169   0.24434
108.128   1.10115 -0.162169   0.24434
108.129   1.10115 -0.162169   0.24434
108.131   1.10115 -0.162169   0.24434
108.132   1.10115 -0.162169   0.24434
108.133   1.10115 -0.162169   0.24434
108.135   1.10115 -0.162169   0.24434
108.136   1.10115 -0.162169   0.24434
108.137   1.10115 -0.162169   0.24434
108.138   1.10115 -0.162169   0.24434
108.14   1.10115 -0.162169   0.24434
108.141   1.10115 -0.162169   0.24434
108.142   1.10115 -0.162169   0.24434
108.143   1.10115 -0.162169   0.24434
108.144   1.10115 -0.162169   0.24434
108.146   1.10115 -0.162169   0.24434
108.147   1.10115 -0.162169   0.24434
108.148   1.10115 -0.162169   0.24434
108.149   1.10115 -0.162169   0.24434
108.151   1.10115 -0.162169   0.24434
108.152   1.10115 -0.162169   0.24434
108.153   1.10115 -0.162169   0.24434
108.155   1.10115 -0.162169   0.24434
108.156   1.10115 -0.162169   0.24434
108.157   1.10115 -0.162169   0.24434
108.159   1.10115 -0.162169   0.24434
108.16   1.10115 -0.162169   0.24434
108.161   1.10115 -0.162169   0.24434
108.162   1.10115 -0.162169   0.24434
108.164   1.10115 -0.162169   0.24434
108.165   1.10115 -0.162169   0.24434
108.166   1.10115 -0.162169   0.24434
108.167   1.10115 -0.162169   0.24434
108.168   1.10115 -0.162169   0.24434
108.17   1.10115 -0.162169   0.24434
108.171   1.10115 -0.162169   0.24434
108.172   1.10115 -0.162169   0.24434
108.174   1.10115 -0.162169   0.24434
108.175   1.10115 -0.162169   0.24434
108.176   1.10115 -0.162169   0.24434
108.177   1.10115 -0.162169   0.24434
108.179   1.10115 -0.162169   0.24434
108.18   1.10115 -0.162169   0.24434
108.181   1.10115 -0.162169   0.24434
108.182   1.10115 -0.162169   0.24434
108.184   1.10115 -0.162169   0.24434
108.185   1.10115 -0.162169   0.24434
108.186   1.10115 -0.162169   0.24434
108.187   1.10115 -0.162169   0.24434
108.189   1.10115 -0.162169   0.24434
108.19   1.10115 -0.162169   0.24434
108.191   1.10115 -0.162169   0.24434
108.192   1.10115 -0.162169   0.24434
108.193   1.10115 -0.162169   0.24434
108.194   1.10115 -0.162169   0.24434
108.196   1.10115 -0.162169   0.24434
108.197   1.10115 -0.162169   0.24434
108.198   1.10115 -0.162169   0.24434
108.199   1.10115 -0.162169   0.24434
108.2   1.10115 -0.162169   0.24434
108.202   1.10115 -0.162169   0.24434
108.203   1.10115 -0.162169   0.24434
108.204   1.10115 -0.162169   0.24434
108.205   1.10115 -0.162169   0.24434
108.206   1.10115 -0.162169   0.24434
108.208   1.10115 -0.162169   0.24434
108.209   1.10115 -0.162169   0.24434
108.21   1.10115 -0.162169   0.24434
108.211   1.10115 -0.162169   0.24434
108.212   1.10115 -0.162169   0.24434
108.214   1.10115 -0.162169   0.24434
108.215   1.10115 -0.162169   0.24434
108.216   1.10115 -0.162169   0.24434
108.217   1.10115 -0.162169   0.24434
108.219   1.10115 -0.162169   0.24434
108.22   1.10115 -0.162169   0.24434
108.221   1.10115 -0.162169   0.24434
108.222   1.10115 -0.162169   0.24434
108.223   1.10115 -0.162169   0.24434
108.224   1.10115 -0.162169   0.24434
108.226   1.10115 -0.162169   0.24434
108.227   1.10115 -0.162169   0.24434
108.228   1.10115 -0.162169   0.24434
108.229   1.10115 -0.162169   0.24434
108.231   1.10115 -0.162169   0.24434
108.232   1.10115 -0.162169   0.24434
108.233   1.10115 -0.162169   0.24434
108.234   1.10115 -0.162169   0.24434
108.235   1.10115 -0.162169   0.24434
108.237   1.10115 -0.162169   0.24434
108.238   1.10115 -0.162169   0.24434
108.239   1.10115 -0.162169   0.24434
108.24   1.10115 -0.162169   0.24434
108.241   1.10115 -0.162169   0.24434
108.243   1.10115 -0.162169   0.24434
108.244   1.10115 -0.162169   0.24434
108.245   1.10115 -0.162169   0.24434
108.246   1.10115 -0.162169   0.24434
108.247   1.10115 -0.162169   0.24434
108.249   1.10115 -0.162169   0.24434
108.25   1.10115 -0.162169   0.24434
108.251   1.10115 -0.162169   0.24434
108.252   1.10115 -0.162169   0.24434
108.254   1.10115 -0.162169   0.24434
108.255   1.10115 -0.162169   0.24434
108.256   1.10115 -0.162169   0.24434
108.257   1.10115 -0.162169   0.24434
108.259   1.10115 -0.162169   0.24434
108.26   1.10115 -0.162169   0.24434
108.261   1.10115 -0.162169   0.24434
108.262   1.10115 -0.162169   0.24434
108.263   1.10115 -0.162169   0.24434
108.264   1.10115 -0.162169   0.24434
108.266   1.10115 -0.162169   0.24434
108.267   1.10115 -0.162169   0.24434
108.268   1.10115 -0.162169   0.24434
108.269   1.10115 -0.162169   0.24434
108.27   1.10115 -0.162169   0.24434
108.272   1.10115 -0.162169   0.24434
108.273   1.10115 -0.162169   0.24434
108.274   1.10115 -0.162169   0.24434
108.275   1.10115 -0.162169   0.24434
108.276   1.10115 -0.162169   0.24434
108.278   1.10115 -0.162169   0.24434
108.279   1.10115 -0.162169   0.24434
108.28   1.10115 -0.162169   0.24434
108.281   1.10115 -0.162169   0.24434
108.282   1.10115 -0.162169   0.24434
108.284   1.10115 -0.162169   0.24434
108.285   1.10115 -0.162169   0.24434
108.286   1.10115 -0.162169   0.24434
108.287   1.10115 -0.162169   0.24434
108.288   1.10115 -0.162169   0.24434
108.29   1.10115 -0.162169   0.24434
108.291   1.10115 -0.162169   0.24434
108.292   1.10115 -0.162169   0.24434
108.293   1.10115 -0.162169   0.24434
108.294   1.10115 -0.162169   0.24434
108.296   1.10115 -0.162169   0.24434
108.297   1.10115 -0.162169   0.24434
108.298   1.10115 -0.162169   0.24434
108.299   1.10115 -0.162169   0.24434
108.3   1.10115 -0.162169   0.24434
108.302   1.10115 -0.162169   0.24434
108.303   1.10115 -0.162169   0.24434
108.304   1.10115 -0.162169   0.24434
108.305   1.10115 -0.162169   0.24434
108.307   1.10115 -0.162169   0.24434
108.308   1.10115 -0.162169   0.24434
108.309   1.10115 -0.162169   0.24434
108.31   1.10115 -0.162169   0.24434
108.311   1.10115 -0.162169   0.24434
108.313   1.10115 -0.162169   0.24434
108.314   1.10115 -0.162169   0.24434
108.315   1.10115 -0.162169   0.24434
108.316   1.10115 -0.162169   0.24434
108.317   1.10115 -0.162169   0.24434
108.319   1.10115 -0.162169   0.24434
108.32   1.10115 -0.162169   0.24434
108.321   1.10115 -0.162169   0.24434
108.322   1.10115 -0.162169   0.24434
108.324   1.10115 -0.162169   0.24434
108.325   1.10115 -0.162169   0.24434
108.326   1.10115 -0.162169   0.24434
108.327   1.10115 -0.162169   0.24434
108.329   1.10115 -0.162169   0.24434
108.33   1.10115 -0.162169   0.24434
108.331   1.10115 -0.162169   0.24434
108.332   1.10115 -0.162169   0.24434
108.333   1.10115 -0.162169   0.24434
108.335   1.10115 -0.162169   0.24434
108.336   1.10115 -0.162169   0.24434
108.337   1.10115 -0.162169   0.24434
108.338   1.10115 -0.162169   0.24434
108.34   1.10115 -0.162169   0.24434
108.341   1.10115 -0.162169   0.24434
108.342   1.10115 -0.162169   0.24434
108.343   1.10115 -0.162169   0.24434
108.345   1.10115 -0.162169   0.24434
108.346   1.10115 -0.162169   0.24434
108.347   1.10115 -0.162169   0.24434
108.349   1.10115 -0.162169   0.24434
108.35   1.10115 -0.162169   0.24434
108.351   1.10115 -0.162169   0.24434
108.352   1.10115 -0.162169   0.24434
108.353   1.10115 -0.162169   0.24434
108.355   1.10115 -0.162169   0.24434
108.356   1.10115 -0.162169   0.24434
108.357   1.10115 -0.162169   0.24434
108.358   1.10115 -0.162169   0.24434
108.359   1.10115 -0.162169   0.24434
108.361   1.10115 -0.162169   0.24434
108.362   1.10115 -0.162169   0.24434
108.363   1.10115 -0.162169   0.24434
108.364   1.10115 -0.162169   0.24434
108.366   1.10115 -0.162169   0.24434
108.367   1.10115 -0.162169   0.24434
108.368   1.10115 -0.162169   0.24434
108.369   1.10115 -0.162169   0.24434
108.371   1.10115 -0.162169   0.24434
108.372   1.10115 -0.162169   0.24434
108.373   1.10115 -0.162169   0.24434
108.374   1.10115 -0.162169   0.24434
108.375   1.10115 -0.162169   0.24434
108.377   1.10115 -0.162169   0.24434
108.378   1.10115 -0.162169   0.24434
108.379   1.10115 -0.162169   0.24434
108.38   1.10115 -0.162169   0.24434
108.382   1.10115 -0.162169   0.24434
108.383   1.10115 -0.162169   0.24434
108.384   1.10115 -0.162169   0.24434
108.385   1.10115 -0.162169   0.24434
108.387   1.10115 -0.162169   0.24434
108.387   1.10115 -0.162169   0.24434
108.389   1.10115 -0.162169   0.24434
108.39   1.10115 -0.162169   0.24434
108.391   1.10115 -0.162169   0.24434
108.392   1.10115 -0.162169   0.24434
108.393   1.10115 -0.162169   0.24434
108.395   1.10115 -0.162169   0.24434
108.396   1.10115 -0.162169   0.24434
108.397   1.10115 -0.162169  0.244339
108.398   1.10115 -0.162169  0.244339
108.4   1.10115 -0.162169  0.244339
108.401   1.10115 -0.162169  0.244339
108.402   1.10115 -0.162169  0.244339
108.403   1.10115 -0.162169  0.244339
108.404   1.10115 -0.162169  0.244339
108.406   1.10115 -0.162169  0.244339
108.407   1.10115 -0.162169  0.244339
108.408   1.10115 -0.162169  0.244339
108.409   1.10115 -0.162169  0.244339
108.41   1.10115 -0.162169  0.244339
108.412   1.10115 -0.162169  0.244339
108.413   1.10115 -0.162169  0.244339
108.414   1.10115 -0.162169  0.244339
108.415   1.10115 -0.162169  0.244339
108.416   1.10115 -0.162169  0.244339
108.418   1.10115 -0.162169  0.244339
108.419   1.10115 -0.162169  0.244339
108.42   1.10115 -0.162169  0.244339
108.421   1.10115 -0.162169  0.244339
108.423   1.10115 -0.162169  0.244339
108.424   1.10115 -0.162169  0.244339
108.425   1.10115 -0.162169  0.244339
108.426   1.10115 -0.162169  0.244339
108.427   1.10115 -0.162169  0.244339
108.429   1.10115 -0.162169  0.244339
108.43   1.10115 -0.162169  0.244339
108.431   1.10115 -0.162169  0.244339
108.432   1.10115 -0.162169  0.244339
108.433   1.10115 -0.162169  0.244339
108.435   1.10115 -0.162169  0.244339
108.436   1.10115 -0.162169  0.244339
108.437   1.10115 -0.162169  0.244339
108.438   1.10115 -0.162169  0.244339
108.44   1.10115 -0.162169  0.244339
108.441   1.10115 -0.162169  0.244339
108.442   1.10115 -0.162169  0.244339
108.443   1.10115 -0.162169  0.244339
108.444   1.10115 -0.162169  0.244339
108.446   1.10115 -0.162169  0.244339
108.447   1.10115 -0.162169  0.244339
108.448   1.10115 -0.162169  0.244339
108.449   1.10115 -0.162169  0.244339
108.45   1.10115 -0.162169  0.244339
108.452   1.10115 -0.162169  0.244339
108.453   1.10115 -0.162169  0.244339
108.454   1.10115 -0.162169  0.244339
108.455   1.10115 -0.162169  0.244339
108.456   1.10115 -0.162169  0.244339
108.458   1.10115 -0.162169  0.244339
108.459   1.10115 -0.162169  0.244339
108.46   1.10115 -0.162169  0.244339
108.461   1.10115 -0.162169  0.244339
108.463   1.10115 -0.162169  0.244339
108.464   1.10115 -0.162169  0.244339
108.465   1.10115 -0.162169  0.244339
108.466   1.10115 -0.162169  0.244339
108.468   1.10115 -0.162169  0.244339
108.469   1.10115 -0.162169  0.244339
108.47   1.10115 -0.162169  0.244339
108.471   1.10115 -0.162169  0.244339
108.473   1.10115 -0.162169  0.244339
108.474   1.10115 -0.162169  0.244339
108.475   1.10115 -0.162169  0.244339
108.476   1.10115 -0.162169  0.244339
108.477   1.10115 -0.162169  0.244339
108.479   1.10115 -0.162169  0.244339
108.48   1.10115 -0.162169  0.244339
108.481   1.10115 -0.162169  0.244339
108.482   1.10115 -0.162169  0.244339
108.483   1.10115 -0.162169  0.244339
108.485   1.10115 -0.162169  0.244339
108.486   1.10115 -0.162169  0.244339
108.487   1.10115 -0.162169  0.244339
108.488   1.10115 -0.162169  0.244339
108.489   1.10115 -0.162169  0.244339
108.491   1.10115 -0.162169  0.244339
108.492   1.10115 -0.162169  0.244339
108.493   1.10115 -0.162169  0.244339
108.495   1.10115 -0.162169  0.244339
108.496   1.10115 -0.162169  0.244339
108.497   1.10115 -0.162169  0.244339
108.498   1.10115 -0.162169  0.244339
108.499   1.10115 -0.162169  0.244339
108.501   1.10115 -0.162169  0.244339
108.502   1.10115 -0.162169  0.244339
108.503   1.10115 -0.162169  0.244339
108.504   1.10115 -0.162169  0.244339
108.505   1.10115 -0.162169  0.244339
108.507   1.10115 -0.162169  0.244339
108.508   1.10115 -0.162169  0.244339
108.509   1.10115 -0.162169  0.244339
108.51   1.10115 -0.162169  0.244339
108.511   1.10115 -0.162169  0.244339
108.512   1.10115 -0.162169  0.244339
108.513   1.10115 -0.162169  0.244339
108.515   1.10115 -0.162169  0.244339
108.516   1.10115 -0.162169  0.244339
108.517   1.10115 -0.162169  0.244339
108.518   1.10115 -0.162169  0.244339
108.52   1.10115 -0.162169  0.244339
108.521   1.10115 -0.162169  0.244339
108.522   1.10115 -0.162169  0.244339
108.523   1.10115 -0.162169  0.244339
108.524   1.10115 -0.162169  0.244339
108.525   1.10115 -0.162169  0.244339
108.527   1.10115 -0.162169  0.244339
108.528   1.10115 -0.162169  0.244339
108.529   1.10115 -0.162169  0.244339
108.53   1.10115 -0.162169  0.244339
108.531   1.10115 -0.162169  0.244339
108.532   1.10115 -0.162169  0.244339
108.533   1.10115 -0.162169  0.244339
108.535   1.10115 -0.162169  0.244339
108.536   1.10115 -0.162169  0.244339
108.537   1.10115 -0.162169  0.244339
108.538   1.10115 -0.162169  0.244339
108.539   1.10115 -0.162169  0.244339
108.54   1.10115 -0.162169  0.244339
108.542   1.10115 -0.162169  0.244339
108.543   1.10115 -0.162169  0.244339
108.544   1.10115 -0.162169  0.244339
108.545   1.10115 -0.162169  0.244339
108.547   1.10115 -0.162169  0.244339
108.548   1.10115 -0.162169  0.244339
108.549   1.10115 -0.162169  0.244339
108.55   1.10115 -0.162169  0.244339
108.551   1.10115 -0.162169  0.244339
108.553   1.10115 -0.162169  0.244339
108.554   1.10115 -0.162169  0.244339
108.555   1.10115 -0.162169  0.244339
108.556   1.10115 -0.162169  0.244339
108.557   1.10115 -0.162169  0.244339
108.559   1.10115 -0.162169  0.244339
108.56   1.10115 -0.162169  0.244339
108.561   1.10115 -0.162169  0.244339
108.562   1.10115 -0.162169  0.244339
108.563   1.10115 -0.162169  0.244339
108.565   1.10115 -0.162169  0.244339
108.566   1.10115 -0.162169  0.244339
108.567   1.10115 -0.162169  0.244339
108.568   1.10115 -0.162169  0.244339
108.569   1.10115 -0.162169  0.244339
108.571   1.10115 -0.162169  0.244339
108.572   1.10115 -0.162169  0.244339
108.573   1.10115 -0.162169  0.244339
108.574   1.10115 -0.162169  0.244339
108.575   1.10115 -0.162169  0.244339
108.577   1.10115 -0.162169  0.244339
108.578   1.10115 -0.162169  0.244339
108.579   1.10115 -0.162169  0.244339
108.58   1.10115 -0.162169  0.244339
108.582   1.10115 -0.162169  0.244339
108.583   1.10115 -0.162169  0.244339
108.584   1.10115 -0.162169  0.244339
108.585   1.10115 -0.162169  0.244339
108.586   1.10115 -0.162169  0.244339
108.588   1.10115 -0.162169  0.244339
108.589   1.10115 -0.162169  0.244339
108.59   1.10115 -0.162169  0.244339
108.591   1.10115 -0.162169  0.244339
108.592   1.10115 -0.162169  0.244339
108.594   1.10115 -0.162169  0.244339
108.595   1.10115 -0.162169  0.244339
108.596   1.10115 -0.162169  0.244339
108.597   1.10115 -0.162169  0.244339
108.598   1.10115 -0.162169  0.244339
108.6   1.10115 -0.162169  0.244339
108.601   1.10115 -0.162169  0.244339
108.602   1.10115 -0.162169  0.244339
108.603   1.10115 -0.162169  0.244339
108.604   1.10115 -0.162169  0.244339
108.606   1.10115 -0.162169  0.244339
108.607   1.10115 -0.162169  0.244339
108.608   1.10115 -0.162169  0.244339
108.609   1.10115 -0.162169  0.244339
108.61   1.10115 -0.162169  0.244339
108.612   1.10115 -0.162169  0.244339
108.613   1.10115 -0.162169  0.244339
108.614   1.10115 -0.162169  0.244339
108.615   1.10115 -0.162169  0.244339
108.616   1.10115 -0.162169  0.244339
108.618   1.10115 -0.162169  0.244339
108.619   1.10115 -0.162169  0.244339
108.62   1.10115 -0.162169  0.244339
108.621   1.10115 -0.162169  0.244339
108.622   1.10115 -0.162169  0.244339
108.624   1.10115 -0.162169  0.244339
108.625   1.10115 -0.162169  0.244339
108.626   1.10115 -0.162169  0.244339
108.627   1.10115 -0.162169  0.244339
108.629   1.10115 -0.162169  0.244339
108.63   1.10115 -0.162169  0.244339
108.631   1.10115 -0.162169  0.244339
108.632   1.10115 -0.162169  0.244339
108.633   1.10115 -0.162169  0.244339
108.635   1.10115 -0.162169  0.244339
108.636   1.10115 -0.162169  0.244339
108.637   1.10115 -0.162169  0.244339
108.638   1.10115 -0.162169  0.244339
108.639   1.10115 -0.162169  0.244339
108.641   1.10115 -0.162169  0.244339
108.642   1.10115 -0.162169  0.244339
108.643   1.10115 -0.162169  0.244339
108.644   1.10115 -0.162169  0.244339
108.646   1.10115 -0.162169  0.244339
108.647   1.10115 -0.162169  0.244339
108.648   1.10115 -0.162169  0.244339
108.649   1.10115 -0.162169  0.244339
108.65   1.10115 -0.162169  0.244339
108.652   1.10115 -0.162169  0.244339
108.653   1.10115 -0.162169  0.244339
108.654   1.10115 -0.162169  0.244339
108.655   1.10115 -0.162169  0.244339
108.657   1.10115 -0.162169  0.244339
108.658   1.10115 -0.162169  0.244339
108.659   1.10115 -0.162169  0.244339
108.66   1.10115 -0.162169  0.244339
108.662   1.10115 -0.162169  0.244339
108.663   1.10115 -0.162169  0.244339
108.664   1.10115 -0.162169  0.244339
108.665   1.10115 -0.162169  0.244339
108.666   1.10115 -0.162169  0.244339
108.668   1.10115 -0.162169  0.244339
108.669   1.10115 -0.162169  0.244339
108.67   1.10115 -0.162169  0.244339
108.671   1.10115 -0.162169  0.244339
108.673   1.10115 -0.162169  0.244339
108.674   1.10115 -0.162169  0.244339
108.675   1.10115 -0.162169  0.244339
108.676   1.10115 -0.162169  0.244339
108.678   1.10115 -0.162169  0.244339
108.679   1.10115 -0.162169  0.244339
108.68   1.10115 -0.162169  0.244339
108.681   1.10115 -0.162169  0.244339
108.683   1.10115 -0.162169  0.244339
108.684   1.10115 -0.162169  0.244339
108.685   1.10115 -0.162169  0.244339
108.686   1.10115 -0.162169  0.244339
108.688   1.10115 -0.162169  0.244339
108.689   1.10115 -0.162169  0.244339
108.69   1.10115 -0.162169  0.244339
108.691   1.10115 -0.162169  0.244339
108.693   1.10115 -0.162169  0.244339
108.694   1.10115 -0.162169  0.244339
108.695   1.10115 -0.162169  0.244339
108.696   1.10115 -0.162169  0.244339
108.697   1.10115 -0.162169  0.244339
108.698   1.10115 -0.162169  0.244339
108.7   1.10115 -0.162169  0.244339
108.701   1.10115 -0.162169  0.244339
108.702   1.10115 -0.162169  0.244339
108.703   1.10115 -0.162169  0.244339
108.704   1.10115 -0.162169  0.244339
108.705   1.10115 -0.162169  0.244339
108.707   1.10115 -0.162169  0.244339
108.708   1.10115 -0.162169  0.244339
108.709   1.10115 -0.162169  0.244339
108.71   1.10115 -0.162169  0.244339
108.711   1.10115 -0.162169  0.244339
108.713   1.10115 -0.162169  0.244339
108.714   1.10115 -0.162169  0.244339
108.715   1.10115 -0.162169  0.244339
108.716   1.10115 -0.162169  0.244339
108.717   1.10115 -0.162169  0.244339
108.719   1.10115 -0.162169  0.244339
108.72   1.10115 -0.162169  0.244339
108.721   1.10115 -0.162169  0.244339
108.722   1.10115 -0.162169  0.244339
108.724   1.10115 -0.162169  0.244339
108.725   1.10115 -0.162169  0.244339
108.726   1.10115 -0.162169  0.244339
108.727   1.10115 -0.162169  0.244339
108.728   1.10115 -0.162169  0.244339
108.73   1.10115 -0.162169  0.244339
108.731   1.10115 -0.162169  0.244339
108.732   1.10115 -0.162169  0.244339
108.733   1.10115 -0.162169  0.244339
108.734   1.10115 -0.162169  0.244339
108.735   1.10115 -0.162169  0.244339
108.737   1.10115 -0.162169  0.244339
108.738   1.10115 -0.162169  0.244339
108.739   1.10115 -0.162169  0.244339
108.74   1.10115 -0.162169  0.244339
108.742   1.10115 -0.162169  0.244339
108.743   1.10115 -0.162169  0.244339
108.744   1.10115 -0.162169  0.244339
108.745   1.10115 -0.162169  0.244339
108.747   1.10115 -0.162169  0.244339
108.747   1.10115 -0.162169  0.244339
108.749   1.10115 -0.162169  0.244339
108.75   1.10115 -0.162169  0.244339
108.751   1.10115 -0.162169  0.244339
108.753   1.10115 -0.162169  0.244339
108.754   1.10115 -0.162169  0.244339
108.755   1.10115 -0.162169  0.244339
108.756   1.10115 -0.162169  0.244339
108.757   1.10115 -0.162169  0.244339
108.759   1.10115 -0.162169  0.244339
108.76   1.10115 -0.162169  0.244339
108.761   1.10115 -0.162169  0.244339
108.762   1.10115 -0.162169  0.244339
108.764   1.10115 -0.162169  0.244339
108.765   1.10115 -0.162169  0.244339
108.766   1.10115 -0.162169  0.244339
108.767   1.10115 -0.162169  0.244339
108.769   1.10115 -0.162169  0.244339
108.77   1.10115 -0.162169  0.244339
108.771   1.10115 -0.162169  0.244339
108.772   1.10115 -0.162169  0.244339
108.773   1.10115 -0.162169  0.244339
108.775   1.10115 -0.162169  0.244339
108.776   1.10115 -0.162169  0.244339
108.777   1.10115 -0.162169  0.244339
108.778   1.10115 -0.162169  0.244339
108.779   1.10115 -0.162169  0.244339
108.781   1.10115 -0.162169  0.244339
108.782   1.10115 -0.162169  0.244339
108.783   1.10115 -0.162169  0.244339
108.785   1.10115 -0.162169  0.244339
108.786   1.10115 -0.162169  0.244339
108.787   1.10115 -0.162169  0.244339
108.788   1.10115 -0.162169  0.244339
108.79   1.10115 -0.162169  0.244339
108.791   1.10115 -0.162169  0.244339
108.792   1.10115 -0.162169  0.244339
108.793   1.10115 -0.162169  0.244339
108.795   1.10115 -0.162169  0.244339
108.796   1.10115 -0.162169  0.244339
108.797   1.10115 -0.162169  0.244339
108.798   1.10115 -0.162169  0.244339
108.8   1.10115 -0.162169  0.244339
108.801   1.10115 -0.162169  0.244339
108.802   1.10115 -0.162169  0.244339
108.803   1.10115 -0.162169  0.244339
108.804   1.10115 -0.162169  0.244339
108.806   1.10115 -0.162169  0.244339
108.807   1.10115 -0.162169  0.244339
108.808   1.10115 -0.162169  0.244339
108.809   1.10115 -0.162169  0.244339
108.811   1.10115 -0.162169  0.244339
108.812   1.10115 -0.162169  0.244339
108.813   1.10115 -0.162169  0.244339
108.814   1.10115 -0.162169  0.244339
108.816   1.10115 -0.162169  0.244339
108.817   1.10115 -0.162169  0.244339
108.818   1.10115 -0.162169  0.244339
108.819   1.10115 -0.162169  0.244339
108.821   1.10115 -0.162169  0.244339
108.822   1.10115 -0.162169  0.244339
108.823   1.10115 -0.162169  0.244339
108.824   1.10115 -0.162169  0.244339
108.825   1.10115 -0.162169  0.244339
108.827   1.10115 -0.162169  0.244339
108.828   1.10115 -0.162169  0.244339
108.829   1.10115 -0.162169  0.244339
108.83   1.10115 -0.162169  0.244339
108.831   1.10115 -0.162169  0.244339
108.833   1.10115 -0.162169  0.244339
108.834   1.10115 -0.162169  0.244339
108.835   1.10115 -0.162169  0.244339
108.836   1.10115 -0.162169  0.244339
108.838   1.10115 -0.162169  0.244339
108.839   1.10115 -0.162169  0.244339
108.84   1.10115 -0.162169  0.244339
108.841   1.10115 -0.162169  0.244339
108.842   1.10115 -0.162169  0.244339
108.844   1.10115 -0.162169  0.244339
108.845   1.10115 -0.162169  0.244339
108.846   1.10115 -0.162169  0.244339
108.847   1.10115 -0.162169  0.244339
108.848   1.10115 -0.162169  0.244339
108.85   1.10115 -0.162169  0.244339
108.851   1.10115 -0.162169  0.244339
108.852   1.10115 -0.162169  0.244339
108.853   1.10115 -0.162169  0.244339
108.854   1.10115 -0.162169  0.244339
108.856   1.10115 -0.162169  0.244339
108.857   1.10115 -0.162169  0.244339
108.858   1.10115 -0.162169  0.244339
108.859   1.10115 -0.162169  0.244339
108.86   1.10115 -0.162169  0.244339
108.862   1.10115 -0.162169  0.244339
108.863   1.10115 -0.162169  0.244339
108.864   1.10115 -0.162169  0.244339
108.865   1.10115 -0.162169  0.244339
108.867   1.10115 -0.162169  0.244339
108.868   1.10115 -0.162169  0.244339
108.869   1.10115 -0.162169  0.244339
108.87   1.10115 -0.162169  0.244339
108.871   1.10115 -0.162169  0.244339
108.872   1.10115 -0.162169  0.244339
108.874   1.10115 -0.162169  0.244339
108.875   1.10115 -0.162169  0.244339
108.876   1.10115 -0.162169  0.244339
108.877   1.10115 -0.162169  0.244339
108.878   1.10115 -0.162169  0.244339
108.879   1.10115 -0.162169  0.244339
108.881   1.10115 -0.162169  0.244339
108.882   1.10115 -0.162169  0.244339
108.883   1.10115 -0.162169  0.244339
108.884   1.10115 -0.162169  0.244339
108.885   1.10115 -0.162169  0.244339
108.887   1.10115 -0.162169  0.244339
108.888   1.10115 -0.162169  0.244339
108.889   1.10115 -0.162169  0.244339
108.89   1.10115 -0.162169  0.244339
108.891   1.10115 -0.162169  0.244339
108.893   1.10115 -0.162169  0.244339
108.894   1.10115 -0.162169  0.244339
108.895   1.10115 -0.162169  0.244339
108.896   1.10115 -0.162169  0.244339
108.897   1.10115 -0.162169  0.244339
108.899   1.10115 -0.162169  0.244339
108.9   1.10115 -0.162169  0.244339
108.901   1.10115 -0.162169  0.244339
108.902   1.10115 -0.162169  0.244339
108.904   1.10115 -0.162169  0.244339
108.905   1.10115 -0.162169  0.244339
108.906   1.10115 -0.162169  0.244339
108.907   1.10115 -0.162169  0.244339
108.908   1.10115 -0.162169  0.244339
108.909   1.10115 -0.162169  0.244339
108.911   1.10115 -0.162169  0.244339
108.912   1.10115 -0.162169  0.244339
108.913   1.10115 -0.162169  0.244339
108.914   1.10115 -0.162169  0.244339
108.915   1.10115 -0.162169  0.244339
108.916   1.10115 -0.162169  0.244339
108.917   1.10115 -0.162169  0.244339
108.919   1.10115 -0.162169  0.244339
108.92   1.10115 -0.162169  0.244339
108.921   1.10115 -0.162169  0.244339
108.922   1.10115 -0.162169  0.244339
108.923   1.10115 -0.162169  0.244339
108.925   1.10115 -0.162169  0.244339
108.926   1.10115 -0.162169  0.244339
108.927   1.10115 -0.162169  0.244339
108.928   1.10115 -0.162169  0.244339
108.929   1.10115 -0.162169  0.244339
108.931   1.10115 -0.162169  0.244339
108.932   1.10115 -0.162169  0.244339
108.933   1.10115 -0.162169  0.244339
108.934   1.10115 -0.162169  0.244339
108.935   1.10115 -0.162169  0.244339
108.937   1.10115 -0.162169  0.244339
108.938   1.10115 -0.162169  0.244339
108.939   1.10115 -0.162169  0.244339
108.94   1.10115 -0.162169  0.244339
108.941   1.10115 -0.162169  0.244339
108.942   1.10115 -0.162169  0.244339
108.944   1.10115 -0.162169  0.244339
108.945   1.10115 -0.162169  0.244339
108.946   1.10115 -0.162169  0.244339
108.947   1.10115 -0.162169  0.244339
108.948   1.10115 -0.162169  0.244339
108.95   1.10115 -0.162169  0.244339
108.951   1.10115 -0.162169  0.244339
108.952   1.10115 -0.162169  0.244339
108.953   1.10115 -0.162169  0.244339
108.954   1.10115 -0.162169  0.244339
108.955   1.10115 -0.162169  0.244339
108.956   1.10115 -0.162169  0.244339
108.958   1.10115 -0.162169  0.244339
108.959   1.10115 -0.162169  0.244339
108.96   1.10115 -0.162169  0.244339
108.961   1.10115 -0.162169  0.244339
108.962   1.10115 -0.162169  0.244339
108.963   1.10115 -0.162169  0.244339
108.965   1.10115 -0.162169  0.244339
108.966   1.10115 -0.162169  0.244339
108.967   1.10115 -0.162169  0.244339
108.968   1.10115 -0.162169  0.244339
108.969   1.10115 -0.162169  0.244339
108.97   1.10115 -0.162169  0.244339
108.972   1.10115 -0.162169  0.244339
108.973   1.10115 -0.162169  0.244339
108.974   1.10115 -0.162169  0.244339
108.975   1.10115 -0.162169  0.244339
108.976   1.10115 -0.162169  0.244339
108.977   1.10115 -0.162169  0.244339
108.979   1.10115 -0.162169  0.244339
108.98   1.10115 -0.162169  0.244339
108.981   1.10115 -0.162169  0.244339
108.982   1.10115 -0.162169  0.244339
108.983   1.10115 -0.162169  0.244339
108.984   1.10115 -0.162169  0.244339
108.985   1.10115 -0.162169  0.244339
108.987   1.10115 -0.162169  0.244339
108.988   1.10115 -0.162169  0.244339
108.989   1.10115 -0.162169  0.244339
108.99   1.10115 -0.162169  0.244339
108.991   1.10115 -0.162169  0.244339
108.992   1.10115 -0.162169  0.244339
108.994   1.10115 -0.162169  0.244339
108.995   1.10115 -0.162169  0.244339
108.996   1.10115 -0.162169  0.244339
108.997   1.10115 -0.162169  0.244339
108.998   1.10115 -0.162169  0.244339
108.999   1.10115 -0.162169  0.244339
109.001   1.10115 -0.162169  0.244339
109.002   1.10115 -0.162169  0.244339
109.003   1.10115 -0.162169  0.244339
109.004   1.10115 -0.162169  0.244339
109.005   1.10115 -0.162169  0.244339
109.006   1.10115 -0.162169  0.244339
109.008   1.10115 -0.162169  0.244339
109.009   1.10115 -0.162169  0.244339
109.01   1.10115 -0.162169  0.244339
109.011   1.10115 -0.162169  0.244339
109.012   1.10115 -0.162169  0.244339
109.013   1.10115 -0.162169  0.244339
109.014   1.10115 -0.162169  0.244339
109.016   1.10115 -0.162169  0.244339
109.017   1.10115 -0.162169  0.244339
109.018   1.10115 -0.162169  0.244339
109.019   1.10115 -0.162169  0.244339
109.02   1.10115 -0.162169  0.244339
109.021   1.10115 -0.162169  0.244339
109.023   1.10115 -0.162169  0.244339
109.024   1.10115 -0.162169  0.244339
109.025   1.10115 -0.162169  0.244339
109.026   1.10115 -0.162169  0.244339
109.027   1.10115 -0.162169  0.244339
109.028   1.10115 -0.162169  0.244339
109.03   1.10115 -0.162169  0.244339
109.031   1.10115 -0.162169  0.244339
109.032   1.10115 -0.162169  0.244339
109.033   1.10115 -0.162169  0.244339
109.034   1.10115 -0.162169  0.244339
109.035   1.10115 -0.162169  0.244339
109.037   1.10115 -0.162169  0.244339
109.038   1.10115 -0.162169  0.244339
109.039   1.10115 -0.162169  0.244339
109.04   1.10115 -0.162169  0.244339
109.041   1.10115 -0.162169  0.244339
109.042   1.10115 -0.162169  0.244339
109.043   1.10115 -0.162169  0.244339
109.045   1.10115 -0.162169  0.244339
109.046   1.10115 -0.162169  0.244339
109.047   1.10115 -0.162169  0.244339
109.048   1.10115 -0.162169  0.244339
109.049   1.10115 -0.162169  0.244339
109.05   1.10115 -0.162169  0.244339
109.052   1.10115 -0.162169  0.244339
109.053   1.10115 -0.162169  0.244339
109.054   1.10115 -0.162169  0.244339
109.055   1.10115 -0.162169  0.244339
109.056   1.10115 -0.162169  0.244339
109.057   1.10115 -0.162169  0.244339
109.059   1.10115 -0.162169  0.244339
109.06   1.10115 -0.162169  0.244339
109.061   1.10115 -0.162169  0.244339
109.062   1.10115 -0.162169  0.244339
109.063   1.10115 -0.162169  0.244339
109.064   1.10115 -0.162169  0.244339
109.065   1.10115 -0.162169  0.244339
109.067   1.10115 -0.162169  0.244339
109.068   1.10115 -0.162169  0.244339
109.069   1.10115 -0.162169  0.244339
109.07   1.10115 -0.162169  0.244339
109.071   1.10115 -0.162169  0.244339
109.072   1.10115 -0.162169  0.244339
109.074   1.10115 -0.162169  0.244339
109.075   1.10115 -0.162169  0.244339
109.076   1.10115 -0.162169  0.244339
109.077   1.10115 -0.162169  0.244339
109.078   1.10115 -0.162169  0.244339
109.079   1.10115 -0.162169  0.244339
109.081   1.10115 -0.162169  0.244339
109.082   1.10115 -0.162169  0.244339
109.083   1.10115 -0.162169  0.244339
109.084   1.10115 -0.162169  0.244339
109.085   1.10115 -0.162169  0.244339
109.086   1.10115 -0.162169  0.244339
109.087   1.10115 -0.162169  0.244339
109.088   1.10115 -0.162169  0.244339
109.089   1.10115 -0.162169  0.244339
109.09   1.10115 -0.162169  0.244339
109.092   1.10115 -0.162169  0.244339
109.093   1.10115 -0.162169  0.244339
109.094   1.10115 -0.162169  0.244339
109.095   1.10115 -0.162169  0.244339
109.096   1.10115 -0.162169  0.244339
109.097   1.10115 -0.162169  0.244339
109.099   1.10115 -0.162169  0.244339
109.1   1.10115 -0.162169  0.244339
109.101   1.10115 -0.162169  0.244339
109.102   1.10115 -0.162169  0.244339
109.103   1.10115 -0.162169  0.244339
109.104   1.10115 -0.162169  0.244339
109.106   1.10115 -0.162169  0.244339
109.107   1.10115 -0.162169  0.244339
109.108   1.10115 -0.162169  0.244339
109.109   1.10115 -0.162169  0.244339
109.11   1.10115 -0.162169  0.244339
109.111   1.10115 -0.162169  0.244339
109.112   1.10115 -0.162169  0.244339
109.114   1.10115 -0.162169  0.244339
109.115   1.10115 -0.162169  0.244339
109.116   1.10115 -0.162169  0.244339
109.117   1.10115 -0.162169  0.244339
109.118   1.10115 -0.162169  0.244339
109.119   1.10115 -0.162169  0.244339
109.121   1.10115 -0.162169  0.244339
109.122   1.10115 -0.162169  0.244339
109.123   1.10115 -0.162169  0.244339
109.124   1.10115 -0.162169  0.244339
109.125   1.10115 -0.162169  0.244339
109.126   1.10115 -0.162169  0.244339
109.128   1.10115 -0.162169  0.244339
109.129   1.10115 -0.162169  0.244339
109.13   1.10115 -0.162169  0.244339
109.131   1.10115 -0.162169  0.244339
109.132   1.10115 -0.162169  0.244339
109.133   1.10115 -0.162169  0.244339
109.135   1.10115 -0.162169  0.244339
109.136   1.10115 -0.162169  0.244339
109.137   1.10115 -0.162169  0.244339
109.138   1.10115 -0.162169  0.244339
109.139   1.10115 -0.162169  0.244339
109.14   1.10115 -0.162169  0.244339
109.141   1.10115 -0.162169  0.244339
109.143   1.10115 -0.162169  0.244339
109.144   1.10115 -0.162169  0.244339
109.145   1.10115 -0.162169  0.244339
109.146   1.10115 -0.162169  0.244339
109.147   1.10115 -0.162169  0.244339
109.148   1.10115 -0.162169  0.244339
109.15   1.10115 -0.162169  0.244339
109.151   1.10115 -0.162169  0.244339
109.152   1.10115 -0.162169  0.244339
109.153   1.10115 -0.162169  0.244339
109.154   1.10115 -0.162169  0.244339
109.155   1.10115 -0.162169  0.244339
109.157   1.10115 -0.162169  0.244339
109.158   1.10115 -0.162169  0.244339
109.159   1.10115 -0.162169  0.244339
109.16   1.10115 -0.162169  0.244339
109.161   1.10115 -0.162169  0.244339
109.162   1.10115 -0.162169  0.244339
109.164   1.10115 -0.162169  0.244339
109.165   1.10115 -0.162169  0.244339
109.166   1.10115 -0.162169  0.244339
109.167   1.10115 -0.162169  0.244339
109.168   1.10115 -0.162169  0.244339
109.169   1.10115 -0.162169  0.244339
109.17   1.10115 -0.162169  0.244339
109.172   1.10115 -0.162169  0.244339
109.173   1.10115 -0.162169  0.244339
109.174   1.10115 -0.162169  0.244339
109.175   1.10115 -0.162169  0.244339
109.176   1.10115 -0.162169  0.244339
109.177   1.10115 -0.162169  0.244339
109.179   1.10115 -0.162169  0.244339
109.18   1.10115 -0.162169  0.244339
109.181   1.10115 -0.162169  0.244339
109.182   1.10115 -0.162169  0.244339
109.183   1.10115 -0.162169  0.244339
109.184   1.10115 -0.162169  0.244339
109.186   1.10115 -0.162169  0.244339
109.187   1.10115 -0.162169  0.244339
109.188   1.10115 -0.162169  0.244339
109.189   1.10115 -0.162169  0.244339
109.19   1.10115 -0.162169  0.244339
109.191   1.10115 -0.162169  0.244339
109.192   1.10115 -0.162169  0.244339
109.194   1.10115 -0.162169  0.244339
109.195   1.10115 -0.162169  0.244339
109.196   1.10115 -0.162169  0.244339
109.197   1.10115 -0.162169  0.244339
109.198   1.10115 -0.162169  0.244339
109.199   1.10115 -0.162169  0.244339
109.201   1.10115 -0.162169  0.244339
109.202   1.10115 -0.162169  0.244339
109.203   1.10115 -0.162169  0.244339
109.204   1.10115 -0.162169  0.244339
109.205   1.10115 -0.162169  0.244339
109.206   1.10115 -0.162169  0.244339
109.208   1.10115 -0.162169  0.244339
109.209   1.10115 -0.162169  0.244339
109.21   1.10115 -0.162169  0.244339
109.211   1.10115 -0.162169  0.244339
109.212   1.10115 -0.162169  0.244339
109.213   1.10115 -0.162169  0.244339
109.215   1.10115 -0.162169  0.244339
109.216   1.10115 -0.162169  0.244339
109.217   1.10115 -0.162169  0.244339
109.218   1.10115 -0.162169  0.244339
109.219   1.10115 -0.162169  0.244339
109.22   1.10115 -0.162169  0.244339
109.221   1.10115 -0.162169  0.244339
109.223   1.10115 -0.162169  0.244339
109.224   1.10115 -0.162169  0.244339
109.225   1.10115 -0.162169  0.244339
109.226   1.10115 -0.162169  0.244339
109.227   1.10115 -0.162169  0.244339
109.228   1.10115 -0.162169  0.244339
109.23   1.10115 -0.162169  0.244339
109.231   1.10115 -0.162169  0.244339
109.232   1.10115 -0.162169  0.244339
109.233   1.10115 -0.162169  0.244339
109.234   1.10115 -0.162169  0.244339
109.235   1.10115 -0.162169  0.244339
109.237   1.10115 -0.162169  0.244339
109.238   1.10115 -0.162169  0.244339
109.239   1.10115 -0.162169  0.244339
109.24   1.10115 -0.162169  0.244339
109.241   1.10115 -0.162169  0.244339
109.242   1.10115 -0.162169  0.244339
109.244   1.10115 -0.162169  0.244339
109.245   1.10115 -0.162169  0.244339
109.246   1.10115 -0.162169  0.244339
109.247   1.10115 -0.162169  0.244339
109.248   1.10115 -0.162169  0.244339
109.249   1.10115 -0.162169  0.244339
109.25   1.10115 -0.162169  0.244339
109.252   1.10115 -0.162169  0.244339
109.253   1.10115 -0.162169  0.244339
109.254   1.10115 -0.162169  0.244339
109.255   1.10115 -0.162169  0.244339
109.256   1.10115 -0.162169  0.244339
109.257   1.10115 -0.162169  0.244339
109.259   1.10115 -0.162169  0.244339
109.26   1.10115 -0.162169  0.244339
109.261   1.10115 -0.162169  0.244339
109.262   1.10115 -0.162169  0.244339
109.263   1.10115 -0.162169  0.244339
109.264   1.10115 -0.162169  0.244339
109.266   1.10115 -0.162169  0.244339
109.267   1.10115 -0.162169  0.244339
109.268   1.10115 -0.162169  0.244339
109.269   1.10115 -0.162169  0.244339
109.27   1.10115 -0.162169  0.244339
109.271   1.10115 -0.162169  0.244339
109.272   1.10115 -0.162169  0.244339
109.274   1.10115 -0.162169  0.244339
109.275   1.10115 -0.162169  0.244339
109.276   1.10115 -0.162169  0.244339
109.277   1.10115 -0.162169  0.244339
109.278   1.10115 -0.162169  0.244339
109.279   1.10115 -0.162169  0.244339
109.281   1.10115 -0.162169  0.244339
109.282   1.10115 -0.162169  0.244339
109.283   1.10115 -0.162169  0.244339
109.284   1.10115 -0.162169  0.244339
109.285   1.10115 -0.162169  0.244339
109.286   1.10115 -0.162169  0.244339
109.288   1.10115 -0.162169  0.244339
109.289   1.10115 -0.162169  0.244339
109.29   1.10115 -0.162169  0.244339
109.291   1.10115 -0.162169  0.244339
109.292   1.10115 -0.162169  0.244339
109.293   1.10115 -0.162169  0.244339
109.295   1.10115 -0.162169  0.244339
109.296   1.10115 -0.162169  0.244339
109.297   1.10115 -0.162169  0.244339
109.298   1.10115 -0.162169  0.244339
109.299   1.10115 -0.162169  0.244339
109.3   1.10115 -0.162169  0.244339
109.301   1.10115 -0.162169  0.244339
109.303   1.10115 -0.162169  0.244339
109.304   1.10115 -0.162169  0.244339
109.305   1.10115 -0.162169  0.244339
109.306   1.10115 -0.162169  0.244339
109.307   1.10115 -0.162169  0.244339
109.308   1.10115 -0.162169  0.244339
109.31   1.10115 -0.162169  0.244339
109.311   1.10115 -0.162169  0.244339
109.312   1.10115 -0.162169  0.244339
109.313   1.10115 -0.162169  0.244339
109.314   1.10115 -0.162169  0.244339
109.315   1.10115 -0.162169  0.244339
109.317   1.10115 -0.162169  0.244339
109.318   1.10115 -0.162169  0.244339
109.319   1.10115 -0.162169  0.244339
109.32   1.10115 -0.162169  0.244339
109.321   1.10115 -0.162169  0.244339
109.322   1.10115 -0.162169  0.244339
109.323   1.10115 -0.162169  0.244339
109.325   1.10115 -0.162169  0.244339
109.326   1.10115 -0.162169  0.244339
109.327   1.10115 -0.162169  0.244339
109.328   1.10115 -0.162169  0.244339
109.329   1.10115 -0.162169  0.244339
109.33   1.10115 -0.162169  0.244339
109.332   1.10115 -0.162169  0.244339
109.333   1.10115 -0.162169  0.244339
109.334   1.10115 -0.162169  0.244339
109.335   1.10115 -0.162169  0.244339
109.336   1.10115 -0.162169  0.244339
109.337   1.10115 -0.162169  0.244339
109.339   1.10115 -0.162169  0.244339
109.34   1.10115 -0.162169  0.244339
109.341   1.10115 -0.162169  0.244339
109.342   1.10115 -0.162169  0.244339
109.343   1.10115 -0.162169  0.244339
109.344   1.10115 -0.162169  0.244339
109.345   1.10115 -0.162169  0.244339
109.347   1.10115 -0.162169  0.244339
109.348   1.10115 -0.162169  0.244339
109.349   1.10115 -0.162169  0.244339
109.35   1.10115 -0.162169  0.244339
109.351   1.10115 -0.162169  0.244339
109.352   1.10115 -0.162169  0.244339
109.354   1.10115 -0.162169  0.244339
109.355   1.10115 -0.162169  0.244339
109.356   1.10115 -0.162169  0.244339
109.357   1.10115 -0.162169  0.244339
109.358   1.10115 -0.162169  0.244339
109.359   1.10115 -0.162169  0.244339
109.361   1.10115 -0.162169  0.244339
109.362   1.10115 -0.162169  0.244339
109.363   1.10115 -0.162169  0.244339
109.364   1.10115 -0.162169  0.244339
109.365   1.10115 -0.162169  0.244339
109.366   1.10115 -0.162169  0.244339
109.368   1.10115 -0.162169  0.244339
109.369   1.10115 -0.162169  0.244339
109.37   1.10115 -0.162169  0.244339
109.371   1.10115 -0.162169  0.244339
109.372   1.10115 -0.162169  0.244339
109.373   1.10115 -0.162169  0.244339
109.374   1.10115 -0.162169  0.244339
109.376   1.10115 -0.162169  0.244339
109.377   1.10115 -0.162169  0.244339
109.378   1.10115 -0.162169  0.244339
109.379   1.10115 -0.162169  0.244339
109.38   1.10115 -0.162169  0.244339
109.381   1.10115 -0.162169  0.244339
109.383   1.10115 -0.162169  0.244339
109.384   1.10115 -0.162169  0.244339
109.385   1.10115 -0.162169  0.244339
109.386   1.10115 -0.162169  0.244339
109.387   1.10115 -0.162169  0.244339
109.388   1.10115 -0.162169  0.244339
109.39   1.10115 -0.162169  0.244339
109.391   1.10115 -0.162169  0.244339
109.392   1.10115 -0.162169  0.244339
109.393   1.10115 -0.162169  0.244339
109.394   1.10115 -0.162169  0.244339
109.395   1.10115 -0.162169  0.244339
109.396   1.10115 -0.162169  0.244339
109.398   1.10115 -0.162169  0.244339
109.399   1.10115 -0.162169  0.244339
109.4   1.10115 -0.162169  0.244339
109.401   1.10115 -0.162169  0.244339
109.402   1.10115 -0.162169  0.244339
109.403   1.10115 -0.162169  0.244339
109.405   1.10115 -0.162169  0.244339
109.406   1.10115 -0.162169  0.244339
109.407   1.10115 -0.162169  0.244339
109.603   1.09527 -0.163729  0.262749
109.604   1.09527 -0.163729  0.262749
109.606   1.09527 -0.163729  0.262749
109.607   1.09527 -0.163729  0.262749
109.608   1.09527 -0.163729  0.262749
109.609   1.09527 -0.163729  0.262749
109.61   1.09527 -0.163729  0.262749
109.611   1.09527 -0.163729  0.262749
109.613   1.09527 -0.163729  0.262749
109.614   1.09527 -0.163729  0.262749
109.615   1.09527 -0.163729  0.262749
109.616   1.09527 -0.163729  0.262749
109.617   1.09527 -0.163729  0.262749
109.618   1.09527 -0.163729  0.262749
109.62   1.09527 -0.163729  0.262749
109.621   1.09527 -0.163729  0.262749
109.622   1.09527 -0.163729  0.262749
109.623   1.09527 -0.163729  0.262749
109.624   1.09527 -0.163729  0.262749
109.626   1.09527 -0.163729  0.262749
109.627   1.09527 -0.163729  0.262749
109.628   1.09527 -0.163729  0.262749
109.629   1.09527 -0.163729  0.262749
109.63   1.09527 -0.163729  0.262749
109.631   1.09532 -0.163727  0.259967
109.633   1.09536 -0.163726  0.258454
109.634   1.09538 -0.163725  0.257186
109.635   1.09541 -0.163724  0.256131
109.636   1.09543 -0.163724   0.25488
109.637   1.09545 -0.163723  0.254227
109.638   1.09546 -0.163723   0.25369
109.639   1.09547 -0.163722  0.253249
109.641   1.09547 -0.163722  0.252887
109.642   1.09548 -0.163722  0.252463
109.643   1.09549 -0.163722  0.252243
109.644   1.09549 -0.163722  0.252063
109.645   1.09549 -0.163722  0.251916
109.646    1.0955 -0.163721  0.251795
109.648    1.0955 -0.163721  0.251653
109.649    1.0955 -0.163721   0.25158
109.65    1.0955 -0.163721   0.25152
109.651    1.0955 -0.163721   0.25147
109.652    1.0955 -0.163721   0.25143
109.653   1.09551 -0.163721  0.251383
109.655   1.09551 -0.163721  0.251359
109.656   1.09551 -0.163721  0.251339
109.657   1.09551 -0.163721  0.251322
109.658   1.09551 -0.163721  0.251309
109.659   1.09551 -0.163721  0.251293
109.66   1.09551 -0.163721  0.251285
109.662   1.09551 -0.163721  0.251278
109.663   1.09529 -0.163684  0.251329
109.664   1.09491 -0.163619  0.251425
109.665   1.09444 -0.163538  0.251542
109.666   1.09419 -0.163496  0.251605
109.667  1.09398 -0.16346 0.251656
109.669   1.09381 -0.163431  0.251699
109.67   1.09367 -0.163407  0.251735
109.671    1.0935 -0.163379  0.251776
109.672   1.09341 -0.163364  0.251798
109.673   1.09334 -0.163352  0.251815
109.674   1.09328 -0.163342   0.25183
109.676   1.09324 -0.163334  0.251842
109.677   1.09318 -0.163324  0.251856
109.678  1.09315 -0.16332 0.251863
109.679   1.09313 -0.163316  0.251869
109.68   1.09311 -0.163312  0.251874
109.681   1.09309 -0.163308  0.251879
109.682   1.09307 -0.163306  0.251882
109.684   1.09306 -0.163305  0.251885
109.685   1.09306 -0.163303  0.251887
109.686   1.09305 -0.163302  0.251888
109.687   1.09304 -0.163301   0.25189
109.688  1.09304  -0.1633 0.251891
109.689  1.09304  -0.1633 0.251892
109.691   1.09303 -0.163299  0.251893
109.692   1.09303 -0.163299  0.251893
109.693   1.09303 -0.163299  0.251894
109.694   1.09303 -0.163298  0.251894
109.695   1.09303 -0.163298  0.251894
109.696   1.09309 -0.163309  0.251885
109.698   1.09321 -0.163328  0.251867
109.699   1.09336 -0.163351  0.251846
109.7   1.09344 -0.163364  0.251835
109.701    1.0935 -0.163374  0.251825
109.702   1.09356 -0.163383  0.251818
109.703   1.0936 -0.16339 0.251811
109.705   1.09365 -0.163398  0.251804
109.706   1.09368 -0.163402    0.2518
109.707    1.0937 -0.163406  0.251797
109.708   1.09372 -0.163409  0.251794
109.709   1.09373 -0.163411  0.251792
109.71   1.09375 -0.163414   0.25179
109.712   1.09376 -0.163415  0.251788
109.713   1.09377 -0.163416  0.251787
109.714   1.09377 -0.163417  0.251787
109.715   1.09378 -0.163418  0.251786
109.716   1.09378 -0.163419  0.251785
109.717  1.09379 -0.16342 0.251785
109.718  1.09379 -0.16342 0.251784
109.72  1.09379 -0.16342 0.251784
109.721   1.09379 -0.163421  0.251784
109.722   1.09379 -0.163421  0.251784
109.723    1.0938 -0.163421  0.251783
109.724    1.0938 -0.163421  0.251783
109.725    1.0938 -0.163421  0.251783
109.727    1.0938 -0.163421  0.251783
109.728   1.09409 -0.163471  0.251673
109.729   1.09434 -0.163514  0.251578
109.73  1.09455 -0.16355 0.251499
109.731  1.09473 -0.16358 0.251432
109.732   1.09487 -0.163605  0.251377
109.734   1.09504 -0.163634  0.251312
109.735  1.09513 -0.16365 0.251278
109.736   1.09521 -0.163662   0.25125
109.737   1.09527 -0.163673  0.251227
109.738   1.09534 -0.163685  0.251201
109.74   1.09538 -0.163691  0.251187
109.741   1.09541 -0.163696  0.251175
109.742   1.09544 -0.163702  0.251162
109.743   1.09546 -0.163705  0.251155
109.744   1.09548 -0.163708   0.25115
109.746  1.09549 -0.16371 0.251145
109.747    1.0955 -0.163712  0.251141
109.748   1.09551 -0.163713  0.251138
109.749   1.09551 -0.163714  0.251136
109.75   1.09552 -0.163716  0.251133
109.751   1.09553 -0.163716  0.251131
109.753   1.09553 -0.163717   0.25113
109.754   1.09553 -0.163718  0.251129
109.755   1.09553 -0.163718  0.251128
109.756   1.09554 -0.163718  0.251127
109.757   1.09554 -0.163718  0.251127
109.758   1.09554 -0.163719  0.251126
109.76   1.09554 -0.163719  0.251126
109.761   1.09554 -0.163719  0.251126
109.762   1.09554 -0.163719  0.251125
109.763   1.09554 -0.163719  0.251125
109.764   1.09554 -0.163719  0.251125
109.765   1.09554 -0.163719  0.251124
109.767   1.09554 -0.163719  0.251124
109.768   1.09554 -0.163719  0.251124
109.769  1.09554 -0.16372 0.251124
109.77  1.09554 -0.16372 0.251124
109.771  1.09554 -0.16372 0.251124
109.772  1.09554 -0.16372 0.251124
109.774  1.09554 -0.16372 0.251124
109.775  1.09554 -0.16372 0.251125
109.776  1.09554 -0.16372 0.251125
109.777  1.09554 -0.16372 0.251125
109.778  1.09554 -0.16372 0.251125
109.779  1.09554 -0.16372 0.251125
109.781  1.09554 -0.16372 0.251125
109.782  1.09554 -0.16372 0.251125
109.783  1.09554 -0.16372 0.251125
109.784  1.09554 -0.16372 0.251125
109.785  1.09554 -0.16372 0.251125
109.786  1.09554 -0.16372 0.251125
109.788  1.09554 -0.16372 0.251125
109.788  1.09554 -0.16372 0.251125
109.789  1.09554 -0.16372 0.251125
109.791  1.09554 -0.16372 0.251125
109.792  1.09554 -0.16372 0.251125
109.793  1.09554 -0.16372 0.251125
109.794  1.09554 -0.16372 0.251125
109.795  1.09554 -0.16372 0.251125
109.796  1.09554 -0.16372 0.251125
109.798  1.09554 -0.16372 0.251125
109.799  1.09554 -0.16372 0.251125
109.8  1.09554 -0.16372 0.251125
109.801  1.09554 -0.16372 0.251125
109.802  1.09554 -0.16372 0.251125
109.803  1.09554 -0.16372 0.251125
109.804  1.09554 -0.16372 0.251125
109.806  1.09554 -0.16372 0.251125
109.807  1.09554 -0.16372 0.251125
109.808  1.09554 -0.16372 0.251125
109.809  1.09554 -0.16372 0.251125
109.81  1.09554 -0.16372 0.251125
109.811  1.09554 -0.16372 0.251125
109.813  1.09554 -0.16372 0.251126
109.814  1.09554 -0.16372 0.251126
109.815  1.09554 -0.16372 0.251126
109.816  1.09554 -0.16372 0.251126
109.817  1.09554 -0.16372 0.251126
109.818  1.09554 -0.16372 0.251126
109.82  1.09554 -0.16372 0.251126
109.821  1.09554 -0.16372 0.251126
109.822  1.09554 -0.16372 0.251126
109.823  1.09554 -0.16372 0.251126
109.824  1.09554 -0.16372 0.251126
109.825  1.09554 -0.16372 0.251126
109.827  1.09554 -0.16372 0.251126
109.828  1.09554 -0.16372 0.251126
109.829  1.09554 -0.16372 0.251126
109.83  1.09554 -0.16372 0.251126
109.831  1.09554 -0.16372 0.251126
109.832  1.09554 -0.16372 0.251126
109.833  1.09554 -0.16372 0.251126
109.835  1.09554 -0.16372 0.251126
109.836  1.09554 -0.16372 0.251126
109.837  1.09554 -0.16372 0.251126
109.838  1.09554 -0.16372 0.251126
109.839  1.09554 -0.16372 0.251126
109.84  1.09554 -0.16372 0.251126
109.842  1.09554 -0.16372 0.251126
109.843  1.09554 -0.16372 0.251126
109.844  1.09554 -0.16372 0.251126
109.845  1.09554 -0.16372 0.251126
109.846  1.09554 -0.16372 0.251126
109.847  1.09554 -0.16372 0.251127
109.849  1.09554 -0.16372 0.251127
109.85  1.09554 -0.16372 0.251127
109.851  1.09554 -0.16372 0.251127
109.852  1.09554 -0.16372 0.251127
109.853  1.09554 -0.16372 0.251127
109.854  1.09554 -0.16372 0.251127
109.856   1.09554 -0.163719  0.251127
109.857   1.09554 -0.163719  0.251127
109.858   1.09554 -0.163719  0.251127
109.859   1.09554 -0.163719  0.251127
109.86   1.09554 -0.163719  0.251127
109.861   1.09554 -0.163719  0.251127
109.863   1.09554 -0.163719  0.251127
109.864  1.09554 -0.16372 0.251127
109.865  1.09554 -0.16372 0.251127
109.866  1.09554 -0.16372 0.251127
109.867  1.09554 -0.16372 0.251127
109.868   1.09554 -0.163719  0.251127
109.869   1.09554 -0.163719  0.251127
109.871   1.09554 -0.163719  0.251127
109.872   1.09554 -0.163719  0.251127
109.873   1.09554 -0.163719  0.251127
109.874   1.09554 -0.163719  0.251127
109.875   1.09554 -0.163719  0.251127
109.876   1.09554 -0.163719  0.251127
109.878   1.09554 -0.163719  0.251127
109.879   1.09554 -0.163719  0.251127
109.88   1.09554 -0.163719  0.251127
109.881   1.09554 -0.163719  0.251127
109.882   1.09554 -0.163719  0.251128
109.883   1.09554 -0.163719  0.251128
109.885   1.09554 -0.163719  0.251128
109.886   1.09554 -0.163719  0.251128
109.887   1.09554 -0.163719  0.251128
109.888   1.09554 -0.163719  0.251128
109.889   1.09554 -0.163719  0.251128
109.89   1.09554 -0.163719  0.251128
109.892   1.09554 -0.163719  0.251128
109.893   1.09554 -0.163719  0.251128
109.894   1.09554 -0.163719  0.251128
109.895   1.09554 -0.163719  0.251128
109.896   1.09554 -0.163719  0.251128
109.897   1.09554 -0.163719  0.251128
109.899   1.09554 -0.163719  0.251128
109.9   1.09554 -0.163719  0.251128
109.901   1.09554 -0.163719  0.251128
109.902   1.09554 -0.163719  0.251128
109.903   1.09554 -0.163719  0.251128
109.904   1.09554 -0.163719  0.251128
109.905   1.09554 -0.163719  0.251128
109.907   1.09554 -0.163719  0.251128
109.908   1.09554 -0.163719  0.251128
109.909   1.09554 -0.163719  0.251128
109.91   1.09554 -0.163719  0.251128
109.911   1.09554 -0.163719  0.251128
109.912   1.09554 -0.163719  0.251128
109.914   1.09554 -0.163719  0.251128
109.915   1.09554 -0.163719  0.251128
109.916   1.09554 -0.163719  0.251129
109.917   1.09554 -0.163719  0.251129
109.918   1.09554 -0.163719  0.251129
109.919   1.09554 -0.163719  0.251129
109.921   1.09554 -0.163719  0.251129
109.922   1.09554 -0.163719  0.251129
109.923   1.09554 -0.163719  0.251129
109.924   1.09554 -0.163719  0.251129
109.925   1.09554 -0.163719  0.251129
109.926   1.09554 -0.163719  0.251129
109.928   1.09554 -0.163719  0.251129
109.929   1.09554 -0.163719  0.251129
109.93   1.09594 -0.163779  0.250887
109.931   1.09695 -0.163931  0.250263
109.932    1.0975 -0.164013  0.249927
109.933   1.09795 -0.164082  0.249646
109.935   1.09833 -0.164139  0.249413
109.936   1.09865 -0.164186  0.249221
109.937   1.09901 -0.164242  0.248994
109.938   1.09921 -0.164271  0.248876
109.939   1.09936 -0.164294   0.24878
109.94   1.09949 -0.164314    0.2487
109.941   1.0996 -0.16433 0.248635
109.943   1.09972 -0.164348  0.248559
109.944   1.09979 -0.164358   0.24852
109.945   1.09984 -0.164366  0.248488
109.946   1.09988 -0.164372  0.248461
109.947   1.09992 -0.164378   0.24844
109.948   1.09996 -0.164384  0.248414
109.95   1.09998 -0.164387  0.248401
109.951      1.1 -0.16439 0.248391
109.952   1.10001 -0.164392  0.248382
109.953   1.10002 -0.164393  0.248375
109.954   1.10004 -0.164395  0.248366
109.955   1.10004 -0.164397  0.248362
109.957   1.10005 -0.164397  0.248359
109.958   1.10005 -0.164398  0.248356
109.959   1.10006 -0.164399  0.248354
109.96   1.10006 -0.164399  0.248351
109.961 1.10006 -0.1644 0.24835
109.962   1.09901 -0.164235  0.248925
109.964   1.09812 -0.164095  0.249418
109.965   1.09703 -0.163925  0.250015
109.966   1.09645 -0.163835  0.250331
109.967  1.09597 -0.16376 0.250593
109.968   1.09558 -0.163699  0.250809
109.969   1.09526 -0.163648  0.250986
109.97   1.09488 -0.163589  0.251195
109.972   1.09468 -0.163558  0.251303
109.973   1.09452 -0.163532  0.251392
109.974   1.09438 -0.163512  0.251465
109.975   1.09427 -0.163495  0.251525
109.976   1.09415 -0.163475  0.251595
109.977   1.09408 -0.163464  0.251631
109.979   1.09403 -0.163456  0.251661
109.98   1.09398 -0.163449  0.251685
109.981   1.09395 -0.163443  0.251705
109.982    1.0939 -0.163437  0.251728
109.983   1.09388 -0.163433   0.25174
109.984   1.09386 -0.163431   0.25175
109.986   1.09385 -0.163428  0.251758
109.987   1.09384 -0.163426  0.251765
109.988   1.09382 -0.163424  0.251773
109.989   1.09382 -0.163423  0.251777
109.99   1.09381 -0.163422   0.25178
109.991    1.0938 -0.163421  0.251783
109.993    1.0938 -0.163421  0.251785
109.994   1.0938 -0.16342 0.251788
109.995  1.09379 -0.16342 0.251789
109.996   1.09379 -0.163419   0.25179
109.997   1.09379 -0.163419  0.251791
109.998   1.09379 -0.163419  0.251792
110   1.09379 -0.163419  0.251792
110.001   1.09379 -0.163418  0.251793
110.002   1.09379 -0.163418  0.251793
110.003   1.09379 -0.163418  0.251794
110.004   1.09379 -0.163418  0.251794
110.005   1.09378 -0.163418  0.251794
110.006   1.09378 -0.163418  0.251794
110.008   1.09378 -0.163418  0.251795
110.009   1.09378 -0.163418  0.251795
110.01   1.09378 -0.163418  0.251795
110.011   1.09378 -0.163418  0.251795
110.012   1.09378 -0.163418  0.251795
110.013   1.09378 -0.163418  0.251795
110.015   1.09378 -0.163418  0.251795
110.016   1.09378 -0.163418  0.251795
110.017   1.09378 -0.163418  0.251795
110.018   1.09378 -0.163418  0.251795
110.019   1.09378 -0.163418  0.251795
110.02   1.09378 -0.163418  0.251795
110.022   1.09378 -0.163418  0.251795
110.023   1.09378 -0.163418  0.251795
110.024   1.09378 -0.163418  0.251795
110.025   1.09378 -0.163418  0.251795
110.026   1.09378 -0.163418  0.251795
110.027   1.09378 -0.163418  0.251795
110.028   1.09378 -0.163418  0.251795
110.03   1.09378 -0.163418  0.251795
110.031   1.09378 -0.163418  0.251795
110.032   1.09378 -0.163418  0.251795
110.033   1.09378 -0.163418  0.251795
110.034   1.09378 -0.163418  0.251795
110.035   1.09378 -0.163418  0.251795
110.037   1.09378 -0.163418  0.251795
110.038   1.09378 -0.163418  0.251795
110.039   1.09378 -0.163418  0.251795
110.04   1.09379 -0.163418  0.251795
110.041   1.09379 -0.163418  0.251795
110.042   1.09379 -0.163418  0.251795
110.044   1.09379 -0.163418  0.251795
110.045   1.09379 -0.163418  0.251795
110.046   1.09379 -0.163418  0.251795
110.047   1.09379 -0.163418  0.251795
110.048   1.09379 -0.163418  0.251795
110.049   1.09379 -0.163418  0.251795
110.051   1.09379 -0.163418  0.251795
110.052   1.09379 -0.163418  0.251795
110.053   1.09379 -0.163418  0.251795
110.054   1.09379 -0.163418  0.251795
110.055   1.09379 -0.163418  0.251795
110.056   1.09379 -0.163418  0.251795
110.058   1.09379 -0.163418  0.251795
110.059   1.09379 -0.163418  0.251795
110.06   1.09379 -0.163418  0.251795
110.061   1.09379 -0.163418  0.251795
110.062   1.09394 -0.163445  0.251737
110.063   1.09421 -0.163491  0.251633
110.064   1.09444 -0.163531  0.251545
110.066   1.09464 -0.163564  0.251471
110.067   1.09487 -0.163604  0.251383
110.068   1.09499 -0.163625  0.251337
110.069   1.09509 -0.163642  0.251299
110.07   1.09517 -0.163656  0.251267
110.071   1.09524 -0.163668  0.251242
110.073   1.09532 -0.163681  0.251212
110.074   1.09536 -0.163688  0.251196
110.075   1.09539 -0.163694  0.251183
110.076   1.09542 -0.163699  0.251173
110.077   1.09544 -0.163703  0.251164
110.078   1.09547 -0.163707  0.251154
110.08  1.09548 -0.16371 0.251149
110.081   1.09549 -0.163712  0.251145
110.082    1.0955 -0.163713  0.251141
110.083   1.09551 -0.163715  0.251138
110.084   1.09552 -0.163716  0.251135
110.085   1.09552 -0.163717  0.251133
110.086   1.09553 -0.163717  0.251132
110.088   1.09553 -0.163718  0.251131
110.089   1.09553 -0.163718   0.25113
110.09   1.09554 -0.163719  0.251129
110.091   1.09554 -0.163719  0.251128
110.092   1.09554 -0.163719  0.251128
110.093  1.09554 -0.16372 0.251127
110.095  1.09554 -0.16372 0.251127
110.096   1.09594 -0.163779  0.250884
110.097   1.09664 -0.163885  0.250451
110.098   1.09724 -0.163975  0.250083
110.099   1.09774 -0.164051  0.249775
110.1   1.09816 -0.164114  0.249518
110.102   1.09865 -0.164188  0.249214
110.103   1.09891 -0.164227  0.249055
110.104   1.09912 -0.164259  0.248925
110.105    1.0993 -0.164285  0.248818
110.106    1.0995 -0.164316  0.248692
110.107   1.09961 -0.164332  0.248627
110.109    1.0997 -0.164345  0.248574
110.11   1.09977 -0.164356   0.24853
110.111   1.09982 -0.164364  0.248494
110.112   1.09989 -0.164375  0.248453
110.113  1.09993 -0.16438 0.248431
110.114   1.09996 -0.164384  0.248413
110.116   1.09998 -0.164388  0.248399
110.117       1.1 -0.164391  0.248387
110.118   1.10002 -0.164394  0.248373
110.119   1.10003 -0.164396  0.248366
110.12   1.10004 -0.164397   0.24836
110.121   1.10005 -0.164398  0.248355
110.123   1.10006 -0.164399  0.248352
110.124  1.10006  -0.1644 0.248347
110.125   1.10007 -0.164401  0.248345
110.126   1.10007 -0.164401  0.248343
110.127   1.10007 -0.164402  0.248341
110.128   1.10008 -0.164402   0.24834
110.129   1.10008 -0.164402  0.248339
110.131   1.10008 -0.164403  0.248338
110.132   1.09995 -0.164382  0.248357
110.133   1.09983 -0.164363  0.248373
110.134   1.09974 -0.164348  0.248387
110.135  1.09962 -0.16433 0.248404
110.136  1.09956 -0.16432 0.248413
110.137   1.09951 -0.164312   0.24842
110.139   1.09947 -0.164306  0.248426
110.139  1.09944  -0.1643 0.248431
110.141    1.0994 -0.164294  0.248437
110.142   1.09938 -0.164291  0.248441
110.143   1.09936 -0.164288  0.248443
110.144   1.09935 -0.164286  0.248445
110.146   1.09933 -0.164284  0.248447
110.146   1.09932 -0.164282  0.248449
110.148  1.09931 -0.16428 0.248451
110.149  1.09931 -0.16428 0.248452
110.15    1.0993 -0.164279  0.248452
110.151    1.0993 -0.164278  0.248453
110.152   1.09929 -0.164277  0.248454
110.153   1.09929 -0.164277  0.248454
110.154   1.09929 -0.164277  0.248455
110.156   1.09929 -0.164276  0.248455
110.157   1.09929 -0.164276  0.248455
110.158   1.09929 -0.164276  0.248456
110.159   1.09889 -0.164217  0.248696
110.16   1.09819 -0.164113  0.249126
110.161    1.0976 -0.164024  0.249492
110.163    1.0971 -0.163949  0.249798
110.164  1.09651 -0.16386 0.250163
110.165    1.0962 -0.163813  0.250355
110.166   1.09594 -0.163775  0.250513
110.167   1.09573 -0.163743  0.250643
110.168   1.09556 -0.163717  0.250749
110.17   1.09536 -0.163687  0.250874
110.171   1.09525 -0.163671  0.250939
110.172   1.09516 -0.163658  0.250992
110.173   1.09509 -0.163648  0.251036
110.174   1.09504 -0.163639  0.251072
110.175   1.09497 -0.163629  0.251113
110.177   1.09493 -0.163624  0.251135
110.178    1.0949 -0.163619  0.251153
110.179   1.09488 -0.163616  0.251167
110.18   1.09486 -0.163613  0.251179
110.181   1.09484 -0.163609  0.251193
110.182   1.09483 -0.163608    0.2512
110.184   1.09482 -0.163606  0.251206
110.185   1.09481 -0.163605  0.251211
110.186    1.0948 -0.163604  0.251215
110.187    1.0948 -0.163603   0.25122
110.188   1.09479 -0.163602  0.251222
110.189   1.09479 -0.163602  0.251224
110.19   1.09479 -0.163602  0.251225
110.192   1.09478 -0.163601  0.251227
110.193   1.09463 -0.163574  0.251288
110.194   1.09435 -0.163526  0.251395
110.195   1.09411 -0.163485  0.251486
110.196   1.09391 -0.163451  0.251562
110.197   1.09375 -0.163423  0.251626
110.199   1.09355 -0.163389  0.251701
110.2   1.09345 -0.163371   0.25174
110.201   1.09337 -0.163357  0.251772
110.202    1.0933 -0.163345  0.251799
110.203   1.09324 -0.163335  0.251821
110.204   1.09318 -0.163324  0.251846
110.206   1.09314 -0.163318  0.251859
110.207   1.09312 -0.163313   0.25187
110.208   1.09309 -0.163309  0.251879
110.209   1.09307 -0.163304  0.251889
110.21   1.09305 -0.163302  0.251895
110.211  1.09304  -0.1633 0.251899
110.213   1.09303 -0.163298  0.251903
110.214   1.09302 -0.163297  0.251905
110.215   1.09302 -0.163296  0.251909
110.216   1.09301 -0.163295  0.251911
110.217   1.09301 -0.163294  0.251912
110.218     1.093 -0.163294  0.251913
110.22     1.093 -0.163293  0.251914
110.221     1.093 -0.163293  0.251915
110.222     1.093 -0.163293  0.251916
110.223     1.093 -0.163292  0.251916
110.224     1.093 -0.163292  0.251917
110.225   1.09299 -0.163292  0.251917
110.227   1.09299 -0.163292  0.251917
110.228   1.09299 -0.163292  0.251917
110.229   1.09299 -0.163291  0.251921
110.23   1.09299 -0.163291  0.251923
110.231   1.09299 -0.163291  0.251925
110.232  1.09299 -0.16329 0.251928
110.233  1.09299 -0.16329 0.251929
110.235  1.09299 -0.16329  0.25193
110.236  1.09299 -0.16329 0.251931
110.237  1.09299 -0.16329 0.251932
110.238  1.09299 -0.16329 0.251932
110.239  1.09299 -0.16329 0.251933
110.24  1.09299 -0.16329 0.251933
110.242  1.09299 -0.16329 0.251933
110.243  1.09299 -0.16329 0.251934
110.244  1.09299 -0.16329 0.251934
110.245  1.09299 -0.16329 0.251934
110.246  1.09299 -0.16329 0.251934
110.247  1.09299 -0.16329 0.251934
110.249  1.09299 -0.16329 0.251934
110.25  1.09299 -0.16329 0.251934
110.251  1.09299 -0.16329 0.251934
110.252  1.09299 -0.16329 0.251934
110.253  1.09299 -0.16329 0.251934
110.254  1.09299 -0.16329 0.251934
110.256  1.09299 -0.16329 0.251934
110.257  1.09299 -0.16329 0.251934
110.258  1.09299 -0.16329 0.251934
110.259  1.09299 -0.16329 0.251934
110.26  1.09299 -0.16329 0.251934
110.261   1.09315 -0.163317  0.251875
110.263   1.09342 -0.163365  0.251768
110.264   1.09366 -0.163405  0.251678
110.265  1.09385 -0.16344 0.251602
110.266  1.09409 -0.16348 0.251512
110.267   1.09421 -0.163502  0.251464
110.268   1.09432 -0.163519  0.251425
110.27    1.0944 -0.163534  0.251393
110.271    1.0945 -0.163551  0.251356
110.272   1.09455 -0.163559  0.251336
110.273   1.09459 -0.163567   0.25132
110.274   1.09462 -0.163573  0.251307
110.275   1.09465 -0.163577  0.251296
110.276   1.09469 -0.163583  0.251283
110.278    1.0947 -0.163586  0.251277
110.279   1.09472 -0.163588  0.251271
110.28  1.09473 -0.16359 0.251267
110.281   1.09474 -0.163592  0.251263
110.282   1.09475 -0.163594  0.251259
110.283   1.09475 -0.163595  0.251257
110.285   1.09476 -0.163596  0.251255
110.286   1.09476 -0.163596  0.251254
110.287   1.09477 -0.163597  0.251253
110.288   1.09477 -0.163598  0.251251
110.289   1.09477 -0.163598  0.251251
110.29   1.09477 -0.163598   0.25125
110.292   1.09477 -0.163598  0.251249
110.293   1.09478 -0.163599  0.251249
110.294   1.09478 -0.163599  0.251249
110.295   1.09484 -0.163609   0.25124
110.296   1.09496 -0.163628  0.251224
110.297   1.09506 -0.163643  0.251211
110.299   1.09515 -0.163657    0.2512
110.3   1.09525 -0.163672  0.251187
110.301    1.0953 -0.163681   0.25118
110.302   1.09534 -0.163687  0.251175
110.303   1.09538 -0.163693   0.25117
110.304   1.09541 -0.163698  0.251166
110.305   1.09544 -0.163703  0.251162
110.307   1.09546 -0.163706  0.251159
110.308   1.09547 -0.163708  0.251157
110.309  1.09548 -0.16371 0.251156
110.31    1.0955 -0.163712  0.251154
110.311   1.09551 -0.163713  0.251153
110.312   1.09551 -0.163714  0.251152
110.314   1.09552 -0.163715  0.251152
110.315   1.09552 -0.163716  0.251151
110.316   1.09553 -0.163716   0.25115
110.317   1.09553 -0.163717   0.25115
110.318   1.09553 -0.163717   0.25115
110.319   1.09553 -0.163717   0.25115
110.321   1.09553 -0.163717   0.25115
110.322   1.09553 -0.163718  0.251149
110.323   1.09554 -0.163718  0.251149
110.324   1.09554 -0.163718  0.251149
110.325   1.09554 -0.163718  0.251149
110.326   1.09554 -0.163718  0.251149
110.328   1.09554 -0.163718  0.251149
110.329   1.09524 -0.163668  0.251261
110.33   1.09499 -0.163624  0.251357
110.331   1.09478 -0.163588  0.251438
110.332    1.0946 -0.163558  0.251506
110.333   1.09439 -0.163521  0.251586
110.335   1.09428 -0.163502  0.251628
110.336   1.09419 -0.163487  0.251662
110.337   1.09412 -0.163474  0.251691
110.338   1.09406 -0.163464  0.251714
110.339   1.09398 -0.163451  0.251741
110.34   1.09395 -0.163445  0.251756
110.341  1.09392 -0.16344 0.251767
110.343   1.09389 -0.163435  0.251777
110.344  1.09386 -0.16343 0.251788
110.345   1.09385 -0.163428  0.251793
110.346   1.09384 -0.163426  0.251798
110.347   1.09383 -0.163424  0.251802
110.348   1.09382 -0.163423  0.251805
110.35   1.09381 -0.163421  0.251809
110.351   1.0938 -0.16342 0.251811
110.352    1.0938 -0.163419  0.251812
110.353    1.0938 -0.163419  0.251814
110.354   1.09379 -0.163418  0.251815
110.355   1.09379 -0.163418  0.251816
110.357   1.09379 -0.163417  0.251816
110.358   1.09379 -0.163417  0.251817
110.359   1.09379 -0.163417  0.251817
110.36   1.09378 -0.163417  0.251818
110.361   1.09378 -0.163417  0.251818
110.362   1.09365 -0.163396  0.251837
110.364   1.09354 -0.163378  0.251854
110.365   1.09344 -0.163362  0.251868
110.366  1.09336 -0.16335  0.25188
110.367   1.09327 -0.163335  0.251893
110.368   1.09322 -0.163327  0.251901
110.369  1.09318 -0.16332 0.251907
110.37   1.09315 -0.163315  0.251911
110.372  1.09312 -0.16331 0.251915
110.373   1.09309 -0.163305   0.25192
110.374   1.09307 -0.163303  0.251922
110.375   1.09306 -0.163301  0.251924
110.376   1.09304 -0.163299  0.251926
110.377   1.09304 -0.163297  0.251927
110.379   1.09303 -0.163296  0.251929
110.38   1.09302 -0.163295   0.25193
110.381   1.09302 -0.163294   0.25193
110.382   1.09301 -0.163293  0.251931
110.383   1.09301 -0.163293  0.251931
110.384   1.09301 -0.163292  0.251932
110.386     1.093 -0.163292  0.251932
110.387     1.093 -0.163292  0.251932
110.388     1.093 -0.163292  0.251932
110.389     1.093 -0.163292  0.251932
110.39     1.093 -0.163291  0.251932
110.391     1.093 -0.163291  0.251933
110.393     1.093 -0.163291  0.251933
110.394     1.093 -0.163291  0.251933
110.395   1.09313 -0.163312  0.251914
110.396   1.09329 -0.163338   0.25189
110.397   1.09338 -0.163352  0.251878
110.398   1.09345 -0.163363  0.251867
110.4   1.09351 -0.163373  0.251858
110.401   1.09358 -0.163384  0.251848
110.402  1.09362 -0.16339 0.251843
110.403   1.09365 -0.163395  0.251838
110.404   1.09367 -0.163399  0.251835
110.405   1.09369 -0.163402  0.251832
110.406   1.09372 -0.163406  0.251828
110.408   1.09373 -0.163408  0.251826
110.409  1.09374 -0.16341 0.251825
110.41   1.09375 -0.163411  0.251824
110.411   1.09375 -0.163412  0.251823
110.412   1.09376 -0.163413  0.251822
110.413   1.09377 -0.163414  0.251821
110.415   1.09377 -0.163414   0.25182
110.416   1.09377 -0.163415   0.25182
110.417   1.09377 -0.163415  0.251819
110.418   1.09378 -0.163416  0.251819
110.419   1.09378 -0.163416  0.251819
110.42   1.09378 -0.163416  0.251819
110.422   1.09378 -0.163416  0.251818
110.423   1.09378 -0.163416  0.251818
110.424   1.09378 -0.163417  0.251818
110.425   1.09378 -0.163417  0.251818
110.426   1.09378 -0.163417  0.251818
110.427   1.09378 -0.163417  0.251818
110.429   1.09378 -0.163417  0.251818
110.43   1.09378 -0.163417  0.251818
110.431   1.09378 -0.163417  0.251818
110.432   1.09378 -0.163417  0.251818
110.433   1.09378 -0.163417  0.251818
110.434   1.09378 -0.163417  0.251818
110.436   1.09378 -0.163417  0.251818
110.437   1.09378 -0.163417  0.251818
110.438   1.09378 -0.163417  0.251818
110.439   1.09378 -0.163417  0.251818
110.44   1.09379 -0.163417  0.251818
110.441   1.09379 -0.163417  0.251818
110.442   1.09379 -0.163417  0.251818
110.444   1.09379 -0.163417  0.251818
110.445   1.09379 -0.163417  0.251817
110.446   1.09379 -0.163417  0.251817
110.447   1.09379 -0.163417  0.251817
110.448   1.09379 -0.163417  0.251817
110.449   1.09379 -0.163417  0.251817
110.451   1.09379 -0.163417  0.251817
110.452   1.09379 -0.163417  0.251817
110.453   1.09379 -0.163417  0.251817
110.454   1.09379 -0.163417  0.251817
110.455   1.09379 -0.163417  0.251817
110.456   1.09379 -0.163417  0.251817
110.458   1.09379 -0.163417  0.251817
110.459   1.09379 -0.163417  0.251817
110.46   1.09394 -0.163443  0.251759
110.461  1.09421 -0.16349 0.251655
110.462  1.09444 -0.16353 0.251567
110.463   1.09464 -0.163563  0.251493
110.465    1.0948 -0.163591  0.251431
110.466   1.09499 -0.163624  0.251358
110.467   1.09509 -0.163641   0.25132
110.468   1.09517 -0.163655  0.251289
110.469   1.09524 -0.163667  0.251263
110.47    1.0953 -0.163677  0.251242
110.471   1.09536 -0.163688  0.251217
110.473   1.09539 -0.163694  0.251204
110.474   1.09542 -0.163698  0.251194
110.475   1.09544 -0.163702  0.251185
110.476   1.09546 -0.163705  0.251178
110.477   1.09548 -0.163709   0.25117
110.478    1.0955 -0.163711  0.251166
110.48   1.09551 -0.163713  0.251162
110.481   1.09551 -0.163714  0.251159
110.482   1.09552 -0.163715  0.251157
110.483   1.09553 -0.163716  0.251154
110.484   1.09553 -0.163717  0.251153
110.485   1.09553 -0.163717  0.251152
110.487   1.09554 -0.163718  0.251151
110.488   1.09554 -0.163718   0.25115
110.489   1.09554 -0.163718  0.251149
110.49   1.09554 -0.163719  0.251148
110.491   1.09554 -0.163719  0.251148
110.492   1.09554 -0.163719  0.251148
110.493   1.09554 -0.163719  0.251147
110.494   1.09554 -0.163719  0.251147
110.495   1.09554 -0.163719  0.251147
110.497    1.0966 -0.163884  0.250566
110.498   1.09751 -0.164026  0.250069
110.499    1.0986 -0.164197  0.249468
110.5   1.09918 -0.164287   0.24915
110.501   1.09966 -0.164362  0.248886
110.502   1.10006 -0.164424  0.248669
110.504   1.10038 -0.164475   0.24849
110.505   1.10076 -0.164534   0.24828
110.506   1.10096 -0.164565  0.248171
110.507   1.10113 -0.164591  0.248081
110.508   1.10126 -0.164612  0.248008
110.509   1.10137 -0.164629  0.247948
110.51   1.10146 -0.164643  0.247899
110.512   1.10156 -0.164659  0.247842
110.513   1.10162 -0.164667  0.247812
110.514   1.10166 -0.164674  0.247788
110.515   1.1017 -0.16468 0.247768
110.516   1.10174 -0.164687  0.247745
110.517  1.10176 -0.16469 0.247733
110.519   1.10178 -0.164693  0.247723
110.52   1.10179 -0.164695  0.247715
110.521    1.1018 -0.164697  0.247708
110.522   1.10182 -0.164699  0.247701
110.523  1.10182  -0.1647 0.247697
110.524   1.10183 -0.164701  0.247694
110.526   1.10184 -0.164702  0.247691
110.527   1.10184 -0.164702  0.247689
110.528   1.10079 -0.164538  0.248267
110.529   1.09989 -0.164397  0.248762
110.53   1.09913 -0.164279  0.249179
110.531  1.09849 -0.16418 0.249528
110.533   1.09796 -0.164097  0.249818
110.534 1.09734  -0.164 0.25016
110.535   1.09702 -0.163949  0.250338
110.536   1.09675 -0.163907  0.250485
110.537   1.09653 -0.163873  0.250606
110.538   1.09635 -0.163845  0.250704
110.54   1.09614 -0.163812   0.25082
110.541   1.09603 -0.163795   0.25088
110.542   1.09594 -0.163781  0.250929
110.543  1.09587 -0.16377 0.250969
110.544   1.09578 -0.163756  0.251017
110.545   1.09574 -0.163749  0.251041
110.546    1.0957 -0.163744  0.251061
110.548   1.09567 -0.163739  0.251077
110.549   1.09565 -0.163735  0.251091
110.55   1.09562 -0.163731  0.251107
110.551    1.0956 -0.163728  0.251115
110.552   1.09559 -0.163726  0.251121
110.553   1.09558 -0.163725  0.251127
110.555   1.09557 -0.163724  0.251131
110.556   1.09556 -0.163722  0.251137
110.557   1.09556 -0.163721  0.251139
110.558   1.09555 -0.163721  0.251141
110.559  1.09555 -0.16372 0.251143
110.56  1.09555 -0.16372 0.251145
110.562   1.09555 -0.163719  0.251146
110.563   1.09554 -0.163719  0.251147
110.564   1.09554 -0.163719  0.251148
110.565   1.09554 -0.163719  0.251149
110.566   1.09554 -0.163719  0.251149
110.567   1.09554 -0.163718   0.25115
110.569   1.09554 -0.163718   0.25115
110.57   1.09554 -0.163718   0.25115
110.571   1.09554 -0.163718   0.25115
110.572   1.09554 -0.163718  0.251151
110.573   1.09554 -0.163718  0.251151
110.574   1.09554 -0.163718  0.251151
110.576   1.09554 -0.163718  0.251151
110.577   1.09554 -0.163718  0.251151
110.578   1.09554 -0.163718  0.251151
110.579   1.09554 -0.163718  0.251151
110.58   1.09554 -0.163718  0.251151
110.581   1.09554 -0.163718  0.251151
110.583   1.09554 -0.163718  0.251151
110.584   1.09554 -0.163718  0.251151
110.585   1.09554 -0.163718  0.251151
110.586   1.09554 -0.163718  0.251151
110.587   1.09554 -0.163718  0.251151
110.588   1.09554 -0.163718  0.251151
110.589   1.09554 -0.163718  0.251151
110.591   1.09554 -0.163718  0.251151
110.592   1.09554 -0.163718  0.251151
110.593   1.09554 -0.163718  0.251151
110.594   1.09554 -0.163718  0.251151
110.595   1.09659 -0.163883  0.250571
110.596    1.0975 -0.164024  0.250074
110.598   1.09826 -0.164143  0.249655
110.599    1.0989 -0.164243  0.249306
110.6   1.09942 -0.164325  0.249016
110.601   1.10005 -0.164422  0.248673
110.602   1.10037 -0.164473  0.248494
110.603   1.10064 -0.164515  0.248348
110.605   1.10086 -0.164549  0.248227
110.606   1.10104 -0.164577  0.248128
110.607  1.10125 -0.16461 0.248013
110.608   1.10136 -0.164627  0.247953
110.609   1.10145 -0.164641  0.247904
110.61   1.10152 -0.164653  0.247864
110.612   1.10158 -0.164662  0.247831
110.613   1.10165 -0.164673  0.247792
110.614   1.10169 -0.164679  0.247772
110.615   1.10172 -0.164683  0.247756
110.616   1.10174 -0.164687  0.247743
110.617  1.10176 -0.16469 0.247732
110.619   1.10178 -0.164694  0.247719
110.62    1.1018 -0.164695  0.247713
110.621    1.1018 -0.164697  0.247708
110.622   1.10181 -0.164698  0.247703
110.623   1.10182 -0.164699    0.2477
110.624  1.10183  -0.1647 0.247696
110.626   1.10183 -0.164701  0.247694
110.627   1.10183 -0.164701  0.247692
110.628   1.10184 -0.164702  0.247691
110.629   1.10184 -0.164702  0.247689
110.63   1.10078 -0.164538  0.248268
110.631   1.09988 -0.164397  0.248764
110.632   1.09912 -0.164278  0.249182
110.634   1.09849 -0.164178  0.249531
110.635   1.09796 -0.164096  0.249821
110.636   1.09733 -0.163999  0.250164
110.637   1.09701 -0.163948  0.250342
110.638   1.09674 -0.163906  0.250489
110.639   1.09652 -0.163872   0.25061
110.641   1.09634 -0.163844  0.250709
110.642   1.09619 -0.163821   0.25079
110.643   1.09602 -0.163794  0.250884
110.644  1.09593 -0.16378 0.250934
110.645   1.09586 -0.163768  0.250974
110.646    1.0958 -0.163759  0.251007
110.648   1.09575 -0.163751  0.251034
110.649   1.09569 -0.163742  0.251066
110.65   1.09566 -0.163737  0.251082
110.651   1.09564 -0.163734  0.251095
110.652   1.09562 -0.163731  0.251106
110.653   1.09559 -0.163727  0.251119
110.655   1.09558 -0.163725  0.251126
110.656   1.09557 -0.163723  0.251131
110.657   1.09556 -0.163722  0.251136
110.658   1.09556 -0.163721  0.251139
110.659  1.09555 -0.16372 0.251144
110.66   1.09539 -0.163693  0.251204
110.662   1.09512 -0.163646   0.25131
110.663   1.09488 -0.163605    0.2514
110.664   1.09469 -0.163572  0.251475
110.665   1.09452 -0.163544  0.251537
110.666  1.09433 -0.16351 0.251612
110.667   1.09423 -0.163493   0.25165
110.668   1.09415 -0.163479  0.251682
110.67   1.09408 -0.163467  0.251708
110.671     1.094 -0.163453  0.251739
110.672   1.09396 -0.163446  0.251755
110.673   1.09392 -0.163441  0.251768
110.674   1.09389 -0.163436  0.251778
110.675   1.09387 -0.163432  0.251787
110.677   1.09385 -0.163429  0.251794
110.678   1.09383 -0.163425  0.251803
110.679   1.09382 -0.163423  0.251807
110.68   1.09381 -0.163421   0.25181
110.681   1.0938 -0.16342 0.251813
110.682   1.09379 -0.163419  0.251817
110.684   1.09379 -0.163418  0.251818
110.685   1.09379 -0.163417   0.25182
110.686   1.09378 -0.163417  0.251821
110.687   1.09378 -0.163416  0.251822
110.688   1.09378 -0.163416  0.251823
110.689   1.09378 -0.163416  0.251823
110.691   1.09378 -0.163415  0.251824
110.692   1.09377 -0.163415  0.251824
110.693   1.09377 -0.163415  0.251824
110.694   1.09377 -0.163415  0.251825
110.695   1.09377 -0.163415  0.251825
110.696   1.09377 -0.163415  0.251825
110.698   1.09377 -0.163415  0.251825
110.699   1.09377 -0.163415  0.251826
110.7   1.09377 -0.163415  0.251826
110.701   1.09377 -0.163415  0.251826
110.702   1.09377 -0.163415  0.251826
110.703   1.09377 -0.163415  0.251826
110.704   1.09377 -0.163415  0.251825
110.706   1.09377 -0.163415  0.251825
110.707   1.09377 -0.163415  0.251825
110.708   1.09377 -0.163415  0.251825
110.709   1.09377 -0.163415  0.251825
110.71   1.09377 -0.163415  0.251825
110.711   1.09377 -0.163415  0.251825
110.713   1.09377 -0.163415  0.251825
110.714   1.09377 -0.163415  0.251825
110.715   1.09377 -0.163415  0.251825
110.716   1.09377 -0.163415  0.251825
110.717   1.09377 -0.163415  0.251825
110.718   1.09377 -0.163415  0.251825
110.72   1.09377 -0.163415  0.251825
110.721   1.09377 -0.163415  0.251825
110.722   1.09377 -0.163415  0.251825
110.723   1.09377 -0.163415  0.251825
110.724   1.09377 -0.163415  0.251825
110.725   1.09377 -0.163415  0.251825
110.727   1.09377 -0.163415  0.251825
110.728   1.09377 -0.163415  0.251824
110.729   1.09407 -0.163465  0.251713
110.73   1.09432 -0.163509  0.251617
110.731   1.09453 -0.163545  0.251536
110.732   1.09471 -0.163575  0.251469
110.734   1.09492 -0.163612  0.251389
110.735   1.09503 -0.163631  0.251347
110.736   1.09512 -0.163646  0.251312
110.737   1.09519 -0.163659  0.251284
110.738   1.09528 -0.163674   0.25125
110.74   1.09533 -0.163682  0.251233
110.741   1.09537 -0.163688  0.251219
110.742   1.09541 -0.163696  0.251202
110.743  1.09543  -0.1637 0.251194
110.744   1.09545 -0.163703  0.251186
110.746   1.09547 -0.163705  0.251181
110.747   1.09548 -0.163708  0.251176
110.748   1.09549 -0.163709  0.251172
110.749    1.0955 -0.163711  0.251169
110.75    1.0955 -0.163712  0.251166
110.751   1.09551 -0.163713  0.251164
110.753   1.09551 -0.163714  0.251162
110.754   1.09552 -0.163715   0.25116
110.755   1.09552 -0.163715  0.251159
110.756   1.09552 -0.163715  0.251158
110.757   1.09553 -0.163716  0.251158
110.758   1.09553 -0.163716  0.251157
110.76   1.09553 -0.163716  0.251157
110.761   1.09553 -0.163716  0.251157
110.762   1.09553 -0.163716  0.251156
110.763   1.09553 -0.163717  0.251156
110.764   1.09553 -0.163717  0.251156
110.765   1.09553 -0.163717  0.251156
110.767   1.09553 -0.163717  0.251156
110.768   1.09553 -0.163717  0.251155
110.769   1.09553 -0.163717  0.251155
110.771   1.09553 -0.163717  0.251155
110.772   1.09553 -0.163717  0.251155
110.773   1.09553 -0.163717  0.251155
110.774   1.09553 -0.163717  0.251155
110.775   1.09553 -0.163717  0.251155
110.776   1.09553 -0.163717  0.251155
110.777   1.09553 -0.163717  0.251155
110.779   1.09553 -0.163717  0.251155
110.78   1.09553 -0.163717  0.251155
110.781   1.09553 -0.163717  0.251154
110.782   1.09553 -0.163717  0.251154
110.783   1.09553 -0.163717  0.251154
110.784   1.09553 -0.163717  0.251154
110.786   1.09553 -0.163717  0.251154
110.787   1.09553 -0.163717  0.251154
110.788   1.09553 -0.163717  0.251154
110.789   1.09553 -0.163717  0.251154
110.79   1.09553 -0.163717  0.251154
110.791   1.09553 -0.163717  0.251154
110.793   1.09553 -0.163717  0.251154
110.794   1.09553 -0.163717  0.251154
110.795   1.09553 -0.163717  0.251154
110.796   1.09511 -0.163644  0.251317
110.797   1.09488 -0.163604  0.251405
110.798   1.09468 -0.163571  0.251479
110.8   1.09452 -0.163543  0.251541
110.801  1.09439 -0.16352 0.251591
110.802   1.09423 -0.163493  0.251652
110.803   1.09415 -0.163479  0.251683
110.804   1.09408 -0.163467  0.251709
110.805   1.09402 -0.163458   0.25173
110.806  1.09398 -0.16345 0.251747
110.808   1.09393 -0.163441  0.251767
110.809    1.0939 -0.163436  0.251778
110.81   1.09388 -0.163432  0.251786
110.811   1.09386 -0.163429  0.251793
110.812   1.09384 -0.163427  0.251799
110.813   1.09382 -0.163424  0.251806
110.815   1.09382 -0.163422  0.251809
110.816   1.09381 -0.163421  0.251812
110.817   1.0938 -0.16342 0.251814
110.818    1.0938 -0.163418  0.251817
110.819   1.09379 -0.163418  0.251818
110.82   1.09379 -0.163417   0.25182
110.822   1.09379 -0.163417   0.25182
110.823   1.09378 -0.163417  0.251821
110.824   1.09378 -0.163416  0.251822
110.825   1.09378 -0.163416  0.251822
110.826   1.09378 -0.163416  0.251823
110.827   1.09371 -0.163405  0.251833
110.829   1.09359 -0.163385  0.251851
110.83   1.09344 -0.163361  0.251873
110.831   1.09336 -0.163348  0.251885
110.832   1.09329 -0.163338  0.251895
110.833   1.09324 -0.163329  0.251902
110.834   1.09319 -0.163322  0.251909
110.835   1.09314 -0.163314  0.251917
110.837   1.09311 -0.163309  0.251921
110.838   1.09309 -0.163306  0.251924
110.839   1.09307 -0.163303  0.251927
110.84  1.09306  -0.1633 0.251929
110.841   1.09304 -0.163298  0.251931
110.842   1.09303 -0.163296  0.251932
110.843   1.09302 -0.163295  0.251934
110.844   1.09302 -0.163294  0.251934
110.845   1.09301 -0.163293  0.251935
110.847   1.09301 -0.163292  0.251936
110.848     1.093 -0.163292  0.251936
110.849     1.093 -0.163291  0.251937
110.85     1.093 -0.163291  0.251937
110.851     1.093 -0.163291  0.251937
110.852     1.093 -0.163291  0.251937
110.854    1.093 -0.16329 0.251937
110.855  1.09299 -0.16329 0.251938
110.856  1.09299 -0.16329 0.251938
110.857  1.09299 -0.16329 0.251938
110.858  1.09299 -0.16329 0.251938
110.859  1.09299 -0.16329 0.251938
110.861   1.09342 -0.163362  0.251806
110.862   1.09378 -0.163423  0.251694
110.863   1.09422 -0.163497  0.251558
110.864   1.09446 -0.163536  0.251486
110.865   1.09465 -0.163569  0.251426
110.866   1.09481 -0.163596  0.251377
110.868   1.09494 -0.163618  0.251336
110.869    1.0951 -0.163644  0.251289
110.87   1.09518 -0.163657  0.251264
110.871   1.09524 -0.163668  0.251244
110.872    1.0953 -0.163677  0.251227
110.873   1.09534 -0.163685  0.251214
110.874   1.09539 -0.163693  0.251198
110.876   1.09542 -0.163698  0.251189
110.877   1.09544 -0.163701  0.251183
110.878   1.09546 -0.163704  0.251177
110.879   1.09547 -0.163707  0.251172
110.88  1.09549 -0.16371 0.251167
110.881    1.0955 -0.163711  0.251164
110.883   1.09551 -0.163713  0.251162
110.884   1.09551 -0.163714   0.25116
110.885   1.09552 -0.163714  0.251159
110.886   1.09552 -0.163715  0.251157
110.887   1.09553 -0.163716  0.251156
110.888   1.09553 -0.163716  0.251155
110.89   1.09553 -0.163717  0.251155
110.891   1.09553 -0.163717  0.251154
110.892   1.09553 -0.163717  0.251154
110.893   1.09553 -0.163717  0.251153
110.894   1.09541 -0.163698   0.25117
110.895    1.0953 -0.163681  0.251184
110.897   1.09521 -0.163666  0.251195
110.898    1.0951 -0.163649  0.251209
110.899  1.09504 -0.16364 0.251217
110.9     1.095 -0.163633  0.251223
110.901   1.09496 -0.163627  0.251228
110.902   1.09493 -0.163622  0.251232
110.903   1.09489 -0.163616  0.251237
110.905   1.09487 -0.163613  0.251239
110.906  1.09485 -0.16361 0.251241
110.907   1.09484 -0.163608  0.251243
110.908   1.09482 -0.163606  0.251245
110.909   1.09482 -0.163605  0.251246
110.91   1.09481 -0.163604  0.251247
110.912    1.0948 -0.163603  0.251248
110.913    1.0948 -0.163602  0.251248
110.914    1.0948 -0.163601  0.251249
110.915   1.09479 -0.163601  0.251249
110.916   1.09479 -0.163601  0.251249
110.917 1.09479 -0.1636 0.25125
110.919 1.09479 -0.1636 0.25125
110.92 1.09479 -0.1636 0.25125
110.921 1.09478 -0.1636 0.25125
110.922 1.09478 -0.1636 0.25125
110.923   1.09478 -0.163599   0.25125
110.924   1.09478 -0.163599   0.25125
110.926   1.09478 -0.163599   0.25125
110.927   1.09394 -0.163388  0.251668
110.928   1.09322 -0.163207  0.252025
110.929   1.09261 -0.163055  0.252326
110.93    1.0921 -0.162927  0.252578
110.931   1.09149 -0.162776  0.252876
110.933   1.09118 -0.162697  0.253033
110.934   1.09092 -0.162632  0.253161
110.935    1.0907 -0.162578  0.253267
110.936   1.09045 -0.162516  0.253391
110.937   1.09032 -0.162483  0.253455
110.938   1.09022 -0.162456  0.253508
110.94   1.09013 -0.162435  0.253551
110.941   1.09006 -0.162417  0.253586
110.942   1.08998 -0.162396  0.253627
110.943   1.08993 -0.162385  0.253649
110.944    1.0899 -0.162376  0.253666
110.945   1.08987 -0.162369   0.25368
110.947   1.08984 -0.162363  0.253692
110.948   1.08983 -0.162358  0.253702
110.949    1.0898 -0.162353  0.253713
110.95  1.08979 -0.16235 0.253719
110.951   1.08978 -0.162347  0.253723
110.952   1.08977 -0.162345  0.253727
110.953   1.08977 -0.162344   0.25373
110.955   1.08976 -0.162343  0.253733
110.956   1.08976 -0.162342  0.253735
110.957  1.08975 -0.16234 0.253737
110.958  1.08975 -0.16234 0.253738
110.959   1.08975 -0.162339  0.253739
110.96   1.08975 -0.162339   0.25374
110.962    1.0901 -0.162432  0.253575
110.963     1.091 -0.162673  0.253149
110.964   1.09149 -0.162803  0.252918
110.965   1.09189 -0.162911  0.252726
110.966   1.09223 -0.163001  0.252566
110.967   1.09251 -0.163076  0.252435
110.969   1.09284 -0.163163  0.252279
110.97   1.09301 -0.163209  0.252198
110.971   1.09315 -0.163247  0.252132
110.972   1.09326 -0.163277  0.252077
110.973   1.09336 -0.163302  0.252033
110.974   1.09347 -0.163332   0.25198
110.975   1.09353 -0.163347  0.251953
110.977  1.09357 -0.16336 0.251931
110.978  1.09361 -0.16337 0.251913
110.979   1.09366 -0.163382  0.251891
110.98   1.09368 -0.163388   0.25188
110.981    1.0937 -0.163393  0.251871
110.982   1.09371 -0.163398  0.251864
110.984   1.09373 -0.163401  0.251858
110.985   1.09374 -0.163405  0.251851
110.986   1.09375 -0.163407  0.251847
110.987   1.09376 -0.163409  0.251844
110.988  1.09376 -0.16341 0.251841
110.989   1.09377 -0.163411  0.251839
110.991   1.09377 -0.163413  0.251837
110.992   1.09377 -0.163413  0.251836
110.993   1.09378 -0.163414  0.251835
110.994   1.09378 -0.163414  0.251834
110.995   1.09378 -0.163415  0.251833
110.996   1.09378 -0.163415  0.251833
110.997   1.09378 -0.163415  0.251832
110.999   1.09378 -0.163416  0.251832
111   1.09378 -0.163416  0.251832
111.001   1.09378 -0.163416  0.251831
111.002   1.09378 -0.163416  0.251831
111.003   1.09378 -0.163416  0.251831
111.004   1.09378 -0.163416  0.251831
111.006   1.09379 -0.163416  0.251831
111.007   1.09379 -0.163416  0.251831
111.008   1.09379 -0.163416   0.25183
111.009   1.09379 -0.163416   0.25183
111.01   1.09379 -0.163416   0.25183
111.011   1.09379 -0.163416   0.25183
111.013   1.09379 -0.163417   0.25183
111.014   1.09379 -0.163417   0.25183
111.015   1.09379 -0.163417   0.25183
111.016   1.09379 -0.163417   0.25183
111.017   1.09379 -0.163417   0.25183
111.018   1.09379 -0.163417   0.25183
111.02   1.09379 -0.163417   0.25183
111.021   1.09379 -0.163417   0.25183
111.022   1.09379 -0.163417   0.25183
111.023   1.09379 -0.163417   0.25183
111.024   1.09379 -0.163417   0.25183
111.025   1.09379 -0.163417   0.25183
111.026   1.09379 -0.163417   0.25183
111.028   1.09379 -0.163417   0.25183
111.029   1.09379 -0.163417   0.25183
111.03   1.09379 -0.163417   0.25183
111.031   1.09379 -0.163417   0.25183
111.032   1.09379 -0.163417   0.25183
111.033   1.09379 -0.163417   0.25183
111.035   1.09379 -0.163417   0.25183
111.036   1.09379 -0.163417   0.25183
111.037   1.09379 -0.163417   0.25183
111.038   1.09379 -0.163417   0.25183
111.039   1.09379 -0.163417   0.25183
111.04   1.09379 -0.163417   0.25183
111.042   1.09379 -0.163417   0.25183
111.043   1.09379 -0.163417   0.25183
111.044   1.09379 -0.163417   0.25183
111.045   1.09379 -0.163417   0.25183
111.046   1.09379 -0.163417   0.25183
111.047   1.09379 -0.163417   0.25183
111.049   1.09379 -0.163417   0.25183
111.05   1.09379 -0.163417   0.25183
111.051   1.09379 -0.163417   0.25183
111.052   1.09379 -0.163417  0.251829
111.053   1.09379 -0.163417  0.251829
111.054   1.09379 -0.163417  0.251829
111.055   1.09379 -0.163417  0.251829
111.057   1.09379 -0.163417  0.251829
111.058   1.09379 -0.163417  0.251829
111.059   1.09379 -0.163417  0.251829
111.06   1.09379 -0.163417  0.251829
111.061   1.09379 -0.163417  0.251829
111.062   1.09387 -0.163433   0.25178
111.064    1.0941 -0.163474  0.251652
111.065   1.09422 -0.163496  0.251583
111.066   1.09432 -0.163514  0.251525
111.067   1.0944 -0.16353 0.251477
111.068   1.09447 -0.163542  0.251438
111.069   1.09455 -0.163557  0.251391
111.071    1.0946 -0.163565  0.251367
111.072   1.09463 -0.163571  0.251347
111.073   1.09466 -0.163577  0.251331
111.074   1.09468 -0.163581  0.251317
111.075   1.09471 -0.163586  0.251302
111.076   1.09473 -0.163588  0.251294
111.077   1.09474 -0.163591  0.251287
111.079   1.09475 -0.163592  0.251281
111.08   1.09475 -0.163594  0.251277
111.081   1.09476 -0.163595  0.251272
111.082   1.09477 -0.163596  0.251269
111.083   1.09477 -0.163597  0.251267
111.084   1.09478 -0.163598  0.251265
111.086   1.09478 -0.163598  0.251263
111.087   1.09478 -0.163599  0.251262
111.088   1.09478 -0.163599  0.251261
111.089   1.09478 -0.163599   0.25126
111.09   1.09478 -0.163599   0.25126
111.091   1.09479 -0.163599  0.251259
111.093  1.09479  -0.1636 0.251259
111.094  1.09479  -0.1636 0.251258
111.095    1.0947 -0.163584  0.251308
111.096   1.09455 -0.163555  0.251396
111.097   1.09436 -0.163521  0.251504
111.098   1.09426 -0.163502  0.251562
111.1   1.09417 -0.163487   0.25161
111.101    1.0941 -0.163475  0.251649
111.102   1.09405 -0.163464  0.251682
111.103   1.09398 -0.163452   0.25172
111.104   1.09395 -0.163446   0.25174
111.105  1.09392 -0.16344 0.251756
111.107   1.09389 -0.163436  0.251769
111.108   1.09387 -0.163433   0.25178
111.109   1.09385 -0.163428  0.251793
111.11   1.09384 -0.163426    0.2518
111.111   1.09383 -0.163425  0.251805
111.112   1.09382 -0.163423  0.251809
111.113   1.09382 -0.163422  0.251813
111.115   1.09381 -0.163421  0.251817
111.116  1.09381 -0.16342 0.251819
111.117    1.0938 -0.163419  0.251821
111.118    1.0938 -0.163419  0.251823
111.119    1.0938 -0.163418  0.251824
111.12    1.0938 -0.163418  0.251825
111.122   1.09379 -0.163418  0.251826
111.123   1.09379 -0.163418  0.251827
111.124   1.09379 -0.163417  0.251827
111.125   1.09379 -0.163417  0.251828
111.126   1.09379 -0.163417  0.251828
111.127   1.09379 -0.163417  0.251828
111.129   1.09379 -0.163417  0.251828
111.13   1.09379 -0.163417  0.251829
111.131   1.09408 -0.163468  0.251716
111.132   1.09434 -0.163511  0.251621
111.133   1.09455 -0.163547   0.25154
111.134   1.09473 -0.163578  0.251472
111.136   1.09487 -0.163603  0.251416
111.137   1.09505 -0.163633   0.25135
111.138   1.09514 -0.163648  0.251315
111.139   1.09521 -0.163661  0.251287
111.14   1.09527 -0.163672  0.251264
111.141  1.09532 -0.16368 0.251245
111.142  1.09538 -0.16369 0.251222
111.144   1.09541 -0.163696  0.251211
111.145  1.09544  -0.1637 0.251201
111.146   1.09546 -0.163703  0.251193
111.147   1.09547 -0.163706  0.251187
111.148  1.09549 -0.16371 0.251179
111.149    1.0955 -0.163711  0.251176
111.151   1.09551 -0.163713  0.251172
111.152   1.09552 -0.163714   0.25117
111.153   1.09552 -0.163715  0.251168
111.154   1.09553 -0.163716  0.251165
111.155   1.09553 -0.163716  0.251164
111.156   1.09554 -0.163717  0.251163
111.158   1.09554 -0.163717  0.251162
111.159   1.09554 -0.163718  0.251161
111.16   1.09554 -0.163718  0.251161
111.161   1.09554 -0.163718   0.25116
111.162    1.0966 -0.163884  0.250579
111.163   1.09751 -0.164025  0.250082
111.165   1.09827 -0.164144  0.249663
111.166   1.09918 -0.164287  0.249162
111.167   1.09966 -0.164362  0.248898
111.168   1.10006 -0.164424  0.248681
111.169   1.10038 -0.164474  0.248502
111.17   1.10065 -0.164516  0.248355
111.172   1.10096 -0.164565  0.248183
111.173   1.10113 -0.164591  0.248093
111.174   1.10126 -0.164611   0.24802
111.175   1.10137 -0.164628   0.24796
111.176   1.10146 -0.164642  0.247911
111.177   1.10156 -0.164659  0.247854
111.178   1.10162 -0.164667  0.247824
111.18   1.10166 -0.164674    0.2478
111.181   1.1017 -0.16468  0.24778
111.182   1.10174 -0.164686  0.247756
111.183  1.10176 -0.16469 0.247744
111.184   1.10178 -0.164692  0.247735
111.185   1.10179 -0.164695  0.247727
111.187   1.10181 -0.164697   0.24772
111.188   1.10182 -0.164699  0.247713
111.188  1.10183  -0.1647 0.247709
111.19   1.10183 -0.164701  0.247706
111.191   1.10184 -0.164701  0.247703
111.192   1.10184 -0.164702  0.247701
111.194   1.09989 -0.164391  0.248699
111.194   1.09883 -0.164222  0.249243
111.195  1.09794 -0.16408 0.249699
111.197    1.0972 -0.163962  0.250078
111.198   1.09659 -0.163864  0.250392
111.199   1.09587 -0.163749  0.250763
111.2   1.09549 -0.163688  0.250956
111.201   1.09518 -0.163639  0.251115
111.202   1.09493 -0.163599  0.251245
111.204   1.09472 -0.163565  0.251352
111.205   1.09448 -0.163526  0.251476
111.206   1.09435 -0.163506  0.251541
111.207  1.09425 -0.16349 0.251594
111.208   1.09416 -0.163476  0.251638
111.209  1.09406 -0.16346 0.251689
111.21   1.09401 -0.163452  0.251715
111.212   1.09397 -0.163445  0.251737
111.213  1.09393 -0.16344 0.251754
111.214   1.09391 -0.163435  0.251769
111.215  1.09387 -0.16343 0.251786
111.216   1.09386 -0.163427  0.251794
111.217   1.09384 -0.163425  0.251802
111.219   1.09383 -0.163423  0.251807
111.22   1.09382 -0.163422  0.251812
111.221  1.09381 -0.16342 0.251818
111.222    1.0938 -0.163419  0.251821
111.223    1.0938 -0.163419  0.251823
111.224    1.0938 -0.163418  0.251825
111.226   1.09379 -0.163417  0.251827
111.227   1.09379 -0.163417  0.251828
111.228   1.09379 -0.163417  0.251829
111.229   1.09394 -0.163443  0.251772
111.23   1.09421 -0.163489  0.251668
111.231   1.09444 -0.163529   0.25158
111.233   1.09472 -0.163577  0.251474
111.234   1.09487 -0.163602  0.251418
111.235   1.09499 -0.163622  0.251372
111.236  1.09509 -0.16364 0.251334
111.237   1.09517 -0.163654  0.251302
111.238  1.09526 -0.16367 0.251266
111.24   1.09531 -0.163679  0.251246
111.241   1.09536 -0.163686  0.251231
111.242   1.09539 -0.163692  0.251218
111.243   1.09543 -0.163698  0.251203
111.244   1.09545 -0.163702  0.251195
111.245   1.09547 -0.163705  0.251189
111.247   1.09548 -0.163707  0.251184
111.248   1.09549 -0.163709  0.251179
111.249    1.0955 -0.163711  0.251174
111.25   1.09551 -0.163712  0.251172
111.251   1.09552 -0.163713   0.25117
111.252   1.09552 -0.163714  0.251168
111.253   1.09552 -0.163715  0.251166
111.255   1.09553 -0.163715  0.251165
111.256   1.09553 -0.163716  0.251164
111.257   1.09553 -0.163716  0.251163
111.258   1.09553 -0.163716  0.251163
111.259   1.09553 -0.163717  0.251162
111.26   1.09554 -0.163717  0.251162
111.262   1.09554 -0.163717  0.251161
111.263   1.09554 -0.163717  0.251161
111.264   1.09539 -0.163691  0.251219
111.265   1.09511 -0.163644  0.251323
111.266   1.09478 -0.163587   0.25145
111.267    1.0946 -0.163557  0.251517
111.269   1.09446 -0.163531  0.251573
111.27  1.09434 -0.16351 0.251619
111.271   1.09424 -0.163493  0.251658
111.272   1.09412 -0.163473  0.251702
111.273   1.09406 -0.163463  0.251726
111.274   1.09401 -0.163454  0.251745
111.276   1.09397 -0.163447   0.25176
111.277   1.09393 -0.163441  0.251773
111.278   1.09389 -0.163434  0.251788
111.279   1.09387 -0.163431  0.251796
111.28   1.09386 -0.163428  0.251802
111.281   1.09384 -0.163426  0.251807
111.283   1.09383 -0.163423  0.251813
111.284   1.09382 -0.163422  0.251817
111.285  1.09381 -0.16342 0.251819
111.286   1.09381 -0.163419  0.251821
111.287    1.0938 -0.163419  0.251823
111.288    1.0938 -0.163418  0.251825
111.289   1.09379 -0.163417  0.251826
111.291   1.09379 -0.163417  0.251827
111.292   1.09379 -0.163417  0.251827
111.293   1.09379 -0.163416  0.251828
111.294   1.09379 -0.163416  0.251829
111.295   1.09408 -0.163467  0.251717
111.296  1.09433 -0.16351 0.251621
111.298   1.09454 -0.163546   0.25154
111.299   1.09472 -0.163576  0.251473
111.3   1.09493 -0.163613  0.251393
111.301   1.09504 -0.163631  0.251351
111.302   1.09513 -0.163647  0.251316
111.303   1.0952 -0.16366 0.251288
111.305  1.09527 -0.16367 0.251265
111.306   1.09534 -0.163683  0.251238
111.307   1.09537 -0.163689  0.251223
111.308    1.0954 -0.163694  0.251212
111.309   1.09543 -0.163698  0.251202
111.31   1.09545 -0.163702  0.251194
111.312   1.09547 -0.163706  0.251185
111.313   1.09549 -0.163708  0.251181
111.314   1.0955 -0.16371 0.251177
111.315    1.0955 -0.163711  0.251174
111.316   1.09551 -0.163712  0.251171
111.317   1.09552 -0.163714  0.251168
111.319   1.09552 -0.163715  0.251166
111.32   1.09553 -0.163715  0.251165
111.321   1.09553 -0.163716  0.251164
111.322   1.09553 -0.163716  0.251163
111.323   1.09553 -0.163716  0.251162
111.324   1.09554 -0.163717  0.251162
111.325   1.09554 -0.163717  0.251161
111.327   1.09554 -0.163717  0.251161
111.328   1.09554 -0.163717  0.251161
111.329   1.09593 -0.163777  0.250918
111.33   1.09664 -0.163883  0.250484
111.331   1.09724 -0.163973  0.250115
111.332   1.09774 -0.164049  0.249807
111.334   1.09816 -0.164112   0.24955
111.335   1.09865 -0.164186  0.249245
111.336   1.09891 -0.164225  0.249086
111.337   1.09913 -0.164257  0.248956
111.338    1.0993 -0.164283  0.248848
111.339   1.09951 -0.164314  0.248723
111.341  1.09961 -0.16433 0.248657
111.342    1.0997 -0.164343  0.248604
111.343   1.09977 -0.164354   0.24856
111.344   1.09983 -0.164362  0.248524
111.345    1.0999 -0.164373  0.248482
111.346   1.09993 -0.164378  0.248461
111.348   1.09996 -0.164382  0.248443
111.349   1.09998 -0.164386  0.248429
111.35       1.1 -0.164389  0.248417
111.351   1.10002 -0.164392  0.248403
111.352   1.10004 -0.164394  0.248396
111.353   1.10005 -0.164395   0.24839
111.355   1.10005 -0.164396  0.248385
111.356   1.10006 -0.164397  0.248381
111.357   1.10007 -0.164398  0.248377
111.358   1.10007 -0.164399  0.248375
111.359  1.10007  -0.1644 0.248373
111.36  1.10008  -0.1644 0.248371
111.361 1.10008 -0.1644 0.24837
111.363   1.09898 -0.164235  0.249045
111.364   1.09838 -0.164145  0.249412
111.365  1.09788 -0.16407  0.24972
111.366   1.09747 -0.164007  0.249976
111.367   1.09712 -0.163955  0.250189
111.368   1.09671 -0.163894  0.250439
111.37    1.0965 -0.163862   0.25057
111.371   1.09633 -0.163836  0.250677
111.372   1.09618 -0.163814  0.250765
111.373   1.09607 -0.163796  0.250837
111.374   1.09593 -0.163776  0.250921
111.375   1.09586 -0.163765  0.250965
111.377    1.0958 -0.163756  0.251001
111.378   1.09575 -0.163749  0.251031
111.379   1.09569 -0.163741  0.251065
111.38   1.09567 -0.163736  0.251083
111.381   1.09564 -0.163733  0.251097
111.382  1.09562 -0.16373 0.251109
111.384   1.09561 -0.163727  0.251119
111.385   1.09559 -0.163725  0.251131
111.386   1.09558 -0.163723  0.251136
111.387   1.09557 -0.163722  0.251141
111.388   1.09556 -0.163721  0.251145
111.389  1.09556 -0.16372 0.251149
111.39   1.09555 -0.163719  0.251152
111.392   1.09555 -0.163719  0.251154
111.393   1.09555 -0.163718  0.251156
111.394   1.09554 -0.163718  0.251157
111.395   1.09554 -0.163718  0.251158
111.396   1.09688 -0.163927  0.250345
111.397   1.09761 -0.164041  0.249902
111.399   1.09822 -0.164136  0.249531
111.4   1.09873 -0.164216  0.249222
111.401   1.09915 -0.164281  0.248967
111.402   1.09965 -0.164359  0.248665
111.403   1.09991 -0.164399  0.248508
111.404   1.10012 -0.164432  0.248379
111.406  1.10029 -0.16446 0.248273
111.407   1.10044 -0.164482  0.248187
111.408    1.1006 -0.164508  0.248085
111.409   1.10069 -0.164522  0.248033
111.41   1.10076 -0.164533   0.24799
111.411   1.10082 -0.164542  0.247954
111.413   1.10086 -0.164549  0.247926
111.414   1.10092 -0.164558  0.247892
111.415   1.10095 -0.164562  0.247874
111.416   1.10097 -0.164566   0.24786
111.417   1.10099 -0.164569  0.247849
111.418   1.10101 -0.164571  0.247839
111.419   1.10103 -0.164574  0.247828
111.421   1.10103 -0.164576  0.247822
111.422   1.10104 -0.164577  0.247818
111.423   1.10105 -0.164578  0.247814
111.424   1.10105 -0.164579  0.247811
111.425   1.10106 -0.164579  0.247807
111.426  1.10106 -0.16458 0.247805
111.428  1.10107 -0.16458 0.247804
111.429   1.10107 -0.164581  0.247803
111.43   1.10098 -0.164565  0.247851
111.431   1.10076 -0.164525  0.247977
111.432   1.10064 -0.164503  0.248045
111.433   1.10054 -0.164485  0.248103
111.435  1.10046 -0.16447  0.24815
111.436   1.10039 -0.164457  0.248189
111.437   1.10031 -0.164443  0.248236
111.438   1.10027 -0.164435   0.24826
111.439   1.10023 -0.164429   0.24828
111.44   1.10021 -0.164423  0.248296
111.442   1.10018 -0.164419   0.24831
111.443   1.10016 -0.164414  0.248325
111.444   1.10014 -0.164411  0.248334
111.445   1.10013 -0.164409   0.24834
111.446   1.10012 -0.164408  0.248346
111.447   1.10011 -0.164406   0.24835
111.449   1.10011 -0.164405  0.248354
111.45    1.1001 -0.164404  0.248359
111.451   1.10009 -0.164403  0.248361
111.452   1.10009 -0.164402  0.248363
111.453   1.10009 -0.164402  0.248364
111.454   1.10008 -0.164401  0.248366
111.455   1.10008 -0.164401  0.248367
111.457   1.10008 -0.164401  0.248368
111.458  1.10008  -0.1644 0.248369
111.459  1.10008  -0.1644 0.248369
111.46 1.10008 -0.1644 0.24837
111.461 1.10008 -0.1644 0.24837
111.462  1.09953 -0.16431 0.248672
111.464  1.09855 -0.16415 0.249211
111.465   1.09772 -0.164013  0.249669
111.466   1.09672 -0.163849   0.25022
111.467    1.0962 -0.163763  0.250511
111.468   1.09576 -0.163692  0.250751
111.469    1.0954 -0.163633  0.250949
111.471   1.09511 -0.163584  0.251111
111.472   1.09476 -0.163528  0.251302
111.473   1.09458 -0.163498  0.251401
111.474   1.09443 -0.163474  0.251483
111.475   1.09431 -0.163454  0.251549
111.476   1.09421 -0.163438  0.251604
111.477    1.0941 -0.163419  0.251668
111.479   1.09404 -0.163409  0.251701
111.48   1.09399 -0.163401  0.251728
111.481   1.09395 -0.163394   0.25175
111.482   1.09392 -0.163389  0.251768
111.483   1.09388 -0.163383  0.251789
111.484   1.09386 -0.163379    0.2518
111.486   1.09384 -0.163377  0.251809
111.487   1.09383 -0.163375  0.251816
111.488   1.09382 -0.163373  0.251822
111.489   1.09381 -0.163371  0.251829
111.49   1.0938 -0.16337 0.251833
111.491   1.09379 -0.163369  0.251836
111.493   1.09379 -0.163368  0.251838
111.494   1.09379 -0.163367   0.25184
111.495   1.09378 -0.163367  0.251843
111.496   1.09357 -0.163301  0.251959
111.497   1.09319 -0.163183  0.252167
111.498   1.09287 -0.163083  0.252342
111.5   1.09248 -0.162962  0.252554
111.501   1.09228 -0.162899  0.252665
111.502   1.09211 -0.162846  0.252757
111.503   1.09197 -0.162803  0.252833
111.504   1.09185 -0.162768  0.252896
111.505   1.09176 -0.162739  0.252947
111.506   1.09165 -0.162705  0.253006
111.508   1.09159 -0.162687  0.253038
111.509   1.09155 -0.162672  0.253063
111.51   1.09151 -0.162661  0.253084
111.511   1.09148 -0.162651  0.253101
111.512   1.09144 -0.162639  0.253121
111.513   1.09142 -0.162634  0.253131
111.515   1.09141 -0.162629  0.253139
111.516    1.0914 -0.162625  0.253146
111.517   1.09138 -0.162622  0.253152
111.518   1.09137 -0.162618  0.253158
111.519   1.09137 -0.162616  0.253162
111.52   1.09136 -0.162615  0.253164
111.522   1.09136 -0.162613  0.253167
111.523   1.09135 -0.162612  0.253169
111.524   1.09135 -0.162611   0.25317
111.525  1.09135 -0.16261 0.253171
111.526  1.09135 -0.16261 0.253172
111.527  1.09135 -0.16261 0.253173
111.529   1.09134 -0.162609  0.253174
111.53   1.09149 -0.162668  0.253069
111.531   1.09174 -0.162773  0.252881
111.532   1.09195 -0.162862  0.252722
111.533   1.09213 -0.162937  0.252588
111.534   1.09235 -0.163026  0.252428
111.535   1.09246 -0.163073  0.252344
111.537   1.09256 -0.163111  0.252275
111.537   1.09263 -0.163143  0.252218
111.539    1.0927 -0.163169  0.252171
111.54  1.09277  -0.1632 0.252117
111.541   1.09281 -0.163216  0.252088
111.542   1.09284 -0.163229  0.252065
111.544   1.09287 -0.163239  0.252046
111.544   1.09289 -0.163248   0.25203
111.546   1.09291 -0.163258  0.252012
111.547   1.09292 -0.163264  0.252002
111.548   1.09294 -0.163268  0.251994
111.549   1.09294 -0.163272  0.251988
111.55   1.09295 -0.163274  0.251983
111.551   1.09296 -0.163278  0.251977
111.552  1.09296 -0.16328 0.251973
111.554   1.09297 -0.163281  0.251971
111.555   1.09297 -0.163282  0.251969
111.556   1.09297 -0.163283  0.251967
111.557   1.09298 -0.163284  0.251965
111.558   1.09298 -0.163285  0.251964
111.559   1.09298 -0.163286  0.251963
111.561   1.09298 -0.163286  0.251962
111.562   1.09298 -0.163286  0.251961
111.563   1.09512 -0.163629  0.250932
111.564   1.09629 -0.163815  0.250371
111.565   1.09727 -0.163971  0.249902
111.566   1.09808 -0.164101  0.249511
111.568   1.09905 -0.164256  0.249047
111.569   1.09955 -0.164336  0.248805
111.57   1.09997 -0.164402  0.248606
111.571   1.10031 -0.164457  0.248443
111.572   1.10059 -0.164501  0.248309
111.573   1.10091 -0.164553  0.248152
111.575  1.10108 -0.16458 0.248071
111.576   1.10122 -0.164603  0.248004
111.577   1.10133 -0.164621   0.24795
111.578   1.10143 -0.164636  0.247905
111.579   1.10154 -0.164653  0.247853
111.58   1.10159 -0.164662  0.247826
111.581   1.10164 -0.164669  0.247804
111.583   1.10168 -0.164675  0.247786
111.584  1.10171 -0.16468 0.247771
111.585   1.10174 -0.164686  0.247754
111.586   1.10176 -0.164689  0.247745
111.587   1.10178 -0.164691  0.247737
111.588   1.10179 -0.164693  0.247732
111.59    1.1018 -0.164695  0.247727
111.591   1.10181 -0.164697  0.247721
111.592   1.10182 -0.164698  0.247718
111.593   1.10182 -0.164698  0.247716
111.594   1.10183 -0.164699  0.247714
111.595  1.10183  -0.1647 0.247712
111.597   1.10035 -0.164464  0.248422
111.598   1.09908 -0.164261   0.24903
111.599   1.09802 -0.164091  0.249543
111.6   1.09713 -0.163949  0.249971
111.601  1.09607 -0.16378  0.25048
111.602   1.09551 -0.163691  0.250746
111.604   1.09505 -0.163618  0.250965
111.605   1.09468 -0.163558  0.251145
111.606   1.09437 -0.163509  0.251293
111.607   1.09401 -0.163452  0.251466
111.608   1.09382 -0.163422  0.251556
111.609   1.09367 -0.163397   0.25163
111.611   1.09354 -0.163377   0.25169
111.612   1.09344 -0.163361  0.251739
111.613   1.09332 -0.163342  0.251797
111.614   1.09326 -0.163332  0.251827
111.615   1.09321 -0.163324  0.251851
111.616   1.09317 -0.163317  0.251871
111.618   1.09312 -0.163309  0.251895
111.619   1.09309 -0.163305  0.251907
111.62   1.09307 -0.163302  0.251917
111.621   1.09305 -0.163299  0.251925
111.622   1.09304 -0.163297  0.251932
111.623   1.09302 -0.163294   0.25194
111.625   1.09302 -0.163293  0.251944
111.626   1.09301 -0.163292  0.251947
111.627     1.093 -0.163291  0.251949
111.628    1.093 -0.16329 0.251952
111.629  1.09306  -0.1633 0.251944
111.63   1.09318 -0.163319  0.251928
111.631   1.09328 -0.163335  0.251914
111.633   1.09337 -0.163349  0.251902
111.634  1.09344 -0.16336 0.251893
111.635   1.0935 -0.16337 0.251884
111.636   1.09355 -0.163377  0.251878
111.637    1.0936 -0.163387   0.25187
111.638   1.09363 -0.163391  0.251865
111.64   1.09366 -0.163395  0.251862
111.641   1.09368 -0.163398  0.251859
111.642   1.09369 -0.163401  0.251857
111.643   1.09371 -0.163404  0.251854
111.644   1.09372 -0.163406  0.251853
111.645   1.09373 -0.163407  0.251851
111.647   1.09374 -0.163408  0.251851
111.648   1.09374 -0.163409   0.25185
111.649  1.09375 -0.16341 0.251849
111.65   1.09375 -0.163411  0.251848
111.651   1.09376 -0.163411  0.251848
111.652   1.09376 -0.163411  0.251847
111.654   1.09376 -0.163412  0.251847
111.655   1.09376 -0.163412  0.251847
111.656   1.09376 -0.163412  0.251847
111.657   1.09376 -0.163412  0.251846
111.658   1.09377 -0.163412  0.251846
111.659   1.09377 -0.163413  0.251846
111.661   1.09377 -0.163413  0.251846
111.662   1.09377 -0.163413  0.251846
111.663   1.09377 -0.163413  0.251846
111.664   1.09377 -0.163413  0.251846
111.665   1.09377 -0.163413  0.251846
111.666   1.09377 -0.163413  0.251846
111.667   1.09377 -0.163413  0.251846
111.669   1.09377 -0.163413  0.251846
111.67   1.09377 -0.163413  0.251846
111.671   1.09377 -0.163413  0.251845
111.672   1.09377 -0.163413  0.251845
111.673   1.09377 -0.163413  0.251845
111.674   1.09377 -0.163413  0.251845
111.676   1.09377 -0.163413  0.251845
111.677   1.09377 -0.163413  0.251845
111.678   1.09377 -0.163413  0.251845
111.679   1.09377 -0.163413  0.251845
111.68   1.09377 -0.163413  0.251845
111.681   1.09377 -0.163413  0.251845
111.683   1.09377 -0.163413  0.251845
111.684   1.09377 -0.163413  0.251845
111.685   1.09377 -0.163413  0.251845
111.686   1.09377 -0.163413  0.251845
111.687   1.09377 -0.163413  0.251845
111.688   1.09377 -0.163413  0.251844
111.69   1.09377 -0.163413  0.251844
111.691   1.09377 -0.163413  0.251844
111.692   1.09377 -0.163413  0.251844
111.693   1.09377 -0.163413  0.251844
111.694   1.09377 -0.163413  0.251844
111.695   1.09377 -0.163413  0.251844
111.697   1.09377 -0.163413  0.251844
111.698   1.09377 -0.163413  0.251844
111.699   1.09377 -0.163413  0.251844
111.7   1.09377 -0.163413  0.251844
111.701   1.09377 -0.163413  0.251844
111.702   1.09377 -0.163413  0.251844
111.704   1.09377 -0.163413  0.251844
111.705   1.09377 -0.163413  0.251844
111.706   1.09377 -0.163414  0.251844
111.707   1.09377 -0.163414  0.251844
111.708   1.09377 -0.163414  0.251844
111.709   1.09377 -0.163414  0.251844
111.71   1.09377 -0.163414  0.251844
111.712   1.09377 -0.163414  0.251844
111.713   1.09377 -0.163414  0.251844
111.714   1.09377 -0.163414  0.251844
111.715   1.09377 -0.163414  0.251843
111.716   1.09377 -0.163414  0.251843
111.717   1.09377 -0.163414  0.251843
111.719   1.09377 -0.163414  0.251843
111.72   1.09377 -0.163414  0.251843
111.721   1.09377 -0.163414  0.251843
111.722   1.09377 -0.163414  0.251843
111.723   1.09377 -0.163414  0.251843
111.724   1.09377 -0.163414  0.251843
111.726   1.09377 -0.163414  0.251843
111.727   1.09377 -0.163414  0.251843
111.728   1.09377 -0.163414  0.251843
111.729   1.09377 -0.163414  0.251844
111.73   1.09377 -0.163414  0.251845
111.731   1.09377 -0.163414  0.251845
111.732   1.09377 -0.163414  0.251846
111.734   1.09377 -0.163413  0.251846
111.735   1.09377 -0.163413  0.251846
111.736   1.09377 -0.163413  0.251846
111.737   1.09377 -0.163413  0.251847
111.739   1.09377 -0.163413  0.251847
111.74   1.09377 -0.163413  0.251847
111.741   1.09377 -0.163413  0.251847
111.742   1.09377 -0.163414  0.251847
111.743   1.09377 -0.163414  0.251847
111.745   1.09377 -0.163414  0.251847
111.746   1.09377 -0.163414  0.251847
111.747   1.09377 -0.163414  0.251847
111.748   1.09377 -0.163414  0.251847
111.749   1.09377 -0.163414  0.251847
111.75   1.09377 -0.163414  0.251847
111.752   1.09377 -0.163414  0.251847
111.753   1.09377 -0.163414  0.251847
111.754   1.09377 -0.163414  0.251847
111.755   1.09377 -0.163414  0.251847
111.756   1.09377 -0.163414  0.251847
111.757   1.09377 -0.163414  0.251846
111.759   1.09378 -0.163414  0.251846
111.76   1.09378 -0.163414  0.251846
111.761   1.09377 -0.163414  0.251846
111.762   1.09377 -0.163414  0.251847
111.763   1.09377 -0.163414  0.251847
111.764   1.09377 -0.163414  0.251847
111.766   1.09377 -0.163414  0.251847
111.767   1.09378 -0.163414  0.251846
111.768   1.09378 -0.163414  0.251846
111.769   1.09378 -0.163414  0.251846
111.77   1.09378 -0.163414  0.251846
111.771   1.09378 -0.163414  0.251846
111.772   1.09378 -0.163414  0.251846
111.774   1.09378 -0.163414  0.251846
111.775   1.09378 -0.163414  0.251846
111.776   1.09378 -0.163414  0.251846
111.777   1.09378 -0.163414  0.251846
111.778   1.09378 -0.163414  0.251846
111.779   1.09378 -0.163414  0.251846
111.781   1.09378 -0.163414  0.251846
111.782   1.09378 -0.163414  0.251846
111.783   1.09378 -0.163414  0.251846
111.784   1.09378 -0.163414  0.251846
111.785   1.09378 -0.163414  0.251846
111.786   1.09378 -0.163414  0.251846
111.788   1.09378 -0.163414  0.251846
111.789   1.09378 -0.163414  0.251846
111.79   1.09378 -0.163414  0.251845
111.791   1.09378 -0.163414  0.251845
111.792   1.09378 -0.163414  0.251845
111.793   1.09378 -0.163414  0.251845
111.795   1.09378 -0.163414  0.251845
111.796  1.09513 -0.16363 0.251152
111.797   1.09628 -0.163814   0.25056
111.798   1.09768 -0.164038  0.249842
111.799   1.09843 -0.164156  0.249462
111.8   1.09904 -0.164254  0.249147
111.802   1.09955 -0.164335  0.248888
111.803   1.09996 -0.164401  0.248675
111.804   1.10045 -0.164479  0.248424
111.805   1.1007 -0.16452 0.248294
111.806   1.10091 -0.164553  0.248187
111.807  1.10108 -0.16458   0.2481
111.809   1.10128 -0.164612  0.247997
111.81   1.10139 -0.164628  0.247944
111.811   1.10147 -0.164642  0.247901
111.812   1.10154 -0.164653  0.247865
111.813    1.1016 -0.164662  0.247836
111.814   1.10166 -0.164673  0.247802
111.822    1.1017 -0.164678  0.247785
111.824   1.10173 -0.164682   0.24777
111.825   1.10175 -0.164686  0.247759
111.826   1.10177 -0.164689  0.247749
111.827   1.10178 -0.164692  0.247741
111.828    1.1018 -0.164694  0.247732
111.829   1.10181 -0.164696  0.247728
111.83   1.10112 -0.164585  0.248083
111.832   1.09987 -0.164386  0.248722
111.833   1.09881 -0.164218  0.249264
111.834   1.09754 -0.164014  0.249917
111.835   1.09687 -0.163907  0.250261
111.836   1.09631 -0.163818  0.250546
111.837   1.09585 -0.163745   0.25078
111.839   1.09548 -0.163685  0.250973
111.84   1.09504 -0.163615  0.251199
111.841   1.09481 -0.163578  0.251317
111.842   1.09462 -0.163548  0.251413
111.843   1.09447 -0.163524  0.251492
111.844   1.09429 -0.163495  0.251584
111.846  1.09419 -0.16348 0.251632
111.847   1.09412 -0.163468  0.251671
111.848   1.09405 -0.163458  0.251704
111.849    1.094 -0.16345  0.25173
111.85  1.09394 -0.16344 0.251761
111.851   1.09391 -0.163435  0.251777
111.853   1.09389 -0.163431   0.25179
111.854   1.09386 -0.163428    0.2518
111.855   1.09385 -0.163425  0.251809
111.856   1.09383 -0.163422  0.251819
111.857  1.09382 -0.16342 0.251824
111.858   1.09381 -0.163419  0.251829
111.86    1.0938 -0.163418  0.251832
111.861  1.09468 -0.16364 0.251345
111.862   1.09577 -0.163914  0.250744
111.863   1.09635 -0.164061  0.250423
111.864   1.09683 -0.164183  0.250155
111.865   1.09723 -0.164284  0.249934
111.867   1.09756 -0.164367  0.249751
111.868   1.09795 -0.164465  0.249536
111.869   1.09815 -0.164516  0.249425
111.87   1.09832 -0.164558  0.249333
111.871   1.09845 -0.164592  0.249258
111.872  1.09856 -0.16462 0.249196
111.874   1.09869 -0.164653  0.249124
111.875  1.09876 -0.16467 0.249087
111.876   1.09882 -0.164684  0.249056
111.877   1.09886 -0.164696  0.249031
111.878    1.0989 -0.164705  0.249011
111.879   1.09894 -0.164716  0.248987
111.88   1.09897 -0.164722  0.248975
111.882   1.09898 -0.164726  0.248965
111.883    1.099 -0.16473 0.248956
111.884   1.09901 -0.164733  0.248949
111.885   1.09902 -0.164737  0.248942
111.886   1.09903 -0.164738  0.248938
111.887  1.09904 -0.16474 0.248934
111.888   1.09904 -0.164741  0.248932
111.889   1.09905 -0.164742  0.248929
111.89   1.09905 -0.164743  0.248927
111.892   1.09905 -0.164744  0.248926
111.893   1.09906 -0.164744  0.248924
111.894   1.09906 -0.164745  0.248924
111.895    1.0986 -0.164629  0.249177
111.896   1.09742 -0.164331  0.249831
111.897   1.09678 -0.164171  0.250184
111.899   1.09625 -0.164036  0.250479
111.9    1.0958 -0.163925  0.250724
111.901   1.09544 -0.163833  0.250926
111.902   1.09501 -0.163724  0.251164
111.903   1.09478 -0.163668  0.251288
111.904    1.0946 -0.163622   0.25139
111.906   1.09445 -0.163584  0.251473
111.907   1.09427 -0.163539  0.251571
111.908   1.09418 -0.163516  0.251621
111.909   1.09411 -0.163497  0.251663
111.91   1.09404 -0.163482  0.251697
111.911   1.09399 -0.163469  0.251725
111.912   1.09394 -0.163454  0.251757
111.914   1.09391 -0.163446  0.251774
111.915  1.09388 -0.16344 0.251788
111.916   1.09386 -0.163435  0.251799
111.917   1.09384 -0.163431  0.251809
111.918   1.09382 -0.163426  0.251819
111.919   1.09381 -0.163423  0.251825
111.921   1.09381 -0.163421  0.251829
111.922    1.0938 -0.163419  0.251833
111.923   1.09379 -0.163418  0.251836
111.924   1.09379 -0.163416   0.25184
111.925   1.09378 -0.163416  0.251842
111.926   1.09378 -0.163415  0.251843
111.928  1.09424 -0.16353  0.25159
111.929   1.09506 -0.163737  0.251137
111.93   1.09606 -0.163989  0.250584
111.931   1.09659 -0.164123  0.250289
111.932   1.09703 -0.164234  0.250045
111.933    1.0974 -0.164326  0.249843
111.935    1.0977 -0.164402  0.249677
111.936   1.09805 -0.164491  0.249481
111.937   1.09823 -0.164537   0.24938
111.938   1.09838 -0.164575  0.249296
111.939   1.09851 -0.164606  0.249228
111.94   1.09865 -0.164642  0.249148
111.941   1.09873 -0.164661  0.249107
111.943   1.09879 -0.164676  0.249073
111.944   1.09884 -0.164689  0.249045
111.945   1.09888 -0.164699  0.249023
111.946   1.09893 -0.164712  0.248996
111.947   1.09895 -0.164718  0.248982
111.948   1.09897 -0.164723  0.248971
111.95   1.09899 -0.164727  0.248962
111.951    1.099 -0.16473 0.248954
111.952   1.09902 -0.164734  0.248946
111.953   1.09903 -0.164736  0.248941
111.954   1.09903 -0.164738  0.248937
111.955  1.09904 -0.16474 0.248934
111.957   1.09904 -0.164741  0.248932
111.958   1.09905 -0.164742  0.248929
111.959   1.09905 -0.164743  0.248928
111.96   1.09859 -0.164627  0.249181
111.961   1.09777 -0.164421  0.249634
111.962   1.09708 -0.164246  0.250019
111.964   1.09624 -0.164035  0.250482
111.965    1.0958 -0.163923  0.250726
111.966   1.09544 -0.163831  0.250928
111.967   1.09513 -0.163755  0.251094
111.968   1.09489 -0.163693  0.251231
111.969   1.0946 -0.16362 0.251392
111.971   1.09445 -0.163582  0.251475
111.972   1.09432 -0.163551  0.251543
111.973   1.09422 -0.163525  0.251599
111.974   1.09414 -0.163504  0.251645
111.975  1.09404 -0.16348 0.251699
111.976   1.09399 -0.163467  0.251727
111.977   1.09395 -0.163457  0.251749
111.979   1.09392 -0.163448  0.251768
111.98   1.09388 -0.163439   0.25179
111.981   1.09386 -0.163433  0.251801
111.982   1.09384 -0.163429   0.25181
111.983   1.09383 -0.163426  0.251818
111.984   1.09382 -0.163423  0.251824
111.986   1.09381 -0.163421  0.251829
111.987    1.0938 -0.163418  0.251835
111.988   1.09379 -0.163417  0.251838
111.989   1.09379 -0.163415   0.25184
111.99   1.09378 -0.163414  0.251842
111.991   1.09378 -0.163414  0.251844
111.993   1.09378 -0.163413  0.251846
111.994   1.09377 -0.163412  0.251847
111.995   1.09377 -0.163412  0.251848
111.996   1.09377 -0.163412  0.251849
111.997   1.09377 -0.163411  0.251849
111.998   1.09377 -0.163411   0.25185
112   1.09377 -0.163411   0.25185
112.001   1.09377 -0.163411   0.25185
112.002   1.09377 -0.163411  0.251851
112.003   1.09377 -0.163411  0.251851
112.004   1.09377 -0.163411  0.251851
112.005   1.09377 -0.163411  0.251851
112.007   1.09377 -0.163411  0.251851
112.008   1.09377 -0.163411  0.251851
112.009   1.09377 -0.163411  0.251851
112.01   1.09377 -0.163411  0.251851
112.011   1.09377 -0.163411  0.251851
112.012   1.09377 -0.163411  0.251851
112.013   1.09377 -0.163411  0.251851
112.015   1.09377 -0.163411  0.251851
112.016   1.09377 -0.163411  0.251851
112.017   1.09377 -0.163411  0.251851
112.018   1.09377 -0.163411  0.251851
112.019   1.09377 -0.163411  0.251851
112.02   1.09377 -0.163411  0.251851
112.022   1.09377 -0.163411  0.251851
112.023   1.09377 -0.163411  0.251851
112.024   1.09377 -0.163411   0.25185
112.025   1.09377 -0.163411   0.25185
112.026   1.09377 -0.163411   0.25185
112.027   1.09377 -0.163411   0.25185
112.029   1.09377 -0.163411   0.25185
112.03   1.09392 -0.163437  0.251792
112.031   1.09419 -0.163484  0.251688
112.032   1.09453 -0.163541  0.251561
112.033   1.09471 -0.163572  0.251494
112.034   1.09485 -0.163597  0.251438
112.036   1.09497 -0.163618  0.251391
112.037   1.09507 -0.163635  0.251353
112.038   1.09519 -0.163655  0.251308
112.039   1.09525 -0.163666  0.251285
112.04    1.0953 -0.163674  0.251266
112.041   1.09534 -0.163681   0.25125
112.043   1.09538 -0.163687  0.251237
112.044   1.09542 -0.163694  0.251222
112.045   1.09544 -0.163698  0.251214
112.046  1.09545  -0.1637 0.251208
112.047   1.09547 -0.163703  0.251202
112.048   1.09548 -0.163705  0.251198
112.05   1.09549 -0.163707  0.251193
112.051    1.0955 -0.163708   0.25119
112.052   1.09551 -0.163709  0.251188
112.053  1.09551 -0.16371 0.251187
112.054   1.09551 -0.163711  0.251185
112.055   1.09552 -0.163711  0.251183
112.056   1.09552 -0.163712  0.251183
112.058   1.09552 -0.163712  0.251182
112.059   1.09552 -0.163712  0.251181
112.06   1.09553 -0.163713   0.25118
112.061   1.09553 -0.163713   0.25118
112.062   1.09553 -0.163713   0.25118
112.063   1.09553 -0.163713   0.25118
112.065   1.09553 -0.163713  0.251179
112.066   1.09553 -0.163713  0.251179
112.067   1.09553 -0.163713  0.251179
112.068   1.09553 -0.163713  0.251179
112.069   1.09553 -0.163713  0.251179
112.07   1.09553 -0.163713  0.251179
112.072   1.09553 -0.163713  0.251179
112.073   1.09553 -0.163713  0.251179
112.074   1.09553 -0.163713  0.251179
112.075   1.09553 -0.163713  0.251179
112.076   1.09553 -0.163713  0.251179
112.077   1.09553 -0.163713  0.251178
112.079   1.09553 -0.163713  0.251178
112.08   1.09553 -0.163713  0.251178
112.081   1.09553 -0.163713  0.251178
112.082   1.09553 -0.163713  0.251178
112.083   1.09553 -0.163713  0.251178
112.084   1.09553 -0.163713  0.251178
112.086   1.09553 -0.163713  0.251178
112.087   1.09553 -0.163713  0.251178
112.088   1.09553 -0.163713  0.251178
112.089   1.09553 -0.163713  0.251178
112.09   1.09553 -0.163714  0.251178
112.091   1.09553 -0.163714  0.251178
112.092   1.09553 -0.163714  0.251178
112.094   1.09553 -0.163714  0.251178
112.095   1.09553 -0.163714  0.251178
112.096   1.09553 -0.163714  0.251178
112.097   1.09553 -0.163714  0.251178
112.098   1.09553 -0.163714  0.251178
112.099   1.09553 -0.163714  0.251178
112.101   1.09553 -0.163714  0.251178
112.102   1.09553 -0.163714  0.251178
112.103   1.09553 -0.163714  0.251178
112.104   1.09553 -0.163714  0.251178
112.105   1.09553 -0.163714  0.251178
112.106   1.09553 -0.163714  0.251178
112.108   1.09553 -0.163714  0.251178
112.109   1.09553 -0.163714  0.251178
112.11   1.09553 -0.163714  0.251178
112.111   1.09553 -0.163714  0.251178
112.112   1.09553 -0.163714  0.251178
112.113   1.09553 -0.163714  0.251178
112.115   1.09553 -0.163714  0.251178
112.116   1.09553 -0.163714  0.251178
112.117   1.09553 -0.163714  0.251178
112.118   1.09553 -0.163714  0.251178
112.119   1.09553 -0.163714  0.251178
112.12   1.09553 -0.163714  0.251178
112.122   1.09553 -0.163714  0.251178
112.123   1.09553 -0.163714  0.251178
112.124   1.09553 -0.163714  0.251178
112.125   1.09553 -0.163714  0.251178
112.126   1.09553 -0.163714  0.251178
112.127   1.09553 -0.163714  0.251178
112.128   1.09553 -0.163714  0.251178
112.13   1.09553 -0.163714  0.251178
112.131   1.09553 -0.163714  0.251178
112.132   1.09553 -0.163714  0.251178
112.133   1.09553 -0.163714  0.251178
112.134   1.09553 -0.163714  0.251178
112.135   1.09553 -0.163714  0.251178
112.137   1.09553 -0.163714  0.251178
112.138   1.09553 -0.163714  0.251178
112.139   1.09553 -0.163714  0.251178
112.14   1.09553 -0.163714  0.251178
112.141   1.09553 -0.163714  0.251178
112.142   1.09553 -0.163714  0.251178
112.144   1.09553 -0.163714  0.251178
112.145   1.09553 -0.163714  0.251178
112.146   1.09553 -0.163714  0.251178
112.147   1.09553 -0.163714  0.251178
112.148   1.09553 -0.163714  0.251178
112.149   1.09553 -0.163714  0.251178
112.151   1.09553 -0.163714  0.251178
112.152   1.09553 -0.163714  0.251178
112.153   1.09553 -0.163714  0.251178
112.154   1.09553 -0.163714  0.251178
112.155   1.09553 -0.163714  0.251178
112.156   1.09553 -0.163714  0.251178
112.157   1.09553 -0.163714  0.251178
112.159   1.09553 -0.163714  0.251178
112.16   1.09553 -0.163714  0.251178
112.161   1.09584 -0.163803  0.250982
112.162   1.09663 -0.164034  0.250476
112.163   1.09705 -0.164159  0.250204
112.164   1.09741 -0.164262  0.249976
112.166   1.09771 -0.164349  0.249787
112.167  1.09795 -0.16442 0.249632
112.168   1.09815 -0.164479  0.249503
112.169   1.09839 -0.164547  0.249352
112.17   1.09851 -0.164583  0.249274
112.171   1.09861 -0.164613  0.249209
112.173   1.09869 -0.164637  0.249157
112.174   1.09876 -0.164656  0.249114
112.175  1.09884 -0.16468 0.249063
112.176   1.09888 -0.164691  0.249037
112.177   1.09891 -0.164701  0.249016
112.178   1.09894 -0.164709  0.248998
112.18   1.09896 -0.164716  0.248984
112.181   1.09899 -0.164723  0.248967
112.182     1.099 -0.164727  0.248958
112.183   1.09901 -0.164731  0.248951
112.184   1.09902 -0.164733  0.248946
112.185   1.09903 -0.164735  0.248941
112.187   1.09904 -0.164738  0.248935
112.188   1.09904 -0.164739  0.248933
112.189  1.09905 -0.16474  0.24893
112.19   1.09905 -0.164741  0.248928
112.191   1.09905 -0.164742  0.248926
112.192   1.09906 -0.164743  0.248925
112.193   1.09826 -0.164631  0.249335
112.195   1.09683 -0.164431   0.25007
112.196   1.09562 -0.164261  0.250693
112.197   1.09416 -0.164057  0.251443
112.198   1.09339 -0.163949  0.251839
112.199  1.09276 -0.16386 0.252166
112.2   1.09223 -0.163787  0.252435
112.202    1.0918 -0.163727  0.252656
112.203    1.0913 -0.163656  0.252916
112.204   1.09104 -0.163619  0.253051
112.205   1.09082 -0.163589  0.253162
112.206   1.09065 -0.163564  0.253252
112.207    1.0905 -0.163544  0.253326
112.209  1.09033 -0.16352 0.253413
112.21   1.09025 -0.163508  0.253458
112.211   1.09017 -0.163498  0.253495
112.212  1.09012 -0.16349 0.253525
112.213   1.09007 -0.163483   0.25355
112.214   1.09001 -0.163475  0.253579
112.216   1.08998 -0.163471  0.253593
112.217   1.08996 -0.163468  0.253606
112.218   1.08994 -0.163465  0.253616
112.219   1.08992 -0.163463  0.253624
112.22  1.08991 -0.16346 0.253633
112.221    1.0899 -0.163459  0.253638
112.223   1.08989 -0.163458  0.253642
112.224   1.08988 -0.163457  0.253645
112.225   1.08988 -0.163456  0.253648
112.226   1.08987 -0.163455  0.253651
112.227   1.08987 -0.163455  0.253652
112.228   1.08987 -0.163454  0.253654
112.229   1.09015 -0.163537  0.253498
112.231   1.09065 -0.163686   0.25322
112.232   1.09108 -0.163812  0.252983
112.233   1.09159 -0.163963  0.252698
112.234   1.09186 -0.164043  0.252548
112.235   1.09209 -0.164109  0.252424
112.236   1.09227 -0.164163  0.252321
112.238   1.09242 -0.164208  0.252237
112.239    1.0926 -0.164261  0.252138
112.24    1.0927 -0.164288  0.252087
112.241  1.09277 -0.16431 0.252045
112.242   1.09283 -0.164329   0.25201
112.243   1.09288 -0.164344  0.251982
112.244   1.09294 -0.164361  0.251949
112.245  1.09298 -0.16437 0.251932
112.246     1.093 -0.164378  0.251918
112.248   1.09302 -0.164384  0.251906
112.249   1.09305 -0.164391  0.251893
112.25   1.09306 -0.164394  0.251886
112.251   1.09307 -0.164397   0.25188
112.252  1.09308  -0.1644 0.251875
112.253   1.09309 -0.164402  0.251871
112.255   1.09309 -0.164404  0.251867
112.256    1.0931 -0.164405  0.251864
112.257    1.0931 -0.164406  0.251863
112.258    1.0931 -0.164407  0.251861
112.259   1.09311 -0.164408   0.25186
112.26   1.09311 -0.164409  0.251858
112.262   1.09363 -0.164601  0.251569
112.263   1.09407 -0.164766  0.251322
112.264   1.09444 -0.164904  0.251113
112.265  1.09476 -0.16502 0.250939
112.266   1.09513 -0.165158  0.250732
112.267  1.09532 -0.16523 0.250623
112.268   1.09548 -0.165289  0.250534
112.27   1.09561 -0.165337  0.250461
112.271   1.09572 -0.165377  0.250401
112.272   1.09585 -0.165424  0.250331
112.273   1.09591 -0.165448  0.250294
112.274   1.09596 -0.165468  0.250264
112.275   1.09601 -0.165484   0.25024
112.277   1.09604 -0.165498   0.25022
112.278   1.09609 -0.165513  0.250196
112.279   1.09611 -0.165521  0.250184
112.28   1.09613 -0.165528  0.250174
112.281   1.09614 -0.165533  0.250166
112.282   1.09615 -0.165537  0.250159
112.284   1.09617 -0.165542  0.250152
112.285   1.09617 -0.165545  0.250148
112.286   1.09618 -0.165547  0.250144
112.287   1.09618 -0.165549  0.250142
112.288   1.09619 -0.165551  0.250138
112.289   1.09619 -0.165552  0.250137
112.291    1.0962 -0.165553  0.250136
112.292    1.0962 -0.165553  0.250135
112.293    1.0962 -0.165554  0.250134
112.294    1.0962 -0.165555  0.250133
112.295   1.09659 -0.165778   0.24991
112.296   1.09693 -0.165968   0.24972
112.297   1.09721 -0.166129   0.24956
112.299   1.09745 -0.166263  0.249427
112.3   1.09773 -0.166422  0.249268
112.301   1.09788 -0.166505  0.249185
112.302     1.098 -0.166574  0.249117
112.303   1.0981 -0.16663  0.24906
112.304   1.09818 -0.166676  0.249014
112.306  1.09827 -0.16673 0.248961
112.307   1.09832 -0.166758  0.248933
112.308   1.09836 -0.166781   0.24891
112.309   1.0984  -0.1668 0.248891
112.31   1.09842 -0.166815  0.248876
112.311   1.09845 -0.166833  0.248858
112.313   1.09847 -0.166842  0.248849
112.314  1.09848 -0.16685 0.248841
112.315    1.0985 -0.166856  0.248835
112.316    1.0985 -0.166861   0.24883
112.317   1.09851 -0.166865  0.248826
112.318  1.09852 -0.16687 0.248821
112.32   1.09852 -0.166872  0.248819
112.321   1.09853 -0.166874  0.248817
112.322   1.09853 -0.166876  0.248815
112.323   1.09853 -0.166877  0.248813
112.324   1.09854 -0.166878  0.248812
112.325   1.09854 -0.166879  0.248811
112.327  1.09854 -0.16688 0.248811
112.328  1.09854 -0.16688  0.24881
112.329   1.09889 -0.167225  0.248662
112.33  1.09918 -0.16752 0.248536
112.331   1.09943 -0.167768  0.248429
112.332   1.09964 -0.167975  0.248341
112.334   1.09981 -0.168147  0.248267
112.335  1.10002 -0.16835  0.24818
112.336   1.10012 -0.168456  0.248135
112.337   1.10021 -0.168543  0.248098
112.338   1.10028 -0.168614  0.248067
112.339   1.10034 -0.168672  0.248042
112.341   1.10041 -0.168741  0.248013
112.342   1.10045 -0.168776  0.247998
112.343   1.10048 -0.168805  0.247986
112.344    1.1005 -0.168829  0.247976
112.345   1.10052 -0.168848  0.247968
112.346  1.10054 -0.16887 0.247958
112.347   1.10055 -0.168882  0.247953
112.349   1.10056 -0.168892  0.247949
112.35   1.10057 -0.168899  0.247946
112.351   1.10058 -0.168908  0.247942
112.352   1.10058 -0.168913   0.24794
112.353   1.10059 -0.168917  0.247938
112.354  1.10059 -0.16892 0.247937
112.356   1.10059 -0.168922  0.247936
112.357   1.10059 -0.168924  0.247935
112.358    1.1006 -0.168926  0.247934
112.359   1.09991 -0.168876  0.248334
112.36   1.09869 -0.168785   0.24905
112.361   1.09765 -0.168707  0.249657
112.363   1.09678 -0.168641  0.250166
112.364   1.09574 -0.168563  0.250774
112.365   1.09519 -0.168522  0.251092
112.366   1.09474 -0.168488  0.251355
112.367  1.09437 -0.16846  0.25157
112.368   1.09394 -0.168427  0.251824
112.37   1.09372 -0.168409  0.251955
112.371   1.09353 -0.168395  0.252063
112.372   1.09338 -0.168384  0.252151
112.373   1.09326 -0.168374  0.252224
112.374   1.09311 -0.168363  0.252308
112.375   1.09304 -0.168357  0.252352
112.377   1.09297 -0.168352  0.252388
112.378   1.09292 -0.168348  0.252417
112.379   1.09288 -0.168345  0.252441
112.38   1.09283 -0.168341  0.252469
112.381   1.09281 -0.168339  0.252484
112.382   1.09279 -0.168337  0.252496
112.384   1.09277 -0.168336  0.252506
112.385   1.09275 -0.168334  0.252517
112.386   1.09274 -0.168333  0.252523
112.387   1.09274 -0.168332  0.252528
112.388   1.09273 -0.168332  0.252532
112.389   1.09272 -0.168331  0.252535
112.39  1.09272 -0.16833 0.252538
112.392  1.09271 -0.16833  0.25254
112.393  1.09271 -0.16833 0.252542
112.394   1.09271 -0.168329  0.252543
112.395   1.09321 -0.168534  0.252263
112.396   1.09451 -0.169062  0.251539
112.397    1.0952 -0.169346  0.251149
112.399   1.09579 -0.169583  0.250823
112.4   1.09627 -0.169779  0.250552
112.401   1.09667 -0.169942  0.250329
112.402   1.09714 -0.170133  0.250065
112.403   1.09739 -0.170232  0.249928
112.404   1.09759 -0.170314  0.249816
112.406   1.09775 -0.170381  0.249724
112.407   1.09789 -0.170435  0.249648
112.408   1.09805 -0.170499   0.24956
112.409   1.09813 -0.170532  0.249514
112.41    1.0982 -0.170559  0.249476
112.411   1.09825 -0.170582  0.249445
112.413  1.0983 -0.1706 0.24942
112.414   1.09835 -0.170621  0.249391
112.415   1.09838 -0.170632  0.249376
112.416   1.0984 -0.17064 0.249363
112.417   1.09842 -0.170648  0.249353
112.418   1.09844 -0.170656  0.249341
112.42  1.09845 -0.17066 0.249335
112.421   1.09846 -0.170664   0.24933
112.422   1.09847 -0.170666  0.249326
112.423   1.09847 -0.170669  0.249322
112.424   1.09848 -0.170671  0.249318
112.425   1.09848 -0.170672  0.249316
112.426   1.09848 -0.170673  0.249315
112.428   1.09849 -0.170674  0.249313
112.429   1.09849 -0.170675  0.249312
112.43     1.098 -0.170902  0.249572
112.431   1.09773 -0.171025  0.249714
112.432    1.0975 -0.171128  0.249833
112.433   1.09731 -0.171214  0.249932
112.435   1.09716 -0.171284  0.250014
112.436   1.09697 -0.171367   0.25011
112.437  1.09688 -0.17141 0.250161
112.438    1.0968 -0.171446  0.250202
112.439   1.09673 -0.171475  0.250236
112.44   1.09668 -0.171498  0.250264
112.442   1.09662 -0.171526  0.250296
112.443  1.09659 -0.17154 0.250313
112.444   1.09656 -0.171552  0.250327
112.445   1.09654 -0.171561  0.250338
112.446   1.09651 -0.171572  0.250352
112.447    1.0965 -0.171578  0.250359
112.449   1.09649 -0.171583  0.250364
112.45   1.09648 -0.171586  0.250369
112.451   1.09647 -0.171589  0.250373
112.452   1.09647 -0.171593  0.250377
112.453   1.09646 -0.171594  0.250379
112.454   1.09646 -0.171596  0.250381
112.456   1.09645 -0.171597  0.250383
112.457   1.09645 -0.171598  0.250384
112.458   1.09645 -0.171598  0.250386
112.459   1.09645 -0.171599  0.250386
112.46   1.09645 -0.171599  0.250387
112.461   1.09645 -0.171599  0.250388
112.463   1.09686 -0.172016  0.250148
112.464   1.09736 -0.172528  0.249853
112.465   1.09763 -0.172801  0.249696
112.466   1.09786 -0.173029  0.249564
112.467   1.09805 -0.173217  0.249456
112.468   1.09827 -0.173439  0.249328
112.47   1.09838 -0.173554  0.249261
112.471   1.09848 -0.173649  0.249206
112.472   1.09855 -0.173726  0.249161
112.473  1.09862 -0.17379 0.249124
112.474   1.09869 -0.173864  0.249081
112.475   1.09873 -0.173902  0.249059
112.476   1.09876 -0.173934  0.249041
112.478   1.09879 -0.173959  0.249026
112.479  1.09881 -0.17398 0.249013
112.48   1.09883 -0.174005  0.248999
112.481   1.09884 -0.174017  0.248992
112.482   1.09886 -0.174027  0.248986
112.483   1.09886 -0.174036  0.248981
112.485   1.09887 -0.174043  0.248977
112.486  1.09888 -0.17405 0.248972
112.487   1.09888 -0.174054   0.24897
112.488   1.09889 -0.174057  0.248968
112.489  1.09889 -0.17406 0.248966
112.49   1.09889 -0.174062  0.248965
112.492   1.09889 -0.174064  0.248963
112.493   1.09889 -0.174065  0.248963
112.494   1.09844 -0.174288  0.249307
112.495   1.09804 -0.174478  0.249602
112.496   1.09771 -0.174637   0.24985
112.497   1.09732 -0.174828  0.250148
112.499   1.09711 -0.174928  0.250305
112.5  1.09694 -0.17501 0.250434
112.501    1.0968 -0.175078   0.25054
112.502   1.09668 -0.175133  0.250627
112.503   1.09654 -0.175198   0.25073
112.504   1.09647 -0.175231  0.250783
112.505   1.09641 -0.175258  0.250826
112.507   1.09637 -0.175281  0.250862
112.508   1.09631 -0.175307  0.250904
112.509  1.09628 -0.17532 0.250926
112.51   1.09626 -0.175331  0.250943
112.511  1.09624 -0.17534 0.250958
112.512   1.09622 -0.175347   0.25097
112.514    1.0962 -0.175355  0.250984
112.515  1.09619 -0.17536 0.250991
112.516   1.09619 -0.175363  0.250997
112.517   1.09618 -0.175366  0.251001
112.518   1.09618 -0.175368  0.251005
112.519  1.09617 -0.17537  0.25101
112.521   1.09617 -0.175371  0.251012
112.522   1.09616 -0.175372  0.251014
112.523   1.09616 -0.175373  0.251016
112.524   1.09616 -0.175373  0.251017
112.525   1.09616 -0.175374  0.251019
112.526   1.09616 -0.175374  0.251019
112.528   1.09616 -0.175374   0.25102
112.529   1.09615 -0.175374  0.251021
112.53   1.09615 -0.175374  0.251021
112.531   1.09615 -0.175374  0.251022
112.532   1.09499 -0.175632  0.251641
112.533     1.094 -0.175852  0.252172
112.534   1.09317 -0.176038  0.252618
112.536   1.09247 -0.176192  0.252991
112.537   1.09164 -0.176375  0.253435
112.538  1.09121 -0.17647 0.253666
112.539   1.09085 -0.176548  0.253857
112.54   1.09056 -0.176613  0.254014
112.541   1.09031 -0.176665  0.254142
112.543   1.09003 -0.176727  0.254293
112.544   1.08989 -0.176759  0.254371
112.545   1.08977 -0.176785  0.254435
112.546   1.08967 -0.176806  0.254487
112.547   1.08959 -0.176823   0.25453
112.548   1.08949 -0.176843   0.25458
112.55   1.08945 -0.176854  0.254606
112.551   1.08941 -0.176862  0.254627
112.552   1.08937 -0.176869  0.254645
112.553   1.08935 -0.176874  0.254659
112.554   1.08932 -0.176881  0.254675
112.555    1.0893 -0.176884  0.254684
112.557   1.08929 -0.176886  0.254691
112.558   1.08928 -0.176888  0.254696
112.559  1.08927 -0.17689 0.254701
112.56   1.08926 -0.176892  0.254706
112.561   1.08925 -0.176892  0.254709
112.562   1.09069 -0.177501  0.253754
112.563   1.09191 -0.178021  0.252938
112.565   1.09295 -0.178459  0.252249
112.566   1.09419 -0.178982  0.251424
112.567   1.09484 -0.179257   0.25099
112.568   1.09538 -0.179484  0.250632
112.569  1.09582 -0.17967 0.250338
112.57   1.09618 -0.179823  0.250096
112.572   1.09661 -0.180002  0.249812
112.573   1.09683 -0.180094  0.249665
112.574  1.09701 -0.18017 0.249544
112.575   1.09716 -0.180232  0.249446
112.576   1.09728 -0.180283  0.249365
112.577   1.09742 -0.180343   0.24927
112.579    1.0975 -0.180373  0.249221
112.58   1.09756 -0.180398   0.24918
112.581   1.09761 -0.180418  0.249148
112.582   1.09765 -0.180435  0.249121
112.583    1.0977 -0.180454  0.249089
112.584   1.09772 -0.180464  0.249073
112.586   1.09774 -0.180472  0.249059
112.587   1.09776 -0.180478  0.249049
112.588   1.09777 -0.180484   0.24904
112.589   1.09779 -0.180489  0.249029
112.59   1.09779 -0.180492  0.249024
112.591    1.0978 -0.180495  0.249019
112.592   1.09781 -0.180496  0.249016
112.594   1.09781 -0.180498  0.249013
112.594   1.09782 -0.180499   0.24901
112.595    1.0974 -0.180828  0.249172
112.597   1.09704 -0.181108  0.249311
112.598   1.09673 -0.181343  0.249428
112.599   1.09648 -0.181539  0.249526
112.6   1.09618 -0.181772  0.249642
112.601   1.09602 -0.181893  0.249703
112.602   1.09589 -0.181992  0.249753
112.604   1.09578 -0.182074  0.249794
112.605    1.0957 -0.182141  0.249828
112.606   1.09559 -0.182219  0.249868
112.607   1.09554 -0.182259  0.249888
112.608    1.0955 -0.182292  0.249905
112.609   1.09546 -0.182319  0.249919
112.611  1.09542 -0.18235 0.249935
112.612    1.0954 -0.182366  0.249944
112.613   1.09538 -0.182379  0.249951
112.614  1.09537 -0.18239 0.249956
112.615   1.09535 -0.182399  0.249961
112.616   1.09534 -0.182408  0.249966
112.618   1.09533 -0.182413  0.249969
112.619   1.09533 -0.182417  0.249972
112.62   1.09532 -0.182421  0.249973
112.621   1.09532 -0.182424  0.249976
112.622   1.09531 -0.182426  0.249977
112.623   1.09531 -0.182427  0.249978
112.625   1.09531 -0.182428  0.249979
112.626   1.09531 -0.182429  0.249979
112.627   1.09531 -0.182429   0.24998
112.628  1.09531 -0.18243  0.24998
112.629  1.09531 -0.18243 0.249981
112.63   1.09337 -0.182753  0.250818
112.632   1.09171 -0.183028  0.251534
112.633   1.08971 -0.183361  0.252401
112.634   1.08865 -0.183536  0.252861
112.635   1.08777 -0.183681  0.253241
112.636  1.08704  -0.1838 0.253554
112.637   1.08645 -0.183898  0.253812
112.639   1.08575 -0.184013  0.254115
112.64   1.08538 -0.184072  0.254272
112.641  1.08508 -0.18412 0.254401
112.642  1.08484 -0.18416 0.254507
112.643   1.08464 -0.184192  0.254593
112.644  1.08441 -0.18423 0.254695
112.646  1.08429 -0.18425 0.254747
112.647   1.08419 -0.184265   0.25479
112.648   1.08411 -0.184278  0.254825
112.649   1.08404 -0.184288  0.254854
112.65  1.08396  -0.1843 0.254887
112.651   1.08392 -0.184306  0.254904
112.653   1.08389 -0.184311  0.254919
112.654   1.08386 -0.184315   0.25493
112.655  1.08383 -0.18432 0.254944
112.656   1.08382 -0.184322  0.254951
112.657    1.0838 -0.184323  0.254956
112.658   1.08379 -0.184325  0.254961
112.66   1.08378 -0.184325  0.254965
112.661   1.08377 -0.184326  0.254969
112.662   1.08426 -0.185283  0.254459
112.663  1.08468  -0.1861 0.254023
112.664   1.08504 -0.186787  0.253654
112.665   1.08534 -0.187361  0.253347
112.666   1.08569 -0.188042  0.252981
112.668   1.08587 -0.188398   0.25279
112.669   1.08603 -0.188691  0.252632
112.67   1.08615 -0.188931  0.252503
112.671   1.08626 -0.189128  0.252397
112.672   1.08638 -0.189358  0.252272
112.673   1.08644 -0.189478  0.252207
112.675   1.08649 -0.189575  0.252154
112.676   1.08653 -0.189655  0.252111
112.677  1.08657 -0.18972 0.252075
112.678   1.08661 -0.189796  0.252034
112.679   1.08663 -0.189836  0.252012
112.68   1.08665 -0.189868  0.251994
112.682   1.08666 -0.189894   0.25198
112.683   1.08667 -0.189915  0.251968
112.684   1.08669 -0.189939  0.251954
112.685    1.0867 -0.189952  0.251947
112.686    1.0867 -0.189962  0.251941
112.687  1.08671 -0.18997 0.251936
112.689   1.08671 -0.189979   0.25193
112.69   1.08672 -0.189984  0.251927
112.691   1.08672 -0.189988  0.251925
112.692   1.08672 -0.189991  0.251923
112.693   1.08672 -0.189993  0.251921
112.694   1.08672 -0.189995  0.251919
112.696   1.08504 -0.190629  0.252611
112.697   1.0836 -0.19117 0.253203
112.698   1.08239 -0.191624  0.253701
112.699   1.08138 -0.192003  0.254118
112.7   1.08018 -0.192452  0.254612
112.701   1.07955 -0.192687  0.254871
112.702   1.07904 -0.192879  0.255084
112.704   1.07861 -0.193037  0.255259
112.705   1.07826 -0.193167  0.255402
112.706   1.07786 -0.193318   0.25557
112.707   1.07765 -0.193397  0.255657
112.708   1.07747 -0.193461  0.255729
112.709   1.07733 -0.193513  0.255787
112.711   1.07722 -0.193555  0.255835
112.712   1.07708 -0.193605  0.255891
112.713  1.07701 -0.19363  0.25592
112.714   1.07695 -0.193651  0.255943
112.715   1.07691 -0.193668  0.255963
112.716   1.07687 -0.193682  0.255978
112.718   1.07682 -0.193697  0.255997
112.719    1.0768 -0.193705  0.256006
112.72   1.07678 -0.193711  0.256014
112.721   1.07677 -0.193716   0.25602
112.722  1.07676 -0.19372 0.256025
112.723   1.07674 -0.193725  0.256031
112.725   1.07673 -0.193727  0.256034
112.726   1.07673 -0.193728  0.256037
112.727   1.07672 -0.193729  0.256039
112.728  1.07672 -0.19373  0.25604
112.729   1.07733 -0.195156  0.255242
112.73   1.07785 -0.196373  0.254559
112.732   1.07829 -0.197398  0.253983
112.733   1.07866 -0.198252  0.253501
112.734   1.07911 -0.199267  0.252929
112.735   1.07934 -0.199798  0.252629
112.736   1.07953 -0.200234  0.252383
112.738   1.07975 -0.200746  0.252093
112.739   1.07987 -0.201011  0.251943
112.74   1.07996 -0.201229  0.251819
112.741   1.08004 -0.201406  0.251718
112.742    1.0801 -0.201552  0.251635
112.744   1.08016 -0.201671  0.251567
112.745    1.0802 -0.201768  0.251512
112.746   1.08024 -0.201847  0.251466
112.747   1.08027 -0.201912  0.251429
112.748    1.0803 -0.201988  0.251385
112.749   1.08032 -0.202026  0.251363
112.751   1.08033 -0.202058  0.251344
112.752   1.08035 -0.202084  0.251329
112.753   1.08036 -0.202105  0.251317
112.754   1.08036 -0.202121  0.251307
112.755   1.08037 -0.202135  0.251298
112.756   1.08038 -0.202146  0.251292
112.758   1.08038 -0.202154  0.251286
112.759   1.08039 -0.202161  0.251281
112.76   1.08039 -0.202167  0.251278
112.761   1.08027 -0.202665  0.251161
112.762   1.08006 -0.203545  0.250958
112.763  1.07988 -0.20429 0.250787
112.765   1.07973 -0.204913  0.250642
112.766    1.0796 -0.205431  0.250522
112.767   1.07946 -0.206043   0.25038
112.768   1.07938 -0.206363  0.250306
112.769   1.07932 -0.206625  0.250245
112.77   1.07927 -0.206839  0.250195
112.772   1.07921 -0.207091  0.250136
112.773   1.07917 -0.207221  0.250106
112.774   1.07915 -0.207327  0.250081
112.775   1.07913 -0.207414   0.25006
112.776   1.07911 -0.207484  0.250044
112.777   1.07909 -0.207567  0.250024
112.778   1.07908 -0.207609  0.250014
112.78   1.07907 -0.207644  0.250006
112.781   1.07907 -0.207672  0.249999
112.782   1.07906 -0.207695  0.249994
112.783   1.07906 -0.207721  0.249987
112.784   1.07905 -0.207734  0.249984
112.785   1.07905 -0.207745  0.249981
112.787   1.07905 -0.207753  0.249979
112.788  1.07905 -0.20776 0.249977
112.789   1.07905 -0.207767  0.249975
112.79   1.07905 -0.207771  0.249974
112.791   1.07905 -0.207773  0.249973
112.792   1.07905 -0.207775  0.249972
112.794   1.07822 -0.208294  0.250226
112.795   1.07608 -0.209625  0.250881
112.796  1.07493 -0.21034 0.251234
112.797   1.07397 -0.210936  0.251529
112.798  1.07318 -0.21143 0.251774
112.799   1.07252 -0.211836  0.251976
112.801   1.07174 -0.212315  0.252215
112.802   1.07134 -0.212564  0.252339
112.803   1.07101 -0.212767  0.252441
112.804   1.07074 -0.212934  0.252524
112.805  1.07052 -0.21307 0.252592
112.806   1.07026 -0.213229  0.252673
112.808   1.07013 -0.213311  0.252714
112.809   1.07002 -0.213378  0.252748
112.81   1.06993 -0.213432  0.252776
112.811   1.06982 -0.213496  0.252808
112.812   1.06977 -0.213528  0.252825
112.813   1.06972 -0.213555  0.252839
112.815   1.06969 -0.213576   0.25285
112.816   1.06966 -0.213593   0.25286
112.817   1.06963 -0.213613   0.25287
112.818   1.06961 -0.213623  0.252876
112.819   1.06959 -0.213631   0.25288
112.82   1.06958 -0.213637  0.252884
112.821   1.06957 -0.213641  0.252887
112.823   1.06956 -0.213647  0.252891
112.824   1.06956 -0.213649  0.252893
112.825   1.06955 -0.213651  0.252894
112.826   1.06955 -0.213652  0.252895
112.827   1.06955 -0.213652  0.252896
112.828   1.06955 -0.213653  0.252897
112.83   1.06865 -0.214688  0.252949
112.831  1.06788 -0.21557 0.252993
112.832   1.06724 -0.216312   0.25303
112.833   1.0667 -0.21693 0.253061
112.834   1.06606 -0.217662  0.253098
112.835   1.06573 -0.218045  0.253117
112.837   1.06546 -0.218359  0.253133
112.838   1.06523 -0.218617  0.253146
112.839   1.06505 -0.218828  0.253157
112.84   1.06483 -0.219074  0.253169
112.841   1.06472 -0.219202  0.253175
112.842   1.06463 -0.219306  0.253181
112.844   1.06456 -0.219391  0.253185
112.845   1.0645 -0.21946 0.253188
112.846   1.06443 -0.219541  0.253192
112.847   1.06439 -0.219582  0.253194
112.848   1.06436 -0.219616  0.253196
112.849   1.06434 -0.219643  0.253198
112.85   1.06432 -0.219665  0.253199
112.852   1.06429 -0.219691    0.2532
112.853   1.06428 -0.219703  0.253201
112.854   1.06427 -0.219713  0.253201
112.855   1.06427 -0.219722  0.253201
112.856  1.06426 -0.21973 0.253202
112.857   1.06425 -0.219735  0.253202
112.859   1.06425 -0.219738  0.253202
112.86  1.06425 -0.21974 0.253202
112.861   1.06409 -0.220344  0.253001
112.862    1.0637 -0.221894  0.252481
112.863   1.06349 -0.222727  0.252201
112.864   1.06331 -0.223421  0.251967
112.866   1.06317 -0.223996  0.251772
112.867   1.06305 -0.224469  0.251612
112.868   1.06291 -0.225027  0.251423
112.869   1.06283 -0.225316  0.251324
112.87   1.06278 -0.225553  0.251243
112.871   1.06273 -0.225747  0.251177
112.873   1.06269 -0.225905  0.251123
112.874  1.06264 -0.22609 0.251059
112.875   1.06262 -0.226186  0.251026
112.876    1.0626 -0.226264  0.250999
112.877   1.06259 -0.226327  0.250977
112.878   1.06257 -0.226379  0.250959
112.88   1.06256 -0.226439  0.250938
112.881   1.06255 -0.226469  0.250927
112.882   1.06255 -0.226494  0.250918
112.883   1.06254 -0.226514  0.250911
112.884   1.06254 -0.226537  0.250902
112.885   1.06253 -0.226548  0.250898
112.886   1.06253 -0.226557  0.250894
112.888   1.06253 -0.226565  0.250891
112.889  1.06253 -0.22657 0.250889
112.89   1.06253 -0.226576  0.250886
112.891   1.06253 -0.226579  0.250884
112.892  1.06253 -0.22658 0.250883
112.893   1.06253 -0.226582  0.250882
112.895   1.06253 -0.226582  0.250881
112.896   1.06072 -0.227754  0.251485
112.897   1.05974 -0.228387  0.251814
112.898   1.05892 -0.228916   0.25209
112.899   1.05824 -0.229355  0.252319
112.9   1.05768 -0.229718  0.252509
112.902   1.05701 -0.230144  0.252733
112.903   1.05666 -0.230365  0.252849
112.904   1.05638 -0.230546  0.252945
112.905   1.05615 -0.230694  0.253024
112.906   1.05596 -0.230815  0.253088
112.907   1.05574 -0.230956  0.253163
112.909   1.05562 -0.231029  0.253203
112.91   1.05553 -0.231088  0.253235
112.911   1.05545 -0.231136  0.253261
112.912   1.05539 -0.231175  0.253282
112.913   1.05531 -0.231221  0.253307
112.914   1.05528 -0.231244   0.25332
112.915   1.05525 -0.231262  0.253331
112.917   1.05522 -0.231277  0.253339
112.918    1.0552 -0.231289  0.253347
112.919   1.05518 -0.231302  0.253355
112.92   1.05517 -0.231309  0.253359
112.921   1.05516 -0.231314  0.253363
112.922   1.05515 -0.231317  0.253365
112.924  1.05515 -0.23132 0.253368
112.925   1.05514 -0.231323   0.25337
112.926   1.05514 -0.231324  0.253372
112.927   1.05513 -0.231324  0.253373
112.928   1.05483 -0.231868  0.253314
112.929   1.05404 -0.233263   0.25316
112.931   1.05362 -0.234012  0.253077
112.932   1.05328 -0.234635  0.253008
112.933   1.05299 -0.235152   0.25295
112.934   1.05275 -0.235577  0.252902
112.935   1.05247 -0.236077  0.252846
112.936   1.05232 -0.236337  0.252817
112.938    1.0522 -0.236549  0.252793
112.939   1.05211 -0.236723  0.252773
112.94   1.05203 -0.236865  0.252757
112.94   1.05194 -0.237031  0.252738
112.942   1.05189 -0.237116  0.252728
112.943   1.05185 -0.237186   0.25272
112.944   1.05182 -0.237242  0.252714
112.946   1.05179 -0.237288  0.252708
112.946   1.05177 -0.237326  0.252704
112.947   1.05175 -0.237369  0.252699
112.949   1.05174 -0.237391  0.252696
112.95   1.05173 -0.237408  0.252694
112.951   1.05172 -0.237422  0.252692
112.952   1.05171 -0.237434   0.25269
112.953   1.05171 -0.237446  0.252688
112.954    1.0517 -0.237452  0.252688
112.956    1.0517 -0.237457  0.252687
112.957   1.0517 -0.23746 0.252686
112.958    1.0517 -0.237463  0.252686
112.959    1.0518 -0.238067  0.252391
112.96   1.05199 -0.239141  0.251865
112.961  1.05215 -0.24005 0.251418
112.963   1.05229 -0.240809  0.251044
112.964   1.05245 -0.241713  0.250598
112.965   1.05254 -0.242185  0.250363
112.966   1.05261 -0.242573  0.250171
112.967   1.05267 -0.242892  0.250012
112.968   1.05272 -0.243152  0.249882
112.97   1.05278 -0.243458  0.249729
112.971   1.05281 -0.243615   0.24965
112.972   1.05284 -0.243744  0.249586
112.973   1.05286 -0.243849  0.249532
112.974   1.05288 -0.243935  0.249489
112.975    1.0529 -0.244035  0.249438
112.977   1.05291 -0.244086  0.249412
112.978   1.05292 -0.244127   0.24939
112.979   1.05292 -0.244161  0.249373
112.98   1.05293 -0.244188  0.249358
112.981   1.05294 -0.244219  0.249341
112.982   1.05294 -0.244235  0.249333
112.983   1.05295 -0.244248  0.249326
112.985   1.05295 -0.244257   0.24932
112.986   1.05296 -0.244268  0.249313
112.987   1.05296 -0.244274   0.24931
112.988   1.05296 -0.244277  0.249307
112.989  1.05296 -0.24428 0.249305
112.99   1.05296 -0.244282  0.249303
112.992   1.05297 -0.244284  0.249301
112.993  1.05162 -0.24506 0.249585
112.994   1.05046 -0.245721  0.249828
112.995   1.04949 -0.246274  0.250033
112.996   1.04869 -0.246735  0.250204
112.997  1.04773 -0.24728 0.250408
112.999   1.04722 -0.247564  0.250514
113   1.04681 -0.247796  0.250602
113.001   1.04647 -0.247987  0.250674
113.002    1.0462 -0.248143  0.250733
113.003   1.04587 -0.248325  0.250803
113.004    1.0457 -0.248419  0.250839
113.006   1.04557 -0.248495  0.250868
113.007   1.04545 -0.248557  0.250892
113.008   1.04536 -0.248608  0.250912
113.009   1.04526 -0.248666  0.250935
113.01    1.0452 -0.248696  0.250947
113.011  1.04516 -0.24872 0.250957
113.013  1.04512 -0.24874 0.250965
113.014   1.04509 -0.248755  0.250972
113.015   1.04506 -0.248772   0.25098
113.016   1.04504 -0.248781  0.250984
113.017   1.04502 -0.248788  0.250987
113.018   1.04501 -0.248793   0.25099
113.019     1.045 -0.248798  0.250993
113.021  1.04499  -0.2488 0.250995
113.022   1.04499 -0.248802  0.250996
113.023   1.04499 -0.248803  0.250997
113.024   1.04498 -0.248803  0.250998
113.025   1.04498 -0.248803  0.250999
113.026   1.04371 -0.249303  0.251351
113.028   1.04263 -0.249727  0.251652
113.029   1.04172 -0.250082  0.251906
113.03   1.04096 -0.250377  0.252118
113.031   1.04006 -0.250724   0.25237
113.032   1.03959 -0.250904  0.252501
113.033    1.0392 -0.251052   0.25261
113.035   1.03888 -0.251173  0.252699
113.036   1.03851 -0.251314  0.252803
113.037   1.03832 -0.251386  0.252858
113.038   1.03816 -0.251445  0.252902
113.039   1.03803 -0.251493  0.252938
113.04   1.03793 -0.251532  0.252968
113.042    1.0378 -0.251577  0.253003
113.043  1.03774  -0.2516 0.253021
113.044   1.03769 -0.251618  0.253036
113.045   1.03765 -0.251633  0.253048
113.046    1.0376 -0.251649  0.253062
113.047   1.03758 -0.251657  0.253069
113.049   1.03756 -0.251664  0.253075
113.05   1.03754 -0.251668   0.25308
113.051   1.03753 -0.251672  0.253084
113.052   1.03751 -0.251675  0.253089
113.053    1.0375 -0.251677  0.253091
113.054    1.0375 -0.251678  0.253093
113.055    1.0375 -0.251678  0.253095
113.057   1.03749 -0.251678  0.253096
113.058   1.03749 -0.251677  0.253098
113.059   1.03749 -0.251676  0.253098
113.06    1.0379 -0.252333  0.252625
113.061   1.03864 -0.253505  0.251779
113.062   1.03927 -0.254496   0.25106
113.064   1.04004 -0.255685  0.250196
113.065  1.04044 -0.25631  0.24974
113.066   1.04078 -0.256826  0.249363
113.067  1.04105 -0.25725 0.249052
113.068   1.04128 -0.257597  0.248797
113.069   1.04155 -0.258005  0.248498
113.071   1.04169 -0.258215  0.248343
113.072    1.0418 -0.258388  0.248215
113.073    1.0419 -0.258528  0.248111
113.074   1.04197 -0.258643  0.248026
113.075   1.04207 -0.258777  0.247926
113.076   1.04211 -0.258846  0.247874
113.078   1.04215 -0.258902  0.247831
113.079   1.04218 -0.258947  0.247797
113.08   1.04221 -0.258984  0.247768
113.081   1.04224 -0.259026  0.247735
113.082   1.04226 -0.259048  0.247718
113.083   1.04227 -0.259065  0.247704
113.084   1.04228 -0.259079  0.247693
113.086  1.04229 -0.25909 0.247683
113.087   1.04231 -0.259102  0.247673
113.088   1.04231 -0.259108  0.247667
113.089   1.04232 -0.259112  0.247662
113.09   1.04232 -0.259115  0.247659
113.091   1.04233 -0.259118  0.247654
113.093     1.041 -0.259601  0.247945
113.094   1.03987 -0.260009  0.248194
113.095  1.03891 -0.26035 0.248405
113.096   1.03812 -0.260634   0.24858
113.097   1.03718 -0.260968  0.248789
113.098   1.03668 -0.261141  0.248899
113.1   1.03628 -0.261283  0.248989
113.101   1.03595 -0.261399  0.249063
113.102   1.03567 -0.261494  0.249123
113.103   1.03536 -0.261604  0.249195
113.104  1.03519 -0.26166 0.249232
113.105   1.03506 -0.261706  0.249262
113.107   1.03495 -0.261743  0.249287
113.108   1.03486 -0.261773  0.249307
113.109   1.03475 -0.261808  0.249331
113.11    1.0347 -0.261825  0.249344
113.111   1.03465 -0.261839  0.249354
113.112  1.03462 -0.26185 0.249362
113.114   1.03458 -0.261862  0.249372
113.115   1.03455 -0.261868  0.249377
113.116   1.03454 -0.261873  0.249381
113.117   1.03452 -0.261876  0.249385
113.118   1.03451 -0.261878  0.249388
113.119   1.0345 -0.26188 0.249391
113.12   1.03449 -0.261881  0.249393
113.122   1.03449 -0.261881  0.249394
113.123   1.03449 -0.261881  0.249395
113.124  1.03448 -0.26188 0.249396
113.125   1.03448 -0.261879  0.249398
113.126   1.03448 -0.261878  0.249398
113.127   1.03448 -0.261877  0.249399
113.129   1.03448 -0.261875  0.249399
113.13   1.03448 -0.261874    0.2494
113.131   1.03448 -0.261871    0.2494
113.132    1.0337 -0.262051  0.249666
113.133    1.0323 -0.262369  0.250142
113.134   1.03111 -0.262636  0.250545
113.136   1.03012 -0.262858  0.250884
113.137   1.02894 -0.263119  0.251288
113.138   1.02833 -0.263255  0.251499
113.139   1.02782 -0.263366  0.251674
113.14    1.0274 -0.263457  0.251817
113.141   1.02691 -0.263562  0.251986
113.143   1.02666 -0.263616  0.252073
113.144  1.02645 -0.26366 0.252145
113.145   1.02628 -0.263696  0.252203
113.146   1.02614 -0.263725  0.252251
113.147   1.02598 -0.263758  0.252308
113.148    1.0259 -0.263774  0.252337
113.15   1.02583 -0.263788  0.252361
113.151   1.02577 -0.263798   0.25238
113.152   1.02573 -0.263806  0.252396
113.153   1.02568 -0.263816  0.252415
113.154  1.02565 -0.26382 0.252424
113.155   1.02563 -0.263823  0.252432
113.157   1.02561 -0.263825  0.252439
113.158    1.0256 -0.263827  0.252444
113.159   1.02558 -0.263828   0.25245
113.16   1.02557 -0.263828  0.252453
113.161   1.02557 -0.263828  0.252456
113.162   1.02556 -0.263827  0.252458
113.163   1.02556 -0.263827   0.25246
113.165   1.02591 -0.265393  0.251609
113.166   1.02611 -0.266241  0.251145
113.167  1.02627 -0.26695 0.250757
113.168   1.02641 -0.267538  0.250433
113.169   1.02653 -0.268024  0.250166
113.17   1.02667 -0.268595   0.24985
113.172   1.02674 -0.268892  0.249686
113.173    1.0268 -0.269136   0.24955
113.174   1.02685 -0.269335   0.24944
113.175   1.02689 -0.269497  0.249349
113.176   1.02694 -0.269687  0.249243
113.177   1.02696 -0.269785  0.249187
113.179   1.02699 -0.269865  0.249142
113.18    1.027 -0.26993 0.249105
113.181   1.02702 -0.270005  0.249062
113.182   1.02704 -0.270044   0.24904
113.183   1.02705 -0.270075  0.249022
113.184   1.02705 -0.270101  0.249007
113.186   1.02706 -0.270121  0.248994
113.187   1.02707 -0.270144   0.24898
113.188   1.02707 -0.270155  0.248973
113.189   1.02708 -0.270165  0.248967
113.19   1.02708 -0.270172  0.248962
113.191   1.02708 -0.270177  0.248958
113.193   1.02709 -0.270183  0.248953
113.194   1.02709 -0.270185  0.248951
113.195   1.02679 -0.270557  0.248874
113.196   1.02626 -0.271215  0.248738
113.197   1.02581 -0.271771  0.248624
113.198   1.02527 -0.272436  0.248486
113.199   1.02499 -0.272785  0.248413
113.201   1.02476 -0.273072  0.248353
113.202   1.02457 -0.273308  0.248304
113.203   1.02441 -0.273501  0.248263
113.204   1.02423 -0.273726  0.248216
113.205   1.02413 -0.273843  0.248191
113.206   1.02406 -0.273938  0.248171
113.208   1.02399 -0.274015  0.248154
113.209   1.02392 -0.274105  0.248135
113.21   1.02388 -0.274152  0.248125
113.211   1.02385 -0.274189  0.248117
113.212   1.02383 -0.274219   0.24811
113.213   1.02381 -0.274244  0.248105
113.215   1.02378 -0.274272  0.248099
113.216   1.02377 -0.274286  0.248095
113.217   1.02376 -0.274297  0.248093
113.218   1.02376 -0.274306  0.248091
113.219   1.02375 -0.274312  0.248089
113.22  1.02374 -0.27432 0.248087
113.222   1.02374 -0.274323  0.248086
113.223   1.02374 -0.274325  0.248085
113.224   1.02374 -0.274327  0.248085
113.225   1.02374 -0.274328  0.248084
113.226   1.02374 -0.274328  0.248084
113.227   1.02374 -0.274328  0.248083
113.228   1.02374 -0.274328  0.248083
113.23   1.02278 -0.274759  0.248283
113.231   1.02196 -0.275125  0.248454
113.232   1.02098 -0.275563  0.248662
113.233   1.02046 -0.275792  0.248772
113.234   1.02003 -0.275981  0.248863
113.235   1.01967 -0.276136  0.248938
113.237   1.01926 -0.276317  0.249027
113.238   1.01904 -0.276411  0.249073
113.239   1.01887 -0.276487  0.249111
113.24   1.01872 -0.276549  0.249142
113.241   1.01861 -0.276599  0.249168
113.242   1.01847 -0.276658  0.249197
113.244    1.0184 -0.276687  0.249213
113.245   1.01834 -0.276711  0.249226
113.246   1.01829 -0.276731  0.249236
113.247   1.01825 -0.276746  0.249245
113.248   1.01821 -0.276763  0.249255
113.249   1.01819 -0.276772   0.24926
113.251   1.01817 -0.276779  0.249264
113.252   1.01816 -0.276784  0.249268
113.253   1.01814 -0.276788   0.24927
113.254   1.01813 -0.276792  0.249274
113.255   1.01812 -0.276793  0.249276
113.256   1.01812 -0.276794  0.249277
113.258   1.01812 -0.276795  0.249278
113.259   1.01811 -0.276794   0.24928
113.26   1.01811 -0.276794  0.249281
113.261   1.01811 -0.276793  0.249281
113.262   1.01811 -0.276792  0.249282
113.263   1.01784 -0.277135  0.249243
113.265   1.01715 -0.278015  0.249142
113.266   1.01679 -0.278486  0.249088
113.267   1.01648 -0.278877  0.249043
113.268  1.01623  -0.2792 0.249006
113.269   1.01602 -0.279467  0.248975
113.27   1.01578 -0.279779  0.248939
113.271  1.01565 -0.27994  0.24892
113.273   1.01555 -0.280073  0.248904
113.274   1.01547 -0.280181  0.248892
113.275    1.0154 -0.280269  0.248881
113.276   1.01532 -0.280371  0.248869
113.277   1.01528 -0.280424  0.248863
113.278   1.01525 -0.280466  0.248858
113.28   1.01522 -0.280501  0.248854
113.281   1.01519 -0.280541  0.248849
113.282   1.01517 -0.280561  0.248846
113.283   1.01516 -0.280577  0.248844
113.284  1.01515 -0.28059 0.248843
113.285   1.01514 -0.280601  0.248841
113.287   1.01514 -0.280601  0.248841
113.288   1.01513 -0.280612   0.24884
113.289   1.01513 -0.280615  0.248839
113.291   1.01513 -0.280622  0.248838
113.291   1.01512 -0.280625  0.248838
113.292   1.01512 -0.280625  0.248838
113.294   1.01512 -0.280625  0.248838
113.296   1.01512 -0.280628  0.248837
113.297   1.01245 -0.280878  0.249842
113.298  1.01099 -0.28101 0.250388
113.299   1.00978 -0.281119  0.250847
113.3   1.00877 -0.281208  0.251228
113.301   1.00793 -0.281281  0.251544
113.302   1.00695 -0.281365  0.251916
113.303   1.00644 -0.281408   0.25211
113.304   1.00602 -0.281442   0.25227
113.306  1.00567 -0.28147 0.252401
113.307   1.00527 -0.281503  0.252554
113.308   1.00506 -0.281519  0.252633
113.309   1.00489 -0.281532  0.252698
113.31   1.00475 -0.281542  0.252751
113.311  1.00464 -0.28155 0.252795
113.313   1.00451 -0.281559  0.252846
113.314   1.00444 -0.281563  0.252872
113.315   1.00438 -0.281566  0.252894
113.316   1.00434 -0.281568  0.252912
113.317    1.0043 -0.281569  0.252926
113.318   1.00426 -0.281571  0.252943
113.32   1.00424 -0.281571  0.252952
113.321   1.00422 -0.281571  0.252959
113.322  1.00421 -0.28157 0.252965
113.323    1.0042 -0.281569  0.252969
113.324   1.00419 -0.281568  0.252975
113.325   1.00385 -0.281804  0.252933
113.327   1.00326 -0.282223  0.252854
113.328   1.00277 -0.282575  0.252787
113.329   1.00218 -0.282996  0.252707
113.33   1.00186 -0.283217  0.252664
113.331   1.00161 -0.283398  0.252629
113.332    1.0014 -0.283546    0.2526
113.333   1.00123 -0.283668  0.252576
113.335  1.00103 -0.28381 0.252548
113.336   1.00092 -0.283883  0.252533
113.337   1.00084 -0.283942  0.252521
113.338  1.00077 -0.28399 0.252511
113.339  1.00071 -0.28403 0.252503
113.34   1.00065 -0.284075  0.252494
113.342   1.00062 -0.284098  0.252489
113.343   1.00059 -0.284117  0.252485
113.344   1.00057 -0.284131  0.252482
113.345   1.00055 -0.284143  0.252479
113.346   1.00053 -0.284157  0.252476
113.347   1.00052 -0.284163  0.252474
113.349   1.00051 -0.284168  0.252472
113.35   1.00051 -0.284172  0.252471
113.351    1.0005 -0.284175   0.25247
113.352    1.0005 -0.284177  0.252469
113.353    1.0005 -0.284178  0.252469
113.354   1.00049 -0.284179  0.252468
113.356   1.00049 -0.284179  0.252468
113.357   1.00049 -0.284179  0.252467
113.358   1.00049 -0.284178  0.252467
113.359   1.00049 -0.284177  0.252466
113.36   1.00049 -0.284176  0.252466
113.361    1.0005 -0.284175  0.252466
113.363   1.00087 -0.285029  0.251908
113.364   1.00119 -0.285757  0.251431
113.365   1.00146 -0.286367  0.251029
113.366   1.00169 -0.286876  0.250693
113.367   1.00188 -0.287296  0.250414
113.368   1.00211 -0.287792  0.250084
113.37  1.00223 -0.28805 0.249912
113.371   1.00232 -0.288261  0.249771
113.372   1.00241 -0.288434  0.249655
113.373   1.00247 -0.288575   0.24956
113.374  1.00255 -0.28874 0.249449
113.375   1.00259 -0.288825  0.249391
113.377   1.00263 -0.288894  0.249344
113.378  1.00266 -0.28895 0.249305
113.379   1.00269 -0.289016   0.24926
113.38   1.00271 -0.289049  0.249236
113.381   1.00272 -0.289076  0.249217
113.382   1.00274 -0.289098  0.249201
113.383   1.00275 -0.289116  0.249189
113.385   1.00276 -0.289136  0.249174
113.386   1.00277 -0.289146  0.249166
113.387   1.00277 -0.289154  0.249159
113.388  1.00278 -0.28916 0.249154
113.389   1.00278 -0.289164   0.24915
113.39   1.00279 -0.289169  0.249145
113.392   1.00279 -0.289171  0.249143
113.393    1.0028 -0.289173  0.249141
113.394    1.0028 -0.289174  0.249139
113.395    1.0028 -0.289174  0.249137
113.396   1.00133 -0.289778  0.249423
113.397   1.00054 -0.290102  0.249578
113.399  0.999876 -0.290372  0.249708
113.4  0.999324 -0.290596  0.249817
113.401  0.998869 -0.290779  0.249906
113.402  0.998332 -0.290995  0.250012
113.403  0.998054 -0.291106  0.250068
113.404  0.997825 -0.291197  0.250113
113.406  0.997639 -0.291272   0.25015
113.407  0.997486 -0.291332  0.250181
113.408  0.997308 -0.291402  0.250216
113.409  0.997216 -0.291438  0.250235
113.41   0.99714 -0.291467   0.25025
113.411  0.997079 -0.291491  0.250263
113.413  0.99703 -0.29151 0.250273
113.414  0.996972 -0.291531  0.250285
113.415  0.996943 -0.291542  0.250291
113.416 0.996919 -0.29155 0.250296
113.417    0.9969 -0.291557    0.2503
113.418  0.996884 -0.291562  0.250304
113.419  0.996867 -0.291568  0.250308
113.421 0.996858 -0.29157  0.25031
113.422  0.996851 -0.291572  0.250311
113.423  0.996846 -0.291573  0.250313
113.424  0.996842 -0.291573  0.250314
113.425  0.996838 -0.291574  0.250315
113.426  0.996521 -0.292154  0.250183
113.428  0.996253 -0.292647   0.25007
113.429   0.99603 -0.293061  0.249975
113.43  0.995845 -0.293404  0.249895
113.431 0.995628 -0.29381 0.249801
113.432  0.995515 -0.294022  0.249751
113.433  0.995423 -0.294195  0.249711
113.435  0.995347 -0.294337  0.249677
113.436  0.995286 -0.294453   0.24965
113.437  0.995215 -0.294588  0.249618
113.438  0.995179 -0.294658  0.249601
113.439  0.995149 -0.294715  0.249587
113.44  0.995125 -0.294761  0.249576
113.442  0.995106 -0.294798  0.249567
113.443  0.995084 -0.294841  0.249556
113.444  0.995073 -0.294863  0.249551
113.445  0.995065 -0.294881  0.249546
113.446  0.995058 -0.294895  0.249543
113.447  0.995052 -0.294907   0.24954
113.449  0.995047 -0.294919  0.249536
113.45  0.995044 -0.294925  0.249534
113.451 0.995043 -0.29493 0.249533
113.452  0.995041 -0.294934  0.249532
113.453  0.995041 -0.294937   0.24953
113.454   0.99504 -0.294939   0.24953
113.456 0.995041 -0.29494 0.249529
113.457 0.995041 -0.29494 0.249529
113.458 0.995042 -0.29494 0.249528
113.459 0.995043 -0.29494 0.249528
113.46  0.995044 -0.294939  0.249528
113.461  0.995045 -0.294938  0.249528
113.462  0.994101 -0.295371  0.249688
113.464  0.993296 -0.295738  0.249826
113.465  0.992325 -0.296178  0.249992
113.466  0.991812 -0.296409  0.250081
113.467  0.991389 -0.296599  0.250154
113.468  0.991041 -0.296755  0.250214
113.469  0.990755 -0.296883  0.250264
113.471   0.99042 -0.297033  0.250322
113.472 0.990247 -0.29711 0.250352
113.473  0.990105 -0.297172  0.250377
113.474   0.98999 -0.297224  0.250398
113.475  0.989895 -0.297265  0.250414
113.476  0.989785 -0.297313  0.250434
113.478  0.989728 -0.297337  0.250444
113.479  0.989682 -0.297357  0.250452
113.48  0.989645 -0.297373  0.250459
113.481  0.989615 -0.297386  0.250465
113.482  0.98958  -0.2974 0.250471
113.483  0.989562 -0.297407  0.250474
113.485  0.989548 -0.297412  0.250477
113.486  0.989537 -0.297417  0.250479
113.487  0.989524 -0.297421  0.250482
113.488  0.989518 -0.297423  0.250484
113.489  0.989513 -0.297424  0.250485
113.49  0.989509 -0.297425  0.250486
113.491  0.989507 -0.297425  0.250486
113.493  0.989504 -0.297425  0.250487
113.494  0.989503 -0.297424  0.250488
113.495   0.98889 -0.297995  0.250395
113.496  0.988368 -0.298479  0.250315
113.497  0.987931 -0.298885  0.250249
113.498   0.98741 -0.299369  0.250168
113.5  0.987138 -0.299622  0.250126
113.501 0.986914 -0.29983 0.250092
113.502  0.98673     -0.3 0.250063
113.503  0.98658 -0.30014  0.25004
113.504  0.986404 -0.300303  0.250012
113.505  0.986314 -0.300387  0.249998
113.507   0.98624 -0.300455  0.249986
113.508   0.98618 -0.300511  0.249977
113.509  0.986131 -0.300556  0.249969
113.51  0.986074 -0.300609   0.24996
113.511  0.986045 -0.300636  0.249955
113.512  0.986022 -0.300658  0.249951
113.514  0.986003 -0.300675  0.249948
113.515  0.985981 -0.300695  0.249944
113.516  0.985971 -0.300705  0.249942
113.517  0.985962 -0.300713  0.249941
113.518  0.985956 -0.300719  0.249939
113.519   0.98595 -0.300723  0.249938
113.521  0.985945 -0.300728  0.249937
113.522  0.985943 -0.300731  0.249936
113.523  0.985941 -0.300732  0.249936
113.524   0.98594 -0.300733  0.249936
113.525  0.985939 -0.300734  0.249935
113.526  0.985939 -0.300734  0.249935
113.527  0.985596 -0.301036  0.249927
113.529  0.984985 -0.301573  0.249915
113.53  0.984469 -0.302026  0.249904
113.531  0.984039 -0.302404  0.249895
113.532  0.983528 -0.302853  0.249884
113.533  0.983262 -0.303087  0.249878
113.534  0.983043 -0.303279  0.249873
113.536  0.982863 -0.303437   0.24987
113.537  0.982717 -0.303566  0.249867
113.538  0.982545 -0.303716  0.249863
113.539  0.982457 -0.303793  0.249861
113.54  0.982385 -0.303856  0.249859
113.541  0.982326 -0.303908  0.249858
113.543 0.982278 -0.30395 0.249857
113.544  0.982223 -0.303998  0.249856
113.545  0.982195 -0.304023  0.249855
113.546  0.982172 -0.304043  0.249855
113.547  0.982154 -0.304059  0.249854
113.548  0.982139 -0.304071  0.249854
113.55  0.982122 -0.304086  0.249854
113.551  0.982114 -0.304093  0.249854
113.552  0.982107 -0.304098  0.249853
113.553  0.982103 -0.304103  0.249853
113.554  0.982097 -0.304107  0.249853
113.555  0.982095 -0.304109  0.249853
113.556 0.982093 -0.30411 0.249853
113.558  0.982092 -0.304111  0.249853
113.559  0.982092 -0.304111  0.249853
113.56  0.982092 -0.304111  0.249853
113.561  0.982092 -0.304111  0.249853
113.562  0.981525 -0.304503  0.249841
113.563  0.981044 -0.304835  0.249832
113.565   0.98064 -0.305112  0.249823
113.566  0.980159 -0.305442  0.249814
113.567  0.979908 -0.305614  0.249808
113.568  0.979702 -0.305756  0.249804
113.569  0.979532 -0.305871  0.249801
113.57  0.979394 -0.305966  0.249798
113.572  0.979232 -0.306076  0.249795
113.573  0.979149 -0.306132  0.249793
113.574  0.979081 -0.306178  0.249791
113.575  0.979026 -0.306216   0.24979
113.576  0.978981 -0.306246  0.249789
113.577  0.978929 -0.306281  0.249788
113.579  0.978902 -0.306299  0.249788
113.58   0.97888 -0.306313  0.249787
113.581  0.978863 -0.306324  0.249787
113.582  0.978849 -0.306333  0.249787
113.583  0.978834 -0.306343  0.249786
113.584  0.978826 -0.306348  0.249786
113.585   0.97882 -0.306352  0.249786
113.587  0.978816 -0.306355  0.249786
113.588  0.978812 -0.306357  0.249786
113.589  0.978809 -0.306358  0.249786
113.59  0.978807 -0.306359  0.249786
113.591  0.978806 -0.306359  0.249786
113.592  0.978806 -0.306359  0.249786
113.594  0.978577 -0.306667  0.249659
113.595   0.97817 -0.307215  0.249432
113.596  0.977827 -0.307678   0.24924
113.597  0.977542 -0.308064  0.249079
113.598  0.977306 -0.308384  0.248945
113.599  0.977029 -0.308762  0.248786
113.601  0.976884 -0.308959  0.248703
113.602 0.976766 -0.30912 0.248635
113.603   0.97667 -0.309251  0.248579
113.604  0.976591 -0.309359  0.248533
113.605    0.9765 -0.309484  0.248479
113.606  0.976453 -0.309549  0.248451
113.608  0.976415 -0.309601  0.248429
113.609  0.976384 -0.309644   0.24841
113.61  0.976359 -0.309679  0.248395
113.611   0.97633 -0.309719  0.248377
113.612 0.976316 -0.30974 0.248368
113.613  0.976304 -0.309756   0.24836
113.615  0.976295 -0.309769  0.248354
113.616 0.976288 -0.30978 0.248349
113.617   0.97628 -0.309791  0.248343
113.618  0.976276 -0.309797   0.24834
113.619  0.976274 -0.309802  0.248338
113.62  0.976272 -0.309805  0.248336
113.622   0.97627 -0.309807  0.248334
113.623 0.976269 -0.30981 0.248332
113.624 0.976269 -0.30981 0.248331
113.625  0.976269 -0.309811  0.248331
113.626   0.97627 -0.309811   0.24833
113.627   0.97627 -0.309811  0.248329
113.628 0.976272 -0.30981 0.248329
113.63  0.976273 -0.309809  0.248329
113.631  0.976141 -0.310241  0.248059
113.632 0.975907 -0.31101 0.247578
113.633  0.975712 -0.311661  0.247171
113.634 0.975479 -0.31244  0.24668
113.635 0.975358 -0.31285 0.246421
113.637  0.975259 -0.313188  0.246207
113.638  0.975178 -0.313465  0.246031
113.639  0.975112 -0.313693  0.245887
113.64  0.975035 -0.313959  0.245717
113.641  0.974996 -0.314097  0.245629
113.642 0.974964 -0.31421 0.245557
113.643  0.974938 -0.314301  0.245498
113.645  0.974909 -0.314408  0.245429
113.646  0.974894 -0.314464  0.245393
113.647  0.974882 -0.314508  0.245364
113.648  0.974872 -0.314545   0.24534
113.649  0.974865 -0.314574  0.245321
113.65  0.974856 -0.314608  0.245298
113.651  0.974852 -0.314625  0.245286
113.652  0.974849 -0.314639  0.245276
113.654 0.974847 -0.31465 0.245269
113.655  0.974846 -0.314659  0.245262
113.656  0.974845 -0.314669  0.245255
113.657  0.974844 -0.314673  0.245251
113.658  0.974844 -0.314677  0.245248
113.659  0.974845 -0.314679  0.245246
113.66  0.974078 -0.314813  0.245491
113.662 0.972105 -0.31515 0.246126
113.663 0.971044 -0.31533 0.246469
113.664  0.970159 -0.315477  0.246756
113.665  0.969426 -0.315599  0.246994
113.666  0.968822 -0.315699  0.247191
113.667  0.968111 -0.315815  0.247423
113.669  0.967742 -0.315874  0.247543
113.67  0.967439 -0.315923  0.247642
113.671  0.967191 -0.315963  0.247724
113.672  0.966989 -0.315995   0.24779
113.673  0.966752 -0.316032  0.247868
113.674  0.96663 -0.31605 0.247909
113.676   0.96653 -0.316065  0.247942
113.677  0.966449 -0.316077  0.247969
113.678  0.966382 -0.316087  0.247992
113.679  0.966305 -0.316098  0.248018
113.68  0.966266 -0.316103  0.248031
113.681  0.966234 -0.316107  0.248042
113.683 0.966208 -0.31611 0.248052
113.684  0.966178 -0.316113  0.248062
113.685  0.966163 -0.316114  0.248068
113.686  0.966151 -0.316114  0.248072
113.687  0.966142 -0.316115  0.248076
113.688  0.966134 -0.316115  0.248079
113.69  0.966126 -0.316114  0.248083
113.691  0.966123 -0.316113  0.248085
113.692   0.96612 -0.316113  0.248086
113.693   0.96547 -0.316653  0.247933
113.694  0.964918 -0.317111  0.247801
113.695  0.964254 -0.317663  0.247642
113.696  0.963904 -0.317954  0.247558
113.698  0.963616 -0.318194  0.247489
113.699  0.963379 -0.318391  0.247431
113.7  0.963184 -0.318552  0.247384
113.701  0.962957 -0.318741  0.247329
113.702  0.962839 -0.318838    0.2473
113.703  0.962744 -0.318918  0.247277
113.705  0.962665 -0.318983  0.247258
113.706  0.962602 -0.319036  0.247242
113.707  0.962528 -0.319097  0.247224
113.708   0.96249 -0.319128  0.247214
113.709  0.962459 -0.319154  0.247206
113.71  0.962434 -0.319174    0.2472
113.712  0.962414 -0.319191  0.247195
113.713 0.962392 -0.31921 0.247189
113.714   0.96238 -0.319219  0.247186
113.715  0.962371 -0.319226  0.247183
113.716  0.962364 -0.319232  0.247181
113.717  0.962357 -0.319238  0.247179
113.719  0.962353 -0.319241  0.247178
113.72   0.96235 -0.319243  0.247177
113.721  0.962349 -0.319245  0.247176
113.722  0.962347 -0.319246  0.247175
113.723  0.962347 -0.319246  0.247175
113.724  0.962347 -0.319246  0.247174
113.726  0.962347 -0.319246  0.247174
113.727  0.962478 -0.320047  0.246565
113.728  0.962594 -0.320729  0.246045
113.729  0.962738 -0.321552  0.245415
113.73  0.962816 -0.321986  0.245082
113.731  0.962882 -0.322344  0.244806
113.733  0.962937 -0.322639  0.244579
113.734  0.963003 -0.322984  0.244311
113.735  0.963038 -0.323164  0.244172
113.736 0.963067 -0.32331 0.244058
113.738  0.963102 -0.323481  0.243925
113.739 0.963121 -0.32357 0.243855
113.74  0.963136 -0.323642  0.243799
113.741  0.963149 -0.323701  0.243752
113.742   0.96316 -0.323748  0.243715
113.743  0.963169 -0.323787  0.243684
113.745  0.963177 -0.323819  0.243658
113.746  0.963184 -0.323844  0.243637
113.747   0.96319 -0.323865  0.243621
113.748  0.963195 -0.323881  0.243607
113.749  0.963199 -0.323894  0.243596
113.75  0.963205 -0.323909  0.243582
113.752  0.963208 -0.323917  0.243576
113.753  0.963211 -0.323923   0.24357
113.754  0.963214 -0.323927  0.243566
113.755 0.963216 -0.32393 0.243562
113.756  0.963219 -0.323933  0.243559
113.757  0.963221 -0.323935  0.243557
113.759  0.963223 -0.323936  0.243555
113.76  0.963225 -0.323936  0.243554
113.761  0.961577 -0.323986  0.244213
113.762   0.96017 -0.324025  0.244777
113.763  0.958986 -0.324056  0.245253
113.764  0.957999 -0.324081  0.245651
113.766 0.957182  -0.3241 0.245981
113.767  0.956216 -0.324121  0.246372
113.768  0.955714 -0.324131  0.246575
113.769  0.955301 -0.324139  0.246743
113.77  0.954964 -0.324145   0.24688
113.771 0.954687 -0.32415 0.246993
113.773  0.954364 -0.324154  0.247125
113.774  0.954196 -0.324157  0.247194
113.775   0.95406 -0.324158   0.24725
113.776  0.953948 -0.324159  0.247296
113.777  0.953818 -0.324159   0.24735
113.778  0.953751 -0.324159  0.247378
113.779  0.953697 -0.324159  0.247401
113.781  0.953653 -0.324158  0.247419
113.782  0.953617 -0.324158  0.247435
113.783  0.953575 -0.324156  0.247453
113.784  0.953554 -0.324155  0.247462
113.785  0.953538 -0.324154   0.24747
113.786  0.953524 -0.324153  0.247476
113.788  0.953513 -0.324152  0.247481
113.789 0.953501 -0.32415 0.247487
113.79  0.953496 -0.324149   0.24749
113.791  0.953491 -0.324147  0.247493
113.792  0.953488 -0.324146  0.247495
113.793  0.953486 -0.324145  0.247497
113.795  0.952461 -0.324677  0.247427
113.796  0.951908 -0.324964  0.247389
113.797  0.951446 -0.325203  0.247357
113.798 0.951064  -0.3254 0.247331
113.799  0.950748 -0.325563  0.247309
113.8  0.950377 -0.325753  0.247283
113.802  0.950185 -0.325852   0.24727
113.803  0.950027 -0.325933  0.247259
113.804  0.949898 -0.325998   0.24725
113.805  0.949793 -0.326052  0.247243
113.806  0.949671 -0.326114  0.247234
113.807  0.949608 -0.326146   0.24723
113.809  0.949557 -0.326172  0.247226
113.81  0.949515 -0.326193  0.247223
113.811  0.949467 -0.326217   0.24722
113.812  0.949443 -0.326229  0.247218
113.813  0.949423 -0.326238  0.247217
113.814  0.949407 -0.326246  0.247215
113.816  0.949395 -0.326252  0.247214
113.817  0.949381 -0.326258  0.247213
113.818  0.949374 -0.326261  0.247213
113.819  0.949369 -0.326264  0.247212
113.82  0.949365 -0.326265  0.247212
113.821  0.949362 -0.326266  0.247212
113.822  0.949359 -0.326267  0.247211
113.824  0.949358 -0.326267  0.247211
113.825  0.949357 -0.326267  0.247211
113.826  0.949357 -0.326267  0.247211
113.827  0.949357 -0.326266  0.247211
113.828 0.948238 -0.32647 0.247489
113.829  0.947284 -0.326642  0.247727
113.831  0.946482 -0.326785  0.247927
113.832  0.945814 -0.326904  0.248095
113.833  0.945262 -0.327001  0.248234
113.834   0.94461 -0.327114  0.248398
113.835  0.944271 -0.327173  0.248484
113.836 0.943994 -0.32722 0.248554
113.838  0.943766 -0.327259  0.248612
113.839  0.94358 -0.32729  0.24866
113.84  0.943363 -0.327327  0.248715
113.841  0.943251 -0.327345  0.248744
113.842 0.943159 -0.32736 0.248768
113.843  0.943085 -0.327372  0.248787
113.845  0.942998 -0.327385   0.24881
113.846  0.942954 -0.327392  0.248821
113.847  0.942918 -0.327397  0.248831
113.848  0.942889 -0.327401  0.248839
113.849  0.942865 -0.327404  0.248845
113.85  0.942839 -0.327407  0.248853
113.852  0.942825 -0.327409  0.248857
113.853  0.942815 -0.327409   0.24886
113.854 0.942806 -0.32741 0.248862
113.855   0.9428 -0.32741 0.248865
113.856 0.942793 -0.32741 0.248867
113.857   0.94279 -0.327409  0.248868
113.858  0.942787 -0.327409  0.248869
113.86  0.942786 -0.327408   0.24887
113.861  0.942785 -0.327407  0.248871
113.862  0.943121 -0.328254  0.248127
113.863  0.943412 -0.328975   0.24749
113.864   0.94366 -0.329582  0.246954
113.865  0.943869 -0.330087  0.246506
113.867  0.944044 -0.330505  0.246134
113.868  0.944253 -0.330999  0.245695
113.869  0.944362 -0.331255  0.245466
113.87  0.944453 -0.331466  0.245278
113.871  0.944528 -0.331638  0.245123
113.872   0.94459 -0.331779  0.244997
113.874  0.944663 -0.331943  0.244849
113.875  0.944701 -0.332028  0.244772
113.876  0.944733 -0.332097  0.244709
113.877  0.944759 -0.332154  0.244657
113.878  0.944791 -0.332219  0.244597
113.879  0.944808 -0.332253  0.244566
113.881 0.944821 -0.33228  0.24454
113.882  0.944833 -0.332303   0.24452
113.883 0.944843 -0.33232 0.244503
113.884  0.944855 -0.332341  0.244483
113.885  0.944862 -0.332351  0.244472
113.886  0.944868 -0.332359  0.244464
113.888  0.944873 -0.332366  0.244457
113.889  0.944877 -0.332371  0.244452
113.89  0.944883 -0.332376  0.244445
113.891  0.944887 -0.332378  0.244442
113.892  0.94489 -0.33238 0.244439
113.893  0.944892 -0.332381  0.244437
113.894 0.944524 -0.33248  0.24452
113.896  0.943576 -0.332728  0.244736
113.897 0.943068 -0.33286 0.244853
113.898  0.942646 -0.332968  0.244951
113.899  0.942296 -0.333057  0.245032
113.9 0.942009 -0.33313   0.2451
113.901  0.941671 -0.333214  0.245179
113.903  0.941496 -0.333258   0.24522
113.904  0.941353 -0.333293  0.245254
113.905  0.941236 -0.333322  0.245282
113.906  0.941099 -0.333355  0.245315
113.907  0.941029 -0.333371  0.245332
113.908  0.940972 -0.333385  0.245346
113.91  0.940925 -0.333396  0.245357
113.911  0.940887 -0.333404  0.245367
113.912  0.940844 -0.333414  0.245378
113.913  0.940821 -0.333418  0.245383
113.914  0.940804 -0.333422  0.245388
113.915  0.940789 -0.333425  0.245392
113.917  0.940778 -0.333427  0.245395
113.918  0.940765 -0.333428  0.245399
113.919  0.940759 -0.333429  0.245401
113.92  0.940754 -0.333429  0.245403
113.921   0.94075 -0.333429  0.245404
113.922  0.940748 -0.333429  0.245405
113.924  0.940745 -0.333428  0.245407
113.925  0.940744 -0.333428  0.245407
113.926  0.940744 -0.333427  0.245408
113.927  0.940744 -0.333426  0.245409
113.928  0.940744 -0.333425  0.245409
113.929  0.939597 -0.333477  0.245723
113.93   0.93862 -0.333518  0.245992
113.932  0.937798 -0.333552  0.246219
113.933  0.937114 -0.333578  0.246408
113.934 0.936548  -0.3336 0.246565
113.935  0.935879 -0.333623  0.246751
113.936  0.935532 -0.333635  0.246848
113.937  0.935247 -0.333645  0.246928
113.939  0.935013 -0.333652  0.246993
113.94  0.934822 -0.333658  0.247047
113.941  0.934599 -0.333664   0.24711
113.942  0.934484 -0.333667  0.247143
113.943   0.93439 -0.333669  0.247169
113.944 0.934314 -0.33367 0.247191
113.946  0.934251 -0.333671  0.247209
113.947  0.934179 -0.333672   0.24723
113.948  0.934142 -0.333672  0.247241
113.949  0.934112 -0.333672   0.24725
113.95  0.934087 -0.333671  0.247257
113.951   0.93406 -0.333671  0.247266
113.953 0.934046 -0.33367  0.24727
113.954  0.934035 -0.333669  0.247274
113.955  0.934026 -0.333668  0.247277
113.956  0.934019 -0.333667   0.24728
113.957  0.934012 -0.333666  0.247282
113.958  0.934008 -0.333665  0.247284
113.959  0.934006 -0.333664  0.247285
113.961  0.934158 -0.334173  0.246918
113.962  0.934291 -0.334605  0.246605
113.963  0.934458 -0.335126  0.246225
113.964  0.934548 -0.335401  0.246024
113.965  0.934623 -0.335628  0.245857
113.966  0.934686 -0.335814   0.24572
113.968  0.934739 -0.335967  0.245607
113.969  0.934802 -0.336146  0.245475
113.97  0.934835 -0.336238  0.245406
113.971  0.934862 -0.336314   0.24535
113.972  0.934885 -0.336375  0.245303
113.973  0.934905 -0.336426  0.245266
113.975  0.934928 -0.336484  0.245221
113.976   0.93494 -0.336514  0.245198
113.977   0.93495 -0.336538   0.24518
113.978  0.934959 -0.336558  0.245164
113.979  0.93497 -0.33658 0.245147
113.98  0.934976 -0.336592  0.245137
113.982  0.934981 -0.336601   0.24513
113.983  0.934986 -0.336608  0.245124
113.984   0.93499 -0.336614  0.245119
113.985 0.934995 -0.33662 0.245113
113.986  0.934998 -0.336623   0.24511
113.987  0.935001 -0.336625  0.245107
113.988  0.935004 -0.336627  0.245105
113.99  0.935006 -0.336628  0.245104
113.991   0.93501 -0.336629  0.245102
113.992  0.935012 -0.336629  0.245101
113.993  0.935014 -0.336629    0.2451
113.994  0.935016 -0.336629    0.2451
113.995  0.934736 -0.336942  0.244927
113.997  0.934397 -0.337324  0.244715
113.997  0.934218 -0.337527  0.244602
113.998  0.934071 -0.337694  0.244508
114   0.93395 -0.337832   0.24443
114.001  0.933851 -0.337946  0.244365
114.002  0.933735 -0.338078   0.24429
114.003  0.933675 -0.338146  0.244251
114.004  0.933627 -0.338202  0.244219
114.005  0.933588 -0.338248  0.244192
114.007  0.933556 -0.338285  0.244171
114.008  0.933519 -0.338328  0.244146
114.009   0.9335 -0.33835 0.244133
114.01  0.933485 -0.338367  0.244122
114.011  0.933473 -0.338382  0.244114
114.012  0.933464 -0.338393  0.244106
114.014  0.933453 -0.338406  0.244098
114.015  0.933448 -0.338413  0.244094
114.016  0.933444 -0.338418  0.244091
114.017  0.933441 -0.338422  0.244088
114.018  0.933438 -0.338426  0.244085
114.019  0.933437 -0.338428  0.244083
114.021  0.933436 -0.338429  0.244082
114.022 0.933436 -0.33843 0.244081
114.023  0.933436 -0.338431   0.24408
114.024  0.933437 -0.338431  0.244079
114.025  0.933437 -0.338431  0.244078
114.026 0.933438 -0.33843 0.244078
114.027  0.932944 -0.338446  0.244203
114.029  0.932063 -0.338474  0.244428
114.03  0.930993 -0.338503  0.244702
114.031  0.930425 -0.338518  0.244848
114.032  0.929955 -0.338529   0.24497
114.033  0.929567 -0.338538   0.24507
114.034  0.929249 -0.338544  0.245153
114.036  0.928876 -0.338551   0.24525
114.037  0.928682 -0.338555    0.2453
114.038  0.928524 -0.338557  0.245342
114.039  0.928395 -0.338559  0.245376
114.04 0.928289 -0.33856 0.245404
114.041  0.928166 -0.338561  0.245437
114.043  0.928102 -0.338561  0.245454
114.044  0.928051 -0.338561  0.245467
114.045  0.928009 -0.338561  0.245479
114.046 0.927975 -0.33856 0.245488
114.047 0.927935 -0.33856 0.245499
114.048  0.927915 -0.338559  0.245505
114.05  0.927899 -0.338558   0.24551
114.051  0.927887 -0.338557  0.245513
114.052  0.927872 -0.338556  0.245518
114.053  0.927865 -0.338555   0.24552
114.054  0.927859 -0.338554  0.245522
114.055  0.927855 -0.338553  0.245524
114.057  0.927852 -0.338552  0.245525
114.058  0.927849 -0.338551  0.245527
114.059 0.927847 -0.33855 0.245528
114.06  0.927847 -0.338549  0.245528
114.061  0.927846 -0.338548  0.245529
114.062  0.927772 -0.339057  0.245166
114.063  0.927686 -0.339681   0.24472
114.065  0.927642 -0.340013  0.244481
114.066  0.927607 -0.340288  0.244283
114.067  0.927579 -0.340516  0.244119
114.068  0.927557 -0.340703  0.243983
114.069  0.927532 -0.340922  0.243824
114.07  0.927519 -0.341036  0.243741
114.072  0.927509 -0.341129  0.243673
114.073  0.927501 -0.341205  0.243617
114.074  0.927495 -0.341267  0.243572
114.075  0.927489 -0.341339  0.243519
114.076  0.927486 -0.341376  0.243491
114.077  0.927484 -0.341406  0.243468
114.079  0.927482 -0.341431   0.24345
114.08  0.927481 -0.341451  0.243435
114.081  0.927481 -0.341474  0.243417
114.082  0.927481 -0.341485  0.243408
114.083  0.927481 -0.341495  0.243401
114.084  0.927482 -0.341502  0.243395
114.086  0.927482 -0.341508   0.24339
114.087  0.927484 -0.341514  0.243384
114.088  0.927485 -0.341517  0.243381
114.089 0.927486 -0.34152 0.243379
114.09  0.927487 -0.341521  0.243377
114.091  0.927488 -0.341523  0.243375
114.093   0.92749 -0.341524  0.243374
114.094  0.927491 -0.341524  0.243373
114.095 0.926432 -0.34153 0.243744
114.096  0.925529 -0.341532  0.244061
114.097   0.92477 -0.341533  0.244328
114.098  0.923864 -0.341532  0.244649
114.1 0.923389 -0.34153 0.244818
114.101  0.922997 -0.341529  0.244957
114.102  0.922676 -0.341527  0.245072
114.103  0.922299 -0.341524  0.245206
114.104  0.922104 -0.341522  0.245276
114.105  0.921944 -0.341521  0.245334
114.106  0.921814 -0.341519  0.245381
114.108  0.921707 -0.341518  0.245419
114.109  0.921583 -0.341515  0.245465
114.11  0.921519 -0.341514  0.245488
114.111  0.921467 -0.341513  0.245507
114.112  0.921425 -0.341512  0.245523
114.113 0.921391 -0.34151 0.245536
114.115  0.921351 -0.341509  0.245551
114.116  0.921331 -0.341507  0.245559
114.117  0.921314 -0.341506  0.245565
114.118  0.921301 -0.341505   0.24557
114.119  0.921291 -0.341504  0.245575
114.12   0.92128 -0.341502   0.24558
114.122  0.921274 -0.341501  0.245583
114.123  0.92127  -0.3415 0.245585
114.124  0.921266 -0.341499  0.245587
114.125  0.921263 -0.341498  0.245589
114.126  0.921262 -0.341497   0.24559
114.127  0.921261 -0.341496  0.245591
114.129  0.921261 -0.341495  0.245591
114.13  0.921261 -0.341494  0.245592
114.131  0.921261 -0.341493  0.245593
114.132  0.920407 -0.342004  0.245658
114.133 0.919947 -0.34228 0.245693
114.134  0.919562 -0.342511  0.245723
114.136  0.919243 -0.342702  0.245748
114.137  0.918867 -0.342927  0.245777
114.138  0.918672 -0.343044  0.245793
114.139 0.918512 -0.34314 0.245805
114.14  0.918381 -0.343218  0.245816
114.141  0.918273 -0.343282  0.245824
114.142  0.918149 -0.343357  0.245834
114.144  0.918084 -0.343395  0.245839
114.145  0.918032 -0.343427  0.245844
114.146  0.917989 -0.343452  0.245847
114.147  0.917955 -0.343473   0.24585
114.148  0.917915 -0.343497  0.245854
114.149  0.917895 -0.343509  0.245855
114.151  0.917878 -0.343519  0.245857
114.152  0.917865 -0.343526  0.245858
114.153  0.917855 -0.343533  0.245859
114.154 0.917843 -0.34354  0.24586
114.155  0.917838 -0.343543  0.245861
114.156  0.917833 -0.343545  0.245861
114.158   0.91783 -0.343547  0.245862
114.159  0.917828 -0.343549  0.245862
114.16 0.917825 -0.34355 0.245862
114.161  0.918018 -0.343909  0.245514
114.162  0.918365 -0.344548  0.244891
114.163  0.918663 -0.345089  0.244363
114.165  0.918914 -0.345541   0.24392
114.166  0.919216 -0.346079  0.243391
114.167 0.919375 -0.34636 0.243114
114.168  0.919507 -0.346592  0.242886
114.169  0.919616 -0.346781  0.242699
114.17  0.919706 -0.346937  0.242545
114.172  0.919812 -0.347119  0.242365
114.173  0.919867 -0.347213  0.242271
114.174 0.919913 -0.34729 0.242195
114.175  0.919951 -0.347352  0.242132
114.176  0.919995 -0.347425  0.242059
114.177  0.920019 -0.347463  0.242021
114.178  0.920038 -0.347494  0.241989
114.18  0.920055 -0.347518  0.241964
114.181  0.920068 -0.347539  0.241943
114.182  0.920084 -0.347562  0.241919
114.183  0.920093 -0.347574  0.241907
114.184  0.920101 -0.347583  0.241896
114.185  0.920107 -0.347591  0.241888
114.187  0.920112 -0.347597  0.241881
114.188  0.920119 -0.347603  0.241873
114.189  0.920123 -0.347606  0.241869
114.19  0.920126 -0.347609  0.241866
114.191  0.920129 -0.347611  0.241863
114.192  0.920132 -0.347612  0.241861
114.194  0.919709 -0.347717  0.241942
114.195  0.918951 -0.347903   0.24209
114.196   0.91831 -0.348058  0.242216
114.197  0.917774 -0.348187  0.242322
114.198  0.917329 -0.348294   0.24241
114.199  0.916804 -0.348419  0.242514
114.201   0.91653 -0.348484  0.242569
114.202  0.916305 -0.348536  0.242614
114.203 0.916121 -0.34858 0.242651
114.204  0.915971 -0.348615  0.242682
114.205  0.915795 -0.348655  0.242717
114.206  0.915704 -0.348676  0.242736
114.207   0.91563 -0.348693  0.242751
114.209   0.91557 -0.348707  0.242764
114.21  0.915521 -0.348718  0.242774
114.211 0.915463 -0.34873 0.242786
114.212  0.915434 -0.348736  0.242792
114.213  0.915411 -0.348741  0.242797
114.214  0.915391 -0.348745  0.242802
114.216  0.915376 -0.348748  0.242805
114.217  0.915359 -0.348751  0.242809
114.218   0.91535 -0.348752  0.242812
114.219  0.915343 -0.348753  0.242813
114.22  0.915337 -0.348754  0.242815
114.221  0.915332 -0.348754  0.242817
114.223  0.915329 -0.348754  0.242818
114.224  0.915327 -0.348754  0.242819
114.225  0.915326 -0.348753  0.242819
114.226  0.915325 -0.348753   0.24282
114.227  0.915324 -0.348752  0.242821
114.228  0.914785 -0.348954  0.242839
114.23  0.914326 -0.349125  0.242855
114.231  0.913941 -0.349267  0.242869
114.232  0.913621 -0.349385  0.242881
114.233  0.913243 -0.349524  0.242895
114.234  0.913046 -0.349596  0.242902
114.235  0.912884 -0.349655  0.242908
114.236  0.912752 -0.349703  0.242913
114.238  0.912644 -0.349742  0.242918
114.239  0.912517 -0.349788  0.242923
114.24  0.912452 -0.349811  0.242925
114.241 0.912399 -0.34983 0.242927
114.242  0.912356 -0.349845  0.242929
114.243  0.912306 -0.349863  0.242931
114.245  0.912281 -0.349872  0.242932
114.246   0.91226 -0.349879  0.242933
114.247  0.912243 -0.349884  0.242934
114.248   0.91223 -0.349889  0.242935
114.249  0.912215 -0.349894  0.242936
114.25  0.912207 -0.349896  0.242936
114.252  0.912201 -0.349898  0.242937
114.253  0.912197 -0.349899  0.242937
114.254 0.912193  -0.3499 0.242937
114.255  0.91219  -0.3499 0.242938
114.256 0.912188  -0.3499 0.242938
114.257 0.912187  -0.3499 0.242938
114.259 0.912187  -0.3499 0.242938
114.26 0.912187  -0.3499 0.242939
114.261  0.912187 -0.349899  0.242939
114.262  0.911722 -0.350218  0.242952
114.263 0.911327 -0.35049 0.242963
114.264  0.910996 -0.350717  0.242973
114.266  0.910721 -0.350906  0.242981
114.267  0.910396 -0.351129  0.242991
114.268  0.910227 -0.351245  0.242996
114.269  0.910088 -0.351341     0.243
114.27  0.909974 -0.351418  0.243004
114.271  0.909882 -0.351482  0.243007
114.272  0.909774 -0.351556   0.24301
114.274  0.909718 -0.351595  0.243012
114.275  0.909673 -0.351626  0.243014
114.276  0.909636 -0.351651  0.243015
114.277  0.909606 -0.351672  0.243016
114.278  0.909572 -0.351695  0.243018
114.279  0.909554 -0.351707  0.243018
114.281   0.90954 -0.351717  0.243019
114.282  0.909529 -0.351725  0.243019
114.283   0.90952 -0.351731   0.24302
114.284   0.90951 -0.351738   0.24302
114.285  0.909505 -0.351741  0.243021
114.286  0.909501 -0.351744  0.243021
114.288  0.909498 -0.351746  0.243021
114.289  0.909496 -0.351748  0.243022
114.29  0.909494 -0.351749  0.243022
114.291  0.909494 -0.351749  0.243022
114.292  0.909493 -0.351749  0.243022
114.293  0.909493 -0.351749  0.243022
114.295  0.90916 -0.35184 0.243023
114.296 0.908565   -0.352 0.243025
114.297  0.908063 -0.352134  0.243026
114.298  0.907644 -0.352246  0.243028
114.299  0.907296 -0.352338  0.243029
114.3  0.906886 -0.352446  0.243031
114.301  0.906672 -0.352502  0.243032
114.303  0.906497 -0.352547  0.243032
114.304  0.906354 -0.352584  0.243033
114.305  0.906236 -0.352615  0.243034
114.306   0.9061 -0.35265 0.243034
114.307  0.906029 -0.352668  0.243035
114.308  0.905971 -0.352682  0.243035
114.31  0.905925 -0.352694  0.243035
114.311  0.905887 -0.352703  0.243036
114.312  0.905843 -0.352714  0.243036
114.313   0.90582 -0.352719  0.243036
114.314  0.905802 -0.352724  0.243036
114.315  0.905787 -0.352727  0.243037
114.317  0.905776 -0.352729  0.243037
114.318  0.905763 -0.352732  0.243037
114.319  0.905756 -0.352733  0.243037
114.32  0.905751 -0.352734  0.243037
114.321  0.905747 -0.352734  0.243037
114.322  0.905743 -0.352735  0.243038
114.324  0.905741 -0.352735  0.243038
114.325   0.90574 -0.352734  0.243038
114.326  0.905739 -0.352734  0.243038
114.327  0.905739 -0.352734  0.243038
114.328 0.905566 -0.35292 0.243049
114.329  0.905258 -0.353254  0.243069
114.331     0.905 -0.353535  0.243086
114.332 0.904785 -0.35377   0.2431
114.333  0.904608 -0.353965  0.243112
114.334  0.904461 -0.354125  0.243122
114.335   0.90429 -0.354314  0.243134
114.336  0.904201 -0.354412   0.24314
114.338  0.904129 -0.354492  0.243146
114.339   0.90407 -0.354558   0.24315
114.34  0.904022 -0.354611  0.243153
114.341  0.903966 -0.354673  0.243157
114.342  0.903938 -0.354705   0.24316
114.343  0.903915 -0.354731  0.243161
114.344  0.903896 -0.354753  0.243163
114.345 0.903881 -0.35477 0.243164
114.347 0.903864 -0.35479 0.243166
114.348 0.903856  -0.3548 0.243166
114.349  0.903849 -0.354808  0.243167
114.35  0.903844 -0.354814  0.243168
114.351   0.90384 -0.354819  0.243168
114.352  0.903836 -0.354825  0.243169
114.353  0.903834 -0.354827  0.243169
114.354 0.903832 -0.35483 0.243169
114.356  0.903832 -0.354831  0.243169
114.357  0.903831 -0.354832   0.24317
114.358  0.903831 -0.354833   0.24317
114.359  0.903831 -0.354833   0.24317
114.36  0.903832 -0.354833   0.24317
114.361  0.903833 -0.354833   0.24317
114.363  0.903487 -0.355172  0.243055
114.364  0.903067 -0.355585  0.242914
114.365  0.902844 -0.355805  0.242838
114.366  0.902659 -0.355987  0.242775
114.367  0.902507 -0.356138  0.242723
114.368  0.902329 -0.356314  0.242662
114.37  0.902237 -0.356406   0.24263
114.371  0.902162 -0.356481  0.242604
114.372  0.902101 -0.356542  0.242583
114.373  0.902051 -0.356592  0.242565
114.374 0.901993 -0.35665 0.242545
114.375 0.901963 -0.35668 0.242534
114.376  0.901939 -0.356705  0.242526
114.378  0.901919 -0.356724  0.242518
114.379 0.901904 -0.35674 0.242513
114.38  0.901886 -0.356759  0.242506
114.381  0.901877 -0.356768  0.242502
114.382   0.90187 -0.356775    0.2425
114.383  0.901864 -0.356781  0.242497
114.385   0.90186 -0.356786  0.242496
114.386  0.901855 -0.356791  0.242493
114.387  0.901853 -0.356794  0.242492
114.388  0.901852 -0.356796  0.242491
114.389  0.901851 -0.356797  0.242491
114.39   0.90185 -0.356798   0.24249
114.392   0.90185 -0.356799   0.24249
114.393  0.901851 -0.356799  0.242489
114.394  0.901851 -0.356799  0.242489
114.395  0.901894 -0.357278  0.242242
114.396  0.901934 -0.357685  0.242031
114.397  0.901985 -0.358176  0.241776
114.399  0.902013 -0.358435  0.241641
114.4  0.902037 -0.358649  0.241529
114.401  0.902058 -0.358825  0.241437
114.402  0.902083 -0.359032  0.241329
114.403  0.902097 -0.359139  0.241272
114.404  0.902108 -0.359226  0.241226
114.406  0.902118 -0.359298  0.241188
114.407  0.902126 -0.359356  0.241157
114.408  0.902136 -0.359424  0.241121
114.409  0.902142 -0.359459  0.241103
114.41  0.902147 -0.359488  0.241087
114.411  0.902151 -0.359511  0.241075
114.413 0.902154 -0.35953 0.241065
114.414  0.902159 -0.359551  0.241053
114.415  0.902162 -0.359562  0.241047
114.416  0.902164 -0.359571  0.241042
114.417  0.902166 -0.359578  0.241038
114.418  0.902168 -0.359584  0.241034
114.419 0.902171 -0.35959  0.24103
114.421  0.902173 -0.359593  0.241029
114.422  0.902175 -0.359596  0.241027
114.423  0.902176 -0.359597  0.241026
114.424  0.902178 -0.359598  0.241025
114.425  0.90218  -0.3596 0.241024
114.426  0.901823 -0.359638  0.241096
114.428  0.901186 -0.359705  0.241226
114.429 0.900648 -0.35976 0.241337
114.43  0.900198 -0.359806   0.24143
114.431  0.899663 -0.359858  0.241541
114.432  0.899383 -0.359885  0.241599
114.433  0.899154 -0.359907  0.241647
114.435  0.898965 -0.359924  0.241687
114.436  0.898745 -0.359945  0.241733
114.437   0.89863 -0.359955  0.241758
114.438  0.898537 -0.359963  0.241778
114.439  0.898461 -0.359969  0.241794
114.44  0.898399 -0.359975  0.241807
114.442  0.898348 -0.359979  0.241818
114.443  0.898289 -0.359983  0.241831
114.444  0.898259 -0.359985  0.241838
114.445  0.898235 -0.359987  0.241843
114.446  0.898215 -0.359988  0.241848
114.447  0.898199 -0.359988  0.241852
114.448  0.898181 -0.359989  0.241856
114.45  0.898171 -0.359989  0.241858
114.451  0.898164 -0.359989   0.24186
114.452  0.898158 -0.359989  0.241862
114.453  0.898152 -0.359988  0.241864
114.454  0.898149 -0.359988  0.241865
114.455  0.898147 -0.359987  0.241866
114.457  0.898145 -0.359986  0.241866
114.458  0.898144 -0.359986  0.241867
114.459  0.898144 -0.359985  0.241868
114.46  0.898143 -0.359984  0.241868
114.461  0.897886 -0.360305  0.241791
114.462  0.897668 -0.360579  0.241725
114.464  0.897486 -0.360808  0.241669
114.465   0.89727 -0.361081  0.241603
114.466  0.897158 -0.361223  0.241568
114.467  0.897066 -0.361341  0.241539
114.468   0.89699 -0.361437  0.241516
114.469  0.896929 -0.361516  0.241497
114.471  0.896857 -0.361608  0.241474
114.472   0.89682 -0.361655  0.241462
114.473  0.896791 -0.361694  0.241453
114.474  0.896766 -0.361725  0.241445
114.475  0.896747 -0.361751  0.241439
114.476  0.896724 -0.361781  0.241431
114.478  0.896713 -0.361796  0.241428
114.479  0.896704 -0.361808  0.241425
114.48  0.896697 -0.361818  0.241422
114.481  0.896691 -0.361826   0.24142
114.482  0.896685 -0.361835  0.241418
114.483  0.896682 -0.361839  0.241416
114.485   0.89668 -0.361843  0.241415
114.486  0.896678 -0.361845  0.241415
114.487  0.896677 -0.361847  0.241414
114.488 0.896676 -0.36185 0.241413
114.489 0.896676 -0.36185 0.241413
114.49  0.896676 -0.361851  0.241413
114.491  0.896676 -0.361851  0.241413
114.493  0.896623 -0.362035   0.24134
114.494   0.89653 -0.362363  0.241212
114.495  0.896453 -0.362639  0.241102
114.496   0.89639 -0.362869  0.241011
114.497  0.896338 -0.363061  0.240935
114.498  0.896278 -0.363286  0.240845
114.5  0.896248 -0.363404  0.240798
114.501 0.896223  -0.3635  0.24076
114.502  0.896203 -0.363578  0.240728
114.503  0.896187 -0.363643  0.240703
114.504  0.896168 -0.363718  0.240672
114.505  0.896159 -0.363756  0.240657
114.507  0.896152 -0.363788  0.240644
114.508  0.896146 -0.363814  0.240633
114.509  0.896142 -0.363834  0.240625
114.51  0.896137 -0.363858  0.240615
114.511  0.896134 -0.363871   0.24061
114.512 0.896133 -0.36388 0.240606
114.514  0.896132 -0.363888  0.240602
114.515  0.896131 -0.363895    0.2406
114.516   0.89613 -0.363902  0.240596
114.517   0.89613 -0.363905  0.240595
114.518  0.896131 -0.363908  0.240594
114.519 0.896131 -0.36391 0.240593
114.52  0.896132 -0.363911  0.240592
114.522  0.896133 -0.363913  0.240591
114.523  0.896133 -0.363914   0.24059
114.524  0.896134 -0.363914   0.24059
114.525  0.896135 -0.363914   0.24059
114.526  0.896136 -0.363914   0.24059
114.527  0.895688 -0.363895  0.240757
114.529 0.894889 -0.36386 0.241057
114.53 0.894212 -0.36383 0.241312
114.531  0.893646 -0.363803  0.241526
114.532 0.893176 -0.36378 0.241703
114.533   0.89262 -0.363751  0.241914
114.534   0.89233 -0.363736  0.242025
114.536  0.892092 -0.363723  0.242115
114.537  0.891897 -0.363713   0.24219
114.538 0.891669  -0.3637 0.242277
114.539  0.891551 -0.363693  0.242323
114.54  0.891455 -0.363687   0.24236
114.541  0.891376 -0.363682   0.24239
114.543  0.891312 -0.363677  0.242415
114.544  0.891237 -0.363672  0.242445
114.545  0.891199 -0.363669   0.24246
114.546  0.891167 -0.363667  0.242472
114.547  0.891142 -0.363665  0.242482
114.548  0.891122 -0.363663  0.242491
114.55 0.891098 -0.36366   0.2425
114.551  0.891086 -0.363658  0.242506
114.552  0.891076 -0.363657   0.24251
114.553  0.891069 -0.363656  0.242513
114.554  0.891063 -0.363655  0.242516
114.555  0.891056 -0.363653  0.242519
114.556  0.891053 -0.363652  0.242521
114.558  0.891051 -0.363651  0.242522
114.559 0.891049 -0.36365 0.242524
114.56  0.891048 -0.363649  0.242524
114.561  0.891047 -0.363648  0.242526
114.562  0.891047 -0.363647  0.242526
114.563  0.890937 -0.363982  0.242441
114.565  0.890845 -0.364266  0.242369
114.566  0.890769 -0.364505  0.242308
114.567 0.890681 -0.36479 0.242235
114.568  0.890635 -0.364939  0.242196
114.569  0.890598 -0.365062  0.242165
114.57  0.890568 -0.365162  0.242139
114.572 0.890533 -0.36528 0.242108
114.573  0.890516 -0.365341  0.242092
114.574  0.890501 -0.365391  0.242079
114.575   0.89049 -0.365431  0.242069
114.576  0.890481 -0.365465   0.24206
114.577  0.890474 -0.365491  0.242053
114.579  0.890466 -0.365523  0.242045
114.58  0.890462 -0.365539   0.24204
114.581  0.890459 -0.365552  0.242037
114.582  0.890457 -0.365562  0.242034
114.583  0.890455 -0.365574  0.242031
114.584 0.890454 -0.36558 0.242029
114.586  0.890453 -0.365585  0.242028
114.587  0.890453 -0.365589  0.242027
114.588  0.890453 -0.365592  0.242026
114.589  0.890454 -0.365595  0.242025
114.59  0.890454 -0.365596  0.242024
114.591  0.890455 -0.365597  0.242024
114.592  0.890499 -0.365844  0.241857
114.594  0.890578 -0.366284  0.241559
114.595  0.890679 -0.366818  0.241195
114.596  0.890734 -0.367102  0.241002
114.597   0.89078 -0.367336  0.240842
114.598  0.890819 -0.367529  0.240709
114.599  0.890851 -0.367688    0.2406
114.601   0.89089 -0.367874  0.240472
114.602  0.890911 -0.367971  0.240406
114.603 0.890928 -0.36805 0.240351
114.604  0.890942 -0.368114  0.240306
114.605  0.890954 -0.368167   0.24027
114.606  0.890969 -0.368228  0.240227
114.608 0.890976 -0.36826 0.240205
114.609  0.890983 -0.368285  0.240187
114.61  0.890988 -0.368306  0.240172
114.611  0.890993 -0.368323   0.24016
114.612  0.890999 -0.368343  0.240146
114.613  0.891002 -0.368353  0.240139
114.615  0.891005 -0.368361  0.240133
114.616  0.891008 -0.368367  0.240128
114.617  0.891011 -0.368374  0.240122
114.618  0.891013 -0.368378  0.240119
114.619 0.891015 -0.36838 0.240117
114.62  0.891016 -0.368383  0.240115
114.622  0.891018 -0.368384  0.240114
114.623   0.89102 -0.368386  0.240112
114.624  0.891021 -0.368386  0.240111
114.625  0.891023 -0.368387   0.24011
114.626  0.891024 -0.368387   0.24011
114.627  0.891025 -0.368387  0.240109
114.628  0.891027 -0.368386  0.240109
114.63  0.890825 -0.368589  0.240095
114.631  0.890655 -0.368761  0.240083
114.632  0.890513 -0.368905  0.240073
114.633  0.890396 -0.369024  0.240065
114.634  0.890257 -0.369165  0.240056
114.635  0.890185 -0.369238  0.240051
114.637  0.890126 -0.369298  0.240047
114.638  0.890078 -0.369347  0.240044
114.639  0.890039 -0.369387  0.240042
114.64  0.889994 -0.369433  0.240039
114.641  0.889971 -0.369457  0.240037
114.642  0.889952 -0.369476  0.240036
114.644  0.889936 -0.369492  0.240035
114.645  0.889924 -0.369505  0.240034
114.646   0.88991 -0.369519  0.240033
114.647  0.889903 -0.369527  0.240033
114.648  0.889897 -0.369533  0.240033
114.649  0.889893 -0.369537  0.240032
114.651   0.88989 -0.369541  0.240032
114.652  0.889886 -0.369545  0.240032
114.653  0.889884 -0.369547  0.240032
114.654  0.889883 -0.369548  0.240032
114.655  0.889882 -0.369549  0.240032
114.656 0.889882 -0.36955 0.240032
114.657 0.889881 -0.36955 0.240032
114.659 0.889881 -0.36955 0.240032
114.66 0.889882 -0.36955 0.240032
114.661 0.889882 -0.36955 0.240032
114.662 0.889883 -0.36955 0.240033
114.663  0.889883 -0.369549  0.240033
114.664  0.889884 -0.369549  0.240033
114.666  0.889885 -0.369548  0.240033
114.667  0.889886 -0.369548  0.240033
114.668  0.889887 -0.369547  0.240033
114.669  0.889888 -0.369546  0.240033
114.67  0.889888 -0.369545  0.240033
114.671  0.889889 -0.369545  0.240034
114.673   0.88989 -0.369544  0.240034
114.674  0.889891 -0.369543  0.240034
114.675  0.889892 -0.369542  0.240034
114.676  0.889893 -0.369541  0.240034
114.677  0.889894 -0.369541  0.240034
114.678 0.889895 -0.36954 0.240034
114.68  0.889896 -0.369539  0.240034
114.681  0.889897 -0.369538  0.240035
114.682  0.889898 -0.369537  0.240035
114.683  0.889899 -0.369536  0.240035
114.684    0.8899 -0.369535  0.240035
114.685  0.889901 -0.369534  0.240035
114.687  0.889902 -0.369534  0.240035
114.688  0.889903 -0.369533  0.240035
114.689  0.889904 -0.369532  0.240035
114.69  0.889905 -0.369531  0.240036
114.691 0.889906 -0.36953 0.240036
114.692 0.889907 -0.36953 0.240036
114.693  0.889908 -0.369529  0.240036
114.695  0.889909 -0.369528  0.240036
114.695   0.88991 -0.369527  0.240036
114.696  0.889911 -0.369526  0.240036
114.698  0.889912 -0.369526  0.240037
114.699  0.889913 -0.369525  0.240037
114.7  0.889914 -0.369524  0.240037
114.701  0.889915 -0.369523  0.240037
114.702  0.889916 -0.369522  0.240037
114.703  0.889917 -0.369522  0.240037
114.705  0.889917 -0.369521  0.240037
114.706 0.889918 -0.36952 0.240037
114.707   0.88992 -0.369519  0.240038
114.708   0.88992 -0.369518  0.240038
114.709  0.889921 -0.369518  0.240038
114.71  0.889922 -0.369517  0.240038
114.712  0.889923 -0.369516  0.240038
114.713  0.889924 -0.369515  0.240038
114.714  0.889925 -0.369515  0.240038
114.715  0.889926 -0.369514  0.240038
114.716  0.889927 -0.369513  0.240038
114.717  0.889927 -0.369512  0.240039
114.719  0.889929 -0.369511  0.240039
114.72  0.889929 -0.369511  0.240039
114.721  0.88993 -0.36951 0.240039
114.722  0.889931 -0.369509  0.240039
114.723  0.889932 -0.369509  0.240039
114.724  0.889933 -0.369508  0.240039
114.725  0.889934 -0.369507  0.240039
114.727  0.889935 -0.369506   0.24004
114.728  0.889935 -0.369506   0.24004
114.729  0.889937 -0.369505   0.24004
114.73  0.889937 -0.369504   0.24004
114.731  0.889938 -0.369503   0.24004
114.733  0.889939 -0.369502   0.24004
114.734   0.88994 -0.369502   0.24004
114.735  0.889941 -0.369501   0.24004
114.736 0.889942  -0.3695  0.24004
114.738 0.889943  -0.3695 0.240041
114.739  0.889943 -0.369499  0.240041
114.74  0.889944 -0.369498  0.240041
114.741  0.889945 -0.369498  0.240041
114.742  0.889946 -0.369497  0.240041
114.743  0.889947 -0.369496  0.240041
114.745  0.889947 -0.369496  0.240041
114.746  0.889948 -0.369495  0.240041
114.747  0.889949 -0.369494  0.240041
114.748   0.88995 -0.369494  0.240042
114.749   0.88995 -0.369493  0.240042
114.75  0.889951 -0.369492  0.240042
114.752  0.889952 -0.369492  0.240042
114.753  0.889953 -0.369491  0.240042
114.754  0.889953 -0.369491  0.240042
114.755 0.889954 -0.36949 0.240042
114.756  0.889955 -0.369489  0.240042
114.757  0.889956 -0.369488  0.240042
114.759  0.889957 -0.369488  0.240042
114.76  0.889957 -0.369487  0.240043
114.761  0.889958 -0.369487  0.240043
114.762  0.889959 -0.369486  0.240043
114.763   0.88996 -0.369485  0.240043
114.764  0.889961 -0.369485  0.240043
114.766  0.889961 -0.369484  0.240043
114.767  0.889962 -0.369483  0.240043
114.768  0.889963 -0.369482  0.240043
114.769  0.889964 -0.369482  0.240043
114.77  0.889964 -0.369481  0.240044
114.771  0.889965 -0.369481  0.240044
114.772 0.889966 -0.36948 0.240044
114.774  0.889967 -0.369479  0.240044
114.775  0.889968 -0.369479  0.240044
114.776  0.889968 -0.369478  0.240044
114.777  0.889969 -0.369477  0.240044
114.778   0.88997 -0.369477  0.240044
114.779  0.889971 -0.369476  0.240044
114.781  0.889971 -0.369475  0.240044
114.782  0.889972 -0.369475  0.240045
114.783  0.889973 -0.369474  0.240045
114.784  0.889974 -0.369473  0.240045
114.785  0.889974 -0.369473  0.240045
114.786  0.889975 -0.369472  0.240045
114.788  0.889976 -0.369472  0.240045
114.789  0.889976 -0.369471  0.240045
114.79 0.889977 -0.36947 0.240045
114.791 0.889978 -0.36947 0.240045
114.792  0.889979 -0.369469  0.240045
114.793  0.889979 -0.369469  0.240045
114.795   0.88998 -0.369468  0.240046
114.796  0.889981 -0.369467  0.240046
114.797  0.889982 -0.369467  0.240046
114.798  0.889982 -0.369466  0.240046
114.799  0.889983 -0.369466  0.240046
114.8  0.889984 -0.369465  0.240046
114.802  0.889985 -0.369464  0.240046
114.803  0.889985 -0.369464  0.240046
114.804  0.889986 -0.369463  0.240046
114.805  0.889986 -0.369463  0.240046
114.806  0.889987 -0.369462  0.240047
114.807  0.889988 -0.369461  0.240047
114.808  0.889989 -0.369461  0.240047
114.81 0.889989 -0.36946 0.240047
114.811  0.88999 -0.36946 0.240047
114.812   0.88999 -0.369459  0.240047
114.813  0.889991 -0.369459  0.240047
114.814  0.889992 -0.369458  0.240047
114.815  0.889993 -0.369458  0.240047
114.817  0.889993 -0.369457  0.240047
114.818  0.889994 -0.369457  0.240047
114.819  0.889995 -0.369456  0.240048
114.82  0.889995 -0.369455  0.240048
114.821  0.889996 -0.369455  0.240048
114.822  0.889997 -0.369454  0.240048
114.824  0.889997 -0.369454  0.240048
114.825  0.889998 -0.369453  0.240048
114.826  0.889722 -0.369535  0.240117
114.827   0.88923 -0.369682  0.240241
114.828  0.888813 -0.369806  0.240346
114.829  0.888313 -0.369953  0.240473
114.831  0.888049 -0.370031   0.24054
114.832  0.887832 -0.370095  0.240595
114.833  0.887653 -0.370147   0.24064
114.834 0.887507 -0.37019 0.240678
114.835 0.887335 -0.37024 0.240722
114.836  0.887246 -0.370266  0.240745
114.838  0.887173 -0.370287  0.240764
114.839  0.887113 -0.370304  0.240779
114.84  0.887065 -0.370318  0.240792
114.841  0.887008 -0.370334  0.240806
114.842  0.886979 -0.370342  0.240814
114.843  0.886955 -0.370349   0.24082
114.845  0.886936 -0.370354  0.240825
114.846   0.88692 -0.370358   0.24083
114.847  0.886902 -0.370363  0.240835
114.848  0.886892 -0.370366  0.240837
114.849  0.886885 -0.370367  0.240839
114.85  0.886879 -0.370369  0.240841
114.851 0.886872 -0.37037 0.240843
114.853  0.886869 -0.370371  0.240844
114.854  0.886866 -0.370372  0.240845
114.855  0.886864 -0.370372  0.240846
114.856  0.886863 -0.370372  0.240846
114.857  0.886861 -0.370372  0.240847
114.858   0.88686 -0.370372  0.240848
114.86   0.88686 -0.370372  0.240848
114.861   0.88686 -0.370372  0.240848
114.862   0.88686 -0.370371  0.240848
114.863   0.88686 -0.370371  0.240849
114.864   0.88686 -0.370371  0.240849
114.865  0.88686 -0.37037 0.240849
114.867  0.88686 -0.37037 0.240849
114.868  0.886861 -0.370369  0.240849
114.869  0.886862 -0.370369  0.240849
114.87  0.886862 -0.370368  0.240849
114.871  0.886863 -0.370368  0.240849
114.872  0.886863 -0.370367  0.240849
114.874  0.886864 -0.370367  0.240849
114.875  0.886865 -0.370366   0.24085
114.876  0.886865 -0.370366   0.24085
114.877  0.886866 -0.370365   0.24085
114.878  0.886866 -0.370365   0.24085
114.879  0.886867 -0.370364   0.24085
114.88  0.886868 -0.370364   0.24085
114.882  0.886869 -0.370363   0.24085
114.883  0.886869 -0.370363   0.24085
114.884   0.88687 -0.370362   0.24085
114.885   0.88687 -0.370362   0.24085
114.886  0.886871 -0.370361   0.24085
114.887  0.886872 -0.370361   0.24085
114.889 0.886872 -0.37036  0.24085
114.89 0.886873 -0.37036  0.24085
114.891  0.886874 -0.370359   0.24085
114.892  0.886875 -0.370359   0.24085
114.893  0.886875 -0.370358   0.24085
114.894  0.886876 -0.370358   0.24085
114.896  0.886876 -0.370357   0.24085
114.897  0.886877 -0.370357   0.24085
114.898  0.886878 -0.370356   0.24085
114.899  0.886879 -0.370356   0.24085
114.9  0.886879 -0.370356   0.24085
114.902   0.88688 -0.370355   0.24085
114.903  0.886881 -0.370354  0.240851
114.904  0.886881 -0.370354  0.240851
114.905  0.886882 -0.370354  0.240851
114.906  0.886882 -0.370353  0.240851
114.907  0.886883 -0.370353  0.240851
114.908  0.886884 -0.370352  0.240851
114.91  0.886884 -0.370352  0.240851
114.911  0.886885 -0.370351  0.240851
114.912  0.886886 -0.370351  0.240851
114.913 0.886886 -0.37035 0.240851
114.914 0.886887 -0.37035 0.240851
114.915  0.886888 -0.370349  0.240851
114.917  0.886888 -0.370349  0.240851
114.918  0.886889 -0.370348  0.240851
114.919  0.886889 -0.370348  0.240851
114.92   0.88689 -0.370348  0.240851
114.921  0.886891 -0.370347  0.240851
114.922  0.886891 -0.370347  0.240851
114.924  0.886892 -0.370346  0.240851
114.925  0.886893 -0.370346  0.240851
114.926  0.886893 -0.370345  0.240851
114.927  0.886894 -0.370345  0.240851
114.928  0.886894 -0.370344  0.240851
114.929  0.886895 -0.370344  0.240851
114.931  0.886896 -0.370343  0.240851
114.932  0.886896 -0.370343  0.240851
114.933  0.886897 -0.370343  0.240851
114.934  0.886897 -0.370342  0.240851
114.935  0.886898 -0.370342  0.240851
114.936  0.886899 -0.370341  0.240851
114.937  0.886899 -0.370341  0.240852
114.939    0.8869 -0.370341  0.240852
114.94   0.8869 -0.37034 0.240852
114.941 0.886901 -0.37034 0.240852
114.942  0.886901 -0.370339  0.240852
114.943  0.886902 -0.370339  0.240852
114.944  0.886902 -0.370338  0.240852
114.946  0.886903 -0.370338  0.240852
114.947  0.886904 -0.370338  0.240852
114.948  0.886904 -0.370337  0.240852
114.949  0.886905 -0.370337  0.240852
114.95  0.886905 -0.370336  0.240852
114.951  0.886906 -0.370336  0.240852
114.953  0.886907 -0.370335  0.240852
114.954  0.886907 -0.370335  0.240852
114.955  0.886908 -0.370335  0.240852
114.956  0.886908 -0.370334  0.240852
114.957  0.886909 -0.370334  0.240852
114.958  0.886909 -0.370333  0.240852
114.96   0.88691 -0.370333  0.240852
114.961   0.88691 -0.370333  0.240852
114.962  0.886911 -0.370332  0.240852
114.963  0.886912 -0.370332  0.240852
114.964  0.886912 -0.370331  0.240852
114.965  0.886913 -0.370331  0.240852
114.967  0.886913 -0.370331  0.240852
114.968 0.886914 -0.37033 0.240852
114.969 0.886914 -0.37033 0.240852
114.97  0.886915 -0.370329  0.240852
114.971  0.886915 -0.370329  0.240852
114.972  0.886916 -0.370329  0.240852
114.974  0.886916 -0.370328  0.240852
114.975  0.886917 -0.370328  0.240852
114.976  0.886917 -0.370328  0.240853
114.977  0.886918 -0.370327  0.240853
114.978  0.886918 -0.370327  0.240853
114.979  0.886919 -0.370326  0.240853
114.98  0.886919 -0.370326  0.240853
114.982   0.88692 -0.370326  0.240853
114.983   0.88692 -0.370325  0.240853
114.984  0.886921 -0.370325  0.240853
114.985  0.886922 -0.370325  0.240853
114.986  0.886922 -0.370324  0.240853
114.987  0.886922 -0.370324  0.240853
114.989  0.886923 -0.370323  0.240853
114.99  0.886923 -0.370323  0.240853
114.991  0.886924 -0.370323  0.240853
114.992  0.886924 -0.370322  0.240853
114.993  0.886925 -0.370322  0.240853
114.994  0.886925 -0.370322  0.240853
114.996  0.886926 -0.370321  0.240853
114.997  0.886926 -0.370321  0.240853
114.998  0.886927 -0.370321  0.240853
114.999 0.886927 -0.37032 0.240853
115 0.886928 -0.37032 0.240853
115.001 0.886928 -0.37032 0.240853
115.003  0.886929 -0.370319  0.240853
115.004  0.886929 -0.370319  0.240853
115.005   0.88693 -0.370318  0.240853
115.006   0.88693 -0.370318  0.240853
115.007  0.886931 -0.370318  0.240853
115.008  0.886931 -0.370317  0.240853
115.01  0.886932 -0.370317  0.240853
115.011  0.886932 -0.370317  0.240853
115.012  0.886933 -0.370316  0.240853
115.013  0.886933 -0.370316  0.240853
115.014  0.886934 -0.370316  0.240853
115.015  0.886934 -0.370315  0.240853
115.016  0.886934 -0.370315  0.240853
115.018  0.886935 -0.370315  0.240853
115.019  0.886936 -0.370314  0.240854
115.02  0.886936 -0.370314  0.240854
115.021  0.886936 -0.370314  0.240854
115.022  0.886937 -0.370313  0.240854
115.023  0.886937 -0.370313  0.240854
115.025  0.886938 -0.370313  0.240854
115.026  0.886938 -0.370312  0.240854
115.027  0.886939 -0.370312  0.240854
115.028  0.886939 -0.370312  0.240854
115.029  0.886939 -0.370311  0.240854
115.03   0.88694 -0.370311  0.240854
115.032   0.88694 -0.370311  0.240854
115.033 0.886941 -0.37031 0.240854
115.034 0.886941 -0.37031 0.240854
115.035 0.886942 -0.37031 0.240854
115.036  0.886942 -0.370309  0.240854
115.037  0.886943 -0.370309  0.240854
115.039  0.886943 -0.370309  0.240854
115.04  0.886943 -0.370309  0.240854
115.041  0.886944 -0.370308  0.240854
115.042  0.886944 -0.370308  0.240854
115.043  0.886945 -0.370308  0.240854
115.044  0.886945 -0.370307  0.240854
115.046  0.886945 -0.370307  0.240854
115.046  0.886946 -0.370307  0.240854
115.047  0.886946 -0.370306  0.240854
115.049  0.886947 -0.370306  0.240854
115.05  0.886947 -0.370306  0.240854
115.051  0.886948 -0.370305  0.240854
115.052  0.886948 -0.370305  0.240854
115.053  0.886949 -0.370305  0.240854
115.054  0.886949 -0.370304  0.240854
115.056  0.886949 -0.370304  0.240854
115.057   0.88695 -0.370304  0.240854
115.058   0.88695 -0.370304  0.240854
115.059  0.886951 -0.370303  0.240854
115.06  0.886951 -0.370303  0.240854
115.061  0.886951 -0.370303  0.240854
115.063  0.886952 -0.370302  0.240854
115.064  0.886952 -0.370302  0.240854
115.065  0.886953 -0.370302  0.240854
115.066  0.886953 -0.370302  0.240854
115.067  0.886953 -0.370301  0.240854
115.068  0.886954 -0.370301  0.240854
115.069  0.886954 -0.370301  0.240855
115.071 0.886955  -0.3703 0.240855
115.072 0.886955  -0.3703 0.240855
115.073 0.886955  -0.3703 0.240855
115.074  0.886956 -0.370299  0.240855
115.075  0.886956 -0.370299  0.240855
115.076  0.886956 -0.370299  0.240855
115.078  0.886957 -0.370299  0.240855
115.079  0.886957 -0.370298  0.240855
115.08  0.886958 -0.370298  0.240855
115.081  0.886958 -0.370298  0.240855
115.082  0.886958 -0.370298  0.240855
115.083  0.886959 -0.370297  0.240855
115.085  0.886959 -0.370297  0.240855
115.086   0.88696 -0.370297  0.240855
115.087   0.88696 -0.370296  0.240855
115.088   0.88696 -0.370296  0.240855
115.089  0.886961 -0.370296  0.240855
115.09  0.886961 -0.370296  0.240855
115.092  0.886961 -0.370295  0.240855
115.093  0.886962 -0.370295  0.240855
115.094  0.886962 -0.370295  0.240855
115.095  0.886962 -0.370295  0.240855
115.096  0.886963 -0.370294  0.240855
115.097  0.886963 -0.370294  0.240855
115.099  0.886964 -0.370294  0.240855
115.1  0.886964 -0.370294  0.240855
115.101  0.886964 -0.370293  0.240855
115.102  0.886965 -0.370293  0.240855
115.103  0.886965 -0.370293  0.240855
115.104  0.886965 -0.370292  0.240855
115.105  0.886966 -0.370292  0.240855
115.107  0.886966 -0.370292  0.240855
115.108  0.886966 -0.370292  0.240855
115.109  0.886967 -0.370291  0.240855
115.11  0.886967 -0.370291  0.240855
115.111  0.886967 -0.370291  0.240855
115.113  0.886968 -0.370291  0.240855
115.114 0.886968 -0.37029 0.240855
115.115 0.886968 -0.37029 0.240855
115.116 0.886969 -0.37029 0.240855
115.117 0.886969 -0.37029 0.240855
115.118  0.886969 -0.370289  0.240855
115.119   0.88697 -0.370289  0.240855
115.121   0.88697 -0.370289  0.240855
115.122   0.88697 -0.370289  0.240855
115.123  0.886971 -0.370288  0.240855
115.124  0.886971 -0.370288  0.240855
115.125  0.886972 -0.370288  0.240855
115.126  0.886972 -0.370288  0.240855
115.128  0.886972 -0.370287  0.240855
115.129  0.886972 -0.370287  0.240856
115.13  0.886973 -0.370287  0.240856
115.131  0.886973 -0.370287  0.240856
115.132  0.886973 -0.370286  0.240856
115.133  0.886974 -0.370286  0.240856
115.135  0.886974 -0.370286  0.240856
115.136  0.886975 -0.370286  0.240856
115.137  0.886975 -0.370286  0.240856
115.138  0.886975 -0.370285  0.240856
115.139  0.886975 -0.370285  0.240856
115.14  0.886976 -0.370285  0.240856
115.142  0.886976 -0.370285  0.240856
115.143  0.886976 -0.370284  0.240856
115.144  0.886977 -0.370284  0.240856
115.145  0.886977 -0.370284  0.240856
115.146  0.886977 -0.370284  0.240856
115.147  0.886978 -0.370283  0.240856
115.149  0.886978 -0.370283  0.240856
115.15  0.886978 -0.370283  0.240856
115.151  0.886979 -0.370283  0.240856
115.152  0.886979 -0.370283  0.240856
115.153  0.886979 -0.370282  0.240856
115.154  0.886979 -0.370282  0.240856
115.156   0.88698 -0.370282  0.240856
115.157   0.88698 -0.370282  0.240856
115.158   0.88698 -0.370281  0.240856
115.159  0.886981 -0.370281  0.240856
115.16  0.886981 -0.370281  0.240856
115.161  0.886981 -0.370281  0.240856
115.162  0.886982 -0.370281  0.240856
115.164 0.886982 -0.37028 0.240856
115.165 0.886982 -0.37028 0.240856
115.166 0.886982 -0.37028 0.240856
115.167 0.886983 -0.37028 0.240856
115.168 0.886983 -0.37028 0.240856
115.169  0.886983 -0.370279  0.240856
115.171  0.886984 -0.370279  0.240856
115.172  0.886984 -0.370279  0.240856
115.173  0.886984 -0.370279  0.240856
115.174  0.886984 -0.370278  0.240856
115.175  0.886985 -0.370278  0.240856
115.176  0.886985 -0.370278  0.240856
115.178  0.886985 -0.370278  0.240856
115.179  0.886986 -0.370278  0.240856
115.18  0.886986 -0.370277  0.240856
115.181  0.886986 -0.370277  0.240856
115.182  0.886986 -0.370277  0.240856
115.183  0.886987 -0.370277  0.240856
115.185  0.886987 -0.370277  0.240856
115.186  0.886987 -0.370276  0.240856
115.187  0.886988 -0.370276  0.240856
115.188  0.886988 -0.370276  0.240856
115.189  0.886988 -0.370276  0.240856
115.19  0.886988 -0.370276  0.240856
115.192  0.886989 -0.370275  0.240856
115.193  0.886989 -0.370275  0.240856
115.194  0.886989 -0.370275  0.240856
115.195  0.886989 -0.370275  0.240856
115.196   0.88699 -0.370275  0.240856
115.197   0.88699 -0.370274  0.240856
115.198   0.88699 -0.370274  0.240856
115.2  0.886991 -0.370274  0.240856
115.201  0.886991 -0.370274  0.240857
115.202  0.886991 -0.370274  0.240857
115.203  0.886991 -0.370273  0.240857
115.204  0.886992 -0.370273  0.240857
115.205  0.886992 -0.370273  0.240857
115.207  0.886992 -0.370273  0.240857
115.208  0.886992 -0.370273  0.240857
115.209  0.886993 -0.370272  0.240857
115.21  0.886993 -0.370272  0.240857
115.211  0.886993 -0.370272  0.240857
115.212  0.886993 -0.370272  0.240857
115.214  0.886994 -0.370272  0.240857
115.215  0.886994 -0.370271  0.240857
115.216  0.886994 -0.370271  0.240857
115.217  0.886994 -0.370271  0.240857
115.218  0.886995 -0.370271  0.240857
115.219  0.886995 -0.370271  0.240857
115.221  0.886995 -0.370271  0.240857
115.222 0.886995 -0.37027 0.240857
115.223 0.886996 -0.37027 0.240857
115.224 0.886996 -0.37027 0.240857
115.225 0.886996 -0.37027 0.240857
115.226 0.886996 -0.37027 0.240857
115.227 0.886997 -0.37027 0.240857
115.229  0.886997 -0.370269  0.240857
115.23  0.886997 -0.370269  0.240857
115.231  0.886997 -0.370269  0.240857
115.232  0.886998 -0.370269  0.240857
115.233  0.886998 -0.370269  0.240857
115.234  0.886998 -0.370268  0.240857
115.236  0.886998 -0.370268  0.240857
115.237  0.886999 -0.370268  0.240857
115.238  0.886999 -0.370268  0.240857
115.239  0.886999 -0.370268  0.240857
115.24  0.886999 -0.370268  0.240857
115.241     0.887 -0.370267  0.240857
115.243     0.887 -0.370267  0.240857
115.244     0.887 -0.370267  0.240857
115.245     0.887 -0.370267  0.240857
115.246     0.887 -0.370267  0.240857
115.247  0.887001 -0.370267  0.240857
115.248  0.887001 -0.370266  0.240857
115.25  0.887001 -0.370266  0.240857
115.251  0.887001 -0.370266  0.240857
115.252  0.887002 -0.370266  0.240857
115.253  0.887002 -0.370266  0.240857
115.254  0.887002 -0.370266  0.240857
115.255  0.887002 -0.370265  0.240857
115.256  0.887003 -0.370265  0.240857
115.258  0.887003 -0.370265  0.240857
115.259  0.887003 -0.370265  0.240857
115.26  0.887003 -0.370265  0.240857
115.261  0.887003 -0.370265  0.240857
115.262  0.887004 -0.370264  0.240857
115.263  0.887004 -0.370264  0.240857
115.265  0.887004 -0.370264  0.240857
115.266  0.887004 -0.370264  0.240857
115.267  0.887005 -0.370264  0.240857
115.268  0.887005 -0.370264  0.240857
115.269  0.887005 -0.370263  0.240857
115.27  0.887005 -0.370263  0.240857
115.272  0.887005 -0.370263  0.240857
115.273  0.887006 -0.370263  0.240857
115.274  0.887006 -0.370263  0.240857
115.275  0.887006 -0.370263  0.240857
115.276  0.887006 -0.370263  0.240857
115.277  0.887006 -0.370262  0.240857
115.279  0.887007 -0.370262  0.240857
115.28  0.887007 -0.370262  0.240857
115.281  0.887007 -0.370262  0.240857
115.282  0.887007 -0.370262  0.240857
115.283  0.887008 -0.370262  0.240857
115.284  0.887008 -0.370261  0.240857
115.285  0.887008 -0.370261  0.240857
115.287  0.887008 -0.370261  0.240857
115.288  0.887008 -0.370261  0.240857
115.289  0.887009 -0.370261  0.240857
115.29  0.887009 -0.370261  0.240857
115.291  0.887009 -0.370261  0.240857
115.292 0.887009 -0.37026 0.240858
115.294 0.887009 -0.37026 0.240858
115.295  0.88701 -0.37026 0.240858
115.296  0.88701 -0.37026 0.240858
115.297  0.88701 -0.37026 0.240858
115.298  0.88701 -0.37026 0.240858
115.299  0.88701 -0.37026 0.240858
115.301  0.887011 -0.370259  0.240858
115.302  0.887011 -0.370259  0.240858
115.303  0.887011 -0.370259  0.240858
115.304  0.887011 -0.370259  0.240858
115.305  0.887011 -0.370259  0.240858
115.306  0.887012 -0.370259  0.240858
115.308  0.887012 -0.370259  0.240858
115.309  0.887012 -0.370258  0.240858
115.31  0.887012 -0.370258  0.240858
115.311  0.887012 -0.370258  0.240858
115.312  0.887012 -0.370258  0.240858
115.313  0.887013 -0.370258  0.240858
115.314  0.887013 -0.370258  0.240858
115.316  0.887013 -0.370258  0.240858
115.317  0.887013 -0.370257  0.240858
115.318  0.887013 -0.370257  0.240858
115.319  0.887014 -0.370257  0.240858
115.32  0.887014 -0.370257  0.240858
115.321  0.887014 -0.370257  0.240858
115.323  0.887014 -0.370257  0.240858
115.324  0.887014 -0.370257  0.240858
115.325  0.887014 -0.370257  0.240858
115.326  0.887015 -0.370256  0.240858
115.327  0.887015 -0.370256  0.240858
115.328  0.887015 -0.370256  0.240858
115.33  0.887015 -0.370256  0.240858
115.331  0.887015 -0.370256  0.240858
115.332  0.887016 -0.370256  0.240858
115.333  0.887016 -0.370256  0.240858
115.334  0.887016 -0.370255  0.240858
115.335  0.887016 -0.370255  0.240858
115.337  0.887016 -0.370255  0.240858
115.338  0.887016 -0.370255  0.240858
115.339  0.887017 -0.370255  0.240858
115.34  0.887017 -0.370255  0.240858
115.341  0.887017 -0.370255  0.240858
115.342  0.887017 -0.370255  0.240858
115.344  0.887017 -0.370254  0.240858
115.345  0.887018 -0.370254  0.240858
115.346  0.887018 -0.370254  0.240858
115.347  0.887018 -0.370254  0.240858
115.348  0.887018 -0.370254  0.240858
115.349  0.887018 -0.370254  0.240858
115.35  0.887018 -0.370254  0.240858
115.352  0.887019 -0.370254  0.240858
115.353  0.887019 -0.370253  0.240858
115.354  0.887019 -0.370253  0.240858
115.355  0.887019 -0.370253  0.240858
115.356  0.887019 -0.370253  0.240858
115.357  0.887019 -0.370253  0.240858
115.359   0.88702 -0.370253  0.240858
115.36   0.88702 -0.370253  0.240858
115.361   0.88702 -0.370253  0.240858
115.362   0.88702 -0.370252  0.240858
115.363   0.88702 -0.370252  0.240858
115.364   0.88702 -0.370252  0.240858
115.366   0.88702 -0.370252  0.240858
115.367  0.887021 -0.370252  0.240858
115.368  0.887021 -0.370252  0.240858
115.369  0.887021 -0.370252  0.240858
115.37  0.887021 -0.370252  0.240858
115.371  0.887021 -0.370252  0.240858
115.373  0.887021 -0.370251  0.240858
115.374  0.887022 -0.370251  0.240858
115.375  0.887022 -0.370251  0.240858
115.376  0.887022 -0.370251  0.240858
115.377  0.887022 -0.370251  0.240858
115.378  0.887022 -0.370251  0.240858
115.379  0.887022 -0.370251  0.240858
115.381  0.887023 -0.370251  0.240858
115.382 0.887023 -0.37025 0.240858
115.383 0.887023 -0.37025 0.240858
115.384 0.887023 -0.37025 0.240858
115.385 0.887023 -0.37025 0.240858
115.386 0.887023 -0.37025 0.240858
115.388 0.887023 -0.37025 0.240858
115.389 0.887024 -0.37025 0.240858
115.39 0.887024 -0.37025 0.240858
115.391 0.887024 -0.37025 0.240858
115.392  0.887024 -0.370249  0.240858
115.393  0.887024 -0.370249  0.240858
115.395  0.887024 -0.370249  0.240858
115.396  0.887025 -0.370249  0.240858
115.396  0.887025 -0.370249  0.240858
115.398  0.887025 -0.370249  0.240858
115.399  0.887025 -0.370249  0.240858
115.4  0.887025 -0.370249  0.240858
115.401  0.887025 -0.370249  0.240858
115.402  0.887025 -0.370249  0.240858
115.403  0.887026 -0.370248  0.240858
115.405  0.887026 -0.370248  0.240858
115.406  0.887026 -0.370248  0.240858
115.407  0.887026 -0.370248  0.240858
115.408  0.887026 -0.370248  0.240858
115.409  0.887026 -0.370248  0.240858
115.41  0.887026 -0.370248  0.240858
115.411  0.887026 -0.370248  0.240858
115.413  0.887027 -0.370248  0.240858
115.414  0.887027 -0.370247  0.240858
115.415  0.887027 -0.370247  0.240858
115.416  0.887027 -0.370247  0.240858
115.417  0.887027 -0.370247  0.240858
115.418  0.887027 -0.370247  0.240858
115.42  0.887027 -0.370247  0.240859
115.421  0.887028 -0.370247  0.240859
115.422  0.887028 -0.370247  0.240859
115.423  0.887028 -0.370247  0.240859
115.424  0.887028 -0.370247  0.240859
115.425  0.887028 -0.370246  0.240859
115.427  0.887028 -0.370246  0.240859
115.428  0.887028 -0.370246  0.240859
115.429  0.887029 -0.370246  0.240859
115.43  0.887029 -0.370246  0.240859
115.431  0.887029 -0.370246  0.240859
115.432  0.887029 -0.370246  0.240859
115.434  0.887029 -0.370246  0.240859
115.435  0.887029 -0.370246  0.240859
115.436  0.887029 -0.370246  0.240859
115.437  0.887029 -0.370246  0.240859
115.438   0.88703 -0.370245  0.240859
115.439   0.88703 -0.370245  0.240859
115.441   0.88703 -0.370245  0.240859
115.442   0.88703 -0.370245  0.240859
115.443   0.88703 -0.370245  0.240859
115.444   0.88703 -0.370245  0.240859
115.445   0.88703 -0.370245  0.240859
115.446  0.887031 -0.370245  0.240859
115.447  0.887031 -0.370245  0.240859
115.449  0.887031 -0.370245  0.240859
115.45  0.887031 -0.370245  0.240859
115.451  0.887031 -0.370244  0.240859
115.452  0.887031 -0.370244  0.240859
115.453  0.887031 -0.370244  0.240859
115.454  0.887031 -0.370244  0.240859
115.456  0.887031 -0.370244  0.240859
115.457  0.887032 -0.370244  0.240859
115.458  0.887032 -0.370244  0.240859
115.459  0.887032 -0.370244  0.240859
115.46  0.887032 -0.370244  0.240859
115.461  0.887032 -0.370244  0.240859
115.463  0.887032 -0.370243  0.240859
115.464  0.887032 -0.370243  0.240859
115.465  0.887032 -0.370243  0.240859
115.466  0.887033 -0.370243  0.240859
115.467  0.887033 -0.370243  0.240859
115.468  0.887033 -0.370243  0.240859
115.47  0.887033 -0.370243  0.240859
115.471  0.887033 -0.370243  0.240859
115.472  0.887033 -0.370243  0.240859
115.473  0.887033 -0.370243  0.240859
115.474  0.887033 -0.370243  0.240859
115.475  0.887034 -0.370243  0.240859
115.476  0.887034 -0.370242  0.240859
115.478  0.887034 -0.370242  0.240859
115.479  0.887034 -0.370242  0.240859
115.48  0.887034 -0.370242  0.240859
115.481  0.887034 -0.370242  0.240859
115.482  0.887034 -0.370242  0.240859
115.483  0.887034 -0.370242  0.240859
115.485  0.887034 -0.370242  0.240859
115.486  0.887035 -0.370242  0.240859
115.487  0.887035 -0.370242  0.240859
115.488  0.887035 -0.370242  0.240859
115.489  0.887035 -0.370242  0.240859
115.49  0.887035 -0.370241  0.240859
115.492  0.887035 -0.370241  0.240859
115.493  0.887035 -0.370241  0.240859
115.494  0.887035 -0.370241  0.240859
115.495  0.887035 -0.370241  0.240859
115.496  0.887036 -0.370241  0.240859
115.497  0.887036 -0.370241  0.240859
115.499  0.887036 -0.370241  0.240859
115.5  0.887036 -0.370241  0.240859
115.501  0.887036 -0.370241  0.240859
115.502  0.887036 -0.370241  0.240859
115.503  0.887036 -0.370241  0.240859
115.504  0.887036 -0.370241  0.240859
115.506 0.887036 -0.37024 0.240859
115.507 0.887037 -0.37024 0.240859
115.508 0.887037 -0.37024 0.240859
115.509 0.887037 -0.37024 0.240859
115.51 0.887037 -0.37024 0.240859
115.511 0.887037 -0.37024 0.240859
115.513 0.887037 -0.37024 0.240859
115.514 0.887037 -0.37024 0.240859
115.515 0.887037 -0.37024 0.240859
115.516 0.887037 -0.37024 0.240859
115.517 0.887037 -0.37024 0.240859
115.518 0.887038 -0.37024 0.240859
115.519 0.887038 -0.37024 0.240859
115.521  0.887038 -0.370239  0.240859
115.522  0.887038 -0.370239  0.240859
115.523  0.887038 -0.370239  0.240859
115.524  0.887038 -0.370239  0.240859
115.525  0.887038 -0.370239  0.240859
115.526  0.887038 -0.370239  0.240859
115.528  0.887038 -0.370239  0.240859
115.529  0.887038 -0.370239  0.240859
115.53  0.887039 -0.370239  0.240859
115.531  0.887039 -0.370239  0.240859
115.532  0.887039 -0.370239  0.240859
115.533  0.887039 -0.370239  0.240859
115.535  0.887039 -0.370239  0.240859
115.536  0.887039 -0.370239  0.240859
115.537  0.887039 -0.370238  0.240859
115.538  0.887039 -0.370238  0.240859
115.539  0.887039 -0.370238  0.240859
115.54  0.887039 -0.370238  0.240859
115.542   0.88704 -0.370238  0.240859
115.543   0.88704 -0.370238  0.240859
115.544   0.88704 -0.370238  0.240859
115.545   0.88704 -0.370238  0.240859
115.546   0.88704 -0.370238  0.240859
115.547   0.88704 -0.370238  0.240859
115.548   0.88704 -0.370238  0.240859
115.55   0.88704 -0.370238  0.240859
115.551   0.88704 -0.370238  0.240859
115.552   0.88704 -0.370238  0.240859
115.553   0.88704 -0.370238  0.240859
115.554  0.887041 -0.370237  0.240859
115.555  0.887041 -0.370237  0.240859
115.557  0.887041 -0.370237  0.240859
115.558  0.887041 -0.370237  0.240859
115.559  0.887041 -0.370237  0.240859
115.56  0.887041 -0.370237  0.240859
115.561  0.887041 -0.370237  0.240859
115.562  0.887041 -0.370237  0.240859
115.564  0.887041 -0.370237  0.240859
115.565  0.887041 -0.370237  0.240859
115.566  0.887041 -0.370237  0.240859
115.567  0.887042 -0.370237  0.240859
115.568  0.887042 -0.370237  0.240859
115.569  0.887042 -0.370237  0.240859
115.571  0.887042 -0.370237  0.240859
115.572  0.887042 -0.370236  0.240859
115.573  0.887042 -0.370236  0.240859
115.574  0.887042 -0.370236  0.240859
115.575  0.887042 -0.370236  0.240859
115.576  0.887042 -0.370236  0.240859
115.578  0.887042 -0.370236  0.240859
115.579  0.887042 -0.370236  0.240859
115.58  0.887042 -0.370236  0.240859
115.581  0.887043 -0.370236  0.240859
115.582  0.887043 -0.370236  0.240859
115.583  0.887043 -0.370236  0.240859
115.584  0.887043 -0.370236  0.240859
115.586  0.887043 -0.370236  0.240859
115.587  0.887043 -0.370236  0.240859
115.588  0.887043 -0.370236  0.240859
115.589  0.887043 -0.370236  0.240859
115.59  0.887043 -0.370235  0.240859
115.591  0.887043 -0.370235  0.240859
115.593  0.887043 -0.370235  0.240859
115.594  0.887043 -0.370235  0.240859
115.595  0.887044 -0.370235  0.240859
115.596  0.887044 -0.370235  0.240859
115.597  0.887044 -0.370235  0.240859
115.598  0.887044 -0.370235  0.240859
115.6  0.887044 -0.370235  0.240859
115.601  0.887044 -0.370235  0.240859
115.602  0.887044 -0.370235  0.240859
115.603  0.887044 -0.370235  0.240859
115.604  0.887044 -0.370235  0.240859
115.605  0.887044 -0.370235  0.240859
115.607  0.887044 -0.370235  0.240859
115.608  0.887044 -0.370235  0.240859
115.609  0.887045 -0.370235  0.240859
115.61  0.887045 -0.370234  0.240859
115.611  0.887045 -0.370234  0.240859
115.612  0.887045 -0.370234  0.240859
115.613  0.887045 -0.370234  0.240859
115.615  0.887045 -0.370234  0.240859
115.616  0.887045 -0.370234  0.240859
115.617  0.887045 -0.370234  0.240859
115.618  0.887045 -0.370234  0.240859
115.619  0.887045 -0.370234  0.240859
115.62  0.887045 -0.370234  0.240859
115.622  0.887045 -0.370234  0.240859
115.623  0.887045 -0.370234  0.240859
115.624  0.887046 -0.370234  0.240859
115.625  0.887046 -0.370234  0.240859
115.626  0.887046 -0.370234  0.240859
115.627  0.887046 -0.370234  0.240859
115.629  0.887046 -0.370234  0.240859
115.63  0.887046 -0.370234   0.24086
115.631  0.887046 -0.370233   0.24086
115.632  0.887046 -0.370233   0.24086
115.633  0.887046 -0.370233   0.24086
115.634  0.887046 -0.370233   0.24086
115.636  0.887046 -0.370233   0.24086
115.637  0.887046 -0.370233   0.24086
115.638  0.887046 -0.370233   0.24086
115.639  0.887046 -0.370233   0.24086
115.64  0.887047 -0.370233   0.24086
115.641  0.887047 -0.370233   0.24086
115.643  0.887047 -0.370233   0.24086
115.644  0.887047 -0.370233   0.24086
115.645  0.887047 -0.370233   0.24086
115.646  0.887047 -0.370233   0.24086
115.647  0.887047 -0.370233   0.24086
115.648  0.887047 -0.370233   0.24086
115.649  0.887047 -0.370233   0.24086
115.651  0.887047 -0.370233   0.24086
115.652  0.887047 -0.370233   0.24086
115.653  0.887047 -0.370233   0.24086
115.654  0.887047 -0.370232   0.24086
115.655  0.887047 -0.370232   0.24086
115.656  0.887047 -0.370232   0.24086
115.658  0.887048 -0.370232   0.24086
115.659  0.887048 -0.370232   0.24086
115.66  0.887048 -0.370232   0.24086
115.661  0.887048 -0.370232   0.24086
115.662  0.887048 -0.370232   0.24086
115.663  0.887048 -0.370232   0.24086
115.665  0.887048 -0.370232   0.24086
115.666  0.887048 -0.370232   0.24086
115.667  0.887048 -0.370232   0.24086
115.668  0.887048 -0.370232   0.24086
115.669  0.887048 -0.370232   0.24086
115.67  0.887048 -0.370232   0.24086
115.672  0.887048 -0.370232   0.24086
115.673  0.887048 -0.370232   0.24086
115.674  0.887048 -0.370232   0.24086
115.675  0.887049 -0.370232   0.24086
115.676  0.887049 -0.370232   0.24086
115.677  0.887049 -0.370232   0.24086
115.678  0.887049 -0.370231   0.24086
115.68  0.887049 -0.370231   0.24086
115.681  0.887049 -0.370231   0.24086
115.682  0.887049 -0.370231   0.24086
115.683  0.887049 -0.370231   0.24086
115.684  0.887049 -0.370231   0.24086
115.685  0.887049 -0.370231   0.24086
115.687  0.887049 -0.370231   0.24086
115.688  0.887049 -0.370231   0.24086
115.689  0.887049 -0.370231   0.24086
115.69  0.887049 -0.370231   0.24086
115.691  0.887049 -0.370231   0.24086
115.692  0.887049 -0.370231   0.24086
115.694   0.88705 -0.370231   0.24086
115.695   0.88705 -0.370231   0.24086
115.696   0.88705 -0.370231   0.24086
115.697   0.88705 -0.370231   0.24086
115.698   0.88705 -0.370231   0.24086
115.699   0.88705 -0.370231   0.24086
115.701   0.88705 -0.370231   0.24086
115.702   0.88705 -0.370231   0.24086
115.703   0.88705 -0.370231   0.24086
115.704  0.88705 -0.37023  0.24086
115.705  0.88705 -0.37023  0.24086
115.706  0.88705 -0.37023  0.24086
115.708  0.88705 -0.37023  0.24086
115.709  0.88705 -0.37023  0.24086
115.71  0.88705 -0.37023  0.24086
115.711  0.88705 -0.37023  0.24086
115.712  0.88705 -0.37023  0.24086
115.713 0.887051 -0.37023  0.24086
115.714 0.887051 -0.37023  0.24086
115.716 0.887051 -0.37023  0.24086
115.717 0.887051 -0.37023  0.24086
115.718 0.887051 -0.37023  0.24086
115.719 0.887051 -0.37023  0.24086
115.72 0.887051 -0.37023  0.24086
115.721 0.887051 -0.37023  0.24086
115.723 0.887051 -0.37023  0.24086
115.724 0.887051 -0.37023  0.24086
115.725 0.887051 -0.37023  0.24086
115.726 0.887051 -0.37023  0.24086
115.727 0.887051 -0.37023  0.24086
115.728 0.887051 -0.37023  0.24086
115.73 0.887051 -0.37023  0.24086
115.731 0.887051 -0.37023  0.24086
115.732  0.887051 -0.370229   0.24086
115.733  0.887051 -0.370229   0.24086
115.735  0.887052 -0.370229   0.24086
115.736  0.887052 -0.370229   0.24086
115.737  0.887052 -0.370229   0.24086
115.738  0.887052 -0.370229   0.24086
115.739  0.887052 -0.370229   0.24086
115.74  0.887052 -0.370229   0.24086
115.742  0.887052 -0.370229   0.24086
115.743  0.887052 -0.370229   0.24086
115.744  0.887052 -0.370229   0.24086
115.745  0.887052 -0.370229   0.24086
115.746  0.887052 -0.370229   0.24086
115.747  0.887052 -0.370229   0.24086
115.749  0.887052 -0.370229   0.24086
115.75  0.887052 -0.370229   0.24086
115.75  0.887052 -0.370229   0.24086
115.752  0.887052 -0.370229   0.24086
115.753  0.887052 -0.370229   0.24086
115.754  0.887052 -0.370229   0.24086
115.755  0.887052 -0.370229   0.24086
115.756  0.887052 -0.370229   0.24086
115.757  0.887052 -0.370229   0.24086
115.759  0.887053 -0.370229   0.24086
115.76  0.887053 -0.370229   0.24086
115.761  0.887053 -0.370229   0.24086
115.762  0.887053 -0.370229   0.24086
115.763  0.887053 -0.370229   0.24086
115.764  0.887053 -0.370228   0.24086
115.766  0.887053 -0.370228   0.24086
115.767  0.887053 -0.370228   0.24086
115.768  0.887053 -0.370228   0.24086
115.769  0.887053 -0.370228   0.24086
115.77  0.887053 -0.370228   0.24086
115.771  0.887053 -0.370228   0.24086
115.773  0.887053 -0.370228   0.24086
115.774  0.887053 -0.370228   0.24086
115.775  0.887053 -0.370228   0.24086
115.776  0.887053 -0.370228   0.24086
115.777  0.887053 -0.370228   0.24086
115.778  0.887053 -0.370228   0.24086
115.78  0.887053 -0.370228   0.24086
115.781  0.887053 -0.370228   0.24086
115.782  0.887053 -0.370228   0.24086
115.783  0.887054 -0.370228   0.24086
115.784  0.887054 -0.370228   0.24086
115.785  0.887054 -0.370228   0.24086
115.787  0.887054 -0.370228   0.24086
115.788  0.887054 -0.370228   0.24086
115.789  0.887054 -0.370228   0.24086
115.79  0.887054 -0.370228   0.24086
115.791  0.887054 -0.370228   0.24086
115.792  0.887054 -0.370228   0.24086
115.793  0.887054 -0.370228   0.24086
115.795  0.887054 -0.370228   0.24086
115.796  0.887054 -0.370228   0.24086
115.797  0.887054 -0.370228   0.24086
115.798  0.887054 -0.370227   0.24086
115.799  0.887054 -0.370227   0.24086
115.8  0.887054 -0.370227   0.24086
115.802  0.887054 -0.370227   0.24086
115.803  0.887054 -0.370227   0.24086
115.804  0.887054 -0.370227   0.24086
115.805  0.887054 -0.370227   0.24086
115.806  0.887054 -0.370227   0.24086
115.807  0.887054 -0.370227   0.24086
115.809  0.887055 -0.370227   0.24086
115.81  0.887055 -0.370227   0.24086
115.811  0.887055 -0.370227   0.24086
115.812  0.887055 -0.370227   0.24086
115.813  0.887055 -0.370227   0.24086
115.814  0.887055 -0.370227   0.24086
115.816  0.887055 -0.370227   0.24086
115.817  0.887055 -0.370227   0.24086
115.818  0.887055 -0.370227   0.24086
115.819  0.887055 -0.370227   0.24086
115.82  0.887055 -0.370227   0.24086
115.821  0.887055 -0.370227   0.24086
115.823  0.887055 -0.370227   0.24086
115.824  0.887055 -0.370227   0.24086
115.825  0.887055 -0.370227   0.24086
115.826  0.887055 -0.370227   0.24086
115.827  0.887055 -0.370227   0.24086
115.828  0.887055 -0.370227   0.24086
115.83  0.887055 -0.370227   0.24086
115.831  0.887055 -0.370227   0.24086
115.832  0.887055 -0.370227   0.24086
115.833  0.887055 -0.370227   0.24086
115.834  0.887055 -0.370227   0.24086
115.835  0.887055 -0.370227   0.24086
115.837  0.887056 -0.370226   0.24086
115.838  0.887056 -0.370226   0.24086
115.839  0.887056 -0.370226   0.24086
115.84  0.887056 -0.370226   0.24086
115.841  0.887056 -0.370226   0.24086
115.842  0.887056 -0.370226   0.24086
115.843  0.887056 -0.370226   0.24086
115.845  0.887056 -0.370226   0.24086
115.846  0.887056 -0.370226   0.24086
115.847  0.887056 -0.370226   0.24086
115.848  0.887056 -0.370226   0.24086
115.849  0.887056 -0.370226   0.24086
115.85  0.887056 -0.370226   0.24086
115.852  0.887056 -0.370226   0.24086
115.853  0.887056 -0.370226   0.24086
115.854  0.887056 -0.370226   0.24086
115.855  0.887056 -0.370226   0.24086
115.856  0.887056 -0.370226   0.24086
115.857  0.887056 -0.370226   0.24086
115.859  0.887056 -0.370226   0.24086
115.86  0.887056 -0.370226   0.24086
115.861  0.887056 -0.370226   0.24086
115.862  0.887056 -0.370226   0.24086
115.863  0.887056 -0.370226   0.24086
115.864  0.887056 -0.370226   0.24086
115.866  0.887056 -0.370226   0.24086
115.867  0.887056 -0.370226   0.24086
115.868  0.887057 -0.370226   0.24086
115.869  0.887057 -0.370226   0.24086
115.87  0.887057 -0.370226   0.24086
115.871  0.887057 -0.370226   0.24086
115.873  0.887057 -0.370226   0.24086
115.874  0.887057 -0.370226   0.24086
115.875  0.887057 -0.370226   0.24086
115.876  0.887057 -0.370226   0.24086
115.877  0.887057 -0.370226   0.24086
115.878  0.887057 -0.370226   0.24086
115.88  0.887057 -0.370225   0.24086
115.881  0.887057 -0.370225   0.24086
115.882  0.887057 -0.370225   0.24086
115.883  0.887057 -0.370225   0.24086
115.884  0.887057 -0.370225   0.24086
115.885  0.887057 -0.370225   0.24086
115.886  0.887057 -0.370225   0.24086
115.888  0.887057 -0.370225   0.24086
115.889  0.887057 -0.370225   0.24086
115.89  0.887057 -0.370225   0.24086
115.891  0.887057 -0.370225   0.24086
115.892  0.887057 -0.370225   0.24086
115.893  0.887057 -0.370225   0.24086
115.895  0.887057 -0.370225   0.24086
115.896  0.887057 -0.370225   0.24086
115.897  0.887057 -0.370225   0.24086
115.898  0.887057 -0.370225   0.24086
115.899  0.887057 -0.370225   0.24086
115.9  0.887057 -0.370225   0.24086
115.902  0.887058 -0.370225   0.24086
115.903  0.887058 -0.370225   0.24086
115.904  0.887058 -0.370225   0.24086
115.905  0.887058 -0.370225   0.24086
115.906  0.887058 -0.370225   0.24086
115.907  0.887058 -0.370225   0.24086
115.909  0.887058 -0.370225   0.24086
115.91  0.887058 -0.370225   0.24086
115.911  0.887058 -0.370225   0.24086
115.912  0.887058 -0.370225   0.24086
115.913  0.887058 -0.370225   0.24086
115.914  0.887058 -0.370225   0.24086
115.916  0.887058 -0.370225   0.24086
115.917  0.887058 -0.370225   0.24086
115.918  0.887058 -0.370225   0.24086
115.919  0.887058 -0.370225   0.24086
115.92  0.887058 -0.370225   0.24086
115.921  0.887058 -0.370225   0.24086
115.922  0.887058 -0.370225   0.24086
115.924  0.887058 -0.370225   0.24086
115.925  0.887058 -0.370225   0.24086
115.926  0.887058 -0.370225   0.24086
115.927  0.887058 -0.370225   0.24086
115.928  0.887058 -0.370225   0.24086
115.929  0.887058 -0.370224   0.24086
115.931  0.887058 -0.370224   0.24086
115.932  0.887058 -0.370224   0.24086
115.933  0.887058 -0.370224   0.24086
115.934  0.887058 -0.370224   0.24086
115.935  0.887058 -0.370224   0.24086
115.936  0.887058 -0.370224   0.24086
115.938  0.887058 -0.370224   0.24086
115.939  0.887058 -0.370224   0.24086
115.94  0.887059 -0.370224   0.24086
115.941  0.887059 -0.370224   0.24086
115.942  0.887059 -0.370224   0.24086
115.943  0.887059 -0.370224   0.24086
115.945  0.887059 -0.370224   0.24086
115.946  0.887059 -0.370224   0.24086
115.947  0.887059 -0.370224   0.24086
115.948  0.887059 -0.370224   0.24086
115.949  0.887059 -0.370224   0.24086
115.95  0.887059 -0.370224   0.24086
115.951  0.887059 -0.370224   0.24086
115.953  0.887059 -0.370224   0.24086
115.954  0.887059 -0.370224   0.24086
115.955  0.887059 -0.370224   0.24086
115.956  0.887059 -0.370224   0.24086
115.957  0.887059 -0.370224   0.24086
115.958  0.887059 -0.370224   0.24086
115.96  0.887059 -0.370224   0.24086
115.961  0.887059 -0.370224   0.24086
115.962  0.887059 -0.370224   0.24086
115.963  0.887059 -0.370224   0.24086
115.964  0.887059 -0.370224   0.24086
115.965  0.887059 -0.370224   0.24086
115.967  0.887059 -0.370224   0.24086
115.968  0.887059 -0.370224   0.24086
115.969  0.887059 -0.370224   0.24086
115.97  0.887059 -0.370224   0.24086
115.971  0.887059 -0.370224   0.24086
115.972  0.887059 -0.370224   0.24086
115.974  0.887059 -0.370224   0.24086
115.975  0.887059 -0.370224   0.24086
115.976  0.887059 -0.370224   0.24086
115.977  0.887059 -0.370224   0.24086
115.978  0.887059 -0.370224   0.24086
115.979  0.887059 -0.370224   0.24086
115.981  0.887059 -0.370224   0.24086
115.982  0.887059 -0.370224   0.24086
115.983   0.88706 -0.370224   0.24086
115.984   0.88706 -0.370224   0.24086
115.985   0.88706 -0.370224   0.24086
115.986   0.88706 -0.370223   0.24086
115.988   0.88706 -0.370223   0.24086
115.989   0.88706 -0.370223   0.24086
115.99   0.88706 -0.370223   0.24086
115.991   0.88706 -0.370223   0.24086
115.992   0.88706 -0.370223   0.24086
115.993   0.88706 -0.370223   0.24086
115.994   0.88706 -0.370223   0.24086
115.996   0.88706 -0.370223   0.24086
115.997   0.88706 -0.370223   0.24086
115.998   0.88706 -0.370223   0.24086
115.999   0.88706 -0.370223   0.24086
116   0.88706 -0.370223   0.24086
116.001   0.88706 -0.370223   0.24086
116.003   0.88706 -0.370223   0.24086
116.004   0.88706 -0.370223   0.24086
116.005   0.88706 -0.370223   0.24086
116.006   0.88706 -0.370223   0.24086
116.007   0.88706 -0.370223   0.24086
116.008   0.88706 -0.370223   0.24086
116.01   0.88706 -0.370223   0.24086
116.011   0.88706 -0.370223   0.24086
116.012   0.88706 -0.370223   0.24086
116.013   0.88706 -0.370223   0.24086
116.014   0.88706 -0.370223   0.24086
116.015   0.88706 -0.370223   0.24086
116.017   0.88706 -0.370223   0.24086
116.018   0.88706 -0.370223   0.24086
116.019   0.88706 -0.370223   0.24086
116.02   0.88706 -0.370223   0.24086
116.021   0.88706 -0.370223   0.24086
116.022   0.88706 -0.370223   0.24086
116.024   0.88706 -0.370223   0.24086
116.025   0.88706 -0.370223   0.24086
116.026   0.88706 -0.370223   0.24086
116.027   0.88706 -0.370223   0.24086
116.028   0.88706 -0.370223   0.24086
116.029   0.88706 -0.370223   0.24086
116.03   0.88706 -0.370223   0.24086
116.032  0.887061 -0.370223   0.24086
116.033  0.887061 -0.370223   0.24086
116.034  0.887061 -0.370223   0.24086
116.035  0.887061 -0.370223   0.24086
116.036  0.887061 -0.370223   0.24086
116.037  0.887061 -0.370223   0.24086
116.039  0.887061 -0.370223   0.24086
116.04  0.887061 -0.370223   0.24086
116.041  0.887061 -0.370223   0.24086
116.042  0.887061 -0.370223   0.24086
116.043  0.887061 -0.370223   0.24086
116.044  0.887061 -0.370223   0.24086
116.046  0.887061 -0.370223   0.24086
116.047  0.887061 -0.370223   0.24086
116.048  0.887061 -0.370223   0.24086
116.049  0.887061 -0.370223   0.24086
116.05  0.887061 -0.370223   0.24086
116.051  0.887061 -0.370223   0.24086
116.052  0.887061 -0.370223   0.24086
116.054  0.887061 -0.370223   0.24086
116.055  0.887061 -0.370223   0.24086
116.056  0.887061 -0.370223   0.24086
116.057  0.887061 -0.370222   0.24086
116.058  0.887061 -0.370222   0.24086
116.059  0.887061 -0.370222   0.24086
116.061  0.887061 -0.370222   0.24086
116.062  0.887061 -0.370222   0.24086
116.063  0.887061 -0.370222   0.24086
116.064  0.887061 -0.370222   0.24086
116.065  0.887061 -0.370222   0.24086
116.066  0.887061 -0.370222   0.24086
116.068  0.887061 -0.370222   0.24086
116.069  0.887061 -0.370222   0.24086
116.07  0.887061 -0.370222   0.24086
116.071  0.887061 -0.370222   0.24086
116.072  0.887061 -0.370222   0.24086
116.073  0.887061 -0.370222   0.24086
116.075  0.887061 -0.370222   0.24086
116.076  0.887061 -0.370222   0.24086
116.077  0.887061 -0.370222   0.24086
116.078  0.887061 -0.370222   0.24086
116.079  0.887061 -0.370222   0.24086
116.08  0.887061 -0.370222   0.24086
116.082  0.887061 -0.370222   0.24086
116.083  0.887061 -0.370222   0.24086
116.084  0.887061 -0.370222   0.24086
116.085  0.887061 -0.370222   0.24086
116.086  0.887061 -0.370222   0.24086
116.087  0.887061 -0.370222   0.24086
116.089  0.887061 -0.370222   0.24086
116.09  0.887062 -0.370222   0.24086
116.091  0.887062 -0.370222   0.24086
116.092  0.887062 -0.370222   0.24086
116.093  0.887062 -0.370222   0.24086
116.094  0.887062 -0.370222   0.24086
116.095  0.887062 -0.370222   0.24086
116.097  0.887062 -0.370222   0.24086
116.097  0.887062 -0.370222   0.24086
116.099  0.887062 -0.370222   0.24086
116.1  0.887062 -0.370222   0.24086
116.101  0.887062 -0.370222   0.24086
116.102  0.887062 -0.370222   0.24086
116.104  0.887062 -0.370222   0.24086
116.104  0.887062 -0.370222   0.24086
116.105  0.887062 -0.370222   0.24086
116.107  0.887062 -0.370222   0.24086
116.108  0.887062 -0.370222   0.24086
116.109  0.887062 -0.370222   0.24086
116.11  0.887062 -0.370222   0.24086
116.111  0.887062 -0.370222   0.24086
116.112  0.887062 -0.370222   0.24086
116.114  0.887062 -0.370222   0.24086
116.115  0.887062 -0.370222   0.24086
116.116  0.887062 -0.370222   0.24086
116.117  0.887062 -0.370222   0.24086
116.118  0.887062 -0.370222   0.24086
116.119  0.887062 -0.370222   0.24086
116.121  0.887062 -0.370222   0.24086
116.122  0.887062 -0.370222   0.24086
116.123  0.887062 -0.370222   0.24086
116.124  0.887062 -0.370222   0.24086
116.125  0.887062 -0.370222   0.24086
116.126  0.887062 -0.370222   0.24086
116.127  0.887062 -0.370222   0.24086
116.129  0.887062 -0.370222   0.24086
116.13  0.887062 -0.370222   0.24086
116.131  0.887062 -0.370222   0.24086
116.132  0.887062 -0.370222   0.24086
116.133  0.887062 -0.370222   0.24086
116.134  0.887062 -0.370222   0.24086
116.136  0.887062 -0.370222   0.24086
116.137  0.887062 -0.370222   0.24086
116.138  0.887062 -0.370222   0.24086
116.139  0.887062 -0.370222   0.24086
116.14  0.887062 -0.370222   0.24086
116.141  0.887062 -0.370222   0.24086
116.143  0.887062 -0.370222   0.24086
116.144  0.887062 -0.370222   0.24086
116.145  0.887062 -0.370222   0.24086
116.146  0.887062 -0.370221   0.24086
116.147  0.887062 -0.370221   0.24086
116.148  0.887062 -0.370221   0.24086
116.15  0.887062 -0.370221   0.24086
116.151  0.887062 -0.370221   0.24086
116.152  0.887062 -0.370221   0.24086
116.153  0.887062 -0.370221   0.24086
116.154  0.887062 -0.370221   0.24086
116.155  0.887062 -0.370221   0.24086
116.157  0.887062 -0.370221   0.24086
116.158  0.887062 -0.370221   0.24086
116.159  0.887062 -0.370221   0.24086
116.16  0.887063 -0.370221   0.24086
116.161  0.887063 -0.370221   0.24086
116.162  0.887063 -0.370221   0.24086
116.163  0.887063 -0.370221   0.24086
116.165  0.887063 -0.370221   0.24086
116.166  0.887063 -0.370221   0.24086
116.167  0.887063 -0.370221   0.24086
116.168  0.887063 -0.370221   0.24086
116.169  0.887063 -0.370221   0.24086
116.17  0.887063 -0.370221   0.24086
116.172  0.887063 -0.370221   0.24086
116.173  0.887063 -0.370221   0.24086
116.174  0.887063 -0.370221   0.24086
116.175  0.887063 -0.370221   0.24086
116.176  0.887063 -0.370221   0.24086
116.177  0.887063 -0.370221   0.24086
116.179  0.887063 -0.370221   0.24086
116.18  0.887063 -0.370221   0.24086
116.181  0.887063 -0.370221   0.24086
116.182  0.887063 -0.370221   0.24086
116.183  0.887063 -0.370221   0.24086
116.184  0.887063 -0.370221   0.24086
116.186  0.887063 -0.370221   0.24086
116.187  0.887063 -0.370221   0.24086
116.188  0.887063 -0.370221   0.24086
116.189  0.887063 -0.370221   0.24086
116.19  0.887063 -0.370221   0.24086
116.191  0.887063 -0.370221   0.24086
116.192  0.887063 -0.370221   0.24086
116.194  0.887063 -0.370221   0.24086
116.195  0.887063 -0.370221   0.24086
116.196  0.887063 -0.370221   0.24086
116.197  0.887063 -0.370221   0.24086
116.198  0.887063 -0.370221   0.24086
116.199  0.887063 -0.370221   0.24086
116.201  0.887063 -0.370221   0.24086
116.202  0.887063 -0.370221   0.24086
116.203  0.887063 -0.370221   0.24086
116.204  0.887063 -0.370221   0.24086
116.205  0.887063 -0.370221   0.24086
116.206  0.887063 -0.370221   0.24086
116.208  0.887063 -0.370221   0.24086
116.209  0.887063 -0.370221   0.24086
116.21  0.887063 -0.370221   0.24086
116.211  0.887063 -0.370221   0.24086
116.212  0.887063 -0.370221   0.24086
116.213  0.887063 -0.370221   0.24086
116.215  0.887063 -0.370221   0.24086
116.216  0.887063 -0.370221   0.24086
116.217  0.887063 -0.370221   0.24086
116.218  0.887063 -0.370221   0.24086
116.219  0.887063 -0.370221   0.24086
116.22  0.887063 -0.370221   0.24086
116.222  0.887063 -0.370221   0.24086
116.223  0.887063 -0.370221   0.24086
116.224  0.887063 -0.370221   0.24086
116.225  0.887063 -0.370221   0.24086
116.226  0.887063 -0.370221   0.24086
116.227  0.887063 -0.370221   0.24086
116.229  0.887063 -0.370221   0.24086
116.23  0.887063 -0.370221   0.24086
116.231  0.887063 -0.370221   0.24086
116.232  0.887063 -0.370221   0.24086
116.233  0.887063 -0.370221   0.24086
116.234  0.887063 -0.370221   0.24086
116.236  0.887063 -0.370221   0.24086
116.237  0.887063 -0.370221   0.24086
116.238  0.887063 -0.370221   0.24086
116.239  0.887063 -0.370221   0.24086
116.24  0.887063 -0.370221   0.24086
116.241  0.887063 -0.370221   0.24086
116.242  0.887063 -0.370221   0.24086
116.244  0.887063 -0.370221   0.24086
116.245  0.887063 -0.370221   0.24086
116.246  0.887063 -0.370221   0.24086
116.247  0.887063 -0.370221   0.24086
116.248  0.887064 -0.370221   0.24086
116.249  0.887064 -0.370221   0.24086
116.251  0.887064 -0.370221   0.24086
116.252  0.887064 -0.370221   0.24086
116.253  0.887064 -0.370221   0.24086
116.254  0.887064 -0.370221   0.24086
116.255  0.887064 -0.370221   0.24086
116.256  0.887064 -0.370221   0.24086
116.258  0.887064 -0.370221   0.24086
116.259  0.887064 -0.370221   0.24086
116.26  0.887064 -0.370221   0.24086
116.261  0.887064 -0.370221   0.24086
116.262  0.887064 -0.370221   0.24086
116.263  0.887064 -0.370221   0.24086
116.265  0.887064 -0.370221   0.24086
116.266  0.887064 -0.370221   0.24086
116.267  0.887064 -0.370221   0.24086
116.268  0.887064 -0.370221   0.24086
116.269 0.887064 -0.37022  0.24086
116.27 0.887064 -0.37022  0.24086
116.272 0.887064 -0.37022  0.24086
116.273 0.887064 -0.37022  0.24086
116.274 0.887064 -0.37022  0.24086
116.275 0.887064 -0.37022  0.24086
116.276 0.887064 -0.37022  0.24086
116.277 0.887064 -0.37022  0.24086
116.278 0.887064 -0.37022  0.24086
116.28 0.887064 -0.37022  0.24086
116.281 0.887064 -0.37022  0.24086
116.282 0.887064 -0.37022  0.24086
116.283 0.887064 -0.37022  0.24086
116.284 0.887064 -0.37022  0.24086
116.285 0.887064 -0.37022  0.24086
116.287 0.887064 -0.37022  0.24086
116.288 0.887064 -0.37022  0.24086
116.289 0.887064 -0.37022  0.24086
116.291 0.887064 -0.37022  0.24086
116.292 0.887064 -0.37022  0.24086
116.293 0.887064 -0.37022  0.24086
116.294 0.887064 -0.37022  0.24086
116.295 0.887064 -0.37022  0.24086
116.296 0.887064 -0.37022  0.24086
116.298 0.887064 -0.37022  0.24086
116.299 0.887064 -0.37022  0.24086
116.3 0.887064 -0.37022  0.24086
116.301 0.887064 -0.37022  0.24086
116.302 0.887064 -0.37022  0.24086
116.303 0.887064 -0.37022  0.24086
116.305 0.887064 -0.37022  0.24086
116.306 0.887064 -0.37022  0.24086
116.307 0.887064 -0.37022  0.24086
116.308 0.887064 -0.37022  0.24086
116.309 0.887064 -0.37022  0.24086
116.31 0.887064 -0.37022  0.24086
116.311 0.887064 -0.37022  0.24086
116.313 0.887064 -0.37022  0.24086
116.314 0.887064 -0.37022  0.24086
116.315 0.887064 -0.37022  0.24086
116.316 0.887064 -0.37022  0.24086
116.317 0.887064 -0.37022  0.24086
116.318 0.887064 -0.37022  0.24086
116.32 0.887064 -0.37022  0.24086
116.321 0.887064 -0.37022  0.24086
116.322 0.887064 -0.37022  0.24086
116.323 0.887064 -0.37022  0.24086
116.324 0.887064 -0.37022  0.24086
116.325 0.887064 -0.37022  0.24086
116.327 0.887064 -0.37022  0.24086
116.328 0.887064 -0.37022  0.24086
116.329 0.887064 -0.37022  0.24086
116.33 0.887064 -0.37022 0.240861
116.331 0.887064 -0.37022 0.240861
116.332 0.887064 -0.37022 0.240861
116.334 0.887064 -0.37022 0.240861
116.335 0.887064 -0.37022 0.240861
116.336 0.887064 -0.37022 0.240861
116.337 0.887064 -0.37022 0.240861
116.338 0.887064 -0.37022 0.240861
116.339 0.887064 -0.37022 0.240861
116.34 0.887064 -0.37022 0.240861
116.342 0.887064 -0.37022 0.240861
116.343 0.887064 -0.37022 0.240861
116.344 0.887064 -0.37022 0.240861
116.345 0.887064 -0.37022 0.240861
116.346 0.887064 -0.37022 0.240861
116.347 0.887064 -0.37022 0.240861
116.349 0.887064 -0.37022 0.240861
116.35 0.887064 -0.37022 0.240861
116.351 0.887064 -0.37022 0.240861
116.352 0.887064 -0.37022 0.240861
116.353 0.887064 -0.37022 0.240861
116.354 0.887064 -0.37022 0.240861
116.356 0.887064 -0.37022 0.240861
116.357 0.887064 -0.37022 0.240861
116.358 0.887064 -0.37022 0.240861
116.359 0.887064 -0.37022 0.240861
116.36 0.887064 -0.37022 0.240861
116.361 0.887064 -0.37022 0.240861
116.363 0.887064 -0.37022 0.240861
116.364 0.887064 -0.37022 0.240861
116.365 0.887064 -0.37022 0.240861
116.366 0.887064 -0.37022 0.240861
116.367 0.887064 -0.37022 0.240861
116.368 0.887064 -0.37022 0.240861
116.369 0.887064 -0.37022 0.240861
116.371 0.887064 -0.37022 0.240861
116.372 0.887065 -0.37022 0.240861
116.373 0.887065 -0.37022 0.240861
116.374 0.887065 -0.37022 0.240861
116.375 0.887065 -0.37022 0.240861
116.376 0.887065 -0.37022 0.240861
116.378 0.887065 -0.37022 0.240861
116.379 0.887065 -0.37022 0.240861
116.38 0.887065 -0.37022 0.240861
116.381 0.887065 -0.37022 0.240861
116.382 0.887065 -0.37022 0.240861
116.383 0.887065 -0.37022 0.240861
116.385 0.887065 -0.37022 0.240861
116.386 0.887065 -0.37022 0.240861
116.387 0.887065 -0.37022 0.240861
116.388 0.887065 -0.37022 0.240861
116.389 0.887065 -0.37022 0.240861
116.39 0.887065 -0.37022 0.240861
116.392 0.887065 -0.37022 0.240861
116.393 0.887065 -0.37022 0.240861
116.394 0.887065 -0.37022 0.240861
116.395 0.887065 -0.37022 0.240861
116.396 0.887065 -0.37022 0.240861
116.397 0.887065 -0.37022 0.240861
116.398 0.887065 -0.37022 0.240861
116.4 0.887065 -0.37022 0.240861
116.401 0.887065 -0.37022 0.240861
116.402 0.887065 -0.37022 0.240861
116.403 0.887065 -0.37022 0.240861
116.404 0.887065 -0.37022 0.240861
116.405 0.887065 -0.37022 0.240861
116.407 0.887065 -0.37022 0.240861
116.408 0.887065 -0.37022 0.240861
116.409 0.887065 -0.37022 0.240861
116.41 0.887065 -0.37022 0.240861
116.411 0.887065 -0.37022 0.240861
116.412 0.887065 -0.37022 0.240861
116.414 0.887065 -0.37022 0.240861
116.415 0.887065 -0.37022 0.240861
116.416 0.887065 -0.37022 0.240861
116.417 0.887065 -0.37022 0.240861
116.418 0.887065 -0.37022 0.240861
116.419 0.887065 -0.37022 0.240861
116.421 0.887065 -0.37022 0.240861
116.422 0.887065 -0.37022 0.240861
116.423 0.887065 -0.37022 0.240861
116.424 0.887065 -0.37022 0.240861
116.425 0.887065 -0.37022 0.240861
116.426 0.887065 -0.37022 0.240861
116.428 0.887065 -0.37022 0.240861
116.429 0.887065 -0.37022 0.240861
116.43 0.887065 -0.37022 0.240861
116.431 0.887065 -0.37022 0.240861
116.432 0.887065 -0.37022 0.240861
116.433 0.887065 -0.37022 0.240861
116.435 0.887065 -0.37022 0.240861
116.436 0.887065 -0.37022 0.240861
116.437 0.887065 -0.37022 0.240861
116.438 0.887065 -0.37022 0.240861
116.439 0.887065 -0.37022 0.240861
116.44 0.887065 -0.37022 0.240861
116.442 0.887065 -0.37022 0.240861
116.443 0.887065 -0.37022 0.240861
116.444 0.887065 -0.37022 0.240861
116.445 0.887065 -0.37022 0.240861
116.446 0.887065 -0.37022 0.240861
116.447 0.887065 -0.37022 0.240861
116.448 0.887065 -0.37022 0.240861
116.45 0.887065 -0.37022 0.240861
116.451 0.887065 -0.37022 0.240861
116.451 0.887065 -0.37022 0.240861
116.453 0.887065 -0.37022 0.240861
116.454 0.887065 -0.37022 0.240861
116.455 0.887065 -0.37022 0.240861
116.456 0.887065 -0.37022 0.240861
116.457 0.887065 -0.37022 0.240861
116.458 0.887065 -0.37022 0.240861
116.46 0.887065 -0.37022 0.240861
116.461 0.887065 -0.37022 0.240861
116.462 0.887065 -0.37022 0.240861
116.463 0.887065 -0.37022 0.240861
116.464 0.887065 -0.37022 0.240861
116.465  0.887065 -0.370219  0.240861
116.467  0.887065 -0.370219  0.240861
116.468  0.887065 -0.370219  0.240861
116.469  0.887065 -0.370219  0.240861
116.47  0.887065 -0.370219  0.240861
116.471  0.887065 -0.370219  0.240861
116.472  0.887065 -0.370219  0.240861
116.473  0.887065 -0.370219  0.240861
116.475  0.887065 -0.370219  0.240861
116.476  0.887065 -0.370219  0.240861
116.477  0.887065 -0.370219  0.240861
116.478  0.887065 -0.370219  0.240861
116.479  0.887065 -0.370219  0.240861
116.481  0.887065 -0.370219  0.240861
116.482  0.887065 -0.370219  0.240861
116.483  0.887065 -0.370219  0.240861
116.484  0.887065 -0.370219  0.240861
116.485  0.887065 -0.370219  0.240861
116.486  0.887065 -0.370219  0.240861
116.487  0.887065 -0.370219  0.240861
116.489  0.887065 -0.370219  0.240861
116.49  0.887065 -0.370219  0.240861
116.491  0.887065 -0.370219  0.240861
116.492  0.887065 -0.370219  0.240861
116.493  0.887065 -0.370219  0.240861
116.494  0.887065 -0.370219  0.240861
116.496  0.887065 -0.370219  0.240861
116.497  0.887065 -0.370219  0.240861
116.498  0.887065 -0.370219  0.240861
116.499  0.887065 -0.370219  0.240861
116.5  0.887065 -0.370219  0.240861
116.501  0.887065 -0.370219  0.240861
116.503  0.887065 -0.370219  0.240861
116.504  0.887065 -0.370219  0.240861
116.505  0.887065 -0.370219  0.240861
116.506  0.887065 -0.370219  0.240861
116.507  0.887065 -0.370219  0.240861
116.508  0.887065 -0.370219  0.240861
116.51  0.887065 -0.370219  0.240861
116.511  0.887065 -0.370219  0.240861
116.512  0.887065 -0.370219  0.240861
116.513  0.887065 -0.370219  0.240861
116.514  0.887065 -0.370219  0.240861
116.515  0.887065 -0.370219  0.240861
116.517  0.887065 -0.370219  0.240861
116.518  0.887065 -0.370219  0.240861
116.519  0.887065 -0.370219  0.240861
116.52  0.887065 -0.370219  0.240861
116.521  0.887065 -0.370219  0.240861
116.522  0.887065 -0.370219  0.240861
116.523  0.887065 -0.370219  0.240861
116.525  0.887065 -0.370219  0.240861
116.526  0.887065 -0.370219  0.240861
116.527  0.887065 -0.370219  0.240861
116.528  0.887065 -0.370219  0.240861
116.529  0.887065 -0.370219  0.240861
116.53  0.887065 -0.370219  0.240861
116.532  0.887065 -0.370219  0.240861
116.533  0.887065 -0.370219  0.240861
116.534  0.887065 -0.370219  0.240861
116.535  0.887065 -0.370219  0.240861
116.536  0.887065 -0.370219  0.240861
116.537  0.887065 -0.370219  0.240861
116.539  0.887065 -0.370219  0.240861
116.54  0.887065 -0.370219  0.240861
116.541  0.887065 -0.370219  0.240861
116.542  0.887065 -0.370219  0.240861
116.543  0.887065 -0.370219  0.240861
116.544  0.887065 -0.370219  0.240861
116.546  0.887065 -0.370219  0.240861
116.547  0.887065 -0.370219  0.240861
116.548  0.887065 -0.370219  0.240861
116.549  0.887065 -0.370219  0.240861
116.55  0.887065 -0.370219  0.240861
116.551  0.887065 -0.370219  0.240861
116.553  0.887065 -0.370219  0.240861
116.554  0.887065 -0.370219  0.240861
116.555  0.887065 -0.370219  0.240861
116.556  0.887065 -0.370219  0.240861
116.557  0.887065 -0.370219  0.240861
116.558  0.887065 -0.370219  0.240861
116.56  0.887065 -0.370219  0.240861
116.561  0.887065 -0.370219  0.240861
116.562  0.887065 -0.370219  0.240861
116.563  0.887065 -0.370219  0.240861
116.564  0.887065 -0.370219  0.240861
116.565  0.887066 -0.370219  0.240861
116.567  0.887066 -0.370219  0.240861
116.568  0.887066 -0.370219  0.240861
116.569  0.887066 -0.370219  0.240861
116.115  0.887066 -0.370219  0.240861
116.571  0.887066 -0.370219  0.240861
116.572  0.887066 -0.370219  0.240861
116.573  0.887066 -0.370219  0.240861
116.575  0.887066 -0.370219  0.240861
116.576  0.887066 -0.370219  0.240861
116.577  0.887066 -0.370219  0.240861
116.578  0.887066 -0.370219  0.240861
116.579  0.887066 -0.370219  0.240861
116.58  0.887066 -0.370219  0.240861
116.582  0.887066 -0.370219  0.240861
116.583  0.887066 -0.370219  0.240861
116.584  0.887066 -0.370219  0.240861
116.585  0.887066 -0.370219  0.240861
116.586  0.887066 -0.370219  0.240861
116.587  0.887066 -0.370219  0.240861
116.589  0.887066 -0.370219  0.240861
116.59  0.887066 -0.370219  0.240861
116.591  0.887066 -0.370219  0.240861
116.592  0.887066 -0.370219  0.240861
116.593  0.887066 -0.370219  0.240861
116.594  0.887066 -0.370219  0.240861
116.596  0.887066 -0.370219  0.240861
116.597  0.887066 -0.370219  0.240861
116.598  0.887066 -0.370219  0.240861
116.599  0.887066 -0.370219  0.240861
116.6  0.887066 -0.370219  0.240861
116.601  0.887066 -0.370219  0.240861
116.602  0.887066 -0.370219  0.240861
116.604  0.887066 -0.370219  0.240861
116.605  0.887066 -0.370219  0.240861
116.606  0.887066 -0.370219  0.240861
116.607  0.887066 -0.370219  0.240861
116.608  0.887066 -0.370219  0.240861
116.609  0.887066 -0.370219  0.240861
116.611  0.887066 -0.370219  0.240861
116.612  0.887066 -0.370219  0.240861
116.613  0.887066 -0.370219  0.240861
116.614  0.887066 -0.370219  0.240861
116.615  0.887066 -0.370219  0.240861
116.616  0.887066 -0.370219  0.240861
116.618  0.887066 -0.370219  0.240861
116.619  0.887066 -0.370219  0.240861
116.62  0.887066 -0.370219  0.240861
116.621  0.887066 -0.370219  0.240861
116.622  0.887066 -0.370219  0.240861
116.623  0.887066 -0.370219  0.240861
116.625  0.887066 -0.370219  0.240861
116.626  0.887066 -0.370219  0.240861
116.627  0.887066 -0.370219  0.240861
116.628  0.887066 -0.370219  0.240861
116.629  0.887066 -0.370219  0.240861
116.63  0.887066 -0.370219  0.240861
116.632  0.887066 -0.370219  0.240861
116.633  0.887066 -0.370219  0.240861
116.634  0.887066 -0.370219  0.240861
116.635  0.887066 -0.370219  0.240861
116.636  0.887066 -0.370219  0.240861
116.637  0.887066 -0.370219  0.240861
116.639  0.887066 -0.370219  0.240861
116.64  0.887066 -0.370219  0.240861
116.641  0.887066 -0.370219  0.240861
116.642  0.887066 -0.370219  0.240861
116.643  0.887066 -0.370219  0.240861
116.644  0.887066 -0.370219  0.240861
116.646  0.887066 -0.370219  0.240861
116.647  0.887066 -0.370219  0.240861
116.648  0.887066 -0.370219  0.240861
116.649  0.887066 -0.370219  0.240861
116.65  0.887066 -0.370219  0.240861
116.651  0.887066 -0.370219  0.240861
116.653  0.887066 -0.370219  0.240861
116.654  0.887066 -0.370219  0.240861
116.655  0.887066 -0.370219  0.240861
116.656  0.887066 -0.370219  0.240861
116.657  0.887066 -0.370219  0.240861
116.658  0.887066 -0.370219  0.240861
116.66  0.887066 -0.370219  0.240861
116.661  0.887066 -0.370219  0.240861
116.662  0.887066 -0.370219  0.240861
116.663  0.887066 -0.370219  0.240861
116.664  0.887066 -0.370219  0.240861
116.665  0.887066 -0.370219  0.240861
116.667  0.887066 -0.370219  0.240861
116.668  0.887066 -0.370219  0.240861
116.669  0.887066 -0.370219  0.240861
116.67  0.887066 -0.370219  0.240861
116.671  0.887066 -0.370219  0.240861
116.672  0.887066 -0.370219  0.240861
116.674  0.887066 -0.370219  0.240861
116.675  0.887066 -0.370219  0.240861
116.676  0.887066 -0.370219  0.240861
116.677  0.887066 -0.370219  0.240861
116.678  0.887066 -0.370219  0.240861
116.679  0.887066 -0.370219  0.240861
116.68  0.887066 -0.370219  0.240861
116.682  0.887066 -0.370219  0.240861
116.683  0.887066 -0.370219  0.240861
116.684  0.887066 -0.370219  0.240861
116.685  0.887066 -0.370219  0.240861
116.686  0.887066 -0.370219  0.240861
116.687  0.887066 -0.370219  0.240861
116.689  0.887066 -0.370219  0.240861
116.69  0.887066 -0.370219  0.240861
116.691  0.887066 -0.370219  0.240861
116.692  0.887066 -0.370219  0.240861
116.693  0.887066 -0.370219  0.240861
116.694  0.887066 -0.370219  0.240861
116.696  0.887066 -0.370219  0.240861
116.697  0.887066 -0.370219  0.240861
116.698  0.887066 -0.370219  0.240861
116.699  0.887066 -0.370219  0.240861
116.7  0.887066 -0.370219  0.240861
116.701  0.887066 -0.370219  0.240861
116.702  0.887066 -0.370219  0.240861
116.704  0.887066 -0.370219  0.240861
116.705  0.887066 -0.370219  0.240861
116.706  0.887066 -0.370219  0.240861
116.707  0.887066 -0.370219  0.240861
116.708  0.887066 -0.370219  0.240861
116.709  0.887066 -0.370219  0.240861
116.711  0.887066 -0.370219  0.240861
116.712  0.887066 -0.370219  0.240861
116.713  0.887066 -0.370219  0.240861
116.714  0.887066 -0.370219  0.240861
116.715  0.887066 -0.370219  0.240861
116.716  0.887066 -0.370219  0.240861
116.718  0.887066 -0.370219  0.240861
116.719  0.887066 -0.370219  0.240861
116.72  0.887066 -0.370219  0.240861
116.721  0.887066 -0.370219  0.240861
116.722  0.887066 -0.370219  0.240861
116.723  0.887066 -0.370219  0.240861
116.724  0.887066 -0.370219  0.240861
116.726  0.887066 -0.370219  0.240861
116.727  0.887066 -0.370219  0.240861
116.728  0.887066 -0.370219  0.240861
116.729  0.887066 -0.370219  0.240861
116.731  0.887066 -0.370219  0.240861
116.732  0.887066 -0.370219  0.240861
116.733  0.887066 -0.370219  0.240861
116.734  0.887066 -0.370219  0.240861
116.735  0.887066 -0.370219  0.240861
116.737  0.887066 -0.370219  0.240861
116.738  0.887066 -0.370219  0.240861
116.739  0.887066 -0.370219  0.240861
116.74  0.887066 -0.370219  0.240861
116.741  0.887066 -0.370219  0.240861
116.742  0.887066 -0.370219  0.240861
116.744  0.887066 -0.370219  0.240861
116.745  0.887066 -0.370219  0.240861
116.746  0.887066 -0.370219  0.240861
116.747  0.887066 -0.370219  0.240861
116.748  0.887066 -0.370219  0.240861
116.749  0.887066 -0.370219  0.240861
116.751  0.887066 -0.370219  0.240861
116.752  0.887066 -0.370219  0.240861
116.753  0.887066 -0.370219  0.240861
116.754  0.887066 -0.370219  0.240861
116.755  0.887066 -0.370219  0.240861
116.756  0.887066 -0.370219  0.240861
116.758  0.887066 -0.370219  0.240861
116.759  0.887066 -0.370219  0.240861
116.76  0.887066 -0.370219  0.240861
116.761  0.887066 -0.370219  0.240861
116.762  0.887066 -0.370219  0.240861
116.763  0.887066 -0.370219  0.240861
116.764  0.887066 -0.370219  0.240861
116.766  0.887066 -0.370219  0.240861
116.767  0.887066 -0.370219  0.240861
116.768  0.887066 -0.370219  0.240861
116.769  0.887066 -0.370219  0.240861
116.77  0.887066 -0.370219  0.240861
116.771  0.887066 -0.370219  0.240861
116.773  0.887066 -0.370219  0.240861
116.774  0.887066 -0.370219  0.240861
116.775  0.887066 -0.370219  0.240861
116.776  0.887066 -0.370219  0.240861
116.777  0.887066 -0.370219  0.240861
116.778  0.887066 -0.370219  0.240861
116.78  0.887066 -0.370219  0.240861
116.781  0.887066 -0.370219  0.240861
116.782  0.887066 -0.370219  0.240861
116.783  0.887066 -0.370219  0.240861
116.784  0.887066 -0.370219  0.240861
116.785  0.887066 -0.370219  0.240861
116.787  0.887066 -0.370219  0.240861
116.788  0.887066 -0.370219  0.240861
116.789  0.887066 -0.370219  0.240861
116.79  0.887066 -0.370219  0.240861
116.791  0.887066 -0.370219  0.240861
116.792  0.887066 -0.370219  0.240861
116.793  0.887066 -0.370219  0.240861
116.795  0.887066 -0.370219  0.240861
116.796  0.887066 -0.370219  0.240861
116.797  0.887066 -0.370219  0.240861
116.798  0.887066 -0.370219  0.240861
116.799  0.887066 -0.370219  0.240861
116.8  0.887066 -0.370219  0.240861
116.801  0.887066 -0.370219  0.240861
116.802  0.887066 -0.370219  0.240861
116.803  0.887066 -0.370219  0.240861
116.805  0.887066 -0.370219  0.240861
116.806  0.887066 -0.370219  0.240861
116.807  0.887066 -0.370219  0.240861
116.808  0.887066 -0.370219  0.240861
116.809  0.887066 -0.370219  0.240861
116.81  0.887066 -0.370219  0.240861
116.812  0.887066 -0.370219  0.240861
116.813  0.887066 -0.370219  0.240861
116.814  0.887066 -0.370219  0.240861
116.822  0.887066 -0.370219  0.240861
116.823  0.887066 -0.370219  0.240861
116.824  0.887066 -0.370219  0.240861
116.825  0.887066 -0.370219  0.240861
116.826  0.887066 -0.370219  0.240861
116.828  0.887066 -0.370219  0.240861
116.829  0.887066 -0.370219  0.240861
116.83  0.887066 -0.370219  0.240861
116.831  0.887066 -0.370219  0.240861
116.832  0.887066 -0.370219  0.240861
116.833  0.887066 -0.370219  0.240861
116.834  0.887066 -0.370219  0.240861
116.836  0.887066 -0.370219  0.240861
116.837  0.887066 -0.370219  0.240861
116.838  0.887066 -0.370219  0.240861
116.839  0.887066 -0.370219  0.240861
116.84  0.887066 -0.370219  0.240861
116.841  0.887066 -0.370219  0.240861
116.843  0.887066 -0.370219  0.240861
116.844  0.887066 -0.370219  0.240861
116.845  0.887066 -0.370219  0.240861
116.846  0.887066 -0.370219  0.240861
116.847  0.887066 -0.370219  0.240861
116.848  0.887066 -0.370219  0.240861
116.85  0.887066 -0.370219  0.240861
116.851  0.887066 -0.370219  0.240861
116.852  0.887066 -0.370219  0.240861
116.853  0.887066 -0.370219  0.240861
116.854  0.887066 -0.370219  0.240861
116.855  0.887066 -0.370219  0.240861
116.857  0.887066 -0.370219  0.240861
116.858  0.887066 -0.370219  0.240861
116.859  0.887066 -0.370219  0.240861
116.86  0.887066 -0.370219  0.240861
116.861  0.887066 -0.370219  0.240861
116.862  0.887066 -0.370219  0.240861
116.863  0.887066 -0.370219  0.240861
116.865  0.887066 -0.370219  0.240861
116.866  0.887066 -0.370219  0.240861
116.867  0.887066 -0.370219  0.240861
116.869  0.887066 -0.370219  0.240861
116.87  0.887066 -0.370219  0.240861
116.871  0.887066 -0.370219  0.240861
116.872  0.887066 -0.370219  0.240861
116.873  0.887066 -0.370219  0.240861
116.874  0.887066 -0.370219  0.240861
116.876  0.887066 -0.370219  0.240861
116.877  0.887066 -0.370219  0.240861
116.878  0.887066 -0.370219  0.240861
116.879  0.887066 -0.370219  0.240861
116.88  0.887066 -0.370219  0.240861
116.881  0.887066 -0.370219  0.240861
116.883  0.887066 -0.370219  0.240861
116.884  0.887066 -0.370219  0.240861
116.885  0.887066 -0.370219  0.240861
116.886  0.887066 -0.370219  0.240861
116.887  0.887066 -0.370219  0.240861
116.888  0.887066 -0.370219  0.240861
116.89  0.887066 -0.370219  0.240861
116.891  0.887066 -0.370219  0.240861
116.892  0.887066 -0.370219  0.240861
116.893  0.887066 -0.370219  0.240861
116.894  0.887066 -0.370219  0.240861
116.895  0.887066 -0.370219  0.240861
116.897  0.887066 -0.370219  0.240861
116.898  0.887066 -0.370219  0.240861
116.899  0.887066 -0.370219  0.240861
116.9  0.887066 -0.370219  0.240861
116.901  0.887066 -0.370219  0.240861
116.902  0.887066 -0.370219  0.240861
116.904  0.887066 -0.370219  0.240861
116.905  0.887066 -0.370219  0.240861
116.906  0.887066 -0.370219  0.240861
116.907  0.887066 -0.370219  0.240861
116.908  0.887066 -0.370219  0.240861
116.909  0.887066 -0.370219  0.240861
116.911  0.887066 -0.370219  0.240861
116.912  0.887066 -0.370219  0.240861
116.913  0.887066 -0.370219  0.240861
116.914  0.887066 -0.370219  0.240861
116.915  0.887066 -0.370219  0.240861
116.916  0.887066 -0.370219  0.240861
116.917  0.887066 -0.370219  0.240861
116.919  0.887066 -0.370219  0.240861
116.92  0.887066 -0.370219  0.240861
116.921  0.887066 -0.370219  0.240861
116.922  0.887066 -0.370219  0.240861
116.923  0.887066 -0.370219  0.240861
116.924  0.887066 -0.370219  0.240861
116.926  0.887066 -0.370219  0.240861
116.927  0.887066 -0.370219  0.240861
116.928  0.887066 -0.370219  0.240861
116.929  0.887066 -0.370219  0.240861
116.93  0.887066 -0.370219  0.240861
116.931  0.887066 -0.370219  0.240861
116.933  0.887066 -0.370219  0.240861
116.934  0.887066 -0.370219  0.240861
116.935  0.887066 -0.370219  0.240861
116.936  0.887066 -0.370219  0.240861
116.937  0.887066 -0.370219  0.240861
116.938  0.887066 -0.370219  0.240861
116.94  0.887066 -0.370219  0.240861
116.941  0.887066 -0.370219  0.240861
116.942  0.887066 -0.370219  0.240861
116.943  0.887066 -0.370219  0.240861
116.944  0.887066 -0.370219  0.240861
142.632  0.910721 -0.378549  0.239396
142.633  0.910721 -0.378549  0.239396
142.634  0.910721 -0.378549  0.239396
142.635  0.910721 -0.378549  0.239396
142.637  0.910721 -0.378549  0.239396
142.638  0.910721 -0.378549  0.239396
142.639  0.910721 -0.378549  0.239396
142.64  0.910721 -0.378549  0.239396
142.641  0.910721 -0.378549  0.239396
142.642  0.910721 -0.378549  0.239396
142.644  0.910721 -0.378549  0.239396
142.645  0.910721 -0.378549  0.239396
142.646  0.910721 -0.378549  0.239396
142.647  0.910721 -0.378549  0.239396
142.648  0.910721 -0.378549  0.239396
142.649  0.910721 -0.378549  0.239396
142.651  0.910721 -0.378549  0.239396
142.652  0.910721 -0.378549  0.239396
142.653  0.910721 -0.378549  0.239396
142.654  0.910721 -0.378549  0.239396
142.655  0.910721 -0.378549  0.239396
142.657  0.910721 -0.378549  0.239396
142.658  0.910721 -0.378549  0.239396
142.659  0.910721 -0.378549  0.239396
142.66  0.910721 -0.378549  0.239396
142.661  0.910721 -0.378549  0.239396
142.663  0.910721 -0.378549  0.239396
142.664  0.910385 -0.378296  0.239659
142.665  0.909785 -0.377843   0.24013
142.666 0.909276 -0.37746 0.240529
142.667  0.908849 -0.377138  0.240864
142.669 0.908494 -0.37687 0.241142
142.67    0.9082 -0.376649  0.241373
142.671  0.907958 -0.376466  0.241563
142.672  0.907758 -0.376316  0.241719
142.673  0.907594 -0.376193  0.241847
142.674   0.90746 -0.376091  0.241953
142.676   0.90735 -0.376008  0.242039
142.677  0.90726 -0.37594  0.24211
142.678  0.907186 -0.375884  0.242168
142.679  0.907125 -0.375839  0.242216
142.68  0.907075 -0.375801  0.242255
142.682 0.907035 -0.37577 0.242286
142.683  0.907001 -0.375745  0.242313
142.684  0.906974 -0.375725  0.242334
142.685  0.906952 -0.375708  0.242352
142.686  0.906933 -0.375694  0.242366
142.687  0.906918 -0.375683  0.242378
142.689  0.906906 -0.375674  0.242387
142.69  0.906896 -0.375666  0.242395
142.691 0.906888 -0.37566 0.242402
142.692  0.906881 -0.375655  0.242407
142.693  0.906876 -0.375651  0.242411
142.695  0.906871 -0.375647  0.242415
142.696  0.906867 -0.375644  0.242418
142.697  0.906864 -0.375642   0.24242
142.698  0.906733 -0.375635  0.242485
142.7  0.906501 -0.375624    0.2426
142.701  0.906304 -0.375615  0.242697
142.702  0.906139 -0.375608  0.242779
142.703  0.906002 -0.375601  0.242846
142.704  0.905889 -0.375596  0.242902
142.705  0.905795 -0.375592  0.242949
142.707  0.905718 -0.375588  0.242987
142.708  0.905685 -0.375587  0.243003
142.709  0.905627 -0.375584  0.243032
142.71   0.90558 -0.375582  0.243055
142.712 0.905542 -0.37558 0.243074
142.713   0.90551 -0.375579  0.243089
142.714  0.905484 -0.375578  0.243102
142.715  0.905463 -0.375577  0.243113
142.716  0.905446 -0.375576  0.243121
142.718  0.905431 -0.375575  0.243128
142.719  0.905415 -0.375575  0.243136
142.72  0.905406 -0.375574  0.243141
142.722  0.905399 -0.375574  0.243144
142.723  0.905393 -0.375574  0.243147
142.724  0.905389 -0.375573  0.243149
142.725  0.905385 -0.375573  0.243151
142.726  0.905382 -0.375573  0.243153
142.728  0.905379 -0.375573  0.243154
142.729  0.905376 -0.375573  0.243156
142.73  0.905374 -0.375573  0.243156
142.731  0.905373 -0.375573  0.243157
142.732  0.905372 -0.375573  0.243158
142.734  0.904752 -0.374985  0.243283
142.735  0.904222 -0.374484   0.24339
142.736  0.903776 -0.374061  0.243481
142.737  0.903403 -0.373708  0.243556
142.738  0.903094 -0.373415  0.243619
142.74  0.902839 -0.373173   0.24367
142.741  0.902629 -0.372974  0.243713
142.742 0.902456 -0.37281 0.243748
142.743  0.902314 -0.372675  0.243777
142.744  0.902197 -0.372565    0.2438
142.746  0.902102 -0.372475   0.24382
142.747 0.902024  -0.3724 0.243835
142.748  0.90196 -0.37234 0.243848
142.749 0.901907 -0.37229 0.243859
142.75  0.901864 -0.372249  0.243868
142.751  0.901829 -0.372216  0.243875
142.753    0.9018 -0.372189  0.243881
142.753  0.901777 -0.372166  0.243885
142.755  0.901757 -0.372148  0.243889
142.756  0.901742 -0.372133  0.243892
142.757  0.901729 -0.372121  0.243895
142.758  0.901718 -0.372111  0.243897
142.759  0.901709 -0.372103  0.243899
142.761  0.901699 -0.372093  0.243901
142.762  0.901694 -0.372088  0.243902
142.763  0.901707 -0.372184  0.243999
142.764 0.901735 -0.37236 0.244171
142.765 0.901759 -0.37251 0.244317
142.767  0.901779 -0.372635  0.244439
142.768 0.901796 -0.37274 0.244541
142.769   0.90181 -0.372826  0.244625
142.77  0.901821 -0.372897  0.244694
142.772  0.901831 -0.372956  0.244751
142.773  0.901842 -0.373025  0.244818
142.774  0.901848 -0.373061  0.244853
142.775 0.901852 -0.37309 0.244882
142.777  0.901856 -0.373114  0.244905
142.778  0.901859 -0.373134  0.244924
142.779 0.901862 -0.37315  0.24494
142.78  0.901864 -0.373163  0.244953
142.782  0.901866 -0.373174  0.244963
142.783  0.901868 -0.373187  0.244976
142.784  0.901869 -0.373193  0.244982
142.785   0.90187 -0.373199  0.244987
142.787  0.901871 -0.373203  0.244992
142.788  0.901871 -0.373207  0.244995
142.789 0.901872 -0.37321 0.244998
142.79  0.901872 -0.373212     0.245
142.792  0.901873 -0.373214  0.245002
142.793  0.901873 -0.373217  0.245004
142.794  0.901873 -0.373218  0.245005
142.795  0.901874 -0.373219  0.245006
142.796 0.901874 -0.37322 0.245007
142.798 0.901874 -0.37322 0.245008
142.799  0.901874 -0.373221  0.245008
142.8  0.902149 -0.373575  0.244741
142.801  0.902383 -0.373877  0.244512
142.802  0.902581 -0.374133  0.244319
142.803  0.902747 -0.374346  0.244158
142.805  0.902884 -0.374522  0.244025
142.806  0.902944 -0.374599  0.243967
142.807  0.903091 -0.374789  0.243824
142.808  0.903168 -0.374887  0.243749
142.809  0.903231 -0.374969  0.243687
142.81  0.903283 -0.375035  0.243637
142.812 0.903325 -0.37509 0.243596
142.813   0.90336 -0.375134  0.243562
142.814  0.903388 -0.375171  0.243534
142.815  0.903412 -0.375201  0.243512
142.816  0.903431 -0.375226  0.243493
142.818  0.903446 -0.375246  0.243478
142.819  0.903459 -0.375262  0.243465
142.82   0.90347 -0.375276  0.243455
142.821  0.903478 -0.375287  0.243447
142.822  0.903485 -0.375296   0.24344
142.824  0.903491 -0.375303  0.243434
142.825  0.903496 -0.375309   0.24343
142.826    0.9035 -0.375314  0.243426
142.827  0.903503 -0.375318  0.243423
142.828  0.903506 -0.375322   0.24342
142.83  0.903508 -0.375325  0.243418
142.831 0.903373 -0.37513 0.243505
142.832  0.903131 -0.374782  0.243661
142.833  0.902926 -0.374486  0.243793
142.834  0.902753 -0.374238  0.243904
142.835   0.90261 -0.374031  0.243996
142.837 0.902492 -0.37386 0.244072
142.838 0.902394 -0.37372 0.244135
142.839  0.902314 -0.373604  0.244187
142.84  0.902248 -0.373508  0.244229
142.841 0.902194 -0.37343 0.244264
142.843  0.902149 -0.373366  0.244293
142.844  0.902113 -0.373314  0.244316
142.845  0.902083 -0.373271  0.244336
142.846  0.902059 -0.373236  0.244351
142.847  0.902039 -0.373207  0.244364
142.849  0.902022 -0.373183  0.244375
142.85  0.902009 -0.373164  0.244383
142.851  0.901998 -0.373148   0.24439
142.852  0.901989 -0.373135  0.244396
142.853  0.901982 -0.373124  0.244401
142.855  0.901973 -0.373112  0.244406
142.856  0.901969 -0.373106  0.244409
142.857 0.901965  -0.3731 0.244412
142.858  0.901962 -0.373096  0.244414
142.86   0.90196 -0.373092  0.244415
142.861 0.901958 -0.37309 0.244416
142.862  0.901956 -0.373087  0.244417
142.863  0.901955 -0.373085  0.244418
142.864  0.901954 -0.373084  0.244419
142.866  0.902217 -0.373053   0.24424
142.867  0.902689 -0.372999  0.243918
142.868   0.90309 -0.372954  0.243646
142.869  0.903426 -0.372915  0.243417
142.87 0.903826 -0.37287 0.243145
142.872  0.904036 -0.372846  0.243002
142.873  0.904209 -0.372827  0.242884
142.874 0.904352 -0.37281 0.242787
142.875  0.904469 -0.372797  0.242708
142.876  0.904564 -0.372786  0.242642
142.877  0.904643 -0.372778  0.242589
142.879 0.904707 -0.37277 0.242545
142.88   0.90476 -0.372764  0.242509
142.881 0.904803 -0.37276  0.24248
142.882  0.904839 -0.372756  0.242456
142.883  0.904868 -0.372752  0.242436
142.885 0.904891 -0.37275  0.24242
142.886  0.904911 -0.372747  0.242407
142.887  0.904927 -0.372746  0.242396
142.889  0.904945 -0.372744  0.242383
142.89  0.904955 -0.372743  0.242377
142.891  0.904963 -0.372742  0.242371
142.892  0.904969 -0.372741  0.242367
142.893 0.904975 -0.37274 0.242363
142.895 0.904979 -0.37274  0.24236
142.896 0.904983 -0.37274 0.242358
142.897  0.904985 -0.372739  0.242356
142.898  0.904988 -0.372739  0.242354
142.899  0.905418 -0.373121  0.242144
142.901  0.905787 -0.373447  0.241965
142.902  0.906097 -0.373722  0.241813
142.903  0.906356 -0.373952  0.241687
142.904  0.906571 -0.374143  0.241582
142.905 0.906748  -0.3743 0.241495
142.906 0.906894 -0.37443 0.241424
142.908  0.907014 -0.374537  0.241365
142.909  0.907113 -0.374624  0.241317
142.91  0.907194 -0.374696  0.241278
142.911   0.90726 -0.374755  0.241245
142.912  0.907314 -0.374803  0.241219
142.914 0.907378 -0.37486 0.241188
142.915  0.907411 -0.374889  0.241172
142.916  0.907438 -0.374913  0.241159
142.917   0.90745 -0.374923  0.241153
142.918   0.90747 -0.374941  0.241143
142.92  0.907486 -0.374956  0.241135
142.921  0.907499 -0.374968  0.241129
142.922   0.90751 -0.374977  0.241123
142.923  0.907519 -0.374985  0.241119
142.924  0.907526 -0.374992  0.241115
142.925  0.907532 -0.374997  0.241113
142.927  0.907537 -0.375002   0.24111
142.928  0.907541 -0.375005  0.241108
142.929  0.907545 -0.375008  0.241107
142.93  0.907547 -0.375011  0.241105
142.932   0.90639 -0.374659  0.241853
142.933    0.9054 -0.374357  0.242493
142.934  0.904565 -0.374102  0.243033
142.935  0.903868 -0.373889  0.243483
142.936   0.90329 -0.373713  0.243857
142.937  0.902812 -0.373568  0.244165
142.939  0.902419 -0.373448   0.24442
142.94  0.902095 -0.373349  0.244629
142.941   0.90183 -0.373268    0.2448
142.942  0.901612 -0.373202  0.244941
142.943  0.901434 -0.373147  0.245056
142.945  0.901287 -0.373103  0.245151
142.946  0.901168 -0.373066  0.245228
142.947  0.901069 -0.373036  0.245292
142.948  0.900989 -0.373012  0.245344
142.949  0.900923 -0.372992  0.245386
142.95  0.900869 -0.372975  0.245421
142.952  0.900825 -0.372962  0.245449
142.953  0.900789 -0.372951  0.245473
142.954   0.90076 -0.372942  0.245492
142.955  0.900736 -0.372935  0.245507
142.956  0.900716 -0.372929   0.24552
142.958    0.9007 -0.372924  0.245531
142.959 0.900686 -0.37292 0.245539
142.96  0.900676 -0.372916  0.245546
142.961  0.900667 -0.372914  0.245552
142.962   0.90066 -0.372911  0.245556
142.964 0.900654 -0.37291  0.24556
142.965  0.900649 -0.372908  0.245563
142.966  0.900645 -0.372907  0.245566
142.967  0.90068 -0.37292 0.245596
142.968  0.900745 -0.372945  0.245648
142.969  0.900801 -0.372966  0.245692
142.971  0.900848 -0.372984  0.245729
142.972  0.900887 -0.372998  0.245759
142.973   0.90092 -0.373011  0.245784
142.974  0.900947 -0.373021  0.245805
142.975  0.900969 -0.373029  0.245822
142.976  0.900987 -0.373036  0.245836
142.978  0.901002 -0.373041  0.245848
142.979  0.901014 -0.373046  0.245857
142.98 0.901024 -0.37305 0.245865
142.981  0.901033 -0.373053  0.245871
142.982   0.90104 -0.373056  0.245876
142.984  0.901045 -0.373058   0.24588
142.985   0.90105 -0.373059  0.245884
142.986  0.901054 -0.373061  0.245886
142.987  0.901057 -0.373062  0.245889
142.988  0.901059 -0.373063   0.24589
142.989  0.901061 -0.373064  0.245892
142.991  0.901063 -0.373064  0.245893
142.992  0.901064 -0.373065  0.245894
142.993  0.901066 -0.373065  0.245895
142.994  0.901067 -0.373066  0.245896
142.995  0.901068 -0.373066  0.245896
142.996  0.901068 -0.373066  0.245896
142.998  0.901069 -0.373067  0.245897
142.999  0.900941 -0.372891    0.2459
143  0.900833 -0.372741  0.245902
143.001  0.900741 -0.372615  0.245904
143.002 0.900665 -0.37251 0.245905
143.004  0.900601 -0.372423  0.245906
143.005 0.900549 -0.37235 0.245907
143.006  0.900506 -0.372291  0.245908
143.007  0.900471 -0.372242  0.245909
143.008  0.900442 -0.372202  0.245909
143.009  0.900418 -0.372169  0.245909
143.011  0.900399 -0.372143   0.24591
143.012  0.900383 -0.372121   0.24591
143.013   0.90037 -0.372102   0.24591
143.014   0.90036 -0.372088   0.24591
143.015  0.900351 -0.372076   0.24591
143.017  0.900344 -0.372066   0.24591
143.018  0.900338 -0.372058   0.24591
143.019  0.900333 -0.372051   0.24591
143.02  0.900329 -0.372046   0.24591
143.021  0.900326 -0.372041   0.24591
143.022  0.900324 -0.372038   0.24591
143.024  0.900322 -0.372035   0.24591
143.025  0.900319 -0.372031   0.24591
143.026 0.900318 -0.37203  0.24591
143.027  0.900317 -0.372028   0.24591
143.029  0.900316 -0.372027   0.24591
143.03  0.900316 -0.372026   0.24591
143.031  0.900315 -0.372025   0.24591
143.032  0.900937 -0.372339  0.245531
143.033  0.901469 -0.372607  0.245207
143.035  0.901917 -0.372833  0.244934
143.036  0.902292 -0.373022  0.244706
143.037  0.902602 -0.373179  0.244517
143.038  0.902859 -0.373308   0.24436
143.039   0.90307 -0.373415  0.244231
143.041 0.903319 -0.37354  0.24408
143.042  0.903448 -0.373605  0.244001
143.043  0.903554 -0.373659  0.243936
143.044  0.903641 -0.373703  0.243884
143.046  0.903713 -0.373739   0.24384
143.047  0.903771 -0.373768  0.243805
143.048  0.903819 -0.373792  0.243776
143.049  0.903858 -0.373812  0.243752
143.051  0.903858 -0.373812  0.243752
143.052  0.903904 -0.373835  0.243724
143.054  0.903938 -0.373852  0.243703
143.055  0.903955 -0.373861  0.243692
143.056  0.903969 -0.373868  0.243684
143.057  0.903981 -0.373874  0.243676
143.059  0.903991 -0.373879  0.243671
143.06  0.903999 -0.373883  0.243666
143.061  0.904005 -0.373886  0.243662
143.062  0.904011 -0.373889  0.243659
143.063  0.904015 -0.373891  0.243656
143.065  0.903854 -0.373718  0.243735
143.066  0.903563 -0.373408  0.243878
143.067  0.903316 -0.373145  0.243999
143.068  0.903019 -0.372828  0.244145
143.07  0.902862 -0.372661  0.244222
143.071  0.902733 -0.372523  0.244285
143.072  0.902626 -0.372409  0.244338
143.073  0.902539 -0.372315  0.244381
143.074  0.902467 -0.372239  0.244416
143.076  0.902408 -0.372176  0.244445
143.077  0.902359 -0.372124  0.244469
143.078   0.90232 -0.372082  0.244488
143.079  0.902287 -0.372047  0.244504
143.08  0.902261 -0.372019  0.244517
143.081  0.902239 -0.371996  0.244528
143.083  0.902221 -0.371977  0.244537
143.084  0.902206 -0.371961  0.244544
143.085  0.902195 -0.371949   0.24455
143.086  0.902185 -0.371938  0.244554
143.087 0.902177 -0.37193 0.244558
143.088   0.90217 -0.371923  0.244562
143.09  0.902165 -0.371917  0.244564
143.091  0.902161 -0.371913  0.244566
143.092  0.902157 -0.371909  0.244568
143.093  0.902154 -0.371906  0.244569
143.094  0.902152 -0.371903  0.244571
143.096   0.90215 -0.371901  0.244572
143.097 0.902148  -0.3719 0.244572
143.098  0.902147 -0.371898  0.244573
143.099   0.90253 -0.372042  0.244365
143.1  0.902857 -0.372165  0.244188
143.101  0.903133 -0.372269  0.244038
143.102  0.903363 -0.372356  0.243913
143.104  0.903554 -0.372428   0.24381
143.105  0.903712 -0.372488  0.243724
143.106  0.903842 -0.372537  0.243653
143.107  0.903949 -0.372577  0.243595
143.108 0.904037 -0.37261 0.243548
143.109  0.904109 -0.372638  0.243509
143.11 0.904168 -0.37266 0.243477
143.112  0.904216 -0.372678   0.24345
143.113  0.904256 -0.372693  0.243429
143.114  0.904288 -0.372705  0.243411
143.115  0.904315 -0.372716  0.243397
143.116  0.904336 -0.372724  0.243385
143.117  0.904354 -0.372731  0.243375
143.119  0.904369 -0.372736  0.243367
143.12  0.904381 -0.372741  0.243361
143.121   0.90439 -0.372744  0.243356
143.122  0.904398 -0.372747  0.243351
143.123 0.904405 -0.37275 0.243348
143.124   0.90441 -0.372752  0.243345
143.126  0.904415 -0.372754  0.243343
143.127  0.904418 -0.372755  0.243341
143.128  0.904421 -0.372756  0.243339
143.129  0.904424 -0.372757  0.243338
143.13  0.904426 -0.372758  0.243337
143.132  0.904427 -0.372759  0.243336
143.133  0.904516 -0.372792  0.243235
143.134  0.904675 -0.372851  0.243054
143.135  0.904809 -0.372901  0.242902
143.136  0.904921 -0.372942  0.242774
143.137  0.905015 -0.372977  0.242667
143.139  0.905092 -0.373006  0.242579
143.14 0.905156 -0.37303 0.242506
143.141 0.905208 -0.37305 0.242446
143.142  0.905251 -0.373066  0.242397
143.143  0.905286 -0.373079  0.242357
143.144 0.905315 -0.37309 0.242324
143.146  0.905339 -0.373099  0.242297
143.147  0.905359 -0.373106  0.242275
143.148  0.905374 -0.373112  0.242257
143.149  0.905387 -0.373117  0.242242
143.15  0.905398 -0.373121   0.24223
143.152  0.905407 -0.373124   0.24222
143.153  0.905414 -0.373127  0.242212
143.154   0.90542 -0.373129  0.242205
143.155  0.905424 -0.373131    0.2422
143.156  0.905428 -0.373133  0.242195
143.157  0.905432 -0.373134  0.242192
143.159  0.905434 -0.373135  0.242189
143.16  0.905436 -0.373136  0.242186
143.161  0.905438 -0.373136  0.242184
143.162  0.905439 -0.373137  0.242183
143.163   0.90544 -0.373137  0.242181
143.164  0.905441 -0.373138   0.24218
143.166  0.905344 -0.373247  0.242209
143.167  0.905262 -0.373341  0.242233
143.168 0.905192 -0.37342 0.242254
143.169  0.905133 -0.373486  0.242271
143.17  0.905084 -0.373541  0.242286
143.172  0.905044 -0.373586  0.242298
143.173  0.905044 -0.373586  0.242298
143.174  0.905011 -0.373624  0.242308
143.175  0.904984 -0.373654  0.242316
143.176 0.904962 -0.37368 0.242322
143.177  0.904935 -0.373709   0.24233
143.179  0.904935 -0.373709   0.24233
143.18  0.904922 -0.373724  0.242334
143.181   0.90491 -0.373737  0.242338
143.183  0.904901 -0.373747   0.24234
143.184  0.904894 -0.373756  0.242343
143.185  0.904888 -0.373763  0.242345
143.186  0.904883 -0.373768  0.242346
143.187  0.904878 -0.373773  0.242347
143.189  0.904875 -0.373777  0.242348
143.19 0.904872 -0.37378 0.242349
143.191   0.90487 -0.373782   0.24235
143.192  0.904868 -0.373784  0.242351
143.193  0.904866 -0.373786  0.242351
143.194  0.904865 -0.373787  0.242352
143.196  0.904864 -0.373788  0.242352
143.197  0.904863 -0.373789  0.242352
143.198 0.904863 -0.37379 0.242352
143.199  0.904862 -0.373791  0.242353
143.2  0.904993 -0.373783  0.242242
143.201  0.905228 -0.373768  0.242043
143.203  0.905427 -0.373756  0.241875
143.204  0.905594 -0.373745  0.241734
143.205  0.905733 -0.373737  0.241617
143.206 0.905848 -0.37373  0.24152
143.207  0.905943 -0.373724   0.24144
143.209  0.906021 -0.373719  0.241375
143.21  0.906085 -0.373715  0.241321
143.211  0.906137 -0.373712  0.241276
143.212   0.90618 -0.373709   0.24124
143.213  0.906216 -0.373707   0.24121
143.214  0.906244 -0.373705  0.241186
143.216  0.906268 -0.373703  0.241166
143.217  0.906287 -0.373702   0.24115
143.218  0.906303 -0.373701  0.241136
143.219 0.906316  -0.3737 0.241126
143.22 0.906327  -0.3737 0.241117
143.222  0.906335 -0.373699  0.241109
143.223  0.906342 -0.373699  0.241103
143.224  0.906348 -0.373698  0.241099
143.225  0.906353 -0.373698  0.241095
143.226  0.906357 -0.373698  0.241091
143.227   0.90636 -0.373698  0.241089
143.229  0.906362 -0.373697  0.241087
143.23  0.906364 -0.373697  0.241085
143.231  0.905742 -0.373289  0.241511
143.232  0.905209 -0.372939  0.241876
143.233   0.90476 -0.372645  0.242184
143.234  0.904385 -0.372399  0.242441
143.236  0.904074 -0.372195  0.242654
143.237  0.903817 -0.372027   0.24283
143.238  0.903605 -0.371888  0.242975
143.239  0.903431 -0.371774  0.243094
143.24  0.903288 -0.371681  0.243192
143.242  0.903171 -0.371604  0.243273
143.243  0.903075 -0.371541  0.243338
143.244 0.902996 -0.37149 0.243392
143.245  0.902932 -0.371447  0.243437
143.246  0.902879 -0.371413  0.243473
143.247  0.902836 -0.371385  0.243502
143.249    0.9028 -0.371362  0.243527
143.25  0.902771 -0.371343  0.243547
143.251  0.902747 -0.371327  0.243563
143.252  0.902728 -0.371314  0.243576
143.253  0.902712 -0.371304  0.243587
143.254  0.902699 -0.371296  0.243596
143.256  0.902689 -0.371289  0.243603
143.257   0.90268 -0.371283  0.243609
143.258  0.902673 -0.371278  0.243614
143.259  0.902667 -0.371275  0.243618
143.26  0.902662 -0.371272  0.243622
143.262  0.902658 -0.371269  0.243624
143.263  0.902655 -0.371267  0.243626
143.264  0.902653 -0.371266  0.243628
143.265   0.90265 -0.371264   0.24363
143.266  0.902649 -0.371263  0.243631
143.267  0.902647 -0.371262  0.243632
143.269  0.902646 -0.371262  0.243633
143.27  0.902645 -0.371261  0.243633
143.271  0.902645 -0.371261  0.243634
143.272 0.902644 -0.37126 0.243634
143.273 0.902643 -0.37126 0.243635
143.274 0.902643 -0.37126 0.243635
143.276 0.902643 -0.37126 0.243635
143.277 0.902643 -0.37126 0.243635
143.278  0.902642 -0.371259  0.243635
143.279  0.902642 -0.371259  0.243636
143.28  0.902642 -0.371259  0.243636
143.282  0.902642 -0.371259  0.243636
143.283  0.902631 -0.371401  0.243683
143.284  0.902613 -0.371653  0.243768
143.285   0.90259 -0.371961  0.243872
143.286  0.902578 -0.372125  0.243927
143.288  0.902568 -0.372261  0.243973
143.289  0.902559 -0.372374  0.244011
143.29  0.902553 -0.372466  0.244042
143.291  0.902547 -0.372542  0.244067
143.292  0.902543 -0.372605  0.244088
143.293  0.902539 -0.372656  0.244106
143.295  0.902536 -0.372698   0.24412
143.296  0.902533 -0.372733  0.244131
143.297  0.902531 -0.372761  0.244141
143.298   0.90253 -0.372784  0.244148
143.299  0.902529 -0.372794  0.244152
143.301  0.902527 -0.372819   0.24416
143.302  0.902527 -0.372832  0.244164
143.303  0.902526 -0.372837  0.244166
143.304  0.902526 -0.372846  0.244169
143.305  0.902525 -0.372858  0.244173
143.306  0.902525 -0.372861  0.244174
143.308  0.902524 -0.372868  0.244176
143.309  0.902524 -0.372872  0.244177
143.31  0.902524 -0.372875  0.244178
143.311  0.902524 -0.372878  0.244179
143.312 0.902524 -0.37288  0.24418
143.313  0.902523 -0.372881   0.24418
143.315  0.902523 -0.372883  0.244181
143.316  0.902523 -0.372884  0.244181
143.317  0.902523 -0.372885  0.244181
143.318  0.902523 -0.372886  0.244182
143.319  0.902523 -0.372886  0.244182
143.321  0.902523 -0.372887  0.244182
143.322  0.902523 -0.372887  0.244182
143.323  0.902523 -0.372888  0.244182
143.324  0.902523 -0.372888  0.244182
143.325  0.902524 -0.372888  0.244182
143.326  0.902524 -0.372888  0.244182
143.328  0.902524 -0.372889  0.244182
143.329  0.902524 -0.372889  0.244182
143.33  0.902524 -0.372889  0.244182
143.331  0.902524 -0.372889  0.244182
143.332  0.902996 -0.372966   0.24376
143.333    0.9034 -0.373032  0.243399
143.335  0.903741 -0.373088  0.243095
143.336  0.904026 -0.373134  0.242841
143.337  0.904262 -0.373173   0.24263
143.338  0.904457 -0.373205  0.242455
143.339  0.904617 -0.373231  0.242312
143.341  0.904749 -0.373253  0.242194
143.342 0.904858 -0.37327 0.242097
143.343  0.904946 -0.373285  0.242018
143.344  0.905019 -0.373297  0.241953
143.345  0.905079 -0.373307    0.2419
143.346  0.905128 -0.373315  0.241856
143.348  0.905168 -0.373321   0.24182
143.349  0.905201 -0.373326  0.241791
143.35  0.905227 -0.373331  0.241767
143.351  0.905249 -0.373334  0.241747
143.352  0.905267 -0.373337  0.241731
143.353 0.905282 -0.37334 0.241718
143.355  0.905294 -0.373342  0.241708
143.356  0.905304 -0.373343  0.241699
143.357  0.905315 -0.373345  0.241689
143.358  0.905321 -0.373346  0.241683
143.359  0.905324 -0.373347  0.241681
143.361   0.90533 -0.373348  0.241675
143.362  0.905332 -0.373348  0.241674
143.363  0.905335 -0.373348  0.241671
143.364  0.904475 -0.372914  0.242365
143.365  0.902937 -0.372136  0.243607
143.366  0.901632 -0.371476   0.24466
143.368  0.900538 -0.370923  0.245544
143.369  0.899627 -0.370463  0.246279
143.37  0.898874 -0.370082  0.246888
143.371  0.898253 -0.369768  0.247389
143.372 0.897741 -0.36951 0.247802
143.373  0.897322 -0.369298  0.248141
143.375  0.896977 -0.369124  0.248419
143.376  0.896695 -0.368981  0.248647
143.377  0.896464 -0.368864  0.248834
143.378  0.896274 -0.368768  0.248987
143.379 0.896119 -0.36869 0.249112
143.381  0.895992 -0.368626  0.249215
143.382  0.895888 -0.368573  0.249299
143.383 0.895803 -0.36853 0.249367
143.384  0.895733 -0.368495  0.249423
143.385  0.895676 -0.368467  0.249469
143.386   0.89563 -0.368443  0.249507
143.388  0.895592 -0.368424  0.249538
143.389  0.895561 -0.368408  0.249563
143.39 0.895524 -0.36839 0.249592
143.391 0.895506 -0.36838 0.249607
143.392   0.89549 -0.368373   0.24962
143.394  0.895478 -0.368366   0.24963
143.395  0.895468 -0.368361  0.249638
143.396   0.89546 -0.368357  0.249645
143.397  0.895453 -0.368354   0.24965
143.398 0.896513 -0.36893 0.248896
143.4  0.898413 -0.369964  0.247544
143.401  0.900025 -0.370841  0.246396
143.402  0.901378 -0.371577  0.245433
143.403  0.902503 -0.372189  0.244632
143.404  0.903435 -0.372696  0.243969
143.405  0.904203 -0.373114  0.243422
143.407  0.904835 -0.373458  0.242972
143.408 0.905354 -0.37374 0.242603
143.409   0.90578 -0.373972    0.2423
143.41   0.90613 -0.374162  0.242051
143.411  0.906416 -0.374318  0.241847
143.412   0.90665 -0.374445   0.24168
143.414 0.906843 -0.37455 0.241543
143.415     0.907 -0.374635  0.241432
143.416  0.907129 -0.374705   0.24134
143.417  0.907234 -0.374763  0.241265
143.418  0.90732 -0.37481 0.241203
143.42  0.907391 -0.374848  0.241153
143.421  0.907449 -0.374879  0.241112
143.422  0.907496 -0.374905  0.241078
143.423  0.907535 -0.374926  0.241051
143.424  0.907566 -0.374944  0.241028
143.425  0.907592 -0.374958   0.24101
143.427  0.907613 -0.374969  0.240995
143.428  0.907631 -0.374979  0.240982
143.429  0.907645 -0.374986  0.240972
143.43  0.907656 -0.374993  0.240964
143.431  0.907666 -0.374998  0.240957
143.432  0.907673 -0.375002  0.240952
143.434  0.907246 -0.374775  0.241037
143.435   0.90688 -0.374581   0.24111
143.436  0.906571 -0.374417  0.241172
143.437 0.906313 -0.37428 0.241223
143.438  0.906099 -0.374167  0.241266
143.44  0.905922 -0.374073  0.241302
143.441  0.905776 -0.373996  0.241331
143.442  0.905656 -0.373932  0.241355
143.443 0.905558 -0.37388 0.241375
143.444  0.905477 -0.373837  0.241391
143.445  0.905411 -0.373802  0.241405
143.447  0.905357 -0.373773  0.241415
143.448 0.905312 -0.37375 0.241424
143.449 0.905276 -0.37373 0.241432
143.45  0.905246 -0.373714  0.241438
143.451  0.905221 -0.373702  0.241443
143.452  0.905201 -0.373691  0.241447
143.454  0.905185 -0.373682   0.24145
143.454  0.905171 -0.373675  0.241453
143.456   0.90516 -0.373669  0.241456
143.457  0.905151 -0.373664  0.241457
143.458 0.905144 -0.37366 0.241459
143.459  0.905138 -0.373657   0.24146
143.46  0.905133 -0.373655  0.241461
143.462  0.905129 -0.373652  0.241462
143.463  0.905125 -0.373651  0.241463
143.464 0.905009 -0.37359 0.241628
143.465  0.904803 -0.373483  0.241922
143.466  0.904629 -0.373392  0.242172
143.467  0.904482 -0.373316  0.242382
143.468   0.90436 -0.373252  0.242557
143.47 0.904259  -0.3732 0.242701
143.471  0.904176 -0.373156   0.24282
143.472  0.904107 -0.373121  0.242918
143.473  0.904051 -0.373091  0.242999
143.474  0.904005 -0.373067  0.243065
143.475  0.903967 -0.373047  0.243119
143.477  0.903936 -0.373031  0.243164
143.478  0.903911 -0.373018    0.2432
143.479   0.90389 -0.373007   0.24323
143.48  0.903873 -0.372998  0.243254
143.481  0.903859 -0.372991  0.243274
143.483  0.903847 -0.372985  0.243291
143.484 0.903838 -0.37298 0.243304
143.485   0.90383 -0.372976  0.243315
143.486  0.903824 -0.372973  0.243324
143.487 0.903819 -0.37297 0.243332
143.488  0.903815 -0.372968  0.243338
143.49  0.903811 -0.372966  0.243343
143.491  0.903808 -0.372965  0.243347
143.492  0.903806 -0.372964   0.24335
143.493  0.903804 -0.372963  0.243353
143.494  0.903803 -0.372962  0.243355
143.495  0.903602 -0.372928  0.243507
143.497  0.903245 -0.372867  0.243777
143.498  0.902942 -0.372816  0.244007
143.499  0.902688 -0.372773  0.244199
143.5  0.902477 -0.372737  0.244359
143.501  0.902302 -0.372707  0.244492
143.503  0.902157 -0.372683  0.244601
143.504  0.902039 -0.372662  0.244691
143.505  0.901941 -0.372646  0.244764
143.506  0.901861 -0.372632  0.244825
143.507  0.901796 -0.372621  0.244875
143.508  0.901742 -0.372612  0.244915
143.51  0.901698 -0.372605  0.244948
143.511  0.901662 -0.372599  0.244976
143.512  0.901633 -0.372594  0.244998
143.513 0.901609 -0.37259 0.245016
143.514  0.901589 -0.372586  0.245031
143.515  0.901573 -0.372584  0.245043
143.517   0.90156 -0.372581  0.245053
143.518  0.901549 -0.372579  0.245062
143.519   0.90154 -0.372578  0.245068
143.52  0.901533 -0.372577  0.245074
143.521  0.901527 -0.372576  0.245078
143.523  0.901522 -0.372575  0.245082
143.524  0.901518 -0.372574  0.245085
143.525  0.901515 -0.372574  0.245087
143.526  0.901512 -0.372573  0.245089
143.527   0.90151 -0.372573  0.245091
143.528  0.901508 -0.372573  0.245092
143.53  0.901507 -0.372574   0.24509
143.531  0.901505 -0.372576  0.245085
143.532  0.901504 -0.372577  0.245081
143.533  0.901503 -0.372579  0.245078
143.534 0.901502 -0.37258 0.245075
143.535  0.901501 -0.372581  0.245072
143.537  0.901501 -0.372582   0.24507
143.538    0.9015 -0.372583  0.245069
143.539    0.9015 -0.372583  0.245067
143.54    0.9015 -0.372584  0.245066
143.541    0.9015 -0.372584  0.245065
143.543    0.9015 -0.372584  0.245064
143.544    0.9015 -0.372585  0.245063
143.545    0.9015 -0.372585  0.245063
143.546    0.9015 -0.372585  0.245062
143.547    0.9015 -0.372585  0.245062
143.548    0.9015 -0.372585  0.245062
143.55    0.9015 -0.372586  0.245061
143.551    0.9015 -0.372586  0.245061
143.552    0.9015 -0.372586  0.245061
143.553    0.9015 -0.372586  0.245061
143.554    0.9015 -0.372586   0.24506
143.555    0.9015 -0.372586   0.24506
143.557    0.9015 -0.372586   0.24506
143.558    0.9015 -0.372586   0.24506
143.559    0.9015 -0.372586   0.24506
143.56    0.9015 -0.372586   0.24506
143.561    0.9015 -0.372586   0.24506
143.563    0.9015 -0.372586   0.24506
143.564  0.901501 -0.372586  0.245059
143.565  0.901501 -0.372586  0.245059
143.566  0.901445 -0.372601  0.245072
143.567  0.901344 -0.372628  0.245093
143.568  0.901259 -0.372651  0.245112
143.57  0.901188 -0.372671  0.245127
143.571  0.901129 -0.372687  0.245139
143.572 0.901081  -0.3727  0.24515
143.573   0.90104 -0.372711  0.245158
143.574 0.901007 -0.37272 0.245165
143.575   0.90098 -0.372727  0.245171
143.577  0.900958 -0.372733  0.245176
143.578   0.90094 -0.372738   0.24518
143.579   0.90094 -0.372738   0.24518
143.58   0.90094 -0.372738   0.24518
143.582  0.900919 -0.372744  0.245184
143.583  0.900908 -0.372747  0.245187
143.584 0.900899 -0.37275 0.245188
143.585  0.900891 -0.372752   0.24519
143.587  0.900885 -0.372754  0.245191
143.588   0.90088 -0.372755  0.245192
143.589  0.900876 -0.372756  0.245193
143.59  0.900873 -0.372757  0.245194
143.591   0.90087 -0.372758  0.245194
143.593  0.900868 -0.372758  0.245195
143.594  0.900867 -0.372759  0.245195
143.595  0.900865 -0.372759  0.245195
143.596 0.900864 -0.37276 0.245195
143.597 0.900863 -0.37276 0.245195
143.598  0.901786 -0.373082  0.244524
143.6  0.902574 -0.373357   0.24395
143.601   0.90324 -0.373589  0.243467
143.602  0.903795 -0.373782  0.243063
143.603  0.904256 -0.373943  0.242727
143.604  0.904636 -0.374075   0.24245
143.605   0.90495 -0.374185  0.242222
143.607  0.905207 -0.374274  0.242035
143.608  0.905419 -0.374348  0.241881
143.609  0.905592 -0.374409  0.241755
143.61  0.905735 -0.374458  0.241652
143.611  0.905851 -0.374499  0.241567
143.613  0.905946 -0.374532  0.241497
143.614  0.906025 -0.374559  0.241441
143.615  0.906088 -0.374581  0.241394
143.616 0.906141  -0.3746 0.241356
143.617  0.906184 -0.374614  0.241325
143.618  0.906219 -0.374627  0.241299
143.62  0.906247 -0.374637  0.241279
143.621  0.906271 -0.374645  0.241262
143.622   0.90629 -0.374651  0.241248
143.623  0.906306 -0.374657  0.241236
143.624  0.906319 -0.374661  0.241227
143.625  0.906329 -0.374665  0.241219
143.627  0.906338 -0.374668  0.241213
143.628 0.906345 -0.37467 0.241208
143.629   0.90635 -0.374672  0.241204
143.63  0.906355 -0.374674  0.241201
143.631  0.906203 -0.374595  0.241415
143.633  0.906072 -0.374527  0.241598
143.634  0.905962 -0.374469  0.241753
143.635   0.90587 -0.374421  0.241883
143.636  0.905794 -0.374381   0.24199
143.637  0.905731 -0.374349  0.242079
143.638  0.905679 -0.374321  0.242152
143.64  0.905636 -0.374299  0.242212
143.641  0.905601 -0.374281  0.242262
143.642  0.905572 -0.374266  0.242302
143.643  0.905548 -0.374253  0.242335
143.644  0.905529 -0.374243  0.242363
143.645  0.905513 -0.374235  0.242385
143.647    0.9055 -0.374228  0.242403
143.648  0.905489 -0.374222  0.242418
143.649   0.90548 -0.374218  0.242431
143.65  0.905473 -0.374214  0.242441
143.651  0.905467 -0.374211  0.242449
143.653  0.905462 -0.374208  0.242456
143.654  0.905458 -0.374206  0.242461
143.655  0.905455 -0.374205  0.242466
143.656  0.905452 -0.374203   0.24247
143.657   0.90545 -0.374202  0.242473
143.658  0.905448 -0.374201  0.242475
143.66 0.905446  -0.3742 0.242477
143.661  0.905445 -0.374199  0.242479
143.662  0.905444 -0.374199   0.24248
143.663  0.905443 -0.374198  0.242481
143.664  0.905442 -0.374198  0.242482
143.665  0.905442 -0.374198  0.242483
143.667  0.905316 -0.374195  0.242527
143.668   0.90509 -0.374191  0.242604
143.669  0.904899 -0.374187   0.24267
143.67  0.904739 -0.374183  0.242725
143.671 0.904605 -0.37418 0.242771
143.673  0.904495 -0.374178  0.242809
143.674  0.904404 -0.374176   0.24284
143.675  0.904329 -0.374174  0.242866
143.676  0.904267 -0.374173  0.242887
143.677  0.904216 -0.374172  0.242905
143.678  0.904175 -0.374171  0.242919
143.68 0.904141 -0.37417 0.242931
143.681 0.904113 -0.37417 0.242941
143.682   0.90409 -0.374169  0.242948
143.683  0.904071 -0.374169  0.242955
143.684  0.904056 -0.374168   0.24296
143.685  0.904044 -0.374168  0.242965
143.687  0.904033 -0.374168  0.242968
143.688  0.904025 -0.374167  0.242971
143.689  0.904018 -0.374167  0.242973
143.69  0.904012 -0.374167  0.242975
143.692  0.904008 -0.374167  0.242977
143.693  0.904004 -0.374167  0.242978
143.694  0.903999 -0.374167   0.24298
143.695  0.903997 -0.374167  0.242981
143.697  0.903872 -0.373906  0.242933
143.698  0.903756 -0.373664  0.242889
143.699  0.903551 -0.373234   0.24281
143.7  0.903378 -0.372871  0.242744
143.701  0.903234 -0.372568  0.242689
143.702  0.903114 -0.372317  0.242643
143.704 0.903015 -0.37211 0.242605
143.705  0.902934 -0.371939  0.242574
143.706  0.902867 -0.371799  0.242549
143.707  0.902838 -0.371738  0.242538
143.708  0.902788 -0.371634  0.242519
143.709  0.902747 -0.371548  0.242503
143.711  0.902714 -0.371478   0.24249
143.712  0.902687 -0.371421   0.24248
143.713  0.902664 -0.371374  0.242471
143.714  0.902646 -0.371335  0.242464
143.715  0.902631 -0.371304  0.242459
143.717  0.902618 -0.371278  0.242454
143.718  0.902608 -0.371257   0.24245
143.719    0.9026 -0.371239  0.242447
143.72  0.902593 -0.371225  0.242444
143.721  0.902588 -0.371214  0.242442
143.722  0.902583 -0.371204  0.242441
143.724   0.90258 -0.371197  0.242439
143.725 0.902577 -0.37119 0.242438
143.726  0.902574 -0.371185  0.242437
143.727  0.902572 -0.371181  0.242437
143.728  0.902571 -0.371178  0.242436
143.73  0.902569 -0.371175  0.242435
143.731  0.902568 -0.371173  0.242435
143.732  0.901829 -0.370879  0.242802
143.733  0.901196 -0.370629  0.243115
143.734  0.900663 -0.370418  0.243379
143.735  0.900218 -0.370241    0.2436
143.737  0.899849 -0.370095  0.243783
143.738  0.899545 -0.369975  0.243935
143.739  0.899294 -0.369875  0.244059
143.74  0.899088 -0.369794  0.244162
143.741  0.898918 -0.369727  0.244246
143.742   0.89878 -0.369672  0.244315
143.744  0.898666 -0.369627  0.244371
143.745 0.898573 -0.36959 0.244417
143.746 0.898496 -0.36956 0.244455
143.747  0.898434 -0.369536  0.244486
143.748  0.898383 -0.369515  0.244512
143.75  0.898341 -0.369499  0.244533
143.751  0.898307 -0.369486   0.24455
143.752  0.898279 -0.369475  0.244564
143.753  0.898256 -0.369466  0.244575
143.754  0.898238 -0.369458  0.244584
143.755  0.898222 -0.369452  0.244592
143.757   0.89821 -0.369447  0.244598
143.758    0.8982 -0.369444  0.244603
143.759 0.898192 -0.36944 0.244607
143.76  0.898185 -0.369438  0.244611
143.761  0.898179 -0.369436  0.244614
143.762  0.898175 -0.369434  0.244616
143.764  0.898171 -0.369433  0.244618
143.765  0.898168 -0.369432  0.244619
143.766  0.898166 -0.369431   0.24462
143.767 0.898164 -0.36943 0.244621
143.768  0.898741 -0.369671  0.244346
143.77  0.899236 -0.369877   0.24411
143.771  0.899652 -0.370051  0.243911
143.772       0.9 -0.370196  0.243745
143.773  0.900289 -0.370317  0.243608
143.774  0.900528 -0.370416  0.243494
143.775  0.900725 -0.370499    0.2434
143.777  0.900887 -0.370566  0.243323
143.778  0.901019 -0.370622   0.24326
143.779  0.901128 -0.370667  0.243208
143.78  0.901218 -0.370705  0.243166
143.781  0.901291 -0.370735  0.243131
143.782  0.901351 -0.370761  0.243102
143.784    0.9014 -0.370781  0.243079
143.785   0.90144 -0.370798   0.24306
143.786  0.901473 -0.370812  0.243044
143.787    0.9015 -0.370823  0.243031
143.788  0.901523 -0.370833  0.243021
143.789 0.901541 -0.37084 0.243012
143.791  0.901556 -0.370847  0.243005
143.792  0.901568 -0.370852  0.242999
143.793  0.901578 -0.370856  0.242995
143.794  0.901586 -0.370859  0.242991
143.795  0.901593 -0.370862  0.242988
143.797  0.901598 -0.370865  0.242985
143.798  0.901603 -0.370867  0.242983
143.799  0.901101 -0.370756  0.243429
143.8  0.900672 -0.370661   0.24381
143.801  0.900311 -0.370581  0.244132
143.802   0.90001 -0.370515    0.2444
143.803  0.89976 -0.37046 0.244623
143.805  0.899553 -0.370415  0.244807
143.806  0.899383 -0.370377  0.244959
143.807  0.899243 -0.370347  0.245083
143.808  0.899129 -0.370322  0.245185
143.809  0.899035 -0.370301  0.245269
143.81  0.898958 -0.370284  0.245338
143.811 0.898895 -0.37027 0.245394
143.813  0.898843 -0.370259   0.24544
143.814 0.898801 -0.37025 0.245478
143.815  0.898766 -0.370242  0.245509
143.816  0.898738 -0.370236  0.245534
143.817  0.898715 -0.370231  0.245555
143.818  0.898696 -0.370227  0.245572
143.82   0.89868 -0.370224  0.245585
143.821  0.898668 -0.370221  0.245597
143.822  0.898657 -0.370219  0.245606
143.823  0.898649 -0.370217  0.245613
143.824  0.898642 -0.370216   0.24562
143.825  0.898637 -0.370214  0.245625
143.827  0.898632 -0.370213  0.245629
143.828  0.898628 -0.370213  0.245632
143.829  0.898625 -0.370212  0.245635
143.83  0.898623 -0.370212  0.245637
143.831  0.899285 -0.370623  0.245221
143.833  0.899851 -0.370975  0.244864
143.834  0.900329 -0.371272  0.244564
143.835 0.900728 -0.37152 0.244313
143.836  0.901059 -0.371725  0.244105
143.837  0.901332 -0.371895  0.243933
143.838  0.901558 -0.372035  0.243791
143.84 0.901743 -0.37215 0.243675
143.841  0.901895 -0.372245  0.243579
143.842   0.90202 -0.372322  0.243501
143.843  0.902122 -0.372386  0.243437
143.844  0.902206 -0.372438  0.243384
143.845 0.902275 -0.37248 0.243341
143.847  0.902331 -0.372515  0.243305
143.848  0.902377 -0.372544  0.243276
143.849  0.902415 -0.372567  0.243253
143.85  0.902446 -0.372587  0.243233
143.851  0.902471 -0.372602  0.243217
143.852  0.902492 -0.372615  0.243204
143.854  0.902509 -0.372626  0.243194
143.855  0.902522 -0.372634  0.243185
143.856  0.902534 -0.372641  0.243178
143.857  0.902543 -0.372647  0.243172
143.858  0.902551 -0.372652  0.243167
143.86  0.902554 -0.372654  0.243165
143.861   0.90256 -0.372657  0.243162
143.862 0.902564 -0.37266 0.243159
143.863  0.902571 -0.372664  0.243135
143.864  0.902576 -0.372667  0.243114
143.865  0.902581 -0.372669  0.243097
143.867  0.902585 -0.372671  0.243082
143.868  0.902588 -0.372673   0.24307
143.869  0.902591 -0.372674   0.24306
143.87  0.902593 -0.372675  0.243052
143.871  0.902595 -0.372676  0.243045
143.873  0.902596 -0.372677   0.24304
143.874  0.902597 -0.372677  0.243035
143.875  0.902598 -0.372678  0.243032
143.876  0.902599 -0.372678  0.243029
143.877    0.9026 -0.372679  0.243026
143.878    0.9026 -0.372679  0.243024
143.88  0.902601 -0.372679  0.243022
143.881  0.902601 -0.372679  0.243021
143.882  0.902601 -0.372679   0.24302
143.883  0.902602 -0.372679  0.243019
143.884 0.902602 -0.37268 0.243018
143.886 0.902602 -0.37268 0.243018
143.887 0.902602 -0.37268 0.243017
143.888 0.902602 -0.37268 0.243017
143.889 0.902602 -0.37268 0.243017
143.89 0.902602 -0.37268 0.243016
143.891 0.902602 -0.37268 0.243016
143.893 0.902602 -0.37268 0.243016
143.894 0.902602 -0.37268 0.243016
143.895 0.902602 -0.37268 0.243016
143.896 0.902602 -0.37268 0.243016
143.897 0.902603 -0.37268 0.243016
143.898 0.902603 -0.37268 0.243013
143.9  0.902604 -0.372681  0.243008
143.901  0.902605 -0.372681  0.243003
143.902  0.902606 -0.372681     0.243
143.903  0.902606 -0.372682  0.242997
143.904  0.902607 -0.372682  0.242995
143.906  0.902607 -0.372682  0.242993
143.907  0.902607 -0.372682  0.242991
143.908  0.902608 -0.372682   0.24299
143.909  0.902608 -0.372682  0.242989
143.91  0.902608 -0.372682  0.242988
143.911  0.902608 -0.372682  0.242987
143.913  0.902608 -0.372682  0.242986
143.914  0.902608 -0.372682  0.242986
143.915  0.902609 -0.372682  0.242986
143.916  0.902609 -0.372682  0.242985
143.917  0.902609 -0.372682  0.242985
143.918  0.902609 -0.372682  0.242985
143.92  0.902609 -0.372682  0.242985
143.921  0.902609 -0.372682  0.242985
143.922  0.902609 -0.372682  0.242984
143.923  0.902609 -0.372682  0.242984
143.924  0.902609 -0.372682  0.242984
143.926  0.902609 -0.372682  0.242984
143.927  0.902609 -0.372682  0.242984
143.928  0.902609 -0.372682  0.242984
143.929  0.902609 -0.372682  0.242984
143.93  0.902609 -0.372682  0.242984
143.931  0.902577 -0.372585  0.243008
143.933  0.902519 -0.372412   0.24305
143.934   0.90247 -0.372265  0.243086
143.935   0.90243 -0.372142  0.243117
143.936  0.902396 -0.372039  0.243142
143.937  0.902367 -0.371954  0.243163
143.939  0.902344 -0.371884   0.24318
143.94  0.902325 -0.371827  0.243194
143.941  0.902309 -0.371779  0.243206
143.942  0.902297 -0.371741  0.243215
143.943  0.902286 -0.371709  0.243223
143.944  0.902277 -0.371683  0.243229
143.946   0.90227 -0.371661  0.243235
143.947  0.902264 -0.371644  0.243239
143.948  0.90226 -0.37163 0.243243
143.949  0.902256 -0.371618  0.243245
143.95  0.902253 -0.371608  0.243248
143.951 0.90225 -0.3716 0.24325
143.953  0.902248 -0.371594  0.243251
143.954  0.902246 -0.371589  0.243253
143.955  0.902245 -0.371585  0.243254
143.956  0.902244 -0.371581  0.243255
143.957  0.902243 -0.371578  0.243255
143.959  0.902242 -0.371576  0.243256
143.96  0.902241 -0.371574  0.243256
143.961  0.902241 -0.371572  0.243257
143.962   0.90224 -0.371571  0.243257
143.963  0.90224 -0.37157 0.243257
143.964   0.90224 -0.371569  0.243258
143.966  0.901952 -0.371455  0.243461
143.967  0.901439 -0.371252  0.243824
143.968 0.901003 -0.37108 0.244132
143.969  0.900638 -0.370936   0.24439
143.97  0.900334 -0.370816  0.244605
143.971  0.900083 -0.370717  0.244783
143.973  0.899875 -0.370635  0.244929
143.974  0.899705 -0.370567   0.24505
143.975  0.899565 -0.370512  0.245149
143.976   0.89945 -0.370467   0.24523
143.977 0.899356 -0.37043 0.245297
143.979  0.899279 -0.370399  0.245351
143.98  0.899216 -0.370374  0.245396
143.981  0.899164 -0.370354  0.245433
143.982  0.899121 -0.370337  0.245463
143.983  0.899087 -0.370324  0.245487
143.984  0.899058 -0.370312  0.245507
143.986  0.899035 -0.370303  0.245524
143.987  0.899016 -0.370296  0.245537
143.988 0.899001 -0.37029 0.245548
143.989  0.898988 -0.370285  0.245557
143.99  0.898978 -0.370281  0.245564
143.991  0.898969 -0.370277   0.24557
143.993  0.898963 -0.370275  0.245575
143.994  0.898957 -0.370273  0.245579
143.995  0.898952 -0.370271  0.245582
143.996  0.898949 -0.370269  0.245585
143.997  0.899283 -0.370552  0.245394
143.999  0.899882 -0.371058  0.245051
144  0.900391 -0.371488   0.24476
144.001  0.900818 -0.371848  0.244516
144.002  0.901174 -0.372148  0.244313
144.003  0.901468 -0.372397  0.244144
144.004   0.90171 -0.372601  0.244006
144.006  0.90191 -0.37277 0.243891
144.007  0.902074 -0.372908  0.243798
144.008  0.902209 -0.373022  0.243721
144.009  0.902319 -0.373115  0.243657
144.01   0.90241 -0.373191  0.243606
144.011  0.902484 -0.373253  0.243563
144.013  0.902544 -0.373305  0.243529
144.014  0.902594 -0.373346    0.2435
144.015  0.902635 -0.373381  0.243477
144.016  0.902668 -0.373409  0.243458
144.017  0.902695 -0.373432  0.243442
144.019  0.902718 -0.373451  0.243429
144.02  0.902736 -0.373466  0.243419
144.021  0.902751 -0.373479   0.24341
144.022  0.902763 -0.373489  0.243403
144.023  0.902773 -0.373497  0.243398
144.024  0.902781 -0.373504  0.243393
144.026 0.902788 -0.37351 0.243389
144.027  0.902794 -0.373515  0.243386
144.028  0.902798 -0.373518  0.243383
144.029  0.902802 -0.373521  0.243381
144.03  0.902805 -0.373524  0.243379
144.032  0.902807 -0.373526  0.243378
144.033  0.902809 -0.373528  0.243377
144.034  0.902786 -0.373298  0.243463
144.035  0.902766 -0.373102  0.243537
144.036   0.90275 -0.372936  0.243599
144.037  0.902736 -0.372798   0.24365
144.039  0.902724 -0.372683  0.243693
144.04  0.902715 -0.372588  0.243729
144.041 0.902707 -0.37251 0.243758
144.042    0.9027 -0.372446  0.243782
144.043  0.902695 -0.372393  0.243802
144.044  0.90269 -0.37235 0.243818
144.046  0.902687 -0.372314  0.243832
144.047  0.902684 -0.372285  0.243842
144.048  0.902681 -0.372261  0.243851
144.049   0.90268 -0.372242  0.243859
144.05  0.902678 -0.372226  0.243865
144.052  0.902677 -0.372213  0.243869
144.053  0.902675 -0.372202  0.243873
144.054  0.902675 -0.372193  0.243877
144.055  0.902674 -0.372186  0.243879
144.056 0.902673 -0.37218 0.243882
144.057  0.902673 -0.372175  0.243883
144.059  0.902672 -0.372171  0.243885
144.06  0.902672 -0.372168  0.243886
144.061  0.902672 -0.372166  0.243887
144.062  0.902671 -0.372163  0.243888
144.063  0.902671 -0.372162  0.243888
144.064 0.902671 -0.37216 0.243889
144.066  0.901995 -0.371856  0.244344
144.067  0.901417 -0.371596  0.244732
144.068  0.900929 -0.371376   0.24506
144.069  0.900522 -0.371193  0.245333
144.07  0.900185 -0.371041   0.24556
144.072  0.899906 -0.370916  0.245748
144.073  0.899677 -0.370812  0.245902
144.074  0.899488 -0.370728  0.246029
144.075  0.899333 -0.370658  0.246133
144.076  0.899206 -0.370601  0.246218
144.077  0.899102 -0.370554  0.246288
144.079  0.899017 -0.370516  0.246345
144.08  0.898947 -0.370484  0.246392
144.081   0.89889 -0.370459  0.246431
144.082  0.898843 -0.370437  0.246462
144.083 0.898805 -0.37042 0.246488
144.084  0.898773 -0.370406  0.246509
144.086  0.898748 -0.370395  0.246526
144.087  0.898727 -0.370385   0.24654
144.088   0.89871 -0.370378  0.246551
144.089  0.898696 -0.370371  0.246561
144.09  0.898684 -0.370366  0.246569
144.092  0.898675 -0.370362  0.246575
144.093  0.898667 -0.370359   0.24658
144.094  0.898661 -0.370356  0.246584
144.095  0.898656 -0.370354  0.246587
144.096  0.898652 -0.370352   0.24659
144.097 0.898649 -0.37035 0.246592
144.099  0.898854 -0.370447  0.246401
144.1  0.899224 -0.370622  0.246057
144.101 0.899538 -0.37077 0.245764
144.102  0.899801 -0.370895  0.245519
144.103   0.90002 -0.370998  0.245315
144.104  0.900202 -0.371084  0.245146
144.106  0.900352 -0.371155  0.245007
144.107  0.900475 -0.371213  0.244892
144.108  0.900576 -0.371261  0.244798
144.109  0.90066  -0.3713 0.244721
144.11  0.900728 -0.371333  0.244657
144.112  0.900784 -0.371359  0.244605
144.113  0.900829 -0.371381  0.244563
144.114  0.900867 -0.371399  0.244528
144.115  0.900898 -0.371413  0.244499
144.116  0.900923 -0.371425  0.244476
144.117  0.900944 -0.371435  0.244457
144.119  0.900961 -0.371443  0.244441
144.12  0.900974 -0.371449  0.244428
144.121  0.900986 -0.371455  0.244417
144.122  0.900995 -0.371459  0.244409
144.123  0.901003 -0.371463  0.244402
144.125  0.901009 -0.371466  0.244396
144.126  0.901014 -0.371468  0.244391
144.127 0.901018 -0.37147 0.244387
144.128  0.901022 -0.371472  0.244384
144.129  0.901025 -0.371473  0.244381
144.13  0.901027 -0.371474  0.244379
144.132  0.901029 -0.371475  0.244378
144.133 0.901056 -0.37157 0.244378
144.134  0.901104 -0.371739  0.244381
144.135  0.901145 -0.371882  0.244383
144.136  0.901179 -0.372002  0.244384
144.137  0.901207 -0.372102  0.244386
144.139  0.901231 -0.372185  0.244387
144.14   0.90125 -0.372253  0.244388
144.141  0.901266 -0.372309  0.244388
144.142  0.901279 -0.372355  0.244389
144.143   0.90129 -0.372393   0.24439
144.144  0.901299 -0.372424   0.24439
144.146  0.901306 -0.372449   0.24439
144.147 0.901312 -0.37247 0.244391
144.148  0.901317 -0.372487  0.244391
144.149  0.901321 -0.372501  0.244391
144.15  0.901324 -0.372513  0.244391
144.152  0.901327 -0.372522  0.244391
144.153 0.901329 -0.37253 0.244391
144.154  0.901331 -0.372536  0.244391
144.155  0.901332 -0.372541  0.244391
144.156  0.901334 -0.372545  0.244391
144.157  0.901335 -0.372549  0.244391
144.158  0.901335 -0.372552  0.244391
144.159  0.901336 -0.372554  0.244391
144.16  0.901337 -0.372556  0.244391
144.162  0.901337 -0.372557  0.244391
144.163  0.901297 -0.372444  0.244441
144.164  0.901226 -0.372241  0.244529
144.165  0.901166 -0.372069  0.244604
144.166  0.901115 -0.371925  0.244667
144.168  0.901073 -0.371804  0.244719
144.169  0.901038 -0.371705  0.244762
144.17  0.901009 -0.371623  0.244798
144.171  0.900986 -0.371555  0.244827
144.172 0.900966  -0.3715 0.244851
144.174  0.900944 -0.371435   0.24488
144.175  0.900937 -0.371417  0.244887
144.176  0.900922 -0.371373  0.244906
144.177  0.900914 -0.371351  0.244916
144.178  0.900908 -0.371332  0.244924
144.18  0.900902 -0.371317   0.24493
144.181  0.900898 -0.371305  0.244936
144.182  0.900895 -0.371294   0.24494
144.183  0.900892 -0.371286  0.244944
144.184  0.900889 -0.371279  0.244947
144.186  0.900887 -0.371274  0.244949
144.187  0.900886 -0.371269  0.244951
144.188  0.900885 -0.371266  0.244953
144.189  0.900884 -0.371262  0.244954
144.191 0.900883 -0.37126 0.244955
144.192  0.900882 -0.371258  0.244956
144.193  0.900882 -0.371256  0.244957
144.194  0.900881 -0.371255  0.244957
144.195  0.900881 -0.371254  0.244958
144.197   0.90088 -0.371253  0.244958
144.198   0.90153 -0.371777   0.24459
144.199  0.902086 -0.372225  0.244275
144.2  0.902555 -0.372603  0.244009
144.202  0.902946 -0.372919  0.243787
144.203  0.903271 -0.373181  0.243603
144.204  0.903539 -0.373397  0.243451
144.205  0.903759 -0.373575  0.243326
144.207  0.903941 -0.373722  0.243223
144.208   0.90409 -0.373842  0.243139
144.209  0.904212 -0.373941  0.243069
144.21  0.904355 -0.374056  0.242988
144.211  0.904394 -0.374088  0.242966
144.213  0.904461 -0.374142  0.242928
144.214   0.90454 -0.374205  0.242883
144.215  0.904581 -0.374238   0.24286
144.216  0.904614 -0.374265  0.242841
144.218  0.904641 -0.374287  0.242826
144.219  0.904663 -0.374305  0.242813
144.22 0.904682 -0.37432 0.242803
144.221  0.904697 -0.374332  0.242794
144.222  0.904709 -0.374341  0.242788
144.223  0.904719 -0.374349  0.242782
144.225  0.904727 -0.374356  0.242777
144.226  0.904734 -0.374361  0.242773
144.227  0.904739 -0.374366   0.24277
144.228  0.904743 -0.374369  0.242768
144.229  0.904225 -0.373851  0.243135
144.231  0.903781 -0.373409   0.24345
144.232  0.903406 -0.373035  0.243715
144.233  0.903094 -0.372723  0.243936
144.234  0.902834 -0.372464   0.24412
144.236  0.902527 -0.372158  0.244337
144.237  0.902367 -0.371998   0.24445
144.238  0.902236 -0.371867  0.244543
144.239  0.902128 -0.371759   0.24462
144.24  0.902039 -0.371671  0.244682
144.242  0.901967 -0.371599  0.244734
144.243 0.901907 -0.37154 0.244776
144.244  0.901859 -0.371491   0.24481
144.245  0.901819 -0.371451  0.244838
144.247  0.901786 -0.371419  0.244861
144.248  0.901759 -0.371392   0.24488
144.249 0.901738 -0.37137 0.244896
144.25   0.90172 -0.371352  0.244908
144.251  0.901705 -0.371338  0.244919
144.253  0.901693 -0.371326  0.244927
144.254  0.901683 -0.371316  0.244934
144.255  0.901675 -0.371308   0.24494
144.256  0.901668 -0.371302  0.244944
144.257  0.901663 -0.371296  0.244948
144.259 0.901657 -0.37129 0.244953
144.26  0.901654 -0.371287  0.244955
144.261  0.901651 -0.371284  0.244957
144.262  0.901649 -0.371282  0.244958
144.263 0.901647 -0.37128 0.244959
144.265  0.900515 -0.370777  0.245672
144.266  0.899547 -0.370347  0.246282
144.267  0.898731 -0.369985  0.246795
144.268   0.89805 -0.369682  0.247224
144.27  0.897485 -0.369431  0.247579
144.271  0.897018 -0.369224  0.247873
144.272  0.896634 -0.369053  0.248115
144.273  0.896182 -0.368853  0.248399
144.275  0.895948 -0.368748  0.248547
144.276  0.895755 -0.368663  0.248668
144.277  0.895598 -0.368593  0.248767
144.278  0.895469 -0.368536  0.248848
144.279  0.895363 -0.368489  0.248915
144.28 0.895276 -0.36845 0.248969
144.282  0.895206 -0.368419  0.249014
144.283  0.895148 -0.368393   0.24905
144.284    0.8951 -0.368372   0.24908
144.285  0.895062 -0.368355  0.249104
144.286   0.89503 -0.368341  0.249124
144.288 0.895004 -0.36833  0.24914
144.289 0.894983 -0.36832 0.249154
144.29  0.894966 -0.368313  0.249164
144.291  0.894952 -0.368306  0.249173
144.292   0.89494 -0.368301   0.24918
144.294  0.894931 -0.368297  0.249186
144.295  0.894923 -0.368294  0.249191
144.296  0.894917 -0.368291  0.249195
144.297  0.894912 -0.368289  0.249198
144.299  0.896884 -0.369304  0.248039
144.3   0.89857 -0.370172  0.247048
144.301  0.900613 -0.371223  0.245847
144.302 0.901696 -0.37178 0.245211
144.304  0.902591 -0.372242  0.244684
144.305   0.90333 -0.372622   0.24425
144.306  0.903938 -0.372935  0.243893
144.307  0.904437 -0.373192  0.243599
144.308  0.904847 -0.373403  0.243358
144.31  0.905183 -0.373575  0.243161
144.311  0.905458 -0.373717  0.242999
144.312  0.905684 -0.373833  0.242866
144.313  0.905948 -0.373969  0.242711
144.315 0.906084 -0.37404 0.242631
144.316  0.906196 -0.374097  0.242565
144.317  0.906288 -0.374144  0.242511
144.318  0.906363 -0.374183  0.242467
144.319  0.906425 -0.374215   0.24243
144.321  0.906475 -0.374241  0.242401
144.322  0.906516 -0.374262  0.242377
144.323  0.906549 -0.374279  0.242357
144.324  0.906577 -0.374293  0.242341
144.326  0.906599 -0.374305  0.242327
144.327  0.906626 -0.374318  0.242312
144.328  0.906639 -0.374325  0.242304
144.329   0.90665 -0.374331  0.242297
144.331  0.906659 -0.374336  0.242292
144.332 0.905956 -0.37409 0.242639
144.333 0.905354 -0.37388 0.242937
144.334  0.904846 -0.373702  0.243187
144.335  0.904422 -0.373554  0.243397
144.336   0.90407 -0.373431   0.24357
144.338  0.903779 -0.373329  0.243714
144.339   0.90354 -0.373246  0.243832
144.34  0.903343 -0.373177  0.243929
144.341 0.903181 -0.37312 0.244009
144.343  0.903048 -0.373074  0.244074
144.344   0.90294 -0.373036  0.244128
144.345  0.902812 -0.372991  0.244191
144.346  0.902746 -0.372968  0.244224
144.348  0.902692 -0.372949   0.24425
144.349  0.902647 -0.372933  0.244272
144.35  0.902611 -0.372921   0.24429
144.351 0.902581 -0.37291 0.244305
144.352  0.902557 -0.372902  0.244317
144.354  0.902537 -0.372895  0.244327
144.355  0.902521 -0.372889  0.244335
144.356  0.902507 -0.372884  0.244341
144.357 0.902496 -0.37288 0.244347
144.359  0.902483 -0.372876  0.244353
144.36  0.902477 -0.372874  0.244356
144.361  0.902471 -0.372872  0.244359
144.363 0.902467 -0.37287 0.244361
144.364  0.902463 -0.372869  0.244363
144.365  0.902403 -0.372689  0.244439
144.366  0.902353 -0.372536  0.244504
144.368   0.90231 -0.372407  0.244558
144.369  0.902275 -0.372299  0.244603
144.37 0.902245 -0.37221 0.244641
144.371  0.902221 -0.372136  0.244672
144.373  0.902201 -0.372075  0.244698
144.374  0.902184 -0.372025  0.244719
144.375  0.902171 -0.371984  0.244736
144.376  0.90216 -0.37195  0.24475
144.377  0.902151 -0.371923  0.244762
144.378 0.902143  -0.3719 0.244771
144.38  0.902137 -0.371881  0.244779
144.381  0.902132 -0.371866  0.244785
144.382  0.902128 -0.371854   0.24479
144.383  0.902125 -0.371844  0.244795
144.384  0.902122 -0.371835  0.244798
144.385   0.90212 -0.371828  0.244801
144.387  0.902118 -0.371823  0.244803
144.388  0.902116 -0.371818  0.244805
144.389  0.902115 -0.371815  0.244807
144.39  0.902114 -0.371811  0.244808
144.391  0.902113 -0.371809  0.244809
144.392  0.902113 -0.371807   0.24481
144.394  0.902112 -0.371805  0.244811
144.395  0.902111 -0.371804  0.244811
144.396  0.902365 -0.371909    0.2446
144.397  0.902581 -0.371998   0.24442
144.398  0.902764 -0.372074  0.244268
144.399  0.902916 -0.372137  0.244141
144.401  0.903042 -0.372189  0.244035
144.402  0.903147 -0.372232  0.243948
144.403  0.903233 -0.372268  0.243876
144.404  0.903303 -0.372297  0.243817
144.405  0.903361 -0.372321  0.243769
144.407  0.903409 -0.372341  0.243729
144.408  0.903448 -0.372357  0.243697
144.409  0.90348 -0.37237  0.24367
144.41  0.903506 -0.372381  0.243648
144.412 0.903527 -0.37239 0.243631
144.413  0.903545 -0.372397  0.243616
144.414  0.903559 -0.372403  0.243604
144.415 0.903576 -0.37241  0.24359
144.417  0.903584 -0.372414  0.243583
144.418  0.903591 -0.372417  0.243577
144.419  0.903597 -0.372419  0.243572
144.42  0.903602 -0.372421  0.243568
144.421  0.903606 -0.372423  0.243565
144.423  0.903609 -0.372424  0.243562
144.424  0.903613 -0.372426  0.243559
144.425  0.903614 -0.372427  0.243557
144.427  0.903616 -0.372427  0.243556
144.428  0.903617 -0.372428  0.243555
144.429  0.903619 -0.372428  0.243554
144.431  0.903619 -0.372429  0.243553
144.432   0.90362 -0.372429  0.243553
144.433   0.90362 -0.372429  0.243552
144.434  0.903621 -0.372429  0.243552
144.436  0.903621 -0.372429  0.243552
144.437  0.903621 -0.372429  0.243551
144.438 0.903621 -0.37243 0.243551
144.439 0.903621 -0.37243 0.243551
144.44 0.903622 -0.37243 0.243551
144.442 0.903622 -0.37243 0.243551
144.443 0.903622 -0.37243 0.243551
144.444 0.903622 -0.37243 0.243551
144.445 0.903622 -0.37243 0.243551
144.447 0.903622 -0.37243 0.243551
144.448 0.903622 -0.37243 0.243551
144.449 0.903622 -0.37243 0.243551
144.45 0.903622 -0.37243 0.243551
144.452 0.903622 -0.37243 0.243551
144.453 0.903621 -0.37243 0.243551
144.454 0.903621 -0.37243 0.243551
144.455 0.903621 -0.37243 0.243551
144.456 0.903621 -0.37243 0.243551
144.458 0.903621 -0.37243 0.243551
144.459 0.903621 -0.37243 0.243551
144.46 0.903621 -0.37243 0.243551
144.461 0.903621 -0.37243 0.243551
144.462 0.903621 -0.37243 0.243551
144.463 0.903621 -0.37243 0.243551
144.465 0.903621 -0.37243 0.243551
144.466 0.903621 -0.37243 0.243551
144.467 0.903621 -0.37243 0.243551
144.468 0.903621 -0.37243 0.243551
144.469 0.903621 -0.37243 0.243551
144.47 0.903621 -0.37243 0.243551
144.472  0.90362 -0.37243 0.243551
144.473  0.90362 -0.37243 0.243551
144.474  0.90362 -0.37243 0.243551
144.475  0.90362 -0.37243 0.243551
144.476  0.90362 -0.37243 0.243551
144.478  0.90362 -0.37243 0.243551
144.479  0.90362 -0.37243 0.243551
144.48  0.90362 -0.37243 0.243552
144.481   0.90362 -0.372429  0.243552
144.482   0.90362 -0.372429  0.243552
144.483   0.90362 -0.372429  0.243552
144.485   0.90362 -0.372429  0.243552
144.486   0.90362 -0.372429  0.243552
144.487   0.90362 -0.372429  0.243552
144.488   0.90362 -0.372429  0.243552
144.489  0.903619 -0.372429  0.243552
144.49  0.903619 -0.372429  0.243552
144.492  0.903619 -0.372429  0.243552
144.493  0.903619 -0.372429  0.243552
144.494  0.903619 -0.372429  0.243552
144.495  0.903619 -0.372429  0.243552
144.496  0.903619 -0.372429  0.243552
144.497  0.903619 -0.372429  0.243552
144.499  0.903619 -0.372429  0.243552
144.5  0.903619 -0.372429  0.243552
144.501  0.903619 -0.372429  0.243552
144.502  0.903619 -0.372429  0.243552
144.503  0.903619 -0.372429  0.243552
144.505  0.903619 -0.372429  0.243552
144.506  0.903619 -0.372429  0.243552
144.507  0.903619 -0.372429  0.243552
144.508  0.903618 -0.372429  0.243552
144.509  0.903618 -0.372429  0.243552
144.51  0.903618 -0.372429  0.243552
144.512  0.903618 -0.372429  0.243552
144.513  0.903618 -0.372429  0.243552
144.514  0.903618 -0.372429  0.243552
144.515  0.903618 -0.372429  0.243552
144.516  0.903618 -0.372429  0.243552
144.518  0.903618 -0.372429  0.243552
144.519  0.903618 -0.372429  0.243552
144.52  0.903618 -0.372429  0.243553
144.521  0.903618 -0.372429  0.243553
144.523  0.903618 -0.372429  0.243553
144.524  0.903618 -0.372429  0.243553
144.525  0.903618 -0.372429  0.243553
144.526  0.903618 -0.372429  0.243553
144.527  0.903617 -0.372429  0.243553
144.529  0.903617 -0.372429  0.243553
144.53  0.903617 -0.372429  0.243553
144.531  0.903617 -0.372429  0.243553
144.532  0.903617 -0.372429  0.243553
144.533  0.903617 -0.372429  0.243553
144.534  0.903617 -0.372429  0.243553
144.536  0.903617 -0.372429  0.243553
144.537  0.903617 -0.372429  0.243553
144.538  0.903617 -0.372429  0.243553
144.539  0.903617 -0.372429  0.243553
144.54  0.903617 -0.372429  0.243553
144.541  0.903617 -0.372429  0.243553
144.543  0.903617 -0.372429  0.243553
144.544  0.903617 -0.372429  0.243553
144.545  0.903617 -0.372429  0.243553
144.546  0.903617 -0.372429  0.243553
144.547  0.903617 -0.372429  0.243553
144.548  0.903616 -0.372429  0.243553
144.55  0.903616 -0.372429  0.243553
144.551  0.903616 -0.372429  0.243553
144.552  0.903616 -0.372429  0.243553
144.553  0.903616 -0.372429  0.243553
144.554  0.903616 -0.372429  0.243553
144.555  0.903616 -0.372429  0.243553
144.557  0.903616 -0.372429  0.243553
144.558  0.903616 -0.372429  0.243553
144.559  0.903616 -0.372429  0.243553
144.56  0.903616 -0.372429  0.243553
144.561  0.903616 -0.372429  0.243553
144.562  0.903616 -0.372429  0.243553
144.564  0.903616 -0.372429  0.243553
144.565  0.903616 -0.372429  0.243553
144.566  0.903616 -0.372429  0.243554
144.567  0.903616 -0.372429  0.243554
144.568  0.903616 -0.372429  0.243554
144.569  0.903616 -0.372429  0.243554
144.571  0.903616 -0.372429  0.243554
144.572  0.903615 -0.372429  0.243554
144.573  0.903615 -0.372429  0.243554
144.574  0.903615 -0.372429  0.243554
144.575  0.903615 -0.372429  0.243554
144.576  0.903615 -0.372429  0.243554
144.578  0.903615 -0.372429  0.243554
144.579  0.903615 -0.372429  0.243554
144.58  0.903615 -0.372429  0.243554
144.581  0.903615 -0.372429  0.243554
144.582  0.903615 -0.372429  0.243554
144.584  0.903615 -0.372429  0.243554
144.585  0.903615 -0.372428  0.243554
144.586  0.903615 -0.372428  0.243554
144.587  0.903615 -0.372428  0.243554
144.588  0.903615 -0.372428  0.243554
144.589  0.903615 -0.372428  0.243554
144.591  0.903615 -0.372428  0.243554
144.592  0.903615 -0.372428  0.243554
144.593  0.903615 -0.372428  0.243554
144.594  0.903615 -0.372428  0.243554
144.595  0.903614 -0.372428  0.243554
144.596  0.903614 -0.372428  0.243554
144.598  0.903614 -0.372428  0.243554
144.599  0.903614 -0.372428  0.243554
144.6  0.903614 -0.372428  0.243554
144.601  0.903614 -0.372428  0.243554
144.602  0.903614 -0.372428  0.243554
144.603  0.903614 -0.372428  0.243554
144.605  0.903614 -0.372428  0.243554
144.606  0.903614 -0.372428  0.243554
144.607  0.903614 -0.372428  0.243554
144.608  0.903614 -0.372428  0.243554
144.609  0.903614 -0.372428  0.243554
144.61  0.903614 -0.372428  0.243554
144.612  0.903614 -0.372428  0.243554
144.613  0.903614 -0.372428  0.243554
144.614  0.903614 -0.372428  0.243554
144.615  0.903614 -0.372428  0.243554
144.616  0.903614 -0.372428  0.243554
144.617  0.903614 -0.372428  0.243554
144.619  0.903614 -0.372428  0.243555
144.62  0.903614 -0.372428  0.243555
144.621  0.903613 -0.372428  0.243555
144.622  0.903613 -0.372428  0.243555
144.624  0.903613 -0.372428  0.243555
144.625  0.903613 -0.372428  0.243555
144.626  0.903613 -0.372428  0.243555
144.627  0.903613 -0.372428  0.243555
144.628  0.903613 -0.372428  0.243555
144.629  0.903613 -0.372428  0.243555
144.631  0.903613 -0.372428  0.243555
144.632  0.903613 -0.372428  0.243555
144.633  0.903613 -0.372428  0.243555
144.634  0.903613 -0.372428  0.243555
144.635  0.903613 -0.372428  0.243555
144.636  0.903613 -0.372428  0.243555
144.638  0.903613 -0.372428  0.243555
144.639  0.903613 -0.372428  0.243555
144.64  0.903613 -0.372428  0.243555
144.641  0.903613 -0.372428  0.243555
144.642  0.903613 -0.372428  0.243555
144.643  0.903613 -0.372428  0.243555
144.645  0.903613 -0.372428  0.243555
144.646  0.903613 -0.372428  0.243555
144.647  0.903613 -0.372428  0.243555
144.648  0.903612 -0.372428  0.243555
144.649  0.903612 -0.372428  0.243555
144.65  0.903612 -0.372428  0.243555
144.652  0.903612 -0.372428  0.243555
144.653  0.903612 -0.372428  0.243555
144.654  0.903612 -0.372428  0.243555
144.655  0.903612 -0.372428  0.243555
144.656  0.903612 -0.372428  0.243555
144.657  0.903612 -0.372428  0.243555
144.659  0.903612 -0.372428  0.243555
144.66  0.903612 -0.372428  0.243555
144.661  0.903612 -0.372428  0.243555
144.662  0.903612 -0.372428  0.243555
144.663  0.903612 -0.372428  0.243555
144.664  0.903612 -0.372428  0.243555
144.666  0.903612 -0.372428  0.243555
144.667  0.903612 -0.372428  0.243555
144.668  0.903612 -0.372428  0.243555
144.669  0.903612 -0.372428  0.243555
144.67  0.903612 -0.372428  0.243555
144.671  0.903612 -0.372428  0.243555
144.673  0.903612 -0.372428  0.243555
144.674  0.903612 -0.372428  0.243555
144.675  0.903612 -0.372428  0.243555
144.676  0.903612 -0.372428  0.243555
144.677  0.903611 -0.372428  0.243555
144.678  0.903611 -0.372428  0.243555
144.68  0.903611 -0.372428  0.243555
144.681  0.903611 -0.372428  0.243556
144.682  0.903611 -0.372428  0.243556
144.683  0.903611 -0.372428  0.243556
144.684  0.903611 -0.372428  0.243556
144.686  0.903611 -0.372428  0.243556
144.687  0.903611 -0.372428  0.243556
144.688  0.903611 -0.372428  0.243556
144.689  0.903611 -0.372428  0.243556
144.691  0.903611 -0.372428  0.243556
144.692  0.903611 -0.372428  0.243556
144.693  0.903611 -0.372428  0.243556
144.694  0.903611 -0.372428  0.243556
144.695  0.903611 -0.372428  0.243556
144.697  0.903611 -0.372428  0.243556
144.698  0.903611 -0.372428  0.243556
144.699  0.903611 -0.372428  0.243556
144.7  0.903611 -0.372428  0.243556
144.701  0.903611 -0.372428  0.243556
144.702  0.903611 -0.372428  0.243556
144.704  0.903611 -0.372428  0.243556
144.705  0.903611 -0.372428  0.243556
144.706  0.903611 -0.372428  0.243556
144.707  0.903611 -0.372428  0.243556
144.708  0.903611 -0.372428  0.243556
144.71  0.903611 -0.372428  0.243556
144.711   0.90361 -0.372428  0.243556
144.712   0.90361 -0.372428  0.243556
144.713   0.90361 -0.372428  0.243556
144.715   0.90361 -0.372428  0.243556
144.716   0.90361 -0.372428  0.243556
144.717   0.90361 -0.372428  0.243556
144.718   0.90361 -0.372428  0.243556
144.719   0.90361 -0.372428  0.243556
144.72   0.90361 -0.372428  0.243556
144.722   0.90361 -0.372428  0.243556
144.723   0.90361 -0.372428  0.243556
144.724   0.90361 -0.372428  0.243556
144.725   0.90361 -0.372428  0.243556
144.726   0.90361 -0.372428  0.243556
144.728   0.90361 -0.372428  0.243556
144.729   0.90361 -0.372427  0.243556
144.73   0.90361 -0.372427  0.243556
144.731   0.90361 -0.372427  0.243556
144.733   0.90361 -0.372427  0.243556
144.734   0.90361 -0.372427  0.243556
144.735   0.90361 -0.372427  0.243556
144.736   0.90361 -0.372427  0.243556
144.737   0.90361 -0.372427  0.243556
144.739   0.90361 -0.372427  0.243556
144.74   0.90361 -0.372427  0.243556
144.741   0.90361 -0.372427  0.243556
144.742   0.90361 -0.372427  0.243556
144.744   0.90361 -0.372427  0.243556
144.745   0.90361 -0.372427  0.243556
144.746  0.903609 -0.372427  0.243556
144.747  0.903609 -0.372427  0.243556
144.749  0.903609 -0.372427  0.243556
144.75  0.903609 -0.372427  0.243556
144.751  0.903609 -0.372427  0.243556
144.752  0.903609 -0.372427  0.243556
144.754  0.903609 -0.372427  0.243556
144.755  0.903609 -0.372427  0.243556
144.756  0.903609 -0.372427  0.243557
144.758  0.903609 -0.372427  0.243557
144.759  0.903609 -0.372427  0.243557
144.76  0.903609 -0.372427  0.243557
144.761  0.903609 -0.372427  0.243557
144.763  0.903609 -0.372427  0.243557
144.764  0.903609 -0.372427  0.243557
144.765  0.903609 -0.372427  0.243557
144.767  0.903609 -0.372427  0.243557
144.768  0.903609 -0.372427  0.243557
144.769  0.903609 -0.372427  0.243557
144.77  0.903609 -0.372427  0.243557
144.771  0.903609 -0.372427  0.243557
144.773  0.903609 -0.372427  0.243557
144.774  0.903609 -0.372427  0.243557
144.775  0.903609 -0.372427  0.243557
144.776  0.903609 -0.372427  0.243557
144.778  0.903609 -0.372427  0.243557
144.779  0.903609 -0.372427  0.243557
144.78  0.903609 -0.372427  0.243557
144.781  0.903609 -0.372427  0.243557
144.783  0.903609 -0.372427  0.243557
144.784  0.903608 -0.372427  0.243557
144.785  0.903608 -0.372427  0.243557
144.786  0.903608 -0.372427  0.243557
144.788  0.903608 -0.372427  0.243557
144.789  0.903608 -0.372427  0.243557
144.79  0.903608 -0.372427  0.243557
144.792  0.903608 -0.372427  0.243557
144.793  0.903608 -0.372427  0.243557
144.794  0.903608 -0.372427  0.243557
144.796  0.903608 -0.372427  0.243557
144.797  0.903608 -0.372427  0.243557
144.798  0.903608 -0.372427  0.243557
144.799  0.903608 -0.372427  0.243557
144.8  0.903608 -0.372427  0.243557
144.802  0.903608 -0.372427  0.243557
144.803  0.903608 -0.372427  0.243557
144.804  0.903608 -0.372427  0.243557
144.805  0.903608 -0.372427  0.243557
144.808  0.903608 -0.372427  0.243557
144.809  0.903608 -0.372427  0.243557
144.811  0.903608 -0.372427  0.243557
144.812  0.903608 -0.372427  0.243557
144.813  0.903608 -0.372427  0.243557
144.815  0.903608 -0.372427  0.243557
144.816  0.903608 -0.372427  0.243557
144.817  0.903608 -0.372427  0.243557
144.818  0.903608 -0.372427  0.243557
144.82  0.903608 -0.372427  0.243557
144.821  0.903608 -0.372427  0.243557
144.822  0.903608 -0.372427  0.243557
144.823  0.903608 -0.372427  0.243557
144.824  0.903608 -0.372427  0.243557
144.825  0.903608 -0.372427  0.243557
144.827  0.903608 -0.372427  0.243557
144.828  0.903607 -0.372427  0.243557
144.829  0.903607 -0.372427  0.243557
144.83  0.903607 -0.372427  0.243557
144.831  0.903607 -0.372427  0.243557
144.833  0.903607 -0.372427  0.243557
144.834  0.903607 -0.372427  0.243557
144.835  0.903607 -0.372427  0.243557
144.836  0.903607 -0.372427  0.243557
144.837  0.903607 -0.372427  0.243557
144.838  0.903607 -0.372427  0.243557
144.84  0.903607 -0.372427  0.243557
144.841  0.903607 -0.372427  0.243557
144.842  0.903607 -0.372427  0.243557
144.843  0.903607 -0.372427  0.243557
144.844  0.903607 -0.372427  0.243557
144.845  0.903607 -0.372427  0.243557
144.847  0.903607 -0.372427  0.243557
144.848  0.903607 -0.372427  0.243557
144.849  0.903607 -0.372427  0.243558
144.85  0.903607 -0.372427  0.243558
144.851  0.903607 -0.372427  0.243558
144.853  0.903607 -0.372427  0.243558
144.854  0.903607 -0.372427  0.243558
144.855  0.903607 -0.372427  0.243558
144.856  0.903607 -0.372427  0.243558
144.857  0.903607 -0.372427  0.243558
144.858  0.903607 -0.372427  0.243558
144.859  0.903607 -0.372427  0.243558
144.86  0.903607 -0.372427  0.243558
144.862  0.903607 -0.372427  0.243558
144.863  0.903607 -0.372427  0.243558
144.864  0.903607 -0.372427  0.243558
144.865  0.903607 -0.372427  0.243558
144.866  0.903607 -0.372427  0.243558
144.867  0.903607 -0.372427  0.243558
144.868  0.903607 -0.372427  0.243558
144.87  0.903607 -0.372427  0.243558
144.871  0.903607 -0.372427  0.243558
144.872  0.903607 -0.372427  0.243558
144.873  0.903607 -0.372427  0.243558
144.874  0.903607 -0.372427  0.243558
144.876  0.903607 -0.372427  0.243558
144.877  0.903606 -0.372427  0.243558
144.878  0.903606 -0.372427  0.243558
144.879  0.903606 -0.372427  0.243558
144.88  0.903606 -0.372427  0.243558
144.881  0.903606 -0.372427  0.243558
144.883  0.903606 -0.372427  0.243558
144.884  0.903606 -0.372427  0.243558
144.885  0.903606 -0.372427  0.243558
144.886  0.903606 -0.372427  0.243558
144.887  0.903606 -0.372427  0.243558
144.888  0.903606 -0.372427  0.243558
144.89  0.903606 -0.372427  0.243558
144.891  0.903606 -0.372427  0.243558
144.892  0.903606 -0.372427  0.243558
144.893  0.903606 -0.372427  0.243558
144.894  0.903606 -0.372427  0.243558
144.895  0.903606 -0.372427  0.243558
144.897  0.903606 -0.372427  0.243558
144.898  0.903606 -0.372427  0.243558
144.899  0.903606 -0.372427  0.243558
144.9  0.903606 -0.372427  0.243558
144.901  0.903606 -0.372427  0.243558
144.903  0.903606 -0.372427  0.243558
144.904  0.903606 -0.372427  0.243558
144.905  0.903606 -0.372427  0.243558
144.906  0.903606 -0.372427  0.243558
144.907  0.903606 -0.372427  0.243558
144.908  0.903606 -0.372427  0.243558
144.91  0.903606 -0.372427  0.243558
144.911  0.903606 -0.372427  0.243558
144.912  0.903606 -0.372427  0.243558
144.913  0.903606 -0.372427  0.243558
144.914  0.903606 -0.372427  0.243558
144.915  0.903606 -0.372427  0.243558
144.917  0.903606 -0.372427  0.243558
144.918  0.903606 -0.372427  0.243558
144.919  0.903606 -0.372427  0.243558
144.92  0.903606 -0.372427  0.243558
144.921  0.903606 -0.372427  0.243558
144.923  0.903606 -0.372427  0.243558
144.924  0.903606 -0.372427  0.243558
144.925  0.903606 -0.372427  0.243558
144.926  0.903606 -0.372427  0.243558
144.927  0.903606 -0.372427  0.243558
144.928  0.903606 -0.372427  0.243558
144.93  0.903606 -0.372427  0.243558
144.931  0.903606 -0.372427  0.243558
144.932  0.903606 -0.372427  0.243558
144.933  0.903605 -0.372427  0.243558
144.934  0.903605 -0.372427  0.243558
144.935  0.903605 -0.372427  0.243558
144.937  0.903605 -0.372427  0.243558
144.938  0.903605 -0.372427  0.243558
144.939  0.903605 -0.372427  0.243558
144.94  0.903605 -0.372427  0.243558
144.941  0.903605 -0.372427  0.243558
144.943  0.903605 -0.372427  0.243558
144.944  0.903605 -0.372427  0.243558
144.945  0.903605 -0.372427  0.243558
144.946  0.903605 -0.372427  0.243558
144.947  0.903605 -0.372427  0.243558
144.948  0.903605 -0.372427  0.243558
144.95  0.903605 -0.372427  0.243558
144.951  0.903605 -0.372427  0.243558
144.952  0.903605 -0.372427  0.243558
144.953  0.903605 -0.372427  0.243558
144.954  0.903605 -0.372427  0.243558
144.955  0.903605 -0.372427  0.243558
144.957  0.903605 -0.372427  0.243558
144.958  0.903605 -0.372427  0.243558
144.959  0.903605 -0.372427  0.243558
144.96  0.903605 -0.372427  0.243558
144.961  0.903605 -0.372427  0.243558
144.963  0.903605 -0.372427  0.243558
144.964  0.903605 -0.372427  0.243558
144.965  0.903605 -0.372426  0.243558
144.966  0.903605 -0.372426  0.243558
144.967  0.903605 -0.372426  0.243558
144.968  0.903605 -0.372426  0.243558
144.97  0.903605 -0.372426  0.243558
144.971  0.903605 -0.372426  0.243558
144.972  0.903605 -0.372426  0.243559
144.973  0.903605 -0.372426  0.243559
144.974  0.903605 -0.372426  0.243559
144.975  0.903605 -0.372426  0.243559
144.977  0.903605 -0.372426  0.243559
144.978  0.903605 -0.372426  0.243559
144.979  0.903605 -0.372426  0.243559
144.98  0.903605 -0.372426  0.243559
144.981  0.903605 -0.372426  0.243559
144.983  0.903605 -0.372426  0.243559
144.984  0.903605 -0.372426  0.243559
144.985  0.903605 -0.372426  0.243559
144.986  0.903605 -0.372426  0.243559
144.987  0.903605 -0.372426  0.243559
144.988  0.903605 -0.372426  0.243559
144.99  0.903605 -0.372426  0.243559
144.991  0.903605 -0.372426  0.243559
144.992  0.903605 -0.372426  0.243559
144.993  0.903605 -0.372426  0.243559
144.994  0.903605 -0.372426  0.243559
144.995  0.903605 -0.372426  0.243559
144.997  0.903605 -0.372426  0.243559
144.998  0.903605 -0.372426  0.243559
144.999  0.903604 -0.372426  0.243559
145  0.903604 -0.372426  0.243559
145.001  0.903604 -0.372426  0.243559
145.003  0.903604 -0.372426  0.243559
145.004  0.903604 -0.372426  0.243559
145.005  0.903604 -0.372426  0.243559
145.006  0.903604 -0.372426  0.243559
145.007  0.903604 -0.372426  0.243559
145.008  0.903604 -0.372426  0.243559
145.01  0.903604 -0.372426  0.243559
145.011  0.903604 -0.372426  0.243559
145.012  0.903604 -0.372426  0.243559
145.013  0.903604 -0.372426  0.243559
145.014  0.903604 -0.372426  0.243559
145.015  0.903604 -0.372426  0.243559
145.017  0.903604 -0.372426  0.243559
145.018  0.903604 -0.372426  0.243559
145.019  0.903604 -0.372426  0.243559
145.02  0.903604 -0.372426  0.243559
145.021  0.903604 -0.372426  0.243559
145.023  0.903604 -0.372426  0.243559
145.024  0.903604 -0.372426  0.243559
145.025  0.903604 -0.372426  0.243559
145.026  0.903604 -0.372426  0.243559
145.027  0.903604 -0.372426  0.243559
145.028  0.903604 -0.372426  0.243559
145.03  0.903604 -0.372426  0.243559
145.031  0.903604 -0.372426  0.243559
145.032  0.903604 -0.372426  0.243559
145.033  0.903604 -0.372426  0.243559
145.034  0.903604 -0.372426  0.243559
145.035  0.903604 -0.372426  0.243559
145.037  0.903604 -0.372426  0.243559
145.038  0.903604 -0.372426  0.243559
145.039  0.903604 -0.372426  0.243559
145.04  0.903604 -0.372426  0.243559
145.041  0.903604 -0.372426  0.243559
145.043  0.903604 -0.372426  0.243559
145.044  0.903604 -0.372426  0.243559
145.045  0.903604 -0.372426  0.243559
145.046  0.903604 -0.372426  0.243559
145.047  0.903604 -0.372426  0.243559
145.048  0.903604 -0.372426  0.243559
145.05  0.903604 -0.372426  0.243559
145.051  0.903604 -0.372426  0.243559
145.052  0.903604 -0.372426  0.243559
145.053  0.903604 -0.372426  0.243559
145.054  0.903604 -0.372426  0.243559
145.055  0.903604 -0.372426  0.243559
145.057  0.903604 -0.372426  0.243559
145.058  0.903604 -0.372426  0.243559
145.059  0.903604 -0.372426  0.243559
145.06  0.903604 -0.372426  0.243559
145.061  0.903604 -0.372426  0.243559
145.063  0.903604 -0.372426  0.243559
145.064  0.903604 -0.372426  0.243559
145.065  0.903604 -0.372426  0.243559
145.066  0.903604 -0.372426  0.243559
145.067  0.903604 -0.372426  0.243559
145.068  0.903604 -0.372426  0.243559
145.07  0.903604 -0.372426  0.243559
145.071  0.903604 -0.372426  0.243559
145.072  0.903604 -0.372426  0.243559
145.073  0.903604 -0.372426  0.243559
145.074  0.903604 -0.372426  0.243559
145.075  0.903604 -0.372426  0.243559
145.077  0.903604 -0.372426  0.243559
145.078  0.903604 -0.372426  0.243559
145.079  0.903604 -0.372426  0.243559
145.08  0.903603 -0.372426  0.243559
145.081  0.903603 -0.372426  0.243559
145.083  0.903603 -0.372426  0.243559
145.084  0.903603 -0.372426  0.243559
145.085  0.903603 -0.372426  0.243559
145.086  0.903603 -0.372426  0.243559
145.087  0.903603 -0.372426  0.243559
145.088  0.903603 -0.372426  0.243559
145.09  0.903603 -0.372426  0.243559
145.091  0.903603 -0.372426  0.243559
145.092  0.903603 -0.372426  0.243559
145.093  0.903603 -0.372426  0.243559
145.094  0.903603 -0.372426  0.243559
145.095  0.903603 -0.372426  0.243559
145.097  0.903603 -0.372426  0.243559
145.098  0.903603 -0.372426  0.243559
145.099  0.903603 -0.372426  0.243559
145.1  0.903603 -0.372426  0.243559
145.101  0.903603 -0.372426  0.243559
145.102  0.903603 -0.372426  0.243559
145.104  0.903603 -0.372426  0.243559
145.105  0.903603 -0.372426  0.243559
145.106  0.903603 -0.372426  0.243559
145.107  0.903603 -0.372426  0.243559
145.108  0.903603 -0.372426  0.243559
145.11  0.903603 -0.372426  0.243559
145.111  0.903603 -0.372426  0.243559
145.112  0.903603 -0.372426  0.243559
145.113  0.903603 -0.372426  0.243559
145.114  0.903603 -0.372426  0.243559
145.115  0.903603 -0.372426  0.243559
145.117  0.903603 -0.372426  0.243559
145.118  0.903603 -0.372426  0.243559
145.119  0.903603 -0.372426  0.243559
145.12  0.903603 -0.372426  0.243559
145.121  0.903603 -0.372426  0.243559
145.122  0.903603 -0.372426  0.243559
145.124  0.903603 -0.372426  0.243559
145.125  0.903603 -0.372426  0.243559
145.126  0.903603 -0.372426  0.243559
145.127  0.903603 -0.372426  0.243559
145.128  0.903603 -0.372426  0.243559
145.13  0.903603 -0.372426  0.243559
145.131  0.903603 -0.372426  0.243559
145.132  0.903603 -0.372426  0.243559
145.133  0.903603 -0.372426  0.243559
145.134  0.903603 -0.372426  0.243559
145.135  0.903603 -0.372426  0.243559
145.137  0.903603 -0.372426  0.243559
145.138  0.903603 -0.372426  0.243559
145.139  0.903603 -0.372426  0.243559
145.14  0.903603 -0.372426  0.243559
145.141  0.903603 -0.372426  0.243559
145.142  0.903603 -0.372426  0.243559
145.144  0.903603 -0.372426  0.243559
145.145  0.903603 -0.372426  0.243559
145.146  0.903603 -0.372426  0.243559
145.147  0.903603 -0.372426  0.243559
145.148  0.903603 -0.372426  0.243559
145.15  0.903603 -0.372426  0.243559
145.151  0.903603 -0.372426  0.243559
145.152  0.903603 -0.372426  0.243559
145.153  0.903603 -0.372426  0.243559
145.154  0.903603 -0.372426  0.243559
145.155  0.903603 -0.372426  0.243559
145.157  0.903603 -0.372426  0.243559
145.158  0.903603 -0.372426  0.243559
145.159  0.903603 -0.372426   0.24356
145.16  0.903603 -0.372426   0.24356
145.161  0.903603 -0.372426   0.24356
145.162  0.903603 -0.372426   0.24356
145.164  0.903603 -0.372426   0.24356
145.165  0.903603 -0.372426   0.24356
145.166  0.903603 -0.372426   0.24356
145.167  0.903603 -0.372426   0.24356
145.168  0.903603 -0.372426   0.24356
145.17  0.903603 -0.372426   0.24356
145.171  0.903603 -0.372426   0.24356
145.172  0.903603 -0.372426   0.24356
145.173  0.903603 -0.372426   0.24356
145.174  0.903603 -0.372426   0.24356
145.175  0.903603 -0.372426   0.24356
145.177  0.903603 -0.372426   0.24356
145.178  0.903603 -0.372426   0.24356
145.179  0.903603 -0.372426   0.24356
145.18  0.903603 -0.372426   0.24356
145.181  0.903603 -0.372426   0.24356
145.182  0.903603 -0.372426   0.24356
145.184  0.903603 -0.372426   0.24356
145.185  0.903602 -0.372426   0.24356
145.186  0.903602 -0.372426   0.24356
145.187  0.903602 -0.372426   0.24356
145.188  0.903602 -0.372426   0.24356
145.189  0.903602 -0.372426   0.24356
145.191  0.903602 -0.372426   0.24356
145.192  0.903602 -0.372426   0.24356
145.193  0.903602 -0.372426   0.24356
145.194  0.903602 -0.372426   0.24356
145.195  0.903602 -0.372426   0.24356
145.197  0.903602 -0.372426   0.24356
145.198  0.903602 -0.372426   0.24356
145.199  0.903602 -0.372426   0.24356
145.2  0.903602 -0.372426   0.24356
145.201  0.903602 -0.372426   0.24356
145.202  0.903602 -0.372426   0.24356
145.204  0.903602 -0.372426   0.24356
145.205  0.903602 -0.372426   0.24356
145.206  0.903602 -0.372426   0.24356
145.207  0.903602 -0.372426   0.24356
145.208  0.903602 -0.372426   0.24356
145.209  0.903602 -0.372426   0.24356
145.21  0.903602 -0.372426   0.24356
145.212  0.903602 -0.372426   0.24356
145.213  0.903602 -0.372426   0.24356
145.214  0.903602 -0.372426   0.24356
145.215  0.903602 -0.372426   0.24356
145.216  0.903602 -0.372426   0.24356
145.217  0.903602 -0.372426   0.24356
145.218  0.903602 -0.372426   0.24356
145.22  0.903602 -0.372426   0.24356
145.221  0.903602 -0.372426   0.24356
145.222  0.903602 -0.372426   0.24356
145.223  0.903602 -0.372426   0.24356
145.224  0.903602 -0.372426   0.24356
145.225  0.903602 -0.372426   0.24356
145.227  0.903602 -0.372426   0.24356
145.228  0.903602 -0.372426   0.24356
145.229  0.903602 -0.372426   0.24356
145.23  0.903602 -0.372426   0.24356
145.231  0.903602 -0.372426   0.24356
145.233  0.903602 -0.372426   0.24356
145.234  0.903602 -0.372426   0.24356
145.235  0.903602 -0.372426   0.24356
145.236  0.903602 -0.372426   0.24356
145.237  0.903602 -0.372426   0.24356
145.238  0.903602 -0.372426   0.24356
145.24  0.903602 -0.372426   0.24356
145.241  0.903602 -0.372426   0.24356
145.242  0.903602 -0.372426   0.24356
145.243  0.903602 -0.372426   0.24356
145.244  0.903602 -0.372426   0.24356
145.245  0.903602 -0.372426   0.24356
145.247  0.903602 -0.372426   0.24356
145.248  0.903602 -0.372426   0.24356
145.249  0.903602 -0.372426   0.24356
145.25  0.903602 -0.372426   0.24356
145.251  0.903602 -0.372426   0.24356
145.253  0.903602 -0.372426   0.24356
145.254  0.903602 -0.372426   0.24356
145.255  0.903602 -0.372426   0.24356
145.256  0.903602 -0.372426   0.24356
145.257  0.903602 -0.372426   0.24356
145.258  0.903602 -0.372426   0.24356
145.26  0.903602 -0.372426   0.24356
145.261  0.903602 -0.372426   0.24356
145.262  0.903602 -0.372426   0.24356
145.263  0.903602 -0.372426   0.24356
145.264  0.903602 -0.372426   0.24356
145.265  0.903602 -0.372426   0.24356
145.267  0.903602 -0.372426   0.24356
145.268  0.903602 -0.372426   0.24356
145.269  0.903602 -0.372426   0.24356
145.27  0.903602 -0.372426   0.24356
145.271  0.903602 -0.372426   0.24356
145.272  0.903602 -0.372426   0.24356
145.274  0.903602 -0.372426   0.24356
145.275  0.903602 -0.372426   0.24356
145.276  0.903602 -0.372426   0.24356
145.277  0.903602 -0.372426   0.24356
145.278  0.903602 -0.372426   0.24356
145.28  0.903602 -0.372426   0.24356
145.281  0.903602 -0.372426   0.24356
145.282  0.903602 -0.372426   0.24356
145.283  0.903602 -0.372426   0.24356
145.284  0.903602 -0.372426   0.24356
145.285  0.903602 -0.372426   0.24356
145.287  0.903602 -0.372426   0.24356
145.288  0.903602 -0.372426   0.24356
145.289  0.903602 -0.372426   0.24356
145.29  0.903602 -0.372426   0.24356
145.291  0.903602 -0.372426   0.24356
145.292  0.903602 -0.372426   0.24356
145.294  0.903602 -0.372426   0.24356
145.295  0.903602 -0.372426   0.24356
145.296  0.903602 -0.372426   0.24356
145.297  0.903602 -0.372426   0.24356
145.298  0.903602 -0.372426   0.24356
145.3  0.903602 -0.372426   0.24356
145.301  0.903602 -0.372426   0.24356
145.302  0.903602 -0.372426   0.24356
145.303  0.903602 -0.372426   0.24356
145.304  0.903602 -0.372426   0.24356
145.305  0.903602 -0.372426   0.24356
145.307  0.903602 -0.372426   0.24356
145.308  0.903602 -0.372426   0.24356
145.309  0.903602 -0.372426   0.24356
145.31  0.903602 -0.372426   0.24356
145.311  0.903602 -0.372426   0.24356
145.312  0.903602 -0.372426   0.24356
145.314  0.903602 -0.372426   0.24356
145.315  0.903602 -0.372426   0.24356
145.316  0.903602 -0.372426   0.24356
145.317  0.903602 -0.372426   0.24356
145.318  0.903602 -0.372426   0.24356
145.319  0.903602 -0.372426   0.24356
145.321  0.903602 -0.372426   0.24356
145.322  0.903602 -0.372426   0.24356
145.323  0.903602 -0.372426   0.24356
145.324  0.903602 -0.372426   0.24356
145.325  0.903602 -0.372426   0.24356
145.327  0.903602 -0.372426   0.24356
145.328  0.903601 -0.372426   0.24356
145.329  0.903601 -0.372426   0.24356
145.33  0.903601 -0.372426   0.24356
145.331  0.903601 -0.372426   0.24356
145.332  0.903601 -0.372426   0.24356
145.334  0.903601 -0.372426   0.24356
145.335  0.903601 -0.372426   0.24356
145.336  0.903601 -0.372426   0.24356
145.337  0.903601 -0.372426   0.24356
145.338  0.903601 -0.372426   0.24356
145.339  0.903601 -0.372426   0.24356
145.341  0.903601 -0.372426   0.24356
145.342  0.903601 -0.372426   0.24356
145.343  0.903601 -0.372426   0.24356
145.344  0.903601 -0.372426   0.24356
145.345  0.903601 -0.372426   0.24356
145.346  0.903601 -0.372426   0.24356
145.348  0.903601 -0.372426   0.24356
145.349  0.903601 -0.372426   0.24356
145.35  0.903601 -0.372426   0.24356
145.351  0.903601 -0.372426   0.24356
145.352  0.903601 -0.372426   0.24356
145.354  0.903601 -0.372426   0.24356
145.355  0.903601 -0.372426   0.24356
145.356  0.903601 -0.372426   0.24356
145.357  0.903601 -0.372426   0.24356
145.358  0.903601 -0.372426   0.24356
145.359  0.903601 -0.372426   0.24356
145.361  0.903601 -0.372426   0.24356
145.362  0.903601 -0.372426   0.24356
145.363  0.903601 -0.372426   0.24356
145.364  0.903601 -0.372426   0.24356
145.365  0.903601 -0.372426   0.24356
145.366  0.903601 -0.372426   0.24356
145.368  0.903601 -0.372426   0.24356
145.369  0.903601 -0.372426   0.24356
145.37  0.903601 -0.372426   0.24356
145.371  0.903601 -0.372426   0.24356
145.372  0.903601 -0.372426   0.24356
145.374  0.903601 -0.372426   0.24356
145.375  0.903601 -0.372426   0.24356
145.376  0.903601 -0.372426   0.24356
145.377  0.903601 -0.372426   0.24356
145.378  0.903601 -0.372426   0.24356
145.379  0.903601 -0.372426   0.24356
145.381  0.903601 -0.372426   0.24356
145.382  0.903601 -0.372426   0.24356
145.383  0.903601 -0.372426   0.24356
145.384  0.903601 -0.372426   0.24356
145.385  0.903601 -0.372426   0.24356
145.386  0.903601 -0.372426   0.24356
145.388  0.903601 -0.372426   0.24356
145.389  0.903601 -0.372426   0.24356
145.39  0.903601 -0.372426   0.24356
145.391  0.903601 -0.372426   0.24356
145.392  0.903601 -0.372426   0.24356
145.393  0.903601 -0.372426   0.24356
145.395  0.903601 -0.372426   0.24356
145.396  0.903601 -0.372426   0.24356
145.397  0.903601 -0.372426   0.24356
145.398  0.903601 -0.372426   0.24356
145.399  0.903601 -0.372426   0.24356
145.401  0.903601 -0.372426   0.24356
145.402  0.903601 -0.372426   0.24356
145.403  0.903601 -0.372426   0.24356
145.404  0.903601 -0.372426   0.24356
145.405  0.903601 -0.372426   0.24356
145.406  0.903601 -0.372426   0.24356
145.408  0.903601 -0.372426   0.24356
145.409  0.903601 -0.372426   0.24356
145.41  0.903601 -0.372426   0.24356
145.411  0.903601 -0.372426   0.24356
145.412  0.903601 -0.372426   0.24356
145.413  0.903601 -0.372426   0.24356
145.415  0.903601 -0.372426   0.24356
145.416  0.903601 -0.372426   0.24356
145.417  0.903601 -0.372426   0.24356
145.418  0.903601 -0.372426   0.24356
145.419  0.903601 -0.372426   0.24356
145.42  0.903601 -0.372426   0.24356
145.422  0.903601 -0.372426   0.24356
145.423  0.903601 -0.372426   0.24356
145.424  0.903601 -0.372426   0.24356
145.425  0.903601 -0.372426   0.24356
145.426  0.903601 -0.372426   0.24356
145.428  0.903601 -0.372426   0.24356
145.429  0.903601 -0.372426   0.24356
145.43  0.903601 -0.372426   0.24356
145.431  0.903601 -0.372426   0.24356
145.432  0.903601 -0.372426   0.24356
145.433  0.903601 -0.372426   0.24356
145.435  0.903601 -0.372426   0.24356
145.436  0.903601 -0.372426   0.24356
145.437  0.903601 -0.372426   0.24356
145.438  0.903601 -0.372426   0.24356
145.439  0.903601 -0.372426   0.24356
145.44  0.903601 -0.372426   0.24356
145.442  0.903601 -0.372426   0.24356
145.443  0.903601 -0.372426   0.24356
145.444  0.903601 -0.372426   0.24356
145.445  0.903601 -0.372426   0.24356
145.446  0.903601 -0.372426   0.24356
145.447  0.903601 -0.372426   0.24356
145.449  0.903601 -0.372426   0.24356
145.45  0.903601 -0.372426   0.24356
145.451  0.903601 -0.372426   0.24356
145.452  0.903601 -0.372426   0.24356
145.453  0.903601 -0.372426   0.24356
145.455  0.903601 -0.372426   0.24356
145.456  0.903601 -0.372426   0.24356
145.457  0.903601 -0.372426   0.24356
145.458  0.903601 -0.372426   0.24356
145.459  0.903601 -0.372426   0.24356
145.46  0.903601 -0.372426   0.24356
145.462  0.903601 -0.372426   0.24356
145.463  0.903601 -0.372426   0.24356
145.464  0.903601 -0.372426   0.24356
145.465  0.903601 -0.372426   0.24356
145.466  0.903601 -0.372426   0.24356
145.467  0.903601 -0.372426   0.24356
145.469  0.903601 -0.372426   0.24356
145.47  0.903601 -0.372426   0.24356
145.471  0.903601 -0.372426   0.24356
145.472  0.903601 -0.372426   0.24356
145.473  0.903601 -0.372426   0.24356
145.475  0.903601 -0.372426   0.24356
145.476  0.903601 -0.372426   0.24356
145.477  0.903601 -0.372426   0.24356
145.478  0.903601 -0.372426   0.24356
145.479  0.903601 -0.372426   0.24356
145.48  0.903601 -0.372426   0.24356
145.482  0.903601 -0.372426   0.24356
145.483  0.903601 -0.372426   0.24356
145.484  0.903601 -0.372426   0.24356
145.485  0.903601 -0.372426   0.24356
145.486  0.903601 -0.372426   0.24356
145.487  0.903601 -0.372426   0.24356
145.489  0.903601 -0.372426   0.24356
145.49  0.903601 -0.372426   0.24356
145.491  0.903601 -0.372426   0.24356
145.492  0.903601 -0.372426   0.24356
145.493  0.903601 -0.372426   0.24356
145.495  0.903601 -0.372426   0.24356
145.496  0.903601 -0.372426   0.24356
145.497  0.903601 -0.372426   0.24356
145.498  0.903601 -0.372426   0.24356
145.499  0.903601 -0.372426   0.24356
145.5  0.903601 -0.372426   0.24356
145.502  0.903601 -0.372426   0.24356
145.503  0.903601 -0.372426   0.24356
145.504  0.903601 -0.372426   0.24356
145.505  0.903601 -0.372426   0.24356
145.506  0.903601 -0.372426   0.24356
145.507  0.903601 -0.372426   0.24356
145.509  0.903601 -0.372426   0.24356
145.51  0.903601 -0.372426   0.24356
145.511  0.903601 -0.372426   0.24356
145.512  0.903601 -0.372426   0.24356
145.513  0.903601 -0.372426   0.24356
145.514  0.903601 -0.372426   0.24356
145.516  0.903601 -0.372426   0.24356
145.517  0.903601 -0.372426   0.24356
145.518  0.903601 -0.372426   0.24356
145.519  0.903601 -0.372426   0.24356
145.52  0.903601 -0.372426   0.24356
145.522  0.903601 -0.372426   0.24356
145.523  0.903601 -0.372426   0.24356
145.524  0.903601 -0.372426   0.24356
145.525  0.903601 -0.372426   0.24356
145.526  0.903601 -0.372426   0.24356
145.528  0.903601 -0.372426   0.24356
145.53  0.903601 -0.372426   0.24356
145.531  0.903601 -0.372426   0.24356
145.532  0.903601 -0.372426   0.24356
145.533  0.903601 -0.372426   0.24356
145.534  0.903601 -0.372426   0.24356
145.536  0.903601 -0.372426   0.24356
145.537  0.903601 -0.372426   0.24356
145.538  0.903601 -0.372426   0.24356
145.539  0.903601 -0.372426   0.24356
145.541  0.903601 -0.372426   0.24356
145.542  0.903601 -0.372426   0.24356
145.543  0.903601 -0.372426   0.24356
145.544  0.903601 -0.372426   0.24356
145.545  0.903601 -0.372426   0.24356
145.547  0.903601 -0.372426   0.24356
145.548  0.903601 -0.372426   0.24356
145.549  0.903601 -0.372426   0.24356
145.55  0.903601 -0.372426   0.24356
145.551  0.903601 -0.372426   0.24356
145.552  0.903601 -0.372426  0.243561
145.554  0.903601 -0.372426  0.243561
145.555  0.903601 -0.372426  0.243561
145.556  0.903601 -0.372426  0.243561
145.557  0.903601 -0.372426  0.243561
145.558  0.903601 -0.372426  0.243561
145.559  0.903601 -0.372426  0.243561
145.561  0.903601 -0.372426  0.243561
145.562  0.903601 -0.372426  0.243561
145.563  0.903601 -0.372426  0.243561
145.564  0.903601 -0.372426  0.243561
145.565  0.903601 -0.372426  0.243561
145.566  0.903601 -0.372426  0.243561
145.567  0.903601 -0.372426  0.243561
145.568  0.903601 -0.372426  0.243561
145.57    0.9036 -0.372426  0.243561
145.571    0.9036 -0.372426  0.243561
145.572    0.9036 -0.372426  0.243561
145.573    0.9036 -0.372426  0.243561
145.574    0.9036 -0.372426  0.243561
145.575    0.9036 -0.372426  0.243561
145.577    0.9036 -0.372426  0.243561
145.578    0.9036 -0.372426  0.243561
145.579    0.9036 -0.372426  0.243561
145.58    0.9036 -0.372426  0.243561
145.581    0.9036 -0.372426  0.243561
145.583    0.9036 -0.372426  0.243561
145.584    0.9036 -0.372426  0.243561
145.585    0.9036 -0.372426  0.243561
145.586    0.9036 -0.372426  0.243561
145.587    0.9036 -0.372426  0.243561
145.588    0.9036 -0.372426  0.243561
145.59    0.9036 -0.372426  0.243561
145.591    0.9036 -0.372426  0.243561
145.592    0.9036 -0.372426  0.243561
145.593    0.9036 -0.372426  0.243561
145.594    0.9036 -0.372426  0.243561
145.595    0.9036 -0.372426  0.243561
145.597    0.9036 -0.372426  0.243561
145.598    0.9036 -0.372426  0.243561
145.599    0.9036 -0.372426  0.243561
145.6    0.9036 -0.372426  0.243561
145.601    0.9036 -0.372426  0.243561
145.602    0.9036 -0.372426  0.243561
145.604    0.9036 -0.372426  0.243561
145.605    0.9036 -0.372426  0.243561
145.606    0.9036 -0.372426  0.243561
145.607    0.9036 -0.372426  0.243561
145.609    0.9036 -0.372426  0.243561
145.61    0.9036 -0.372426  0.243561
145.611    0.9036 -0.372426  0.243561
145.613    0.9036 -0.372426  0.243561
145.614    0.9036 -0.372426  0.243561
145.615    0.9036 -0.372426  0.243561
145.616    0.9036 -0.372426  0.243561
145.617    0.9036 -0.372426  0.243561
145.618    0.9036 -0.372426  0.243561
145.62    0.9036 -0.372426  0.243561
145.621    0.9036 -0.372426  0.243561
145.622    0.9036 -0.372426  0.243561
145.623    0.9036 -0.372426  0.243561
145.624    0.9036 -0.372426  0.243561
145.625    0.9036 -0.372426  0.243561
145.627    0.9036 -0.372426  0.243561
145.628    0.9036 -0.372426  0.243561
145.629    0.9036 -0.372426  0.243561
145.63    0.9036 -0.372426  0.243561
145.631    0.9036 -0.372426  0.243561
145.633    0.9036 -0.372426  0.243561
145.634    0.9036 -0.372426  0.243561
145.635    0.9036 -0.372426  0.243561
145.636    0.9036 -0.372426  0.243561
145.637    0.9036 -0.372426  0.243561
145.638    0.9036 -0.372426  0.243561
145.64    0.9036 -0.372426  0.243561
145.641    0.9036 -0.372426  0.243561
145.642    0.9036 -0.372426  0.243561
145.643    0.9036 -0.372426  0.243561
145.644    0.9036 -0.372426  0.243561
145.645    0.9036 -0.372426  0.243561
145.647    0.9036 -0.372426  0.243561
145.648    0.9036 -0.372426  0.243561
145.649    0.9036 -0.372426  0.243561
145.65    0.9036 -0.372426  0.243561
145.651    0.9036 -0.372426  0.243561
145.653    0.9036 -0.372426  0.243561
145.654    0.9036 -0.372426  0.243561
145.655    0.9036 -0.372426  0.243561
145.656    0.9036 -0.372426  0.243561
145.657    0.9036 -0.372426  0.243561
145.658    0.9036 -0.372426  0.243561
145.66    0.9036 -0.372426  0.243561
145.661    0.9036 -0.372426  0.243561
145.662    0.9036 -0.372426  0.243561
145.663    0.9036 -0.372426  0.243561
145.664    0.9036 -0.372426  0.243561
145.665    0.9036 -0.372426  0.243561
145.667    0.9036 -0.372426  0.243561
145.668    0.9036 -0.372426  0.243561
145.669    0.9036 -0.372426  0.243561
145.67    0.9036 -0.372426  0.243561
145.671    0.9036 -0.372426  0.243561
145.673    0.9036 -0.372426  0.243561
145.674    0.9036 -0.372426  0.243561
145.675    0.9036 -0.372426  0.243561
145.676    0.9036 -0.372426  0.243561
145.677    0.9036 -0.372426  0.243561
145.678    0.9036 -0.372426  0.243561
145.68    0.9036 -0.372426  0.243561
145.681    0.9036 -0.372426  0.243561
145.682    0.9036 -0.372426  0.243561
145.683    0.9036 -0.372426  0.243561
145.684    0.9036 -0.372426  0.243561
145.686    0.9036 -0.372426  0.243561
145.687    0.9036 -0.372426  0.243561
145.688    0.9036 -0.372426  0.243561
145.689    0.9036 -0.372426  0.243561
145.691    0.9036 -0.372426  0.243561
145.692    0.9036 -0.372426  0.243561
145.693    0.9036 -0.372426  0.243561
145.694    0.9036 -0.372426  0.243561
145.695    0.9036 -0.372426  0.243561
145.697    0.9036 -0.372426  0.243561
145.698    0.9036 -0.372426  0.243561
145.699    0.9036 -0.372426  0.243561
145.7    0.9036 -0.372426  0.243561
145.701    0.9036 -0.372426  0.243561
145.702    0.9036 -0.372426  0.243561
145.704    0.9036 -0.372426  0.243561
145.705    0.9036 -0.372426  0.243561
145.706    0.9036 -0.372426  0.243561
145.707    0.9036 -0.372426  0.243561
145.708    0.9036 -0.372426  0.243561
145.71    0.9036 -0.372426  0.243561
145.711    0.9036 -0.372426  0.243561
145.712    0.9036 -0.372426  0.243561
145.713    0.9036 -0.372426  0.243561
145.714    0.9036 -0.372426  0.243561
145.715    0.9036 -0.372426  0.243561
145.717    0.9036 -0.372426  0.243561
145.718    0.9036 -0.372426  0.243561
145.719    0.9036 -0.372426  0.243561
145.72    0.9036 -0.372426  0.243561
145.721    0.9036 -0.372426  0.243561
145.723    0.9036 -0.372426  0.243561
145.724    0.9036 -0.372426  0.243561
145.725    0.9036 -0.372426  0.243561
145.726    0.9036 -0.372426  0.243561
145.727    0.9036 -0.372426  0.243561
145.728    0.9036 -0.372426  0.243561
145.73    0.9036 -0.372426  0.243561
145.731    0.9036 -0.372426  0.243561
145.732    0.9036 -0.372426  0.243561
145.733    0.9036 -0.372426  0.243561
145.734    0.9036 -0.372426  0.243561
145.735    0.9036 -0.372426  0.243561
145.737    0.9036 -0.372426  0.243561
145.738    0.9036 -0.372426  0.243561
145.739    0.9036 -0.372426  0.243561
145.74    0.9036 -0.372426  0.243561
145.741    0.9036 -0.372426  0.243561
145.743    0.9036 -0.372426  0.243561
145.744    0.9036 -0.372426  0.243561
145.745    0.9036 -0.372426  0.243561
145.746    0.9036 -0.372426  0.243561
145.747    0.9036 -0.372426  0.243561
145.748    0.9036 -0.372426  0.243561
145.75    0.9036 -0.372426  0.243561
145.751    0.9036 -0.372426  0.243561
145.752    0.9036 -0.372426  0.243561
145.753    0.9036 -0.372426  0.243561
145.754    0.9036 -0.372426  0.243561
145.755    0.9036 -0.372426  0.243561
145.757    0.9036 -0.372426  0.243561
145.758    0.9036 -0.372426  0.243561
145.759    0.9036 -0.372426  0.243561
145.76    0.9036 -0.372426  0.243561
145.761    0.9036 -0.372426  0.243561
145.763    0.9036 -0.372426  0.243561
145.764    0.9036 -0.372426  0.243561
145.765    0.9036 -0.372426  0.243561
145.766    0.9036 -0.372426  0.243561
145.767    0.9036 -0.372426  0.243561
145.768    0.9036 -0.372426  0.243561
145.77    0.9036 -0.372426  0.243561
145.771    0.9036 -0.372426  0.243561
145.772    0.9036 -0.372426  0.243561
145.773    0.9036 -0.372426  0.243561
145.774    0.9036 -0.372426  0.243561
145.775    0.9036 -0.372426  0.243561
145.777    0.9036 -0.372426  0.243561
145.778    0.9036 -0.372426  0.243561
145.779    0.9036 -0.372426  0.243561
145.78    0.9036 -0.372426  0.243561
145.781    0.9036 -0.372426  0.243561
145.783    0.9036 -0.372426  0.243561
145.784    0.9036 -0.372426  0.243561
145.785    0.9036 -0.372426  0.243561
145.786    0.9036 -0.372426  0.243561
145.787    0.9036 -0.372425  0.243561
145.788    0.9036 -0.372425  0.243561
145.79    0.9036 -0.372425  0.243561
145.791    0.9036 -0.372425  0.243561
145.792    0.9036 -0.372425  0.243561
145.793    0.9036 -0.372425  0.243561
145.794    0.9036 -0.372425  0.243561
145.795    0.9036 -0.372425  0.243561
145.797    0.9036 -0.372425  0.243561
145.798    0.9036 -0.372425  0.243561
145.799    0.9036 -0.372425  0.243561
145.8    0.9036 -0.372425  0.243561
145.801    0.9036 -0.372425  0.243561
145.802    0.9036 -0.372425  0.243561
145.804    0.9036 -0.372425  0.243561
145.805    0.9036 -0.372425  0.243561
145.806    0.9036 -0.372425  0.243561
145.807    0.9036 -0.372425  0.243561
145.808    0.9036 -0.372425  0.243561
145.81    0.9036 -0.372425  0.243561
145.811    0.9036 -0.372425  0.243561
145.812    0.9036 -0.372425  0.243561
145.813    0.9036 -0.372425  0.243561
145.814    0.9036 -0.372425  0.243561
145.815    0.9036 -0.372425  0.243561
145.817    0.9036 -0.372425  0.243561
145.818    0.9036 -0.372425  0.243561
145.819    0.9036 -0.372425  0.243561
145.82    0.9036 -0.372425  0.243561
145.821    0.9036 -0.372425  0.243561
145.822    0.9036 -0.372425  0.243561
145.824    0.9036 -0.372425  0.243561
145.825    0.9036 -0.372425  0.243561
145.826    0.9036 -0.372425  0.243561
145.827    0.9036 -0.372425  0.243561
145.828    0.9036 -0.372425  0.243561
145.83    0.9036 -0.372425  0.243561
145.831    0.9036 -0.372425  0.243561
145.832    0.9036 -0.372425  0.243561
145.833    0.9036 -0.372425  0.243561
145.834    0.9036 -0.372425  0.243561
145.835    0.9036 -0.372425  0.243561
145.837    0.9036 -0.372425  0.243561
145.838    0.9036 -0.372425  0.243561
145.839    0.9036 -0.372425  0.243561
145.84    0.9036 -0.372425  0.243561
145.841    0.9036 -0.372425  0.243561
145.842    0.9036 -0.372425  0.243561
145.844    0.9036 -0.372425  0.243561
145.845    0.9036 -0.372425  0.243561
145.846    0.9036 -0.372425  0.243561
145.847    0.9036 -0.372425  0.243561
145.848    0.9036 -0.372425  0.243561
145.85    0.9036 -0.372425  0.243561
145.851    0.9036 -0.372425  0.243561
145.852    0.9036 -0.372425  0.243561
145.853    0.9036 -0.372425  0.243561
145.854    0.9036 -0.372425  0.243561
145.855    0.9036 -0.372425  0.243561
145.857    0.9036 -0.372425  0.243561
145.858    0.9036 -0.372425  0.243561
145.859    0.9036 -0.372425  0.243561
145.86    0.9036 -0.372425  0.243561
145.861    0.9036 -0.372425  0.243561
145.862    0.9036 -0.372425  0.243561
145.864    0.9036 -0.372425  0.243561
145.865    0.9036 -0.372425  0.243561
145.866    0.9036 -0.372425  0.243561
145.867    0.9036 -0.372425  0.243561
145.868    0.9036 -0.372425  0.243561
145.869    0.9036 -0.372425  0.243561
145.871    0.9036 -0.372425  0.243561
145.872    0.9036 -0.372425  0.243561
145.873    0.9036 -0.372425  0.243561
145.874    0.9036 -0.372425  0.243561
145.875    0.9036 -0.372425  0.243561
145.877    0.9036 -0.372425  0.243561
145.878    0.9036 -0.372425  0.243561
145.879    0.9036 -0.372425  0.243561
145.88    0.9036 -0.372425  0.243561
145.881    0.9036 -0.372425  0.243561
145.882    0.9036 -0.372425  0.243561
145.884    0.9036 -0.372425  0.243561
145.885    0.9036 -0.372425  0.243561
145.886    0.9036 -0.372425  0.243561
145.887    0.9036 -0.372425  0.243561
145.888    0.9036 -0.372425  0.243561
145.889    0.9036 -0.372425  0.243561
145.891    0.9036 -0.372425  0.243561
145.892    0.9036 -0.372425  0.243561
145.893    0.9036 -0.372425  0.243561
145.894    0.9036 -0.372425  0.243561
145.895    0.9036 -0.372425  0.243561
145.897    0.9036 -0.372425  0.243561
145.898    0.9036 -0.372425  0.243561
145.899    0.9036 -0.372425  0.243561
145.9    0.9036 -0.372425  0.243561
145.901    0.9036 -0.372425  0.243561
145.902    0.9036 -0.372425  0.243561
145.904    0.9036 -0.372425  0.243561
145.905    0.9036 -0.372425  0.243561
145.906    0.9036 -0.372425  0.243561
145.907    0.9036 -0.372425  0.243561
145.908    0.9036 -0.372425  0.243561
145.909    0.9036 -0.372425  0.243561
145.911    0.9036 -0.372425  0.243561
145.911    0.9036 -0.372425  0.243561
145.912    0.9036 -0.372425  0.243561
145.914    0.9036 -0.372425  0.243561
145.915    0.9036 -0.372425  0.243561
145.917    0.9036 -0.372425  0.243561
145.917    0.9036 -0.372425  0.243561
145.918    0.9036 -0.372425  0.243561
145.92    0.9036 -0.372425  0.243561
145.921    0.9036 -0.372425  0.243561
145.922    0.9036 -0.372425  0.243561
145.923    0.9036 -0.372425  0.243561
145.924    0.9036 -0.372425  0.243561
145.925    0.9036 -0.372425  0.243561
145.927    0.9036 -0.372425  0.243561
145.928    0.9036 -0.372425  0.243561
145.929    0.9036 -0.372425  0.243561
145.93    0.9036 -0.372425  0.243561
145.931    0.9036 -0.372425  0.243561
145.932    0.9036 -0.372425  0.243561
145.934    0.9036 -0.372425  0.243561
145.935    0.9036 -0.372425  0.243561
145.936    0.9036 -0.372425  0.243561
145.937    0.9036 -0.372425  0.243561
145.938    0.9036 -0.372425  0.243561
145.94    0.9036 -0.372425  0.243561
145.941    0.9036 -0.372425  0.243561
145.942    0.9036 -0.372425  0.243561
145.943    0.9036 -0.372425  0.243561
145.944    0.9036 -0.372425  0.243561
145.945    0.9036 -0.372425  0.243561
145.947    0.9036 -0.372425  0.243561
145.948    0.9036 -0.372425  0.243561
145.949    0.9036 -0.372425  0.243561
145.95    0.9036 -0.372425  0.243561
145.951    0.9036 -0.372425  0.243561
145.952    0.9036 -0.372425  0.243561
145.954    0.9036 -0.372425  0.243561
145.955    0.9036 -0.372425  0.243561
145.956    0.9036 -0.372425  0.243561
145.957    0.9036 -0.372425  0.243561
145.958    0.9036 -0.372425  0.243561
145.96    0.9036 -0.372425  0.243561
145.961    0.9036 -0.372425  0.243561
145.962    0.9036 -0.372425  0.243561
145.963    0.9036 -0.372425  0.243561
145.964    0.9036 -0.372425  0.243561
145.965    0.9036 -0.372425  0.243561
145.967    0.9036 -0.372425  0.243561
145.968    0.9036 -0.372425  0.243561
145.969    0.9036 -0.372425  0.243561
145.97    0.9036 -0.372425  0.243561
145.971    0.9036 -0.372425  0.243561
145.973    0.9036 -0.372425  0.243561
145.974    0.9036 -0.372425  0.243561
145.975    0.9036 -0.372425  0.243561
145.976    0.9036 -0.372425  0.243561
145.977    0.9036 -0.372425  0.243561
145.978    0.9036 -0.372425  0.243561
145.98    0.9036 -0.372425  0.243561
145.981    0.9036 -0.372425  0.243561
145.982    0.9036 -0.372425  0.243561
145.983    0.9036 -0.372425  0.243561
145.984    0.9036 -0.372425  0.243561
145.985    0.9036 -0.372425  0.243561
145.987    0.9036 -0.372425  0.243561
145.988    0.9036 -0.372425  0.243561
145.989    0.9036 -0.372425  0.243561
145.99    0.9036 -0.372425  0.243561
145.991    0.9036 -0.372425  0.243561
145.993    0.9036 -0.372425  0.243561
145.994    0.9036 -0.372425  0.243561
145.995    0.9036 -0.372425  0.243561
145.996    0.9036 -0.372425  0.243561
145.997    0.9036 -0.372425  0.243561
145.998    0.9036 -0.372425  0.243561
146    0.9036 -0.372425  0.243561
146.001    0.9036 -0.372425  0.243561
146.002    0.9036 -0.372425  0.243561
146.003    0.9036 -0.372425  0.243561
146.004    0.9036 -0.372425  0.243561
146.005    0.9036 -0.372425  0.243561
146.007    0.9036 -0.372425  0.243561
146.008    0.9036 -0.372425  0.243561
146.009    0.9036 -0.372425  0.243561
146.01    0.9036 -0.372425  0.243561
146.011    0.9036 -0.372425  0.243561
146.013    0.9036 -0.372425  0.243561
146.014    0.9036 -0.372425  0.243561
146.015    0.9036 -0.372425  0.243561
146.016    0.9036 -0.372425  0.243561
146.017    0.9036 -0.372425  0.243561
146.018    0.9036 -0.372425  0.243561
146.02    0.9036 -0.372425  0.243561
146.021    0.9036 -0.372425  0.243561
146.022    0.9036 -0.372425  0.243561
146.023    0.9036 -0.372425  0.243561
146.024    0.9036 -0.372425  0.243561
146.025    0.9036 -0.372425  0.243561
146.027    0.9036 -0.372425  0.243561
146.028    0.9036 -0.372425  0.243561
146.029    0.9036 -0.372425  0.243561
146.03    0.9036 -0.372425  0.243561
146.031    0.9036 -0.372425  0.243561
146.033    0.9036 -0.372425  0.243561
146.034    0.9036 -0.372425  0.243561
146.035    0.9036 -0.372425  0.243561
146.036    0.9036 -0.372425  0.243561
146.037    0.9036 -0.372425  0.243561
146.038    0.9036 -0.372425  0.243561
146.04    0.9036 -0.372425  0.243561
146.041    0.9036 -0.372425  0.243561
146.042    0.9036 -0.372425  0.243561
146.043    0.9036 -0.372425  0.243561
146.044    0.9036 -0.372425  0.243561
146.045    0.9036 -0.372425  0.243561
146.047    0.9036 -0.372425  0.243561
146.048    0.9036 -0.372425  0.243561
146.049    0.9036 -0.372425  0.243561
146.05    0.9036 -0.372425  0.243561
146.051    0.9036 -0.372425  0.243561
146.053    0.9036 -0.372425  0.243561
146.054    0.9036 -0.372425  0.243561
146.055    0.9036 -0.372425  0.243561
146.056    0.9036 -0.372425  0.243561
146.057    0.9036 -0.372425  0.243561
146.058    0.9036 -0.372425  0.243561
146.06    0.9036 -0.372425  0.243561
146.061    0.9036 -0.372425  0.243561
146.062    0.9036 -0.372425  0.243561
146.063    0.9036 -0.372425  0.243561
146.064    0.9036 -0.372425  0.243561
146.065    0.9036 -0.372425  0.243561
146.067    0.9036 -0.372425  0.243561
146.068    0.9036 -0.372425  0.243561
146.069    0.9036 -0.372425  0.243561
146.07    0.9036 -0.372425  0.243561
146.071    0.9036 -0.372425  0.243561
146.073    0.9036 -0.372425  0.243561
146.074    0.9036 -0.372425  0.243561
146.075    0.9036 -0.372425  0.243561
146.076    0.9036 -0.372425  0.243561
146.077    0.9036 -0.372425  0.243561
146.078    0.9036 -0.372425  0.243561
146.08    0.9036 -0.372425  0.243561
146.081    0.9036 -0.372425  0.243561
146.082    0.9036 -0.372425  0.243561
146.083    0.9036 -0.372425  0.243561
146.084    0.9036 -0.372425  0.243561
146.085    0.9036 -0.372425  0.243561
146.087    0.9036 -0.372425  0.243561
146.088    0.9036 -0.372425  0.243561
146.089    0.9036 -0.372425  0.243561
146.09    0.9036 -0.372425  0.243561
146.091    0.9036 -0.372425  0.243561
146.092    0.9036 -0.372425  0.243561
146.094    0.9036 -0.372425  0.243561
146.095    0.9036 -0.372425  0.243561
146.096    0.9036 -0.372425  0.243561
146.097    0.9036 -0.372425  0.243561
146.098    0.9036 -0.372425  0.243561
146.1    0.9036 -0.372425  0.243561
146.101    0.9036 -0.372425  0.243561
146.102    0.9036 -0.372425  0.243561
146.103    0.9036 -0.372425  0.243561
146.104    0.9036 -0.372425  0.243561
146.105    0.9036 -0.372425  0.243561
146.107    0.9036 -0.372425  0.243561
146.108    0.9036 -0.372425  0.243561
146.109    0.9036 -0.372425  0.243561
146.11    0.9036 -0.372425  0.243561
146.111    0.9036 -0.372425  0.243561
146.112    0.9036 -0.372425  0.243561
146.114    0.9036 -0.372425  0.243561
146.115    0.9036 -0.372425  0.243561
146.116    0.9036 -0.372425  0.243561
146.117    0.9036 -0.372425  0.243561
146.118    0.9036 -0.372425  0.243561
146.12    0.9036 -0.372425  0.243561
146.121    0.9036 -0.372425  0.243561
146.122    0.9036 -0.372425  0.243561
146.123    0.9036 -0.372425  0.243561
146.124    0.9036 -0.372425  0.243561
146.125    0.9036 -0.372425  0.243561
146.127    0.9036 -0.372425  0.243561
146.128    0.9036 -0.372425  0.243561
146.129    0.9036 -0.372425  0.243561
146.13    0.9036 -0.372425  0.243561
146.131    0.9036 -0.372425  0.243561
146.132    0.9036 -0.372425  0.243561
146.134    0.9036 -0.372425  0.243561
146.135    0.9036 -0.372425  0.243561
146.136    0.9036 -0.372425  0.243561
146.137    0.9036 -0.372425  0.243561
146.138    0.9036 -0.372425  0.243561
146.139    0.9036 -0.372425  0.243561
146.141    0.9036 -0.372425  0.243561
146.142    0.9036 -0.372425  0.243561
146.143    0.9036 -0.372425  0.243561
146.144    0.9036 -0.372425  0.243561
146.145    0.9036 -0.372425  0.243561
146.146    0.9036 -0.372425  0.243561
146.148    0.9036 -0.372425  0.243561
146.149    0.9036 -0.372425  0.243561
146.15    0.9036 -0.372425  0.243561
146.151    0.9036 -0.372425  0.243561
146.152    0.9036 -0.372425  0.243561
146.154    0.9036 -0.372425  0.243561
146.155    0.9036 -0.372425  0.243561
146.156    0.9036 -0.372425  0.243561
146.157    0.9036 -0.372425  0.243561
146.158    0.9036 -0.372425  0.243561
146.159    0.9036 -0.372425  0.243561
146.161    0.9036 -0.372425  0.243561
146.162    0.9036 -0.372425  0.243561
146.163    0.9036 -0.372425  0.243561
146.164    0.9036 -0.372425  0.243561
146.165    0.9036 -0.372425  0.243561
146.166    0.9036 -0.372425  0.243561
146.168    0.9036 -0.372425  0.243561
146.169    0.9036 -0.372425  0.243561
146.17    0.9036 -0.372425  0.243561
146.171    0.9036 -0.372425  0.243561
146.172    0.9036 -0.372425  0.243561
146.173    0.9036 -0.372425  0.243561
146.175    0.9036 -0.372425  0.243561
146.176    0.9036 -0.372425  0.243561
146.177    0.9036 -0.372425  0.243561
146.178    0.9036 -0.372425  0.243561
146.179    0.9036 -0.372425  0.243561
146.181    0.9036 -0.372425  0.243561
146.182    0.9036 -0.372425  0.243561
146.183    0.9036 -0.372425  0.243561
146.184    0.9036 -0.372425  0.243561
146.185    0.9036 -0.372425  0.243561
146.186    0.9036 -0.372425  0.243561
146.188    0.9036 -0.372425  0.243561
146.189    0.9036 -0.372425  0.243561
146.19    0.9036 -0.372425  0.243561
146.191    0.9036 -0.372425  0.243561
146.192    0.9036 -0.372425  0.243561
146.193    0.9036 -0.372425  0.243561
146.195    0.9036 -0.372425  0.243561
146.196    0.9036 -0.372425  0.243561
146.197    0.9036 -0.372425  0.243561
146.198    0.9036 -0.372425  0.243561
146.199    0.9036 -0.372425  0.243561
146.2    0.9036 -0.372425  0.243561
146.202    0.9036 -0.372425  0.243561
146.203    0.9036 -0.372425  0.243561
146.204    0.9036 -0.372425  0.243561
146.205    0.9036 -0.372425  0.243561
146.206    0.9036 -0.372425  0.243561
146.208    0.9036 -0.372425  0.243561
146.209    0.9036 -0.372425  0.243561
146.21    0.9036 -0.372425  0.243561
146.211    0.9036 -0.372425  0.243561
146.212    0.9036 -0.372425  0.243561
146.213    0.9036 -0.372425  0.243561
146.215    0.9036 -0.372425  0.243561
146.216    0.9036 -0.372425  0.243561
146.217    0.9036 -0.372425  0.243561
146.218    0.9036 -0.372425  0.243561
146.219    0.9036 -0.372425  0.243561
146.22    0.9036 -0.372425  0.243561
146.222    0.9036 -0.372425  0.243561
146.223    0.9036 -0.372425  0.243561
146.224    0.9036 -0.372425  0.243561
146.225    0.9036 -0.372425  0.243561
146.226    0.9036 -0.372425  0.243561
146.228    0.9036 -0.372425  0.243561
146.229    0.9036 -0.372425  0.243561
146.23    0.9036 -0.372425  0.243561
146.231    0.9036 -0.372425  0.243561
146.232    0.9036 -0.372425  0.243561
146.233    0.9036 -0.372425  0.243561
146.235    0.9036 -0.372425  0.243561
146.236    0.9036 -0.372425  0.243561
146.237    0.9036 -0.372425  0.243561
146.238    0.9036 -0.372425  0.243561
146.239    0.9036 -0.372425  0.243561
146.24    0.9036 -0.372425  0.243561
146.242    0.9036 -0.372425  0.243561
146.243    0.9036 -0.372425  0.243561
146.244    0.9036 -0.372425  0.243561
146.245    0.9036 -0.372425  0.243561
146.246    0.9036 -0.372425  0.243561
146.248    0.9036 -0.372425  0.243561
146.249    0.9036 -0.372425  0.243561
146.25    0.9036 -0.372425  0.243561
146.251    0.9036 -0.372425  0.243561
146.252    0.9036 -0.372425  0.243561
146.253    0.9036 -0.372425  0.243561
146.255    0.9036 -0.372425  0.243561
146.256    0.9036 -0.372425  0.243561
146.257    0.9036 -0.372425  0.243561
146.258    0.9036 -0.372425  0.243561
146.259    0.9036 -0.372425  0.243561
146.26    0.9036 -0.372425  0.243561
146.262    0.9036 -0.372425  0.243561
146.262    0.9036 -0.372425  0.243561
146.264    0.9036 -0.372425  0.243561
146.265    0.9036 -0.372425  0.243561
146.266    0.9036 -0.372425  0.243561
146.268    0.9036 -0.372425  0.243561
146.268    0.9036 -0.372425  0.243561
146.269    0.9036 -0.372425  0.243561
146.271    0.9036 -0.372425  0.243561
146.272    0.9036 -0.372425  0.243561
146.273    0.9036 -0.372425  0.243561
146.274    0.9036 -0.372425  0.243561
146.275    0.9036 -0.372425  0.243561
146.276    0.9036 -0.372425  0.243561
146.278    0.9036 -0.372425  0.243561
146.279    0.9036 -0.372425  0.243561
146.28    0.9036 -0.372425  0.243561
146.281    0.9036 -0.372425  0.243561
146.282    0.9036 -0.372425  0.243561
146.283    0.9036 -0.372425  0.243561
146.285    0.9036 -0.372425  0.243561
146.286    0.9036 -0.372425  0.243561
146.287    0.9036 -0.372425  0.243561
146.288    0.9036 -0.372425  0.243561
146.289    0.9036 -0.372425  0.243561
146.291    0.9036 -0.372425  0.243561
146.292    0.9036 -0.372425  0.243561
146.293    0.9036 -0.372425  0.243561
146.294    0.9036 -0.372425  0.243561
146.295    0.9036 -0.372425  0.243561
146.296    0.9036 -0.372425  0.243561
146.298    0.9036 -0.372425  0.243561
146.299    0.9036 -0.372425  0.243561
146.3    0.9036 -0.372425  0.243561
146.301    0.9036 -0.372425  0.243561
146.302    0.9036 -0.372425  0.243561
146.303    0.9036 -0.372425  0.243561
146.305    0.9036 -0.372425  0.243561
146.306    0.9036 -0.372425  0.243561
146.307    0.9036 -0.372425  0.243561
146.308    0.9036 -0.372425  0.243561
146.309    0.9036 -0.372425  0.243561
146.311    0.9036 -0.372425  0.243561
146.312    0.9036 -0.372425  0.243561
146.313    0.9036 -0.372425  0.243561
146.314    0.9036 -0.372425  0.243561
146.315    0.9036 -0.372425  0.243561
146.316    0.9036 -0.372425  0.243561
146.318    0.9036 -0.372425  0.243561
146.319    0.9036 -0.372425  0.243561
146.32    0.9036 -0.372425  0.243561
146.321    0.9036 -0.372425  0.243561
146.322    0.9036 -0.372425  0.243561
146.323    0.9036 -0.372425  0.243561
146.325    0.9036 -0.372425  0.243561
146.326    0.9036 -0.372425  0.243561
146.327    0.9036 -0.372425  0.243561
146.328    0.9036 -0.372425  0.243561
146.329    0.9036 -0.372425  0.243561
146.331    0.9036 -0.372425  0.243561
146.332    0.9036 -0.372425  0.243561
146.333    0.9036 -0.372425  0.243561
146.334    0.9036 -0.372425  0.243561
146.335    0.9036 -0.372425  0.243561
146.336    0.9036 -0.372425  0.243561
146.338    0.9036 -0.372425  0.243561
146.339    0.9036 -0.372425  0.243561
146.34    0.9036 -0.372425  0.243561
146.341    0.9036 -0.372425  0.243561
146.342    0.9036 -0.372425  0.243561
146.343    0.9036 -0.372425  0.243561
146.345    0.9036 -0.372425  0.243561
146.346    0.9036 -0.372425  0.243561
146.347    0.9036 -0.372425  0.243561
146.348    0.9036 -0.372425  0.243561
146.349    0.9036 -0.372425  0.243561
146.351    0.9036 -0.372425  0.243561
146.352    0.9036 -0.372425  0.243561
146.353    0.9036 -0.372425  0.243561
146.354    0.9036 -0.372425  0.243561
146.355    0.9036 -0.372425  0.243561
146.356    0.9036 -0.372425  0.243561
146.358    0.9036 -0.372425  0.243561
146.359    0.9036 -0.372425  0.243561
146.36    0.9036 -0.372425  0.243561
146.361    0.9036 -0.372425  0.243561
146.362    0.9036 -0.372425  0.243561
146.363    0.9036 -0.372425  0.243561
146.365    0.9036 -0.372425  0.243561
146.366    0.9036 -0.372425  0.243561
146.367    0.9036 -0.372425  0.243561
146.368    0.9036 -0.372425  0.243561
146.369    0.9036 -0.372425  0.243561
146.371    0.9036 -0.372425  0.243561
146.372    0.9036 -0.372425  0.243561
146.373    0.9036 -0.372425  0.243561
146.374    0.9036 -0.372425  0.243561
146.375    0.9036 -0.372425  0.243561
146.376    0.9036 -0.372425  0.243561
146.378    0.9036 -0.372425  0.243561
146.379    0.9036 -0.372425  0.243561
146.38    0.9036 -0.372425  0.243561
146.381    0.9036 -0.372425  0.243561
146.382    0.9036 -0.372425  0.243561
146.383    0.9036 -0.372425  0.243561
146.385    0.9036 -0.372425  0.243561
146.386    0.9036 -0.372425  0.243561
146.387    0.9036 -0.372425  0.243561
146.388    0.9036 -0.372425  0.243561
146.389    0.9036 -0.372425  0.243561
146.39    0.9036 -0.372425  0.243561
146.392    0.9036 -0.372425  0.243561
146.393    0.9036 -0.372425  0.243561
146.394    0.9036 -0.372425  0.243561
146.395    0.9036 -0.372425  0.243561
146.396    0.9036 -0.372425  0.243561
146.398    0.9036 -0.372425  0.243561
146.399    0.9036 -0.372425  0.243561
146.4    0.9036 -0.372425  0.243561
146.401    0.9036 -0.372425  0.243561
146.402    0.9036 -0.372425  0.243561
146.403    0.9036 -0.372425  0.243561
146.405    0.9036 -0.372425  0.243561
146.406    0.9036 -0.372425  0.243561
146.407    0.9036 -0.372425  0.243561
146.408    0.9036 -0.372425  0.243561
146.409    0.9036 -0.372425  0.243561
146.41    0.9036 -0.372425  0.243561
146.412    0.9036 -0.372425  0.243561
146.413    0.9036 -0.372425  0.243561
146.414    0.9036 -0.372425  0.243561
146.415    0.9036 -0.372425  0.243561
146.416    0.9036 -0.372425  0.243561
146.418    0.9036 -0.372425  0.243561
146.419    0.9036 -0.372425  0.243561
146.42    0.9036 -0.372425  0.243561
146.421    0.9036 -0.372425  0.243561
146.422    0.9036 -0.372425  0.243561
146.423    0.9036 -0.372425  0.243561
146.425    0.9036 -0.372425  0.243561
146.426    0.9036 -0.372425  0.243561
146.427    0.9036 -0.372425  0.243561
146.428    0.9036 -0.372425  0.243561
146.429    0.9036 -0.372425  0.243561
146.43    0.9036 -0.372425  0.243561
146.432    0.9036 -0.372425  0.243561
146.433  0.903599 -0.372425  0.243561
146.434  0.903599 -0.372425  0.243561
146.435  0.903599 -0.372425  0.243561
146.436  0.903599 -0.372425  0.243561
146.437  0.903599 -0.372425  0.243561
146.439  0.903599 -0.372425  0.243561
146.44  0.903599 -0.372425  0.243561
146.441  0.903599 -0.372425  0.243561
146.442  0.903599 -0.372425  0.243561
146.443  0.903599 -0.372425  0.243561
146.445  0.903599 -0.372425  0.243561
146.446  0.903599 -0.372425  0.243561
146.447  0.903599 -0.372425  0.243561
146.448  0.903599 -0.372425  0.243561
146.449  0.903599 -0.372425  0.243561
146.45  0.903599 -0.372425  0.243561
146.452  0.903599 -0.372425  0.243561
146.453  0.903599 -0.372425  0.243561
146.454  0.903599 -0.372425  0.243561
146.455  0.903599 -0.372425  0.243561
146.456  0.903599 -0.372425  0.243561
146.457  0.903599 -0.372425  0.243561
146.459  0.903599 -0.372425  0.243561
146.46  0.903599 -0.372425  0.243561
146.461  0.903599 -0.372425  0.243561
146.462  0.903599 -0.372425  0.243561
146.463  0.903599 -0.372425  0.243561
146.465  0.903599 -0.372425  0.243561
146.466  0.903599 -0.372425  0.243561
146.467  0.903599 -0.372425  0.243561
146.468  0.903599 -0.372425  0.243561
146.469  0.903599 -0.372425  0.243561
146.47  0.903599 -0.372425  0.243561
146.472  0.903599 -0.372425  0.243561
146.473  0.903599 -0.372425  0.243561
146.474  0.903599 -0.372425  0.243561
146.475  0.903599 -0.372425  0.243561
146.476  0.903599 -0.372425  0.243561
146.477  0.903599 -0.372425  0.243561
146.479  0.903599 -0.372425  0.243561
146.48  0.903599 -0.372425  0.243561
146.481  0.903599 -0.372425  0.243561
146.482  0.903599 -0.372425  0.243561
146.483  0.903599 -0.372425  0.243561
146.484  0.903599 -0.372425  0.243561
146.486  0.903599 -0.372425  0.243561
146.487  0.903599 -0.372425  0.243561
146.488  0.903599 -0.372425  0.243561
146.489  0.903599 -0.372425  0.243561
146.49  0.903599 -0.372425  0.243561
146.492  0.903599 -0.372425  0.243561
146.493  0.903599 -0.372425  0.243561
146.494  0.903599 -0.372425  0.243561
146.495  0.903599 -0.372425  0.243561
146.496  0.903599 -0.372425  0.243561
146.497  0.903599 -0.372425  0.243561
146.499  0.903599 -0.372425  0.243561
146.5  0.903599 -0.372425  0.243561
146.501  0.903599 -0.372425  0.243561
146.502  0.903599 -0.372425  0.243561
146.503  0.903599 -0.372425  0.243561
146.504  0.903599 -0.372425  0.243561
146.506  0.903599 -0.372425  0.243561
146.507  0.903599 -0.372425  0.243561
146.508  0.903599 -0.372425  0.243561
146.509  0.903599 -0.372425  0.243561
146.51  0.903599 -0.372425  0.243561
146.511  0.903599 -0.372425  0.243561
146.513  0.903599 -0.372425  0.243561
146.514  0.903599 -0.372425  0.243561
146.515  0.903599 -0.372425  0.243561
146.516  0.903599 -0.372425  0.243561
146.517  0.903599 -0.372425  0.243561
146.519  0.903599 -0.372425  0.243561
146.52  0.903599 -0.372425  0.243561
146.521  0.903599 -0.372425  0.243561
146.522  0.903599 -0.372425  0.243561
146.523  0.903599 -0.372425  0.243561
146.524  0.903599 -0.372425  0.243561
146.526  0.903599 -0.372425  0.243561
146.527  0.903599 -0.372425  0.243561
146.528  0.903599 -0.372425  0.243561
146.529  0.903599 -0.372425  0.243561
146.53  0.903599 -0.372425  0.243561
146.531  0.903599 -0.372425  0.243561
146.533  0.903599 -0.372425  0.243561
146.534  0.903599 -0.372425  0.243561
146.535  0.903599 -0.372425  0.243561
146.536  0.903599 -0.372425  0.243561
146.537  0.903599 -0.372425  0.243561
146.538  0.903599 -0.372425  0.243561
146.54  0.903599 -0.372425  0.243561
146.541  0.903599 -0.372425  0.243561
146.542  0.903599 -0.372425  0.243561
146.543  0.903599 -0.372425  0.243561
146.544  0.903599 -0.372425  0.243561
146.546  0.903599 -0.372425  0.243561
146.547  0.903599 -0.372425  0.243561
146.548  0.903599 -0.372425  0.243561
146.549  0.903599 -0.372425  0.243561
146.55  0.903599 -0.372425  0.243561
146.551  0.903599 -0.372425  0.243561
146.553  0.903599 -0.372425  0.243561
146.554  0.903599 -0.372425  0.243561
146.555  0.903599 -0.372425  0.243561
146.556  0.903599 -0.372425  0.243561
146.557  0.903599 -0.372425  0.243561
146.558  0.903599 -0.372425  0.243561
146.56  0.903599 -0.372425  0.243561
146.561  0.903599 -0.372425  0.243561
146.562  0.903599 -0.372425  0.243561
146.563  0.903599 -0.372425  0.243561
146.564  0.903599 -0.372425  0.243561
146.566  0.903599 -0.372425  0.243561
146.567  0.903599 -0.372425  0.243561
146.568  0.903599 -0.372425  0.243561
146.569  0.903599 -0.372425  0.243561
146.57  0.903599 -0.372425  0.243561
146.571  0.903599 -0.372425  0.243561
146.573  0.903599 -0.372425  0.243561
146.574  0.903599 -0.372425  0.243561
146.575  0.903599 -0.372425  0.243561
146.576  0.903599 -0.372425  0.243561
146.577  0.903599 -0.372425  0.243561
146.578  0.903599 -0.372425  0.243561
146.58  0.903599 -0.372425  0.243561
146.581  0.903599 -0.372425  0.243561
146.582  0.903599 -0.372425  0.243561
146.583  0.903599 -0.372425  0.243561
146.584  0.903599 -0.372425  0.243561
146.586  0.903599 -0.372425  0.243561
146.587  0.903599 -0.372425  0.243561
146.588  0.903599 -0.372425  0.243561
146.589  0.903599 -0.372425  0.243561
146.59  0.903599 -0.372425  0.243561
146.591  0.903599 -0.372425  0.243561
146.593  0.903599 -0.372425  0.243561
146.594  0.903599 -0.372425  0.243561
146.595  0.903599 -0.372425  0.243561
146.596  0.903599 -0.372425  0.243561
146.597  0.903599 -0.372425  0.243561
146.598  0.903599 -0.372425  0.243561
146.6  0.903599 -0.372425  0.243561
146.601  0.903599 -0.372425  0.243561
146.602  0.903599 -0.372425  0.243561
146.603  0.903599 -0.372425  0.243561
146.604  0.903599 -0.372425  0.243561
146.605  0.903599 -0.372425  0.243561
146.607  0.903599 -0.372425  0.243561
146.607  0.903599 -0.372425  0.243561
146.609  0.903599 -0.372425  0.243561
146.61  0.903599 -0.372425  0.243561
146.611  0.903599 -0.372425  0.243561
146.613  0.903599 -0.372425  0.243561
146.614  0.903599 -0.372425  0.243561
146.615  0.903599 -0.372425  0.243561
146.616  0.903599 -0.372425  0.243561
146.617  0.903599 -0.372425  0.243561
146.618  0.903599 -0.372425  0.243561
146.619  0.903599 -0.372425  0.243561
146.62  0.903599 -0.372425  0.243561
146.621  0.903599 -0.372425  0.243561
146.623  0.903599 -0.372425  0.243561
146.624  0.903599 -0.372425  0.243561
146.625  0.903599 -0.372425  0.243561
146.626  0.903599 -0.372425  0.243561
146.627  0.903599 -0.372425  0.243561
146.629  0.903599 -0.372425  0.243561
146.63  0.903599 -0.372425  0.243561
146.631  0.903599 -0.372425  0.243561
146.632  0.903599 -0.372425  0.243561
146.633  0.903599 -0.372425  0.243561
146.634  0.903599 -0.372425  0.243561
146.636  0.903599 -0.372425  0.243561
146.637  0.903599 -0.372425  0.243561
146.638  0.903599 -0.372425  0.243561
146.639  0.903599 -0.372425  0.243561
146.64  0.903599 -0.372425  0.243561
146.641  0.903599 -0.372425  0.243561
146.643  0.903599 -0.372425  0.243561
146.644  0.903599 -0.372425  0.243561
146.645  0.903599 -0.372425  0.243561
146.646  0.903599 -0.372425  0.243561
146.647  0.903599 -0.372425  0.243561
146.649  0.903599 -0.372425  0.243561
146.65  0.903599 -0.372425  0.243561
146.651  0.903599 -0.372425  0.243561
146.652  0.903599 -0.372425  0.243561
146.653  0.903599 -0.372425  0.243561
146.654  0.903599 -0.372425  0.243561
146.656  0.903599 -0.372425  0.243561
146.657  0.903599 -0.372425  0.243561
146.658  0.903599 -0.372425  0.243561
146.659  0.903599 -0.372425  0.243561
146.66  0.903599 -0.372425  0.243561
146.661  0.903599 -0.372425  0.243561
146.663  0.903599 -0.372425  0.243561
146.664  0.903599 -0.372425  0.243561
146.665  0.903599 -0.372425  0.243561
146.666  0.903599 -0.372425  0.243561
146.667  0.903599 -0.372425  0.243561
146.668  0.903599 -0.372425  0.243561
146.67  0.903599 -0.372425  0.243561
146.671  0.903599 -0.372425  0.243561
146.672  0.903599 -0.372425  0.243561
146.673  0.903599 -0.372425  0.243561
146.674  0.903599 -0.372425  0.243561
146.676  0.903599 -0.372425  0.243561
146.677  0.903599 -0.372425  0.243561
146.678  0.903599 -0.372425  0.243561
146.679  0.903599 -0.372425  0.243561
146.68  0.903599 -0.372425  0.243561
146.681  0.903599 -0.372425  0.243561
146.683  0.903599 -0.372425  0.243561
146.684  0.903599 -0.372425  0.243561
146.685  0.903599 -0.372425  0.243561
146.686  0.903599 -0.372425  0.243561
146.688  0.903599 -0.372425  0.243561
146.689  0.903599 -0.372425  0.243561
146.69  0.903599 -0.372425  0.243561
146.691  0.903599 -0.372425  0.243561
146.692  0.903599 -0.372425  0.243561
146.694  0.903599 -0.372425  0.243561
146.695  0.903599 -0.372425  0.243561
146.696  0.903599 -0.372425  0.243561
146.697  0.903599 -0.372425  0.243561
146.698  0.903599 -0.372425  0.243561
146.7  0.903599 -0.372425  0.243561
146.701  0.903599 -0.372425  0.243561
146.702  0.903599 -0.372425  0.243561
146.703  0.903599 -0.372425  0.243561
146.704  0.903599 -0.372425  0.243561
146.705  0.903599 -0.372425  0.243561
146.707  0.903599 -0.372425  0.243561
146.708  0.903599 -0.372425  0.243561
146.709  0.903599 -0.372425  0.243561
146.71  0.903599 -0.372425  0.243561
146.711  0.903599 -0.372425  0.243561
146.713  0.903599 -0.372425  0.243561
146.714  0.903599 -0.372425  0.243561
146.715  0.903599 -0.372425  0.243561
146.716  0.903599 -0.372425  0.243561
146.717  0.903599 -0.372425  0.243561
146.718  0.903599 -0.372425  0.243561
146.72  0.903599 -0.372425  0.243561
146.721  0.903599 -0.372425  0.243561
146.722  0.903599 -0.372425  0.243561
146.723  0.903599 -0.372425  0.243561
146.724  0.903599 -0.372425  0.243561
146.726  0.903599 -0.372425  0.243561
146.727  0.903599 -0.372425  0.243561
146.728  0.903599 -0.372425  0.243561
146.729  0.903599 -0.372425  0.243561
146.73  0.903599 -0.372425  0.243561
146.731  0.903599 -0.372425  0.243561
146.733  0.903599 -0.372425  0.243561
146.734  0.903599 -0.372425  0.243561
146.735  0.903599 -0.372425  0.243561
146.736  0.903599 -0.372425  0.243561
146.737  0.903599 -0.372425  0.243561
146.739  0.903599 -0.372425  0.243561
146.74  0.903599 -0.372425  0.243561
146.741  0.903599 -0.372425  0.243561
146.742  0.903599 -0.372425  0.243561
146.743  0.903599 -0.372425  0.243561
146.744  0.903599 -0.372425  0.243561
146.746  0.903599 -0.372425  0.243561
146.747  0.903599 -0.372425  0.243561
146.748  0.903599 -0.372425  0.243561
146.749  0.903599 -0.372425  0.243561
146.75  0.903599 -0.372425  0.243561
146.751  0.903599 -0.372425  0.243561
146.753  0.903599 -0.372425  0.243561
